date,rolling_30d,rolling_90d,rolling_252d
2018-09-01,,,
2018-09-02,,,
2018-09-03,,,
2018-09-04,,,
2018-09-05,,,
2018-09-06,,,
2018-09-07,,,
2018-09-08,,,
2018-09-09,,,
2018-09-10,,,
2018-09-11,,,
2018-09-12,,,
2018-09-13,,,
2018-09-14,,,
2018-09-15,,,
2018-09-16,,,
2018-09-17,,,
2018-09-18,,,
2018-09-19,,,
2018-09-20,,,
2018-09-21,,,
2018-09-22,,,
2018-09-23,,,
2018-09-24,,,
2018-09-25,,,
2018-09-26,,,
2018-09-27,,,
2018-09-28,,,
2018-09-29,,,
2018-09-30,0.71653288,,
2018-10-01,0.71709444,,
2018-10-02,0.71709444,,
2018-10-03,0.72122092,,
2018-10-04,0.72112036,,
2018-10-05,0.12838787,,
2018-10-06,0.18704915,,
2018-10-07,0.15973498,,
2018-10-08,0.03446339,,
2018-10-09,0.01281454,,
2018-10-10,0.03139840,,
2018-10-11,0.75917139,,
2018-10-12,0.75943304,,
2018-10-13,0.76631564,,
2018-10-14,0.76619371,,
2018-10-15,0.77010671,,
2018-10-16,0.76857004,,
2018-10-17,0.79115979,,
2018-10-18,0.79267565,,
2018-10-19,0.80607589,,
2018-10-20,0.80810278,,
2018-10-21,0.81536914,,
2018-10-22,0.83595844,,
2018-10-23,0.83345914,,
2018-10-24,0.83069081,,
2018-10-25,0.85296581,,
2018-10-26,0.84716383,,
2018-10-27,0.88520160,,
2018-10-28,0.88499604,,
2018-10-29,0.88885534,,
2018-10-30,0.91662513,,
2018-10-31,0.91453779,,
2018-11-01,0.91376581,,
2018-11-02,0.92877992,,
2018-11-03,0.92877992,,
2018-11-04,0.83814670,,
2018-11-05,0.83698208,,
2018-11-06,0.78361281,,
2018-11-07,0.78473028,,
2018-11-08,0.78328621,,
2018-11-09,0.78375790,,
2018-11-10,0.02028321,,
2018-11-11,-0.00761271,,
2018-11-12,-0.00908428,,
2018-11-13,-0.08221018,,
2018-11-14,0.73279657,,
2018-11-15,0.73166073,,
2018-11-16,0.73130210,,
2018-11-17,0.73668506,,
2018-11-18,0.73939152,,
2018-11-19,0.86084426,,
2018-11-20,0.81453509,,
2018-11-21,0.80929325,,
2018-11-22,0.78321126,,
2018-11-23,0.78233704,,
2018-11-24,0.76758571,,
2018-11-25,0.76961488,,
2018-11-26,0.76875106,,
2018-11-27,0.76902224,,
2018-11-28,0.77284691,,
2018-11-29,0.77285528,0.74090881,
2018-11-30,0.76996972,0.74090881,
2018-12-01,0.77085159,0.74090881,
2018-12-02,0.77146632,0.74200320,
2018-12-03,0.77146632,0.74199117,
2018-12-04,0.80882646,0.72739534,
2018-12-05,0.80991968,0.73893147,
2018-12-06,0.83760217,0.74515693,
2018-12-07,0.83641023,0.75269137,
2018-12-08,0.84014197,0.75258790,
2018-12-09,0.84063328,0.75464817,
2018-12-10,0.83999491,0.75451781,
2018-12-11,0.83964400,0.75466781,
2018-12-12,0.83964400,0.75761176,
2018-12-13,0.84447988,0.75758511,
2018-12-14,0.79331426,0.75751533,
2018-12-15,0.79381191,0.75751533,
2018-12-16,0.79408352,0.76168718,
2018-12-17,0.77282023,0.75285793,
2018-12-18,0.75079851,0.74661420,
2018-12-19,0.49428564,0.74162705,
2018-12-20,0.76566451,0.72265743,
2018-12-21,0.73286169,0.71219248,
2018-12-22,0.71597297,0.69648550,
2018-12-23,0.61160507,0.65441511,
2018-12-24,0.55439680,0.64278676,
2018-12-25,0.55512858,0.64240636,
2018-12-26,0.55512858,0.64389848,
2018-12-27,0.55512858,0.64389848,
2018-12-28,0.55792312,0.64441871,
2018-12-29,0.55524543,0.64357181,
2018-12-30,0.55524543,0.64331002,
2018-12-31,0.55524543,0.64331002,
2019-01-01,0.55483477,0.64302298,
2019-01-02,0.55469182,0.64299217,
2019-01-03,0.55469182,0.64397170,
2019-01-04,0.55469182,0.64397170,
2019-01-05,0.55469182,0.64397170,
2019-01-06,0.56013561,0.64470774,
2019-01-07,0.56013561,0.64523824,
2019-01-08,0.56170785,0.64587204,
2019-01-09,0.56170785,0.60035886,
2019-01-10,0.56170785,0.59969526,
2019-01-11,0.56170785,0.59989441,
2019-01-12,0.56168302,0.60012703,
2019-01-13,0.56221934,0.59967014,
2019-01-14,0.56221934,0.60017878,
2019-01-15,0.56218727,0.59983560,
2019-01-16,0.60737502,0.60074483,
2019-01-17,0.57550161,0.60085319,
2019-01-18,0.61259464,0.59964859,
2019-01-19,-0.19820219,0.60063708,
2019-01-20,-0.09959188,0.58727755,
2019-01-21,-0.10349059,0.58739603,
2019-01-22,-0.17359564,0.58734262,
2019-01-23,0.08703535,0.58776833,
2019-01-24,0.06789682,0.58895883,
2019-01-25,0.06789682,0.58826290,
2019-01-26,0.06789682,0.58829852,
2019-01-27,0.06789682,0.58821388,
2019-01-28,0.52052276,0.59106686,
2019-01-29,0.49719258,0.58680442,
2019-01-30,0.47285946,0.58689779,
2019-01-31,0.47468597,0.58405597,
2019-02-01,0.48996555,0.58482364,
2019-02-02,0.47214651,0.60107471,
2019-02-03,0.47214651,0.60125381,
2019-02-04,0.47214651,0.61265101,
2019-02-05,0.45699441,0.61154827,
2019-02-06,0.32045296,0.60620246,
2019-02-07,0.32018263,0.60624816,
2019-02-08,-0.07652248,0.57180922,
2019-02-09,-0.07651209,0.57166114,
2019-02-10,-0.01992823,0.57164110,
2019-02-11,0.19714001,0.58066384,
2019-02-12,0.25348602,0.52010490,
2019-02-13,0.25348602,0.52046444,
2019-02-14,0.25348602,0.51824091,
2019-02-15,0.25431589,0.51834012,
2019-02-16,0.25588257,0.51574775,
2019-02-17,0.25588257,0.32745750,
2019-02-18,0.26315200,0.29360217,
2019-02-19,0.26311107,0.28819977,
2019-02-20,0.21699850,0.28006319,
2019-02-21,0.21093438,0.27998546,
2019-02-22,0.21526895,0.28219669,
2019-02-23,0.41719314,0.29981112,
2019-02-24,0.17860555,0.23074057,
2019-02-25,0.27205843,0.26008923,
2019-02-26,0.26957174,0.25663063,
2019-02-27,0.20401676,0.25632387,
2019-02-28,0.20195783,0.25635989,
2019-03-01,0.20436200,0.25650692,
2019-03-02,0.17342880,0.25045303,
2019-03-03,0.16973274,0.24995368,
2019-03-04,0.20929564,0.25903958,
2019-03-05,0.34904991,0.30913050,
2019-03-06,0.34904991,0.30913050,
2019-03-07,0.34904991,0.30913050,
2019-03-08,0.36714645,0.30913050,
2019-03-09,0.36697684,0.30913050,
2019-03-10,0.48831086,0.30913050,
2019-03-11,0.48830996,0.30913050,
2019-03-12,0.47812589,0.30913050,
2019-03-13,0.45102606,0.30921181,
2019-03-14,0.43321882,0.30932822,
2019-03-15,0.43321882,0.30932822,
2019-03-16,0.43263995,0.30934066,
2019-03-17,0.43303877,0.32045198,
2019-03-18,0.43483147,0.30455420,
2019-03-19,0.43190736,0.31034535,
2019-03-20,0.43251168,0.18276350,
2019-03-21,0.39972675,0.17339874,
2019-03-22,0.44475675,0.18458579,
2019-03-23,0.43326653,0.24469670,
2019-03-24,0.44145957,0.30767531,
2019-03-25,0.31463165,0.30638405,
2019-03-26,0.67266069,0.30638405,
2019-03-27,0.58503647,0.30638405,
2019-03-28,0.57963927,0.30638405,
2019-03-29,0.59020875,0.31596059,
2019-03-30,0.54719271,0.30876327,
2019-03-31,0.55617971,0.30877354,
2019-04-01,0.59748210,0.30841818,
2019-04-02,0.14133496,0.15625528,
2019-04-03,0.13297147,0.15064332,
2019-04-04,-0.01475145,0.15064332,
2019-04-05,-0.01475145,0.15064332,
2019-04-06,-0.01475145,0.14874806,
2019-04-07,-0.02478651,0.14533170,
2019-04-08,-0.00436337,0.14936530,
2019-04-09,-0.00436337,0.14936530,
2019-04-10,-0.00436337,0.14936530,
2019-04-11,-0.00436337,0.14936530,
2019-04-12,-0.00436337,0.14936530,
2019-04-13,-0.00436337,0.14936530,
2019-04-14,-0.00730460,0.14883922,
2019-04-15,0.00623695,0.15061434,
2019-04-16,0.01334913,0.14756850,
2019-04-17,0.02187152,0.14763709,
2019-04-18,0.01820287,0.14763709,
2019-04-19,0.01640729,0.14763709,
2019-04-20,0.08377904,0.14792603,
2019-04-21,0.08758002,0.14790060,
2019-04-22,0.09584980,0.15204500,
2019-04-23,0.09584980,0.15209797,
2019-04-24,0.09033034,0.15301423,
2019-04-25,0.22584246,0.22701715,
2019-04-26,0.23452151,0.22896431,
2019-04-27,0.23860420,0.22981255,
2019-04-28,0.23575252,0.21640801,
2019-04-29,0.22288580,0.21455795,
2019-04-30,0.23280353,0.21801253,
2019-05-01,0.21843687,0.21311479,
2019-05-02,0.68938460,0.21313935,
2019-05-03,0.64954681,0.20513169,
2019-05-04,0.67232976,0.21588266,
2019-05-05,0.64320735,0.21430634,
2019-05-06,0.59332966,0.21163835,
2019-05-07,0.63253657,0.22802015,
2019-05-08,0.63115567,0.22790483,
2019-05-09,0.63115567,0.25077430,
2019-05-10,0.63115567,0.25078072,0.45783722
2019-05-11,0.60308068,0.29832932,0.45278579
2019-05-12,0.56571991,0.28298357,0.45077190
2019-05-13,0.41870352,0.25269190,0.41773024
2019-05-14,0.42487677,0.25294824,0.41631916
2019-05-15,0.36922818,0.25460924,0.39078345
2019-05-16,0.32878265,0.23426572,0.38570607
2019-05-17,0.32884903,0.23399888,0.38752319
2019-05-18,0.32884903,0.23399888,0.38916174
2019-05-19,0.32756715,0.23288026,0.38883615
2019-05-20,0.33069354,0.23594645,0.38961842
2019-05-21,0.33105497,0.24009082,0.38958270
2019-05-22,0.32617269,0.24024622,0.38954814
2019-05-23,0.32617269,0.24040665,0.38993747
2019-05-24,0.32604025,0.22002642,0.38993747
2019-05-25,0.25331836,0.24612883,0.38992408
2019-05-26,0.27602674,0.24706029,0.39216986
2019-05-27,0.27495147,0.24819655,0.39278377
2019-05-28,0.27698888,0.24932583,0.39280265
2019-05-29,0.27999336,0.24905212,0.39297443
2019-05-30,0.27644957,0.24933656,0.39311950
2019-05-31,0.28187522,0.25524741,0.39294018
2019-06-01,0.28119851,0.25689680,0.39313888
2019-06-02,0.29859135,0.25498063,0.39313888
2019-06-03,0.27961224,0.22448982,0.39313888
2019-06-04,0.27814675,0.22448982,0.39378599
2019-06-05,0.27677383,0.22448982,0.39373949
2019-06-06,0.24862301,0.22456770,0.39373833
2019-06-07,0.24862301,0.22456770,0.39373833
2019-06-08,0.24998022,0.22498182,0.39379208
2019-06-09,0.21905553,0.21121581,0.39048544
2019-06-10,0.16045200,0.20571970,0.38744010
2019-06-11,0.16340550,0.20617258,0.38723330
2019-06-12,0.35264540,0.20836109,0.38772150
2019-06-13,0.37123406,0.20874815,0.38744530
2019-06-14,0.05033479,0.20616204,0.38656603
2019-06-15,0.19753716,0.20127660,0.38526058
2019-06-16,0.19899746,0.20376275,0.38387659
2019-06-17,0.19899746,0.20332454,0.38388919
2019-06-18,0.21879524,0.20308017,0.38393139
2019-06-19,0.21297117,0.21548663,0.38398079
2019-06-20,0.21040346,0.21480494,0.35450758
2019-06-21,0.28678056,0.22069379,0.35620674
2019-06-22,0.28209942,0.22069678,0.35534474
2019-06-23,0.28415783,0.22022870,0.35503854
2019-06-24,0.28415783,0.22022870,0.35475279
2019-06-25,0.15513164,0.22022870,0.35481582
2019-06-26,0.15082352,0.22043383,0.35458316
2019-06-27,0.14880108,0.22007043,0.35525304
2019-06-28,0.15496928,0.22004891,0.35530646
2019-06-29,0.15496928,0.22004053,0.35470194
2019-06-30,0.15496928,0.21990583,0.35481006
2019-07-01,0.15496928,0.30419642,0.35477365
2019-07-02,0.15496928,0.30903406,0.35476460
2019-07-03,0.15496928,0.30903406,0.35473341
2019-07-04,0.15496928,0.30903406,0.35472499
2019-07-05,0.15496928,0.30903406,0.35483543
2019-07-06,0.15072457,0.31203124,0.35456693
2019-07-07,0.14887224,0.30911301,0.35446919
2019-07-08,0.14716084,0.30901208,0.35415621
2019-07-09,0.19704815,0.30706288,0.35274184
2019-07-10,0.21966356,0.30711413,0.35203374
2019-07-11,0.21245055,0.30711413,0.35199553
2019-07-12,0.16881853,0.30711413,0.35123384
2019-07-13,0.15968198,0.30765061,0.35123384
2019-07-14,0.23264342,0.30632999,0.35858830
2019-07-15,0.35126169,0.30916753,0.35854937
2019-07-16,0.39061915,0.30914495,0.36381141
2019-07-17,0.39061915,0.30914495,0.36335129
2019-07-18,0.39061915,0.30914495,0.36341543
2019-07-19,0.39061915,0.30890439,0.36344777
2019-07-20,0.39708498,0.30902894,0.36341771
2019-07-21,0.04395179,0.30583919,0.36339772
2019-07-22,0.02721653,0.30583919,0.36339772
2019-07-23,-0.06592797,0.30574643,0.36377048
2019-07-24,-0.06592797,0.24447941,0.30444833
2019-07-25,-0.06592797,0.24230813,0.30467931
2019-07-26,-0.04863887,0.24142556,0.30355403
2019-07-27,-0.04863887,0.24194014,0.30359636
2019-07-28,-0.04863887,0.24304646,0.30272456
2019-07-29,-0.04863887,0.23952777,0.19695207
2019-07-30,-0.01981694,0.24395893,0.19410869
2019-07-31,-0.02196896,0.24360657,0.19408138
2019-08-01,-0.02590181,0.25482926,0.19748642
2019-08-02,-0.27378621,0.23848824,0.19680268
2019-08-03,-0.08000498,0.24019551,0.19977834
2019-08-04,-0.08376774,0.24095835,0.20013919
2019-08-05,0.36791294,0.23542092,0.20461979
2019-08-06,0.29976740,0.23204870,0.20345669
2019-08-07,0.30811785,0.23237797,0.20251694
2019-08-08,0.33699017,0.22834187,0.20173888
2019-08-09,0.22609274,0.16745945,0.19887238
2019-08-10,0.25301024,0.17127653,0.19926978
2019-08-11,0.35861518,0.30974445,0.20286247
2019-08-12,0.35861518,0.32047653,0.20286247
2019-08-13,0.35488033,0.17026154,0.20281780
2019-08-14,0.59455411,0.40709353,0.22655786
2019-08-15,0.59551310,0.40494243,0.22721263
2019-08-16,0.58770443,0.40153917,0.22681225
2019-08-17,0.58357201,0.40771194,0.22688268
2019-08-18,0.58123279,0.40493081,0.22694987
2019-08-19,0.52029501,0.38123039,0.22443280
2019-08-20,0.51984518,0.38575882,0.22546844
2019-08-21,0.51057724,0.38026924,0.22479812
2019-08-22,0.49550298,0.37779951,0.22480756
2019-08-23,0.49550298,0.37779951,0.22473989
2019-08-24,0.49543313,0.34952047,0.22475793
2019-08-25,0.50012868,0.35296639,0.22538451
2019-08-26,0.49061998,0.35114809,0.22924964
2019-08-27,0.49061998,0.35192337,0.22737251
2019-08-28,0.50870074,0.38460178,0.23450433
2019-08-29,0.51901580,0.39815132,0.21880795
2019-08-30,0.52040977,0.39534517,0.22119497
2019-08-31,0.52386310,0.39587210,0.22913350
2019-09-01,0.52814575,0.38875887,0.25376528
2019-09-02,0.43329666,0.34662619,0.26530513
2019-09-03,0.39652796,0.32401344,0.26014784
2019-09-04,0.38317752,0.32463101,0.26014784
2019-09-05,0.39405789,0.32463101,0.26014784
2019-09-06,0.37528156,0.31623829,0.25924167
2019-09-07,0.38600616,0.33788827,0.25910166
2019-09-08,0.42198687,0.34916472,0.25735277
2019-09-09,0.42368127,0.34909628,0.25729345
2019-09-10,0.39424873,0.34065260,0.25676238
2019-09-11,0.40622783,0.34866956,0.25844629
2019-09-12,0.40622600,0.35792979,0.25844629
2019-09-13,0.20971756,0.37068174,0.25844629
2019-09-14,0.18474140,0.36517474,0.25620933
2019-09-15,0.19035222,0.36434781,0.25542434
2019-09-16,0.18630809,0.36411730,0.25537177
2019-09-17,0.16227074,0.35160229,0.25276223
2019-09-18,0.19151988,0.34901694,0.25219548
2019-09-19,0.25755572,0.35725485,0.25807410
2019-09-20,0.26658592,0.35967067,0.25792599
2019-09-21,0.25959313,0.35921666,0.25754009
2019-09-22,0.26128841,0.35994159,0.25769359
2019-09-23,0.35417271,0.40423171,0.26986326
2019-09-24,0.74089906,0.67246516,0.38569949
2019-09-25,0.73478847,0.66643384,0.38403437
2019-09-26,0.73060397,0.66537380,0.38631863
2019-09-27,0.75312062,0.66835388,0.38828933
2019-09-28,0.74919956,0.66813024,0.38850228
2019-09-29,0.75469113,0.66810832,0.39000017
2019-09-30,0.75438847,0.66812473,0.39006763
2019-10-01,0.76809914,0.66824621,0.39018064
2019-10-02,0.83959188,0.66820692,0.39018258
2019-10-03,0.83575910,0.65872558,0.38874845
2019-10-04,0.83603933,0.65879628,0.38882369
2019-10-05,0.83603933,0.65917412,0.38882369
2019-10-06,0.84811747,0.65817837,0.38847083
2019-10-07,0.85562440,0.66476623,0.38577733
2019-10-08,0.86436165,0.66490081,0.38594792
2019-10-09,0.86611262,0.66490081,0.38629882
2019-10-10,0.87631309,0.66490081,0.38635487
2019-10-11,0.87364616,0.66425258,0.38606388
2019-10-12,0.87364616,0.66425258,0.38641775
2019-10-13,0.87364616,0.66425258,0.38641775
2019-10-14,0.88404591,0.66425258,0.38641775
2019-10-15,0.88421399,0.66412441,0.38643013
2019-10-16,0.88598384,0.66760902,0.39071969
2019-10-17,0.90065208,0.66879249,0.39145129
2019-10-18,0.90004564,0.66769844,0.40086171
2019-10-19,0.87942842,0.65566357,0.39773612
2019-10-20,0.87658371,0.65410885,0.39749078
2019-10-21,0.88074535,0.65222470,0.39347935
2019-10-22,0.88061582,0.65222470,0.39163184
2019-10-23,0.83265174,0.64354754,0.39641584
2019-10-24,0.47801086,0.64314173,0.39632173
2019-10-25,0.65307870,0.66376627,0.41133089
2019-10-26,0.62783640,0.66237444,0.41116202
2019-10-27,0.63686419,0.66237444,0.41116202
2019-10-28,0.63780363,0.66232351,0.41115349
2019-10-29,0.63717155,0.66229223,0.41205411
2019-10-30,0.63390385,0.66271442,0.41424576
2019-10-31,0.63574753,0.66753173,0.41440995
2019-11-01,0.63566123,0.66711697,0.41458516
2019-11-02,0.67307709,0.66825304,0.40780494
2019-11-03,0.67449470,0.66649920,0.42206237
2019-11-04,0.66734380,0.66871548,0.41652353
2019-11-05,0.66078554,0.66658758,0.41599078
2019-11-06,0.65241608,0.66847214,0.41565888
2019-11-07,0.62747528,0.68173149,0.41498487
2019-11-08,0.60477294,0.67953975,0.41447493
2019-11-09,0.60477294,0.67750580,0.41709430
2019-11-10,0.60724754,0.67741474,0.41778013
2019-11-11,0.60708841,0.67751753,0.41719330
2019-11-12,0.59390413,0.66665130,0.40625209
2019-11-13,0.59390413,0.67068487,0.40625209
2019-11-14,0.59372467,0.67274388,0.40625209
2019-11-15,0.56154990,0.67198519,0.40629562
2019-11-16,0.55531419,0.67164260,0.40629884
2019-11-17,0.55487211,0.68447378,0.40613664
2019-11-18,0.63112649,0.68370881,0.40608368
2019-11-19,0.64304088,0.68718561,0.40604844
2019-11-20,0.65941434,0.68943667,0.40605472
2019-11-21,0.78557299,0.71972652,0.42878462
2019-11-22,0.86925796,0.73063813,0.43818902
2019-11-23,0.87070646,0.73052355,0.43910566
2019-11-24,0.89223561,0.74453832,0.45042137
2019-11-25,0.79399480,0.72512951,0.44563635
2019-11-26,0.79399480,0.73101306,0.44557141
2019-11-27,0.77839066,0.72556062,0.44479998
2019-11-28,0.77295341,0.72572198,0.45019790
2019-11-29,0.77602369,0.72633553,0.45013993
2019-11-30,0.77602369,0.73083931,0.45017479
2019-12-01,0.77882721,0.76667817,0.45146738
2019-12-02,0.77882721,0.78053356,0.45147352
2019-12-03,0.77522350,0.77984700,0.45145151
2019-12-04,0.78023797,0.78042881,0.45229610
2019-12-05,0.79307286,0.79096973,0.45477118
2019-12-06,0.79715713,0.79393896,0.45464658
2019-12-07,0.81098360,0.79916706,0.45540720
2019-12-08,0.82235425,0.79798813,0.45447382
2019-12-09,0.78123980,0.79225312,0.45169912
2019-12-10,0.77109515,0.78830334,0.53536653
2019-12-11,0.77125725,0.78816933,0.53814618
2019-12-12,0.78039940,0.78751035,0.53796812
2019-12-13,0.78286188,0.79368192,0.53860104
2019-12-14,0.75482994,0.78627642,0.53649821
2019-12-15,0.75833918,0.78684447,0.53817069
2019-12-16,0.76046008,0.79383739,0.53938470
2019-12-17,0.72394146,0.78130760,0.53753296
2019-12-18,0.75039065,0.79008053,0.54419671
2019-12-19,0.75369858,0.79144154,0.54461551
2019-12-20,0.75013095,0.79348826,0.54424457
2019-12-21,0.66899916,0.79343606,0.54424457
2019-12-22,0.60614049,0.78146007,0.54610493
2019-12-23,0.60715945,0.66314215,0.54660521
2019-12-24,0.50962347,0.67188337,0.54916538
2019-12-25,0.59486406,0.67015485,0.54916556
2019-12-26,0.59486406,0.66883435,0.54916556
2019-12-27,0.61782413,0.66954164,0.54916556
2019-12-28,0.62152039,0.67004484,0.54926522
2019-12-29,0.62042496,0.67024624,0.54951167
2019-12-30,0.62847226,0.67253807,0.54995533
2019-12-31,0.62775191,0.67151979,0.54984803
2020-01-01,0.62804390,0.68463329,0.54984521
2020-01-02,0.63173051,0.68494708,0.53791604
2020-01-03,0.64002858,0.68883074,0.53979381
2020-01-04,0.62861099,0.69178652,0.53963612
2020-01-05,0.62861099,0.69185617,0.53983845
2020-01-06,0.62688457,0.69041083,0.54003059
2020-01-07,0.63807356,0.69030090,0.54074094
2020-01-08,0.72105237,0.70882012,0.55179946
2020-01-09,0.72396428,0.70831691,0.55153167
2020-01-10,0.72380142,0.70831691,0.55579585
2020-01-11,0.72074990,0.70648035,0.55321415
2020-01-12,0.71941974,0.70648035,0.55387435
2020-01-13,0.74327237,0.70659677,0.55534798
2020-01-14,0.52469847,0.59129687,0.51767403
2020-01-15,0.52336850,0.58868234,0.51711364
2020-01-16,0.46504310,0.58721602,0.51698047
2020-01-17,0.38462995,0.58808295,0.51201495
2020-01-18,0.38029035,0.58592485,0.51402418
2020-01-19,0.37892056,0.58284156,0.51624717
2020-01-20,0.37892056,0.58284156,0.57102213
2020-01-21,0.39362212,0.59518367,0.57332330
2020-01-22,0.37765331,0.59468130,0.57270352
2020-01-23,0.36797328,0.56953987,0.58759696
2020-01-24,0.36797328,0.57187942,0.58759696
2020-01-25,0.36797328,0.57187942,0.58759696
2020-01-26,0.36560732,0.57166996,0.58939651
2020-01-27,0.23371903,0.53473237,0.57661345
2020-01-28,0.22190012,0.53190623,0.57551944
2020-01-29,0.20768325,0.53146471,0.57538917
2020-01-30,0.20841201,0.52982323,0.57476090
2020-01-31,0.20857000,0.52982323,0.57476090
2020-02-01,0.18033057,0.52893099,0.57449554
2020-02-02,0.14957860,0.52819171,0.57263773
2020-02-03,0.14957860,0.52969060,0.57283814
2020-02-04,0.14957860,0.53076149,0.57286896
2020-02-05,0.13421541,0.51607495,0.56501922
2020-02-06,0.08933416,0.49317075,0.55339111
2020-02-07,-0.19012447,0.48361232,0.54778924
2020-02-08,-0.19154528,0.48406366,0.54780081
2020-02-09,-0.19017777,0.48200851,0.54621795
2020-02-10,-0.00850897,0.49276590,0.54773957
2020-02-11,-0.02627586,0.48316566,0.54458743
2020-02-12,0.04188779,0.46696561,0.53126872
2020-02-13,0.17505853,0.48090164,0.53733138
2020-02-14,0.17547494,0.48149571,0.53733138
2020-02-15,0.14158975,0.46732414,0.53224834
2020-02-16,0.16363811,0.46715969,0.53761826
2020-02-17,0.16638118,0.46785618,0.54311732
2020-02-18,0.15575712,0.46813744,0.54361100
2020-02-19,0.15575712,0.40780150,0.54330501
2020-02-20,0.15575712,0.37014644,0.54397998
2020-02-21,0.15575712,0.36946358,0.54598206
2020-02-22,0.15575712,0.31948977,0.54813850
2020-02-23,0.12631935,0.32811603,0.54682688
2020-02-24,0.14025551,0.32641042,0.54557292
2020-02-25,0.13493009,0.32708980,0.54464367
2020-02-26,0.15464637,0.30096348,0.53227191
2020-02-27,0.16384515,0.30091482,0.53228357
2020-02-28,0.15311526,0.29980514,0.52940200
2020-02-29,0.14288456,0.29325258,0.52923945
2020-03-01,0.14291923,0.29325383,0.53041148
2020-03-02,0.14261445,0.28413663,0.52517007
2020-03-03,0.13781702,0.27926375,0.52410043
2020-03-04,0.13775543,0.27013659,0.52439736
2020-03-05,0.13899784,0.27010065,0.52433092
2020-03-06,0.16039540,0.26926916,0.52393683
2020-03-07,0.19317922,0.26074913,0.51892811
2020-03-08,0.16430598,0.23068634,0.49355513
2020-03-09,0.16377040,0.23152183,0.49317863
2020-03-10,0.17376810,0.23133488,0.49306972
2020-03-11,0.10494266,0.23174777,0.49301185
2020-03-12,0.02567727,0.10188112,0.32161858
2020-03-13,0.13470975,0.10228842,0.31945174
2020-03-14,-0.00531538,0.10098308,0.31945174
2020-03-15,-0.00387863,0.09632578,0.31923537
2020-03-16,-0.00701856,0.08741597,0.31935002
2020-03-17,-0.00638745,0.07065117,0.32000720
2020-03-18,-0.00638745,0.06937575,0.32003365
2020-03-19,0.05845915,0.07389119,0.31982998
2020-03-20,0.09516974,0.08265187,0.32237770
2020-03-21,0.09435219,0.07303414,0.32235379
2020-03-22,0.09435219,0.06770605,0.32235379
2020-03-23,0.09435219,0.06470590,0.32235379
2020-03-24,0.09671745,0.06470590,0.32235379
2020-03-25,0.08607811,0.06470590,0.32235379
2020-03-26,0.09270724,0.06523112,0.32238597
2020-03-27,0.08929284,0.06523112,0.32238597
2020-03-28,0.08960443,0.06551643,0.32238597
2020-03-29,0.08872224,0.06184732,0.32238597
2020-03-30,0.08740768,0.06127734,0.32238597
2020-03-31,0.08741730,0.06121516,0.32238597
2020-04-01,0.09646149,0.06268660,0.32342404
2020-04-02,0.01761752,0.04431832,0.31491802
2020-04-03,0.01762490,0.04431832,0.31491802
2020-04-04,0.01745753,0.04431832,0.31491802
2020-04-05,0.01779619,0.04463439,0.31491802
2020-04-06,-0.00186558,0.04065103,0.31133021
2020-04-07,0.00591540,0.01293717,0.31135780
2020-04-08,0.00672620,0.01196724,0.31140173
2020-04-09,0.00713958,0.01196724,0.31154290
2020-04-10,0.00674372,0.01095307,0.31209361
2020-04-11,0.12862926,0.01095307,0.31187181
2020-04-12,0.14875361,0.01095307,0.31206174
2020-04-13,0.14875361,0.02221167,0.31051053
2020-04-14,0.15964748,0.02281184,0.31122484
2020-04-15,0.15964748,0.02186488,0.31118417
2020-04-16,0.15292590,0.02633532,0.31136929
2020-04-17,0.15292590,0.02855136,0.31461924
2020-04-18,0.09034336,0.02378075,0.31469557
2020-04-19,-0.12748274,0.02378075,0.31269817
2020-04-20,-0.15063768,0.02378075,0.31269817
2020-04-21,-0.15063768,0.02378075,0.31272320
2020-04-22,-0.15063768,0.02378075,0.29948713
2020-04-23,-0.15669454,0.02319224,0.29879326
2020-04-24,-0.15669454,0.02319224,0.29923238
2020-04-25,-0.16766631,0.02151071,0.29841288
2020-04-26,-0.16766631,0.03055886,0.29835663
2020-04-27,-0.16434050,0.03192602,0.30104646
2020-04-28,-0.16434050,0.03042219,0.30048735
2020-04-29,-0.34944519,-0.00834317,0.27608040
2020-04-30,-0.35078811,-0.00970357,0.27533836
2020-05-01,-0.37908068,-0.01110247,0.27533836
2020-05-02,-0.40327408,-0.00967140,0.27531805
2020-05-03,-0.40327408,-0.00967140,0.27490191
2020-05-04,-0.40327408,-0.00967140,0.27493365
2020-05-05,-0.40327408,-0.00272935,0.27493365
2020-05-06,-0.62342024,0.00915808,0.27320489
2020-05-07,-0.62646116,0.01430069,0.27136845
2020-05-08,-0.62246429,0.01429267,0.27157003
2020-05-09,-0.62246429,0.01707498,0.27139941
2020-05-10,-0.25209396,-0.01929927,0.26019949
2020-05-11,-0.23473613,-0.01553564,0.26167803
2020-05-12,-0.23473613,-0.02101387,0.26430756
2020-05-13,-0.23231444,-0.04875097,0.26436757
2020-05-14,-0.23247695,-0.04944152,0.26410689
2020-05-15,-0.23247695,-0.04853756,0.26482190
2020-05-16,-0.22639743,-0.04780402,0.26496394
2020-05-17,-0.22667168,-0.04790561,0.26585847
2020-05-18,-0.22992258,-0.04841810,0.26580485
2020-05-19,-0.22992258,-0.04841810,0.26621267
2020-05-20,-0.22992258,-0.04841810,0.26540407
2020-05-21,-0.23231337,-0.05057266,0.26459819
2020-05-22,-0.20857282,-0.04468122,0.26384162
2020-05-23,-0.20776068,-0.04174273,0.26495694
2020-05-24,-0.20776068,-0.04631605,0.26505049
2020-05-25,-0.20606511,-0.04590822,0.26507754
2020-05-26,-0.20606511,-0.04473286,0.26643802
2020-05-27,-0.20778737,-0.04484870,0.26673862
2020-05-28,-0.21731285,-0.04978251,0.26073302
2020-05-29,-0.07238113,-0.04939059,0.26068738
2020-05-30,-0.20887103,-0.05809973,0.24614374
2020-05-31,-0.20949041,-0.05711245,0.24575650
2020-06-01,-0.00270092,-0.04428917,0.24236105
2020-06-02,0.17820048,-0.00230958,0.17244560
2020-06-03,0.17820048,-0.00249384,0.17350395
2020-06-04,0.17781643,-0.00217634,0.17108978
2020-06-05,0.17781643,-0.00093044,0.16904132
2020-06-06,0.18431366,0.00252676,0.16872909
2020-06-07,0.18223653,0.00290605,0.16866703
2020-06-08,0.18274951,0.00342180,0.16868308
2020-06-09,0.21834459,0.00433991,0.16891030
2020-06-10,0.22207542,0.03349517,0.16896265
2020-06-11,0.13493682,0.00180401,0.16218643
2020-06-12,0.13407275,0.00301580,0.16207161
2020-06-13,0.13613647,0.00407295,0.16207826
2020-06-14,0.13209879,0.00245967,0.16172375
2020-06-15,0.13351809,0.00271564,0.16172273
2020-06-16,0.13215944,0.00388338,0.16174670
2020-06-17,0.13319087,-0.01002579,0.16175725
2020-06-18,0.13320322,-0.03716127,0.16176287
2020-06-19,0.13274504,-0.03836405,0.16166986
2020-06-20,0.13484784,-0.03793578,0.16169025
2020-06-21,0.13929213,-0.03846790,0.16161550
2020-06-22,0.18464159,-0.01337571,0.16518791
2020-06-23,0.18515043,-0.01283657,0.16520962
2020-06-24,0.18820120,-0.01109339,0.16284369
2020-06-25,0.18853081,-0.01092886,0.16207930
2020-06-26,0.18680902,-0.01160340,0.16148564
2020-06-27,0.19815431,-0.01338483,0.16133825
2020-06-28,0.21113510,-0.00537916,0.16261567
2020-06-29,0.42187137,0.00034396,0.16356022
2020-06-30,0.43845123,-0.00654309,0.16359468
2020-07-01,0.39199421,0.01371429,0.15694776
2020-07-02,0.15993250,0.02372997,0.15866395
2020-07-03,0.15824233,0.02347062,0.14270471
2020-07-04,0.15653046,0.02396013,0.14295782
2020-07-05,0.15642446,0.02733195,0.14296543
2020-07-06,0.13970856,0.02466977,0.14233742
2020-07-07,0.13502951,0.02531856,0.14224832
2020-07-08,0.13333219,0.02522334,0.14211715
2020-07-09,0.13381811,0.02705616,0.14246662
2020-07-10,0.13371704,0.02726940,0.14249968
2020-07-11,0.40574410,0.02704456,0.14244867
2020-07-12,0.45086637,0.03032111,0.14313849
2020-07-13,0.43604841,0.02918357,0.14312297
2020-07-14,0.46832155,0.03010467,0.14373430
2020-07-15,0.46201901,0.03062269,0.14397175
2020-07-16,0.48940858,0.03154108,0.14404636
2020-07-17,0.50313486,0.03108098,0.14395766
2020-07-18,0.49560791,0.03148236,0.14405162
2020-07-19,0.50343785,0.03189163,0.14406046
2020-07-20,0.48502116,0.03245665,0.14402500
2020-07-21,0.48541387,0.03176926,0.14359245
2020-07-22,0.28012402,0.03086306,0.14323916
2020-07-23,0.35681498,0.03972035,0.14380172
2020-07-24,0.30995393,0.03565415,0.14217781
2020-07-25,0.30202460,0.03478373,0.14106797
2020-07-26,0.35069075,0.04619795,0.14310105
2020-07-27,0.47373917,0.12972261,0.16143972
2020-07-28,0.47170836,0.24048268,0.16273126
2020-07-29,0.46133444,0.24303882,0.16273816
2020-07-30,0.38306908,0.23296467,0.13680171
2020-07-31,0.41021312,0.24690067,0.12881829
2020-08-01,0.44311684,0.27618973,0.13679555
2020-08-02,0.56986100,0.34255250,0.14965235
2020-08-03,0.57575410,0.34255250,0.15189722
2020-08-04,0.55794887,0.33926394,0.15173947
2020-08-05,0.50612795,0.31810893,0.14648851
2020-08-06,0.51255996,0.31791625,0.14639316
2020-08-07,0.50550403,0.31530244,0.14624481
2020-08-08,0.50765160,0.35186876,0.14624481
2020-08-09,0.50725946,0.35447868,0.14463031
2020-08-10,0.50807874,0.35447868,0.14463031
2020-08-11,0.50522926,0.35457699,0.14453469
2020-08-12,0.50835668,0.35546679,0.14350980
2020-08-13,0.49770581,0.35236361,0.13976477
2020-08-14,0.49946480,0.35254977,0.13976477
2020-08-15,0.49966241,0.35255800,0.13976477
2020-08-16,0.49875453,0.35280786,0.14028420
2020-08-17,0.48729572,0.34771576,0.14129304
2020-08-18,0.48680113,0.34703045,0.14162355
2020-08-19,0.49653855,0.34895520,0.14168394
2020-08-20,0.50021072,0.35483172,0.14174954
2020-08-21,0.50708522,0.35488332,0.14101556
2020-08-22,0.52421430,0.35488332,0.14155101
2020-08-23,0.53632373,0.35488332,0.14092078
2020-08-24,0.55996141,0.35488332,0.13840770
2020-08-25,0.54694887,0.35272630,0.13277360
2020-08-26,0.48350284,0.36778131,0.12596850
2020-08-27,0.48045245,0.36780237,0.12536688
2020-08-28,0.48184285,0.45668552,0.12527379
2020-08-29,0.55445947,0.46296194,0.12527379
2020-08-30,0.50363269,0.45081728,0.12036935
2020-08-31,0.40526886,0.40672488,0.11754379
2020-09-01,0.10460406,0.37550350,0.11650352
2020-09-02,0.10899809,0.35497332,0.11622846
2020-09-03,-0.36733856,0.11368061,0.06092506
2020-09-04,-0.34071021,0.11313372,0.06108582
2020-09-05,-0.33551201,0.11220877,0.06076799
2020-09-06,-0.34893918,0.11197776,0.06091083
2020-09-07,-0.34744741,0.11101517,0.05929487
2020-09-08,-0.34744741,0.11056772,0.05912941
2020-09-09,-0.34744741,0.13241751,0.05911075
2020-09-10,-0.34794021,0.13232335,0.05807069
2020-09-11,-0.34794021,0.13229724,0.05510633
2020-09-12,-0.34891901,0.13352239,0.05510633
2020-09-13,-0.34879020,0.13336881,0.05513527
2020-09-14,-0.34187998,0.13426501,0.05556075
2020-09-15,-0.34248994,0.13425913,0.05562729
2020-09-16,-0.35301835,0.13422884,0.04215899
2020-09-17,-0.35804871,0.13456424,0.04190953
2020-09-18,-0.36267019,0.13443092,0.04190953
2020-09-19,-0.36146557,0.13494795,0.04174809
2020-09-20,-0.36331526,0.12094222,0.04174809
2020-09-21,-0.36331526,0.12086047,0.04174809
2020-09-22,-0.36331526,0.11902678,0.04688734
2020-09-23,-0.36331526,0.11881226,0.04712862
2020-09-24,-0.36278195,0.11948774,0.04696051
2020-09-25,-0.38636284,0.12252673,0.04932926
2020-09-26,-0.38629998,0.11809892,0.04998368
2020-09-27,-0.38630666,0.11466659,0.04829871
2020-09-28,-0.38648235,0.11461041,0.04827006
2020-09-29,-0.40797924,0.11535070,0.04839143
2020-09-30,-0.40155818,0.11023367,0.04875881
2020-10-01,-0.62105821,0.11006900,0.04859895
2020-10-02,-0.90382553,0.10958546,0.04855326
2020-10-03,0.19456657,0.10953600,0.04852814
2020-10-04,0.22986302,0.11164991,0.04866618
2020-10-05,0.24473767,0.11136065,0.05300376
2020-10-06,-0.15935135,0.10677461,0.05211928
2020-10-07,-0.15839191,0.10546062,0.05166171
2020-10-08,-0.06304755,0.10702101,0.05213357
2020-10-09,0.08453007,0.10807880,0.05232098
2020-10-10,0.22934959,0.10908149,0.05305191
2020-10-11,0.22750228,0.10963119,0.05334419
2020-10-12,0.18774461,0.10767849,0.05305597
2020-10-13,0.28462428,0.11524772,0.05554135
2020-10-14,0.32621342,0.12117629,0.06044510
2020-10-15,0.33577147,0.12167141,0.06541522
2020-10-16,0.34156429,0.12137123,0.06701149
2020-10-17,0.34769411,0.12209947,0.06735615
2020-10-18,0.32225363,0.12210868,0.06833550
2020-10-19,0.28328272,0.12110832,0.05980794
2020-10-20,0.29751972,0.12238504,0.06017632
2020-10-21,0.40940541,0.13667718,0.06692339
2020-10-22,0.37418794,0.14984810,0.06102937
2020-10-23,0.38013458,0.15488451,0.06158194
2020-10-24,0.38601398,0.14907052,0.06245802
2020-10-25,0.40422238,0.08181838,0.06443360
2020-10-26,0.33402970,0.06873196,0.06142479
2020-10-27,0.25619341,0.05298915,0.05716276
2020-10-28,0.07298294,0.01736208,0.04590737
2020-10-29,0.07240913,-0.00077228,0.04584454
2020-10-30,0.11445314,-0.03064589,0.05006703
2020-10-31,0.11640796,-0.17072358,0.05006703
2020-11-01,0.11647638,-0.17072358,0.05156107
2020-11-02,0.11218464,-0.17495030,0.04990391
2020-11-03,0.11258321,-0.15784981,0.05004276
2020-11-04,0.13810432,-0.14594438,0.05350597
2020-11-05,0.15013004,-0.14632057,0.05358827
2020-11-06,0.07698025,-0.16746548,0.04635474
2020-11-07,0.07366589,-0.16728994,0.04663880
2020-11-08,0.06362414,-0.16728994,0.04663777
2020-11-09,0.09401786,-0.14101152,0.05217188
2020-11-10,0.09048861,-0.14059610,0.05251223
2020-11-11,0.09253726,-0.14156520,0.05260518
2020-11-12,0.08444995,-0.13747464,0.05366989
2020-11-13,0.07275826,-0.13644111,0.05317136
2020-11-14,0.06567298,-0.13448574,0.05447043
2020-11-15,0.06336394,-0.13595916,0.05540448
2020-11-16,0.06186219,-0.13323938,0.05621843
2020-11-17,0.09656254,-0.11859533,0.05874395
2020-11-18,0.09262973,-0.12103479,0.05800167
2020-11-19,0.09129745,-0.12099179,0.08791106
2020-11-20,0.02314779,-0.12041524,0.08822056
2020-11-21,-0.06331468,-0.11775852,0.08657393
2020-11-22,-0.05760070,-0.11780406,0.08677419
2020-11-23,-0.07193646,-0.11713798,0.08677419
2020-11-24,-0.09219878,-0.12500388,0.08677419
2020-11-25,-0.08493304,-0.12499821,0.08677419
2020-11-26,-0.00958987,-0.12486920,0.08331652
2020-11-27,0.20228409,-0.12487228,0.07576507
2020-11-28,0.17684625,-0.13216612,0.07566470
2020-11-29,0.12444268,-0.13083345,0.07578053
2020-11-30,0.15746451,-0.16753815,0.07949732
2020-12-01,0.15796359,-0.18963964,0.07949169
2020-12-02,0.16249388,0.11990762,0.07949169
2020-12-03,0.16243411,0.12140758,0.07945926
2020-12-04,0.12873065,0.12341587,0.07945926
2020-12-05,0.14112361,0.12352087,0.07945926
2020-12-06,0.31204038,0.12345603,0.07948129
2020-12-07,0.31470627,0.12345603,0.07948129
2020-12-08,0.31411811,0.12343213,0.07952892
2020-12-09,0.20449295,0.12325261,0.07673813
2020-12-10,0.21094514,0.12325261,0.08468328
2020-12-11,0.21332825,0.12325261,0.08468328
2020-12-12,0.19282755,0.12326285,0.08468328
2020-12-13,0.19093759,0.11850143,0.08470939
2020-12-14,0.21888040,0.11875834,0.08633054
2020-12-15,0.22170099,0.11839604,0.08626534
2020-12-16,0.25180456,0.12502862,0.08742180
2020-12-17,0.18946682,0.13347626,0.09045713
2020-12-18,0.24431376,0.13309934,0.09047078
2020-12-19,0.24431376,0.13309934,0.09047078
2020-12-20,0.24346260,0.13309934,0.09047078
2020-12-21,0.26389544,0.13111533,0.08937615
2020-12-22,0.20436009,0.12697691,0.08916480
2020-12-23,0.20436009,0.12720447,0.08916480
2020-12-24,0.20436009,0.12739378,0.08940467
2020-12-25,0.20442779,0.12735974,0.08938538
2020-12-26,0.22032673,0.13116074,0.09059920
2020-12-27,0.16785759,0.12251861,0.08839747
2020-12-28,0.18760969,0.12152794,0.08838490
2020-12-29,0.19604299,0.12065884,0.08838490
2020-12-30,0.12190337,0.12237421,0.08838490
2020-12-31,0.17031106,0.13055585,0.09198773
2021-01-01,0.16513685,0.13026085,0.09200517
2021-01-02,0.16797977,0.13108551,0.09227260
2021-01-03,0.09935043,0.11856815,0.08840713
2021-01-04,0.11304588,0.12883355,0.08773292
2021-01-05,0.10488413,0.12704319,0.08768170
2021-01-06,0.10488413,0.12622202,0.12210554
2021-01-07,0.10465556,0.12027203,0.12320019
2021-01-08,0.10465556,0.11222297,0.12320019
2021-01-09,0.10465556,0.11244218,0.12320019
2021-01-10,0.10465556,0.11405738,0.12320019
2021-01-11,0.10465556,0.10611804,0.12320019
2021-01-12,0.10861965,0.09753362,0.12320019
2021-01-13,0.10861965,0.09831530,0.12320019
2021-01-14,0.11168405,0.09554802,0.12352465
2021-01-15,0.08021835,0.09487126,0.12349624
2021-01-16,-0.00083506,0.09548362,0.12328086
2021-01-17,0.00584626,0.10146546,0.12917297
2021-01-18,0.00575460,0.10094042,0.12961032
2021-01-19,0.01625983,0.06273730,0.12952993
2021-01-20,-0.01467672,0.00701968,0.12952135
2021-01-21,-0.00539884,0.00331646,0.12962101
2021-01-22,-0.00539884,-0.00446566,0.12962101
2021-01-23,-0.00539884,-0.01588801,0.12966713
2021-01-24,-0.00181272,-0.00573085,0.12966185
2021-01-25,-0.05707029,0.03975526,0.12903501
2021-01-26,0.04900930,0.15553248,0.12903501
2021-01-27,0.06073082,0.15496613,0.12903501
2021-01-28,0.06073082,0.12441258,0.12934270
2021-01-29,0.16067557,0.13702246,0.13262951
2021-01-30,-0.02642547,0.13702246,0.13262951
2021-01-31,-0.03980116,0.14045045,0.13262951
2021-02-01,-0.04227749,0.14042977,0.13262951
2021-02-02,0.16166076,0.11867501,0.13242587
2021-02-03,0.10229201,0.12254918,0.13183249
2021-02-04,0.12944278,0.20265497,0.13464637
2021-02-05,0.12944278,0.20392055,0.13464533
2021-02-06,0.12944278,0.20392055,0.15059163
2021-02-07,0.12944278,0.14930061,0.15135296
2021-02-08,0.12944278,0.15235449,0.14227816
2021-02-09,0.11789703,0.15206514,0.11494300
2021-02-10,0.11789703,0.14409744,0.11494300
2021-02-11,0.09262670,0.13747809,0.11464658
2021-02-12,0.09502374,0.14833309,0.11460470
2021-02-13,0.09290949,0.14686989,0.11460536
2021-02-14,0.09227863,0.14600182,0.11457994
2021-02-15,0.10937631,0.10149154,0.11451503
2021-02-16,0.10294242,0.12219784,0.11405243
2021-02-17,0.10425576,0.12219784,0.11423185
2021-02-18,0.10259979,0.11941025,0.12838801
2021-02-19,0.10039728,0.11992469,0.12859659
2021-02-20,0.14897955,0.11989276,0.12889665
2021-02-21,0.14897955,0.11989276,0.12957527
2021-02-22,0.13354306,0.12251336,0.12889465
2021-02-23,0.06636008,0.10511935,0.12122265
2021-02-24,0.06874542,0.10249810,0.12079684
2021-02-25,0.06977803,0.10501259,0.11784289
2021-02-26,0.07212262,0.11465395,0.11789407
2021-02-27,0.07098111,0.11333747,0.11778511
2021-02-28,-0.00966089,0.08552099,0.11783868
2021-03-01,-0.00913257,0.07114400,0.10584230
2021-03-02,-0.00848866,0.07410483,0.10510337
2021-03-03,-0.27380746,-0.04916552,0.08381132
2021-03-04,-0.27144728,-0.04916552,0.08348942
2021-03-05,-0.27921810,-0.04916552,0.08350397
2021-03-06,-0.28008315,-0.04832604,0.08385237
2021-03-07,-0.28079558,-0.04791721,0.08180029
2021-03-08,-0.26602370,-0.05410674,0.07903786
2021-03-09,-0.24807547,-0.05349876,0.07869905
2021-03-10,-0.21680148,-0.04600508,0.07990752
2021-03-11,-0.21883737,-0.04600508,0.07704495
2021-03-12,-0.21883737,-0.04600508,0.07706470
2021-03-13,-0.23123864,-0.04598102,0.07715496
2021-03-14,-0.22998252,-0.04598102,0.07714856
2021-03-15,-0.23069609,-0.04572892,0.07790993
2021-03-16,-0.22974232,-0.05637053,0.07812757
2021-03-17,-0.22974232,-0.11460255,0.07814769
2021-03-18,-0.26632324,-0.11441389,0.07778482
2021-03-19,-0.26407565,-0.11458408,0.07774137
2021-03-20,-0.26407565,-0.11458408,0.07779764
2021-03-21,-0.26306355,-0.11875214,0.07681153
2021-03-22,0.00074149,0.03847072,0.09489011
2021-03-23,-0.00629660,0.02950491,0.09323976
2021-03-24,-0.01119830,0.02951867,0.09241317
2021-03-25,0.01554304,0.02981639,0.09204919
2021-03-26,0.02365923,0.01867447,0.09073351
2021-03-27,0.04776017,0.03318521,0.09077218
2021-03-28,0.04877539,0.03305884,0.09056379
2021-03-29,0.05905432,0.04089294,0.09182004
2021-03-30,0.06072715,0.04070295,0.09185900
2021-03-31,0.04128674,0.00863203,0.09248803
2021-04-01,0.04757600,0.00644020,0.08897589
2021-04-02,0.24542990,0.00425787,0.08788954
2021-04-03,0.32852332,0.07428612,0.09383437
2021-04-04,0.31580911,0.07448166,0.08912828
2021-04-05,0.31609538,0.07431063,0.05164746
2021-04-06,0.31679106,0.07431063,0.04974603
2021-04-07,0.39494712,0.10453522,0.05597729
2021-04-08,0.54793296,0.20490325,0.07858694
2021-04-09,0.54097308,0.20490325,0.06976248
2021-04-10,0.50916049,0.18969785,0.04732519
2021-04-11,0.50916049,0.18969785,-0.01104246
2021-04-12,0.51066049,0.18969785,-0.01104246
2021-04-13,0.44725727,0.16746158,-0.01472988
2021-04-14,0.47011985,0.18461622,0.00127784
2021-04-15,0.47011985,0.18461622,0.00129273
2021-04-16,0.45934390,0.18239745,0.00080128
2021-04-17,0.40234537,0.16099950,-0.00264103
2021-04-18,0.28760895,0.12389772,-0.00316776
2021-04-19,0.28434805,0.12336479,-0.00325828
2021-04-20,0.28439300,0.12386977,-0.00312583
2021-04-21,0.15633459,0.09880125,-0.00803376
2021-04-22,0.18414159,0.10823995,-0.00463953
2021-04-23,0.20145179,0.10823995,-0.00463953
2021-04-24,0.20109246,0.10842916,-0.00463953
2021-04-25,0.20461817,0.11071299,-0.00444190
2021-04-26,0.20153468,0.10970648,-0.00430828
2021-04-27,0.19894572,0.10707065,-0.00461956
2021-04-28,0.20063939,0.10890898,-0.00423923
2021-04-29,0.19812155,0.09967484,-0.00402590
2021-04-30,0.15891507,0.07821467,-0.00443493
2021-05-01,0.16884780,0.07814783,-0.00444469
2021-05-02,0.25388714,0.08095912,-0.00316917
2021-05-03,0.25411271,0.10365697,0.00924989
2021-05-04,0.27982160,0.10619957,0.00990640
2021-05-05,0.28219603,0.10619957,0.00675220
2021-05-06,0.28219603,0.10619957,0.00675851
2021-05-07,0.25990528,0.10619957,0.00675851
2021-05-08,0.05651708,0.09765929,0.00382784
2021-05-09,0.05651708,0.09765929,0.00048781
2021-05-10,0.09585103,0.09729563,0.00103906
2021-05-11,0.09585103,0.09729563,-0.01157117
2021-05-12,0.09585103,0.09898439,-0.01497203
2021-05-13,0.11507974,0.09943561,0.10954168
2021-05-14,0.06767677,0.09926382,0.10991732
2021-05-15,0.06767677,0.09950552,0.11092172
2021-05-16,0.06764837,0.09950552,0.11089282
2021-05-17,0.08945962,0.09921011,0.11087766
2021-05-18,0.10410922,0.09921011,0.11087766
2021-05-19,0.10465049,0.09921011,0.11087766
2021-05-20,0.10514584,0.09947151,0.11087583
2021-05-21,0.16375900,0.09832703,0.11087583
2021-05-22,0.12981859,0.09832703,0.11087583
2021-05-23,0.12981859,0.10005530,0.11084985
2021-05-24,0.12981859,0.11747566,0.10982427
2021-05-25,0.13073623,0.11664399,0.10981024
2021-05-26,0.13330447,0.12737701,0.10983902
2021-05-27,0.13965807,0.12850455,0.10982733
2021-05-28,0.13374414,0.12817619,0.10982733
2021-05-29,0.13401683,0.12974246,0.10986647
2021-05-30,0.40469475,0.13252876,0.10986647
2021-05-31,0.40636998,0.13788738,0.10986647
2021-06-01,0.47246625,0.20276482,0.10986647
2021-06-02,-0.38383812,0.19986071,0.10862244
2021-06-03,-0.49481290,0.19887577,0.10833150
2021-06-04,-0.49481290,0.19941626,0.10834171
2021-06-05,-0.49481290,0.19982070,0.10834171
2021-06-06,-0.49481290,0.20484084,0.10847602
2021-06-07,-0.47093052,0.20698002,0.10851889
2021-06-08,-0.47093052,0.20277495,0.10857379
2021-06-09,-0.47093052,0.20277495,0.10807176
2021-06-10,-0.47093052,0.20277495,0.10863922
2021-06-11,-0.47093052,0.20254561,0.10871875
2021-06-12,-0.47093052,0.20254561,0.10875788
2021-06-13,-0.46558816,0.20245210,0.10873408
2021-06-14,-0.77010933,0.19149596,0.10474824
2021-06-15,-0.55914265,0.19278875,0.10871232
2021-06-16,-0.55914265,0.19278875,0.10868083
2021-06-17,-0.55914265,0.19245828,0.10794585
2021-06-18,-0.55914265,0.19245828,0.10631454
2021-06-19,-0.55914265,0.19245828,0.10372855
2021-06-20,-0.55914265,0.13932948,0.10385936
2021-06-21,-0.09155357,0.11639582,0.09882824
2021-06-22,-0.09227489,0.12212219,0.09471997
2021-06-23,-0.07735877,0.12205301,0.09024522
2021-06-24,-0.07472421,0.12437028,0.09023165
2021-06-25,-0.08710657,0.10981829,0.08717062
2021-06-26,-0.10336208,0.11121497,0.08663772
2021-06-27,-0.09414545,0.10963709,0.08665626
2021-06-28,-0.09414545,0.11056136,0.08840531
2021-06-29,-0.02664037,0.11772614,0.09097776
2021-06-30,-0.02828156,0.11930626,0.08128239
2021-07-01,-0.02828156,0.13527082,0.06857223
2021-07-02,-0.01017819,0.11339748,0.06803394
2021-07-03,-0.00204181,0.11754686,0.06676281
2021-07-04,-0.00460533,0.11656075,0.06291251
2021-07-05,-0.00460533,0.11656075,0.06716415
2021-07-06,-0.00470097,0.09734667,0.07885274
2021-07-07,-0.00470097,0.01182050,0.10780281
2021-07-08,-0.00470097,0.01182050,0.10778865
2021-07-09,-0.00470097,0.02443655,0.09929094
2021-07-10,-0.00470097,0.02443655,0.09929094
2021-07-11,-0.00470097,0.02443655,0.09929094
2021-07-12,-0.00470097,0.03631744,0.09996454
2021-07-13,-0.00305215,0.01629219,0.09996412
2021-07-14,0.11314225,0.01629219,0.09457922
2021-07-15,0.10188371,0.01688733,0.09541499
2021-07-16,0.10188371,0.02859121,0.11240363
2021-07-17,0.10188371,0.03657192,0.11242031
2021-07-18,0.10103355,0.03790407,0.11236482
2021-07-19,0.10406214,0.03742922,0.09941836
2021-07-20,0.05131904,0.06570764,0.09913724
2021-07-21,0.22472303,0.09542723,0.11239231
2021-07-22,0.22433234,0.09542723,0.11027173
2021-07-23,0.25110114,0.09542723,0.11064185
2021-07-24,0.25472553,0.09597139,0.11121491
2021-07-25,0.54884709,0.09702296,0.11169018
2021-07-26,0.81808445,0.20652852,0.14705358
2021-07-27,0.87563366,0.20454746,0.14122832
2021-07-28,0.87563366,0.20696188,0.14386505
2021-07-29,0.86719474,0.28324445,0.14384401
2021-07-30,0.88507337,0.29042883,0.14702199
2021-07-31,0.85221728,0.28949481,0.14885528
2021-08-01,0.84213061,0.24057142,0.14897372
2021-08-02,0.82407899,0.24001949,0.14802455
2021-08-03,0.77275089,0.21942018,0.14367848
2021-08-04,0.78053242,0.22734985,0.14590068
2021-08-05,0.79452675,0.24320749,0.15076884
2021-08-06,0.81070943,0.28860281,0.15878886
2021-08-07,0.73500763,0.41954020,0.21136229
2021-08-08,0.74007948,0.44351706,0.22220940
2021-08-09,0.77821165,0.49378663,0.24685645
2021-08-10,0.77702690,0.49451987,0.24783216
2021-08-11,0.77607154,0.49442292,0.24788164
2021-08-12,0.75445387,0.48767826,0.24681030
2021-08-13,0.63019847,0.45303395,0.24280402
2021-08-14,0.63103289,0.45581865,0.24742441
2021-08-15,0.63103289,0.45581865,0.24740974
2021-08-16,0.61653238,0.44852262,0.24511499
2021-08-17,0.53347516,0.39184789,0.22492092
2021-08-18,0.55640573,0.41033729,0.23443558
2021-08-19,0.57239489,0.41033729,0.23443558
2021-08-20,0.55324392,0.41033729,0.23443558
2021-08-21,0.55324392,0.41033729,0.23443558
2021-08-22,0.55303480,0.40979127,0.23431413
2021-08-23,0.55260655,0.40902124,0.23415033
2021-08-24,0.55239083,0.40858186,0.23396650
2021-08-25,0.51674097,0.40878045,0.23262333
2021-08-26,0.51446805,0.40788752,0.23312450
2021-08-27,0.51446805,0.40788752,0.23310095
2021-08-28,0.51498035,0.40788752,0.23310095
2021-08-29,0.51810189,0.41111580,0.23493082
2021-08-30,0.51720324,0.40767290,0.23608913
2021-08-31,0.52183258,0.41169289,0.23717548
2021-09-01,0.28972802,0.28127050,0.18506712
2021-09-02,0.30817504,0.28144713,0.18517392
2021-09-03,0.30319866,0.28145760,0.18522868
2021-09-04,0.29161659,0.28137581,0.18372312
2021-09-05,0.27668251,0.28041869,0.18652109
2021-09-06,0.10176100,0.28047458,0.18653624
2021-09-07,0.32371042,0.38350716,0.24983264
2021-09-08,0.23222525,0.37598027,0.24631722
2021-09-09,0.21679455,0.36972494,0.23977922
2021-09-10,0.20877994,0.36209498,0.23702576
2021-09-11,0.21164653,0.36220074,0.23708107
2021-09-12,0.21534090,0.37007871,0.24194369
2021-09-13,0.19500013,0.36942131,0.24355115
2021-09-14,0.19510272,0.36953633,0.24357461
2021-09-15,0.20610955,0.36953633,0.24357461
2021-09-16,0.29617806,0.36956198,0.24362494
2021-09-17,0.24995944,0.36892962,0.24337202
2021-09-18,0.24995944,0.36892962,0.24337202
2021-09-19,0.24963770,0.40285527,0.24333756
2021-09-20,0.16078787,0.34654958,0.22283882
2021-09-21,0.14118809,0.33533717,0.21746901
2021-09-22,0.13311078,0.31916654,0.21104387
2021-09-23,0.13141561,0.33932184,0.21104387
2021-09-24,0.12966802,0.33919814,0.21104387
2021-09-25,0.13142067,0.33965032,0.21102726
2021-09-26,0.13142067,0.33965032,0.21102726
2021-09-27,0.13142067,0.33659708,0.21103684
2021-09-28,0.12161953,0.33718618,0.21132713
2021-09-29,0.12628323,0.33718618,0.21152221
2021-09-30,0.12341239,0.33721523,0.21155342
2021-10-01,0.40271986,0.35003496,0.21981431
2021-10-02,0.40178342,0.35092788,0.21981431
2021-10-03,0.40168507,0.35092788,0.21988367
2021-10-04,0.40171556,0.35107411,0.22112291
2021-10-05,0.41284107,0.35200232,0.22164504
2021-10-06,0.39656178,0.34575866,0.21893629
2021-10-07,0.06809786,0.34579590,0.21899545
2021-10-08,0.08735816,0.34579590,0.21680421
2021-10-09,0.11553513,0.34579590,0.21680421
2021-10-10,0.18078459,0.34578963,0.21683797
2021-10-11,0.17872862,0.34578963,0.21683797
2021-10-12,0.20765870,0.34578963,0.21693781
2021-10-13,0.20680937,0.34597224,0.21768630
2021-10-14,0.17526505,0.34364688,0.21698988
2021-10-15,0.28085839,0.35018414,0.22200336
2021-10-16,0.28792512,0.35126469,0.22246795
2021-10-17,0.34119376,0.35816753,0.22661666
2021-10-18,0.34112212,0.36135641,0.22658865
2021-10-19,0.34119305,0.34941967,0.22650913
2021-10-20,0.30749984,0.33757005,0.22306779
2021-10-21,0.31969515,0.33201368,0.22114038
2021-10-22,0.36890507,0.32894941,0.21996817
2021-10-23,0.36827730,0.32892566,0.21992403
2021-10-24,0.36565585,0.30009136,0.21982256
2021-10-25,0.34177004,0.29659291,0.21828006
2021-10-26,0.32128929,0.29534022,0.21808836
2021-10-27,0.31765371,0.29545225,0.21812055
2021-10-28,0.31765371,0.29261021,0.21812055
2021-10-29,0.31765371,0.29384582,0.21820435
2021-10-30,0.31820001,0.29434068,0.21786845
2021-10-31,0.21374677,0.29576352,0.21793234
2021-11-01,0.24611145,0.30644247,0.22150104
2021-11-02,0.24727235,0.30376943,0.23217185
2021-11-03,0.28238121,0.30515843,0.23561632
2021-11-04,0.27919629,0.29803562,0.24112111
2021-11-05,0.28695531,0.24520114,0.24152318
2021-11-06,0.28930520,0.23133945,0.24151995
2021-11-07,0.28930520,0.18213272,0.24210991
2021-11-08,0.40344607,0.20428708,0.25356464
2021-11-09,0.41439281,0.20755050,0.25737183
2021-11-10,0.40509669,0.20825165,0.27813990
2021-11-11,0.40509669,0.22153939,0.27813990
2021-11-12,0.40535795,0.21153035,0.27808544
2021-11-13,0.41953532,0.21123657,0.27813260
2021-11-14,0.31388554,0.21175178,0.27617388
2021-11-15,0.31225408,0.24710843,0.27772863
2021-11-16,0.47362301,0.27829790,0.29767576
2021-11-17,0.47602438,0.27979537,0.29723241
2021-11-18,0.60227134,0.33228152,0.31930343
2021-11-19,0.69485103,0.33540949,0.32063200
2021-11-20,0.71630449,0.33540781,0.32057575
2021-11-21,0.73016971,0.33562053,0.32058305
2021-11-22,0.73588737,0.33605729,0.32063884
2021-11-23,0.73512740,0.33670418,0.32067997
2021-11-24,0.78513095,0.33771043,0.32067997
2021-11-25,0.80918416,0.33705749,0.32037452
2021-11-26,0.82330903,0.35884531,0.33111027
2021-11-27,0.81464401,0.36060867,0.33302599
2021-11-28,0.77091812,0.35625150,0.33072912
2021-11-29,0.76674958,0.35482910,0.32070818
2021-11-30,0.75085496,0.49052189,0.32138893
2021-12-01,0.74424882,0.49035089,0.32476477
2021-12-02,0.72812926,0.48739499,0.32392192
2021-12-03,0.72179348,0.48768102,0.32715610
2021-12-04,0.70920366,0.48774938,0.32588897
2021-12-05,0.71382037,0.48739449,0.32637056
2021-12-06,0.69695615,0.38499049,0.32527734
2021-12-07,0.67425998,0.38879893,0.32434095
2021-12-08,0.68526334,0.39845587,0.32466537
2021-12-09,0.67668267,0.41714229,0.32542105
2021-12-10,0.64348421,0.39780759,0.33211221
2021-12-11,0.61063587,0.39372028,0.32776783
2021-12-12,0.60877841,0.39349456,0.32985566
2021-12-13,0.60912327,0.39364676,0.32996137
2021-12-14,0.62670539,0.39364676,0.32996137
2021-12-15,0.62897479,0.39363953,0.32668431
2021-12-16,0.53713448,0.39487281,0.31199116
2021-12-17,0.53271573,0.39406892,0.31391912
2021-12-18,0.33891847,0.39403708,0.31754828
2021-12-19,0.33057366,0.44615380,0.31754828
2021-12-20,0.33057366,0.46509962,0.31754828
2021-12-21,0.31825164,0.50527661,0.32000408
2021-12-22,0.31698994,0.50452798,0.31683679
2021-12-23,0.18744562,0.45458619,0.30420664
2021-12-24,0.18720059,0.45452128,0.30442703
2021-12-25,0.18653099,0.45452128,0.30770780
2021-12-26,-0.02278593,0.45452128,0.31518569
2021-12-27,-0.06023206,0.45255950,0.31512370
2021-12-28,0.20813651,0.48935000,0.32947315
2021-12-29,0.26986622,0.49962840,0.34144245
2021-12-30,0.30172906,0.48743919,0.34155623
2021-12-31,0.33493384,0.49524423,0.34513901
2022-01-01,0.34803618,0.49524423,0.34513901
2022-01-02,0.34832818,0.49505012,0.34614736
2022-01-03,0.37084956,0.49918379,0.34844938
2022-01-04,0.37283969,0.50935770,0.34934993
2022-01-05,0.39460519,0.51090467,0.34908671
2022-01-06,0.42603874,0.50843383,0.35052357
2022-01-07,0.51500446,0.53422021,0.37879024
2022-01-08,0.46953191,0.51753403,0.37372398
2022-01-09,0.51950543,0.51650428,0.37366812
2022-01-10,0.47767338,0.49924057,0.36338198
2022-01-11,0.47793813,0.49948208,0.36476904
2022-01-12,0.44142879,0.49070606,0.36138198
2022-01-13,0.45852336,0.49230327,0.36354771
2022-01-14,0.47251848,0.49652320,0.36549963
2022-01-15,0.47151178,0.49052554,0.36946843
2022-01-16,0.47885661,0.49317276,0.37071979
2022-01-17,0.47457808,0.49164252,0.37023553
2022-01-18,0.47024877,0.51020717,0.36972020
2022-01-19,0.46062951,0.51571980,0.36839958
2022-01-20,0.51573466,0.53582479,0.37412442
2022-01-21,0.76449113,0.67173746,0.44951895
2022-01-22,0.87117976,0.68022908,0.45519433
2022-01-23,0.87845885,0.69690689,0.46020897
2022-01-24,0.86906267,0.69573017,0.45850204
2022-01-25,0.86906267,0.69787253,0.45850204
2022-01-26,0.86890805,0.69787253,0.45850204
2022-01-27,0.86628524,0.69787253,0.45850204
2022-01-28,0.86245410,0.69682072,0.45811084
2022-01-29,0.85912819,0.69845472,0.45812588
2022-01-30,0.86042706,0.69553334,0.45803049
2022-01-31,0.86067741,0.69535424,0.45820513
2022-02-01,0.86430670,0.69256989,0.45821321
2022-02-02,0.83711991,0.68628339,0.45648259
2022-02-03,0.83977924,0.68645067,0.45649436
2022-02-04,0.82765119,0.67661171,0.45288807
2022-02-05,0.83071024,0.67697993,0.45310633
2022-02-06,0.81677147,0.68416740,0.45331708
2022-02-07,0.83152800,0.68159457,0.45300295
2022-02-08,0.84087398,0.68507189,0.45300295
2022-02-09,0.86290617,0.68487691,0.45387857
2022-02-10,0.86628101,0.68489063,0.45433884
2022-02-11,0.89057946,0.68496421,0.45433884
2022-02-12,0.88865463,0.69074111,0.45486944
2022-02-13,0.85760283,0.67815828,0.44999800
2022-02-14,0.85849842,0.65766828,0.44988432
2022-02-15,0.83290430,0.65011629,0.44793165
2022-02-16,0.83369184,0.62166489,0.44779386
2022-02-17,0.83844689,0.62526441,0.45003295
2022-02-18,0.83625862,0.62567896,0.45113779
2022-02-19,0.82153274,0.62314572,0.45072818
2022-02-20,0.43954012,0.62360733,0.45075646
2022-02-21,0.25761905,0.62440261,0.45414199
2022-02-22,0.06521299,0.61493919,0.45193642
2022-02-23,0.09035046,0.61639472,0.45192742
2022-02-24,0.07312845,0.59523286,0.45104868
2022-02-25,0.06936322,0.59442197,0.45101147
2022-02-26,0.07070042,0.60768767,0.45095476
2022-02-27,0.06439892,0.61032067,0.45090188
2022-02-28,0.18786919,0.62197008,0.47443813
2022-03-01,0.20734013,0.61161751,0.47192354
2022-03-02,0.19834211,0.61455518,0.47361734
2022-03-03,0.15378993,0.60368770,0.47079354
2022-03-04,0.14179858,0.60931018,0.48255716
2022-03-05,0.15169725,0.60935065,0.48261560
2022-03-06,0.22421311,0.61346328,0.48321155
2022-03-07,0.22551334,0.62066103,0.48321155
2022-03-08,0.22674811,0.62092658,0.48239142
2022-03-09,0.23847730,0.61600853,0.48109783
2022-03-10,0.23847730,0.63161103,0.48109783
2022-03-11,0.23902689,0.64406599,0.48109783
2022-03-12,0.23902689,0.64495475,0.48109783
2022-03-13,0.23902689,0.64495475,0.48146063
2022-03-14,0.23365741,0.64495475,0.48146063
2022-03-15,0.34824472,0.64478701,0.48150640
2022-03-16,0.35016225,0.64474583,0.48151977
2022-03-17,0.34506821,0.65177724,0.48119667
2022-03-18,0.37717080,0.64996007,0.48114399
2022-03-19,0.28827684,0.64955571,0.48112728
2022-03-20,0.24668006,0.64500364,0.48030215
2022-03-21,0.25565048,0.65036321,0.48030215
2022-03-22,0.25565048,0.65058317,0.48030215
2022-03-23,0.24778996,0.70174568,0.47953966
2022-03-24,0.27762926,0.69782234,0.47825074
2022-03-25,0.27695064,0.69766727,0.47826330
2022-03-26,0.30279676,0.69669891,0.47780454
2022-03-27,0.54896781,0.71294267,0.48732314
2022-03-28,0.55210567,0.69884280,0.48746989
2022-03-29,0.55457329,0.69340539,0.48990334
2022-03-30,0.48502679,0.69258078,0.48673431
2022-03-31,0.53889388,0.68706069,0.48627960
2022-04-01,0.57354274,0.69006688,0.48800499
2022-04-02,0.66109103,0.69170008,0.48800802
2022-04-03,0.64674792,0.68765380,0.48763316
2022-04-04,0.63517749,0.68687554,0.47802313
2022-04-05,0.64630171,0.68897093,0.47881093
2022-04-06,0.78218459,0.71879039,0.49357678
2022-04-07,0.78377137,0.70500470,0.49405873
2022-04-08,0.83125136,0.72300419,0.49509491
2022-04-09,0.83125136,0.72622772,0.49559601
2022-04-10,0.82869955,0.74291545,0.49647587
2022-04-11,0.87514331,0.76947474,0.51415525
2022-04-12,0.87703132,0.78475171,0.51876676
2022-04-13,0.87692963,0.78281344,0.51819999
2022-04-14,0.87787704,0.78105597,0.51680442
2022-04-15,0.87768577,0.78255446,0.51510787
2022-04-16,0.88127192,0.78207796,0.50257780
2022-04-17,0.89360797,0.78312261,0.49969275
2022-04-18,0.88522716,0.78131909,0.48715991
2022-04-19,0.89494849,0.78202395,0.48642271
2022-04-20,0.89298466,0.77645932,0.48619175
2022-04-21,0.89311084,0.65431113,0.48855281
2022-04-22,0.85697051,0.61602627,0.49745751
2022-04-23,0.85577271,0.59164445,0.49457011
2022-04-24,0.85591454,0.60241451,0.49457156
2022-04-25,0.86061164,0.60576311,0.49832868
2022-04-26,0.78884860,0.59832902,0.51365091
2022-04-27,0.79779543,0.61424271,0.51546202
2022-04-28,0.79089625,0.61450485,0.51534802
2022-04-29,0.78871784,0.61453067,0.51533649
2022-04-30,0.80116121,0.62707130,0.51864014
2022-05-01,0.80653825,0.63794103,0.52240665
2022-05-02,0.80656056,0.63811562,0.52296659
2022-05-03,0.81151981,0.64490294,0.52354736
2022-05-04,0.81442771,0.64538455,0.52413895
2022-05-05,0.81983726,0.66993149,0.52676212
2022-05-06,0.73340511,0.64876546,0.52183042
2022-05-07,0.71133803,0.63674164,0.51881607
2022-05-08,0.68145394,0.62149324,0.51368068
2022-05-09,0.81673145,0.71658809,0.55171282
2022-05-10,0.82054174,0.72139397,0.55505552
2022-05-11,0.77896064,0.73323862,0.62259763
2022-05-12,0.74686084,0.72010926,0.61863923
2022-05-13,0.74995455,0.72034044,0.61912067
2022-05-14,0.75214026,0.73774357,0.62058879
2022-05-15,0.75272864,0.73716700,0.62095235
2022-05-16,0.75369458,0.74362539,0.62161692
2022-05-17,0.75304570,0.74548298,0.60000848
2022-05-18,0.76141115,0.74267003,0.60299118
2022-05-19,0.76246243,0.74318773,0.60595904
2022-05-20,0.76558491,0.74536116,0.61258247
2022-05-21,0.76707062,0.74536116,0.61286145
2022-05-22,0.77995941,0.74536116,0.61540880
2022-05-23,0.78553639,0.75613288,0.61540880
2022-05-24,0.78564878,0.75616437,0.61545740
2022-05-25,0.78598257,0.76143624,0.61545740
2022-05-26,0.80985992,0.76186580,0.61554938
2022-05-27,0.80087973,0.76206950,0.61612783
2022-05-28,0.80566178,0.76228549,0.61612783
2022-05-29,0.80594069,0.75721604,0.61613674
2022-05-30,0.80141593,0.76755048,0.64412196
2022-05-31,0.79012456,0.76726348,0.65205889
2022-06-01,0.76364528,0.76589801,0.66223485
2022-06-02,0.75912920,0.76404556,0.66159873
2022-06-03,0.76125891,0.76404556,0.66159873
2022-06-04,0.75348659,0.76404556,0.66159873
2022-06-05,0.78037731,0.76404556,0.66159873
2022-06-06,0.79759124,0.76371922,0.66146469
2022-06-07,0.82540808,0.76509163,0.65997251
2022-06-08,0.70913897,0.75926818,0.65795967
2022-06-09,0.67283995,0.75919495,0.65801897
2022-06-10,0.50695627,0.76606136,0.65918652
2022-06-11,0.60580929,0.75676228,0.65832402
2022-06-12,0.69524780,0.76737710,0.66584702
2022-06-13,0.85738327,0.80991112,0.69840822
2022-06-14,0.85882572,0.80923602,0.69807203
2022-06-15,0.85464790,0.81005143,0.70216233
2022-06-16,0.85464790,0.81458387,0.70268160
2022-06-17,0.85464790,0.81462395,0.70268160
2022-06-18,0.85464790,0.81753561,0.70268160
2022-06-19,0.85464790,0.81753561,0.70277306
2022-06-20,0.85464790,0.81753561,0.70277306
2022-06-21,0.85464790,0.82020419,0.70277306
2022-06-22,0.85464790,0.82487162,0.70301916
2022-06-23,0.85464790,0.82481945,0.70430535
2022-06-24,0.85464790,0.82653804,0.70598089
2022-06-25,0.85464790,0.82145546,0.70614330
2022-06-26,0.85452171,0.82162255,0.70533726
2022-06-27,0.85452171,0.82182661,0.70534917
2022-06-28,0.85419950,0.82105197,0.70527344
2022-06-29,0.85622543,0.82188938,0.71399173
2022-06-30,0.86001043,0.82058614,0.71704541
2022-07-01,0.88864460,0.82059515,0.71910191
2022-07-02,0.89285442,0.82205622,0.71943257
2022-07-03,0.89285442,0.82356697,0.71959908
2022-07-04,0.89311237,0.82404654,0.72335285
2022-07-05,0.89295970,0.81654492,0.72640472
2022-07-06,0.89348592,0.81630377,0.72732376
2022-07-07,0.90040864,0.81465717,0.72707714
2022-07-08,0.91506809,0.81320004,0.72655447
2022-07-09,0.91558776,0.81304867,0.72655447
2022-07-10,0.91280225,0.80004529,0.72771497
2022-07-11,0.97075540,0.80546887,0.73182374
2022-07-12,0.96088589,0.80753467,0.73412644
2022-07-13,0.94740492,0.81533367,0.73782591
2022-07-14,0.93681283,0.81351350,0.73704519
2022-07-15,0.88486995,0.80533307,0.73437774
2022-07-16,0.25497973,0.67446486,0.67745333
2022-07-17,0.24220500,0.67503797,0.67654470
2022-07-18,-0.12671415,0.47035459,0.57072168
2022-07-19,-0.18336748,0.44416765,0.55552498
2022-07-20,-0.16214366,0.44801674,0.55755760
2022-07-21,-0.16214366,0.45360735,0.55755760
2022-07-22,-0.16134077,0.45591924,0.55760078
2022-07-23,-0.16432558,0.45494550,0.55726151
2022-07-24,-0.16028004,0.45201105,0.55829283
2022-07-25,-0.16392365,0.45444924,0.55730628
2022-07-26,-0.16505737,0.44151462,0.54951304
2022-07-27,-0.16505737,0.44049380,0.54937311
2022-07-28,-0.15550257,0.44111894,0.54009316
2022-07-29,-0.15367387,0.43746933,0.53951966
2022-07-30,-0.15367387,0.42953615,0.53951966
2022-07-31,-0.15367387,0.42953615,0.53951751
2022-08-01,-0.15367387,0.42953615,0.53956743
2022-08-02,-0.15367387,0.42953064,0.53967757
2022-08-03,-0.15775429,0.42375128,0.53969591
2022-08-04,-0.17470355,0.43114498,0.54013130
2022-08-05,-0.18122496,0.42577095,0.52873974
2022-08-06,-0.18685517,0.43534646,0.52794465
2022-08-07,-0.18490297,0.36234705,0.53147688
2022-08-08,-0.18437978,0.34725368,0.53119545
2022-08-09,-0.18917547,0.29458808,0.53225457
2022-08-10,-0.31906696,0.29919033,0.53258861
2022-08-11,-0.40910809,0.29624252,0.53340624
2022-08-12,-0.59036632,0.28900052,0.53340624
2022-08-13,-0.60758194,0.29075822,0.53506107
2022-08-14,-0.60801943,0.28707116,0.53501157
2022-08-15,-0.50501488,0.28543473,0.53481156
2022-08-16,-0.51303592,0.27866518,0.53333323
2022-08-17,-0.11975042,0.28447563,0.53512823
2022-08-18,0.15087494,0.28316878,0.53501376
2022-08-19,0.80589254,0.40608753,0.57537311
2022-08-20,0.78613564,0.40283004,0.57618909
2022-08-21,0.79329292,0.40942773,0.57795547
2022-08-22,0.79779667,0.40946993,0.57795400
2022-08-23,0.80255167,0.40906767,0.57747937
2022-08-24,0.81901611,0.40893692,0.57743336
2022-08-25,0.80945933,0.40860164,0.57700425
2022-08-26,0.80755801,0.41267765,0.57888502
2022-08-27,0.80493436,0.41241253,0.57895231
2022-08-28,0.81188237,0.41610821,0.58084526
2022-08-29,0.81755658,0.42531171,0.58335402
2022-08-30,0.80670961,0.43373692,0.58375566
2022-08-31,0.80670961,0.43342494,0.58375332
2022-09-01,0.80368364,0.43362179,0.59603558
2022-09-02,0.80368989,0.43388732,0.59605130
2022-09-03,0.80060860,0.43315737,0.59582949
2022-09-04,0.85120746,0.43390447,0.59584403
2022-09-05,0.85131857,0.43760229,0.59600069
2022-09-06,0.83585664,0.43564405,0.58964673
2022-09-07,0.83072747,0.43565428,0.58688419
2022-09-08,0.83089392,0.42619990,0.58593670
2022-09-09,0.78025111,0.40665093,0.57918249
2022-09-10,0.77182941,0.38307160,0.57800506
2022-09-11,0.76283841,0.22558531,0.57689180
2022-09-12,0.74719889,0.22133927,0.57346590
2022-09-13,0.69739232,0.21046221,0.56829395
2022-09-14,0.69320797,0.20875689,0.56624778
2022-09-15,0.71142648,0.20875689,0.56682281
2022-09-16,0.70544682,0.20875689,0.56180401
2022-09-17,0.70777864,0.20875689,0.56556433
2022-09-18,0.27610183,0.20726574,0.56431389
2022-09-19,0.30472908,0.20724346,0.56818002
2022-09-20,0.25986977,0.20724346,0.56827262
2022-09-21,0.24088245,0.20361948,0.56657184
2022-09-22,0.23878239,0.20361948,0.56545360
2022-09-23,0.24011263,0.20361948,0.56441583
2022-09-24,0.23813496,0.20339212,0.56459315
2022-09-25,0.16750265,0.20339212,0.56388851
2022-09-26,0.15670884,0.20303304,0.56415797
2022-09-27,0.07195380,0.20108027,0.56333692
2022-09-28,-0.05356012,0.20112251,0.56425099
2022-09-29,-0.04413207,0.20112251,0.56184066
2022-09-30,-0.04149118,0.20117018,0.51681363
2022-10-01,-0.03733753,0.20117018,0.51247317
2022-10-02,-0.03566671,0.20067107,0.50834655
2022-10-03,-0.01578970,0.19777298,0.51050823
2022-10-04,-0.01627189,0.19792534,0.51051965
2022-10-05,0.00648803,0.20086504,0.51129478
2022-10-06,-0.01438809,0.20083664,0.51088221
2022-10-07,0.01105403,0.20022956,0.51104592
2022-10-08,0.02031622,0.19783955,0.51111559
2022-10-09,0.03636318,0.16215342,0.51210754
2022-10-10,0.06030661,0.14366583,0.51277105
2022-10-11,0.08918992,0.10465718,0.51276392
2022-10-12,0.10467902,0.10667954,0.51491128
2022-10-13,0.24792879,0.11216323,0.51521636
2022-10-14,0.27351138,0.21460566,0.51838909
2022-10-15,0.27351138,0.21640960,0.51820297
2022-10-16,0.27351138,0.52034550,0.51802243
2022-10-17,0.27351138,0.58803744,0.51831100
2022-10-18,0.31486454,0.58497863,0.51895033
2022-10-19,0.31500805,0.58497863,0.51894166
2022-10-20,0.29154545,0.58358306,0.51878351
2022-10-21,0.48909634,0.58329986,0.51862861
2022-10-22,0.48909634,0.58654118,0.51817399
2022-10-23,0.59521896,0.59807066,0.52429763
2022-10-24,0.63363267,0.60394885,0.52618794
2022-10-25,0.58065664,0.59859990,0.52705030
2022-10-26,0.76140623,0.62409364,0.53487721
2022-10-27,0.83022629,0.63062775,0.53549576
2022-10-28,0.83637778,0.63062775,0.53471103
2022-10-29,0.83637778,0.63062775,0.53516986
2022-10-30,0.83913947,0.63062775,0.53516986
2022-10-31,0.81828745,0.63020450,0.53579041
2022-11-01,0.82273514,0.63015387,0.53804850
2022-11-02,0.81137804,0.62891822,0.53784071
2022-11-03,0.81165356,0.66048051,0.53883887
2022-11-04,0.81853771,0.66459348,0.53996775
2022-11-05,0.82289108,0.66135653,0.53906903
2022-11-06,0.83245933,0.66632561,0.53920310
2022-11-07,0.65079017,0.62995038,0.52682606
2022-11-08,0.66605951,0.63806782,0.53306917
2022-11-09,0.35560065,0.47267207,0.48317387
2022-11-10,0.29832341,0.43093609,0.46691392
2022-11-11,0.29484736,0.43070834,0.46676641
2022-11-12,0.29345942,0.42855938,0.46584955
2022-11-13,0.29384718,0.43049979,0.46479623
2022-11-14,0.29319784,0.43711348,0.46476899
2022-11-15,0.29319784,0.43043603,0.46476899
2022-11-16,0.29319784,0.43138863,0.46635421
2022-11-17,0.28868353,0.25254227,0.46635421
2022-11-18,0.28868353,0.26014853,0.46635421
2022-11-19,0.29116761,0.25317737,0.46635421
2022-11-20,0.29395745,0.25314628,0.46635421
2022-11-21,0.29395745,0.25341315,0.46635421
2022-11-22,0.27924071,0.25349949,0.46633315
2022-11-23,0.26317256,0.25374590,0.46631642
2022-11-24,0.26668304,0.23231158,0.46654547
2022-11-25,0.11959734,0.22982714,0.46632279
2022-11-26,0.08719885,0.20601771,0.46614056
2022-11-27,0.08719885,0.18445697,0.46654729
2022-11-28,0.08719885,0.19079333,0.46654729
2022-11-29,0.08719885,0.19079333,0.46654729
2022-11-30,0.04833751,0.19336797,0.46665255
2022-12-01,0.04541080,0.19353129,0.46724202
2022-12-02,0.04492797,0.19254465,0.46714626
2022-12-03,0.04448668,0.19135187,0.46646685
2022-12-04,0.00296016,0.19102204,0.45935231
2022-12-05,0.01384509,0.19292470,0.45908088
2022-12-06,0.01701548,0.20006840,0.45913616
2022-12-07,0.10758755,0.19727322,0.45755218
2022-12-08,0.01897410,0.21916432,0.45839951
2022-12-09,0.00738418,0.22360238,0.45684686
2022-12-10,0.05523586,0.22912481,0.45684196
2022-12-11,0.05455898,0.24090984,0.45714343
2022-12-12,0.06367829,0.26445770,0.45758993
2022-12-13,0.05884282,0.26042755,0.45583277
2022-12-14,0.06107936,0.25937301,0.44323742
2022-12-15,0.06107936,0.25937301,0.44274178
2022-12-16,0.62069405,0.32008963,0.44909441
2022-12-17,0.63748014,0.32527869,0.44984918
2022-12-18,0.63595057,0.32523975,0.44959240
2022-12-19,0.60353517,0.32134142,0.43373454
2022-12-20,0.55699538,0.32511598,0.43104536
2022-12-21,0.55610937,0.32510002,0.43104339
2022-12-22,0.55585419,0.32506332,0.43114358
2022-12-23,0.55616388,0.32505526,0.43091925
2022-12-24,0.55623866,0.32505479,0.43049041
2022-12-25,0.55260066,0.32515535,0.43032610
2022-12-26,0.55991649,0.33400923,0.43132997
2022-12-27,0.50051798,0.32521482,0.42981700
2022-12-28,0.45797717,0.31886622,0.42858034
2022-12-29,0.45672210,0.31871392,0.42845936
2022-12-30,0.46457788,0.31869739,0.43140573
2022-12-31,0.47596985,0.32054704,0.43251441
2023-01-01,0.48175132,0.31807068,0.43252566
2023-01-02,0.50962433,0.31809465,0.43150688
2023-01-03,0.52458754,0.31557415,0.43404170
2023-01-04,0.45868446,0.31228260,0.42511746
2023-01-05,0.45564673,0.31378176,0.42516803
2023-01-06,0.50061556,0.31484952,0.42540581
2023-01-07,0.49060695,0.31139399,0.42249301
2023-01-08,0.45531362,0.30329488,0.41781018
2023-01-09,0.45718450,0.30489462,0.41761424
2023-01-10,0.45455090,0.30147588,0.41737159
2023-01-11,0.49246491,0.31146100,0.41947163
2023-01-12,0.27687545,0.24845302,0.40586060
2023-01-13,0.18876877,0.21199740,0.40001544
2023-01-14,0.28437950,0.23412235,0.40585348
2023-01-15,0.14645283,0.23411174,0.41010738
2023-01-16,0.08779172,0.22222529,0.36863202
2023-01-17,0.10217785,0.22369851,0.36318436
2023-01-18,0.12739513,0.22852446,0.33939889
2023-01-19,0.19286834,0.24072234,0.34417540
2023-01-20,0.22509733,0.24581731,0.34461300
2023-01-21,0.28551294,0.25053339,0.34625688
2023-01-22,0.28486347,0.24167423,0.34674937
2023-01-23,0.30922206,0.24929143,0.34724109
2023-01-24,0.29545854,0.19638946,0.34683486
2023-01-25,0.30735129,0.18816627,0.34780788
2023-01-26,0.33071750,0.18811793,0.34782396
2023-01-27,0.37792323,0.19426212,0.34957815
2023-01-28,0.37645715,0.19426212,0.34957815
2023-01-29,0.37727590,0.18419177,0.34959614
2023-01-30,0.37393150,0.18239129,0.34939643
2023-01-31,0.38497431,0.18566327,0.35039696
2023-02-01,0.38476304,0.18595059,0.35038013
2023-02-02,0.38390202,0.17746994,0.35038013
2023-02-03,0.43142763,0.17987675,0.35038013
2023-02-04,0.43297727,0.18015010,0.35056966
2023-02-05,0.43378784,0.20403009,0.35074376
2023-02-06,0.43914486,0.18754935,0.35007938
2023-02-07,0.48555559,0.27703559,0.35192105
2023-02-08,0.50427393,0.37678256,0.35559839
2023-02-09,0.52673330,0.39181912,0.35782774
2023-02-10,0.49270833,0.40219216,0.35830053
2023-02-11,0.59124615,0.41664693,0.35932376
2023-02-12,0.71410187,0.41451151,0.35899236
2023-02-13,0.66890157,0.40948554,0.35850020
2023-02-14,0.67771335,0.41996195,0.36204748
2023-02-15,0.90000927,0.57007052,0.39050392
2023-02-16,0.90391714,0.57019836,0.39053430
2023-02-17,0.86382598,0.55918715,0.38232628
2023-02-18,0.85972046,0.55921527,0.37641034
2023-02-19,0.84922153,0.55748981,0.36388227
2023-02-20,0.84489117,0.56124747,0.29293765
2023-02-21,0.83409221,0.55650415,0.29265736
2023-02-22,0.82936397,0.55525313,0.29220139
2023-02-23,0.83989557,0.55967460,0.29470707
2023-02-24,0.84165103,0.56103174,0.29484234
2023-02-25,0.84144484,0.56102325,0.29482360
2023-02-26,0.83389374,0.55936776,0.29461759
2023-02-27,0.83386470,0.55920489,0.29462835
2023-02-28,0.83404225,0.56170659,0.29459105
2023-03-01,0.78086044,0.55523391,0.29517221
2023-03-02,0.77874788,0.55607458,0.29517221
2023-03-03,0.79255452,0.57044022,0.29734802
2023-03-04,0.79259949,0.57435925,0.29734286
2023-03-05,0.78909692,0.57375532,0.29709701
2023-03-06,0.79134133,0.57338380,0.29709863
2023-03-07,0.79109706,0.57666550,0.29711489
2023-03-08,0.78913575,0.57638792,0.29711506
2023-03-09,0.80768657,0.59850218,0.30693250
2023-03-10,0.80820995,0.59912645,0.30730647
2023-03-11,0.78766199,0.59469152,0.30695674
2023-03-12,0.78743338,0.59390015,0.30676986
2023-03-13,0.42422896,0.43351143,0.26277596
2023-03-14,0.39766959,0.41387743,0.25513147
2023-03-15,0.40059095,0.41206426,0.25480700
2023-03-16,0.37921131,0.37595079,0.25309915
2023-03-17,0.02611794,0.33061718,0.23630153
2023-03-18,0.03916572,0.33449371,0.23739083
2023-03-19,0.04423687,0.33394190,0.23323693
2023-03-20,0.03803891,0.33537049,0.21734717
2023-03-21,0.02976424,0.33566496,0.20958295
2023-03-22,0.00884990,0.33518770,0.19643534
2023-03-23,0.02264101,0.33502117,0.19666351
2023-03-24,0.02923160,0.33498744,0.19896830
2023-03-25,-0.01479750,0.33541827,0.23950778
2023-03-26,-0.01778627,0.33498675,0.24003282
2023-03-27,-0.01791197,0.34249671,0.32895691
2023-03-28,-0.01222333,0.35068399,0.34430494
2023-03-29,-0.01180202,0.35018457,0.34206178
2023-03-30,0.00878073,0.35261126,0.34275837
2023-03-31,-0.05679990,0.35185177,0.34259312
2023-04-01,-0.05643410,0.35159409,0.34276037
2023-04-02,-0.07301788,0.35175624,0.34259314
2023-04-03,-0.05045634,0.35079004,0.34308323
2023-04-04,-0.04644770,0.36507285,0.34308323
2023-04-05,-0.04709985,0.36464792,0.34308323
2023-04-06,-0.04512370,0.36454586,0.34143168
2023-04-07,-0.04517660,0.36413926,0.34150672
2023-04-08,-0.24739815,0.37306600,0.34150672
2023-04-09,-0.26205112,0.37762701,0.34150222
2023-04-10,-0.18079242,0.39084905,0.34270088
2023-04-11,-0.17743642,0.38124496,0.34152373
2023-04-12,0.22749285,0.40669660,0.34423625
2023-04-13,0.21566535,0.40520847,0.34234129
2023-04-14,0.09745070,0.34378571,0.34330977
2023-04-15,0.10377982,0.34453543,0.34346175
2023-04-16,0.15248203,0.35249974,0.34199193
2023-04-17,0.10426892,0.34921396,0.34166045
2023-04-18,0.27341329,0.36430935,0.34758392
2023-04-19,0.40214945,0.36715608,0.35292785
2023-04-20,0.37192464,0.35934676,0.35135266
2023-04-21,0.47704077,0.36970884,0.35969013
2023-04-22,0.49097314,0.37341343,0.36082858
2023-04-23,0.47965934,0.36526193,0.35983729
2023-04-24,0.49084573,0.37329725,0.36272825
2023-04-25,0.49076240,0.37030173,0.36542329
2023-04-26,0.55312420,0.39234736,0.36883087
2023-04-27,0.52815008,0.38259616,0.36705874
2023-04-28,0.52779806,0.38279292,0.28950888
2023-04-29,0.52251452,0.38282303,0.29227121
2023-04-30,0.52249003,0.38364025,0.28875899
2023-05-01,0.54373145,0.39364437,0.29366604
2023-05-02,0.55470069,0.39715755,0.29497571
2023-05-03,0.57077112,0.39914681,0.29578282
2023-05-04,0.57077112,0.39914681,0.29584400
2023-05-05,0.47317432,0.36350173,0.28077022
2023-05-06,0.44216629,0.35605692,0.28002849
2023-05-07,0.44173596,0.35360940,0.27369214
2023-05-08,0.44628714,0.35286123,0.26933682
2023-05-09,0.44610758,0.35285161,0.27078128
2023-05-10,0.48550303,0.36309554,0.27720575
2023-05-11,0.49986700,0.36319418,0.27792142
2023-05-12,0.48712310,0.35926536,0.27755664
2023-05-13,0.49647761,0.36147222,0.27755991
2023-05-14,0.55523506,0.36417379,0.27757152
2023-05-15,0.55398340,0.35842968,0.27748960
2023-05-16,0.56677797,0.23747108,0.27950871
2023-05-17,0.58548730,0.23867774,0.28137721
2023-05-18,0.56023675,0.24370853,0.28216706
2023-05-19,0.50704939,0.24361672,0.28508835
2023-05-20,0.52999086,0.24348720,0.28583187
2023-05-21,0.41066676,0.23876028,0.28703263
2023-05-22,0.39956970,0.24279366,0.28823528
2023-05-23,0.41350266,0.24242495,0.29471914
2023-05-24,0.37694225,0.22821372,0.29326993
2023-05-25,0.38109234,0.23158200,0.29430818
2023-05-26,0.29891747,0.23151178,0.29430818
2023-05-27,0.33548145,0.23263459,0.29430818
2023-05-28,0.47415890,0.26612510,0.30655105
2023-05-29,0.47780294,0.26820256,0.30693044
2023-05-30,0.48070589,0.26674259,0.30684897
2023-05-31,0.42858370,0.26690484,0.30990975
2023-06-01,0.42434908,0.25828194,0.31006937
2023-06-02,0.42878557,0.26236072,0.31118388
2023-06-03,0.42878557,0.26364662,0.31118388
2023-06-04,0.62821436,0.26373777,0.31120521
2023-06-05,0.81506774,0.28664817,0.31976023
2023-06-06,0.85842976,0.31725225,0.32957750
2023-06-07,0.86211723,0.28892735,0.32957082
2023-06-08,0.86190322,0.28790276,0.32957082
2023-06-09,0.84356365,0.28872934,0.32953105
2023-06-10,0.84837305,0.29270854,0.33138237
2023-06-11,0.85728160,0.41632285,0.33160810
2023-06-12,0.85423238,0.43866905,0.33072352
2023-06-13,0.84863528,0.44074281,0.33074447
2023-06-14,0.86284169,0.45680820,0.33336976
2023-06-15,0.86080522,0.55168494,0.33464743
2023-06-16,0.83132534,0.54440899,0.33402564
2023-06-17,0.82797044,0.56604477,0.33362281
2023-06-18,0.82797044,0.57602733,0.33241090
2023-06-19,0.82787744,0.57770761,0.33228507
2023-06-20,0.73203034,0.55427364,0.32903507
2023-06-21,0.81080746,0.60749255,0.34912458
2023-06-22,0.82267385,0.60858294,0.34944458
2023-06-23,0.84821340,0.60742222,0.34958270
2023-06-24,0.84507255,0.60742222,0.34958270
2023-06-25,0.84507255,0.60742222,0.34958270
2023-06-26,0.84577300,0.60750786,0.34963207
2023-06-27,0.80365393,0.60213407,0.34831433
2023-06-28,0.80115478,0.60135976,0.34858075
2023-06-29,0.80182704,0.60111088,0.34886823
2023-06-30,0.78054495,0.59600926,0.34820794
2023-07-01,0.77880743,0.59669725,0.34812635
2023-07-02,0.77466491,0.60062454,0.34548208
2023-07-03,0.77478445,0.60026197,0.34271906
2023-07-04,0.76302423,0.59751834,0.34344495
2023-07-05,0.74597201,0.59753877,0.32808813
2023-07-06,0.57853743,0.57257081,0.31842940
2023-07-07,0.57668305,0.57141752,0.31844641
2023-07-08,0.57551547,0.57129191,0.31838704
2023-07-09,0.57301478,0.57331918,0.31840205
2023-07-10,0.57126431,0.58078074,0.31686208
2023-07-11,0.57101797,0.57584516,0.31660895
2023-07-12,0.57426868,0.58615186,0.31662976
2023-07-13,0.54988962,0.61775013,0.31954930
2023-07-14,0.57152957,0.63074747,0.32416534
2023-07-15,0.56820301,0.63566335,0.32499156
2023-07-16,0.58320559,0.64249308,0.32476867
2023-07-17,0.58609862,0.63193258,0.33485870
2023-07-18,0.58609862,0.62002892,0.32937690
2023-07-19,0.58146954,0.62864118,0.39193180
2023-07-20,0.65790406,0.60343876,0.43487182
2023-07-21,0.41010331,0.60038737,0.43495872
2023-07-22,0.39588486,0.60019885,0.43576087
2023-07-23,0.40888945,0.59989784,0.43894118
2023-07-24,0.40508562,0.59987337,0.43917501
2023-07-25,0.40474185,0.58163248,0.43934331
2023-07-26,0.40921212,0.59584536,0.43934331
2023-07-27,0.45477057,0.59592247,0.43934331
2023-07-28,0.44095982,0.59391275,0.43876907
2023-07-29,0.46132373,0.59512144,0.43876907
2023-07-30,0.49636115,0.58563329,0.43869422
2023-07-31,0.49223595,0.58318623,0.43876413
2023-08-01,0.48328017,0.58132350,0.43876856
2023-08-02,0.50086609,0.58210901,0.43958440
2023-08-03,0.52241098,0.64617596,0.43949835
2023-08-04,0.52314785,0.68144018,0.43949835
2023-08-05,0.70050391,0.68351009,0.43993732
2023-08-06,0.71733275,0.68196073,0.43996908
2023-08-07,0.71613984,0.68217438,0.44023917
2023-08-08,0.72799984,0.66684879,0.44022083
2023-08-09,0.73622777,0.66776087,0.44131489
2023-08-10,0.73687473,0.67082054,0.44225668
2023-08-11,0.73587838,0.67086241,0.44256716
2023-08-12,0.65952119,0.67081389,0.44536850
2023-08-13,0.23661379,0.67254512,0.44649216
2023-08-14,0.22409412,0.66820709,0.44698433
2023-08-15,0.17461100,0.66306629,0.44616591
2023-08-16,0.10159504,0.66142359,0.44693847
2023-08-17,0.80391380,0.70109613,0.46169843
2023-08-18,0.73961503,0.69298038,0.46072451
2023-08-19,0.74592504,0.69281016,0.46069616
2023-08-20,0.75257528,0.69402943,0.46064284
2023-08-21,0.79380013,0.69774311,0.46102240
2023-08-22,0.79801777,0.71710899,0.46289884
2023-08-23,0.79899662,0.71516261,0.46299649
2023-08-24,0.79885341,0.71516261,0.46299649
2023-08-25,0.79828796,0.71519193,0.45035921
2023-08-26,0.79316897,0.68998137,0.44909129
2023-08-27,0.81250826,0.68882446,0.44917878
2023-08-28,0.79229691,0.68565784,0.45015673
2023-08-29,0.79462060,0.68659412,0.45396413
2023-08-30,0.79533588,0.68602575,0.45403298
2023-08-31,0.74983178,0.67455954,0.45169980
2023-09-01,0.74071812,0.67297247,0.45119003
2023-09-02,0.74056549,0.67269729,0.45120139
2023-09-03,0.74049019,0.64828037,0.45136267
2023-09-04,0.73958064,0.61592547,0.45131930
2023-09-05,0.73678285,0.61665859,0.45466934
2023-09-06,0.73370767,0.61665859,0.45790480
2023-09-07,0.73778985,0.61670323,0.45795262
2023-09-08,0.74393228,0.61148637,0.45853289
2023-09-09,0.74392293,0.61209325,0.45862950
2023-09-10,0.73248516,0.60981631,0.45786580
2023-09-11,0.70599228,0.60580254,0.45635775
2023-09-12,0.71463003,0.59474977,0.45706522
2023-09-13,0.71877626,0.59260685,0.46273165
2023-09-14,0.74616905,0.60383621,0.46270971
2023-09-15,0.74669882,0.60422807,0.46236922
2023-09-16,0.43279265,0.60381804,0.46235746
2023-09-17,0.66910462,0.60097798,0.46566445
2023-09-18,0.66747747,0.65944893,0.46676894
2023-09-19,0.66641029,0.56151941,0.46747405
2023-09-20,0.59472777,0.55413657,0.46250274
2023-09-21,0.54043242,0.56029392,0.47569149
2023-09-22,0.52742520,0.55861685,0.48633904
2023-09-23,0.52658710,0.55852520,0.47495402
2023-09-24,0.51759432,0.55899777,0.47458627
2023-09-25,0.53860040,0.57908719,0.48261168
2023-09-26,0.55417700,0.57792797,0.48263840
2023-09-27,0.55352365,0.57786364,0.48064528
2023-09-28,0.53988633,0.59254465,0.47669397
2023-09-29,0.54381758,0.59278856,0.47476234
2023-09-30,0.57082748,0.59295684,0.47004004
2023-10-01,0.57321322,0.59781191,0.46983767
2023-10-02,0.54560852,0.60329368,0.46765781
2023-10-03,0.54742782,0.60374469,0.46945211
2023-10-04,0.54707753,0.68150938,0.46852028
2023-10-05,0.56158919,0.68623933,0.46808098
2023-10-06,0.61137813,0.68930120,0.46676553
2023-10-07,0.61137813,0.69542784,0.46676553
2023-10-08,0.59585360,0.69570222,0.46675195
2023-10-09,0.53531245,0.68649705,0.46592080
2023-10-10,0.55257618,0.68607576,0.46440228
2023-10-11,0.27426984,0.66487226,0.46474362
2023-10-12,0.28278963,0.61143898,0.46459805
2023-10-13,0.32041485,0.61268407,0.46489691
2023-10-14,0.32010804,0.61392621,0.46487197
2023-10-15,0.31362098,0.60909769,0.46473324
2023-10-16,-0.08439821,0.35609558,0.44353197
2023-10-17,-0.07876368,0.35484178,0.44115124
2023-10-18,-0.07688610,0.35590724,0.44117758
2023-10-19,-0.04452962,0.36318229,0.43874260
2023-10-20,-0.04198278,0.37373247,0.43833151
2023-10-21,-0.04799758,0.36427549,0.43637767
2023-10-22,-0.05463191,0.36330747,0.43719901
2023-10-23,-0.29943766,0.16105351,0.40317977
2023-10-24,-0.29700256,0.16022564,0.39987572
2023-10-25,-0.31365679,0.16022564,0.33490286
2023-10-26,-0.30487992,0.15952707,0.33439382
2023-10-27,-0.31396966,0.15843054,0.33570506
2023-10-28,-0.31871029,0.15824595,0.33564952
2023-10-29,-0.31154480,0.15522386,0.33550886
2023-10-30,-0.27844750,0.16074738,0.33377821
2023-10-31,-0.27782981,0.14995069,0.33545712
2023-11-01,-0.25678961,0.15602753,0.33669101
2023-11-02,-0.24818401,0.15465669,0.33281301
2023-11-03,-0.24792251,0.15465669,0.33267055
2023-11-04,-0.24829238,0.15467332,0.33265584
2023-11-05,-0.28021012,0.15152682,0.33310207
2023-11-06,-0.28021012,0.15168968,0.33319575
2023-11-07,-0.27719747,0.15270294,0.33351465
2023-11-08,-0.26950750,0.15263548,0.33488924
2023-11-09,-0.04276933,0.18183981,0.31313455
2023-11-10,-0.03714110,0.18065915,0.30831345
2023-11-11,-0.04030027,0.18036941,0.30819919
2023-11-12,-0.04738791,0.17786657,0.30873526
2023-11-13,-0.04719142,0.18276613,0.30868260
2023-11-14,-0.04974826,0.17280363,0.30721572
2023-11-15,0.02260864,0.03863019,0.30352211
2023-11-16,0.02292629,0.04092034,0.28700825
2023-11-17,0.02335938,0.04082331,0.28625776
2023-11-18,0.01175827,0.04063769,0.28706919
2023-11-19,0.01351486,0.03716288,0.28718903
2023-11-20,0.03630824,0.03210548,0.35516364
2023-11-21,0.03442591,0.03210548,0.36658847
2023-11-22,0.23550674,0.03210548,0.36758908
2023-11-23,0.23537775,0.03009534,0.37048723
2023-11-24,0.23471998,0.03079136,0.41319150
2023-11-25,0.23739944,0.03095023,0.41193198
2023-11-26,0.23673962,0.03257266,0.42089789
2023-11-27,0.23654956,0.03257266,0.42428752
2023-11-28,0.24205702,0.03257266,0.42428752
2023-11-29,0.23423289,0.03259267,0.42428752
2023-11-30,0.23423289,0.03251916,0.42428752
2023-12-01,0.22525328,0.03263098,0.42426967
2023-12-02,0.22880844,0.03262174,0.42426967
2023-12-03,0.22880844,0.03258524,0.42426967
2023-12-04,0.23672908,0.03761138,0.42467646
2023-12-05,0.24521951,0.04698288,0.42624536
2023-12-06,0.24521951,0.04698288,0.42624536
2023-12-07,0.24283771,0.04209764,0.42545415
2023-12-08,0.24274595,0.04212510,0.42559265
2023-12-09,0.18080052,0.04311061,0.42470364
2023-12-10,0.22530716,0.02009064,0.42527737
2023-12-11,0.24867512,0.01322435,0.42689672
2023-12-12,0.25251406,0.01322435,0.42689672
2023-12-13,0.25231338,0.01322435,0.42689672
2023-12-14,0.26980588,0.01247067,0.42681032
2023-12-15,0.59836104,0.01247116,0.42681032
2023-12-16,0.61320810,0.01247116,0.42681032
2023-12-17,0.61320810,0.01236839,0.42681130
2023-12-18,0.61320810,0.01236839,0.42719981
2023-12-19,0.57826306,0.01226098,0.43051130
2023-12-20,0.50648421,0.01230067,0.42643135
2023-12-21,0.50648421,0.01226562,0.42962791
2023-12-22,0.43548958,0.01231667,0.44346638
2023-12-23,0.43548958,0.01293217,0.44332843
2023-12-24,0.45789907,0.00936405,0.44548606
2023-12-25,0.45789907,0.00936405,0.44948191
2023-12-26,0.45826923,0.00923087,0.43945975
2023-12-27,0.49113943,0.01567851,0.42694519
2023-12-28,0.48769398,0.01581142,0.43145647
2023-12-29,0.48769398,0.01583070,0.41132917
2023-12-30,0.48769398,0.01585194,0.40950820
2023-12-31,0.49213738,0.01691282,0.41147916
2024-01-01,0.25476943,0.00902441,0.40367581
2024-01-02,0.14911601,0.00055343,0.39878795
2024-01-03,0.13036545,0.00100441,0.38222308
2024-01-04,-0.07824912,-0.00861358,0.37961017
2024-01-05,-0.07824912,-0.00861358,0.37965661
2024-01-06,-0.07824912,-0.00861358,0.37997685
2024-01-07,-0.08194889,-0.00525922,0.38027347
2024-01-08,0.56631138,0.09438880,0.39241373
2024-01-09,0.52579204,0.09264465,0.38636381
2024-01-10,0.42346640,0.08733756,0.38259088
2024-01-11,0.41575394,0.08386276,0.38238295
2024-01-12,0.41575394,0.08387839,0.40520411
2024-01-13,0.41650913,0.08391185,0.41142430
2024-01-14,0.41650913,0.13490067,0.41187015
2024-01-15,0.41650913,0.13511923,0.40905649
2024-01-16,0.41650913,0.13515677,0.40904687
2024-01-17,0.41650913,0.13031772,0.39697613
2024-01-18,0.41700645,0.13045359,0.39720295
2024-01-19,0.41700645,0.13442723,0.39806709
2024-01-20,0.41700645,0.13437390,0.39806709
2024-01-21,0.42774056,0.24789092,0.39806709
2024-01-22,0.42774056,0.24907576,0.39814693
2024-01-23,0.42774056,0.24907576,0.39523334
2024-01-24,0.42774056,0.24988541,0.39417972
2024-01-25,0.42774056,0.25124810,0.39255362
2024-01-26,0.42778345,0.24997845,0.39198793
2024-01-27,0.43033827,0.25184815,0.39193744
2024-01-28,0.42955674,0.24925086,0.39216244
2024-01-29,0.42506693,0.24829440,0.39226158
2024-01-30,0.42530044,0.24389179,0.39285077
2024-01-31,0.49389815,0.24653262,0.40083325
2024-02-01,0.56345529,0.24653262,0.39871189
2024-02-02,0.59355738,0.25118289,0.39985411
2024-02-03,0.66548055,0.25172277,0.39985411
2024-02-04,0.66236486,0.25684862,0.37829678
2024-02-05,0.66101459,0.25591627,0.37764053
2024-02-06,0.62796449,0.24934199,0.37497822
2024-02-07,0.30764824,0.36831140,0.37988370
2024-02-08,0.25814299,0.36799767,0.37493037
2024-02-09,0.68623250,0.47046380,0.38849699
2024-02-10,0.70979828,0.47503172,0.38907257
2024-02-11,0.70734821,0.47850341,0.38898001
2024-02-12,0.75889766,0.55439695,0.40121395
2024-02-13,0.75676788,0.59220253,0.38120976
2024-02-14,0.74857985,0.59801208,0.39467515
2024-02-15,0.73485885,0.59158782,0.39421161
2024-02-16,0.72455971,0.58578815,0.39281885
2024-02-17,0.64715000,0.55603156,0.38116472
2024-02-18,0.64745002,0.55213667,0.38121222
2024-02-19,0.60876030,0.52803249,0.37608277
2024-02-20,0.65580740,0.56045932,0.38804952
2024-02-21,0.65580740,0.56045932,0.38068840
2024-02-22,0.65580740,0.56056094,0.37928889
2024-02-23,0.65479613,0.55929301,0.38131548
2024-02-24,0.62878053,0.54460005,0.37887269
2024-02-25,0.58996837,0.51134244,0.37270956
2024-02-26,0.46905371,0.44894160,0.35038508
2024-02-27,0.47934785,0.46976183,0.36806844
2024-02-28,0.55755099,0.54730346,0.36292244
2024-02-29,0.57156397,0.55508704,0.36534150
2024-03-01,0.57419653,0.56259205,0.37340362
2024-03-02,0.57689475,0.56355206,0.37376682
2024-03-03,0.55395053,0.55078580,0.36901343
2024-03-04,0.49820045,0.51937950,0.35649384
2024-03-05,0.42888154,0.46491840,0.33333774
2024-03-06,0.42987537,0.46491840,0.33259051
2024-03-07,0.43168816,0.46491840,0.33303618
2024-03-08,0.43535000,0.46729528,0.33382192
2024-03-09,0.44803932,0.46729528,0.33380653
2024-03-10,0.43131925,0.46746878,0.33381145
2024-03-11,0.43054710,0.46629238,0.33366945
2024-03-12,0.43370203,0.46629238,0.33405509
2024-03-13,0.40918459,0.46626474,0.33407073
2024-03-14,0.39906208,0.46626474,0.34480039
2024-03-15,0.40805884,0.46626474,0.34514930
2024-03-16,0.41804936,0.46626474,0.34520970
2024-03-17,0.42251592,0.46626474,0.34558004
2024-03-18,0.42764454,0.46607463,0.34384850
2024-03-19,0.42752708,0.46607463,0.34384850
2024-03-20,0.46088809,0.46607463,0.34384850
2024-03-21,0.40991488,0.46728984,0.34007928
2024-03-22,0.40991488,0.46728984,0.32609426
2024-03-23,0.40991488,0.46728984,0.32611454
2024-03-24,0.41187013,0.46536465,0.32541474
2024-03-25,0.43189273,0.47117620,0.32900883
2024-03-26,0.54018193,0.47112584,0.32901386
2024-03-27,0.61996736,0.47110567,0.32900332
2024-03-28,0.58846345,0.47110567,0.32903672
2024-03-29,0.23798130,0.47110567,0.32907850
2024-03-30,0.17074324,0.47110567,0.33094655
2024-03-31,0.07315219,0.48138530,0.33018550
2024-04-01,0.06002910,0.49048600,0.33012047
2024-04-02,0.11500967,0.49363060,0.32965099
2024-04-03,-0.31135183,0.49863325,0.32965099
2024-04-04,0.79162676,0.49863325,0.32965099
2024-04-05,0.76734839,0.49896099,0.32985755
2024-04-06,0.76734839,0.49877737,0.32985755
2024-04-07,0.74970397,0.46688894,0.32969449
2024-04-08,0.60769137,0.46484886,0.32996743
2024-04-09,0.60989037,0.47780303,0.32995753
2024-04-10,0.64970914,0.47908032,0.32779476
2024-04-11,0.64233583,0.47935002,0.32777626
2024-04-12,0.64233583,0.47935002,0.32777626
2024-04-13,0.64233583,0.47935002,0.32777626
2024-04-14,0.64233583,0.47935002,0.32774959
2024-04-15,0.64233583,0.47935002,0.32712361
2024-04-16,0.64233583,0.47935002,0.32716196
2024-04-17,0.64233583,0.47935002,0.32716196
2024-04-18,0.64233583,0.47935002,0.32713656
2024-04-19,0.64233583,0.47935002,0.32716039
2024-04-20,0.64233583,0.47935002,0.32714713
2024-04-21,0.64233583,0.47935002,0.32717934
2024-04-22,0.64110710,0.47959116,0.32642344
2024-04-23,0.73176111,0.47959116,0.32774959
2024-04-24,0.51484160,0.47953420,0.32770326
2024-04-25,0.54193634,0.48103344,0.29807573
2024-04-26,0.54193634,0.48083913,0.29992479
2024-04-27,0.51972067,0.48028241,0.29988780
2024-04-28,0.51972067,0.48137598,0.29984656
2024-04-29,0.51972067,0.48130994,0.29869006
2024-04-30,0.49754267,0.48015085,0.29608878
2024-05-01,0.49754267,0.48015085,0.29608878
2024-05-02,0.49754267,0.47728606,0.29608878
2024-05-03,0.49754267,0.47728606,0.29552573
2024-05-04,0.47854682,0.47508706,0.29578566
2024-05-05,0.58768479,0.47541920,0.29580687
2024-05-06,0.60293901,0.48001878,0.29712616
2024-05-07,0.60684737,0.47859737,0.29712616
2024-05-08,0.10548049,0.48660849,0.29712616
2024-05-09,0.10548049,0.46292137,0.29938090
2024-05-10,0.08952091,0.46269448,0.29988838
2024-05-11,0.20916954,0.46347512,0.29986500
2024-05-12,0.20916954,0.43326480,0.29988053
2024-05-13,0.20916954,0.42757377,0.29997482
2024-05-14,0.20916954,0.42801803,0.29999328
2024-05-15,0.20916954,0.43453327,0.29999328
2024-05-16,0.20916954,0.43923591,0.29999328
2024-05-17,0.48323717,0.44647756,0.29930624
2024-05-18,0.48323717,0.44656341,0.29931435
2024-05-19,0.48323717,0.47156580,0.30012899
2024-05-20,0.90397270,0.42766508,0.30391418
2024-05-21,0.77065646,0.41958498,0.30031962
2024-05-22,0.79600614,0.41958498,0.30031962
2024-05-23,0.79170248,0.42172145,0.30034706
2024-05-24,0.79597741,0.43632139,0.30007853
2024-05-25,0.79597741,0.49338370,0.30004480
2024-05-26,0.79186671,0.55053678,0.30007386
2024-05-27,0.74245884,0.50555652,0.29938585
2024-05-28,0.74245884,0.24604756,0.29938585
2024-05-29,0.74245884,0.21321990,0.29952708
2024-05-30,0.74770772,0.15023401,0.29970201
2024-05-31,0.74770772,0.14625943,0.29967586
2024-06-01,0.74770772,0.17220116,0.29966511
2024-06-02,0.74770772,0.06563159,0.30023763
2024-06-03,0.64382509,0.55764348,0.30010480
2024-06-04,0.63611138,0.55550888,0.30013504
2024-06-05,0.61841816,0.54996620,0.30039824
2024-06-06,0.61841816,0.54996620,0.30040901
2024-06-07,0.49980576,0.51391135,0.30052461
2024-06-08,0.49980576,0.51651728,0.30058327
2024-06-09,0.49980576,0.53293365,0.30082650
2024-06-10,0.47990241,0.52299717,0.30101789
2024-06-11,0.71982161,0.65390166,0.31132209
2024-06-12,0.79125099,0.73225348,0.32704592
2024-06-13,0.79125099,0.73225348,0.32754568
2024-06-14,0.79804124,0.74076791,0.32829009
2024-06-15,0.79804124,0.74076791,0.32829009
2024-06-16,0.80089435,0.73841273,0.32827561
2024-06-17,0.79724141,0.73589036,0.33025269
2024-06-18,0.76007293,0.71245994,0.32946065
2024-06-19,0.72025175,0.71245994,0.32986455
2024-06-20,0.73933109,0.70578422,0.32946227
2024-06-21,0.65334807,0.65160133,0.32465143
2024-06-22,0.65287879,0.66842624,0.32466886
2024-06-23,0.67022385,0.65381935,0.32689657
2024-06-24,0.67006852,0.62832972,0.36096717
2024-06-25,0.66320729,0.62562652,0.36499479
2024-06-26,0.67886376,0.62504091,0.36498161
2024-06-27,0.67886376,0.62504091,0.36368248
2024-06-28,0.67886376,0.62504091,0.36372166
2024-06-29,0.67886376,0.62504091,0.36501139
2024-06-30,0.67061043,0.61988142,0.36492156
2024-07-01,0.67095829,0.61965429,0.41136948
2024-07-02,0.65712645,0.61015729,0.41183155
2024-07-03,0.72413276,0.66855425,0.42529632
2024-07-04,0.81257872,0.76825939,0.46111210
2024-07-05,0.81923011,0.77418189,0.46730497
2024-07-06,0.80569619,0.76296613,0.46557780
2024-07-07,0.78942102,0.75267860,0.46437698
2024-07-08,0.77546690,0.74056761,0.46497062
2024-07-09,0.77546690,0.74070876,0.46497062
2024-07-10,0.77809395,0.74190990,0.46411772
2024-07-11,0.78315482,0.74190990,0.46507065
2024-07-12,0.75510172,0.74165255,0.46506668
2024-07-13,0.75603052,0.74187359,0.46532102
2024-07-14,0.75102621,0.74175847,0.46676091
2024-07-15,0.74939841,0.74158529,0.46670517
2024-07-16,0.74634718,0.73872720,0.46606298
2024-07-17,0.74558268,0.73872720,0.46609817
2024-07-18,0.76167355,0.73872720,0.53108320
2024-07-19,0.76142934,0.73847163,0.53377659
2024-07-20,0.76423605,0.73821830,0.53455871
2024-07-21,0.79384859,0.73526960,0.53424110
2024-07-22,0.79363547,0.73526960,0.53459100
2024-07-23,0.79290212,0.73566926,0.53844498
2024-07-24,0.81912255,0.73566926,0.54522094
2024-07-25,0.81377905,0.72849436,0.54442345
2024-07-26,0.81536358,0.72918600,0.54442345
2024-07-27,0.81395975,0.72730526,0.54420796
2024-07-28,0.81395975,0.72730526,0.54424381
2024-07-29,0.76188260,0.70567098,0.53803950
2024-07-30,0.75043709,0.69955280,0.53636865
2024-07-31,0.71768309,0.68440343,0.53332550
2024-08-01,0.72289320,0.68343880,0.53304959
2024-08-02,0.60360304,0.64655184,0.52520267
2024-08-03,0.29203904,0.64372359,0.52440552
2024-08-04,0.14965632,0.61094953,0.51655471
2024-08-05,0.12260867,0.55234694,0.50012201
2024-08-06,0.21489770,0.55234694,0.50012201
2024-08-07,0.12332810,0.55234694,0.50012201
2024-08-08,0.37362362,0.58394135,0.51363409
2024-08-09,0.38609885,0.58476739,0.51397317
2024-08-10,0.38609885,0.58476739,0.51397317
2024-08-11,0.38075117,0.58476739,0.51397317
2024-08-12,0.37715551,0.58500490,0.51307442
2024-08-13,0.35383245,0.58500490,0.51194631
2024-08-14,0.36979308,0.58500490,0.51194631
2024-08-15,0.36216539,0.58458492,0.51194631
2024-08-16,0.36216539,0.58458492,0.51194631
2024-08-17,0.36216539,0.58458492,0.51325372
2024-08-18,0.36141531,0.58907217,0.51329126
2024-08-19,0.35539221,0.59707134,0.51329126
2024-08-20,0.36057788,0.59710769,0.51316995
2024-08-21,0.36135028,0.59639109,0.51283434
2024-08-22,0.36135028,0.59639109,0.51282180
2024-08-23,0.36576194,0.59831988,0.51355714
2024-08-24,0.38370647,0.59831974,0.51357357
2024-08-25,0.38370647,0.60148594,0.51357357
2024-08-26,0.38809415,0.60148594,0.51357357
2024-08-27,0.38809415,0.60148594,0.51366651
2024-08-28,0.41481177,0.60148594,0.51366651
2024-08-29,0.41985931,0.60148594,0.51366651
2024-08-30,0.43021279,0.60148594,0.51430165
2024-08-31,0.43000765,0.60148594,0.51430165
2024-09-01,0.44942100,0.59167183,0.51212221
2024-09-02,0.46651962,0.59147705,0.51266341
2024-09-03,0.52049265,0.59123564,0.51263124
2024-09-04,0.79819706,0.59123564,0.51264037
2024-09-05,0.79819706,0.59476721,0.51264491
2024-09-06,0.79819706,0.59476721,0.51264491
2024-09-07,0.38226108,0.59476721,0.51264491
2024-09-08,0.44130235,0.59558209,0.51264491
2024-09-09,0.38817082,0.59337730,0.51584610
2024-09-10,0.32048814,0.56509717,0.51998592
2024-09-11,0.34169546,0.56509717,0.52124751
2024-09-12,0.33467212,0.55799492,0.52632422
2024-09-13,0.29656734,0.54948144,0.52294350
2024-09-14,0.28476429,0.54749934,0.52266764
2024-09-15,0.26637019,0.54323754,0.52203415
2024-09-16,0.26296926,0.54721328,0.50370204
2024-09-17,0.23884382,0.54094262,0.50463230
2024-09-18,0.23884382,0.54152588,0.51130940
2024-09-19,0.23506337,0.55553615,0.51207932
2024-09-20,0.22380334,0.55583096,0.51209619
2024-09-21,0.22380334,0.55152581,0.51209619
2024-09-22,0.07705302,0.52950034,0.51189517
2024-09-23,0.07518866,0.51868099,0.51187539
2024-09-24,0.05899551,0.51619861,0.51128246
2024-09-25,0.04803117,0.51507848,0.51099937
2024-09-26,0.04803117,0.51507848,0.51099937
2024-09-27,0.04154955,0.51467140,0.51091097
2024-09-28,0.03566683,0.51546492,0.51084162
2024-09-29,0.03566683,0.51555637,0.51084162
2024-09-30,0.24117412,0.51316728,0.50907421
2024-10-01,0.58070579,0.52277648,0.52180123
2024-10-02,0.45189563,0.38641008,0.51558709
2024-10-03,0.44580839,0.35293788,0.51506249
2024-10-04,0.47544607,0.37485578,0.51734451
2024-10-05,0.47544607,0.40547788,0.51734790
2024-10-06,0.47621071,0.39285367,0.51714024
2024-10-07,0.50256905,0.40581786,0.51950188
2024-10-08,0.53506222,0.42473685,0.52288634
2024-10-09,0.56042282,0.42665838,0.52293519
2024-10-10,0.59218622,0.43955492,0.52498850
2024-10-11,0.59218622,0.43863966,0.52395771
2024-10-12,0.59202393,0.43217374,0.52395771
2024-10-13,0.62818206,0.43293720,0.52299974
2024-10-14,0.76260381,0.51905729,0.54276907
2024-10-15,0.66540200,0.47626599,0.53375496
2024-10-16,0.67593523,0.47560881,0.53234647
2024-10-17,0.69490517,0.47692902,0.53606037
2024-10-18,0.66340362,0.46602863,0.52268598
2024-10-19,0.66339224,0.46764177,0.52240858
2024-10-20,0.65621325,0.45885075,0.52103593
2024-10-21,0.64696415,0.45664270,0.50729410
2024-10-22,0.64451198,0.45264874,0.50492268
2024-10-23,0.64276003,0.45004291,0.50181806
2024-10-24,0.65426815,0.45572005,0.50525610
2024-10-25,0.64783795,0.45083476,0.50494355
2024-10-26,0.65183411,0.45504476,0.51155679
2024-10-27,0.65321308,0.46844576,0.51169283
2024-10-28,0.61370251,0.45727600,0.51371525
2024-10-29,0.64251529,0.49779220,0.51503826
2024-10-30,0.65874340,0.49266441,0.51320268
2024-10-31,0.61489287,0.51179064,0.51334110
2024-11-01,0.66099199,0.53437174,0.52156439
2024-11-02,0.66360768,0.55568114,0.52563727
2024-11-03,0.66098302,0.61617988,0.53990093
2024-11-04,0.67242553,0.62260946,0.56082521
2024-11-05,0.67424071,0.62193875,0.55343746
2024-11-06,0.74803879,0.64818675,0.54437559
2024-11-07,0.65815358,0.59290849,0.51685701
2024-11-08,0.65629084,0.59442415,0.51143872
2024-11-09,0.60439838,0.56058663,0.49358590
2024-11-10,0.57436939,0.55760818,0.50296866
2024-11-11,0.62209736,0.62394095,0.57362647
2024-11-12,0.64371143,0.63631201,0.61406579
2024-11-13,0.61487263,0.63631201,0.61406579
2024-11-14,0.64275253,0.63631201,0.61406579
2024-11-15,0.64531850,0.63631201,0.61406579
2024-11-16,0.64389636,0.63638336,0.61406579
2024-11-17,0.65637090,0.63638336,0.61415384
2024-11-18,0.65599794,0.63677948,0.61469891
2024-11-19,0.66224628,0.63783476,0.61469891
2024-11-20,0.66564474,0.63783476,0.61469891
2024-11-21,0.67005462,0.63844198,0.61532696
2024-11-22,0.67747918,0.63798572,0.61509082
2024-11-23,0.67354834,0.63798572,0.61509082
2024-11-24,0.67751740,0.63798572,0.61509082
2024-11-25,0.66920667,0.63513558,0.61314557
2024-11-26,0.66926964,0.63513558,0.61314557
2024-11-27,0.69151254,0.63513558,0.61314557
2024-11-28,0.68226394,0.63513558,0.61314557
2024-11-29,0.68590661,0.63514535,0.61301639
2024-11-30,0.68417545,0.63876437,0.61260859
2024-12-01,0.66682257,0.63847787,0.61336592
2024-12-02,0.66170289,0.63361688,0.60718463
2024-12-03,0.66052884,0.63364712,0.60732370
2024-12-04,0.65719640,0.63498141,0.60806158
2024-12-05,0.65695224,0.63153357,0.60562331
2024-12-06,0.60714024,0.63153357,0.60562331
2024-12-07,0.71515961,0.63153357,0.60562331
2024-12-08,0.72099078,0.63678531,0.60562320
2024-12-09,0.89877625,0.63782410,0.60553851
2024-12-10,0.89922009,0.63782410,0.60553851
2024-12-11,0.52180391,0.63780059,0.60553851
2024-12-12,0.09248538,0.64666561,0.60553851
2024-12-13,0.09248538,0.64698680,0.60580604
2024-12-14,0.09248538,0.64807897,0.60580604
2024-12-15,0.09248538,0.65199057,0.60598076
2024-12-16,0.06327343,0.65427657,0.60640320
2024-12-17,0.06327343,0.65427657,0.60640320
2024-12-18,0.06313940,0.65422126,0.60642737
2024-12-19,0.03837148,0.65111785,0.60425733
2024-12-20,0.03837148,0.65111785,0.60425733
2024-12-21,0.01298687,0.65123015,0.60425733
2024-12-22,0.04922596,0.65057609,0.60393462
2024-12-23,0.04945413,0.65103675,0.60383904
2024-12-24,0.04498207,0.65015315,0.60284870
2024-12-25,-0.03219523,0.65015315,0.60284870
2024-12-26,-0.01758446,0.64835973,0.60221298
2024-12-27,-0.03533623,0.64682239,0.60103699
2024-12-28,-0.03533623,0.64682239,0.60103699
2024-12-29,-0.02911444,0.65512579,0.60103699
2024-12-30,0.03158624,0.63945885,0.60030770
2024-12-31,0.02265708,0.64536813,0.59904186
2025-01-01,0.04834182,0.64575927,0.59912399
2025-01-02,0.05330693,0.64407884,0.59941671
2025-01-03,-0.01572207,0.64385265,0.59914465
2025-01-04,0.00488839,0.64386872,0.59928303
2025-01-05,0.00488839,0.64154450,0.59928303
2025-01-06,-0.05518893,0.63449118,0.59817989
2025-01-07,0.40270695,0.62979420,0.59535820
2025-01-08,0.45487690,0.62986514,0.59709831
2025-01-09,0.56962220,0.63768675,0.60201622
2025-01-10,0.59374892,0.64018274,0.60339891
2025-01-11,0.58973946,0.64075939,0.60349860
2025-01-12,0.60434239,0.61240559,0.60469662
2025-01-13,0.58908251,0.63326659,0.60245757
2025-01-14,0.58908251,0.63494751,0.60245757
2025-01-15,0.59282892,0.63484856,0.60245757
2025-01-16,0.59282892,0.64424350,0.60245757
2025-01-17,0.47993273,0.62442794,0.59433586
2025-01-18,0.49322696,0.62533638,0.59400767
2025-01-19,0.49322696,0.62955073,0.59400767
2025-01-20,0.43895218,0.61669205,0.58651891
2025-01-21,0.43284895,0.61328463,0.58375729
2025-01-22,0.43513349,0.61119259,0.58375729
2025-01-23,0.43661101,0.61294667,0.58350890
2025-01-24,0.43073970,0.61256727,0.58380604
2025-01-25,0.43914024,0.61483497,0.58380604
2025-01-26,0.44042881,0.62944542,0.58380604
2025-01-27,0.43230912,0.61271899,0.58336189
2025-01-28,0.43230912,0.61440154,0.58524705
2025-01-29,0.43290734,0.61542250,0.58524705
2025-01-30,0.43612099,0.60370509,0.58535094
2025-01-31,0.42003409,0.59975479,0.58417088
2025-02-01,0.40303627,0.59379100,0.58245341
2025-02-02,0.37039320,0.57788563,0.57816866
2025-02-03,0.36313159,0.57547460,0.57887522
2025-02-04,0.36313159,0.52755159,0.57887522
2025-02-05,0.37193136,0.58709697,0.57887522
2025-02-06,0.38887967,0.58807726,0.57887522
2025-02-07,0.33200662,0.66524779,0.57887522
2025-02-08,0.10939063,0.65179866,0.57887522
2025-02-09,-0.17403950,0.37872944,0.57859132
2025-02-10,-0.17503653,0.31428549,0.57834598
2025-02-11,-0.28761201,0.28955809,0.57508354
2025-02-12,0.01564612,0.30405645,0.57595967
2025-02-13,0.01588393,0.29808700,0.57520005
2025-02-14,0.00444992,0.29607850,0.57557264
2025-02-15,0.00444992,0.29607850,0.57557264
2025-02-16,0.07296224,0.29606594,0.57554447
2025-02-17,0.09261650,0.29951380,0.57623482
2025-02-18,0.08591944,0.29880592,0.57429917
2025-02-19,0.15828891,0.29623158,0.56624072
2025-02-20,0.21701454,0.29942530,0.56624072
2025-02-21,0.21920244,0.29741886,0.56457595
2025-02-22,0.23780816,0.29741886,0.56457595
2025-02-23,0.22578666,0.29941563,0.56466389
2025-02-24,0.59525608,0.43307294,0.56955777
2025-02-25,0.55734916,0.42844994,0.56987559
2025-02-26,0.68261805,0.52220585,0.58614830
2025-02-27,0.66736189,0.51813329,0.58500054
2025-02-28,0.66923452,0.53921938,0.59315890
2025-03-01,0.66555570,0.53906470,0.59286927
2025-03-02,0.60196766,0.50774051,0.58158357
2025-03-03,0.57107577,0.49364762,0.57419325
2025-03-04,0.60051179,0.49130908,0.57227141
2025-03-05,0.60794657,0.49585155,0.57231875
2025-03-06,0.60794657,0.49585155,0.57231875
2025-03-07,0.60794657,0.49585155,0.57231875
2025-03-08,0.60794657,0.49605665,0.57231875
2025-03-09,0.60794657,0.49601488,0.57253728
2025-03-10,0.60794657,0.49601488,0.57260427
2025-03-11,0.60997830,0.49601488,0.57310318
2025-03-12,0.60997830,0.49601488,0.56564828
2025-03-13,0.62587949,0.49601488,0.54267774
2025-03-14,0.61622426,0.49609774,0.53853990
2025-03-15,0.62041457,0.49609774,0.54101419
2025-03-16,0.62140390,0.49802843,0.54436484
2025-03-17,0.62140390,0.49802843,0.54395659
2025-03-18,0.62212199,0.49808943,0.54395659
2025-03-19,0.62269133,0.50397790,0.54428780
2025-03-20,0.62254196,0.50397790,0.54428780
2025-03-21,0.62254196,0.50397790,0.54433033
2025-03-22,0.62254196,0.50516631,0.54418581
2025-03-23,0.62083471,0.50509266,0.54315972
2025-03-24,0.59022344,0.49270904,0.53809849
2025-03-25,0.58929060,0.49270904,0.53873254
2025-03-26,0.55693408,0.49498956,0.53873254
2025-03-27,0.57905953,0.49718148,0.53873254
2025-03-28,0.20087001,0.49718148,0.53877892
2025-03-29,0.23384612,0.49718148,0.53882755
2025-03-30,-0.40385646,0.49864619,0.53913218
2025-03-31,-0.42106391,0.50138060,0.53913218
2025-04-01,-0.13474635,0.50137949,0.53913134
2025-04-02,-0.79513640,0.46328083,0.52758253
2025-04-03,-0.75496373,0.46325365,0.52817711
2025-04-04,-0.49170680,0.46379600,0.52786451
2025-04-05,-0.49170680,0.46379600,0.52804690
2025-04-06,0.59508540,0.51573523,0.53947593
2025-04-07,0.58613608,0.51040126,0.54256299
2025-04-08,0.58613608,0.50450672,0.54389402
2025-04-09,0.52391343,0.47920717,0.54479766
2025-04-10,0.52391343,0.47224271,0.54507203
2025-04-11,0.51990609,0.47182737,0.55243458
2025-04-12,0.51990609,0.46704584,0.55328403
2025-04-13,0.52024408,0.47297982,0.56140997
2025-04-14,0.51886995,0.47285057,0.58053107
2025-04-15,0.51886995,0.47285057,0.58053107
2025-04-16,0.51886995,0.47285057,0.58053107
2025-04-17,0.51886995,0.49791802,0.56981634
2025-04-18,0.51608193,0.49893220,0.56990356
2025-04-19,0.51608193,0.49893220,0.56990356
2025-04-20,0.51608193,0.52658032,0.56990356
2025-04-21,0.52036315,0.53976587,0.57029990
2025-04-22,0.51926133,0.53406882,0.56846638
2025-04-23,0.57123981,0.53500396,0.56790855
2025-04-24,0.57123981,0.53495542,0.56790855
2025-04-25,0.57477788,0.53654442,0.56834615
2025-04-26,0.57477788,0.53654442,0.56834615
2025-04-27,0.57477788,0.53892202,0.56841822
2025-04-28,0.57477788,0.53892202,0.56841822
2025-04-29,0.57477788,0.53892202,0.56863300
2025-04-30,0.56629566,0.53735550,0.56893364
2025-05-01,0.56447979,0.54072202,0.56876067
2025-05-02,0.73656323,0.54385302,0.56655256
2025-05-03,0.72742906,0.56232240,0.56630640
2025-05-04,0.73306475,0.56824249,0.56660162
2025-05-05,0.73595365,0.56939588,0.56687649
2025-05-06,0.03469303,0.55206810,0.56207304
2025-05-07,0.06323749,0.55136256,0.56198044
2025-05-08,0.66143712,0.51769845,0.51648552
2025-05-09,0.68936026,0.49053056,0.50226713
2025-05-10,0.75611702,0.50613212,0.49869868
2025-05-11,0.76749733,0.50975694,0.50100509
2025-05-12,0.75540044,0.51538089,0.50090675
2025-05-13,0.74256103,0.50858897,0.50149580
2025-05-14,0.74422513,0.50940692,0.50149580
2025-05-15,0.74099015,0.50953019,0.50121083
2025-05-16,0.74099015,0.50953019,0.50121083
2025-05-17,0.74099015,0.50989899,0.50121083
2025-05-18,0.74095849,0.51028886,0.50121011
2025-05-19,0.71700167,0.50723415,0.50313381
2025-05-20,0.71700167,0.50723415,0.50341377
2025-05-21,0.71600226,0.50619596,0.50313122
2025-05-22,0.71086739,0.50639199,0.50308192
2025-05-23,0.65298065,0.49860661,0.50542116
2025-05-24,0.65614479,0.49861295,0.50556593
2025-05-25,0.64528861,0.44781298,0.50550539
2025-05-26,0.64528861,0.46514295,0.50735264
2025-05-27,0.65117904,0.42531089,0.50939108
2025-05-28,0.65117904,0.42733219,0.50939108
2025-05-29,0.65413722,0.43835841,0.50909189
2025-05-30,0.65121771,0.43675307,0.50891744
2025-05-31,0.65517780,0.49403530,0.50891744
2025-06-01,0.67259521,0.53412408,0.50892358
2025-06-02,0.67456105,0.53304377,0.50897928
2025-06-03,0.68869919,0.53346792,0.50933263
2025-06-04,0.68778598,0.53397304,0.50945766
2025-06-05,0.57383844,0.49067055,0.50495301
2025-06-06,0.57825925,0.50157515,0.51193643
2025-06-07,0.44105831,0.50157515,0.51188696
2025-06-08,0.49369788,0.50054913,0.51164279
2025-06-09,0.67922318,0.54760241,0.52922565
2025-06-10,0.49647793,0.50871561,0.50721843
2025-06-11,0.47840386,0.50642898,0.50751881
2025-06-12,0.34901879,0.47276613,0.49651032
2025-06-13,0.33302951,0.46855146,0.49328706
2025-06-14,0.34828154,0.47076937,0.49379051
2025-06-15,0.34790047,0.47091301,0.49376654
2025-06-16,0.39804927,0.48412078,0.49726594
2025-06-17,0.38173764,0.47930312,0.49349842
2025-06-18,0.38837647,0.47930312,0.49325380
2025-06-19,0.38837647,0.47930312,0.49233642
2025-06-20,0.40113073,0.48274678,0.49210679
2025-06-21,0.43047000,0.49393820,0.49375199
2025-06-22,0.47225567,0.50469788,0.49636175
2025-06-23,0.45904658,0.50113771,0.47804164
2025-06-24,0.45874364,0.49878018,0.48546515
2025-06-25,0.44795146,0.49251817,0.48492406
2025-06-26,0.44453975,0.49330758,0.48490915
2025-06-27,0.44424784,0.49311540,0.48824954
2025-06-28,0.44579622,0.49253613,0.48810175
2025-06-29,0.44328199,0.48834053,0.48586402
2025-06-30,0.45638221,0.49235149,0.48774483
2025-07-01,0.45563168,0.52380085,0.48778608
2025-07-02,0.43494679,0.51731792,0.48317465
2025-07-03,0.43458248,0.51612041,0.48214710
2025-07-04,0.43440367,0.51612041,0.48283504
2025-07-05,0.47638829,0.47086898,0.48205076
2025-07-06,0.42092144,0.47284098,0.48166298
2025-07-07,0.41889242,0.47295970,0.48723219
2025-07-08,0.41882054,0.48090280,0.48250761
2025-07-09,0.13156755,0.47113687,0.47562916
2025-07-10,0.49841590,0.51031376,0.48987699
2025-07-11,0.48263630,0.50338631,0.48430162
2025-07-12,0.59011951,0.50347787,0.48431103
2025-07-13,0.60992268,0.50059462,0.48431838
2025-07-14,0.60956566,0.50140158,0.48184241
2025-07-15,0.63499208,0.50971922,0.48383892
2025-07-16,0.55410244,0.50492081,0.46163255
2025-07-17,0.55931641,0.50491651,0.46687178
2025-07-18,0.54580123,0.50394667,0.46480429
2025-07-19,0.54153052,0.50409422,0.46971182
2025-07-20,0.52983298,0.50542312,0.47056114
2025-07-21,0.50892464,0.50462966,0.44964889
2025-07-22,0.45902765,0.49429605,0.43511813
2025-07-23,0.46473364,0.49406558,0.43501848
2025-07-24,0.47170263,0.49144681,0.43438543
2025-07-25,0.49203158,0.49134124,0.43424707
2025-07-26,0.48850481,0.49134124,0.43424707
2025-07-27,0.48187334,0.49041531,0.43350498
2025-07-28,0.48994968,0.49099821,0.43351922
2025-07-29,0.53520013,0.49736176,0.43600307
2025-07-30,0.54047398,0.50241282,0.43806441
2025-07-31,0.54303406,0.50604613,0.43733731
2025-08-01,0.57482789,0.50662647,0.43731668
2025-08-02,0.56675734,0.50629851,0.43634540
2025-08-03,0.55564844,0.50181148,0.43443304
2025-08-04,0.54374200,0.50476825,0.43244245
2025-08-05,0.54345230,0.50507624,0.43251349
2025-08-06,0.55055555,0.44937745,0.43254059
2025-08-07,0.46588483,0.44845404,0.42376762
2025-08-08,0.49627659,0.40987881,0.42278877
2025-08-09,0.25697426,0.39002578,0.41644488
2025-08-10,0.29021014,0.39036148,0.41657488
2025-08-11,0.30626199,0.39213444,0.42031087
2025-08-12,0.39790495,0.40032813,0.42242144
2025-08-13,0.41172814,0.42186274,0.42927271
2025-08-14,0.46666099,0.46246705,0.44707535
2025-08-15,0.45757284,0.45863926,0.44567825
2025-08-16,0.45359192,0.45773448,0.44536916
2025-08-17,0.45313640,0.46075230,0.44540304
2025-08-18,0.44334748,0.45835084,0.44451283
2025-08-19,0.38027809,0.43892362,0.43734034
2025-08-20,0.37605158,0.43771166,0.43697613
2025-08-21,0.40026925,0.43826518,0.43476904
2025-08-22,0.35031216,0.41932415,0.42771729
2025-08-23,0.34724454,0.41871805,0.42678740
2025-08-24,0.34890354,0.41871805,0.42678740
2025-08-25,0.34613258,0.41590930,0.42700314
2025-08-26,0.34929600,0.41590930,0.42700314
2025-08-27,0.35091366,0.41626574,0.42704194
2025-08-28,0.33490150,0.41725938,0.42870781
2025-08-29,0.31792296,0.41654870,0.42842875
2025-08-30,0.31891933,0.41669723,0.42850292
2025-08-31,0.31659146,0.41603496,0.42873149
2025-09-01,0.32108045,0.41605054,0.42904809
2025-09-02,0.33436381,0.41589826,0.42958963
2025-09-03,0.35296517,0.43233019,0.42958963
2025-09-04,0.34996144,0.40892840,0.42957004
2025-09-05,0.34467317,0.40765788,0.42979196
2025-09-06,0.40433573,0.40718285,0.42950218
2025-09-07,0.41168645,0.34276370,0.42932978
2025-09-08,0.52006988,0.38838081,0.43043005
2025-09-09,0.51330284,0.38833181,0.43101978
2025-09-10,0.50852893,0.42314024,0.43101978
2025-09-11,0.52826457,0.42743700,0.42976196
2025-09-12,0.36419312,0.42600433,0.42972544
2025-09-13,0.00936310,0.42565656,0.42968617
2025-09-14,0.04705381,0.41099126,0.43088072
2025-09-15,0.04793037,0.41256654,0.43058234
2025-09-16,0.03839932,0.41104437,0.42401221
2025-09-17,0.09405183,0.41832146,0.42533025
2025-09-18,0.10205126,0.41445395,0.42001620
2025-09-19,0.09927167,0.39818609,0.41874772
2025-09-20,0.09879347,0.38486892,0.41878179
2025-09-21,0.25035977,0.38919872,0.41740614
2025-09-22,0.48122459,0.41324595,0.42458826
2025-09-23,0.48472602,0.41900307,0.42455565
2025-09-24,0.49722031,0.41833967,0.42456745
2025-09-25,0.44472505,0.40820981,0.41992082
2025-09-26,0.45796822,0.41218418,0.43027401
2025-09-27,0.45938425,0.41647320,0.43040592
2025-09-28,0.45020515,0.40844165,0.42972773
2025-09-29,0.44622957,0.41078233,0.43945163
2025-09-30,0.44660677,0.41826146,0.44273303
2025-10-01,0.41593427,0.40995934,0.43985223
2025-10-02,0.45616620,0.42271059,0.44416293
2025-10-03,0.45229495,0.42103385,0.44358523
2025-10-04,0.46563028,0.42036535,0.44336614
2025-10-05,0.46856178,0.42097301,0.44342291
2025-10-06,0.39095724,0.39826153,0.43590214
2025-10-07,0.36937885,0.40478926,0.43299564
2025-10-08,0.35784962,0.34279273,0.43243760
2025-10-09,0.35765894,0.34417571,0.43201137
2025-10-10,0.11352406,0.22870108,0.38110840
2025-10-11,0.10963565,0.22261751,0.38111039
2025-10-12,0.11644434,0.21834561,0.38519527
2025-10-13,0.11220640,0.20581409,0.38662338
2025-10-14,0.09720370,0.21094269,0.38662338
2025-10-15,0.08677038,0.21094163,0.38662338
2025-10-16,0.09040807,0.21276722,0.38662338
2025-10-17,0.05703100,0.21293113,0.38662338
2025-10-18,0.05703100,0.21030161,0.38662338
2025-10-19,0.06241228,0.21087812,0.38675697
2025-10-20,0.06019733,0.21840135,0.38661252
2025-10-21,0.05756340,0.21839735,0.38871607
2025-10-22,0.01829426,0.21891648,0.38508746
2025-10-23,0.02251859,0.21915339,0.38534480
2025-10-24,0.02592031,0.21916585,0.38546733
2025-10-25,0.06475574,0.22155741,0.38546733
2025-10-26,0.01312232,0.21932754,0.38555058
2025-10-27,0.01538391,0.20798416,0.38520982
2025-10-28,-0.01267963,0.20008058,0.38521718
2025-10-29,-0.04597347,0.20008058,0.38521718
2025-10-30,-0.09157981,0.20126717,0.38521718
2025-10-31,-0.23138949,0.20417367,0.38526054
2025-11-01,-0.39680829,0.20637923,0.38530023
2025-11-02,-0.41514203,0.20898514,0.38504199
2025-11-03,-0.31417652,0.21550812,0.36293536
2025-11-04,0.20823741,0.31757390,0.39534916
2025-11-05,0.37033361,0.36299254,0.38397198
2025-11-06,0.42066413,0.38278954,0.39007855
2025-11-07,0.42517822,0.41047340,0.38828363
2025-11-08,0.42624486,0.41009239,0.38831999
2025-11-09,0.86650811,0.40847796,0.40074345
2025-11-10,0.90462779,0.40974237,0.40660926
2025-11-11,0.95097353,0.38536804,0.40660926
2025-11-12,0.95097353,0.32671477,0.40660926
2025-11-13,0.95097353,0.32903311,0.40660926
2025-11-14,0.95097353,0.32911297,0.40660926
2025-11-15,0.95097353,0.32911297,0.40660926
2025-11-16,0.95097353,0.33012261,0.40660926
2025-11-17,0.95097353,0.34102556,0.40660926
2025-11-18,0.95186774,0.34200701,0.40660926
2025-11-19,0.95309771,0.34551786,0.40660926
2025-11-20,0.95316605,0.36824551,0.40660926
2025-11-21,0.95316605,0.37028735,0.40653972
2025-11-22,0.95316605,0.37028735,0.40653972
2025-11-23,0.95412456,0.37141237,0.40653972
2025-11-24,0.95193375,0.37147295,0.40646028
2025-11-25,0.94788022,0.37136111,0.40629405
2025-11-26,0.94788022,0.37136111,0.40591939
2025-11-27,0.94855759,0.37173061,0.40591939
2025-11-28,0.93208935,0.37058893,0.40557848
2025-11-29,0.93208935,0.37116117,0.40557848
2025-11-30,0.93576165,0.37093972,0.40568388
2025-12-01,0.86075911,0.35707789,0.40599796
2025-12-02,0.76558949,0.34138999,0.40135101
2025-12-03,0.74931363,0.34255670,0.40031860
2025-12-04,0.51175879,0.34318794,0.40031860
2025-12-05,0.37342244,0.34344517,0.40031860
2025-12-06,0.03158686,0.34455940,0.40031860
2025-12-07,0.03340349,0.34186426,0.40031860
2025-12-08,0.03340349,0.34246443,0.40031860
2025-12-09,0.32875802,0.35406824,0.40416389
2025-12-10,0.31532893,0.35637038,0.41495783
2025-12-11,0.31506519,0.36093521,0.41494214
2025-12-12,0.30583914,0.36037820,0.41433430
2025-12-13,0.30264344,0.35592608,0.41415481
2025-12-14,0.29864526,0.35351106,0.39202265
2025-12-15,0.28422306,0.34766759,0.39120626
2025-12-16,0.28434291,0.33774857,0.39120999
2025-12-17,0.28058542,0.33794868,0.39308191
2025-12-18,0.28058542,0.34062969,0.39308191
2025-12-19,0.27872934,0.34075672,0.39300889
2025-12-20,0.27872934,0.34055557,0.39300889
2025-12-21,0.27872934,0.32559947,0.39300889
2025-12-22,0.30249386,0.33188667,0.39442895
2025-12-23,0.27535886,0.33088739,0.39416826
2025-12-24,0.27838552,0.35793444,0.39416826
2025-12-25,0.28442249,0.35248597,0.39430130
2025-12-26,0.29917590,0.35598671,0.39504467
2025-12-27,0.30662817,0.35912658,0.39565636
2025-12-28,0.33972330,0.34992269,0.39568222
2025-12-29,0.37747561,0.35987483,0.39784467
2025-12-30,0.36653552,0.34058102,0.39725757
2025-12-31,0.37933259,0.31836588,0.39745903
2026-01-01,0.53440926,0.31474178,0.39723641
2026-01-02,0.42818671,0.28903586,0.39148614
2026-01-03,0.42878938,0.28791072,0.39148971
2026-01-04,0.41478366,0.32386966,0.39094820
2026-01-05,0.39966334,0.32295112,0.38950182
2026-01-06,0.42285122,0.33134028,0.39073317
2026-01-07,0.42285122,0.33331363,0.39084977
2026-01-08,0.23392443,0.58834233,0.39103083
2026-01-09,0.25373719,0.61180894,0.39346926
2026-01-10,0.25691427,0.63360438,0.39373925
2026-01-11,0.24203343,0.63255450,0.39344829
2026-01-12,0.29445745,0.63607217,0.39433430
2026-01-13,0.27029594,0.63607217,0.39751639
2026-01-14,0.23698458,0.63607217,0.39754721
2026-01-15,0.23526886,0.63607217,0.37555840
2026-01-16,0.25394060,0.63262359,0.38553413
2026-01-17,0.25394060,0.63273734,0.37314878
2026-01-18,0.14993392,0.60455832,0.36711382
2026-01-19,0.31704870,0.61755194,0.37100829
2026-01-20,0.73300214,0.70881011,0.40849070
2026-01-21,0.73637056,0.71561556,0.41277722
2026-01-22,0.74227884,0.71598069,0.41302704
2026-01-23,0.73172013,0.71276132,0.41253283
2026-01-24,0.73121024,0.71273742,0.41253283
2026-01-25,0.70913661,0.70280059,0.41075536
2026-01-26,0.69165899,0.69801393,0.41120705
2026-01-27,0.69137052,0.69801393,0.41120705
2026-01-28,0.67873261,0.69801393,0.41182716
2026-01-29,0.67179906,0.69543628,0.41470038
2026-01-30,0.65453313,0.68967374,0.41656876
2026-01-31,0.78685062,0.75841103,0.46531962
2026-02-01,0.83077836,0.76381790,0.47354128
2026-02-02,0.83867590,0.73227463,0.47746520
2026-02-03,0.84301662,0.72755172,0.48380794
2026-02-04,0.85621251,0.72207626,0.48732479
2026-02-05,0.86906385,0.76605804,0.53688533
2026-02-06,0.88832535,0.78805878,0.55929418
2026-02-07,0.88771100,0.78811009,0.55920243
2026-02-08,0.88663190,0.78789628,0.55920200
2026-02-09,0.88014556,0.78335419,0.55827389
2026-02-10,0.88044244,0.78335419,0.55828582
2026-02-11,0.87921805,0.78335419,0.55827023
2026-02-12,0.87921805,0.78335419,0.56275001
2026-02-13,0.87921805,0.78335419,0.55775721
2026-02-14,0.87914771,0.78324160,0.55774109
2026-02-15,0.87987869,0.78310902,0.55786696
2026-02-16,0.87987869,0.78310902,0.54567225
2026-02-17,0.88989824,0.78310902,0.56133924
2026-02-18,0.89284713,0.78310902,0.56193717
2026-02-19,0.89048292,0.78310902,0.57266572
2026-02-20,0.89335354,0.78310902,0.57541891
2026-02-21,0.89335354,0.78310902,0.57512263
2026-02-22,0.89683864,0.78345309,0.57507385
2026-02-23,0.89683864,0.78423463,0.57110043
2026-02-24,0.91185882,0.78423463,0.57259926
2026-02-25,0.91771294,0.78423463,0.57259926
2026-02-26,0.91771294,0.78559447,0.57259926
2026-02-27,0.91771294,0.78559447,0.57339358
2026-02-28,0.91963913,0.78639369,0.57262471
2026-03-01,0.94163520,0.80049864,0.57043879
2026-03-02,0.90367087,0.80768226,0.56360640
2026-03-03,0.94515495,0.81408502,0.56396563
2026-03-04,0.94341654,0.81422457,0.56519355
2026-03-05,0.94141063,0.81422457,0.56500464
2026-03-06,0.93885820,0.81422457,0.56502698
2026-03-07,0.81608208,0.81422457,0.56510478
2026-03-08,-0.34561448,0.81422457,0.56586301
2026-03-09,-0.32994082,0.81328439,0.56430784
2026-03-10,-0.18388997,0.81347956,0.56496589
2026-03-11,-0.31516624,0.81359948,0.56796377
2026-03-12,-0.31516624,0.81362011,0.56799516
2026-03-13,-0.34799097,0.81235048,0.56713103
2026-03-14,-0.34799097,0.81491395,0.56713103
2026-03-15,-0.34609122,0.82455441,0.56708063
2026-03-16,-0.36275843,0.81622003,0.56436683
2026-03-17,-0.34442558,0.81572029,0.56373579
2026-03-18,-0.28957659,0.81301798,0.57274321
2026-03-19,-0.27459594,0.81204413,0.56079660
2026-03-20,-0.27459594,0.81204413,0.56164937
2026-03-21,-0.27466992,0.81203485,0.56163168
2026-03-22,-0.26524710,0.80987778,0.56099388
2026-03-23,-0.24248954,0.80769973,0.55972459
2026-03-24,-0.24248954,0.80769973,0.55870733
2026-03-25,-0.24248954,0.80760389,0.56401907
2026-03-26,-0.23908983,0.80734093,0.56393567
2026-03-27,-0.23105014,0.80615201,0.56512981
2026-03-28,-0.20289162,0.79982335,0.56372429
2026-03-29,-0.17545231,0.78854461,0.56422379
2026-03-30,-0.17545231,0.78946780,0.56454719
2026-03-31,-0.11725082,0.78996317,0.57323670
2026-04-01,-0.03011646,0.79079399,0.57327993
2026-04-02,-0.03011646,0.81125862,0.57387848
2026-04-03,-0.02598061,0.81127090,0.57430844
2026-04-04,-0.02598061,0.81328580,0.57430844
2026-04-05,-0.02647558,0.81825451,0.57362875
2026-04-06,-0.03657787,0.81765203,0.57389253
2026-04-07,0.12774119,0.81181654,0.57144573
2026-04-08,0.12808215,0.81185584,0.57011399
2026-04-09,0.09971634,0.81099805,0.57011399
2026-04-10,0.09971634,0.81099805,0.57097967
2026-04-11,0.09971634,0.81108783,0.57325828
2026-04-12,0.11196447,0.81012677,0.57551318
2026-04-13,0.09020309,0.79833099,0.57479244
2026-04-14,0.07039108,0.79323061,0.57256320
2026-04-15,0.12700111,0.78996817,0.57160000
2026-04-16,0.14761303,0.78041426,0.57765045
2026-04-17,0.16390564,0.78041067,0.57998862
2026-04-18,0.12897977,0.78403733,0.59319626
2026-04-19,0.11114329,0.77662932,0.59015074
2026-04-20,0.11384282,0.75485263,0.58796398
2026-04-21,0.11299060,0.75343943,0.58954152
2026-04-22,0.04378659,0.73919897,0.57684061
2026-04-23,0.04562059,0.74049905,0.56401745
2026-04-24,0.04229208,0.73970052,0.56550039
2026-04-25,0.04564803,0.75052559,0.56573918
2026-04-26,0.04846772,0.75261294,0.56565147
2026-04-27,0.04970920,0.75311774,0.56641026
2026-04-28,0.03620256,0.75236301,0.57180583
2026-04-29,0.03742258,0.75043446,0.57262931
2026-04-30,-0.01041408,0.76406656,0.57421387
2026-05-01,0.00561027,0.70611586,0.58053623
2026-05-02,0.00561027,0.71303905,0.58174581
2026-05-03,0.01316472,0.70541883,0.58114155
2026-05-04,0.05484686,0.69189841,0.58308950
2026-05-05,0.06043854,0.68098609,0.58308950
2026-05-06,0.06781040,0.40113604,0.58308950
2026-05-07,-0.05992481,-0.00951704,0.58308950
2026-05-08,-0.05979203,-0.00981548,0.58319793
2026-05-09,-0.05979203,-0.00984708,0.58331891
2026-05-10,-0.05427399,-0.00823772,0.58358369
2026-05-11,-0.06109490,-0.01052864,0.58333019
2026-05-12,-0.02463073,0.00707603,0.58425317
2026-05-13,-0.01036731,0.02408642,0.58518706
2026-05-14,0.02420743,0.02408642,0.58718000
2026-05-15,0.02069116,0.02423317,0.58705382
2026-05-16,0.19050238,0.07028733,0.58857207
2026-05-17,0.27231083,0.10250324,0.58997339
2026-05-18,0.30457900,0.10236123,0.58940248
2026-05-19,0.34409749,0.10236123,0.59033631
2026-05-20,0.36750406,0.10236123,0.59033631
2026-05-21,0.39222568,0.12062527,0.59129150
2026-05-22,0.62201156,0.12104180,0.59560253
2026-05-23,0.64300551,0.13801020,0.59676097
2026-05-24,0.65318173,0.14619264,0.59655567
2026-05-25,0.65474829,0.14619264,0.59804975
2026-05-26,0.65399617,0.17793080,0.60043557
2026-05-27,0.64514834,0.17734679,0.59863788
2026-05-28,0.64781601,0.17846490,0.59846507
2026-05-29,0.63853608,0.17703926,0.59921126
2026-05-30,0.63201620,0.17489010,0.59900779
2026-05-31,0.73096169,0.21955442,0.59842724
2026-06-01,0.58505322,0.20443879,0.59183699
2026-06-02,0.80439161,0.38839643,0.60212564
2026-06-03,0.72038882,0.36589070,0.59752048
2026-06-04,0.68643538,0.35887612,0.60949299
2026-06-05,0.41293162,0.28226094,0.57781533
2026-06-06,0.41275863,0.28188841,0.57766551
2026-06-07,0.36437721,0.26431544,0.56822283
2026-06-08,0.36437721,0.26078984,0.56698882
2026-06-09,0.36161357,0.26078984,0.56800327
2026-06-10,0.36083855,0.26064076,0.56781995
2026-06-11,0.35110022,0.26319405,0.56480191
2026-06-12,0.34082708,0.26292623,0.56475273
2026-06-13,0.34082708,0.26325297,0.56491642
2026-06-14,0.34051255,0.27500744,0.56456868
2026-06-15,0.31779093,0.27085265,0.57440843
2026-06-16,0.30776614,0.27321024,0.57673548
2026-06-17,0.30818428,0.27338270,0.57773469
2026-06-18,0.30818428,0.27338270,0.57839154
2026-06-19,0.30818428,0.27336205,0.63592226
2026-06-20,0.29447778,0.27346991,0.63841293
2026-06-21,0.29548220,0.27440083,0.64148183
2026-06-22,0.28864519,0.27797660,0.64201445
2026-06-23,0.27934554,0.27797660,0.64201445
2026-06-24,0.27934554,0.27831430,0.64201445
2026-06-25,0.24625711,0.27913449,0.64201445
2026-06-26,0.24490731,0.28172284,0.64201445
2026-06-27,0.24670899,0.28657732,0.64201445
2026-06-28,0.24763846,0.28657732,0.64207026
2026-06-29,0.29755789,0.30331583,0.64353433
2026-06-30,0.29907746,0.30131388,0.64224190
2026-07-01,0.33486442,0.30131388,0.64224190
2026-07-02,0.13837139,0.30117605,0.64211893
2026-07-03,0.17002364,0.29326079,0.63741978
2026-07-04,0.16874337,0.29781960,0.63672690
2026-07-05,0.21129563,0.29846350,0.63665432
2026-07-06,0.17750511,0.29062765,0.63485128
2026-07-07,0.42001904,0.30467413,0.63630781
2026-07-08,0.38517371,0.30571502,0.63475189
2026-07-09,0.39236549,0.30777050,0.63509384
2026-07-10,0.40782545,0.30777050,0.63553856
2026-07-11,0.40782545,0.30777050,0.63586778
2026-07-12,0.40810912,0.31283757,0.63619143
2026-07-13,0.39081588,0.31836683,0.63533293
2026-07-14,0.39454807,0.32016832,0.61291004
2026-07-15,0.42341864,0.33050057,0.60671890
2026-07-16,0.38876781,0.32741147,0.60068835
2026-07-17,0.38876781,0.33086189,0.60063682
2026-07-18,0.38876781,0.33523525,0.60063682
2026-07-19,0.38878038,0.33965829,0.60048725
2026-07-20,0.40283361,0.34593733,0.59992133
2026-07-21,0.39572145,0.37014688,0.59939567
2026-07-22,0.38986990,0.37042368,0.59937955
2026-07-23,0.40044059,0.37158344,0.59951940
2026-07-24,0.40461396,0.37580319,0.60035393
2026-07-25,0.40320510,0.37538487,0.60027458
2026-07-26,0.37427548,0.36569007,0.59689096
2026-07-27,0.38156817,0.36867964,0.59750900
2026-07-28,0.36329129,0.36802291,0.59722308
2026-07-29,0.27392542,0.36515504,0.59597554
2026-07-30,0.31397222,0.37514531,0.59597554
2026-07-31,0.30573562,0.37329357,0.59533974
2026-08-01,0.32217838,0.37723953,0.59533824
2026-08-02,0.32198539,0.37298160,0.59550001
2026-08-03,0.28990623,0.37094741,0.59521318
2026-08-04,0.28923430,0.37094741,0.59553998
2026-08-05,0.29758806,0.36754848,0.59423578
2026-08-06,0.22110763,0.36785278,0.59417725
2026-08-07,0.27253075,0.36824921,0.59493892
2026-08-08,0.26635514,0.36766521,0.59493582
2026-08-09,0.27358450,0.36970312,0.59555636
2026-08-10,0.32735125,0.36959255,0.60228609
2026-08-11,0.30125308,0.36174563,0.61296334
2026-08-12,0.32085991,0.36153368,0.61560482
2026-08-13,0.30063565,0.36141382,0.61560625
2026-08-14,0.29960821,0.34842467,0.61518136
2026-08-15,0.35109235,0.33822350,0.61518365
2026-08-16,0.34818741,0.33866747,0.61509867
2026-08-17,0.34036328,0.33661174,0.61421970
2026-08-18,0.33827584,0.33615154,0.61163417
2026-08-19,0.91138727,0.63294747,0.66790334
2026-08-20,0.83976162,0.62861551,0.66860253
2026-08-21,0.85164919,0.67710752,0.69233293
2026-08-22,0.85711582,0.68133350,0.69463157
2026-08-23,0.82268668,0.66389511,0.68667678
2026-08-24,0.82031180,0.66113023,0.68886151
2026-08-25,0.82984389,0.66218089,0.68908999
2026-08-26,0.82096077,0.65872140,0.68724908
2026-08-27,0.82080259,0.65916653,0.68701050
2026-08-28,0.82524112,0.65963795,0.68727492
2026-08-29,0.82524112,0.66096706,0.68727492
2026-08-30,0.82822036,0.67737974,0.68727492
2026-08-31,0.82826464,0.68409141,0.68665342
2026-09-01,0.82765177,0.69006273,0.68720054
2026-09-02,0.82852597,0.69187382,0.68720054
2026-09-03,0.82282304,0.73781929,0.68567892
2026-09-04,0.82651365,0.73795932,0.68546070
2026-09-05,0.82696139,0.76501978,0.68521947
2026-09-06,0.82760073,0.76501978,0.68521610
2026-09-07,0.82770921,0.76501978,0.68418374
2026-09-08,0.82749792,0.76613667,0.68457655
2026-09-09,0.82840554,0.76613667,0.68458681
2026-09-10,0.83013766,0.76478358,0.68451830
2026-09-11,0.83040952,0.76457016,0.69163790
2026-09-12,0.83002182,0.76573359,0.69158344
2026-09-13,0.83082544,0.76846026,0.69199611
2026-09-14,0.83090261,0.76695063,0.69449497
2026-09-15,0.81599066,0.75689017,0.69009947
2026-09-16,0.81911596,0.75614047,0.68993183
2026-09-17,0.81473733,0.75068691,0.68811749
2026-09-18,0.74637999,0.75509329,0.68984767
2026-09-19,0.73933062,0.75532708,0.68992300
2026-09-20,0.32533496,0.75498582,0.69042729
2026-09-21,0.29675725,0.75557090,0.68985625
2026-09-22,0.52907826,0.75492689,0.68969975
2026-09-23,0.52236723,0.74690652,0.68671925
2026-09-24,0.50657508,0.74674608,0.68669885
2026-09-25,0.54346233,0.74674608,0.68713729
2026-09-26,0.56632165,0.74646602,0.68708581
2026-09-27,0.55442378,0.74876726,0.69012188
2026-09-28,0.55607182,0.75083944,0.68933833
2026-09-29,0.55607182,0.75083944,0.67643659
2026-09-30,0.55555136,0.75108069,0.67514466
