time_ms,rate
1577836800000,0.00010000
1577865600000,0.00007354
1577894400000,-0.00016125
1577923200000,0.00005047
1577952000000,0.00010000
1577980800000,0.00010000
1578009600000,0.00010000
1578038400000,0.00010000
1578067200000,0.00010000
1578096000000,0.00010000
1578124800000,0.00010000
1578153600000,0.00010000
1578182400000,0.00010000
1578211200000,0.00010000
1578240000000,0.00010000
1578268800000,0.00010000
1578297600000,0.00010000
1578326400000,0.00010000
1578355200000,0.00010000
1578384000000,0.00010000
1578412800000,0.00010000
1578441600000,0.00010000
1578470400000,0.00010000
1578499200000,0.00010000
1578528000000,0.00010000
1578556800000,0.00010000
1578585600000,0.00010000
1578614400000,0.00010000
1578643200000,0.00010000
1578672000000,0.00010000
1578700800000,0.00010000
1578729600000,0.00010000
1578758400000,0.00010000
1578787200000,0.00010000
1578816000000,0.00010000
1578844800000,0.00010000
1578873600000,0.00010000
1578902400000,0.00010000
1578931200000,0.00010000
1578960000000,0.00010000
1578988800000,0.00010000
1579017600000,0.00010000
1579046400000,0.00011544
1579075200000,0.00020223
1579104000000,0.00031864
1579132800000,0.00017165
1579161600000,0.00038406
1579190400000,0.00042240
1579219200000,0.00018772
1579248000000,0.00010000
1579276800000,0.00020327
1579305600000,0.00010000
1579334400000,0.00010000
1579363200000,0.00011014
1579392000000,0.00044662
1579420800000,0.00019851
1579449600000,0.00023852
1579478400000,0.00047503
1579507200000,0.00054081
1579536000000,0.00038562
1579564800000,0.00021637
1579593600000,0.00016823
1579622400000,0.00018627
1579651200000,0.00015350
1579680000000,0.00010000
1579708800000,0.00010000
1579737600000,0.00010000
1579766400000,0.00010000
1579795200000,0.00021994
1579824000000,0.00017114
1579852800000,0.00017748
1579881600000,0.00025923
1579910400000,0.00010000
1579939200000,0.00010000
1579968000000,0.00027793
1579996800000,0.00031959
1580025600000,0.00026387
1580054400000,0.00010000
1580083200000,0.00010000
1580112000000,0.00010000
1580140800000,0.00010000
1580169600000,0.00010167
1580198400000,0.00049212
1580227200000,0.00091788
1580256000000,0.00122251
1580284800000,0.00106130
1580313600000,0.00055576
1580342400000,0.00054882
1580371200000,0.00049058
1580400000000,0.00054951
1580428800000,0.00082589
1580457600000,0.00132017
1580486400000,0.00093741
1580515200000,0.00072010
1580544000000,0.00070775
1580572800000,0.00052861
1580601600000,0.00035200
1580630400000,0.00016128
1580659200000,0.00010000
1580688000000,0.00010000
1580716800000,0.00010000
1580745600000,0.00010000
1580774400000,0.00036575
1580803200000,0.00014722
1580832000000,0.00039381
1580860800000,0.00010000
1580889600000,0.00010000
1580918400000,0.00095515
1580947200000,0.00112654
1580976000000,0.00077325
1581004800000,0.00053238
1581033600000,0.00032775
1581062400000,0.00014913
1581091200000,0.00045718
1581120000000,0.00026524
1581148800000,0.00027312
1581177600000,0.00029946
1581206400000,0.00097062
1581235200000,0.00063224
1581264000000,0.00136228
1581292800000,0.00130685
1581321600000,0.00193444
1581350400000,0.00295694
1581379200000,0.00118120
1581408000000,0.00150902
1581436800000,0.00107512
1581465600000,0.00284470
1581494400000,0.00367190
1581523200000,0.00148984
1581552000000,0.00119193
1581580800000,0.00141789
1581609600000,0.00178950
1581638400000,0.00133922
1581667200000,0.00081527
1581696000000,0.00097804
1581724800000,0.00084363
1581753600000,0.00099519
1581782400000,0.00116429
1581811200000,0.00191229
1581840000000,0.00042143
1581868800000,0.00063291
1581897600000,0.00065370
1581926400000,0.00052153
1581955200000,0.00088411
1581984000000,0.00024205
1582012800000,0.00012422
1582041600000,0.00023619
1582070400000,0.00071740
1582099200000,0.00095567
1582128000000,0.00068394
1582156800000,0.00019490
1582185600000,0.00010000
1582214400000,0.00053851
1582243200000,0.00069899
1582272000000,0.00053530
1582300800000,0.00057420
1582329600000,0.00051605
1582358400000,0.00056424
1582387200000,0.00045883
1582416000000,0.00077311
1582444800000,0.00043317
1582473600000,0.00048157
1582502400000,0.00054128
1582531200000,0.00037142
1582560000000,0.00020954
1582588800000,0.00031422
1582617600000,0.00040545
1582646400000,0.00052084
1582675200000,0.00047129
1582704000000,0.00079802
1582732800000,0.00071497
1582761600000,0.00010000
1582790400000,0.00025833
1582819200000,0.00010335
1582848000000,0.00012465
1582876800000,0.00025289
1582905600000,0.00030522
1582934400000,0.00040998
1582963200000,0.00055451
1582992000000,0.00047771
1583020800000,0.00032216
1583049600000,0.00018986
1583078400000,0.00015628
1583107200000,0.00014747
1583136000000,0.00015638
1583164800000,0.00010000
1583193600000,0.00010000
1583222400000,0.00010000
1583251200000,0.00031403
1583280000000,0.00030731
1583308800000,0.00030432
1583337600000,0.00032821
1583366400000,0.00029022
1583395200000,0.00039893
1583424000000,0.00036018
1583452800000,0.00037380
1583481600000,0.00010000
1583510400000,0.00010000
1583539200000,0.00010000
1583568000000,0.00010000
1583596800000,0.00013739
1583625600000,0.00032347
1583654400000,0.00045820
1583683200000,0.00037933
1583712000000,0.00010000
1583740800000,0.00011432
1583769600000,0.00016188
1583798400000,0.00025018
1583827200000,0.00010000
1583856000000,0.00025409
1583884800000,0.00010000
1583913600000,0.00016304
1583942400000,0.00037247
1583971200000,0.00036391
1584000000000,0.00054526
1584028800000,0.00010000
1584057600000,0.00010000
1584086400000,-0.00281778
1584115200000,-0.00027991
1584144000000,0.00010000
1584172800000,0.00010000
1584201600000,0.00010000
1584230400000,0.00010000
1584259200000,0.00010000
1584288000000,0.00010000
1584316800000,0.00010000
1584345600000,0.00010000
1584374400000,-0.00022932
1584403200000,0.00010000
1584432000000,0.00010000
1584460800000,0.00010000
1584489600000,0.00010000
1584518400000,0.00010000
1584547200000,0.00010000
1584576000000,0.00010000
1584604800000,0.00010000
1584633600000,0.00010000
1584662400000,0.00010000
1584691200000,0.00010000
1584720000000,0.00010000
1584748800000,0.00010000
1584777600000,0.00010000
1584806400000,0.00010000
1584835200000,0.00010000
1584864000000,0.00010000
1584892800000,0.00010000
1584921600000,0.00010000
1584950400000,0.00010000
1584979200000,0.00010000
1585008000000,0.00010000
1585036800000,0.00010000
1585065600000,0.00010000
1585094400000,0.00010000
1585123200000,0.00010000
1585152000000,0.00010000
1585180800000,0.00010000
1585209600000,0.00010000
1585238400000,0.00010000
1585267200000,0.00010000
1585296000000,0.00010000
1585324800000,0.00010000
1585353600000,0.00010000
1585382400000,-0.00002715
1585411200000,0.00010000
1585440000000,0.00010000
1585468800000,0.00010000
1585497600000,0.00010000
1585526400000,0.00010000
1585555200000,-0.00009910
1585584000000,0.00010000
1585612800000,0.00010000
1585641600000,0.00010000
1585670400000,0.00010000
1585699200000,0.00010000
1585728000000,0.00010000
1585756800000,-0.00007368
1585785600000,-0.00005170
1585814400000,0.00010000
1585843200000,0.00010000
1585872000000,0.00010000
1585900800000,0.00010000
1585929600000,0.00010000
1585958400000,0.00004881
1585987200000,0.00010000
1586016000000,0.00010000
1586044800000,0.00010000
1586073600000,0.00003554
1586102400000,0.00010000
1586131200000,0.00010000
1586160000000,0.00007540
1586188800000,0.00005027
1586217600000,-0.00014221
1586246400000,-0.00008712
1586275200000,0.00008758
1586304000000,0.00010000
1586332800000,0.00010000
1586361600000,0.00010000
1586390400000,0.00010000
1586419200000,0.00010000
1586448000000,0.00010000
1586476800000,0.00010000
1586505600000,0.00010000
1586534400000,0.00010000
1586563200000,-0.00000690
1586592000000,0.00009267
1586620800000,0.00010000
1586649600000,0.00010000
1586678400000,0.00001985
1586707200000,0.00010000
1586736000000,0.00010000
1586764800000,0.00010000
1586793600000,0.00010000
1586822400000,0.00010000
1586851200000,0.00010000
1586880000000,0.00010000
1586908800000,0.00010000
1586937600000,0.00010000
1586966400000,0.00010000
1586995200000,0.00010000
1587024000000,-0.00002526
1587052800000,0.00010000
1587081600000,0.00010000
1587110400000,0.00010000
1587139200000,0.00010000
1587168000000,0.00010000
1587196800000,0.00009454
1587225600000,0.00010000
1587254400000,0.00010000
1587283200000,0.00010000
1587312000000,0.00010000
1587340800000,0.00010000
1587369600000,0.00010000
1587398400000,0.00010000
1587427200000,0.00010000
1587456000000,0.00010000
1587484800000,0.00010000
1587513600000,0.00010000
1587542400000,0.00010000
1587571200000,0.00010000
1587600000000,0.00010000
1587628800000,0.00010000
1587657600000,0.00010000
1587686400000,0.00010000
1587715200000,0.00010000
1587744000000,0.00010000
1587772800000,0.00010000
1587801600000,0.00010000
1587830400000,0.00010000
1587859200000,0.00010000
1587888000000,0.00010000
1587916800000,0.00010000
1587945600000,0.00010000
1587974400000,0.00010000
1588003200000,0.00010000
1588032000000,0.00010000
1588060800000,0.00010000
1588089600000,0.00010000
1588118400000,0.00010000
1588147200000,0.00010000
1588176000000,0.00010000
1588204800000,0.00010000
1588233600000,0.00040543
1588262400000,0.00010000
1588291200000,0.00010000
1588320000000,0.00019630
1588348800000,0.00033541
1588377600000,0.00020286
1588406400000,0.00028799
1588435200000,0.00065493
1588464000000,0.00020530
1588492800000,0.00033679
1588521600000,0.00030318
1588550400000,0.00010000
1588579200000,0.00020259
1588608000000,0.00018353
1588636800000,0.00021158
1588665600000,0.00033589
1588694400000,0.00010000
1588723200000,0.00010000
1588752000000,0.00023099
1588780800000,0.00058198
1588809600000,0.00010000
1588838400000,0.00010000
1588867200000,0.00010111
1588896000000,0.00068700
1588924800000,0.00027607
1588953600000,0.00021374
1588982400000,0.00039213
1589011200000,0.00018668
1589040000000,0.00021700
1589068800000,0.00015215
1589097600000,0.00010000
1589126400000,0.00010000
1589155200000,0.00010000
1589184000000,0.00010000
1589212800000,0.00010000
1589241600000,0.00010000
1589270400000,0.00010000
1589299200000,0.00010000
1589328000000,0.00010000
1589356800000,0.00010000
1589385600000,0.00010000
1589414400000,0.00010000
1589443200000,0.00010000
1589472000000,0.00010000
1589500800000,0.00004486
1589529600000,-0.00003957
1589558400000,0.00010000
1589587200000,0.00010000
1589616000000,-0.00005470
1589644800000,0.00010000
1589673600000,0.00010000
1589702400000,-0.00004057
1589731200000,0.00010000
1589760000000,0.00010000
1589788800000,0.00010000
1589817600000,0.00010000
1589846400000,0.00010000
1589875200000,0.00010000
1589904000000,0.00010000
1589932800000,0.00010000
1589961600000,0.00010000
1589990400000,0.00010000
1590019200000,0.00010000
1590048000000,0.00010000
1590076800000,0.00010000
1590105600000,0.00003518
1590134400000,0.00010000
1590163200000,0.00010000
1590192000000,0.00010000
1590220800000,0.00010000
1590249600000,0.00010000
1590278400000,0.00010000
1590307200000,0.00010000
1590336000000,0.00010000
1590364800000,0.00010000
1590393600000,0.00010000
1590422400000,0.00010000
1590451200000,0.00010000
1590480000000,0.00010000
1590508800000,0.00010000
1590537600000,0.00010000
1590566400000,0.00010000
1590595200000,0.00010000
1590624000000,0.00010000
1590652800000,0.00010000
1590681600000,0.00010000
1590710400000,0.00010000
1590739200000,0.00010000
1590768000000,0.00010000
1590796800000,0.00010000
1590825600000,0.00010000
1590854400000,0.00010000
1590883200000,0.00010000
1590912000000,0.00010000
1590940800000,0.00010000
1590969600000,0.00010000
1590998400000,0.00010000
1591027200000,0.00010000
1591056000000,0.00034764
1591084800000,0.00018222
1591113600000,0.00010000
1591142400000,0.00010000
1591171200000,0.00010000
1591200000000,0.00010000
1591228800000,0.00010000
1591257600000,0.00010000
1591286400000,0.00010000
1591315200000,0.00010000
1591344000000,0.00010000
1591372800000,0.00010000
1591401600000,0.00010000
1591430400000,0.00010000
1591459200000,0.00010000
1591488000000,0.00010000
1591516800000,0.00010000
1591545600000,0.00010000
1591574400000,0.00010000
1591603200000,0.00021080
1591632000000,0.00023671
1591660800000,0.00021431
1591689600000,0.00010000
1591718400000,0.00012471
1591747200000,0.00010000
1591776000000,0.00010000
1591804800000,0.00010000
1591833600000,0.00023457
1591862400000,0.00010000
1591891200000,0.00010000
1591920000000,0.00010000
1591948800000,0.00010000
1591977600000,0.00010000
1592006400000,0.00010000
1592035200000,0.00010000
1592064000000,0.00010000
1592092800000,0.00010000
1592121600000,0.00010000
1592150400000,0.00010000
1592179200000,0.00010000
1592208000000,0.00010000
1592236800000,0.00010000
1592265600000,0.00010000
1592294400000,0.00010000
1592323200000,0.00010000
1592352000000,0.00010000
1592380800000,0.00010000
1592409600000,0.00010000
1592438400000,0.00010000
1592467200000,0.00010000
1592496000000,0.00010000
1592524800000,0.00010000
1592553600000,0.00010000
1592582400000,0.00010000
1592611200000,0.00010000
1592640000000,0.00010000
1592668800000,0.00010000
1592697600000,0.00010000
1592726400000,0.00010000
1592755200000,0.00010000
1592784000000,0.00010000
1592812800000,0.00010000
1592841600000,0.00010000
1592870400000,0.00010000
1592899200000,0.00010000
1592928000000,0.00010000
1592956800000,0.00010000
1592985600000,0.00010000
1593014400000,0.00010000
1593043200000,0.00010000
1593072000000,0.00010000
1593100800000,0.00010000
1593129600000,0.00010000
1593158400000,0.00010000
1593187200000,0.00010000
1593216000000,0.00010000
1593244800000,0.00010000
1593273600000,0.00010000
1593302400000,0.00010000
1593331200000,0.00010000
1593360000000,0.00010000
1593388800000,0.00010000
1593417600000,0.00010000
1593446400000,0.00010000
1593475200000,0.00010000
1593504000000,0.00010000
1593532800000,0.00010000
1593561600000,0.00010000
1593590400000,0.00010000
1593619200000,0.00010000
1593648000000,0.00010000
1593676800000,0.00010000
1593705600000,0.00010000
1593734400000,0.00010000
1593763200000,0.00010000
1593792000000,0.00010000
1593820800000,0.00010000
1593849600000,0.00010000
1593878400000,0.00010000
1593907200000,0.00010000
1593936000000,0.00010000
1593964800000,0.00010000
1593993600000,0.00010000
1594022400000,0.00010000
1594051200000,0.00010000
1594080000000,0.00010000
1594108800000,0.00010000
1594137600000,0.00010000
1594166400000,0.00010000
1594195200000,0.00010000
1594224000000,0.00010000
1594252800000,0.00011645
1594281600000,0.00011218
1594310400000,0.00010104
1594339200000,0.00010000
1594368000000,0.00010000
1594396800000,0.00010000
1594425600000,0.00010000
1594454400000,0.00010000
1594483200000,0.00010000
1594512000000,0.00010000
1594540800000,0.00010000
1594569600000,0.00010000
1594598400000,0.00010000
1594627200000,0.00010000
1594656000000,0.00012899
1594684800000,0.00010000
1594713600000,0.00010000
1594742400000,0.00010000
1594771200000,0.00010000
1594800000000,0.00010000
1594828800000,0.00010000
1594857600000,0.00010000
1594886400000,0.00010000
1594915200000,0.00010000
1594944000000,0.00010000
1594972800000,0.00010000
1595001600000,0.00010000
1595030400000,0.00010000
1595059200000,0.00010000
1595088000000,0.00010000
1595116800000,0.00010000
1595145600000,0.00010000
1595174400000,0.00010000
1595203200000,0.00010000
1595232000000,0.00010000
1595260800000,0.00010000
1595289600000,0.00010000
1595318400000,0.00010000
1595347200000,0.00010000
1595376000000,0.00010000
1595404800000,0.00010000
1595433600000,0.00010000
1595462400000,0.00055183
1595491200000,0.00079591
1595520000000,0.00047433
1595548800000,0.00058285
1595577600000,0.00094350
1595606400000,0.00042763
1595635200000,0.00032733
1595664000000,0.00019115
1595692800000,0.00023376
1595721600000,0.00039999
1595750400000,0.00091914
1595779200000,0.00090981
1595808000000,0.00069401
1595836800000,0.00076669
1595865600000,0.00091745
1595894400000,0.00113558
1595923200000,0.00120926
1595952000000,0.00114134
1595980800000,0.00086449
1596009600000,0.00095544
1596038400000,0.00071643
1596067200000,0.00068810
1596096000000,0.00062728
1596124800000,0.00060270
1596153600000,0.00108946
1596182400000,0.00070112
1596211200000,0.00061106
1596240000000,0.00035058
1596268800000,0.00044202
1596297600000,0.00053847
1596326400000,0.00163562
1596355200000,0.00094879
1596384000000,0.00033067
1596412800000,0.00029170
1596441600000,0.00050577
1596470400000,0.00054445
1596499200000,0.00036557
1596528000000,0.00054679
1596556800000,0.00063177
1596585600000,0.00061202
1596614400000,0.00053408
1596643200000,0.00089460
1596672000000,0.00062437
1596700800000,0.00056598
1596729600000,0.00069781
1596758400000,0.00052275
1596787200000,0.00046696
1596816000000,0.00029683
1596844800000,0.00010000
1596873600000,0.00020749
1596902400000,0.00044084
1596931200000,0.00032833
1596960000000,0.00046489
1596988800000,0.00034455
1597017600000,0.00033424
1597046400000,0.00108975
1597075200000,0.00052034
1597104000000,0.00048022
1597132800000,0.00052529
1597161600000,0.00052038
1597190400000,0.00034144
1597219200000,0.00034577
1597248000000,0.00024038
1597276800000,0.00031747
1597305600000,0.00060530
1597334400000,0.00051653
1597363200000,0.00136967
1597392000000,0.00146832
1597420800000,0.00124102
1597449600000,0.00079340
1597478400000,0.00084015
1597507200000,0.00075821
1597536000000,0.00092210
1597564800000,0.00086801
1597593600000,0.00046248
1597622400000,0.00074992
1597651200000,0.00061133
1597680000000,0.00103523
1597708800000,0.00133232
1597737600000,0.00085913
1597766400000,0.00054732
1597795200000,0.00034355
1597824000000,0.00021587
1597852800000,0.00040187
1597881600000,0.00035614
1597910400000,0.00026745
1597939200000,0.00010000
1597968000000,0.00010000
1597996800000,0.00010000
1598025600000,0.00021092
1598054400000,0.00010000
1598083200000,0.00010000
1598112000000,0.00010000
1598140800000,0.00016169
1598169600000,0.00014517
1598198400000,0.00030687
1598227200000,0.00031572
1598256000000,0.00022508
1598284800000,0.00031958
1598313600000,0.00022430
1598342400000,0.00011335
1598371200000,0.00011631
1598400000000,0.00020921
1598428800000,0.00010000
1598457600000,0.00015004
1598486400000,0.00011281
1598515200000,0.00010000
1598544000000,0.00010000
1598572800000,0.00010000
1598601600000,0.00010000
1598630400000,0.00012226
1598659200000,0.00010000
1598688000000,0.00010000
1598716800000,0.00010000
1598745600000,0.00010000
1598774400000,0.00010000
1598803200000,0.00010000
1598832000000,0.00010000
1598860800000,0.00010000
1598889600000,0.00010000
1598918400000,0.00010000
1598947200000,0.00027103
1598976000000,0.00055077
1599004800000,0.00045898
1599033600000,0.00060012
1599062400000,0.00010000
1599091200000,0.00014859
1599120000000,0.00010000
1599148800000,0.00010000
1599177600000,0.00010813
1599206400000,0.00020118
1599235200000,0.00011810
1599264000000,0.00010000
1599292800000,0.00010000
1599321600000,0.00010000
1599350400000,0.00010000
1599379200000,0.00010000
1599408000000,0.00010000
1599436800000,0.00010000
1599465600000,0.00006480
1599494400000,0.00010000
1599523200000,0.00010000
1599552000000,0.00010000
1599580800000,0.00010000
1599609600000,0.00010000
1599638400000,0.00010000
1599667200000,0.00010000
1599696000000,0.00010000
1599724800000,0.00010000
1599753600000,0.00006538
1599782400000,0.00003498
1599811200000,0.00009323
1599840000000,0.00007151
1599868800000,0.00010000
1599897600000,0.00010000
1599926400000,0.00003731
1599955200000,0.00010000
1599984000000,0.00010000
1600012800000,0.00010000
1600041600000,0.00010000
1600070400000,0.00010000
1600099200000,0.00010000
1600128000000,0.00010000
1600156800000,0.00010000
1600185600000,0.00010000
1600214400000,0.00010000
1600243200000,0.00010000
1600272000000,0.00010000
1600300800000,0.00010000
1600329600000,0.00010000
1600358400000,0.00010000
1600387200000,0.00010000
1600416000000,0.00010000
1600444800000,0.00010000
1600473600000,0.00010000
1600502400000,0.00010000
1600531200000,0.00010000
1600560000000,0.00010000
1600588800000,0.00010000
1600617600000,-8.0E-7
1600646400000,-0.00001481
1600675200000,0.00010000
1600704000000,0.00005075
1600732800000,-0.00022757
1600761600000,9.7E-7
1600790400000,0.00001010
1600819200000,0.00010000
1600848000000,0.00001632
1600876800000,0.00010000
1600905600000,-0.00001579
1600934400000,0.00003064
1600963200000,0.00005598
1600992000000,0.00005361
1601020800000,0.00010000
1601049600000,0.00010000
1601078400000,0.00010000
1601107200000,0.00010000
1601136000000,0.00010000
1601164800000,0.00010000
1601193600000,0.00010000
1601222400000,0.00010000
1601251200000,0.00010000
1601280000000,0.00010000
1601308800000,0.00010000
1601337600000,0.00010000
1601366400000,-0.00001526
1601395200000,0.00007388
1601424000000,0.00010000
1601452800000,0.00010000
1601481600000,-0.00000280
1601510400000,0.00009937
1601539200000,0.00010000
1601568000000,0.00010000
1601596800000,0.00004321
1601625600000,0.00010000
1601654400000,-0.00003462
1601683200000,0.00005867
1601712000000,-0.00011916
1601740800000,-0.00003221
1601769600000,-0.00000670
1601798400000,0.00010000
1601827200000,-0.00006384
1601856000000,0.00010000
1601884800000,0.00000305
1601913600000,-0.00001442
1601942400000,-0.00004499
1601971200000,0.00009514
1602000000000,4.4E-7
1602028800000,-0.00007208
1602057600000,0.00002716
1602086400000,0.00007205
1602115200000,0.00010000
1602144000000,0.00010000
1602172800000,0.00010000
1602201600000,0.00010000
1602230400000,0.00010000
1602259200000,0.00010000
1602288000000,0.00010000
1602316800000,0.00017330
1602345600000,0.00027917
1602374400000,0.00011995
1602403200000,0.00013127
1602432000000,0.00010000
1602460800000,0.00010000
1602489600000,0.00010000
1602518400000,0.00010000
1602547200000,0.00021910
1602576000000,0.00010000
1602604800000,0.00010000
1602633600000,0.00010000
1602662400000,0.00010000
1602691200000,0.00010000
1602720000000,0.00010000
1602748800000,0.00010000
1602777600000,0.00010000
1602806400000,0.00010000
1602835200000,0.00010000
1602864000000,0.00010000
1602892800000,0.00010000
1602921600000,0.00010000
1602950400000,0.00010000
1602979200000,0.00010000
1603008000000,0.00010000
1603036800000,0.00010000
1603065600000,0.00010000
1603094400000,0.00010000
1603123200000,0.00010000
1603152000000,0.00011516
1603180800000,0.00037754
1603209600000,0.00010000
1603238400000,0.00010000
1603267200000,0.00031887
1603296000000,0.00050823
1603324800000,0.00083557
1603353600000,0.00052961
1603382400000,0.00074052
1603411200000,0.00052590
1603440000000,0.00033468
1603468800000,0.00024975
1603497600000,0.00051273
1603526400000,0.00042291
1603555200000,0.00034696
1603584000000,0.00039795
1603612800000,0.00010000
1603641600000,0.00010000
1603670400000,0.00010000
1603699200000,0.00010000
1603728000000,0.00021330
1603756800000,0.00010000
1603785600000,0.00010000
1603814400000,0.00018409
1603843200000,0.00015253
1603872000000,0.00010000
1603900800000,0.00010000
1603929600000,0.00010000
1603958400000,0.00010000
1603987200000,0.00010000
1604016000000,0.00010000
1604044800000,0.00010000
1604073600000,0.00010000
1604102400000,0.00010000
1604131200000,0.00010000
1604160000000,0.00010000
1604188800000,0.00010000
1604217600000,0.00010000
1604246400000,0.00010000
1604275200000,0.00010000
1604304000000,0.00030095
1604332800000,0.00010000
1604361600000,0.00010000
1604390400000,0.00010000
1604419200000,0.00010000
1604448000000,0.00010000
1604476800000,0.00010000
1604505600000,0.00010000
1604534400000,0.00076235
1604563200000,0.00073669
1604592000000,0.00069168
1604620800000,0.00035727
1604649600000,0.00075470
1604678400000,0.00073654
1604707200000,0.00048047
1604736000000,0.00103009
1604764800000,0.00058950
1604793600000,0.00021269
1604822400000,0.00034732
1604851200000,0.00058594
1604880000000,0.00050128
1604908800000,0.00025588
1604937600000,0.00028775
1604966400000,0.00016695
1604995200000,0.00033730
1605024000000,0.00036401
1605052800000,0.00043021
1605081600000,0.00018601
1605110400000,0.00041035
1605139200000,0.00039191
1605168000000,0.00010000
1605196800000,0.00010000
1605225600000,0.00010000
1605254400000,0.00010000
1605283200000,0.00051032
1605312000000,0.00058724
1605340800000,0.00011914
1605369600000,0.00010000
1605398400000,0.00010000
1605427200000,0.00010000
1605456000000,0.00010000
1605484800000,0.00010000
1605513600000,0.00010000
1605542400000,0.00010000
1605571200000,0.00010000
1605600000000,0.00024182
1605628800000,0.00037880
1605657600000,0.00089819
1605686400000,0.00037818
1605715200000,0.00010000
1605744000000,0.00010000
1605772800000,0.00014096
1605801600000,0.00038994
1605830400000,0.00016511
1605859200000,0.00078136
1605888000000,0.00079930
1605916800000,0.00011376
1605945600000,0.00012145
1605974400000,0.00075533
1606003200000,0.00080539
1606032000000,0.00085010
1606060800000,0.00073816
1606089600000,0.00158187
1606118400000,0.00114125
1606147200000,0.00085758
1606176000000,0.00064276
1606204800000,0.00091981
1606233600000,0.00116688
1606262400000,0.00073994
1606291200000,0.00053128
1606320000000,0.00116534
1606348800000,0.00048837
1606377600000,0.00010000
1606406400000,0.00013275
1606435200000,0.00024750
1606464000000,0.00010000
1606492800000,0.00010000
1606521600000,0.00010000
1606550400000,0.00010000
1606579200000,0.00010000
1606608000000,0.00010000
1606636800000,0.00010000
1606665600000,0.00010000
1606694400000,0.00010000
1606723200000,0.00036965
1606752000000,0.00090116
1606780800000,0.00039869
1606809600000,0.00058752
1606838400000,0.00031592
1606867200000,0.00019429
1606896000000,0.00045805
1606924800000,0.00010000
1606953600000,0.00010000
1606982400000,0.00010000
1607011200000,0.00077331
1607040000000,0.00037142
1607068800000,0.00015116
1607097600000,0.00010000
1607126400000,0.00027833
1607155200000,0.00010000
1607184000000,0.00016022
1607212800000,0.00010000
1607241600000,0.00010000
1607270400000,0.00010000
1607299200000,0.00010000
1607328000000,0.00010000
1607356800000,0.00010000
1607385600000,0.00029366
1607414400000,0.00017744
1607443200000,0.00010000
1607472000000,0.00013842
1607500800000,0.00010000
1607529600000,0.00010000
1607558400000,0.00010000
1607587200000,0.00010000
1607616000000,0.00010000
1607644800000,0.00017393
1607673600000,0.00012389
1607702400000,0.00010000
1607731200000,0.00010000
1607760000000,0.00010000
1607788800000,0.00010000
1607817600000,0.00010000
1607846400000,0.00010000
1607875200000,0.00010000
1607904000000,0.00010000
1607932800000,0.00010000
1607961600000,0.00010000
1607990400000,0.00010000
1608019200000,0.00010000
1608048000000,0.00010000
1608076800000,0.00010000
1608105600000,0.00010000
1608134400000,0.00102460
1608163200000,0.00050069
1608192000000,0.00073138
1608220800000,0.00133961
1608249600000,0.00026396
1608278400000,0.00050887
1608307200000,0.00061589
1608336000000,0.00064688
1608364800000,0.00052066
1608393600000,0.00088042
1608422400000,0.00072872
1608451200000,0.00030872
1608480000000,0.00058382
1608508800000,0.00019993
1608537600000,0.00041128
1608566400000,0.00017551
1608595200000,0.00013065
1608624000000,0.00012634
1608652800000,0.00010000
1608681600000,0.00033124
1608710400000,0.00019732
1608739200000,0.00010000
1608768000000,0.00010000
1608796800000,0.00010000
1608825600000,0.00010000
1608854400000,0.00010000
1608883200000,0.00010000
1608912000000,0.00010889
1608940800000,0.00010000
1608969600000,0.00010000
1608998400000,0.00010000
1609027200000,0.00037063
1609056000000,0.00049062
1609084800000,0.00068798
1609113600000,0.00067850
1609142400000,0.00096296
1609171200000,0.00077510
1609200000000,0.00063783
1609228800000,0.00076943
1609257600000,0.00062907
1609286400000,0.00075238
1609315200000,0.00090448
1609344000000,0.00055831
1609372800000,0.00078059
1609401600000,0.00039102
1609430400000,0.00034870
1609459200000,0.00034491
1609488000000,0.00061141
1609516800000,0.00056803
1609545600000,0.00025572
1609574400000,0.00049233
1609603200000,0.00109186
1609632000000,0.00062004
1609660800000,0.00074404
1609689600000,0.00171498
1609718400000,0.00295549
1609747200000,0.00375000
1609776000000,0.00085432
1609804800000,0.00102541
1609833600000,0.00043050
1609862400000,0.00102796
1609891200000,0.00182180
1609920000000,0.00222459
1609948800000,0.00253317
1609977600000,0.00114512
1610006400000,0.00165953
1610035200000,0.00176605
1610064000000,0.00171757
1610092800000,0.00077262
1610121600000,0.00137534
1610150400000,0.00067690
1610179200000,0.00068612
1610208000000,0.00156908
1610236800000,0.00340522
1610265600000,0.00202919
1610294400000,0.00126049
1610323200000,0.00177547
1610352000000,0.00066240
1610380800000,0.00039691
1610409600000,0.00010000
1610438400000,0.00045084
1610467200000,0.00058059
1610496000000,0.00037339
1610524800000,0.00011840
1610553600000,0.00040496
1610582400000,0.00054804
1610611200000,0.00052290
1610640000000,0.00071650
1610668800000,0.00027278
1610697600000,0.00055774
1610726400000,0.00087472
1610755200000,0.00014675
1610784000000,0.00054404
1610812800000,0.00152456
1610841600000,0.00106467
1610870400000,0.00050098
1610899200000,0.00051088
1610928000000,0.00109082
1610956800000,0.00028606
1610985600000,0.00109269
1611014400000,0.00121462
1611043200000,0.00197982
1611072000000,0.00199604
1611100800000,0.00153883
1611129600000,0.00072796
1611158400000,0.00048461
1611187200000,0.00034937
1611216000000,0.00065753
1611244800000,0.00037547
1611273600000,0.00020251
1611302400000,0.00016737
1611331200000,0.00010000
1611360000000,0.00015431
1611388800000,0.00020659
1611417600000,0.00028319
1611446400000,0.00093097
1611475200000,0.00058705
1611504000000,0.00094274
1611532800000,0.00050723
1611561600000,0.00105754
1611590400000,0.00093264
1611619200000,0.00034093
1611648000000,0.00031895
1611676800000,0.00010000
1611705600000,0.00036342
1611734400000,0.00010000
1611763200000,0.00010000
1611792000000,0.00014794
1611820800000,0.00010000
1611849600000,0.00056884
1611878400000,0.00112844
1611907200000,0.00061388
1611936000000,0.00241392
1611964800000,0.00094051
1611993600000,0.00037882
1612022400000,0.00072777
1612051200000,0.00115111
1612080000000,0.00113497
1612108800000,0.00072236
1612137600000,0.00025014
1612166400000,0.00055359
1612195200000,0.00061764
1612224000000,0.00050304
1612252800000,0.00120708
1612281600000,0.00165937
1612310400000,0.00151935
1612339200000,0.00155522
1612368000000,0.00167923
1612396800000,0.00146092
1612425600000,0.00135459
1612454400000,0.00145079
1612483200000,0.00113736
1612512000000,0.00176430
1612540800000,0.00155465
1612569600000,0.00117123
1612598400000,0.00107002
1612627200000,0.00143968
1612656000000,0.00171115
1612684800000,0.00051183
1612713600000,0.00065683
1612742400000,0.00010000
1612771200000,0.00039877
1612800000000,0.00284408
1612828800000,0.00227548
1612857600000,0.00193315
1612886400000,0.00143234
1612915200000,0.00156788
1612944000000,0.00218071
1612972800000,0.00085146
1613001600000,0.00071884
1613030400000,0.00065956
1613059200000,0.00180566
1613088000000,0.00092117
1613116800000,0.00050482
1613145600000,0.00153886
1613174400000,0.00228313
1613203200000,0.00173035
1613232000000,0.00094692
1613260800000,0.00110785
1613289600000,0.00176822
1613318400000,0.00124260
1613347200000,0.00079460
1613376000000,0.00013827
1613404800000,0.00081146
1613433600000,0.00104485
1613462400000,0.00112937
1613491200000,0.00114441
1613520000000,0.00092761
1613548800000,0.00106083
1613577600000,0.00232282
1613606400000,0.00194950
1613635200000,0.00202078
1613664000000,0.00118984
1613692800000,0.00082051
1613721600000,0.00139773
1613750400000,0.00169023
1613779200000,0.00196264
1613808000000,0.00189841
1613836800000,0.00185880
1613865600000,0.00051516
1613894400000,0.00043550
1613923200000,0.00107233
1613952000000,0.00077647
1613980800000,0.00047334
1614009600000,0.00034567
1614038400000,0.00010000
1614067200000,0.00026168
1614096000000,0.00010000
1614124800000,0.00013438
1614153600000,0.00039328
1614182400000,0.00028758
1614211200000,0.00046770
1614240000000,0.00016178
1614268800000,0.00010000
1614297600000,0.00010000
1614326400000,0.00014852
1614355200000,0.00037736
1614384000000,0.00018181
1614412800000,0.00061960
1614441600000,0.00010000
1614470400000,0.00010000
1614499200000,0.00010000
1614528000000,0.00010000
1614556800000,0.00010000
1614585600000,0.00033427
1614614400000,0.00049119
1614643200000,0.00049538
1614672000000,0.00035713
1614700800000,0.00039154
1614729600000,0.00010000
1614758400000,0.00010000
1614787200000,0.00087091
1614816000000,0.00047552
1614844800000,0.00015927
1614873600000,0.00033061
1614902400000,0.00024885
1614931200000,0.00022561
1614960000000,0.00010000
1614988800000,0.00031476
1615017600000,0.00057512
1615046400000,0.00032891
1615075200000,0.00066496
1615104000000,0.00023263
1615132800000,0.00056927
1615161600000,0.00011144
1615190400000,0.00045102
1615219200000,0.00056057
1615248000000,0.00014784
1615276800000,0.00085203
1615305600000,0.00101744
1615334400000,0.00058485
1615363200000,0.00051290
1615392000000,0.00105856
1615420800000,0.00079368
1615449600000,0.00034874
1615478400000,0.00080049
1615507200000,0.00132622
1615536000000,0.00072213
1615564800000,0.00034512
1615593600000,0.00030351
1615622400000,0.00039972
1615651200000,0.00155198
1615680000000,0.00113056
1615708800000,0.00104800
1615737600000,0.00113023
1615766400000,0.00077413
1615795200000,0.00081452
1615824000000,0.00013021
1615852800000,0.00010000
1615881600000,0.00045668
1615910400000,0.00039653
1615939200000,0.00064671
1615968000000,0.00034812
1615996800000,0.00031521
1616025600000,0.00099682
1616054400000,0.00067631
1616083200000,0.00038027
1616112000000,0.00010000
1616140800000,0.00010000
1616169600000,0.00037762
1616198400000,0.00061811
1616227200000,0.00051100
1616256000000,0.00102646
1616284800000,0.00068264
1616313600000,0.00010000
1616342400000,0.00019064
1616371200000,0.00053821
1616400000000,0.00042754
1616428800000,0.00044797
1616457600000,0.00010000
1616486400000,0.00019899
1616515200000,0.00033090
1616544000000,0.00050608
1616572800000,0.00010655
1616601600000,0.00041690
1616630400000,0.00010000
1616659200000,0.00010000
1616688000000,0.00035938
1616716800000,0.00042431
1616745600000,0.00010000
1616774400000,0.00010000
1616803200000,0.00010000
1616832000000,0.00015922
1616860800000,0.00034067
1616889600000,0.00025751
1616918400000,0.00029541
1616947200000,0.00031424
1616976000000,0.00022015
1617004800000,0.00043803
1617033600000,0.00084253
1617062400000,0.00074011
1617091200000,0.00056645
1617120000000,0.00036654
1617148800000,0.00076506
1617177600000,0.00107130
1617206400000,0.00038554
1617235200000,0.00156864
1617264000000,0.00109222
1617292800000,0.00064672
1617321600000,0.00050452
1617350400000,0.00121799
1617379200000,0.00116568
1617408000000,0.00082856
1617436800000,0.00143194
1617465600000,0.00086456
1617494400000,0.00060523
1617523200000,0.00106146
1617552000000,0.00038114
1617580800000,0.00072788
1617609600000,0.00074688
1617638400000,0.00085226
1617667200000,0.00161366
1617696000000,0.00064189
1617724800000,0.00061542
1617753600000,0.00049128
1617782400000,0.00069613
1617811200000,0.00032907
1617840000000,0.00021468
1617868800000,0.00026979
1617897600000,0.00031551
1617926400000,0.00038906
1617955200000,0.00043318
1617984000000,0.00064034
1618012800000,0.00010000
1618041600000,0.00209663
1618070400000,0.00120257
1618099200000,0.00055892
1618128000000,0.00086343
1618156800000,0.00091114
1618185600000,0.00099657
1618214400000,0.00164512
1618243200000,0.00067862
1618272000000,0.00047138
1618300800000,0.00117821
1618329600000,0.00167603
1618358400000,0.00152762
1618387200000,0.00203587
1618416000000,0.00095658
1618444800000,0.00113562
1618473600000,0.00110097
1618502400000,0.00104862
1618531200000,0.00146805
1618560000000,0.00135711
1618588800000,0.00108120
1618617600000,0.00076639
1618646400000,0.00098330
1618675200000,0.00063599
1618704000000,0.00052118
1618732800000,0.00022241
1618761600000,0.00044396
1618790400000,0.00010000
1618819200000,0.00010000
1618848000000,0.00051920
1618876800000,0.00010000
1618905600000,0.00021279
1618934400000,0.00010000
1618963200000,0.00010000
1618992000000,0.00010000
1619020800000,0.00010000
1619049600000,0.00023315
1619078400000,0.00011151
1619107200000,0.00010000
1619136000000,0.00038980
1619164800000,0.00041263
1619193600000,0.00010000
1619222400000,0.00010335
1619251200000,0.00030056
1619280000000,0.00010000
1619308800000,0.00010000
1619337600000,0.00010000
1619366400000,0.00010000
1619395200000,0.00010000
1619424000000,0.00010000
1619452800000,0.00010000
1619481600000,0.00010000
1619510400000,0.00010000
1619539200000,0.00040663
1619568000000,0.00034144
1619596800000,0.00019211
1619625600000,0.00010000
1619654400000,0.00010000
1619683200000,0.00010000
1619712000000,0.00010000
1619740800000,0.00014665
1619769600000,0.00011668
1619798400000,0.00051157
1619827200000,0.00010000
1619856000000,0.00035155
1619884800000,0.00012262
1619913600000,0.00023451
1619942400000,0.00039722
1619971200000,0.00010000
1620000000000,0.00010000
1620028800000,0.00010000
1620057600000,0.00061627
1620086400000,0.00031687
1620115200000,0.00070707
1620144000000,0.00071637
1620172800000,0.00038408
1620201600000,0.00078274
1620230400000,0.00087977
1620259200000,0.00068239
1620288000000,0.00066648
1620316800000,0.00110886
1620345600000,0.00026032
1620374400000,0.00049147
1620403200000,0.00038025
1620432000000,0.00047199
1620460800000,0.00070136
1620489600000,0.00030149
1620518400000,0.00058991
1620547200000,0.00041522
1620576000000,0.00054148
1620604800000,0.00068787
1620633600000,0.00066380
1620662400000,0.00075749
1620691200000,0.00041169
1620720000000,0.00043204
1620748800000,0.00029649
1620777600000,0.00010000
1620806400000,0.00047462
1620835200000,0.00054381
1620864000000,0.00040983
1620892800000,0.00014687
1620921600000,0.00010000
1620950400000,0.00010000
1620979200000,0.00010000
1621008000000,0.00010000
1621036800000,0.00038785
1621065600000,0.00052101
1621094400000,0.00046056
1621123200000,0.00030702
1621152000000,0.00013134
1621180800000,0.00018829
1621209600000,0.00015608
1621238400000,0.00033500
1621267200000,0.00070010
1621296000000,0.00018459
1621324800000,0.00010000
1621353600000,0.00061460
1621382400000,0.00010000
1621411200000,0.00053311
1621440000000,-0.00356332
1621468800000,0.00011828
1621497600000,0.00010000
1621526400000,0.00010000
1621555200000,0.00010000
1621584000000,0.00010000
1621612800000,0.00010000
1621641600000,0.00010000
1621670400000,0.00010000
1621699200000,0.00010000
1621728000000,0.00010000
1621756800000,0.00010000
1621785600000,0.00010000
1621814400000,0.00010000
1621843200000,0.00010000
1621872000000,0.00010000
1621900800000,0.00010000
1621929600000,0.00010000
1621958400000,0.00010000
1621987200000,0.00010000
1622016000000,0.00010000
1622044800000,0.00010000
1622073600000,0.00010000
1622102400000,0.00010000
1622131200000,0.00010000
1622160000000,0.00010000
1622188800000,0.00010000
1622217600000,0.00010000
1622246400000,0.00010000
1622275200000,0.00010000
1622304000000,0.00010000
1622332800000,0.00010000
1622361600000,0.00010000
1622390400000,0.00010000
1622419200000,0.00010000
1622448000000,0.00010000
1622476800000,0.00010000
1622505600000,0.00010000
1622534400000,0.00010000
1622563200000,0.00010000
1622592000000,0.00010000
1622620800000,0.00010000
1622649600000,0.00010000
1622678400000,0.00010000
1622707200000,0.00010000
1622736000000,0.00010000
1622764800000,0.00010000
1622793600000,0.00010000
1622822400000,0.00010000
1622851200000,0.00010000
1622880000000,0.00010000
1622908800000,0.00010000
1622937600000,0.00010000
1622966400000,0.00010000
1622995200000,0.00010000
1623024000000,0.00010000
1623052800000,0.00010000
1623081600000,0.00010000
1623110400000,0.00010000
1623139200000,0.00010000
1623168000000,0.00010000
1623196800000,0.00010000
1623225600000,0.00010000
1623254400000,0.00010000
1623283200000,0.00010000
1623312000000,0.00010000
1623340800000,0.00010000
1623369600000,0.00010000
1623398400000,0.00010000
1623427200000,0.00008683
1623456000000,0.00010000
1623484800000,0.00010000
1623513600000,0.00010000
1623542400000,0.00010000
1623571200000,0.00010000
1623600000000,0.00010000
1623628800000,0.00010000
1623657600000,0.00010000
1623686400000,0.00003785
1623715200000,0.00010000
1623744000000,0.00010000
1623772800000,0.00010000
1623801600000,0.00010000
1623830400000,0.00010000
1623859200000,0.00010000
1623888000000,0.00010000
1623916800000,0.00010000
1623945600000,0.00010000
1623974400000,-0.00000578
1624003200000,0.00009549
1624032000000,0.00010000
1624060800000,-0.00018201
1624089600000,-0.00000178
1624118400000,0.00010000
1624147200000,0.00004657
1624176000000,0.00000741
1624204800000,-0.00024432
1624233600000,0.00004439
1624262400000,-0.00007382
1624291200000,-0.00007303
1624320000000,0.00010000
1624348800000,0.00004434
1624377600000,-0.00000759
1624406400000,0.00004046
1624435200000,-0.00009115
1624464000000,-0.00006683
1624492800000,-0.00004432
1624521600000,0.00010000
1624550400000,0.00010000
1624579200000,0.00010000
1624608000000,0.00010000
1624636800000,0.00007207
1624665600000,0.00004234
1624694400000,-0.00005794
1624723200000,-0.00014961
1624752000000,-0.00006018
1624780800000,-0.00027281
1624809600000,-0.00013791
1624838400000,-0.00004311
1624867200000,0.00010000
1624896000000,-0.00002358
1624924800000,0.00008669
1624953600000,0.00006012
1624982400000,-0.00011947
1625011200000,0.00010000
1625040000000,0.00010000
1625068800000,0.00010000
1625097600000,0.00010000
1625126400000,0.00010000
1625155200000,0.00004853
1625184000000,-9.5E-7
1625212800000,-0.00002734
1625241600000,-0.00014398
1625270400000,0.00007139
1625299200000,0.00002925
1625328000000,-0.00003943
1625356800000,0.00010000
1625385600000,0.00010000
1625414400000,0.00010000
1625443200000,0.00002596
1625472000000,0.00010000
1625500800000,0.00007226
1625529600000,0.00002925
1625558400000,-0.00003935
1625587200000,0.00009559
1625616000000,0.00003679
1625644800000,0.00009363
1625673600000,0.00010000
1625702400000,-0.00001075
1625731200000,0.00008639
1625760000000,0.00010000
1625788800000,0.00010000
1625817600000,0.00002471
1625846400000,0.00010000
1625875200000,0.00010000
1625904000000,0.00010000
1625932800000,0.00010000
1625961600000,0.00010000
1625990400000,0.00010000
1626019200000,0.00010000
1626048000000,0.00010000
1626076800000,0.00010000
1626105600000,0.00010000
1626134400000,0.00010000
1626163200000,-0.00001436
1626192000000,0.00010000
1626220800000,0.00010000
1626249600000,0.00010000
1626278400000,-0.00001550
1626307200000,0.00005808
1626336000000,0.00010000
1626364800000,0.00009847
1626393600000,0.00010000
1626422400000,0.00010000
1626451200000,0.00006785
1626480000000,0.00010000
1626508800000,0.00010000
1626537600000,0.00005313
1626566400000,0.00010000
1626595200000,0.00010000
1626624000000,0.00010000
1626652800000,0.00000198
1626681600000,0.00000691
1626710400000,0.00000310
1626739200000,-0.00002156
1626768000000,-0.00041611
1626796800000,-0.00005126
1626825600000,0.00000165
1626854400000,-0.00025489
1626883200000,-0.00028858
1626912000000,0.00010000
1626940800000,0.00010000
1626969600000,0.00010000
1626998400000,0.00008643
1627027200000,0.00010000
1627056000000,0.00010000
1627084800000,0.00010000
1627113600000,0.00010000
1627142400000,-0.00002614
1627171200000,-0.00001521
1627200000000,0.00004969
1627228800000,0.00010000
1627257600000,0.00010000
1627286400000,0.00010000
1627315200000,0.00010000
1627344000000,0.00010000
1627372800000,0.00010000
1627401600000,0.00010000
1627430400000,0.00010000
1627459200000,0.00010000
1627488000000,0.00005618
1627516800000,0.00005723
1627545600000,0.00010000
1627574400000,0.00010000
1627603200000,0.00010000
1627632000000,0.00010000
1627660800000,0.00010000
1627689600000,0.00010000
1627718400000,0.00010000
1627747200000,0.00010000
1627776000000,0.00010000
1627804800000,0.00010000
1627833600000,0.00010000
1627862400000,0.00010000
1627891200000,0.00010000
1627920000000,0.00010000
1627948800000,0.00010000
1627977600000,0.00010000
1628006400000,0.00000759
1628035200000,0.00000273
1628064000000,0.00010000
1628092800000,0.00009390
1628121600000,0.00010000
1628150400000,0.00010000
1628179200000,0.00010000
1628208000000,0.00010000
1628236800000,0.00010000
1628265600000,0.00010000
1628294400000,0.00010000
1628323200000,0.00010000
1628352000000,0.00018202
1628380800000,0.00013627
1628409600000,0.00010000
1628438400000,0.00010000
1628467200000,0.00014093
1628496000000,0.00021302
1628524800000,0.00010000
1628553600000,0.00045734
1628582400000,0.00010000
1628611200000,0.00010000
1628640000000,0.00043227
1628668800000,0.00025633
1628697600000,0.00010000
1628726400000,0.00010000
1628755200000,0.00013710
1628784000000,0.00018477
1628812800000,0.00010000
1628841600000,0.00010000
1628870400000,0.00042196
1628899200000,0.00010000
1628928000000,0.00025028
1628956800000,0.00051663
1628985600000,0.00037689
1629014400000,0.00015074
1629043200000,0.00010000
1629072000000,0.00025793
1629100800000,0.00010000
1629129600000,0.00010000
1629158400000,0.00010000
1629187200000,0.00010000
1629216000000,0.00010000
1629244800000,0.00010000
1629273600000,0.00010000
1629302400000,0.00010000
1629331200000,0.00010000
1629360000000,0.00010000
1629388800000,0.00010000
1629417600000,0.00023469
1629446400000,0.00015342
1629475200000,0.00036239
1629504000000,0.00010000
1629532800000,0.00010000
1629561600000,0.00036746
1629590400000,0.00022660
1629619200000,0.00018006
1629648000000,0.00010000
1629676800000,0.00010000
1629705600000,0.00113675
1629734400000,0.00035008
1629763200000,0.00032752
1629792000000,0.00030158
1629820800000,0.00056014
1629849600000,0.00019472
1629878400000,0.00016989
1629907200000,0.00010000
1629936000000,0.00010000
1629964800000,0.00010000
1629993600000,0.00010000
1630022400000,0.00010000
1630051200000,0.00010000
1630080000000,0.00010000
1630108800000,0.00010000
1630137600000,0.00014426
1630166400000,0.00011073
1630195200000,0.00016779
1630224000000,0.00010000
1630252800000,0.00010000
1630281600000,0.00010000
1630310400000,0.00010000
1630339200000,0.00010000
1630368000000,0.00010000
1630396800000,0.00010000
1630425600000,0.00020707
1630454400000,0.00010000
1630483200000,0.00010000
1630512000000,0.00010000
1630540800000,0.00025742
1630569600000,0.00079808
1630598400000,0.00028890
1630627200000,0.00027417
1630656000000,0.00037778
1630684800000,0.00065309
1630713600000,0.00076883
1630742400000,0.00071420
1630771200000,0.00075670
1630800000000,0.00070354
1630828800000,0.00058378
1630857600000,0.00080725
1630886400000,0.00085353
1630915200000,0.00041269
1630944000000,0.00044698
1630972800000,0.00058234
1631001600000,0.00066382
1631030400000,0.00010000
1631059200000,0.00010000
1631088000000,0.00010000
1631116800000,0.00010000
1631145600000,0.00010000
1631174400000,0.00010000
1631203200000,0.00010000
1631232000000,0.00010000
1631260800000,0.00010000
1631289600000,0.00010000
1631318400000,0.00010000
1631347200000,0.00010000
1631376000000,0.00010000
1631404800000,0.00010000
1631433600000,0.00010000
1631462400000,0.00010000
1631491200000,0.00010000
1631520000000,0.00010000
1631548800000,0.00010000
1631577600000,0.00010000
1631606400000,0.00010000
1631635200000,0.00010000
1631664000000,0.00010000
1631692800000,0.00010000
1631721600000,0.00010000
1631750400000,0.00010000
1631779200000,0.00010000
1631808000000,0.00010000
1631836800000,0.00010000
1631865600000,0.00010000
1631894400000,0.00010000
1631923200000,0.00010000
1631952000000,0.00010000
1631980800000,0.00010000
1632009600000,0.00010000
1632038400000,0.00010000
1632067200000,0.00010000
1632096000000,0.00010000
1632124800000,0.00010000
1632153600000,0.00010000
1632182400000,0.00010000
1632211200000,0.00010000
1632240000000,0.00010000
1632268800000,0.00010000
1632297600000,0.00010000
1632326400000,0.00010000
1632355200000,0.00010000
1632384000000,0.00010000
1632412800000,0.00010000
1632441600000,5.5E-7
1632470400000,0.00000875
1632499200000,-0.00011220
1632528000000,-0.00000748
1632556800000,-0.00001988
1632585600000,0.00003479
1632614400000,0.00010000
1632643200000,0.00002634
1632672000000,0.00002827
1632700800000,0.00010000
1632729600000,0.00010000
1632758400000,0.00010000
1632787200000,-0.00000856
1632816000000,0.00002806
1632844800000,0.00001524
1632873600000,-0.00008501
1632902400000,-0.00002112
1632931200000,0.00010000
1632960000000,-0.00012951
1632988800000,0.00010000
1633017600000,0.00010000
1633046400000,0.00004598
1633075200000,0.00002073
1633104000000,0.00010000
1633132800000,0.00010000
1633161600000,0.00010000
1633190400000,0.00010000
1633219200000,0.00010000
1633248000000,0.00010000
1633276800000,0.00010000
1633305600000,0.00010000
1633334400000,0.00010000
1633363200000,0.00010000
1633392000000,0.00010000
1633420800000,0.00010000
1633449600000,0.00010000
1633478400000,0.00010000
1633507200000,0.00010000
1633536000000,0.00014323
1633564800000,0.00031991
1633593600000,0.00019601
1633622400000,0.00024648
1633651200000,0.00018942
1633680000000,0.00010000
1633708800000,0.00026363
1633737600000,0.00010000
1633766400000,0.00010000
1633795200000,0.00010000
1633824000000,0.00010000
1633852800000,0.00010000
1633881600000,0.00010000
1633910400000,0.00010000
1633939200000,0.00010000
1633968000000,0.00033070
1633996800000,0.00010000
1634025600000,0.00010000
1634054400000,0.00010000
1634083200000,0.00010000
1634112000000,0.00010000
1634140800000,0.00010000
1634169600000,0.00018908
1634198400000,0.00028381
1634227200000,0.00032142
1634256000000,0.00041315
1634284800000,0.00039194
1634313600000,0.00023043
1634342400000,0.00031365
1634371200000,0.00024049
1634400000000,0.00052591
1634428800000,0.00033305
1634457600000,0.00037505
1634486400000,0.00053706
1634515200000,0.00023924
1634544000000,0.00038270
1634572800000,0.00019680
1634601600000,0.00036846
1634630400000,0.00035703
1634659200000,0.00020322
1634688000000,0.00030103
1634716800000,0.00022709
1634745600000,0.00072515
1634774400000,0.00050619
1634803200000,0.00051537
1634832000000,0.00080402
1634860800000,0.00035282
1634889600000,0.00034276
1634918400000,0.00032256
1634947200000,0.00023902
1634976000000,0.00015138
1635004800000,0.00024606
1635033600000,0.00018961
1635062400000,0.00046408
1635091200000,0.00039289
1635120000000,0.00019298
1635148800000,0.00047527
1635177600000,0.00048823
1635206400000,0.00039142
1635235200000,0.00037012
1635264000000,0.00043832
1635292800000,0.00030844
1635321600000,0.00059665
1635350400000,0.00012399
1635379200000,0.00019556
1635408000000,0.00010000
1635436800000,0.00010000
1635465600000,0.00025971
1635494400000,0.00040402
1635523200000,0.00037311
1635552000000,0.00013087
1635580800000,0.00046654
1635609600000,0.00024213
1635638400000,0.00013682
1635667200000,0.00010000
1635696000000,0.00021779
1635724800000,0.00024088
1635753600000,0.00013798
1635782400000,0.00026687
1635811200000,0.00020736
1635840000000,0.00045079
1635868800000,0.00052167
1635897600000,0.00010000
1635926400000,0.00044614
1635955200000,0.00025564
1635984000000,0.00047967
1636012800000,0.00031370
1636041600000,0.00028111
1636070400000,0.00022380
1636099200000,0.00014351
1636128000000,0.00033389
1636156800000,0.00040376
1636185600000,0.00043015
1636214400000,0.00010000
1636243200000,0.00023166
1636272000000,0.00018519
1636300800000,0.00032259
1636329600000,0.00021005
1636358400000,0.00028714
1636387200000,0.00023000
1636416000000,0.00010000
1636444800000,0.00010000
1636473600000,0.00010000
1636502400000,0.00021036
1636531200000,0.00020446
1636560000000,0.00027928
1636588800000,0.00017220
1636617600000,0.00015754
1636646400000,0.00010000
1636675200000,0.00010000
1636704000000,0.00010000
1636732800000,0.00010000
1636761600000,0.00010000
1636790400000,0.00010000
1636819200000,0.00010000
1636848000000,0.00010000
1636876800000,0.00010000
1636905600000,0.00010000
1636934400000,0.00023003
1636963200000,0.00024530
1636992000000,0.00010000
1637020800000,0.00015753
1637049600000,0.00010000
1637078400000,0.00010000
1637107200000,0.00010000
1637136000000,0.00010000
1637164800000,0.00010000
1637193600000,0.00010000
1637222400000,0.00010000
1637251200000,0.00010000
1637280000000,0.00010000
1637308800000,0.00010000
1637337600000,0.00010000
1637366400000,0.00010000
1637395200000,0.00010000
1637424000000,0.00010000
1637452800000,0.00010000
1637481600000,0.00010000
1637510400000,0.00010000
1637539200000,0.00010000
1637568000000,0.00010000
1637596800000,0.00010000
1637625600000,0.00010000
1637654400000,0.00010000
1637683200000,0.00010000
1637712000000,0.00010000
1637740800000,0.00010000
1637769600000,0.00010000
1637798400000,0.00010000
1637827200000,0.00010000
1637856000000,0.00035137
1637884800000,0.00026113
1637913600000,0.00027132
1637942400000,0.00010000
1637971200000,0.00010000
1638000000000,0.00010000
1638028800000,0.00010000
1638057600000,0.00010000
1638086400000,0.00010000
1638115200000,0.00010000
1638144000000,0.00010000
1638172800000,0.00010000
1638201600000,0.00010000
1638230400000,0.00010000
1638259200000,0.00010000
1638288000000,0.00019202
1638316800000,0.00016250
1638345600000,0.00010000
1638374400000,0.00010000
1638403200000,0.00010000
1638432000000,0.00010000
1638460800000,0.00010000
1638489600000,0.00012562
1638518400000,0.00010000
1638547200000,0.00010000
1638576000000,0.00010000
1638604800000,0.00006583
1638633600000,0.00010000
1638662400000,0.00010000
1638691200000,0.00010000
1638720000000,0.00010000
1638748800000,0.00010000
1638777600000,0.00010000
1638806400000,0.00010000
1638835200000,0.00010000
1638864000000,0.00007060
1638892800000,0.00010000
1638921600000,0.00010000
1638950400000,0.00010000
1638979200000,0.00010000
1639008000000,0.00010000
1639036800000,0.00010000
1639065600000,0.00010000
1639094400000,0.00010000
1639123200000,0.00010000
1639152000000,-0.00001037
1639180800000,0.00010000
1639209600000,0.00010000
1639238400000,0.00008719
1639267200000,0.00010000
1639296000000,0.00010000
1639324800000,0.00010000
1639353600000,0.00010000
1639382400000,-0.00005974
1639411200000,0.00004163
1639440000000,-0.00005267
1639468800000,0.00010000
1639497600000,0.00010000
1639526400000,0.00010000
1639555200000,0.00010000
1639584000000,0.00010000
1639612800000,0.00010000
1639641600000,0.00010000
1639670400000,0.00003234
1639699200000,0.00010000
1639728000000,0.00010000
1639756800000,0.00010000
1639785600000,0.00010000
1639814400000,0.00005422
1639843200000,0.00010000
1639872000000,0.00004353
1639900800000,0.00010000
1639929600000,0.00010000
1639958400000,0.00010000
1639987200000,0.00010000
1640016000000,0.00010000
1640044800000,0.00010000
1640073600000,0.00010000
1640102400000,0.00010000
1640131200000,0.00010000
1640160000000,0.00010000
1640188800000,0.00010000
1640217600000,0.00010000
1640246400000,0.00010000
1640275200000,0.00003383
1640304000000,0.00010000
1640332800000,0.00010000
1640361600000,0.00010000
1640390400000,0.00010000
1640419200000,0.00010000
1640448000000,0.00010000
1640476800000,0.00010000
1640505600000,0.00010000
1640534400000,0.00010000
1640563200000,0.00010000
1640592000000,0.00010000
1640620800000,0.00010000
1640649600000,0.00010000
1640678400000,0.00002254
1640707200000,0.00004226
1640736000000,0.00008064
1640764800000,0.00010000
1640793600000,0.00006859
1640822400000,0.00009232
1640851200000,-0.00000764
1640880000000,0.00010000
1640908800000,0.00006849
1640937600000,0.00000972
1640966400000,0.00010000
1640995200000,0.00010000
1641024000000,0.00010000
1641052800000,0.00010000
1641081600000,0.00003876
1641110400000,0.00002263
1641139200000,0.00006714
1641168000000,0.00006973
1641196800000,0.00005084
1641225600000,0.00007394
1641254400000,0.00010000
1641283200000,0.00010000
1641312000000,0.00010000
1641340800000,0.00010000
1641369600000,0.00010000
1641398400000,0.00010000
1641427200000,0.00005376
1641456000000,0.00010000
1641484800000,0.00004332
1641513600000,0.00001935
1641542400000,0.00010000
1641571200000,0.00010000
1641600000000,0.00010000
1641628800000,0.00010000
1641657600000,0.00010000
1641686400000,0.00010000
1641715200000,-0.00007234
1641744000000,0.00005470
1641772800000,-0.00014593
1641801600000,-0.00006361
1641830400000,0.00001599
1641859200000,0.00010000
1641888000000,0.00006198
1641916800000,0.00002718
1641945600000,-0.00006878
1641974400000,0.00008036
1642003200000,-0.00019812
1642032000000,-0.00002315
1642060800000,0.00010000
1642089600000,-0.00001444
1642118400000,0.00010000
1642147200000,0.00010000
1642176000000,-0.00001294
1642204800000,0.00009632
1642233600000,0.00010000
1642262400000,0.00010000
1642291200000,0.00002224
1642320000000,0.00009785
1642348800000,0.00008585
1642377600000,0.00002683
1642406400000,0.00004250
1642435200000,-0.00005944
1642464000000,0.00007549
1642492800000,0.00003626
1642521600000,0.00010000
1642550400000,0.00010000
1642579200000,-0.00001720
1642608000000,0.00010000
1642636800000,0.00010000
1642665600000,0.00010000
1642694400000,0.00010000
1642723200000,-0.00000805
1642752000000,-0.00005915
1642780800000,0.00008447
1642809600000,0.00007145
1642838400000,0.00010000
1642867200000,0.00009327
1642896000000,0.00010000
1642924800000,-0.00005208
1642953600000,-0.00013320
1642982400000,0.00010000
1643011200000,-0.00011775
1643040000000,0.00010000
1643068800000,0.00001695
1643097600000,0.00005831
1643126400000,-0.00007880
1643155200000,-0.00004048
1643184000000,-0.00007941
1643212800000,-0.00020069
1643241600000,-0.00008756
1643270400000,0.00002801
1643299200000,-0.00014218
1643328000000,-0.00008132
1643356800000,-0.00000297
1643385600000,-0.00008379
1643414400000,-0.00000850
1643443200000,0.00010000
1643472000000,-0.00000997
1643500800000,0.00002848
1643529600000,-0.00006536
1643558400000,0.00002989
1643587200000,0.00005139
1643616000000,-0.00010687
1643644800000,-0.00001151
1643673600000,0.00010000
1643702400000,-0.00010276
1643731200000,-0.00020797
1643760000000,-0.00006256
1643788800000,-1.7E-7
1643817600000,0.00000407
1643846400000,-0.00038034
1643875200000,-0.00005850
1643904000000,-0.00007881
1643932800000,0.00010000
1643961600000,0.00008786
1643990400000,0.00010000
1644019200000,0.00010000
1644048000000,0.00007456
1644076800000,0.00004351
1644105600000,0.00010000
1644134400000,0.00010000
1644163200000,0.00010000
1644192000000,-0.00000725
1644220800000,0.00008150
1644249600000,0.00001491
1644278400000,0.00010000
1644307200000,0.00001620
1644336000000,0.00007718
1644364800000,0.00010000
1644393600000,-0.00000162
1644422400000,0.00007116
1644451200000,-0.00002777
1644480000000,-0.00003259
1644508800000,0.00001908
1644537600000,-0.00011327
1644566400000,0.00010000
1644595200000,-0.00004783
1644624000000,0.00010000
1644652800000,0.00010000
1644681600000,0.00010000
1644710400000,0.00001665
1644739200000,0.00006235
1644768000000,-0.00002875
1644796800000,0.00009155
1644825600000,0.00006358
1644854400000,0.00010000
1644883200000,0.00007379
1644912000000,0.00004572
1644940800000,-0.00005099
1644969600000,0.00010000
1644998400000,0.00010000
1645027200000,0.00010000
1645056000000,0.00010000
1645084800000,0.00001611
1645113600000,0.00004771
1645142400000,-0.00003865
1645171200000,-0.00009187
1645200000000,0.00003508
1645228800000,0.00010000
1645257600000,0.00007039
1645286400000,0.00004883
1645315200000,-0.00003349
1645344000000,0.00005414
1645372800000,0.00003264
1645401600000,0.00007012
1645430400000,-0.00014003
1645459200000,0.00007007
1645488000000,0.00000865
1645516800000,-0.00003630
1645545600000,0.00005962
1645574400000,0.00009188
1645603200000,-0.00003926
1645632000000,-0.00003644
1645660800000,-0.00001113
1645689600000,-0.00003560
1645718400000,-0.00006140
1645747200000,0.00010000
1645776000000,0.00010000
1645804800000,0.00010000
1645833600000,0.00010000
1645862400000,0.00010000
1645891200000,0.00010000
1645920000000,0.00010000
1645948800000,0.00000507
1645977600000,0.00010000
1646006400000,-0.00015064
1646035200000,-0.00009020
1646064000000,0.00005573
1646092800000,0.00010000
1646121600000,0.00010000
1646150400000,0.00010000
1646179200000,0.00010000
1646208000000,0.00010000
1646236800000,0.00010000
1646265600000,0.00010000
1646294400000,0.00010000
1646323200000,0.00010000
1646352000000,0.00010000
1646380800000,0.00010000
1646409600000,0.00010000
1646438400000,0.00005192
1646467200000,0.00001520
1646496000000,0.00003064
1646524800000,-0.00008875
1646553600000,0.00005669
1646582400000,0.00007500
1646611200000,0.00003909
1646640000000,-0.00001000
1646668800000,0.00008669
1646697600000,-0.00010024
1646726400000,0.00010000
1646755200000,0.00010000
1646784000000,0.00006224
1646812800000,0.00010000
1646841600000,0.00010000
1646870400000,0.00010000
1646899200000,0.00005560
1646928000000,-0.00003951
1646956800000,0.00002542
1646985600000,-0.00005910
1647014400000,0.00008211
1647043200000,0.00010000
1647072000000,0.00005025
1647100800000,0.00006255
1647129600000,0.00002116
1647158400000,0.00010000
1647187200000,-0.00002698
1647216000000,-0.00010352
1647244800000,0.00010000
1647273600000,0.00010000
1647302400000,0.00010000
1647331200000,-0.00000321
1647360000000,-0.00004856
1647388800000,0.00010000
1647417600000,0.00009131
1647446400000,0.00005316
1647475200000,0.00010000
1647504000000,0.00010000
1647532800000,0.00010000
1647561600000,0.00010000
1647590400000,0.00004709
1647619200000,0.00005917
1647648000000,0.00010000
1647676800000,0.00010000
1647705600000,0.00010000
1647734400000,0.00010000
1647763200000,0.00010000
1647792000000,0.00010000
1647820800000,0.00010000
1647849600000,0.00010000
1647878400000,0.00010000
1647907200000,0.00010000
1647936000000,0.00010000
1647964800000,0.00010000
1647993600000,0.00010000
1648022400000,0.00008504
1648051200000,-0.00003582
1648080000000,-0.00001813
1648108800000,0.00010000
1648137600000,0.00010000
1648166400000,0.00010000
1648195200000,0.00010000
1648224000000,0.00010000
1648252800000,0.00010000
1648281600000,0.00004979
1648310400000,0.00010000
1648339200000,0.00007576
1648368000000,0.00000727
1648396800000,-0.00001708
1648425600000,0.00010000
1648454400000,0.00010000
1648483200000,0.00010000
1648512000000,0.00010000
1648540800000,0.00010000
1648569600000,0.00008269
1648598400000,0.00010000
1648627200000,0.00010000
1648656000000,0.00010000
1648684800000,0.00010000
1648713600000,0.00010000
1648742400000,0.00010000
1648771200000,0.00010000
1648800000000,0.00010000
1648828800000,0.00010000
1648857600000,0.00010000
1648886400000,0.00010000
1648915200000,0.00010000
1648944000000,0.00010000
1648972800000,0.00010000
1649001600000,0.00010000
1649030400000,0.00010000
1649059200000,0.00002896
1649088000000,0.00010000
1649116800000,0.00010000
1649145600000,0.00010000
1649174400000,0.00007974
1649203200000,0.00009470
1649232000000,-0.00014471
1649260800000,0.00006028
1649289600000,0.00008854
1649318400000,-0.00009945
1649347200000,0.00004585
1649376000000,-0.00009963
1649404800000,-0.00003214
1649433600000,0.00010000
1649462400000,0.00010000
1649491200000,0.00010000
1649520000000,0.00010000
1649548800000,0.00010000
1649577600000,0.00010000
1649606400000,0.00005980
1649635200000,0.00004676
1649664000000,0.00010000
1649692800000,0.00010000
1649721600000,-0.00003306
1649750400000,-0.00004036
1649779200000,-0.00016064
1649808000000,-0.00002262
1649836800000,-0.00016876
1649865600000,0.00003222
1649894400000,-0.00002200
1649923200000,0.00005593
1649952000000,-0.00003051
1649980800000,-0.00012221
1650009600000,-0.00003677
1650038400000,-0.00000334
1650067200000,-0.00002900
1650096000000,-0.00012314
1650124800000,-0.00003323
1650153600000,0.00002480
1650182400000,-0.00006458
1650211200000,0.00002937
1650240000000,-0.00005257
1650268800000,-0.00004410
1650297600000,-0.00013169
1650326400000,0.00008478
1650355200000,0.00003976
1650384000000,0.00002251
1650412800000,0.00010000
1650441600000,0.00006595
1650470400000,-0.00000105
1650499200000,-0.00009577
1650528000000,-0.00012991
1650556800000,-0.00000956
1650585600000,-0.00011914
1650614400000,-0.00017158
1650643200000,-0.00002649
1650672000000,0.00003778
1650700800000,-0.00010115
1650729600000,-0.00008574
1650758400000,-0.00009091
1650787200000,-0.00005652
1650816000000,0.00000341
1650844800000,0.00000321
1650873600000,-0.00008588
1650902400000,-0.00024996
1650931200000,0.00010000
1650960000000,0.00010000
1650988800000,0.00004991
1651017600000,-0.00014242
1651046400000,-0.00025690
1651075200000,0.00002591
1651104000000,-0.00001675
1651132800000,-0.00005776
1651161600000,0.00010000
1651190400000,0.00010000
1651219200000,0.00010000
1651248000000,0.00004578
1651276800000,-0.00008896
1651305600000,-0.00005202
1651334400000,-0.00005736
1651363200000,-0.00007153
1651392000000,-0.00016213
1651420800000,-0.00004432
1651449600000,0.00004920
1651478400000,-0.00007704
1651507200000,-0.00000236
1651536000000,0.00008762
1651564800000,0.00006446
1651593600000,0.00008725
1651622400000,0.00009221
1651651200000,0.00010000
1651680000000,0.00010000
1651708800000,0.00010000
1651737600000,0.00010000
1651766400000,0.00010000
1651795200000,-0.00005032
1651824000000,-0.00004640
1651852800000,-0.00000246
1651881600000,0.00005836
1651910400000,0.00010000
1651939200000,0.00007282
1651968000000,0.00009867
1651996800000,0.00010000
1652025600000,0.00010000
1652054400000,0.00010000
1652083200000,0.00009424
1652112000000,0.00009769
1652140800000,0.00009833
1652169600000,0.00006098
1652198400000,0.00010000
1652227200000,0.00007598
1652256000000,0.00010000
1652284800000,0.00007639
1652313600000,-0.00018602
1652342400000,-0.00079682
1652371200000,-0.00028645
1652400000000,-0.00009107
1652428800000,-0.00016008
1652457600000,-0.00002742
1652486400000,0.00005029
1652515200000,0.00009124
1652544000000,0.00006884
1652572800000,0.00010000
1652601600000,0.00007136
1652630400000,0.00007168
1652659200000,0.00010000
1652688000000,0.00010000
1652716800000,-0.00000334
1652745600000,0.00001965
1652774400000,-0.00010278
1652803200000,0.00000848
1652832000000,0.00007107
1652860800000,-0.00001537
1652889600000,-0.00007218
1652918400000,-0.00005373
1652947200000,0.00000490
1652976000000,0.00003757
1653004800000,0.00010000
1653033600000,0.00010000
1653062400000,0.00006647
1653091200000,0.00009991
1653120000000,-0.00002669
1653148800000,-0.00000360
1653177600000,0.00004308
1653206400000,0.00005296
1653235200000,0.00010000
1653264000000,0.00010000
1653292800000,0.00010000
1653321600000,0.00010000
1653350400000,-0.00007860
1653379200000,-0.00004871
1653408000000,-0.00004040
1653436800000,0.00001228
1653465600000,0.00010000
1653494400000,0.00006424
1653523200000,0.00010000
1653552000000,0.00003287
1653580800000,-0.00014343
1653609600000,0.00010000
1653638400000,-0.00000153
1653667200000,0.00005350
1653696000000,0.00010000
1653724800000,0.00006376
1653753600000,0.00003132
1653782400000,0.00010000
1653811200000,0.00001764
1653840000000,0.00001830
1653868800000,0.00006492
1653897600000,0.00001622
1653926400000,0.00010000
1653955200000,0.00007761
1653984000000,0.00010000
1654012800000,0.00010000
1654041600000,0.00010000
1654070400000,0.00010000
1654099200000,0.00010000
1654128000000,-0.00008505
1654156800000,0.00004628
1654185600000,0.00003599
1654214400000,0.00005262
1654243200000,0.00010000
1654272000000,0.00002737
1654300800000,0.00010000
1654329600000,0.00010000
1654358400000,0.00003000
1654387200000,0.00003407
1654416000000,0.00005246
1654444800000,0.00005865
1654473600000,0.00010000
1654502400000,0.00009597
1654531200000,0.00010000
1654560000000,0.00010000
1654588800000,-0.00003071
1654617600000,0.00001156
1654646400000,0.00010000
1654675200000,0.00007041
1654704000000,0.00010000
1654732800000,0.00010000
1654761600000,0.00005421
1654790400000,0.00010000
1654819200000,0.00010000
1654848000000,0.00010000
1654876800000,-0.00010846
1654905600000,-0.00013495
1654934400000,-0.00018605
1654963200000,-0.00009290
1654992000000,-0.00006025
1655020800000,-0.00009914
1655049600000,-0.00006827
1655078400000,0.00001579
1655107200000,-0.00000219
1655136000000,-0.00005144
1655164800000,-0.00004066
1655193600000,-0.00005061
1655222400000,-0.00002999
1655251200000,-0.00005370
1655280000000,-0.00016430
1655308800000,-0.00000952
1655337600000,-0.00001444
1655366400000,0.00006616
1655395200000,-0.00010424
1655424000000,-0.00012406
1655452800000,-0.00005634
1655481600000,-0.00014982
1655510400000,-0.00007277
1655539200000,-0.00029164
1655568000000,-0.00007606
1655596800000,-0.00018722
1655625600000,-0.00017690
1655654400000,0.00010000
1655683200000,0.00010000
1655712000000,-0.00002176
1655740800000,0.00008444
1655769600000,0.00006015
1655798400000,0.00004698
1655827200000,0.00005330
1655856000000,-0.00004890
1655884800000,-0.00002551
1655913600000,-0.00008679
1655942400000,-0.00004408
1655971200000,-0.00006496
1656000000000,-0.00010151
1656028800000,0.00004046
1656057600000,0.00008003
1656086400000,0.00010000
1656115200000,-0.00003928
1656144000000,0.00003156
1656172800000,0.00000642
1656201600000,0.00010000
1656230400000,0.00002837
1656259200000,-0.00008522
1656288000000,-0.00010252
1656316800000,-0.00004323
1656345600000,-0.00003606
1656374400000,0.00000902
1656403200000,-0.00002707
1656432000000,0.00006622
1656460800000,0.00003172
1656489600000,0.00001728
1656518400000,0.00001147
1656547200000,0.00003467
1656576000000,-0.00006766
1656604800000,-0.00021692
1656633600000,-0.00013323
1656662400000,0.00004122
1656691200000,-0.00009037
1656720000000,-0.00000450
1656748800000,-0.00004376
1656777600000,-0.00004429
1656806400000,0.00008102
1656835200000,0.00002344
1656864000000,-0.00009636
1656892800000,0.00008487
1656921600000,-0.00014236
1656950400000,0.00006349
1656979200000,0.00000823
1657008000000,0.00001762
1657036800000,0.00004280
1657065600000,0.00010000
1657094400000,0.00010000
1657123200000,0.00004373
1657152000000,0.00010000
1657180800000,0.00010000
1657209600000,0.00006891
1657238400000,0.00010000
1657267200000,0.00010000
1657296000000,0.00005505
1657324800000,0.00005118
1657353600000,0.00002685
1657382400000,0.00003206
1657411200000,0.00004544
1657440000000,0.00010000
1657468800000,0.00006604
1657497600000,0.00001102
1657526400000,0.00004204
1657555200000,0.00005881
1657584000000,0.00006653
1657612800000,-0.00002208
1657641600000,-0.00010622
1657670400000,-0.00017917
1657699200000,-0.00019746
1657728000000,-0.00012686
1657756800000,-0.00012921
1657785600000,0.00001264
1657814400000,-0.00005017
1657843200000,0.00010000
1657872000000,0.00004667
1657900800000,-0.00000453
1657929600000,0.00005458
1657958400000,0.00007053
1657987200000,0.00003638
1658016000000,0.00010000
1658044800000,8E-8
1658073600000,-0.00000639
1658102400000,-0.00002025
1658131200000,-0.00000857
1658160000000,0.00007250
1658188800000,0.00010000
1658217600000,0.00010000
1658246400000,0.00004242
1658275200000,0.00005437
1658304000000,-0.00004179
1658332800000,0.00002871
1658361600000,0.00010000
1658390400000,0.00010000
1658419200000,0.00010000
1658448000000,0.00010000
1658476800000,0.00010000
1658505600000,0.00009317
1658534400000,0.00005463
1658563200000,0.00006541
1658592000000,0.00010000
1658620800000,0.00010000
1658649600000,0.00010000
1658678400000,0.00010000
1658707200000,0.00010000
1658736000000,-0.00001134
1658764800000,0.00007434
1658793600000,0.00006690
1658822400000,0.00007151
1658851200000,0.00010000
1658880000000,0.00000741
1658908800000,0.00008204
1658937600000,0.00003325
1658966400000,0.00010000
1658995200000,0.00010000
1659024000000,0.00010000
1659052800000,0.00010000
1659081600000,0.00010000
1659110400000,0.00010000
1659139200000,0.00010000
1659168000000,0.00010000
1659196800000,0.00005049
1659225600000,0.00004431
1659254400000,0.00010000
1659283200000,0.00005528
1659312000000,0.00009823
1659340800000,0.00010000
1659369600000,0.00006285
1659398400000,0.00010000
1659427200000,0.00001617
1659456000000,0.00001593
1659484800000,0.00006888
1659513600000,0.00000368
1659542400000,-0.00003047
1659571200000,0.00001183
1659600000000,0.00007702
1659628800000,0.00007119
1659657600000,0.00007649
1659686400000,0.00010000
1659715200000,0.00010000
1659744000000,0.00010000
1659772800000,0.00010000
1659801600000,0.00010000
1659830400000,0.00010000
1659859200000,-0.00002278
1659888000000,0.00002801
1659916800000,-0.00001330
1659945600000,0.00002805
1659974400000,0.00010000
1660003200000,0.00005993
1660032000000,-0.00000321
1660060800000,-0.00014349
1660089600000,-0.00010375
1660118400000,-0.00003238
1660147200000,0.00010000
1660176000000,0.00010000
1660204800000,0.00004392
1660233600000,0.00001783
1660262400000,0.00002566
1660291200000,0.00005216
1660320000000,0.00008336
1660348800000,0.00007636
1660377600000,0.00004086
1660406400000,0.00002735
1660435200000,0.00003144
1660464000000,0.00008292
1660492800000,0.00000219
1660521600000,-0.00006757
1660550400000,0.00003991
1660579200000,-0.00004854
1660608000000,-0.00006945
1660636800000,0.00003333
1660665600000,0.00003842
1660694400000,0.00005927
1660723200000,0.00006626
1660752000000,0.00004034
1660780800000,0.00002314
1660809600000,0.00009463
1660838400000,0.00003449
1660867200000,0.00005275
1660896000000,0.00010000
1660924800000,0.00001435
1660953600000,0.00004557
1660982400000,-0.00003743
1661011200000,0.00000991
1661040000000,-0.00001408
1661068800000,0.00001912
1661097600000,-0.00005859
1661126400000,-0.00005605
1661155200000,0.00006886
1661184000000,0.00007481
1661212800000,0.00006559
1661241600000,-0.00001800
1661270400000,-0.00009315
1661299200000,-0.00008879
1661328000000,-0.00002313
1661356800000,0.00000538
1661385600000,-0.00009281
1661414400000,-0.00001814
1661443200000,0.00002635
1661472000000,0.00004613
1661500800000,0.00002490
1661529600000,0.00008902
1661558400000,-0.00020750
1661587200000,-0.00007754
1661616000000,-0.00027200
1661644800000,-0.00025370
1661673600000,-0.00026880
1661702400000,0.00001893
1661731200000,-0.00024797
1661760000000,-0.00017053
1661788800000,-0.00006657
1661817600000,-0.00009478
1661846400000,-0.00006689
1661875200000,-0.00005782
1661904000000,-0.00011151
1661932800000,-2.5E-7
1661961600000,0.00007105
1661990400000,-0.00001273
1662019200000,0.00000918
1662048000000,-0.00007998
1662076800000,0.00005469
1662105600000,0.00003291
1662134400000,-0.00001840
1662163200000,-0.00012553
1662192000000,-0.00010187
1662220800000,-0.00009441
1662249600000,0.00001789
1662278400000,-0.00004425
1662307200000,-0.00009236
1662336000000,0.00000877
1662364800000,-0.00010286
1662393600000,-0.00005010
1662422400000,-0.00016568
1662451200000,-0.00013291
1662480000000,-0.00002352
1662508800000,-0.00016770
1662537600000,-0.00027449
1662566400000,-0.00018414
1662595200000,0.00001215
1662624000000,-0.00001240
1662652800000,-0.00006039
1662681600000,-0.00008280
1662710400000,-0.00003837
1662739200000,-0.00012468
1662768000000,-0.00007115
1662796800000,-0.00020439
1662825600000,-0.00014116
1662854400000,-0.00011556
1662883200000,-0.00016606
1662912000000,-0.00031696
1662940800000,-0.00034442
1662969600000,-0.00027610
1662998400000,-0.00038902
1663027200000,-0.00028397
1663056000000,-0.00047985
1663084800000,-0.00046620
1663113600000,-0.00111142
1663142400000,-0.00182506
1663171200000,-0.00172134
1663200000000,-0.00301937
1663228800000,-0.00216987
1663257600000,-0.00010393
1663286400000,-0.00000776
1663315200000,-0.00000235
1663344000000,0.00010000
1663372800000,0.00007400
1663401600000,0.00007913
1663430400000,0.00004111
1663459200000,0.00000841
1663488000000,0.00008234
1663516800000,0.00006342
1663545600000,-0.00010281
1663574400000,-0.00000491
1663603200000,-0.00009737
1663632000000,-0.00010865
1663660800000,-0.00012011
1663689600000,0.00000277
1663718400000,-0.00003849
1663747200000,-0.00002285
1663776000000,-0.00007656
1663804800000,-0.00024234
1663833600000,-0.00023437
1663862400000,-0.00013047
1663891200000,-0.00001456
1663920000000,-0.00004759
1663948800000,-0.00005042
1663977600000,0.00001491
1664006400000,0.00004468
1664035200000,-0.00008115
1664064000000,0.00000122
1664092800000,-0.00004292
1664121600000,0.00000449
1664150400000,0.00000423
1664179200000,0.00010000
1664208000000,-0.00001379
1664236800000,0.00002194
1664265600000,0.00001777
1664294400000,0.00001303
1664323200000,-0.00001018
1664352000000,-0.00002348
1664380800000,-0.00007573
1664409600000,0.00006004
1664438400000,0.00010000
1664467200000,0.00002149
1664496000000,0.00001170
1664524800000,0.00007176
1664553600000,0.00010000
1664582400000,0.00008185
1664611200000,0.00006857
1664640000000,0.00005117
1664668800000,0.00001239
1664697600000,0.00004395
1664726400000,-0.00002183
1664755200000,-0.00002230
1664784000000,0.00002229
1664812800000,-0.00000998
1664841600000,0.00007858
1664870400000,0.00010000
1664899200000,0.00003575
1664928000000,0.00001819
1664956800000,0.00000345
1664985600000,-0.00003017
1665014400000,0.00002418
1665043200000,0.00005188
1665072000000,-0.00001150
1665100800000,0.00002157
1665129600000,0.00003248
1665158400000,0.00000390
1665187200000,0.00005904
1665216000000,0.00006993
1665244800000,0.00008939
1665273600000,0.00003902
1665302400000,0.00001819
1665331200000,-0.00005165
1665360000000,0.00004749
1665388800000,0.00002784
1665417600000,0.00002352
1665446400000,0.00007133
1665475200000,0.00003552
1665504000000,0.00004405
1665532800000,0.00008850
1665561600000,-0.00001598
1665590400000,0.00000718
1665619200000,-0.00018211
1665648000000,0.00008180
1665676800000,-0.00010154
1665705600000,0.00000200
1665734400000,0.00010000
1665763200000,0.00010000
1665792000000,0.00005950
1665820800000,-0.00000548
1665849600000,-0.00000801
1665878400000,0.00000273
1665907200000,-0.00001934
1665936000000,0.00001261
1665964800000,0.00000750
1665993600000,0.00003595
1666022400000,0.00005610
1666051200000,0.00006430
1666080000000,0.00005818
1666108800000,0.00008200
1666137600000,0.00006911
1666166400000,0.00010000
1666195200000,0.00003885
1666224000000,0.00001115
1666252800000,0.00006032
1666281600000,-0.00005194
1666310400000,0.00010000
1666339200000,0.00001939
1666368000000,0.00002595
1666396800000,0.00002568
1666425600000,-0.00000796
1666454400000,-0.00003726
1666483200000,0.00001025
1666512000000,0.00002352
1666540800000,0.00010000
1666569600000,0.00009274
1666598400000,0.00010000
1666627200000,-0.00002685
1666656000000,-0.00005643
1666684800000,0.00003537
1666713600000,0.00001973
1666742400000,0.00010000
1666771200000,-0.00002452
1666800000000,0.00010000
1666828800000,0.00008299
1666857600000,0.00005005
1666886400000,-0.00003370
1666915200000,0.00002272
1666944000000,0.00004042
1666972800000,0.00001870
1667001600000,0.00006207
1667030400000,0.00008203
1667059200000,0.00010000
1667088000000,0.00007735
1667116800000,0.00009296
1667145600000,0.00010000
1667174400000,0.00006308
1667203200000,0.00010000
1667232000000,-0.00000288
1667260800000,0.00000795
1667289600000,-0.00005701
1667318400000,0.00001321
1667347200000,0.00007678
1667376000000,0.00002913
1667404800000,0.00005813
1667433600000,-0.00008892
1667462400000,-0.00007732
1667491200000,0.00000255
1667520000000,0.00001398
1667548800000,0.00009293
1667577600000,0.00010000
1667606400000,0.00009190
1667635200000,0.00001474
1667664000000,0.00005826
1667692800000,0.00008014
1667721600000,0.00010000
1667750400000,0.00004026
1667779200000,0.00002594
1667808000000,-0.00000272
1667836800000,0.00010000
1667865600000,-0.00005728
1667894400000,-0.00011539
1667923200000,0.00007883
1667952000000,-0.00038496
1667980800000,-0.00012169
1668009600000,-0.00054682
1668038400000,-0.00060149
1668067200000,-0.00054300
1668096000000,-0.00015464
1668124800000,-0.00016788
1668153600000,-0.00013634
1668182400000,0.00002873
1668211200000,0.00009985
1668240000000,0.00004863
1668268800000,0.00009984
1668297600000,-0.00000928
1668326400000,-0.00008449
1668355200000,-0.00001748
1668384000000,0.00002810
1668412800000,0.00002254
1668441600000,0.00005237
1668470400000,-0.00008644
1668499200000,0.00004951
1668528000000,-0.00004197
1668556800000,-0.00009137
1668585600000,0.00000119
1668614400000,-0.00004556
1668643200000,-0.00009394
1668672000000,0.00002558
1668700800000,-0.00010849
1668729600000,-0.00008460
1668758400000,-0.00006951
1668787200000,-0.00005327
1668816000000,0.00006481
1668844800000,0.00004413
1668873600000,0.00005990
1668902400000,0.00000377
1668931200000,0.00005730
1668960000000,-0.00002008
1668988800000,-0.00020459
1669017600000,-0.00002170
1669046400000,0.00004666
1669075200000,-0.00006623
1669104000000,-0.00002821
1669132800000,0.00006368
1669161600000,0.00006088
1669190400000,-0.00004079
1669219200000,-0.00009414
1669248000000,0.00004960
1669276800000,-0.00006135
1669305600000,0.00003796
1669334400000,0.00005572
1669363200000,0.00005499
1669392000000,-0.00003074
1669420800000,-0.00004472
1669449600000,-0.00005666
1669478400000,-0.00006554
1669507200000,-0.00004687
1669536000000,-0.00011497
1669564800000,0.00003854
1669593600000,0.00000342
1669622400000,-0.00002557
1669651200000,-0.00012317
1669680000000,0.00003832
1669708800000,0.00002946
1669737600000,0.00010000
1669766400000,0.00009218
1669795200000,0.00010000
1669824000000,0.00010000
1669852800000,-0.00001967
1669881600000,0.00003623
1669910400000,0.00010000
1669939200000,0.00010000
1669968000000,-0.00000244
1669996800000,0.00004870
1670025600000,-0.00000481
1670054400000,-0.00002779
1670083200000,-0.00002251
1670112000000,-0.00004991
1670140800000,-0.00000149
1670169600000,0.00003593
1670198400000,0.00005566
1670227200000,-0.00002459
1670256000000,0.00005578
1670284800000,0.00004181
1670313600000,0.00001389
1670342400000,0.00004364
1670371200000,0.00008029
1670400000000,0.00000595
1670428800000,-0.00000233
1670457600000,6.3E-7
1670486400000,0.00001744
1670515200000,-9.2E-7
1670544000000,0.00010000
1670572800000,0.00006855
1670601600000,0.00004900
1670630400000,-0.00001674
1670659200000,0.00006407
1670688000000,0.00006841
1670716800000,-0.00002288
1670745600000,0.00001946
1670774400000,0.00001359
1670803200000,0.00003843
1670832000000,-0.00002359
1670860800000,-0.00002692
1670889600000,0.00008949
1670918400000,0.00010000
1670947200000,0.00010000
1670976000000,0.00010000
1671004800000,0.00010000
1671033600000,0.00010000
1671062400000,0.00010000
1671091200000,0.00010000
1671120000000,0.00010000
1671148800000,0.00010000
1671177600000,0.00010000
1671206400000,-0.00003780
1671235200000,0.00008697
1671264000000,-0.00006429
1671292800000,0.00003413
1671321600000,0.00005955
1671350400000,0.00007900
1671379200000,0.00004105
1671408000000,-0.00003395
1671436800000,0.00000570
1671465600000,-0.00000601
1671494400000,0.00008479
1671523200000,0.00004111
1671552000000,0.00009832
1671580800000,0.00004626
1671609600000,0.00008575
1671638400000,0.00006565
1671667200000,0.00008923
1671696000000,0.00009813
1671724800000,0.00007887
1671753600000,0.00007468
1671782400000,0.00010000
1671811200000,-0.00000728
1671840000000,0.00006767
1671868800000,0.00010000
1671897600000,0.00000527
1671926400000,-0.00000384
1671955200000,4.1E-7
1671984000000,0.00001343
1672012800000,0.00006962
1672041600000,0.00001023
1672070400000,0.00002594
1672099200000,0.00010000
1672128000000,0.00002226
1672156800000,0.00007546
1672185600000,0.00010000
1672214400000,0.00006253
1672243200000,-0.00002352
1672272000000,0.00010000
1672300800000,0.00005835
1672329600000,0.00010000
1672358400000,0.00010000
1672387200000,0.00010000
1672416000000,0.00010000
1672444800000,0.00010000
1672473600000,0.00010000
1672502400000,0.00010000
1672531200000,0.00010000
1672560000000,0.00010000
1672588800000,0.00010000
1672617600000,0.00010000
1672646400000,0.00008878
1672675200000,0.00007464
1672704000000,0.00000890
1672732800000,0.00005228
1672761600000,0.00002948
1672790400000,0.00007609
1672819200000,0.00010000
1672848000000,0.00010000
1672876800000,0.00010000
1672905600000,0.00010000
1672934400000,0.00010000
1672963200000,0.00010000
1672992000000,0.00010000
1673020800000,0.00010000
1673049600000,0.00005444
1673078400000,0.00004199
1673107200000,0.00007190
1673136000000,0.00002131
1673164800000,0.00008826
1673193600000,0.00008657
1673222400000,0.00004312
1673251200000,0.00007617
1673280000000,0.00010000
1673308800000,0.00010000
1673337600000,0.00010000
1673366400000,0.00010000
1673395200000,0.00010000
1673424000000,0.00010000
1673452800000,0.00002778
1673481600000,0.00010000
1673510400000,0.00010000
1673539200000,0.00010000
1673568000000,0.00010000
1673596800000,0.00010000
1673625600000,0.00010000
1673654400000,0.00010000
1673683200000,0.00061643
1673712000000,0.00045951
1673740800000,0.00012412
1673769600000,0.00030426
1673798400000,0.00018878
1673827200000,0.00014183
1673856000000,0.00010000
1673884800000,0.00010000
1673913600000,0.00010000
1673942400000,0.00010000
1673971200000,0.00010000
1674000000000,0.00010000
1674028800000,0.00010000
1674057600000,0.00010000
1674086400000,0.00010000
1674115200000,0.00010000
1674144000000,0.00010000
1674172800000,0.00010000
1674201600000,0.00010000
1674230400000,0.00010000
1674259200000,0.00010000
1674288000000,0.00010000
1674316800000,0.00010000
1674345600000,0.00010000
1674374400000,0.00010000
1674403200000,0.00010000
1674432000000,0.00010356
1674460800000,0.00010000
1674489600000,0.00010000
1674518400000,0.00010000
1674547200000,0.00010000
1674576000000,0.00010000
1674604800000,0.00010000
1674633600000,0.00010000
1674662400000,0.00010000
1674691200000,0.00010000
1674720000000,0.00010000
1674748800000,0.00010000
1674777600000,0.00010000
1674806400000,0.00010000
1674835200000,0.00010000
1674864000000,0.00010000
1674892800000,0.00010000
1674921600000,0.00010000
1674950400000,0.00010000
1674979200000,0.00010000
1675008000000,0.00010000
1675036800000,0.00010000
1675065600000,0.00010000
1675094400000,0.00010000
1675123200000,0.00010000
1675152000000,0.00010000
1675180800000,0.00010000
1675209600000,0.00010000
1675238400000,0.00010000
1675267200000,0.00010000
1675296000000,0.00010000
1675324800000,0.00010000
1675353600000,0.00010000
1675382400000,0.00010000
1675411200000,0.00010000
1675440000000,0.00010000
1675468800000,0.00010000
1675497600000,0.00010000
1675526400000,0.00010000
1675555200000,0.00010000
1675584000000,0.00010000
1675612800000,0.00010000
1675641600000,0.00010000
1675670400000,0.00010000
1675699200000,0.00010000
1675728000000,0.00010000
1675756800000,0.00010000
1675785600000,0.00010000
1675814400000,0.00010000
1675843200000,0.00010000
1675872000000,0.00010000
1675900800000,0.00010000
1675929600000,0.00010000
1675958400000,0.00010000
1675987200000,0.00010000
1676016000000,0.00006828
1676044800000,0.00010000
1676073600000,0.00006470
1676102400000,0.00003345
1676131200000,-0.00002491
1676160000000,0.00008869
1676188800000,0.00003225
1676217600000,0.00004579
1676246400000,0.00002555
1676275200000,0.00005994
1676304000000,0.00010000
1676332800000,-0.00000454
1676361600000,0.00004405
1676390400000,0.00005311
1676419200000,0.00002910
1676448000000,0.00002810
1676476800000,0.00005715
1676505600000,0.00010000
1676534400000,0.00010000
1676563200000,0.00014101
1676592000000,0.00010000
1676620800000,0.00010000
1676649600000,0.00010000
1676678400000,0.00010000
1676707200000,0.00010000
1676736000000,0.00010000
1676764800000,0.00010000
1676793600000,0.00010000
1676822400000,0.00010000
1676851200000,0.00010000
1676880000000,0.00010000
1676908800000,0.00010000
1676937600000,0.00010000
1676966400000,0.00010000
1676995200000,0.00010000
1677024000000,0.00010000
1677052800000,0.00010000
1677081600000,0.00010000
1677110400000,0.00007072
1677139200000,0.00009829
1677168000000,0.00004374
1677196800000,0.00003804
1677225600000,0.00006414
1677254400000,0.00008380
1677283200000,0.00007921
1677312000000,0.00009641
1677340800000,0.00005498
1677369600000,0.00001266
1677398400000,0.00004684
1677427200000,0.00001098
1677456000000,0.00010000
1677484800000,0.00008633
1677513600000,0.00006025
1677542400000,0.00003555
1677571200000,0.00003626
1677600000000,0.00008565
1677628800000,0.00000342
1677657600000,0.00010000
1677686400000,0.00010000
1677715200000,0.00010000
1677744000000,0.00010000
1677772800000,0.00007746
1677801600000,0.00003967
1677830400000,-0.00000917
1677859200000,0.00002284
1677888000000,0.00008491
1677916800000,0.00000126
1677945600000,0.00002121
1677974400000,0.00005372
1678003200000,0.00003555
1678032000000,0.00004841
1678060800000,0.00004583
1678089600000,0.00007122
1678118400000,0.00003604
1678147200000,0.00005296
1678176000000,0.00007563
1678204800000,0.00001011
1678233600000,0.00008208
1678262400000,0.00006665
1678291200000,0.00008786
1678320000000,0.00009084
1678348800000,0.00007599
1678377600000,0.00003643
1678406400000,-0.00008306
1678435200000,-9.7E-7
1678464000000,-0.00000512
1678492800000,0.00002796
1678521600000,-0.00005766
1678550400000,0.00004677
1678579200000,-0.00001066
1678608000000,0.00008670
1678636800000,-0.00004286
1678665600000,0.00010000
1678694400000,0.00010000
1678723200000,0.00010000
1678752000000,0.00010000
1678780800000,0.00010000
1678809600000,0.00010000
1678838400000,0.00031728
1678867200000,0.00018366
1678896000000,0.00010000
1678924800000,0.00010000
1678953600000,0.00010000
1678982400000,0.00010000
1679011200000,0.00005964
1679040000000,0.00005941
1679068800000,0.00010000
1679097600000,0.00010000
1679126400000,0.00010000
1679155200000,0.00010000
1679184000000,0.00010000
1679212800000,0.00010000
1679241600000,0.00010000
1679270400000,0.00010000
1679299200000,0.00010000
1679328000000,0.00008194
1679356800000,0.00007106
1679385600000,0.00004611
1679414400000,0.00008990
1679443200000,0.00005146
1679472000000,0.00001267
1679500800000,0.00005540
1679529600000,0.00001123
1679558400000,0.00006860
1679587200000,0.00010000
1679616000000,0.00010000
1679644800000,0.00010000
1679673600000,0.00010000
1679702400000,0.00001992
1679731200000,0.00001460
1679760000000,-0.00000795
1679788800000,0.00000829
1679817600000,0.00000997
1679846400000,0.00004383
1679875200000,0.00001635
1679904000000,-0.00000385
1679932800000,-0.00000171
1679961600000,-0.00001478
1679990400000,0.00003473
1680019200000,0.00006578
1680048000000,0.00010000
1680076800000,0.00007584
1680105600000,0.00010000
1680134400000,0.00005756
1680163200000,0.00000286
1680192000000,0.00005025
1680220800000,0.00007203
1680249600000,0.00006982
1680278400000,0.00010000
1680307200000,0.00010000
1680336000000,0.00010000
1680364800000,0.00006306
1680393600000,0.00003987
1680422400000,0.00005018
1680451200000,0.00003503
1680480000000,-0.00002938
1680508800000,-0.00001960
1680537600000,-0.00000471
1680566400000,0.00006360
1680595200000,0.00003238
1680624000000,0.00010000
1680652800000,0.00006853
1680681600000,0.00010000
1680710400000,0.00010000
1680739200000,0.00005011
1680768000000,0.00006251
1680796800000,0.00000217
1680825600000,0.00002088
1680854400000,0.00007093
1680883200000,0.00003638
1680912000000,0.00003725
1680940800000,0.00001046
1680969600000,0.00002210
1680998400000,0.00000821
1681027200000,-0.00001908
1681056000000,0.00003067
1681084800000,0.00003359
1681113600000,-0.00004969
1681142400000,0.00002062
1681171200000,0.00002648
1681200000000,0.00008648
1681228800000,0.00006716
1681257600000,0.00001041
1681286400000,0.00001290
1681315200000,0.00003624
1681344000000,0.00010000
1681372800000,0.00010000
1681401600000,0.00010000
1681430400000,0.00010000
1681459200000,0.00010000
1681488000000,0.00010000
1681516800000,0.00010000
1681545600000,0.00010000
1681574400000,0.00010000
1681603200000,0.00010000
1681632000000,0.00010000
1681660800000,0.00010000
1681689600000,0.00010000
1681718400000,0.00010000
1681747200000,0.00010000
1681776000000,0.00010000
1681804800000,0.00010000
1681833600000,0.00010000
1681862400000,0.00010000
1681891200000,0.00010000
1681920000000,-0.00001015
1681948800000,0.00006419
1681977600000,3.2E-7
1682006400000,0.00002269
1682035200000,0.00008620
1682064000000,0.00006903
1682092800000,0.00008488
1682121600000,0.00005467
1682150400000,-0.00000562
1682179200000,0.00002848
1682208000000,-0.00006991
1682236800000,0.00001032
1682265600000,0.00004969
1682294400000,0.00009041
1682323200000,0.00001238
1682352000000,0.00005112
1682380800000,0.00008411
1682409600000,0.00008034
1682438400000,0.00006892
1682467200000,0.00003840
1682496000000,0.00001253
1682524800000,0.00008700
1682553600000,-0.00002203
1682582400000,0.00005850
1682611200000,0.00003408
1682640000000,0.00008670
1682668800000,0.00008037
1682697600000,0.00008463
1682726400000,0.00004382
1682755200000,0.00007125
1682784000000,0.00005044
1682812800000,0.00006303
1682841600000,-0.00000213
1682870400000,0.00008291
1682899200000,-0.00002629
1682928000000,0.00002338
1682956800000,0.00000846
1682985600000,0.00009917
1683014400000,0.00002555
1683043200000,0.00008146
1683072000000,0.00009799
1683100800000,0.00006273
1683129600000,0.00010000
1683158400000,0.00010000
1683187200000,0.00010000
1683216000000,0.00009900
1683244800000,0.00003555
1683273600000,0.00005680
1683302400000,0.00010000
1683331200000,0.00010000
1683360000000,0.00010000
1683388800000,0.00000694
1683417600000,0.00001519
1683446400000,0.00002257
1683475200000,0.00004724
1683504000000,0.00005356
1683532800000,0.00001131
1683561600000,0.00003803
1683590400000,0.00009627
1683619200000,0.00010000
1683648000000,0.00005218
1683676800000,0.00002199
1683705600000,0.00006916
1683734400000,0.00004334
1683763200000,-0.00000399
1683792000000,0.00002198
1683820800000,0.00005429
1683849600000,0.00001830
1683878400000,0.00000454
1683907200000,-0.00000917
1683936000000,0.00002858
1683964800000,0.00002366
1683993600000,0.00000857
1684022400000,-0.00000480
1684051200000,0.00005487
1684080000000,0.00003797
1684108800000,-0.00001849
1684137600000,-0.00000295
1684166400000,-0.00001988
1684195200000,-0.00001560
1684224000000,0.00001255
1684252800000,0.00006009
1684281600000,0.00008760
1684310400000,-0.00001530
1684339200000,0.00003984
1684368000000,0.00007696
1684396800000,0.00006739
1684425600000,0.00005135
1684454400000,0.00004796
1684483200000,0.00002782
1684512000000,0.00010000
1684540800000,0.00007933
1684569600000,0.00000788
1684598400000,-0.00000176
1684627200000,0.00004220
1684656000000,-0.00000159
1684684800000,0.00002497
1684713600000,0.00002428
1684742400000,0.00005518
1684771200000,0.00009003
1684800000000,0.00002790
1684828800000,0.00010000
1684857600000,0.00007379
1684886400000,0.00009078
1684915200000,0.00001006
1684944000000,0.00004917
1684972800000,0.00001449
1685001600000,0.00000148
1685030400000,0.00006605
1685059200000,0.00010000
1685088000000,0.00006574
1685116800000,0.00003794
1685145600000,0.00006425
1685174400000,0.00004565
1685203200000,-0.00003230
1685232000000,-0.00000120
1685260800000,-0.00001086
1685289600000,0.00002481
1685318400000,0.00010000
1685347200000,0.00010000
1685376000000,0.00010000
1685404800000,0.00010000
1685433600000,0.00010000
1685462400000,0.00004386
1685491200000,0.00007951
1685520000000,0.00000535
1685548800000,0.00004873
1685577600000,0.00006731
1685606400000,0.00009125
1685635200000,0.00010000
1685664000000,0.00004670
1685692800000,0.00010000
1685721600000,0.00008252
1685750400000,0.00010000
1685779200000,0.00007857
1685808000000,0.00000950
1685836800000,0.00002827
1685865600000,0.00004801
1685894400000,0.00008077
1685923200000,0.00000294
1685952000000,0.00002308
1685980800000,0.00007505
1686009600000,-0.00004896
1686038400000,0.00000199
1686067200000,0.00008581
1686096000000,0.00010000
1686124800000,0.00010000
1686153600000,0.00002658
1686182400000,0.00006055
1686211200000,0.00005971
1686240000000,0.00006270
1686268800000,0.00007287
1686297600000,0.00000972
1686326400000,0.00007382
1686355200000,0.00006010
1686384000000,0.00005325
1686412800000,0.00001875
1686441600000,0.00001783
1686470400000,0.00006332
1686499200000,0.00002351
1686528000000,0.00007802
1686556800000,0.00009417
1686585600000,0.00002839
1686614400000,0.00007468
1686643200000,0.00004944
1686672000000,0.00005417
1686700800000,0.00009312
1686729600000,0.00001378
1686758400000,0.00002759
1686787200000,-0.00007479
1686816000000,-0.00008236
1686844800000,0.00003041
1686873600000,-0.00008034
1686902400000,-0.00005170
1686931200000,-0.00001294
1686960000000,0.00006711
1686988800000,0.00010000
1687017600000,-0.00000145
1687046400000,-0.00000719
1687075200000,-0.00000865
1687104000000,0.00005296
1687132800000,0.00003436
1687161600000,0.00005597
1687190400000,0.00002962
1687219200000,0.00003350
1687248000000,-0.00002167
1687276800000,0.00002359
1687305600000,0.00010000
1687334400000,0.00001018
1687363200000,-0.00000236
1687392000000,0.00010000
1687420800000,0.00010000
1687449600000,0.00010000
1687478400000,0.00010000
1687507200000,0.00010000
1687536000000,0.00004288
1687564800000,0.00010000
1687593600000,0.00010000
1687622400000,0.00003414
1687651200000,0.00010000
1687680000000,0.00010000
1687708800000,0.00010000
1687737600000,0.00010000
1687766400000,0.00007153
1687795200000,0.00007038
1687824000000,0.00004477
1687852800000,0.00006237
1687881600000,0.00001184
1687910400000,0.00010000
1687939200000,0.00002202
1687968000000,0.00003873
1687996800000,0.00001497
1688025600000,0.00001188
1688054400000,0.00010000
1688083200000,0.00003965
1688112000000,0.00010000
1688140800000,0.00010000
1688169600000,0.00010000
1688198400000,0.00010000
1688227200000,0.00010000
1688256000000,0.00010000
1688284800000,0.00010000
1688313600000,0.00010000
1688342400000,0.00010000
1688371200000,0.00010000
1688400000000,0.00010000
1688428800000,0.00010000
1688457600000,0.00010000
1688486400000,0.00010000
1688515200000,0.00010000
1688544000000,0.00010000
1688572800000,0.00010000
1688601600000,0.00010000
1688630400000,0.00010000
1688659200000,0.00002778
1688688000000,0.00007449
1688716800000,0.00003362
1688745600000,0.00002585
1688774400000,0.00003796
1688803200000,0.00001339
1688832000000,-0.00000417
1688860800000,0.00003226
1688889600000,0.00002878
1688918400000,0.00003180
1688947200000,0.00002726
1688976000000,0.00004524
1689004800000,0.00007179
1689033600000,0.00009527
1689062400000,0.00007653
1689091200000,0.00002549
1689120000000,0.00008290
1689148800000,0.00010000
1689177600000,0.00007320
1689206400000,-0.00000822
1689235200000,0.00005591
1689264000000,-0.00004550
1689292800000,0.00010000
1689321600000,0.00010000
1689350400000,0.00010000
1689379200000,-0.00000131
1689408000000,0.00008110
1689436800000,0.00008792
1689465600000,0.00005641
1689494400000,0.00004632
1689523200000,0.00004081
1689552000000,0.00002809
1689580800000,0.00002313
1689609600000,0.00003963
1689638400000,0.00006696
1689667200000,0.00008539
1689696000000,0.00007161
1689724800000,0.00006538
1689753600000,0.00010000
1689782400000,0.00009161
1689811200000,-0.00000241
1689840000000,0.00009217
1689868800000,0.00010000
1689897600000,0.00001798
1689926400000,0.00000473
1689955200000,0.00007376
1689984000000,0.00005769
1690012800000,-0.00000415
1690041600000,0.00001649
1690070400000,0.00001578
1690099200000,0.00003411
1690128000000,0.00005404
1690156800000,0.00010000
1690185600000,-8.0E-7
1690214400000,0.00007167
1690243200000,0.00008389
1690272000000,0.00010000
1690300800000,0.00007490
1690329600000,0.00009056
1690358400000,0.00006753
1690387200000,0.00009889
1690416000000,0.00010000
1690444800000,0.00008145
1690473600000,0.00003967
1690502400000,0.00004950
1690531200000,0.00005360
1690560000000,0.00009408
1690588800000,0.00010000
1690617600000,0.00001485
1690646400000,0.00010000
1690675200000,0.00010000
1690704000000,0.00001949
1690732800000,0.00003686
1690761600000,4.9E-7
1690790400000,0.00000170
1690819200000,0.00004221
1690848000000,0.00008008
1690876800000,0.00003030
1690905600000,0.00010000
1690934400000,0.00010000
1690963200000,0.00010000
1690992000000,0.00010000
1691020800000,0.00010000
1691049600000,0.00010000
1691078400000,0.00010000
1691107200000,0.00010000
1691136000000,0.00004830
1691164800000,0.00010000
1691193600000,0.00006861
1691222400000,0.00009220
1691251200000,0.00010000
1691280000000,0.00010000
1691308800000,0.00006951
1691337600000,0.00004934
1691366400000,0.00010000
1691395200000,0.00009331
1691424000000,0.00010000
1691452800000,0.00006695
1691481600000,0.00010000
1691510400000,0.00004942
1691539200000,0.00010000
1691568000000,0.00001575
1691596800000,0.00006699
1691625600000,0.00008799
1691654400000,0.00009807
1691683200000,0.00008989
1691712000000,0.00003796
1691740800000,0.00000702
1691769600000,0.00004072
1691798400000,0.00006253
1691827200000,0.00004437
1691856000000,0.00006868
1691884800000,0.00005650
1691913600000,0.00003083
1691942400000,0.00009458
1691971200000,0.00010000
1692000000000,0.00010000
1692028800000,0.00009882
1692057600000,0.00007579
1692086400000,0.00009894
1692115200000,0.00008909
1692144000000,0.00007286
1692172800000,0.00009487
1692201600000,0.00010000
1692230400000,0.00010000
1692259200000,0.00007426
1692288000000,0.00007146
1692316800000,-0.00017498
1692345600000,0.00008602
1692374400000,0.00002951
1692403200000,-0.00004580
1692432000000,-0.00007861
1692460800000,-0.00008349
1692489600000,-0.00011445
1692518400000,-0.00009092
1692547200000,-0.00001625
1692576000000,-0.00004010
1692604800000,-0.00004365
1692633600000,0.00000592
1692662400000,0.00003645
1692691200000,-0.00006552
1692720000000,-0.00003757
1692748800000,-0.00002059
1692777600000,-0.00000160
1692806400000,0.00000334
1692835200000,0.00002659
1692864000000,-0.00000957
1692892800000,-0.00001897
1692921600000,-0.00002692
1692950400000,-0.00001529
1692979200000,0.00000498
1693008000000,0.00003560
1693036800000,-5.5E-7
1693065600000,-0.00006303
1693094400000,0.00000399
1693123200000,0.00001535
1693152000000,0.00002696
1693180800000,-0.00000176
1693209600000,-0.00004850
1693238400000,0.00005739
1693267200000,0.00003145
1693296000000,0.00001139
1693324800000,-0.00012730
1693353600000,0.00007488
1693382400000,0.00007249
1693411200000,0.00004644
1693440000000,0.00003628
1693468800000,0.00005955
1693497600000,0.00002375
1693526400000,0.00003532
1693555200000,-0.00001812
1693584000000,0.00002457
1693612800000,0.00000805
1693641600000,-0.00001621
1693670400000,0.00000605
1693699200000,0.00001390
1693728000000,-0.00002475
1693756800000,-0.00000621
1693785600000,-7.5E-7
1693814400000,-0.00007752
1693843200000,0.00000980
1693872000000,0.00003126
1693900800000,0.00000290
1693929600000,0.00000977
1693958400000,0.00002880
1693987200000,-0.00003144
1694016000000,0.00005701
1694044800000,0.00004502
1694073600000,0.00007831
1694102400000,0.00004354
1694131200000,0.00005596
1694160000000,0.00002685
1694188800000,0.00002497
1694217600000,0.00005008
1694246400000,0.00002832
1694275200000,0.00004629
1694304000000,0.00003947
1694332800000,0.00001527
1694361600000,0.00000775
1694390400000,0.00004838
1694419200000,0.00005747
1694448000000,-0.00000625
1694476800000,-0.00004991
1694505600000,-0.00002671
1694534400000,-0.00000144
1694563200000,0.00002004
1694592000000,-0.00003260
1694620800000,0.00003870
1694649600000,-0.00003640
1694678400000,0.00003172
1694707200000,-0.00000560
1694736000000,0.00000726
1694764800000,-0.00002473
1694793600000,0.00003877
1694822400000,0.00010000
1694851200000,0.00000930
1694880000000,0.00000224
1694908800000,0.00002272
1694937600000,-0.00000941
1694966400000,0.00004182
1694995200000,0.00000622
1695024000000,0.00001365
1695052800000,0.00002976
1695081600000,-0.00001298
1695110400000,-0.00001248
1695139200000,0.00001153
1695168000000,0.00004614
1695196800000,0.00002387
1695225600000,0.00002909
1695254400000,0.00003804
1695283200000,0.00007655
1695312000000,-0.00000638
1695340800000,0.00002241
1695369600000,0.00002865
1695398400000,0.00003523
1695427200000,0.00002817
1695456000000,0.00002963
1695484800000,0.00002321
1695513600000,0.00002991
1695542400000,-0.00000558
1695571200000,0.00004671
1695600000000,0.00002857
1695628800000,0.00004305
1695657600000,0.00005130
1695686400000,0.00006471
1695715200000,0.00001558
1695744000000,0.00005673
1695772800000,0.00010000
1695801600000,0.00000667
1695830400000,0.00004982
1695859200000,0.00000817
1695888000000,0.00004301
1695916800000,0.00002239
1695945600000,-0.00000393
1695974400000,0.00004429
1696003200000,1.2E-7
1696032000000,0.00000907
1696060800000,-0.00002413
1696089600000,0.00001168
1696118400000,-0.00001276
1696147200000,0.00000822
1696176000000,0.00003599
1696204800000,0.00010000
1696233600000,0.00006308
1696262400000,0.00006372
1696291200000,3.9E-7
1696320000000,0.00001728
1696348800000,0.00007087
1696377600000,0.00004620
1696406400000,0.00000738
1696435200000,0.00002618
1696464000000,0.00002065
1696492800000,0.00002685
1696521600000,0.00002072
1696550400000,0.00010000
1696579200000,0.00008473
1696608000000,0.00005905
1696636800000,0.00008468
1696665600000,0.00003736
1696694400000,0.00003615
1696723200000,0.00009048
1696752000000,0.00009246
1696780800000,0.00009791
1696809600000,0.00010000
1696838400000,0.00006572
1696867200000,0.00003935
1696896000000,0.00006268
1696924800000,0.00008857
1696953600000,0.00005511
1696982400000,0.00002257
1697011200000,0.00005392
1697040000000,0.00004725
1697068800000,0.00004026
1697097600000,0.00002690
1697126400000,0.00007112
1697155200000,0.00003690
1697184000000,0.00003476
1697212800000,0.00002693
1697241600000,0.00001068
1697270400000,0.00003108
1697299200000,0.00006650
1697328000000,0.00007083
1697356800000,0.00005253
1697385600000,0.00002062
1697414400000,0.00005180
1697443200000,0.00004393
1697472000000,0.00008412
1697500800000,0.00001957
1697529600000,0.00002557
1697558400000,0.00006742
1697587200000,0.00005947
1697616000000,0.00001385
1697644800000,0.00006495
1697673600000,0.00004251
1697702400000,0.00002988
1697731200000,0.00005842
1697760000000,0.00003868
1697788800000,0.00005912
1697817600000,0.00007072
1697846400000,0.00004902
1697875200000,0.00001735
1697904000000,0.00003771
1697932800000,0.00007554
1697961600000,0.00002649
1697990400000,0.00000603
1698019200000,0.00009262
1698048000000,0.00001593
1698076800000,0.00001883
1698105600000,0.00010000
1698134400000,0.00010000
1698163200000,0.00010000
1698192000000,0.00010000
1698220800000,0.00010000
1698249600000,0.00010000
1698278400000,0.00010000
1698307200000,0.00010000
1698336000000,0.00010000
1698364800000,0.00010000
1698393600000,0.00010000
1698422400000,0.00010000
1698451200000,0.00010000
1698480000000,0.00010000
1698508800000,0.00010000
1698537600000,0.00010000
1698566400000,0.00010000
1698595200000,0.00010000
1698624000000,0.00010000
1698652800000,0.00010000
1698681600000,0.00010000
1698710400000,0.00010000
1698739200000,0.00010000
1698768000000,0.00010000
1698796800000,0.00010000
1698825600000,0.00010000
1698854400000,0.00010000
1698883200000,0.00026784
1698912000000,0.00020558
1698940800000,0.00010000
1698969600000,0.00010000
1698998400000,0.00010000
1699027200000,0.00010000
1699056000000,0.00010000
1699084800000,0.00010000
1699113600000,0.00010000
1699142400000,0.00010000
1699171200000,0.00010000
1699200000000,0.00010000
1699228800000,0.00010000
1699257600000,0.00010000
1699286400000,0.00010000
1699315200000,0.00010000
1699344000000,0.00010000
1699372800000,0.00010000
1699401600000,0.00010000
1699430400000,0.00010000
1699459200000,0.00010000
1699488000000,0.00010000
1699516800000,0.00010000
1699545600000,0.00071131
1699574400000,0.00027525
1699603200000,0.00041432
1699632000000,0.00012656
1699660800000,0.00013604
1699689600000,0.00013371
1699718400000,0.00027449
1699747200000,0.00016325
1699776000000,0.00010000
1699804800000,0.00024299
1699833600000,0.00032990
1699862400000,0.00022787
1699891200000,0.00022833
1699920000000,0.00018828
1699948800000,0.00013623
1699977600000,0.00010000
1700006400000,0.00010000
1700035200000,0.00010000
1700064000000,0.00010000
1700092800000,0.00010000
1700121600000,0.00010000
1700150400000,0.00010000
1700179200000,0.00010000
1700208000000,0.00010000
1700236800000,0.00010000
1700265600000,0.00010000
1700294400000,0.00010000
1700323200000,0.00010000
1700352000000,0.00010000
1700380800000,0.00010000
1700409600000,0.00010000
1700438400000,0.00010000
1700467200000,0.00010000
1700496000000,0.00010000
1700524800000,0.00010000
1700553600000,0.00010000
1700582400000,0.00010000
1700611200000,0.00010000
1700640000000,0.00010000
1700668800000,0.00010000
1700697600000,0.00010000
1700726400000,0.00010000
1700755200000,0.00010000
1700784000000,0.00010000
1700812800000,0.00010000
1700841600000,0.00010000
1700870400000,0.00010000
1700899200000,0.00010000
1700928000000,0.00010000
1700956800000,0.00010000
1700985600000,0.00010000
1701014400000,0.00010000
1701043200000,0.00010000
1701072000000,0.00010000
1701100800000,0.00010000
1701129600000,0.00010000
1701158400000,0.00010000
1701187200000,0.00010000
1701216000000,0.00010000
1701244800000,0.00010000
1701273600000,0.00010000
1701302400000,0.00010000
1701331200000,0.00010000
1701360000000,0.00010000
1701388800000,0.00010000
1701417600000,0.00010000
1701446400000,0.00010000
1701475200000,0.00010000
1701504000000,0.00010000
1701532800000,0.00010000
1701561600000,0.00010000
1701590400000,0.00010000
1701619200000,0.00010000
1701648000000,0.00010000
1701676800000,0.00010000
1701705600000,0.00010000
1701734400000,0.00010000
1701763200000,0.00010000
1701792000000,0.00010000
1701820800000,0.00010000
1701849600000,0.00010000
1701878400000,0.00010000
1701907200000,0.00010000
1701936000000,0.00010000
1701964800000,0.00010000
1701993600000,0.00022693
1702022400000,0.00012399
1702051200000,0.00010417
1702080000000,0.00022528
1702108800000,0.00031293
1702137600000,0.00033485
1702166400000,0.00016658
1702195200000,0.00015944
1702224000000,0.00022842
1702252800000,0.00024112
1702281600000,0.00010000
1702310400000,0.00010000
1702339200000,0.00010000
1702368000000,0.00010000
1702396800000,0.00010000
1702425600000,0.00012813
1702454400000,0.00015058
1702483200000,0.00010581
1702512000000,0.00010000
1702540800000,0.00010000
1702569600000,0.00010000
1702598400000,0.00010000
1702627200000,0.00010000
1702656000000,0.00010419
1702684800000,0.00010000
1702713600000,0.00010000
1702742400000,0.00010000
1702771200000,0.00010000
1702800000000,0.00010000
1702828800000,0.00011402
1702857600000,0.00015083
1702886400000,0.00010000
1702915200000,0.00010000
1702944000000,0.00010000
1702972800000,0.00010000
1703001600000,0.00010000
1703030400000,0.00010000
1703059200000,0.00010000
1703088000000,0.00023154
1703116800000,0.00026163
1703145600000,0.00026550
1703174400000,0.00042074
1703203200000,0.00044152
1703232000000,0.00043341
1703260800000,0.00051141
1703289600000,0.00018540
1703318400000,0.00012586
1703347200000,0.00017945
1703376000000,0.00013318
1703404800000,0.00021857
1703433600000,0.00019769
1703462400000,0.00013827
1703491200000,0.00021479
1703520000000,0.00043880
1703548800000,0.00050051
1703577600000,0.00029501
1703606400000,0.00036888
1703635200000,0.00031530
1703664000000,0.00040955
1703692800000,0.00049072
1703721600000,0.00027263
1703750400000,0.00057135
1703779200000,0.00049862
1703808000000,0.00044508
1703836800000,0.00049499
1703865600000,0.00047123
1703894400000,0.00027255
1703923200000,0.00031443
1703952000000,0.00026513
1703980800000,0.00021714
1704009600000,0.00027824
1704038400000,0.00031621
1704067200000,0.00027858
1704096000000,0.00031096
1704124800000,0.00043011
1704153600000,0.00053505
1704182400000,0.00051240
1704211200000,0.00063801
1704240000000,0.00028538
1704268800000,0.00024384
1704297600000,0.00010000
1704326400000,0.00010000
1704355200000,0.00010000
1704384000000,0.00010000
1704412800000,0.00010000
1704441600000,0.00010000
1704470400000,0.00010000
1704499200000,0.00010000
1704528000000,0.00010000
1704556800000,0.00010000
1704585600000,0.00010000
1704614400000,0.00010000
1704643200000,0.00010000
1704672000000,0.00010000
1704700800000,0.00010000
1704729600000,0.00010000
1704758400000,0.00010000
1704787200000,0.00010000
1704816000000,0.00010000
1704844800000,0.00010000
1704873600000,0.00010000
1704902400000,0.00010000
1704931200000,0.00010000
1704960000000,0.00010000
1704988800000,0.00010000
1705017600000,0.00010000
1705046400000,0.00010000
1705075200000,0.00010000
1705104000000,0.00010000
1705132800000,0.00010000
1705161600000,0.00010000
1705190400000,0.00010000
1705219200000,0.00010000
1705248000000,0.00010000
1705276800000,0.00010000
1705305600000,0.00010000
1705334400000,0.00010000
1705363200000,0.00010000
1705392000000,0.00010000
1705420800000,0.00010000
1705449600000,0.00010000
1705478400000,0.00010000
1705507200000,0.00010000
1705536000000,0.00010000
1705564800000,0.00010000
1705593600000,0.00010000
1705622400000,0.00010000
1705651200000,0.00010000
1705680000000,0.00010000
1705708800000,0.00010000
1705737600000,0.00010000
1705766400000,0.00010000
1705795200000,0.00010000
1705824000000,0.00010000
1705852800000,0.00010000
1705881600000,0.00010000
1705910400000,0.00010000
1705939200000,0.00010000
1705968000000,0.00010000
1705996800000,0.00010000
1706025600000,0.00010000
1706054400000,0.00010000
1706083200000,0.00010000
1706112000000,0.00010000
1706140800000,0.00010000
1706169600000,0.00010000
1706198400000,0.00010000
1706227200000,0.00010000
1706256000000,0.00010000
1706284800000,0.00010000
1706313600000,0.00006877
1706342400000,0.00010000
1706371200000,0.00010000
1706400000000,0.00006557
1706428800000,0.00006135
1706457600000,0.00008266
1706486400000,0.00010000
1706515200000,0.00010000
1706544000000,0.00010000
1706572800000,0.00010000
1706601600000,0.00006195
1706630400000,0.00010000
1706659200000,0.00010000
1706688000000,0.00010000
1706716800000,0.00010000
1706745600000,0.00005527
1706774400000,0.00007871
1706803200000,0.00010000
1706832000000,0.00010000
1706860800000,0.00003678
1706889600000,0.00010000
1706918400000,0.00008150
1706947200000,0.00010000
1706976000000,0.00004476
1707004800000,0.00003180
1707033600000,0.00009094
1707062400000,0.00010000
1707091200000,0.00010000
1707120000000,0.00010000
1707148800000,0.00010000
1707177600000,0.00005691
1707206400000,0.00010000
1707235200000,0.00010000
1707264000000,0.00007659
1707292800000,0.00004883
1707321600000,0.00004309
1707350400000,0.00010000
1707379200000,0.00007523
1707408000000,0.00009802
1707436800000,0.00007752
1707465600000,0.00010000
1707494400000,0.00010000
1707523200000,0.00007838
1707552000000,0.00009615
1707580800000,0.00009995
1707609600000,0.00010000
1707638400000,0.00010000
1707667200000,0.00004792
1707696000000,0.00005076
1707724800000,0.00009971
1707753600000,0.00010000
1707782400000,0.00010000
1707811200000,0.00010000
1707840000000,0.00010000
1707868800000,0.00010000
1707897600000,0.00010000
1707926400000,0.00013082
1707955200000,0.00010000
1707984000000,0.00012136
1708012800000,0.00015412
1708041600000,0.00011125
1708070400000,0.00011597
1708099200000,0.00010000
1708128000000,0.00010000
1708156800000,0.00010000
1708185600000,0.00013519
1708214400000,0.00010000
1708243200000,0.00011140
1708272000000,0.00010000
1708300800000,0.00010000
1708329600000,0.00010000
1708358400000,0.00010000
1708387200000,0.00026500
1708416000000,0.00010000
1708444800000,0.00025431
1708473600000,0.00020319
1708502400000,0.00011802
1708531200000,0.00010000
1708560000000,0.00010000
1708588800000,0.00010000
1708617600000,0.00010000
1708646400000,0.00010000
1708675200000,0.00010000
1708704000000,0.00010000
1708732800000,0.00010000
1708761600000,0.00010000
1708790400000,0.00010000
1708819200000,0.00010000
1708848000000,0.00025856
1708876800000,0.00021110
1708905600000,0.00059496
1708934400000,0.00018258
1708963200000,0.00020172
1708992000000,0.00028561
1709020800000,0.00066751
1709049600000,0.00029666
1709078400000,0.00033546
1709107200000,0.00032021
1709136000000,0.00043581
1709164800000,0.00062574
1709193600000,0.00073381
1709222400000,0.00075727
1709251200000,0.00053040
1709280000000,0.00039096
1709308800000,0.00052446
1709337600000,0.00048856
1709366400000,0.00057488
1709395200000,0.00055344
1709424000000,0.00039105
1709452800000,0.00038668
1709481600000,0.00037021
1709510400000,0.00041907
1709539200000,0.00028996
1709568000000,0.00050061
1709596800000,0.00038776
1709625600000,0.00101724
1709654400000,0.00082409
1709683200000,0.00020580
1709712000000,0.00038362
1709740800000,0.00040511
1709769600000,0.00035699
1709798400000,0.00039169
1709827200000,0.00044218
1709856000000,0.00042931
1709884800000,0.00057985
1709913600000,0.00048823
1709942400000,0.00033201
1709971200000,0.00036530
1710000000000,0.00035498
1710028800000,0.00034688
1710057600000,0.00049375
1710086400000,0.00029818
1710115200000,0.00029368
1710144000000,0.00067235
1710172800000,0.00064296
1710201600000,0.00068106
1710230400000,0.00037542
1710259200000,0.00048306
1710288000000,0.00046983
1710316800000,0.00060121
1710345600000,0.00044242
1710374400000,0.00040995
1710403200000,0.00050365
1710432000000,0.00035217
1710460800000,0.00040271
1710489600000,0.00023171
1710518400000,0.00033557
1710547200000,0.00018856
1710576000000,0.00027490
1710604800000,0.00028914
1710633600000,0.00013396
1710662400000,0.00011824
1710691200000,0.00030376
1710720000000,0.00017304
1710748800000,0.00026393
1710777600000,0.00029608
1710806400000,0.00028148
1710835200000,0.00023311
1710864000000,0.00013469
1710892800000,0.00016096
1710921600000,0.00010000
1710950400000,0.00010000
1710979200000,0.00019507
1711008000000,0.00013771
1711036800000,0.00017743
1711065600000,0.00022775
1711094400000,0.00023317
1711123200000,0.00016092
1711152000000,0.00010552
1711180800000,0.00012459
1711209600000,0.00013906
1711238400000,0.00012767
1711267200000,0.00017907
1711296000000,0.00017171
1711324800000,0.00020242
1711353600000,0.00011009
1711382400000,0.00022958
1711411200000,0.00039028
1711440000000,0.00018000
1711468800000,0.00026242
1711497600000,0.00024667
1711526400000,0.00021635
1711555200000,0.00035332
1711584000000,0.00038952
1711612800000,0.00035672
1711641600000,0.00036879
1711670400000,0.00034117
1711699200000,0.00030332
1711728000000,0.00037327
1711756800000,0.00024188
1711785600000,0.00024854
1711814400000,0.00045204
1711843200000,0.00026461
1711872000000,0.00065366
1711900800000,0.00058292
1711929600000,0.00060909
1711958400000,0.00035798
1711987200000,0.00019362
1712016000000,0.00015034
1712044800000,0.00010000
1712073600000,0.00012642
1712102400000,0.00010000
1712131200000,0.00010000
1712160000000,0.00010000
1712188800000,0.00010000
1712217600000,0.00010000
1712246400000,0.00010000
1712275200000,0.00010000
1712304000000,0.00010000
1712332800000,0.00010000
1712361600000,0.00016732
1712390400000,0.00010000
1712419200000,0.00010000
1712448000000,0.00010000
1712476800000,0.00010000
1712505600000,0.00010000
1712534400000,0.00010000
1712563200000,0.00010000
1712592000000,0.00031896
1712620800000,0.00024848
1712649600000,0.00010159
1712678400000,0.00015222
1712707200000,0.00018733
1712736000000,0.00015363
1712764800000,0.00013253
1712793600000,0.00010000
1712822400000,0.00015483
1712851200000,0.00010000
1712880000000,0.00010000
1712908800000,0.00010000
1712937600000,0.00010000
1712966400000,0.00010000
1712995200000,0.00010000
1713024000000,0.00010000
1713052800000,0.00010000
1713081600000,0.00010000
1713110400000,0.00010000
1713139200000,0.00010000
1713168000000,0.00005422
1713196800000,0.00008871
1713225600000,0.00007898
1713254400000,0.00008536
1713283200000,0.00005787
1713312000000,0.00009805
1713340800000,0.00000511
1713369600000,0.00000492
1713398400000,0.00003509
1713427200000,0.00002246
1713456000000,0.00006353
1713484800000,0.00003973
1713513600000,0.00008503
1713542400000,0.00005417
1713571200000,0.00010000
1713600000000,0.00002386
1713628800000,0.00005114
1713657600000,0.00005559
1713686400000,-0.00000627
1713715200000,0.00004395
1713744000000,0.00003417
1713772800000,0.00004908
1713801600000,-0.00001974
1713830400000,0.00000674
1713859200000,0.00001147
1713888000000,0.00006979
1713916800000,0.00004713
1713945600000,0.00001937
1713974400000,0.00004804
1714003200000,0.00000466
1714032000000,0.00001706
1714060800000,0.00010000
1714089600000,0.00001631
1714118400000,0.00003847
1714147200000,0.00004582
1714176000000,0.00010000
1714204800000,0.00007026
1714233600000,0.00002355
1714262400000,0.00009322
1714291200000,0.00008300
1714320000000,0.00008272
1714348800000,0.00008816
1714377600000,0.00010000
1714406400000,0.00005981
1714435200000,0.00007518
1714464000000,0.00007389
1714492800000,0.00003887
1714521600000,0.00001865
1714550400000,0.00004890
1714579200000,0.00007347
1714608000000,-8.6E-7
1714636800000,0.00009579
1714665600000,0.00007757
1714694400000,0.00004044
1714723200000,0.00002157
1714752000000,0.00003457
1714780800000,0.00004290
1714809600000,0.00008465
1714838400000,0.00007001
1714867200000,0.00008848
1714896000000,0.00009394
1714924800000,0.00005578
1714953600000,0.00005569
1714982400000,0.00010000
1715011200000,0.00009025
1715040000000,0.00007342
1715068800000,0.00004028
1715097600000,0.00006978
1715126400000,0.00007764
1715155200000,0.00007236
1715184000000,0.00010000
1715212800000,0.00010000
1715241600000,0.00010000
1715270400000,0.00010000
1715299200000,0.00009040
1715328000000,0.00010000
1715356800000,0.00005137
1715385600000,0.00007578
1715414400000,0.00006690
1715443200000,0.00008517
1715472000000,0.00008010
1715500800000,0.00007264
1715529600000,0.00006269
1715558400000,0.00005829
1715587200000,0.00010000
1715616000000,0.00010000
1715644800000,0.00010000
1715673600000,0.00008140
1715702400000,0.00009124
1715731200000,0.00010000
1715760000000,0.00008171
1715788800000,0.00009162
1715817600000,0.00010000
1715846400000,0.00006453
1715875200000,0.00005401
1715904000000,0.00005324
1715932800000,0.00008531
1715961600000,0.00004333
1715990400000,0.00007513
1716019200000,0.00003431
1716048000000,0.00007815
1716076800000,0.00007388
1716105600000,0.00003451
1716134400000,0.00008825
1716163200000,0.00009672
1716192000000,0.00001916
1716220800000,0.00004643
1716249600000,0.00010000
1716278400000,0.00019404
1716307200000,0.00010000
1716336000000,0.00012452
1716364800000,0.00015189
1716393600000,0.00010000
1716422400000,0.00010000
1716451200000,0.00010000
1716480000000,0.00010000
1716508800000,0.00010000
1716537600000,0.00010000
1716566400000,0.00010000
1716595200000,0.00010000
1716624000000,0.00010000
1716652800000,0.00010000
1716681600000,0.00010000
1716710400000,0.00010000
1716739200000,0.00010000
1716768000000,0.00010000
1716796800000,0.00010000
1716825600000,0.00010000
1716854400000,0.00010000
1716883200000,0.00010000
1716912000000,0.00012190
1716940800000,0.00017485
1716969600000,0.00010000
1716998400000,0.00017700
1717027200000,0.00025357
1717056000000,0.00014202
1717084800000,0.00018706
1717113600000,0.00010000
1717142400000,0.00010793
1717171200000,0.00012319
1717200000000,0.00017131
1717228800000,0.00013009
1717257600000,0.00011557
1717286400000,0.00015695
1717315200000,0.00010000
1717344000000,0.00010000
1717372800000,0.00012702
1717401600000,0.00015803
1717430400000,0.00012815
1717459200000,0.00010000
1717488000000,0.00010000
1717516800000,0.00010800
1717545600000,0.00016969
1717574400000,0.00010000
1717603200000,0.00010659
1717632000000,0.00019461
1717660800000,0.00020328
1717689600000,0.00014989
1717718400000,0.00016105
1717747200000,0.00013228
1717776000000,0.00017029
1717804800000,0.00010000
1717833600000,0.00010000
1717862400000,0.00010000
1717891200000,0.00010000
1717920000000,0.00010000
1717948800000,0.00010000
1717977600000,0.00010000
1718006400000,0.00010000
1718035200000,0.00010000
1718064000000,0.00010000
1718092800000,0.00010000
1718121600000,0.00010000
1718150400000,0.00010000
1718179200000,0.00010000
1718208000000,0.00010000
1718236800000,0.00010000
1718265600000,0.00010000
1718294400000,0.00010000
1718323200000,0.00010000
1718352000000,0.00010000
1718380800000,0.00010000
1718409600000,0.00010000
1718438400000,0.00010000
1718467200000,0.00010000
1718496000000,0.00010000
1718524800000,0.00010000
1718553600000,0.00010000
1718582400000,0.00010000
1718611200000,0.00010000
1718640000000,0.00009137
1718668800000,0.00006649
1718697600000,0.00007836
1718726400000,0.00006211
1718755200000,0.00010000
1718784000000,0.00010000
1718812800000,0.00006122
1718841600000,0.00010000
1718870400000,0.00006409
1718899200000,0.00003148
1718928000000,0.00000746
1718956800000,0.00002103
1718985600000,0.00010000
1719014400000,0.00004564
1719043200000,0.00005837
1719072000000,0.00003914
1719100800000,0.00006710
1719129600000,0.00004594
1719158400000,0.00003591
1719187200000,0.00007672
1719216000000,0.00010000
1719244800000,0.00007410
1719273600000,0.00010000
1719302400000,0.00010000
1719331200000,0.00010000
1719360000000,0.00010000
1719388800000,0.00010000
1719417600000,0.00010000
1719446400000,0.00010000
1719475200000,0.00010000
1719504000000,0.00010000
1719532800000,0.00010000
1719561600000,0.00010000
1719590400000,0.00010000
1719619200000,0.00010000
1719648000000,0.00010000
1719676800000,0.00010000
1719705600000,0.00010000
1719734400000,0.00010000
1719763200000,0.00010000
1719792000000,0.00010000
1719820800000,0.00010000
1719849600000,0.00010000
1719878400000,0.00010000
1719907200000,0.00010000
1719936000000,0.00010000
1719964800000,0.00010000
1719993600000,0.00010000
1720022400000,0.00010000
1720051200000,0.00010000
1720080000000,0.00010000
1720108800000,0.00010000
1720137600000,0.00010000
1720166400000,0.00009550
1720195200000,0.00004923
1720224000000,0.00009007
1720252800000,0.00006597
1720281600000,0.00005847
1720310400000,0.00003941
1720339200000,0.00008938
1720368000000,0.00005389
1720396800000,0.00010000
1720425600000,0.00003423
1720454400000,0.00009357
1720483200000,0.00005681
1720512000000,0.00001078
1720540800000,0.00007754
1720569600000,0.00003746
1720598400000,0.00001713
1720627200000,0.00010000
1720656000000,0.00004282
1720684800000,0.00008656
1720713600000,0.00005603
1720742400000,0.00010000
1720771200000,0.00004730
1720800000000,0.00007154
1720828800000,0.00010000
1720857600000,0.00010000
1720886400000,0.00007584
1720915200000,0.00010000
1720944000000,0.00006352
1720972800000,0.00003194
1721001600000,0.00009653
1721030400000,0.00004043
1721059200000,0.00004690
1721088000000,0.00002643
1721116800000,0.00009799
1721145600000,0.00006395
1721174400000,0.00005824
1721203200000,0.00008064
1721232000000,0.00006113
1721260800000,0.00010000
1721289600000,0.00006727
1721318400000,0.00003237
1721347200000,0.00004387
1721376000000,0.00008153
1721404800000,0.00010000
1721433600000,0.00005271
1721462400000,0.00008573
1721491200000,0.00002468
1721520000000,0.00010000
1721548800000,0.00001524
1721577600000,0.00006721
1721606400000,0.00009867
1721635200000,0.00007749
1721664000000,0.00002820
1721692800000,0.00007792
1721721600000,0.00010000
1721750400000,0.00009013
1721779200000,0.00007865
1721808000000,0.00008396
1721836800000,0.00006706
1721865600000,0.00009460
1721894400000,0.00000204
1721923200000,0.00003720
1721952000000,0.00003903
1721980800000,0.00004196
1722009600000,0.00004001
1722038400000,0.00003050
1722067200000,0.00007422
1722096000000,0.00001780
1722124800000,0.00010000
1722153600000,0.00010000
1722182400000,0.00010000
1722211200000,0.00008174
1722240000000,0.00010000
1722268800000,0.00010000
1722297600000,0.00010000
1722326400000,0.00010000
1722355200000,0.00010000
1722384000000,0.00010000
1722412800000,0.00010000
1722441600000,0.00010000
1722470400000,0.00010000
1722499200000,0.00005973
1722528000000,0.00010000
1722556800000,0.00007641
1722585600000,0.00007771
1722614400000,0.00003785
1722643200000,0.00008493
1722672000000,0.00002920
1722700800000,0.00004820
1722729600000,0.00004181
1722758400000,0.00001635
1722787200000,0.00006815
1722816000000,-0.00001700
1722844800000,-0.00000458
1722873600000,-0.00005766
1722902400000,-0.00002276
1722931200000,-0.00010667
1722960000000,-0.00001110
1722988800000,-0.00004250
1723017600000,-0.00000616
1723046400000,-0.00004478
1723075200000,-0.00004377
1723104000000,-0.00001083
1723132800000,-0.00003437
1723161600000,0.00001139
1723190400000,0.00004212
1723219200000,-0.00002753
1723248000000,-0.00004249
1723276800000,0.00003504
1723305600000,0.00001614
1723334400000,-0.00000882
1723363200000,0.00000973
1723392000000,0.00000346
1723420800000,0.00001047
1723449600000,0.00006766
1723478400000,0.00006424
1723507200000,0.00007892
1723536000000,-0.00006036
1723564800000,-0.00004532
1723593600000,0.00000555
1723622400000,0.00003166
1723651200000,-0.00003462
1723680000000,0.00005044
1723708800000,0.00007775
1723737600000,0.00000662
1723766400000,-0.00001182
1723795200000,0.00002105
1723824000000,0.00003363
1723852800000,0.00002448
1723881600000,-0.00002485
1723910400000,-0.00003471
1723939200000,0.00000782
1723968000000,-0.00004706
1723996800000,-0.00000142
1724025600000,-0.00003660
1724054400000,0.00000859
1724083200000,-0.00001530
1724112000000,0.00000969
1724140800000,0.00001977
1724169600000,-0.00002726
1724198400000,0.00001330
1724227200000,0.00002306
1724256000000,0.00004139
1724284800000,-0.00000946
1724313600000,0.00003544
1724342400000,0.00002010
1724371200000,0.00006601
1724400000000,0.00006071
1724428800000,-0.00000172
1724457600000,-0.00001504
1724486400000,0.00000970
1724515200000,0.00000581
1724544000000,-0.00003389
1724572800000,0.00003311
1724601600000,0.00002579
1724630400000,0.00002145
1724659200000,0.00005677
1724688000000,0.00006339
1724716800000,0.00009438
1724745600000,0.00005093
1724774400000,0.00007429
1724803200000,-0.00006098
1724832000000,-0.00000762
1724860800000,0.00001459
1724889600000,0.00001160
1724918400000,0.00000212
1724947200000,-0.00000409
1724976000000,0.00005490
1725004800000,0.00003483
1725033600000,0.00001032
1725062400000,0.00007976
1725091200000,0.00007237
1725120000000,0.00007811
1725148800000,0.00004499
1725177600000,0.00005272
1725206400000,0.00004183
1725235200000,-0.00002406
1725264000000,0.00003904
1725292800000,0.00007064
1725321600000,0.00005670
1725350400000,0.00004883
1725379200000,0.00005216
1725408000000,0.00008054
1725436800000,-0.00001109
1725465600000,0.00005833
1725494400000,0.00004539
1725523200000,0.00002410
1725552000000,0.00003166
1725580800000,0.00003662
1725609600000,0.00004871
1725638400000,0.00004007
1725667200000,0.00000241
1725696000000,-0.00000537
1725724800000,0.00002652
1725753600000,0.00005363
1725782400000,0.00003089
1725811200000,0.00001827
1725840000000,0.00000767
1725868800000,0.00003085
1725897600000,-0.00001156
1725926400000,0.00001082
1725955200000,-0.00003453
1725984000000,0.00000228
1726012800000,0.00002484
1726041600000,0.00001804
1726070400000,-0.00001796
1726099200000,0.00002592
1726128000000,0.00002496
1726156800000,0.00001134
1726185600000,0.00004291
1726214400000,0.00005003
1726243200000,0.00005073
1726272000000,0.00000845
1726300800000,-0.00000415
1726329600000,0.00000135
1726358400000,-0.00000267
1726387200000,0.00001355
1726416000000,0.00002131
1726444800000,0.00003228
1726473600000,-0.00006942
1726502400000,-0.00001149
1726531200000,0.00007742
1726560000000,0.00002423
1726588800000,0.00005730
1726617600000,0.00004792
1726646400000,0.00003074
1726675200000,0.00002329
1726704000000,0.00007727
1726732800000,0.00008266
1726761600000,0.00002391
1726790400000,0.00010000
1726819200000,0.00009734
1726848000000,0.00010000
1726876800000,0.00006668
1726905600000,0.00006665
1726934400000,0.00004536
1726963200000,0.00004896
1726992000000,0.00005198
1727020800000,0.00010000
1727049600000,0.00002548
1727078400000,0.00006821
1727107200000,0.00006476
1727136000000,0.00003850
1727164800000,0.00004791
1727193600000,0.00004739
1727222400000,0.00002445
1727251200000,0.00005722
1727280000000,0.00003538
1727308800000,0.00007493
1727337600000,0.00008119
1727366400000,0.00010000
1727395200000,0.00009625
1727424000000,0.00007694
1727452800000,0.00006276
1727481600000,0.00010000
1727510400000,0.00006231
1727539200000,0.00007162
1727568000000,0.00003315
1727596800000,0.00006785
1727625600000,0.00008854
1727654400000,0.00006161
1727683200000,0.00008620
1727712000000,0.00010000
1727740800000,0.00010000
1727769600000,0.00010000
1727798400000,0.00008397
1727827200000,0.00010000
1727856000000,0.00006859
1727884800000,0.00010000
1727913600000,0.00002418
1727942400000,0.00004124
1727971200000,0.00004621
1728000000000,0.00005138
1728028800000,0.00003739
1728057600000,0.00003900
1728086400000,0.00010000
1728115200000,0.00007909
1728144000000,0.00005458
1728172800000,0.00009056
1728201600000,0.00005234
1728230400000,0.00003309
1728259200000,0.00003360
1728288000000,0.00009258
1728316800000,0.00002612
1728345600000,0.00006592
1728374400000,0.00010000
1728403200000,0.00008377
1728432000000,0.00010000
1728460800000,0.00003640
1728489600000,0.00010000
1728518400000,0.00006663
1728547200000,0.00010000
1728576000000,0.00010000
1728604800000,0.00010000
1728633600000,0.00009474
1728662400000,0.00005977
1728691200000,0.00004445
1728720000000,0.00010000
1728748800000,0.00007350
1728777600000,0.00007928
1728806400000,0.00003958
1728835200000,0.00001763
1728864000000,0.00006559
1728892800000,0.00010000
1728921600000,0.00010000
1728950400000,0.00010000
1728979200000,0.00010000
1729008000000,0.00010000
1729036800000,0.00010000
1729065600000,0.00010000
1729094400000,0.00010000
1729123200000,0.00010000
1729152000000,0.00010000
1729180800000,0.00010000
1729209600000,0.00010000
1729238400000,0.00010000
1729267200000,0.00010000
1729296000000,0.00010000
1729324800000,0.00010000
1729353600000,0.00010000
1729382400000,0.00010000
1729411200000,0.00010000
1729440000000,0.00010000
1729468800000,0.00010000
1729497600000,0.00010000
1729526400000,0.00010000
1729555200000,0.00010000
1729584000000,0.00010000
1729612800000,0.00010000
1729641600000,0.00010000
1729670400000,0.00010000
1729699200000,0.00010000
1729728000000,0.00010000
1729756800000,0.00010000
1729785600000,0.00010000
1729814400000,0.00010000
1729843200000,0.00010000
1729872000000,0.00010000
1729900800000,0.00010000
1729929600000,0.00010000
1729958400000,0.00010000
1729987200000,0.00010000
1730016000000,0.00010000
1730044800000,0.00010000
1730073600000,0.00010000
1730102400000,0.00010000
1730131200000,0.00010000
1730160000000,0.00010000
1730188800000,0.00010000
1730217600000,0.00010000
1730246400000,0.00010000
1730275200000,0.00010000
1730304000000,0.00010000
1730332800000,0.00010000
1730361600000,0.00010000
1730390400000,0.00010000
1730419200000,0.00010000
1730448000000,0.00010000
1730476800000,0.00010000
1730505600000,0.00010000
1730534400000,0.00010000
1730563200000,0.00010000
1730592000000,0.00010000
1730620800000,0.00010000
1730649600000,0.00010000
1730678400000,0.00010000
1730707200000,0.00010000
1730736000000,0.00010000
1730764800000,0.00010000
1730793600000,0.00010000
1730822400000,0.00010000
1730851200000,0.00009511
1730880000000,0.00010000
1730908800000,0.00010000
1730937600000,0.00010000
1730966400000,0.00014885
1730995200000,0.00010000
1731024000000,0.00010000
1731052800000,0.00010000
1731081600000,0.00010000
1731110400000,0.00010000
1731139200000,0.00010000
1731168000000,0.00010000
1731196800000,0.00010000
1731225600000,0.00010000
1731254400000,0.00026708
1731283200000,0.00028976
1731312000000,0.00018810
1731340800000,0.00017298
1731369600000,0.00017687
1731398400000,0.00057620
1731427200000,0.00046001
1731456000000,0.00013607
1731484800000,0.00033556
1731513600000,0.00012894
1731542400000,0.00010580
1731571200000,0.00010000
1731600000000,0.00010000
1731628800000,0.00013133
1731657600000,0.00013108
1731686400000,0.00010000
1731715200000,0.00018215
1731744000000,0.00010000
1731772800000,0.00011351
1731801600000,0.00010000
1731830400000,0.00010000
1731859200000,0.00019685
1731888000000,0.00019865
1731916800000,0.00031651
1731945600000,0.00019762
1731974400000,0.00040458
1732003200000,0.00021234
1732032000000,0.00015353
1732060800000,0.00017369
1732089600000,0.00019505
1732118400000,0.00013619
1732147200000,0.00010000
1732176000000,0.00010000
1732204800000,0.00020146
1732233600000,0.00034180
1732262400000,0.00029201
1732291200000,0.00022123
1732320000000,0.00015103
1732348800000,0.00032558
1732377600000,0.00037006
1732406400000,0.00027011
1732435200000,0.00023721
1732464000000,0.00027264
1732492800000,0.00017259
1732521600000,0.00023935
1732550400000,0.00031797
1732579200000,0.00024480
1732608000000,0.00012270
1732636800000,0.00018190
1732665600000,0.00021068
1732694400000,0.00020895
1732723200000,0.00015706
1732752000000,0.00015948
1732780800000,0.00016470
1732809600000,0.00010000
1732838400000,0.00010000
1732867200000,0.00015354
1732896000000,0.00010000
1732924800000,0.00017097
1732953600000,0.00024740
1732982400000,0.00012425
1733011200000,0.00011863
1733040000000,0.00013737
1733068800000,0.00015064
1733097600000,0.00036131
1733126400000,0.00029310
1733155200000,0.00028383
1733184000000,0.00026464
1733212800000,0.00034689
1733241600000,0.00014297
1733270400000,0.00018732
1733299200000,0.00015899
1733328000000,0.00019842
1733356800000,0.00023652
1733385600000,0.00049482
1733414400000,0.00031177
1733443200000,0.00014294
1733472000000,0.00025540
1733500800000,0.00026350
1733529600000,0.00030590
1733558400000,0.00024299
1733587200000,0.00023099
1733616000000,0.00020864
1733644800000,0.00023941
1733673600000,0.00018574
1733702400000,0.00020272
1733731200000,0.00010000
1733760000000,0.00013421
1733788800000,0.00010000
1733817600000,0.00010000
1733846400000,0.00010000
1733875200000,0.00010000
1733904000000,0.00010000
1733932800000,0.00010000
1733961600000,0.00010000
1733990400000,0.00010000
1734019200000,0.00010000
1734048000000,0.00010000
1734076800000,0.00010000
1734105600000,0.00010000
1734134400000,0.00010000
1734163200000,0.00010000
1734192000000,0.00010000
1734220800000,0.00010000
1734249600000,0.00010000
1734278400000,0.00009404
1734307200000,0.00008662
1734336000000,0.00010000
1734364800000,0.00010000
1734393600000,0.00010000
1734422400000,0.00010000
1734451200000,0.00010000
1734480000000,0.00008046
1734508800000,0.00010000
1734537600000,0.00010000
1734566400000,0.00006104
1734595200000,0.00007438
1734624000000,0.00007373
1734652800000,0.00010000
1734681600000,0.00010000
1734710400000,0.00010000
1734739200000,0.00006352
1734768000000,0.00010000
1734796800000,0.00010000
1734825600000,0.00010000
1734854400000,0.00010000
1734883200000,0.00005370
1734912000000,0.00005686
1734940800000,0.00005398
1734969600000,0.00008674
1734998400000,0.00010000
1735027200000,0.00008121
1735056000000,0.00002757
1735084800000,0.00004454
1735113600000,0.00006550
1735142400000,0.00001254
1735171200000,0.00010000
1735200000000,0.00010000
1735228800000,0.00006305
1735257600000,0.00010000
1735286400000,0.00008428
1735315200000,0.00005349
1735344000000,0.00010000
1735372800000,0.00010000
1735401600000,0.00009336
1735430400000,0.00005941
1735459200000,0.00005146
1735488000000,0.00009485
1735516800000,0.00010000
1735545600000,0.00010000
1735574400000,0.00010000
1735603200000,0.00010000
1735632000000,0.00008514
1735660800000,0.00010000
1735689600000,0.00010000
1735718400000,0.00010000
1735747200000,0.00010000
1735776000000,0.00010000
1735804800000,0.00010000
1735833600000,0.00010000
1735862400000,0.00010000
1735891200000,0.00010000
1735920000000,0.00010000
1735948800000,0.00010000
1735977600000,0.00010000
1736006400000,0.00010000
1736035200000,0.00010000
1736064000000,0.00010000
1736092800000,0.00010000
1736121600000,0.00010000
1736150400000,0.00010000
1736179200000,0.00010000
1736208000000,0.00010000
1736236800000,0.00010000
1736265600000,0.00010000
1736294400000,0.00009658
1736323200000,0.00010000
1736352000000,0.00010000
1736380800000,0.00006609
1736409600000,0.00010000
1736438400000,0.00010000
1736467200000,0.00007573
1736496000000,0.00006162
1736524800000,0.00010000
1736553600000,0.00006574
1736582400000,0.00005650
1736611200000,0.00010000
1736640000000,0.00010000
1736668800000,0.00010000
1736697600000,0.00008134
1736726400000,0.00010000
1736755200000,0.00009353
1736784000000,0.00003392
1736812800000,0.00005423
1736841600000,0.00007452
1736870400000,0.00007652
1736899200000,0.00004503
1736928000000,0.00005924
1736956800000,0.00005443
1736985600000,0.00010000
1737014400000,0.00008311
1737043200000,0.00005275
1737072000000,0.00010000
1737100800000,0.00010000
1737129600000,0.00010000
1737158400000,0.00010000
1737187200000,0.00010000
1737216000000,0.00010000
1737244800000,0.00010000
1737273600000,0.00010000
1737302400000,0.00010000
1737331200000,0.00010000
1737360000000,0.00010000
1737388800000,0.00010000
1737417600000,0.00010000
1737446400000,0.00010000
1737475200000,0.00010000
1737504000000,0.00010000
1737532800000,0.00010000
1737561600000,0.00010000
1737590400000,0.00010000
1737619200000,0.00010000
1737648000000,0.00010000
1737676800000,0.00010000
1737705600000,0.00010000
1737734400000,0.00010000
1737763200000,0.00006904
1737792000000,0.00007065
1737820800000,0.00008410
1737849600000,0.00009663
1737878400000,0.00009725
1737907200000,0.00003849
1737936000000,-0.00000276
1737964800000,0.00003922
1737993600000,0.00003069
1738022400000,0.00010000
1738051200000,0.00004046
1738080000000,0.00005904
1738108800000,0.00010000
1738137600000,0.00006567
1738166400000,0.00008686
1738195200000,0.00002287
1738224000000,0.00010000
1738252800000,0.00007055
1738281600000,0.00009386
1738310400000,0.00007998
1738339200000,0.00010000
1738368000000,0.00008432
1738396800000,0.00009742
1738425600000,0.00003573
1738454400000,0.00007609
1738483200000,0.00010000
1738512000000,0.00002600
1738540800000,0.00003237
1738569600000,-0.00016657
1738598400000,-0.00025121
1738627200000,-0.00010653
1738656000000,0.00001070
1738684800000,-0.00008177
1738713600000,-0.00008329
1738742400000,0.00005754
1738771200000,-0.00002404
1738800000000,0.00004939
1738828800000,-0.00000535
1738857600000,-0.00007747
1738886400000,0.00002439
1738915200000,0.00002905
1738944000000,-0.00001197
1738972800000,-0.00001894
1739001600000,0.00009532
1739030400000,0.00006930
1739059200000,-0.00000364
1739088000000,0.00005479
1739116800000,0.00005020
1739145600000,0.00000911
1739174400000,0.00007074
1739203200000,0.00005396
1739232000000,-0.00000572
1739260800000,0.00004260
1739289600000,-0.00001236
1739318400000,0.00006151
1739347200000,0.00003350
1739376000000,0.00008407
1739404800000,0.00009540
1739433600000,0.00010000
1739462400000,0.00001027
1739491200000,0.00000239
1739520000000,0.00008242
1739548800000,0.00007834
1739577600000,0.00004385
1739606400000,0.00003822
1739635200000,0.00000844
1739664000000,0.00003859
1739692800000,0.00005945
1739721600000,0.00003775
1739750400000,0.00003649
1739779200000,0.00005610
1739808000000,0.00010000
1739836800000,0.00004742
1739865600000,-0.00001595
1739894400000,0.00005441
1739923200000,0.00004964
1739952000000,0.00007273
1739980800000,0.00003185
1740009600000,-0.00000207
1740038400000,0.00005629
1740067200000,0.00006405
1740096000000,0.00003574
1740124800000,0.00006624
1740153600000,0.00004228
1740182400000,0.00003254
1740211200000,-0.00001427
1740240000000,0.00003410
1740268800000,0.00009726
1740297600000,0.00003796
1740326400000,0.00000213
1740355200000,0.00007127
1740384000000,0.00000924
1740412800000,0.00003082
1740441600000,-0.00003589
1740470400000,0.00000471
1740499200000,0.00002913
1740528000000,0.00001860
1740556800000,0.00006103
1740585600000,0.00003433
1740614400000,0.00008515
1740643200000,0.00010000
1740672000000,0.00005027
1740700800000,0.00004097
1740729600000,0.00001219
1740758400000,0.00001248
1740787200000,0.00004855
1740816000000,-0.00001061
1740844800000,-0.00000931
1740873600000,0.00003173
1740902400000,0.00006221
1740931200000,0.00006102
1740960000000,-0.00000788
1740988800000,0.00003061
1741017600000,0.00000625
1741046400000,-0.00004308
1741075200000,-0.00003762
1741104000000,0.00000204
1741132800000,0.00006417
1741161600000,0.00007146
1741190400000,0.00002539
1741219200000,-0.00001037
1741248000000,0.00001125
1741276800000,0.00002685
1741305600000,-0.00002474
1741334400000,0.00002874
1741363200000,0.00005628
1741392000000,0.00003124
1741420800000,0.00003760
1741449600000,0.00006837
1741478400000,0.00006871
1741507200000,0.00003637
1741536000000,-1.3E-7
1741564800000,-0.00004249
1741593600000,0.00002575
1741622400000,0.00003433
1741651200000,-0.00004045
1741680000000,0.00002173
1741708800000,0.00007553
1741737600000,0.00001672
1741766400000,0.00001107
1741795200000,-0.00003413
1741824000000,0.00002931
1741852800000,-5E-8
1741881600000,0.00004218
1741910400000,0.00002744
1741939200000,0.00007681
1741968000000,0.00005537
1741996800000,0.00002924
1742025600000,0.00005445
1742054400000,0.00001250
1742083200000,-0.00003041
1742112000000,-0.00002357
1742140800000,-0.00002967
1742169600000,0.00002057
1742198400000,0.00005669
1742227200000,0.00003697
1742256000000,0.00005319
1742284800000,0.00004099
1742313600000,0.00001465
1742342400000,0.00005983
1742371200000,0.00008986
1742400000000,0.00006676
1742428800000,-0.00001704
1742457600000,0.00001553
1742486400000,-0.00000857
1742515200000,0.00005235
1742544000000,0.00006749
1742572800000,0.00002613
1742601600000,-0.00001402
1742630400000,-0.00002617
1742659200000,0.00002587
1742688000000,0.00001553
1742716800000,0.00006053
1742745600000,-0.00000336
1742774400000,-0.00001290
1742803200000,0.00009456
1742832000000,0.00003069
1742860800000,0.00006736
1742889600000,0.00001456
1742918400000,-0.00000475
1742947200000,0.00002976
1742976000000,0.00001074
1743004800000,-0.00002235
1743033600000,0.00004542
1743062400000,0.00007427
1743091200000,0.00003127
1743120000000,0.00006551
1743148800000,-0.00002896
1743177600000,-0.00001109
1743206400000,0.00000356
1743235200000,0.00004498
1743264000000,0.00003469
1743292800000,-0.00001072
1743321600000,-0.00001999
1743350400000,0.00001191
1743379200000,-0.00000326
1743408000000,0.00002663
1743436800000,0.00002009
1743465600000,-0.00000652
1743494400000,0.00002877
1743523200000,0.00003314
1743552000000,0.00003676
1743580800000,-4.5E-7
1743609600000,0.00004262
1743638400000,-0.00000639
1743667200000,0.00006390
1743696000000,-0.00000615
1743724800000,0.00006701
1743753600000,-0.00002093
1743782400000,0.00003780
1743811200000,0.00002181
1743840000000,0.00005939
1743868800000,-0.00000782
1743897600000,0.00002389
1743926400000,0.00005410
1743955200000,-0.00002372
1743984000000,-0.00003784
1744012800000,-0.00000965
1744041600000,-0.00003451
1744070400000,-0.00000438
1744099200000,0.00001155
1744128000000,-0.00001429
1744156800000,-0.00004820
1744185600000,-0.00006596
1744214400000,0.00001591
1744243200000,0.00010000
1744272000000,0.00003042
1744300800000,-7.8E-7
1744329600000,-0.00000918
1744358400000,-0.00005857
1744387200000,-0.00000461
1744416000000,0.00002511
1744444800000,-0.00000600
1744473600000,0.00002416
1744502400000,0.00007676
1744531200000,0.00005203
1744560000000,0.00005299
1744588800000,0.00007387
1744617600000,0.00005913
1744646400000,0.00005384
1744675200000,0.00002560
1744704000000,0.00001812
1744732800000,0.00000335
1744761600000,0.00004294
1744790400000,-0.00002960
1744819200000,-0.00002514
1744848000000,0.00004479
1744876800000,0.00005184
1744905600000,-0.00001791
1744934400000,-0.00003125
1744963200000,0.00002747
1744992000000,-0.00001492
1745020800000,-0.00002388
1745049600000,0.00008846
1745078400000,0.00007189
1745107200000,0.00005765
1745136000000,0.00007724
1745164800000,-0.00005358
1745193600000,-0.00000124
1745222400000,0.00010000
1745251200000,0.00008017
1745280000000,-0.00003600
1745308800000,2.2E-7
1745337600000,0.00008105
1745366400000,0.00006679
1745395200000,0.00009616
1745424000000,0.00010000
1745452800000,0.00010000
1745481600000,0.00007229
1745510400000,0.00000620
1745539200000,0.00005922
1745568000000,0.00007829
1745596800000,-0.00000965
1745625600000,0.00000830
1745654400000,-0.00002999
1745683200000,0.00000728
1745712000000,0.00005635
1745740800000,-0.00006737
1745769600000,-0.00003852
1745798400000,0.00000132
1745827200000,-0.00004703
1745856000000,-0.00008681
1745884800000,0.00008281
1745913600000,0.00005790
1745942400000,-0.00001396
1745971200000,-0.00007371
1746000000000,0.00000904
1746028800000,-0.00006069
1746057600000,0.00005430
1746086400000,0.00004500
1746115200000,0.00000723
1746144000000,-0.00000591
1746172800000,-0.00005797
1746201600000,-0.00000588
1746230400000,0.00004901
1746259200000,0.00001565
1746288000000,0.00002092
1746316800000,0.00006708
1746345600000,0.00003289
1746374400000,-0.00002670
1746403200000,0.00000181
1746432000000,0.00001998
1746460800000,0.00001194
1746489600000,0.00006899
1746518400000,-0.00001836
1746547200000,-0.00003589
1746576000000,0.00003273
1746604800000,0.00008548
1746633600000,-0.00000648
1746662400000,0.00004564
1746691200000,0.00010000
1746720000000,0.00008717
1746748800000,0.00010000
1746777600000,0.00010000
1746806400000,0.00010000
1746835200000,0.00010000
1746864000000,0.00009797
1746892800000,0.00009016
1746921600000,0.00010000
1746950400000,0.00007363
1746979200000,0.00002438
1747008000000,0.00007088
1747036800000,0.00010000
1747065600000,0.00005717
1747094400000,0.00006233
1747123200000,0.00010000
1747152000000,0.00010000
1747180800000,0.00010000
1747209600000,0.00005480
1747238400000,0.00004737
1747267200000,0.00010000
1747296000000,0.00010000
1747324800000,0.00005698
1747353600000,0.00006801
1747382400000,0.00010000
1747411200000,0.00007202
1747440000000,0.00002543
1747468800000,-0.00001883
1747497600000,0.00002339
1747526400000,0.00005366
1747555200000,0.00004909
1747584000000,0.00000130
1747612800000,-0.00004925
1747641600000,0.00006531
1747670400000,0.00009181
1747699200000,0.00008013
1747728000000,0.00006807
1747756800000,0.00001174
1747785600000,0.00003663
1747814400000,0.00009338
1747843200000,0.00000647
1747872000000,0.00001141
1747900800000,0.00010000
1747929600000,0.00010000
1747958400000,0.00010000
1747987200000,0.00010000
1748016000000,-0.00000726
1748044800000,0.00010000
1748073600000,0.00004033
1748102400000,0.00002114
1748131200000,0.00006041
1748160000000,0.00003750
1748188800000,0.00008487
1748217600000,0.00000385
1748246400000,0.00008047
1748275200000,0.00004711
1748304000000,0.00004026
1748332800000,0.00010000
1748361600000,0.00010000
1748390400000,0.00010000
1748419200000,0.00010000
1748448000000,0.00010000
1748476800000,0.00010000
1748505600000,0.00010000
1748534400000,0.00008321
1748563200000,0.00007477
1748592000000,0.00010000
1748620800000,0.00005699
1748649600000,0.00003389
1748678400000,0.00008054
1748707200000,0.00002739
1748736000000,0.00007520
1748764800000,0.00003946
1748793600000,0.00003370
1748822400000,0.00001586
1748851200000,0.00005378
1748880000000,0.00008588
1748908800000,0.00003263
1748937600000,0.00006067
1748966400000,0.00005397
1748995200000,0.00004390
1749024000000,0.00007623
1749052800000,0.00007897
1749081600000,0.00002359
1749110400000,0.00008508
1749139200000,0.00006396
1749168000000,-0.00001147
1749196800000,0.00002643
1749225600000,0.00002684
1749254400000,0.00008699
1749283200000,0.00005456
1749312000000,0.00006753
1749340800000,0.00010000
1749369600000,0.00009522
1749398400000,0.00004695
1749427200000,0.00002206
1749456000000,0.00001950
1749484800000,0.00008643
1749513600000,0.00010000
1749542400000,0.00010000
1749571200000,0.00010000
1749600000000,0.00010000
1749628800000,0.00010000
1749657600000,0.00010000
1749686400000,0.00006036
1749715200000,0.00010000
1749744000000,0.00005333
1749772800000,-0.00001372
1749801600000,-0.00001069
1749830400000,0.00002083
1749859200000,0.00004572
1749888000000,0.00001962
1749916800000,0.00000440
1749945600000,0.00001767
1749974400000,0.00008487
1750003200000,0.00007131
1750032000000,0.00004573
1750060800000,0.00009060
1750089600000,0.00003960
1750118400000,-0.00000906
1750147200000,0.00010000
1750176000000,0.00005558
1750204800000,0.00005830
1750233600000,0.00006782
1750262400000,0.00002338
1750291200000,0.00005403
1750320000000,0.00004793
1750348800000,0.00004883
1750377600000,0.00008145
1750406400000,0.00008963
1750435200000,0.00002590
1750464000000,-0.00004990
1750492800000,-0.00001379
1750521600000,0.00005011
1750550400000,-0.00000798
1750579200000,-0.00001761
1750608000000,0.00004714
1750636800000,0.00002289
1750665600000,-0.00001401
1750694400000,0.00000130
1750723200000,0.00002127
1750752000000,0.00001201
1750780800000,0.00000446
1750809600000,-0.00000833
1750838400000,-2.6E-7
1750867200000,0.00001198
1750896000000,0.00002757
1750924800000,0.00008057
1750953600000,0.00000906
1750982400000,0.00000379
1751011200000,0.00000506
1751040000000,0.00005546
1751068800000,0.00008436
1751097600000,0.00000658
1751126400000,0.00004011
1751155200000,0.00006176
1751184000000,0.00008777
1751212800000,4.2E-7
1751241600000,0.00005102
1751270400000,0.00009119
1751299200000,0.00000394
1751328000000,0.00008191
1751356800000,0.00001541
1751385600000,-0.00001429
1751414400000,0.00001952
1751443200000,0.00004864
1751472000000,0.00005236
1751500800000,0.00010000
1751529600000,0.00009820
1751558400000,0.00004398
1751587200000,0.00001353
1751616000000,0.00006619
1751644800000,0.00002691
1751673600000,0.00001406
1751702400000,0.00003958
1751731200000,0.00005542
1751760000000,0.00003909
1751788800000,0.00006583
1751817600000,0.00008149
1751846400000,0.00010000
1751875200000,0.00010000
1751904000000,-0.00003011
1751932800000,0.00007589
1751961600000,0.00002787
1751990400000,0.00006466
1752019200000,0.00004903
1752048000000,0.00006771
1752076800000,0.00006268
1752105600000,0.00010000
1752134400000,0.00002808
1752163200000,0.00003187
1752192000000,0.00010000
1752220800000,0.00010000
1752249600000,0.00010000
1752278400000,0.00008032
1752307200000,0.00007671
1752336000000,0.00006119
1752364800000,0.00004151
1752393600000,0.00004407
1752422400000,0.00007205
1752451200000,0.00000998
1752480000000,0.00010000
1752508800000,0.00010000
1752537600000,0.00006134
1752566400000,0.00010000
1752595200000,0.00010000
1752624000000,0.00010000
1752652800000,0.00010000
1752681600000,0.00010000
1752710400000,0.00010000
1752739200000,0.00010000
1752768000000,0.00010000
1752796800000,0.00010000
1752825600000,0.00010000
1752854400000,0.00010000
1752883200000,0.00010000
1752912000000,0.00010000
1752940800000,0.00010000
1752969600000,0.00010000
1752998400000,0.00010000
1753027200000,0.00010000
1753056000000,0.00010000
1753084800000,0.00010000
1753113600000,0.00010000
1753142400000,0.00010000
1753171200000,0.00010000
1753200000000,0.00010000
1753228800000,0.00010000
1753257600000,0.00010000
1753286400000,0.00010000
1753315200000,0.00010000
1753344000000,0.00010000
1753372800000,0.00010000
1753401600000,0.00010000
1753430400000,0.00010000
1753459200000,0.00010000
1753488000000,0.00010000
1753516800000,0.00010000
1753545600000,0.00010000
1753574400000,0.00009322
1753603200000,0.00008879
1753632000000,0.00010000
1753660800000,0.00010000
1753689600000,0.00010000
1753718400000,0.00010000
1753747200000,0.00004494
1753776000000,0.00010000
1753804800000,0.00010000
1753833600000,0.00002488
1753862400000,0.00005083
1753891200000,0.00001540
1753920000000,0.00005162
1753948800000,0.00010000
1753977600000,-0.00001180
1754006400000,-0.00003749
1754035200000,0.00001113
1754064000000,0.00004859
1754092800000,0.00005795
1754121600000,0.00000657
1754150400000,0.00007965
1754179200000,0.00006733
1754208000000,0.00005752
1754236800000,0.00003767
1754265600000,0.00001719
1754294400000,0.00001113
1754323200000,0.00003611
1754352000000,0.00000147
1754380800000,0.00003116
1754409600000,0.00001370
1754438400000,0.00002413
1754467200000,0.00008200
1754496000000,0.00006246
1754524800000,0.00006227
1754553600000,0.00004285
1754582400000,0.00010000
1754611200000,0.00004260
1754640000000,0.00010000
1754668800000,0.00010000
1754697600000,0.00010000
1754726400000,0.00010000
1754755200000,0.00010000
1754784000000,0.00009916
1754812800000,0.00010000
1754841600000,0.00010000
1754870400000,0.00008873
1754899200000,0.00009354
1754928000000,0.00010000
1754956800000,0.00003659
1754985600000,0.00010000
1755014400000,0.00010000
1755043200000,0.00010000
1755072000000,0.00010000
1755100800000,0.00010000
1755129600000,0.00010000
1755158400000,0.00010000
1755187200000,0.00010000
1755216000000,0.00010000
1755244800000,0.00009765
1755273600000,0.00006474
1755302400000,0.00005967
1755331200000,0.00008990
1755360000000,0.00001968
1755388800000,0.00004669
1755417600000,-0.00000668
1755446400000,0.00005334
1755475200000,0.00000632
1755504000000,0.00009191
1755532800000,0.00008959
1755561600000,0.00010000
1755590400000,0.00010000
1755619200000,0.00010000
1755648000000,0.00010000
1755676800000,0.00000318
1755705600000,0.00009070
1755734400000,0.00006232
1755763200000,0.00005834
1755792000000,0.00002689
1755820800000,0.00006376
1755849600000,0.00006670
1755878400000,0.00006004
1755907200000,0.00010000
1755936000000,0.00010000
1755964800000,0.00010000
1755993600000,0.00010000
1756022400000,0.00010000
1756051200000,0.00010000
1756080000000,0.00004932
1756108800000,0.00004567
1756137600000,0.00001732
1756166400000,-0.00000739
1756195200000,0.00001080
1756224000000,0.00001029
1756252800000,-0.00000819
1756281600000,0.00001933
1756310400000,0.00004152
1756339200000,0.00005965
1756368000000,0.00002643
1756396800000,0.00002175
1756425600000,0.00001728
1756454400000,0.00004981
1756483200000,0.00001496
1756512000000,0.00004162
1756540800000,-0.00001108
1756569600000,0.00004057
1756598400000,-0.00001390
1756627200000,0.00005543
1756656000000,-0.00001154
1756684800000,-0.00002114
1756713600000,-0.00001300
1756742400000,0.00000122
1756771200000,0.00000406
1756800000000,0.00005513
1756828800000,0.00003026
1756857600000,0.00001812
1756886400000,-0.00000111
1756915200000,0.00003174
1756944000000,0.00002311
1756972800000,-0.00002012
1757001600000,-0.00002527
1757030400000,-0.00005540
1757059200000,-0.00003456
1757088000000,0.00002866
1757116800000,-0.00002104
1757145600000,0.00003956
1757174400000,0.00004060
1757203200000,0.00005946
1757232000000,0.00008938
1757260800000,0.00003335
1757289600000,0.00002556
1757318400000,0.00002063
1757347200000,0.00009082
1757376000000,0.00004706
1757404800000,0.00010000
1757433600000,0.00006645
1757462400000,0.00006156
1757491200000,0.00008820
1757520000000,0.00010000
1757548800000,0.00001341
1757577600000,0.00010000
1757606400000,0.00008501
1757635200000,0.00004858
1757664000000,0.00010000
1757692800000,0.00010000
1757721600000,0.00010000
1757750400000,0.00009815
1757779200000,0.00010000
1757808000000,0.00000375
1757836800000,0.00008307
1757865600000,0.00005553
1757894400000,0.00007366
1757923200000,0.00006603
1757952000000,0.00003563
1757980800000,0.00004540
1758009600000,0.00004526
1758038400000,0.00002037
1758067200000,0.00002419
1758096000000,0.00005358
1758124800000,0.00004406
1758153600000,0.00005150
1758182400000,0.00004292
1758211200000,0.00001971
1758240000000,0.00005745
1758268800000,-0.00000904
1758297600000,-0.00004324
1758326400000,-0.00004366
1758355200000,-0.00000597
1758384000000,0.00004189
1758412800000,-0.00002372
1758441600000,0.00004828
1758470400000,0.00003039
1758499200000,-0.00002051
1758528000000,-0.00000518
1758556800000,0.00000508
1758585600000,-0.00000193
1758614400000,0.00005594
1758643200000,-0.00002189
1758672000000,0.00000973
1758700800000,0.00000719
1758729600000,-0.00003616
1758758400000,-0.00008602
1758787200000,-0.00008110
1758816000000,0.00010000
1758844800000,0.00008976
1758873600000,0.00003202
1758902400000,0.00004775
1758931200000,-0.00001608
1758960000000,0.00004387
1758988800000,0.00010000
1759017600000,0.00007975
1759046400000,0.00004229
1759075200000,0.00008200
1759104000000,0.00003512
1759132800000,0.00003842
1759161600000,-0.00003490
1759190400000,0.00000916
1759219200000,-0.00001307
1759248000000,0.00000472
1759276800000,-0.00001572
1759305600000,0.00002569
1759334400000,-0.00000744
1759363200000,0.00001487
1759392000000,0.00003033
1759420800000,0.00003733
1759449600000,0.00001312
1759478400000,0.00007933
1759507200000,0.00005593
1759536000000,0.00005570
1759564800000,0.00000725
1759593600000,0.00004800
1759622400000,0.00005761
1759651200000,0.00010000
1759680000000,0.00009708
1759708800000,0.00007894
1759737600000,0.00010000
1759766400000,0.00010000
1759795200000,0.00010000
1759824000000,0.00010000
1759852800000,0.00010000
1759881600000,0.00001254
1759910400000,0.00006038
1759939200000,0.00001261
1759968000000,0.00003613
1759996800000,-0.00000226
1760025600000,0.00005752
1760054400000,0.00002565
1760083200000,0.00002511
1760112000000,-0.00005147
1760140800000,0.00010000
1760169600000,-0.00013094
1760198400000,-0.00000173
1760227200000,-0.00006965
1760256000000,0.00000839
1760284800000,-0.00004563
1760313600000,-0.00002591
1760342400000,0.00005255
1760371200000,0.00005202
1760400000000,0.00005602
1760428800000,0.00000352
1760457600000,0.00002693
1760486400000,0.00001420
1760515200000,0.00004258
1760544000000,0.00002500
1760572800000,-0.00000499
1760601600000,0.00000765
1760630400000,0.00000618
1760659200000,0.00003354
1760688000000,0.00005630
1760716800000,0.00002963
1760745600000,0.00001423
1760774400000,0.00001510
1760803200000,0.00006086
1760832000000,0.00006239
1760860800000,0.00002101
1760889600000,0.00003514
1760918400000,0.00002481
1760947200000,0.00005413
1760976000000,0.00005999
1761004800000,0.00003530
1761033600000,4.7E-7
1761062400000,0.00007724
1761091200000,-0.00002491
1761120000000,0.00002192
1761148800000,0.00002392
1761177600000,0.00000529
1761206400000,0.00004173
1761235200000,0.00005185
1761264000000,0.00000888
1761292800000,0.00009418
1761321600000,0.00003074
1761350400000,0.00001282
1761379200000,0.00001546
1761408000000,0.00006413
1761436800000,0.00010000
1761465600000,0.00002079
1761494400000,0.00010000
1761523200000,0.00010000
1761552000000,0.00010000
1761580800000,0.00007827
1761609600000,0.00003936
1761638400000,0.00004615
1761667200000,0.00001796
1761696000000,-0.00005159
1761724800000,-0.00001008
1761753600000,0.00003915
1761782400000,-0.00003389
1761811200000,-0.00002243
1761840000000,-0.00006394
1761868800000,0.00003219
1761897600000,0.00007777
1761926400000,-0.00001283
1761955200000,0.00006032
1761984000000,0.00007748
1762012800000,0.00010000
1762041600000,0.00006688
1762070400000,0.00009258
1762099200000,0.00003269
1762128000000,0.00008937
1762156800000,0.00002373
1762185600000,0.00000524
1762214400000,0.00007890
1762243200000,0.00008984
1762272000000,0.00004875
1762300800000,0.00001174
1762329600000,0.00000656
1762358400000,0.00004337
1762387200000,0.00004919
1762416000000,0.00004986
1762444800000,7.1E-7
1762473600000,0.00007583
1762502400000,0.00004780
1762531200000,0.00008277
1762560000000,0.00007722
1762588800000,0.00008414
1762617600000,0.00006487
1762646400000,0.00001158
1762675200000,0.00006622
1762704000000,0.00004710
1762732800000,0.00003686
1762761600000,0.00009099
1762790400000,0.00007806
1762819200000,0.00002962
1762848000000,-0.00002557
1762876800000,0.00002827
1762905600000,0.00003618
1762934400000,-0.00003940
1762963200000,0.00007040
1762992000000,0.00006967
1763020800000,0.00010000
1763049600000,0.00002321
1763078400000,-0.00000382
1763107200000,0.00003573
1763136000000,0.00007962
1763164800000,0.00004979
1763193600000,0.00004397
1763222400000,0.00004679
1763251200000,0.00010000
1763280000000,0.00010000
1763308800000,0.00007779
1763337600000,0.00010000
1763366400000,0.00010000
1763395200000,0.00005992
1763424000000,0.00009056
1763452800000,0.00010000
1763481600000,0.00005928
1763510400000,0.00010000
1763539200000,0.00006727
1763568000000,0.00003204
1763596800000,0.00007097
1763625600000,0.00007838
1763654400000,0.00006788
1763683200000,0.00003335
1763712000000,0.00001947
1763740800000,0.00005440
1763769600000,0.00001859
1763798400000,0.00007195
1763827200000,0.00004657
1763856000000,0.00006445
1763884800000,-0.00002356
1763913600000,-0.00000587
1763942400000,-1.0E-7
1763971200000,0.00007615
1764000000000,0.00004931
1764028800000,0.00004020
1764057600000,0.00003624
1764086400000,0.00000556
1764115200000,0.00004707
1764144000000,-0.00000920
1764172800000,0.00001886
1764201600000,0.00002467
1764230400000,0.00001646
1764259200000,0.00000988
1764288000000,-0.00000145
1764316800000,0.00002638
1764345600000,-0.00000903
1764374400000,0.00002574
1764403200000,0.00000510
1764432000000,-0.00000152
1764460800000,0.00007916
1764489600000,0.00004019
1764518400000,0.00003707
1764547200000,0.00005374
1764576000000,0.00007757
1764604800000,-0.00002535
1764633600000,0.00006949
1764662400000,0.00005552
1764691200000,0.00004147
1764720000000,0.00004698
1764748800000,0.00001107
1764777600000,0.00005015
1764806400000,0.00006305
1764835200000,0.00010000
1764864000000,0.00009628
1764892800000,0.00002405
1764921600000,0.00009771
1764950400000,0.00004884
1764979200000,0.00004481
1765008000000,0.00000455
1765036800000,0.00003188
1765065600000,0.00003716
1765094400000,-0.00000974
1765123200000,0.00001448
1765152000000,0.00002807
1765180800000,0.00007240
1765209600000,0.00004139
1765238400000,0.00005283
1765267200000,0.00006214
1765296000000,0.00003873
1765324800000,0.00010000
1765353600000,0.00007429
1765382400000,0.00003462
1765411200000,0.00006920
1765440000000,0.00000138
1765468800000,0.00002616
1765497600000,-0.00000248
1765526400000,0.00003217
1765555200000,-0.00000236
1765584000000,0.00000107
1765612800000,-0.00001354
1765641600000,0.00003292
1765670400000,0.00008266
1765699200000,0.00004872
1765728000000,0.00008259
1765756800000,0.00006154
1765785600000,0.00003415
1765814400000,0.00002051
1765843200000,-0.00000641
1765872000000,0.00002281
1765900800000,-0.00001870
1765929600000,0.00000352
1765958400000,0.00003718
1765987200000,8.6E-7
1766016000000,-0.00001833
1766044800000,-0.00003186
1766073600000,0.00005890
1766102400000,0.00005783
1766131200000,0.00007285
1766160000000,0.00009196
1766188800000,0.00001997
1766217600000,0.00001909
1766246400000,0.00000903
1766275200000,0.00001836
1766304000000,0.00004198
1766332800000,0.00000337
1766361600000,-0.00002332
1766390400000,0.00000576
1766419200000,-0.00000569
1766448000000,0.00003812
1766476800000,0.00006790
1766505600000,0.00002640
1766534400000,0.00002584
1766563200000,0.00006186
1766592000000,0.00005629
1766620800000,0.00006527
1766649600000,0.00006688
1766678400000,0.00004970
1766707200000,0.00005028
1766736000000,0.00006473
1766764800000,0.00003451
1766793600000,0.00004038
1766822400000,-0.00000519
1766851200000,0.00008133
1766880000000,0.00005105
1766908800000,0.00007910
1766937600000,0.00004862
1766966400000,0.00009172
1766995200000,0.00008496
1767024000000,0.00001862
1767052800000,-0.00001536
1767081600000,0.00003920
1767110400000,0.00010000
1767139200000,0.00005157
1767168000000,0.00001205
1767196800000,0.00003527
1767225600000,0.00010000
1767254400000,0.00008799
1767283200000,-0.00000560
1767312000000,0.00005053
1767340800000,0.00003090
1767369600000,0.00010000
1767398400000,0.00005187
1767427200000,0.00003421
1767456000000,0.00003231
1767484800000,0.00007598
1767513600000,0.00000212
1767542400000,0.00007231
1767571200000,0.00007926
1767600000000,0.00000966
1767628800000,0.00005085
1767657600000,0.00008035
1767686400000,0.00006876
1767715200000,0.00004250
1767744000000,0.00007658
1767772800000,0.00007268
1767801600000,0.00003902
1767830400000,0.00007044
1767859200000,0.00007658
1767888000000,4.9E-7
1767916800000,0.00006634
1767945600000,0.00003789
1767974400000,0.00005562
1768003200000,0.00008959
1768032000000,0.00010000
1768060800000,0.00005277
1768089600000,0.00009824
1768118400000,0.00006573
1768147200000,0.00005876
1768176000000,0.00010000
1768204800000,0.00003472
1768233600000,0.00006663
1768262400000,0.00004704
1768291200000,0.00009164
1768320000000,0.00002672
1768348800000,0.00010000
1768377600000,0.00010000
1768406400000,0.00008331
1768435200000,0.00005358
1768464000000,0.00000658
1768492800000,0.00009722
1768521600000,0.00003284
1768550400000,0.00003558
1768579200000,0.00002767
1768608000000,0.00008371
1768636800000,0.00008079
1768665600000,0.00006017
1768694400000,0.00003761
1768723200000,0.00001351
1768752000000,0.00002477
1768780800000,0.00005221
1768809600000,-0.00001140
1768838400000,0.00001428
1768867200000,0.00008611
1768896000000,0.00006101
1768924800000,0.00001232
1768953600000,0.00000552
1768982400000,0.00000530
1769011200000,0.00001113
1769040000000,0.00002119
1769068800000,0.00007681
1769097600000,-0.00002933
1769126400000,0.00001674
1769155200000,0.00002868
1769184000000,0.00005045
1769212800000,0.00003675
1769241600000,0.00001171
1769270400000,0.00001292
1769299200000,0.00004065
1769328000000,0.00006759
1769356800000,0.00004059
1769385600000,-0.00013629
1769414400000,0.00006540
1769443200000,0.00001326
1769472000000,0.00007255
1769500800000,0.00008694
1769529600000,0.00009488
1769558400000,0.00008698
1769587200000,0.00009559
1769616000000,0.00004501
1769644800000,0.00004731
1769673600000,0.00004078
1769702400000,-0.00001167
1769731200000,0.00000473
1769760000000,-0.00000308
1769788800000,-5.6E-7
1769817600000,-0.00007003
1769846400000,0.00001854
1769875200000,-0.00008908
1769904000000,-0.00016427
1769932800000,0.00001415
1769961600000,-0.00007308
1769990400000,-0.00015302
1770019200000,-0.00008208
1770048000000,-0.00010921
1770076800000,-0.00015482
1770105600000,0.00001010
1770134400000,-0.00003903
1770163200000,-0.00002474
1770192000000,0.00002076
1770220800000,-0.00006117
1770249600000,0.00005503
1770278400000,-0.00000504
1770307200000,-0.00007797
1770336000000,-0.00027709
1770364800000,-0.00008430
1770393600000,0.00001852
1770422400000,0.00010000
1770451200000,-0.00000183
1770480000000,0.00001636
1770508800000,0.00002665
1770537600000,-0.00003046
1770566400000,-0.00005398
1770595200000,-0.00004033
1770624000000,-0.00004865
1770652800000,-0.00000334
1770681600000,0.00004269
1770710400000,-0.00015210
1770739200000,-0.00019437
1770768000000,-0.00008436
1770796800000,-0.00012968
1770825600000,-0.00012326
1770854400000,-0.00002549
1770883200000,0.00002239
1770912000000,-0.00004103
1770940800000,-0.00010652
1770969600000,-0.00002874
1770998400000,0.00004260
1771027200000,-0.00000268
1771056000000,0.00001442
1771084800000,-0.00001921
1771113600000,-0.00006367
1771142400000,0.00006204
1771171200000,-0.00007550
1771200000000,-0.00005314
1771228800000,-0.00005925
1771257600000,-0.00003499
1771286400000,0.00005298
1771315200000,0.00000843
1771344000000,-0.00004733
1771372800000,0.00001121
1771401600000,-0.00003783
1771430400000,-0.00000866
1771459200000,-0.00010561
1771488000000,-0.00003009
1771516800000,-0.00007865
1771545600000,-0.00004637
1771574400000,-0.00003190
1771603200000,-0.00007160
1771632000000,0.00003050
1771660800000,0.00004592
1771689600000,0.00006628
1771718400000,0.00003845
1771747200000,0.00001584
1771776000000,-0.00004379
1771804800000,-0.00003343
1771833600000,-0.00036526
1771862400000,0.00001654
1771891200000,0.00002610
1771920000000,-0.00004446
1771948800000,-0.00002974
1771977600000,-0.00002455
1772006400000,0.00004558
1772035200000,0.00005753
1772064000000,0.00007787
1772092800000,-0.00002591
1772121600000,0.00003926
1772150400000,0.00001390
1772179200000,0.00000334
1772208000000,-0.00011015
1772236800000,-0.00008821
1772265600000,-0.00009456
1772294400000,-0.00007186
1772323200000,-0.00003406
1772352000000,0.00004986
1772380800000,0.00005291
1772409600000,-0.00007621
1772438400000,-0.00004310
1772467200000,-0.00006736
1772496000000,0.00004930
1772524800000,-0.00002809
1772553600000,-0.00009532
1772582400000,-0.00000392
1772611200000,-0.00007107
1772640000000,0.00006615
1772668800000,-0.00001331
1772697600000,-0.00000837
1772726400000,-0.00001463
1772755200000,0.00004376
1772784000000,-0.00002383
1772812800000,-0.00009858
1772841600000,-0.00004995
1772870400000,-0.00000916
1772899200000,-0.00002260
1772928000000,-0.00004775
1772956800000,-0.00008766
1772985600000,-0.00007522
1773014400000,-0.00022545
1773043200000,0.00002557
1773072000000,0.00005482
1773100800000,0.00004253
1773129600000,0.00005082
1773158400000,0.00002672
1773187200000,-0.00000394
1773216000000,-7.4E-7
1773244800000,0.00002992
1773273600000,0.00000902
1773302400000,-0.00006811
1773331200000,-0.00001513
1773360000000,0.00002264
1773388800000,-6.3E-7
1773417600000,0.00002099
1773446400000,0.00002679
1773475200000,-0.00002367
1773504000000,-0.00004100
1773532800000,-0.00004662
1773561600000,0.00001371
1773590400000,0.00003459
1773619200000,0.00007611
1773648000000,0.00010000
1773676800000,0.00007073
1773705600000,0.00005155
1773734400000,0.00001964
1773763200000,-0.00001057
1773792000000,0.00001504
1773820800000,0.00001301
1773849600000,-0.00001399
1773878400000,-0.00000380
1773907200000,-0.00000871
1773936000000,6.6E-7
1773964800000,-0.00006348
1773993600000,-0.00005947
1774022400000,-7.2E-7
1774051200000,0.00002359
1774080000000,0.00001136
1774108800000,0.00002063
1774137600000,-0.00001052
1774166400000,0.00001140
1774195200000,-0.00007418
1774224000000,-0.00005929
1774252800000,-0.00000316
1774281600000,0.00006110
1774310400000,0.00002880
1774339200000,0.00002122
1774368000000,-0.00002682
1774396800000,0.00003540
1774425600000,-0.00004168
1774454400000,0.00000527
1774483200000,0.00004453
1774512000000,0.00000715
1774540800000,-0.00008212
1774569600000,-0.00000208
1774598400000,-0.00005164
1774627200000,-0.00018104
1774656000000,-0.00004999
1774684800000,-0.00008079
1774713600000,4.5E-7
1774742400000,-0.00001122
1774771200000,-0.00003677
1774800000000,-0.00003760
1774828800000,-0.00002586
1774857600000,0.00001177
1774886400000,0.00004113
1774915200000,0.00000257
1774944000000,0.00001748
1774972800000,-0.00000962
1775001600000,-0.00000257
1775030400000,0.00004782
1775059200000,0.00004428
1775088000000,-0.00008956
1775116800000,-0.00013372
1775145600000,-0.00007283
1775174400000,-0.00002988
1775203200000,0.00000637
1775232000000,-0.00000958
1775260800000,-3.0E-7
1775289600000,0.00004915
1775318400000,0.00000735
1775347200000,0.00002442
1775376000000,0.00000623
1775404800000,-0.00004340
1775433600000,0.00002356
1775462400000,0.00006201
1775491200000,0.00002033
1775520000000,-0.00003933
1775548800000,-0.00002975
1775577600000,0.00001031
1775606400000,0.00010000
1775635200000,0.00005834
1775664000000,0.00006711
1775692800000,0.00003320
1775721600000,-0.00001493
1775750400000,0.00001917
1775779200000,0.00001250
1775808000000,0.00000283
1775836800000,-0.00000448
1775865600000,-0.00006627
1775894400000,-0.00007635
1775923200000,-0.00003260
1775952000000,0.00008271
1775980800000,-0.00003576
1776009600000,-0.00005477
1776038400000,-0.00000986
1776067200000,0.00003028
1776096000000,0.00003014
1776124800000,0.00010000
1776153600000,0.00010000
1776182400000,0.00003490
1776211200000,0.00001802
1776240000000,0.00001648
1776268800000,0.00000261
1776297600000,-0.00001717
1776326400000,-0.00005141
1776355200000,-0.00003792
1776384000000,0.00000861
1776412800000,0.00000822
1776441600000,0.00001819
1776470400000,-0.00002327
1776499200000,-0.00001075
1776528000000,-0.00015064
1776556800000,-0.00010377
1776585600000,-0.00011438
1776614400000,-0.00022976
1776643200000,-0.00000927
1776672000000,-0.00001408
1776700800000,0.00000810
1776729600000,-0.00004382
1776758400000,-0.00003720
1776787200000,-0.00003676
1776816000000,-0.00002128
1776844800000,0.00010000
1776873600000,0.00007797
1776902400000,0.00010000
1776931200000,-0.00001984
1776960000000,-0.00006025
1776988800000,-0.00003645
1777017600000,-0.00006980
1777046400000,-0.00012145
1777075200000,-0.00004387
1777104000000,-0.00002141
1777132800000,-0.00004431
1777161600000,-0.00001131
1777190400000,-0.00001931
1777219200000,-0.00002842
1777248000000,-0.00006636
1777276800000,-0.00007865
1777305600000,-0.00007593
1777334400000,-0.00016104
1777363200000,-0.00011678
1777392000000,2.5E-7
1777420800000,0.00002842
1777449600000,0.00004666
1777478400000,0.00004782
1777507200000,-0.00006092
1777536000000,-0.00004636
1777564800000,-0.00007717
1777593600000,-0.00004000
1777622400000,-0.00001877
1777651200000,-0.00002131
1777680000000,-0.00000436
1777708800000,-0.00003820
1777737600000,-0.00000388
1777766400000,0.00003520
1777795200000,-0.00001628
1777824000000,0.00008747
1777852800000,0.00004305
1777881600000,0.00008648
1777910400000,-0.00000209
1777939200000,-0.00001957
1777968000000,-0.00002410
1777996800000,-0.00006520
1778025600000,-0.00002041
1778054400000,-0.00009447
1778083200000,-0.00005114
1778112000000,-0.00006585
1778140800000,-0.00011993
1778169600000,-0.00004319
1778198400000,-0.00000968
1778227200000,-0.00002849
1778256000000,-0.00003358
1778284800000,0.00006199
1778313600000,0.00004314
1778342400000,0.00008760
1778371200000,0.00010000
1778400000000,0.00008268
1778428800000,0.00006714
1778457600000,0.00007463
1778486400000,0.00001995
1778515200000,0.00003355
1778544000000,0.00003946
1778572800000,0.00000708
1778601600000,0.00003956
1778630400000,0.00001323
1778659200000,0.00005046
1778688000000,0.00000545
1778716800000,0.00005942
1778745600000,0.00005526
1778774400000,0.00003946
1778803200000,-0.00000693
1778832000000,0.00000388
1778860800000,0.00001397
1778889600000,0.00007065
1778918400000,0.00004496
1778947200000,0.00006508
1778976000000,0.00007161
1779004800000,0.00004855
1779033600000,0.00005341
1779062400000,0.00001925
1779091200000,0.00000652
1779120000000,0.00005159
1779148800000,0.00010000
1779177600000,0.00005687
1779206400000,0.00003588
1779235200000,0.00005523
1779264000000,0.00003051
1779292800000,0.00005290
1779321600000,0.00005867
1779350400000,0.00002532
1779379200000,0.00003837
1779408000000,0.00004926
1779436800000,0.00003093
1779465600000,0.00005943
1779494400000,0.00005720
1779523200000,0.00004466
1779552000000,0.00006360
1779580800000,0.00008020
1779609600000,0.00008039
1779638400000,0.00004195
1779667200000,0.00005359
1779696000000,0.00005508
1779724800000,0.00003249
1779753600000,0.00003458
1779782400000,0.00003793
1779811200000,0.00003408
1779840000000,0.00007351
1779868800000,0.00003072
1779897600000,0.00006097
1779926400000,0.00002421
1779955200000,0.00002543
1779984000000,0.00002984
1780012800000,0.00008553
1780041600000,0.00007040
1780070400000,0.00006595
1780099200000,0.00004540
1780128000000,0.00006842
1780156800000,0.00005705
1780185600000,0.00009397
1780214400000,0.00007226
1780243200000,0.00001691
1780272000000,0.00006445
1780300800000,0.00005339
1780329600000,0.00009572
1780358400000,0.00010000
1780387200000,0.00010000
1780416000000,0.00005699
1780444800000,0.00002021
1780473600000,0.00009862
1780502400000,0.00007361
1780531200000,0.00007651
1780560000000,0.00004482
1780588800000,0.00003946
1780617600000,0.00004670
1780646400000,-0.00003129
1780675200000,-0.00007387
1780704000000,-0.00007917
1780732800000,-0.00003161
1780761600000,-0.00003461
1780790400000,-0.00006624
1780819200000,-0.00010189
1780848000000,0.00000472
1780876800000,-0.00008235
1780905600000,-0.00006599
1780934400000,-0.00004515
1780963200000,-0.00004506
1780992000000,3.6E-7
1781020800000,-0.00005182
1781049600000,-0.00004089
1781078400000,-0.00004578
1781107200000,-0.00003121
1781136000000,-0.00003684
1781164800000,0.00000754
1781193600000,-0.00002432
1781222400000,-0.00002404
1781251200000,-0.00005854
1781280000000,-0.00002216
1781308800000,-0.00000631
1781337600000,0.00003562
1781366400000,0.00002664
1781395200000,-0.00000644
1781424000000,-0.00001080
1781452800000,-0.00001919
1781481600000,0.00002920
1781510400000,-0.00000745
1781539200000,0.00006867
1781568000000,0.00002969
1781596800000,-0.00002070
1781625600000,0.00003160
1781654400000,0.00003038
1781683200000,0.00002339
1781712000000,-0.00000737
1781740800000,0.00004630
1781769600000,0.00000687
1781798400000,-0.00000691
1781827200000,0.00006551
1781856000000,-0.00002067
1781884800000,-2.7E-7
1781913600000,0.00002505
1781942400000,0.00003170
1781971200000,0.00003209
1782000000000,0.00002892
1782028800000,0.00002602
1782057600000,0.00000757
1782086400000,0.00003880
1782115200000,0.00001941
1782144000000,0.00000789
1782172800000,0.00002370
1782201600000,0.00000335
1782230400000,-0.00003854
1782259200000,0.00004579
1782288000000,0.00002212
1782316800000,4.3E-7
1782345600000,0.00000542
1782374400000,0.00004282
1782403200000,-0.00008135
1782432000000,-0.00001665
1782460800000,-0.00001968
1782489600000,0.00000522
1782518400000,0.00001807
1782547200000,-0.00000597
1782576000000,0.00001769
1782604800000,-0.00005389
1782633600000,-0.00002947
1782662400000,0.00001924
1782691200000,-0.00000185
1782720000000,0.00000216
1782748800000,0.00002144
1782777600000,0.00004490
1782806400000,0.00004566
1782835200000,0.00003059
1782864000000,0.00006151
1782892800000,0.00005330
1782921600000,0.00002077
1782950400000,0.00001960
1782979200000,0.00005020
1783008000000,0.00007321
1783036800000,0.00007837
1783065600000,0.00010000
1783094400000,0.00005241
1783123200000,0.00009748
1783152000000,0.00007642
1783180800000,0.00005167
1783209600000,0.00007818
1783238400000,0.00006162
1783267200000,0.00004748
1783296000000,0.00008332
1783324800000,0.00004679
1783353600000,0.00006963
1783382400000,0.00007620
1783411200000,0.00003271
1783440000000,0.00004088
1783468800000,0.00001519
1783497600000,0.00002984
1783526400000,0.00004537
1783555200000,0.00007189
1783584000000,0.00005342
1783612800000,0.00002748
1783641600000,0.00002613
1783670400000,0.00003355
1783699200000,0.00004632
1783728000000,0.00005051
1783756800000,0.00002190
1783785600000,0.00006296
1783814400000,0.00000646
1783843200000,0.00000996
1783872000000,0.00003016
1783900800000,0.00002248
1783929600000,0.00000542
1783958400000,0.00001969
1783987200000,0.00000126
1784016000000,0.00003639
1784044800000,0.00006925
1784073600000,0.00003834
1784102400000,0.00005006
1784131200000,0.00008736
1784160000000,0.00004350
1784188800000,0.00006079
1784217600000,0.00003526
1784246400000,0.00006892
1784275200000,0.00004774
1784304000000,0.00002442
1784332800000,0.00002552
1784361600000,0.00003939
1784390400000,0.00003042
1784419200000,-0.00001262
1784448000000,0.00004255
1784476800000,0.00007448
1784505600000,0.00002897
1784534400000,0.00002124
1784563200000,0.00002476
1784592000000,0.00002585
1784620800000,0.00004126
1784649600000,0.00003598
1784678400000,0.00001055
1784707200000,0.00001429
1784736000000,0.00006454
1784764800000,0.00000414
1784793600000,-0.00003313
1784822400000,-0.00003252
1784851200000,-0.00001139
1784880000000,0.00001776
1784908800000,0.00001716
1784937600000,0.00005412
1784966400000,0.00002278
1784995200000,0.00003434
1785024000000,-0.00001884
1785052800000,0.00002358
1785081600000,0.00001943
1785110400000,0.00010000
1785139200000,0.00008160
1785168000000,0.00001607
1785196800000,0.00001456
1785225600000,-0.00003657
1785254400000,0.00002816
1785283200000,0.00005737
1785312000000,0.00006871
1785340800000,0.00002143
1785369600000,0.00003854
1785398400000,0.00004661
1785427200000,0.00001990
1785456000000,0.00005729
1785484800000,0.00001208
1785513600000,-0.00002045
1785542400000,0.00006744
1785571200000,0.00002308
1785600000000,0.00005777
1785628800000,0.00002775
1785657600000,0.00005607
1785686400000,0.00001434
1785715200000,0.00010000
1785744000000,-0.00000869
1785772800000,0.00003664
1785801600000,0.00005396
1785830400000,0.00005342
1785859200000,0.00007309
1785888000000,0.00003467
1785916800000,0.00000613
1785945600000,0.00003054
1785974400000,0.00000394
1786003200000,0.00000987
1786032000000,0.00000987
1786060800000,-0.00000562
1786089600000,0.00005102
1786118400000,0.00003625
1786147200000,3.4E-7
1786176000000,0.00002738
1786204800000,0.00007172
1786233600000,0.00003196
1786262400000,0.00004185
1786291200000,0.00007977
1786320000000,0.00004828
1786348800000,0.00003426
1786377600000,0.00001434
1786406400000,0.00001104
1786435200000,0.00006272
1786464000000,0.00005425
1786492800000,0.00010000
1786521600000,0.00007290
1786550400000,0.00005726
1786579200000,0.00005218
1786608000000,0.00008523
1786636800000,0.00005923
1786665600000,0.00002697
1786694400000,-0.00000675
1786723200000,0.00000686
1786752000000,0.00005131
1786780800000,0.00004368
1786809600000,0.00005945
1786838400000,-0.00000423
1786867200000,0.00001949
1786896000000,0.00003970
1786924800000,0.00002723
1786953600000,0.00006731
1786982400000,0.00006471
1787011200000,0.00004633
1787040000000,0.00002206
1787068800000,0.00004443
1787097600000,0.00003595
1787126400000,0.00002640
1787155200000,0.00010000
1787184000000,0.00010000
1787212800000,0.00010000
1787241600000,0.00010000
1787270400000,0.00009031
1787299200000,0.00010000
1787328000000,0.00010000
1787356800000,0.00010000
1787385600000,0.00010000
1787414400000,0.00010000
1787443200000,0.00010000
1787472000000,0.00010000
1787500800000,0.00010000
1787529600000,0.00010000
1787558400000,0.00010000
1787587200000,0.00010000
1787616000000,0.00009302
1787644800000,0.00006736
1787673600000,0.00007398
1787702400000,0.00003144
1787731200000,0.00010000
1787760000000,0.00007451
1787788800000,0.00010000
1787817600000,0.00006226
1787846400000,0.00001082
1787875200000,0.00002071
1787904000000,-0.00000133
1787932800000,0.00005622
1787961600000,0.00001591
1787990400000,0.00002808
1788019200000,0.00006071
1788048000000,0.00003166
1788076800000,0.00002817
1788105600000,0.00004116
1788134400000,0.00002364
1788163200000,0.00003522
1788192000000,0.00007702
1788220800000,0.00005716
1788249600000,0.00008569
1788278400000,0.00001100
1788307200000,9.2E-7
1788336000000,0.00005096
1788364800000,0.00005184
1788393600000,0.00008972
1788422400000,0.00008397
1788451200000,0.00008789
1788480000000,0.00009533
1788508800000,0.00006004
1788537600000,0.00000594
1788566400000,0.00002001
1788595200000,0.00006104
1788624000000,0.00001860
1788652800000,0.00007020
1788681600000,0.00007140
1788710400000,0.00001850
1788739200000,0.00006753
1788768000000,0.00000965
1788796800000,0.00002859
1788825600000,0.00004234
1788854400000,-0.00000489
1788883200000,0.00005222
1788912000000,0.00005214
1788940800000,0.00008538
1788969600000,0.00003070
1788998400000,-0.00001168
1789027200000,0.00005093
1789056000000,-0.00010810
1789084800000,0.00000631
1789113600000,0.00006110
1789142400000,0.00004999
1789171200000,5.5E-7
1789200000000,0.00000637
1789228800000,0.00005163
1789257600000,0.00004541
1789286400000,0.00005809
1789315200000,-0.00004585
1789344000000,0.00005268
1789372800000,0.00007700
1789401600000,0.00003649
1789430400000,0.00001285
1789459200000,-0.00008189
1789488000000,-0.00004838
1789516800000,-0.00000327
1789545600000,-0.00004012
1789574400000,0.00002126
1789603200000,0.00003297
1789632000000,0.00003159
1789660800000,0.00005107
1789689600000,0.00003705
1789718400000,0.00007752
1789747200000,0.00010000
1789776000000,0.00010000
1789804800000,0.00010000
1789833600000,0.00005416
1789862400000,0.00010000
1789891200000,0.00004128
1789920000000,0.00003468
1789948800000,0.00008166
1789977600000,0.00008660
1790006400000,0.00008935
1790035200000,0.00005727
1790064000000,0.00009361
1790092800000,0.00005735
1790121600000,0.00009373
1790150400000,0.00004462
1790179200000,0.00004502
1790208000000,0.00005263
1790236800000,0.00005176
1790265600000,0.00006466
1790294400000,0.00002767
1790323200000,0.00003742
1790352000000,0.00004924
1790380800000,0.00006606
1790409600000,0.00006744
1790438400000,0.00005798
1790467200000,0.00005712
1790496000000,0.00010000
1790524800000,0.00005390
1790553600000,0.00003121
1790582400000,-0.00003065
1790611200000,0.00005929
1790640000000,0.00006984
1790668800000,0.00010000
1790697600000,0.00004202
1790726400000,0.00006622
1790755200000,0.00005437
1790784000000,0.00003478
