time_ms,rate
1683849600000,0.0000863563
1683878400000,0.0000799327
1683907200000,0.0001
1683936000000,0.0001
1683964800000,0.0001
1683993600000,0.0001
1684022400000,-0.0002852789
1684051200000,-0.0004008849
1684080000000,-0.0004147689
1684108800000,-0.00036521
1684137600000,-0.0003794868
1684166400000,-0.0003625061
1684195200000,-0.000366601
1684224000000,-0.000349687
1684252800000,-0.0001126396
1684281600000,-0.000134291
1684310400000,-0.0000787641
1684339200000,0.0001
1684368000000,0.0001
1684396800000,0.0001
1684425600000,0.0001
1684454400000,0.0001
1684483200000,0.0001
1684512000000,0.0001
1684540800000,0.0001
1684569600000,0.0000998178
1684598400000,0.0000587685
1684627200000,0.0000628449
1684656000000,0.0000409556
1684684800000,0.0001
1684713600000,0.0000881215
1684742400000,0.0001
1684771200000,0.0001
1684800000000,0.000040433
1684830180000,-0.0004890533
1684857600000,-0.0007369307
1684886400000,-0.0006643767
1684915200000,-0.0006747939
1684944000000,-0.0005566751
1684972800000,-0.0005781361
1685001600000,-0.0002059991
1685030400000,-0.000165342
1685059200000,-0.0001812212
1685088000000,-0.0001976401
1685116800000,-0.0003017605
1685145600000,-0.0003481386
1685174400000,-0.0003544531
1685203200000,-0.0003522113
1685232000000,-0.0003501131
1685260800000,-0.0003806236
1685289600000,-0.0003246975
1685318400000,-0.0002404112
1685347200000,0.0001
1685376000000,0.0000127672
1685404800000,-0.0001129788
1685433600000,-0.0001319363
1685462400000,-0.0001256154
1685491200000,-0.0001476659
1685520000000,-0.0001043489
1685548800000,0.0001
1685577600000,0.0001
1685606400000,0.0001
1685635200000,0.0001
1685664000000,0.0001
1685692800000,0.0001
1685721600000,0.0001
1685750400000,0.0001
1685779200000,0.0001
1685808000000,0.0001
1685836800000,0.0001
1685865600000,0.0001
1685894400000,0.0001
1685923200000,0.0001
1685952000000,0.0001
1685980800000,0.0001
1686009600000,0.0001
1686038400000,0.0002268268
1686067200000,0.0007230584
1686096000000,0.0006011399
1686124800000,0.0003038932
1686153600000,0.0003570664
1686182400000,0.0006261836
1686186000000,0.0000838045
1686189600000,0.0000676406
1686193200000,0.0000622933
1686196800000,0.0000823522
1686200400000,0.0000752231
1686204000000,0.0000701902
1686207600000,0.0000747004
1686211200000,0.0000640564
1686214800000,0.0000621173
1686218400000,0.0000648522
1686222000000,0.0000175899
1686225600000,0.000052697
1686229200000,0.00006212
1686232800000,0.0000811269
1686236400000,0.0000707268
1686240000000,0.0000538851
1686243600000,0.0000498879
1686247200000,0.0000538487
1686250800000,0.0000456397
1686254400000,0.0000361983
1686258000000,0.0000378593
1686261600000,0.0000347104
1686265200000,0.0000412588
1686268800000,0.0000400448
1686272400000,0.0000337034
1686276000000,0.0000398171
1686279600000,0.0000546374
1686283200000,0.0000376149
1686286800000,0.0000574254
1686290400000,0.0000501238
1686294000000,0.0000524085
1686297600000,0.0000451647
1686301200000,0.0000507863
1686304800000,0.0000413582
1686308400000,0.0000539075
1686312000000,0.0000611939
1686315600000,0.0000688238
1686319200000,0.0000557773
1686322800000,0.0000693355
1686326400000,0.0000799389
1686330000000,0.0000831941
1686333600000,0.0000777873
1686337200000,0.0000760603
1686340800000,0.0000860682
1686344400000,0.0000815056
1686348000000,0.000078588
1686351600000,0.0000801733
1686355200000,0.0000801813
1686358800000,0.0000871089
1686362400000,0.0000907097
1686366000000,0.0000855307
1686369600000,0.0000930199
1686373200000,0.0001055776
1686376800000,0.0001072895
1686380400000,0.0000337732
1686384000000,0.0000351358
1686387600000,0.000023353
1686391200000,0.0000125
1686394800000,0.0000125
1686398400000,0.0000125
1686402000000,0.0000177324
1686405600000,0.0000328596
1686409200000,0.0000255951
1686412800000,0.0000258633
1686416400000,0.0000319209
1686420000000,0.0000966285
1686423600000,0.0000628117
1686427200000,0.000026612
1686430800000,0.0000189374
1686434400000,0.0000125
1686438000000,0.000014406
1686441600000,0.0000272287
1686445200000,0.0000395056
1686448800000,0.0000328687
1686452400000,0.0000350844
1686456000000,0.0000365055
1686459600000,0.0000369316
1686463200000,0.0000261358
1686466800000,0.0000266255
1686470400000,0.0000265725
1686474000000,0.0000287717
1686477600000,0.0000200146
1686481200000,0.0000227317
1686484800000,0.0000214304
1686488400000,0.0000219132
1686492000000,0.0000280185
1686495600000,0.0000178185
1686499200000,0.000018753
1686502800000,0.0000425427
1686506400000,0.0000400382
1686510000000,0.0000333942
1686513600000,0.0000451768
1686517200000,0.000058064
1686520800000,0.0000367126
1686524400000,0.0000458039
1686528000000,0.0000393284
1686531600000,0.0000552076
1686535200000,0.0000442549
1686538800000,0.0000487301
1686542400000,0.0000288929
1686546000000,0.0000339501
1686549600000,0.0000326771
1686553200000,0.0000415973
1686556800000,0.0000284243
1686560400000,0.0000420266
1686564000000,0.0000588599
1686567600000,0.0000467788
1686571200000,0.0000355759
1686574800000,0.0000242543
1686578400000,0.000045034
1686582000000,0.0000368085
1686585600000,0.000031689
1686589200000,0.0000281636
1686592800000,0.0000632596
1686596400000,0.0000554013
1686600000000,0.0000377111
1686603600000,0.0000488787
1686607200000,0.0000442942
1686610800000,0.0000448308
1686614400000,0.0000360041
1686618000000,0.000055809
1686621600000,0.0000599779
1686625200000,0.0000579442
1686628800000,0.0000509258
1686632400000,0.000054502
1686636000000,0.0000559647
1686639600000,0.000061588
1686643200000,0.0000406557
1686646800000,0.0000528898
1686650400000,0.0000712342
1686654000000,0.0000632899
1686657600000,0.0000740285
1686661200000,0.0001075936
1686664800000,0.0000958621
1686668400000,0.0000898433
1686672000000,0.0000976746
1686675600000,0.0000768247
1686679200000,0.0000628994
1686682800000,0.0001056844
1686686400000,0.0000803145
1686690000000,0.0000920858
1686693600000,0.000081029
1686697200000,0.0000764483
1686700800000,0.0000719024
1686704400000,0.0000841429
1686708000000,0.0000798108
1686711600000,0.0000739538
1686715200000,0.0000769481
1686718800000,0.0000679767
1686722400000,0.0000580105
1686726000000,0.0000544016
1686729600000,0.0000620531
1686733200000,0.000054376
1686736800000,0.0000604621
1686740400000,0.0000600825
1686744000000,0.0000771181
1686747600000,0.0000784577
1686751200000,0.000082455
1686754800000,0.0000625916
1686758400000,0.0000527538
1686762000000,0.0000591499
1686765600000,0.0000830992
1686769200000,0.0001349191
1686772800000,0.0000842884
1686776400000,0.0001464347
1686780000000,0.0000683928
1686783600000,0.0000318099
1686787200000,0.0000200278
1686790800000,0.0000128843
1686794400000,0.0000257955
1686798000000,0.0000249441
1686801600000,0.0000193641
1686805200000,0.0000294818
1686808800000,0.0000428158
1686812400000,0.0000526837
1686816000000,0.0000473868
1686819600000,0.0000209049
1686823200000,0.0000489369
1686826800000,0.0000316758
1686830400000,0.0000452557
1686834000000,0.0000542748
1686837600000,0.0000552843
1686841200000,0.0000468487
1686844800000,0.0000795549
1686848400000,0.0000503947
1686852000000,0.0000125
1686855600000,0.0000646353
1686859200000,0.0000355415
1686862800000,0.0000173057
1686866400000,0.0000345021
1686870000000,0.0000125
1686873600000,0.0000388616
1686877200000,0.0001479982
1686880800000,0.0001535396
1686884400000,0.0000125
1686888000000,0.0000125
1686891600000,0.0000125
1686895200000,0.0000125
1686898800000,0.0000125
1686902400000,0.0000125
1686906000000,0.0000125
1686909600000,0.0000125
1686913200000,0.0000125
1686916800000,0.0000125
1686920400000,0.0000125
1686924000000,0.0000125
1686927600000,0.0000246929
1686931200000,0.0000175133
1686934800000,0.0000316666
1686938400000,0.0000211581
1686942000000,0.0000305921
1686945600000,0.0000125
1686949200000,0.0000502993
1686952800000,0.0000713951
1686956400000,0.0000552898
1686960000000,0.0000464611
1686963600000,0.0000535613
1686967200000,0.0000532647
1686970800000,0.0000555034
1686974400000,0.0000461661
1686978000000,0.0000565082
1686981600000,0.0001367438
1686985200000,0.0001273225
1686988800000,0.0000511123
1686992400000,0.0000449626
1686996000000,0.0000261707
1686999600000,0.0000233317
1687003200000,0.0000277868
1687006800000,0.0000136338
1687010400000,0.0000006883
1687014000000,0.0000150151
1687017600000,0.0000213778
1687021200000,0.0000127198
1687024800000,0.0000143723
1687028400000,0.0000147854
1687032000000,0.0000027407
1687035600000,0.0000116334
1687039200000,0.0000106758
1687042800000,0.0000068608
1687046400000,-0.0000064375
1687050000000,0.0000097269
1687053600000,0.0000142297
1687057200000,-0.0000046557
1687060800000,-0.0000031584
1687064400000,-0.000002041
1687068000000,0.0000040339
1687071600000,0.0000082556
1687075200000,0.0000083032
1687078800000,0.0000062585
1687082400000,0.0000174898
1687086000000,0.0000110145
1687089600000,0.0000110643
1687093200000,0.0000086148
1687096800000,0.0000060137
1687100400000,0.0000090737
1687104000000,0.0000017588
1687107600000,0.0000001552
1687111200000,0.0000066528
1687114800000,0.0000004957
1687118400000,0.0000023194
1687122000000,0.0000231714
1687125600000,0.0000220721
1687129200000,0.0000125878
1687132800000,0.0000295941
1687136400000,0.0000258991
1687140000000,0.0000089132
1687143600000,0.0000184516
1687147200000,0.0000189005
1687150800000,0.0000245977
1687154400000,0.0000125053
1687158000000,0.0000141194
1687161600000,0.0000042764
1687165200000,0.0000052401
1687168800000,0.0000026213
1687172400000,0.0000029581
1687176000000,0.0000017413
1687179600000,0.0000269426
1687183200000,0.0000154512
1687186800000,0.0000159003
1687190400000,0.0000154543
1687194000000,0.0000415971
1687197600000,0.0000286393
1687201200000,0.0000315697
1687204800000,0.0000360712
1687208400000,0.0000274072
1687212000000,0.0000028687
1687215600000,0.0000048141
1687219200000,0.0000012042
1687222800000,0.0000064575
1687226400000,0.0000027025
1687230000000,-0.0000189774
1687233600000,-0.000010466
1687237200000,-0.0000132618
1687240800000,-0.000007131
1687244400000,-0.0000013399
1687248000000,-0.0000121349
1687251600000,-0.0000006431
1687255200000,-0.000002206
1687258800000,-0.0000016126
1687262400000,-0.0000010056
1687266000000,0.0000084318
1687269600000,0.0000073416
1687273200000,0.0000047682
1687276800000,0.0000013317
1687280400000,0.0000112546
1687284000000,0.0000416956
1687287600000,0.0000494278
1687291200000,0.0000334719
1687294800000,0.0000312168
1687298400000,0.0000206506
1687302000000,0.0000056606
1687305600000,0.0000087491
1687309200000,0.0000295502
1687312800000,0.0000483505
1687316400000,0.0000109926
1687320000000,0.000008436
1687323600000,0.000019981
1687327200000,-0.0000140938
1687330800000,-0.0000090318
1687334400000,-0.0000158893
1687338000000,0.0000028757
1687341600000,-0.0000095381
1687345200000,0.0000038076
1687348800000,0.0000204747
1687352400000,0.0000148546
1687356000000,0.0000013241
1687359600000,0.0000121176
1687363200000,0.0000082393
1687366800000,0.0000522851
1687370400000,0.0000382901
1687374000000,0.0000193988
1687377600000,0.0000334382
1687381200000,0.0000291095
1687384800000,0.0000350779
1687388400000,0.0000388574
1687392000000,0.0000291106
1687395600000,0.0000517746
1687399200000,0.0000431867
1687402800000,0.0000434397
1687406400000,0.0000396057
1687410000000,0.0000280463
1687413600000,0.0000299561
1687417200000,0.0000348404
1687420800000,0.0000358046
1687424400000,0.0000402994
1687428000000,0.0000391475
1687431600000,0.0000236481
1687435200000,0.0000543516
1687438800000,0.0000409667
1687442400000,0.0000296163
1687446000000,0.0000518174
1687449600000,0.0000487048
1687453200000,0.0000417493
1687456800000,0.000044564
1687460400000,0.0000414482
1687464000000,0.0000440334
1687467600000,0.0000397502
1687471200000,0.0000307104
1687474800000,0.0000320006
1687478400000,0.0000248833
1687482000000,0.0000334056
1687485600000,0.0000248468
1687489200000,0.0000337108
1687492800000,0.0000353185
1687496400000,0.0000260998
1687500000000,0.0000234082
1687503600000,0.0000256844
1687507200000,0.0000308472
1687510800000,0.000027581
1687514400000,0.0000139356
1687518000000,0.0000192091
1687521600000,0.0000058859
1687525200000,0.0000122601
1687528800000,0.0000259387
1687532400000,0.0000361579
1687536000000,0.0000710876
1687539600000,0.0001029414
1687543200000,0.0000461511
1687546800000,0.000044866
1687550400000,0.0000646627
1687554000000,0.0000496029
1687557600000,0.000053254
1687561200000,0.0000413215
1687564800000,0.0000448328
1687568400000,0.0000446128
1687572000000,0.0000548686
1687575600000,0.000054937
1687579200000,0.0000508068
1687582800000,0.0000497694
1687586400000,0.0000383594
1687590000000,0.0000404032
1687593600000,0.000029358
1687597200000,0.0000374635
1687600800000,0.0000355078
1687604400000,0.0000305154
1687608000000,0.0000239105
1687611600000,0.0000555314
1687615200000,0.0000383259
1687618800000,0.0000273788
1687622400000,0.0000319347
1687626000000,0.0000202792
1687629600000,0.0000172347
1687633200000,0.0000183781
1687636800000,0.0000346973
1687640400000,0.0000458113
1687644000000,0.0000316941
1687647600000,0.0000256017
1687651200000,0.0000246976
1687654800000,0.0000376904
1687658400000,0.0000444915
1687662000000,0.0000262907
1687665600000,0.0000320281
1687669200000,0.0000666486
1687672800000,0.0000577142
1687676400000,0.0000896298
1687680000000,0.0000489507
1687683600000,0.0000366431
1687687200000,0.000059978
1687690800000,0.0000687358
1687694400000,0.0000596131
1687698000000,0.000053447
1687701600000,0.0000737345
1687705200000,0.0000640846
1687708800000,0.000043741
1687712400000,0.0000391615
1687716000000,0.0000444219
1687719600000,0.0000475984
1687723200000,0.0000585095
1687726800000,0.0000717169
1687730400000,0.0000683209
1687734000000,0.0000656353
1687737600000,0.0000487881
1687741200000,0.0000699659
1687744800000,0.0000913481
1687748400000,0.0000610277
1687752000000,0.0000443085
1687755600000,0.0000386998
1687759200000,0.00005079
1687762800000,0.0000564949
1687766400000,0.0000730015
1687770000000,0.0000620495
1687773600000,0.0000477103
1687777200000,0.0000535202
1687780800000,0.0000372959
1687784400000,0.0000376061
1687788000000,0.0000524413
1687791600000,0.0000854136
1687795200000,0.0000509634
1687798800000,0.0000912729
1687802400000,0.0000845715
1687806000000,0.0000496065
1687809600000,0.000048304
1687813200000,0.0000523722
1687816800000,0.0000513349
1687820400000,0.000051152
1687824000000,0.0000525057
1687827600000,0.0000591953
1687831200000,0.0000507435
1687834800000,0.0000459337
1687838400000,0.000052288
1687842000000,0.000036736
1687845600000,0.0000370365
1687849200000,0.0000417039
1687852800000,0.0000498922
1687856400000,0.0000643758
1687860000000,0.0000547213
1687863600000,0.0000711315
1687867200000,0.0000417322
1687870800000,0.0000416677
1687874400000,0.0000487535
1687878000000,0.0001072012
1687881600000,0.0000606284
1687885200000,0.0000838436
1687888800000,0.0000976793
1687892400000,0.0000809377
1687896000000,0.0000752349
1687899600000,0.0000845869
1687903200000,0.0000866236
1687906800000,0.0000669585
1687910400000,0.0000579823
1687914000000,0.000087227
1687917600000,0.0000733258
1687921200000,0.0000775399
1687924800000,0.0000676829
1687928400000,0.0000553236
1687932000000,0.0000443019
1687935600000,0.0000562734
1687939200000,0.0000683596
1687942800000,0.000057336
1687946400000,0.0000436747
1687950000000,0.0000405825
1687953600000,0.000042848
1687957200000,0.0000637583
1687960800000,0.0000794659
1687964400000,0.0000822697
1687968000000,0.0000601021
1687971600000,0.0000612567
1687975200000,0.0000653485
1687978800000,0.0000551791
1687982400000,0.000082433
1687986000000,0.0000576946
1687989600000,0.0000467067
1687993200000,0.000042783
1687996800000,0.0000446462
1688000400000,0.0000529784
1688004000000,0.0000546832
1688007600000,0.000043316
1688011200000,0.0000388686
1688014800000,0.0000404599
1688018400000,0.0000352903
1688022000000,0.0000324002
1688025600000,0.0000463623
1688029200000,0.0000354991
1688032800000,0.000063519
1688036400000,0.0000705985
1688040000000,0.0000665618
1688043600000,0.0000667018
1688047200000,0.0000858314
1688050800000,0.0000749623
1688054400000,0.0000644725
1688058000000,0.000054147
1688061600000,0.0000734982
1688065200000,0.0000463222
1688068800000,0.000035096
1688072400000,0.0000538556
1688076000000,0.000034022
1688079600000,0.0000371369
1688083200000,0.0000411671
1688086800000,0.0000440249
1688090400000,0.0000449335
1688094000000,0.0000743371
1688097600000,0.0000776042
1688101200000,0.0001036868
1688104800000,0.0001146282
1688108400000,0.0000614702
1688112000000,0.000039815
1688115600000,0.0000540693
1688119200000,0.0000498698
1688122800000,0.0000509199
1688126400000,0.0000493086
1688130000000,0.0000742124
1688133600000,0.000161134
1688137200000,0.0001143007
1688140800000,0.0000389608
1688144400000,0.0000736467
1688148000000,0.0001620361
1688151600000,0.0001080102
1688155200000,0.0000698642
1688158800000,0.0000570882
1688162400000,0.0000652605
1688166000000,0.0000606732
1688169600000,0.0000732944
1688173200000,0.0000694199
1688176800000,0.0000601297
1688180400000,0.0000498349
1688184000000,0.0000625113
1688187600000,0.0000642749
1688191200000,0.0000537333
1688194800000,0.000046769
1688198400000,0.0000526551
1688202000000,0.0000520419
1688205600000,0.0000528409
1688209200000,0.0000604839
1688212800000,0.0000554211
1688216400000,0.0000351717
1688220000000,0.0000252447
1688223600000,0.0000261631
1688227200000,0.000036006
1688230800000,0.0000516259
1688234400000,0.000055023
1688238000000,0.0000527757
1688241600000,0.0000642624
1688245200000,0.0000534811
1688248800000,0.0000485613
1688252400000,0.000048733
1688256000000,0.0000418159
1688259600000,0.0000650355
1688263200000,0.0000531184
1688266800000,0.0000665716
1688270400000,0.000064438
1688274000000,0.0000573268
1688277600000,0.0000485404
1688281200000,0.0000419619
1688284800000,0.000032684
1688288400000,0.0000300488
1688292000000,0.0000370796
1688295600000,0.0000440163
1688299200000,0.0000502434
1688302800000,0.0000444303
1688306400000,0.0000446633
1688310000000,0.000060238
1688313600000,0.0001287075
1688317200000,0.0000505898
1688320800000,0.0000397384
1688324400000,0.000047551
1688331600000,0.0000740084
1688335200000,0.0000717152
1688338800000,0.0002001279
1688342400000,0.0001098633
1688346000000,0.0000711938
1688349600000,0.0000632364
1688353200000,0.0000582621
1688356800000,0.000055231
1688360400000,0.0000653524
1688364000000,0.0000463804
1688367600000,0.0000512257
1688371200000,0.000129803
1688374800000,0.0001534489
1688378400000,0.0000996554
1688382000000,0.000094256
1688385600000,0.000091782
1688389200000,0.0001167413
1688392800000,0.0001144467
1688396400000,0.0001234812
1688400000000,0.0001712301
1688403600000,0.0001363111
1688407200000,0.0001028809
1688410800000,0.0000889058
1688414400000,0.0001087938
1688418000000,0.0000825223
1688421600000,0.0000966199
1688425200000,0.0000718551
1688428800000,0.0000722011
1688432400000,0.0000843339
1688436000000,0.0001029443
1688439600000,0.000082943
1688443200000,0.0000868141
1688446800000,0.0000690085
1688450400000,0.0000815494
1688454000000,0.0001022949
1688457600000,0.0000731729
1688461200000,0.0000976965
1688464800000,0.0001067786
1688468400000,0.0001044906
1688472000000,0.0000992986
1688475600000,0.0000840417
1688479200000,0.0000878755
1688482800000,0.0000954335
1688486400000,0.000091593
1688490000000,0.0000959149
1688493600000,0.0000664838
1688497200000,0.0000787547
1688500800000,0.0000492754
1688504400000,0.0000274916
1688508000000,0.0000342763
1688511600000,0.0000322074
1688515200000,0.0000331682
1688518800000,0.0000366254
1688522400000,0.0000443652
1688526000000,0.0000415186
1688529600000,0.0000299964
1688533200000,0.0000278871
1688536800000,0.0000307034
1688540400000,0.0000267106
1688544000000,0.0000252509
1688547600000,0.0000634868
1688551200000,0.0000365179
1688554800000,0.0000406779
1688558400000,0.0000431186
1688562000000,0.0000635725
1688565600000,0.0000575444
1688569200000,0.0000278748
1688572800000,0.0000280962
1688576400000,0.0000303184
1688580000000,0.0000249136
1688583600000,0.0000275179
1688587200000,0.0000226102
1688590800000,0.0000215218
1688594400000,0.0000171151
1688598000000,0.000040575
1688601600000,0.0000300041
1688605200000,0.0000284554
1688608800000,0.0000289963
1688612400000,0.0000384454
1688616000000,0.0000271653
1688619600000,0.0000288239
1688623200000,0.0000375268
1688626800000,0.0000302896
1688630400000,0.0000337484
1688634000000,0.00003912
1688637600000,0.000069855
1688641200000,0.0000396219
1688644800000,0.0000430973
1688648400000,0.0000496473
1688652000000,0.0000351409
1688655600000,0.0000654503
1688659200000,0.0000323197
1688662800000,0.0000356681
1688666400000,0.0000181778
1688670000000,0.0000139782
1688673600000,0.0000119557
1688677200000,0.0000182668
1688680800000,0.0000238544
1688684400000,0.0000167066
1688688000000,0.0000433547
1688691600000,0.0000549198
1688695200000,0.000013743
1688698800000,0.0000036993
1688702400000,0.0000148946
1688706000000,0.0000192195
1688709600000,0.0000313029
1688713200000,0.0000187386
1688716800000,0.0000196896
1688720400000,0.0000267409
1688724000000,0.0000304424
1688727600000,0.0000163669
1688731200000,0.0000235052
1688734800000,0.0000583345
1688738400000,0.000048655
1688742000000,0.0000345416
1688745600000,0.0000300815
1688749200000,0.0000292542
1688752800000,0.000036884
1688756400000,0.0000312974
1688760000000,0.0000207535
1688763600000,0.0000212367
1688767200000,0.0000212841
1688770800000,0.0000257838
1688774400000,0.0000221064
1688778000000,0.0000244755
1688781600000,0.0000303652
1688785200000,0.0000252277
1688788800000,0.0000277487
1688792400000,0.0000228379
1688796000000,0.0000128073
1688799600000,0.0000110367
1688803200000,-0.0000018346
1688806800000,0.0000160669
1688810400000,0.0000129406
1688814000000,0.0000217302
1688817600000,0.0000144892
1688821200000,0.0000105811
1688824800000,0.0000071309
1688828400000,0.0000027119
1688832000000,0.0000026575
1688835600000,0.0000120695
1688839200000,0.0000171516
1688842800000,0.0000139259
1688846400000,0.0000375066
1688850000000,0.0000296894
1688853600000,0.0000222699
1688857200000,0.0000235649
1688860800000,0.000031264
1688864400000,0.0000415223
1688868000000,0.000038679
1688871600000,0.0000261605
1688875200000,0.0000217571
1688878800000,0.0000200283
1688882400000,0.0000233179
1688886000000,0.0000180967
1688889600000,0.0000093585
1688893200000,0.0000229684
1688896800000,0.000010447
1688900400000,0.0000118838
1688904000000,0.0000140782
1688907600000,0.0000401653
1688911200000,0.0000349945
1688914800000,0.000058316
1688918400000,0.0000393609
1688922000000,0.0000299558
1688925600000,0.0000299573
1688929200000,0.0000241566
1688932800000,0.0000354344
1688936400000,0.0000310202
1688940000000,0.0000334368
1688943600000,0.0000339504
1688947200000,0.0000205098
1688950800000,0.0000488854
1688954400000,0.0000308606
1688958000000,0.0000342144
1688961600000,0.000036525
1688965200000,0.0000298395
1688968800000,0.0000321126
1688972400000,0.0000198901
1688976000000,0.0000216346
1688979600000,0.0000299446
1688983200000,0.0000365578
1688986800000,0.000030205
1688990400000,0.0000301151
1688994000000,0.0000348175
1688997600000,0.0000334603
1689001200000,0.0000327271
1689004800000,0.0000376379
1689008400000,0.000030868
1689012000000,0.0000240516
1689015600000,0.0000442943
1689019200000,0.0000548095
1689022800000,0.0000541284
1689026400000,0.0000521601
1689030000000,0.0000542377
1689033600000,0.000041241
1689037200000,0.0000343697
1689040800000,0.0000303135
1689044400000,0.000026236
1689048000000,0.0000241907
1689051600000,0.0000234142
1689055200000,0.0000161749
1689058800000,0.0000413591
1689062400000,0.0000284442
1689066000000,0.0000256048
1689069600000,0.0000242539
1689073200000,0.0000209557
1689076800000,0.0000120922
1689080400000,0.0000189956
1689084000000,0.0000221382
1689087600000,0.0000266112
1689091200000,0.0000397625
1689094800000,0.000032882
1689098400000,0.0000228482
1689102000000,0.0000244867
1689105600000,0.000018577
1689109200000,0.0000219523
1689112800000,0.0000171455
1689116400000,0.0000283615
1689120000000,0.0000135425
1689123600000,0.0000125924
1689127200000,0.0000393756
1689130800000,-0.0000100844
1689134400000,0.000008088
1689138000000,0.000011806
1689141600000,-0.0000019479
1689145200000,0.0000312767
1689148800000,0.0000253698
1689152400000,0.000100992
1689156000000,0.000043683
1689159600000,0.0000083573
1689163200000,0.0000092143
1689166800000,0.0000362659
1689170400000,0.0000168096
1689174000000,0.0000195783
1689177600000,0.0000076582
1689181200000,0.0000190671
1689184800000,0.0000174386
1689188400000,0.00001272
1689192000000,0.0000170384
1689195600000,0.000008645
1689199200000,0.0000008536
1689202800000,-0.0000044761
1689206400000,-0.0000024921
1689210000000,0.0000062197
1689213600000,-0.0000033567
1689217200000,-0.0000022868
1689220800000,0.0000053233
1689224400000,0.0000025074
1689228000000,0.0000024423
1689231600000,0.0000090262
1689235200000,0.0000071007
1689238800000,0.0000033108
1689242400000,0.0000218162
1689246000000,0.0000110676
1689249600000,-0.000001223
1689253200000,0.0000087303
1689256800000,0.00001146
1689260400000,0.0000041746
1689264000000,0.0000673575
1689267600000,0.0000864224
1689271200000,0.0000670034
1689274800000,0.0000398983
1689278400000,-0.0000339294
1689282000000,-0.000031129
1689285600000,-0.0000649398
1689289200000,-0.0000376757
1689292800000,0.0000500836
1689296400000,0.0000932992
1689300000000,0.0001011378
1689303600000,0.0000699462
1689307200000,0.0000545947
1689310800000,0.0000542633
1689314400000,0.0000575409
1689318000000,0.0000391689
1689321600000,0.0000561945
1689325200000,0.0000370567
1689328800000,0.0000460866
1689332400000,0.0000333442
1689336000000,-0.0000275627
1689339600000,-0.0000252815
1689343200000,0.0000280187
1689346800000,0.0000330845
1689350400000,0.000026352
1689354000000,0.0000396863
1689357600000,-0.0000078779
1689361200000,0.0000144813
1689364800000,-0.0000090126
1689368400000,-0.0000123407
1689372000000,-0.0000113634
1689375600000,-0.000010255
1689379200000,-0.0000042144
1689382800000,0.000001799
1689386400000,0.0000021817
1689390000000,0.0000125
1689393600000,0.0000125
1689397200000,0.0000125
1689400800000,0.0000125
1689404400000,0.0000125
1689408000000,0.0000125
1689411600000,0.0000125
1689415200000,0.0000125
1689418800000,0.0000125
1689422400000,0.0000125
1689426000000,0.0000125
1689429600000,0.0000125
1689433200000,0.0000125
1689436800000,0.0000125
1689440400000,0.0000125
1689444000000,0.0000125
1689447600000,0.0000125
1689451200000,0.0000125
1689454800000,0.0000125
1689458400000,0.0000125
1689462000000,0.0000125
1689465600000,0.0000125
1689469200000,0.0000097664
1689472800000,0.0000106463
1689476400000,0.0000125
1689480000000,0.0000125
1689483600000,0.0000125
1689487200000,0.0000125
1689490800000,0.00001223
1689494400000,0.0000064259
1689498000000,0.0000075869
1689501600000,0.0000070872
1689505200000,0.0000125
1689508800000,0.0000125
1689512400000,0.0000125
1689516000000,0.0000067621
1689519600000,0.0000125
1689523200000,0.0000125
1689526800000,0.0000125
1689530400000,0.0000125
1689534000000,0.0000125
1689537600000,0.0000125
1689541200000,0.0000125
1689544800000,0.0000125
1689548400000,0.0000125
1689552000000,0.0000125
1689555600000,0.0000125
1689559200000,0.0000125
1689562800000,0.0000125
1689566400000,0.0000125
1689570000000,0.0000125
1689573600000,0.0000125
1689577200000,0.0000125
1689580800000,0.0000125
1689584400000,0.0000125
1689588000000,0.0000125
1689591600000,0.0000125
1689595200000,0.0000125
1689598800000,0.0000125
1689602400000,0.0000125
1689606000000,0.0000125
1689609600000,0.0000125
1689613200000,0.0000125
1689616800000,0.0000125
1689620400000,0.0000125
1689624000000,0.0000125
1689627600000,0.0000125
1689631200000,0.0000125
1689634800000,0.0000125
1689638400000,0.0000125
1689642000000,0.0000125
1689645600000,0.0000125
1689649200000,0.0000125
1689652800000,0.0000125
1689656400000,0.0000125
1689660000000,0.0000125
1689663600000,0.0000125
1689667200000,0.0000125
1689670800000,0.0000125
1689674400000,0.0000125
1689678000000,0.0000125
1689681600000,0.0000125
1689685200000,0.0000125
1689688800000,0.0000125
1689692400000,0.0000125
1689696000000,0.0000125
1689699600000,0.0000125
1689703200000,0.0000125
1689706800000,0.0000125
1689710400000,0.0000125
1689714000000,0.0000125
1689717600000,0.0000125
1689721200000,0.0000125
1689724800000,0.0000125
1689728400000,0.0000125
1689732000000,0.0000125
1689735600000,0.0000125
1689739200000,0.0000125
1689742800000,0.0000115835
1689746400000,0.00000995
1689750000000,0.0000125
1689753600000,0.0000125
1689757200000,0.0000125
1689760800000,0.0000125
1689764400000,0.0000102862
1689768000000,0.0000125
1689771600000,0.000006327
1689775200000,0.0000125
1689778800000,0.0000125
1689782400000,0.0000118207
1689786000000,0.0000051834
1689789600000,0.0000064068
1689793200000,0.0000059782
1689796800000,0.0000017335
1689800400000,0.0000038856
1689804000000,-0.0000080311
1689807600000,-0.0000016697
1689811200000,-0.0000004196
1689814800000,0.0000001751
1689818400000,-0.0000013919
1689822000000,0.0000078847
1689825600000,0.0000087317
1689829200000,0.0000066791
1689832800000,0.0000089719
1689836400000,0.0000068059
1689840000000,0.0000018594
1689843600000,-0.0000014116
1689847200000,0.0000058132
1689850800000,0.0000125
1689854400000,0.0000125
1689858000000,0.0000125
1689861600000,0.0000125
1689865200000,0.0000081774
1689868800000,-0.0000143
1689872400000,-0.0000185609
1689876000000,0.0000070648
1689879600000,0.0000049172
1689883200000,-0.0000061062
1689886800000,0.0000041784
1689890400000,0.0000109196
1689894000000,0.0000082669
1689897600000,0.0000035175
1689901200000,0.0000062858
1689904800000,0.0000078863
1689908400000,0.0000062229
1689912000000,0.0000047724
1689915600000,-0.0000027866
1689919200000,0.000005857
1689922800000,-0.0000025836
1689926400000,-0.0000145286
1689930000000,-0.0000057568
1689933600000,0.0000080792
1689937200000,0.0000078144
1689940800000,0.0000059138
1689944400000,0.0000105317
1689948000000,0.0000090323
1689951600000,0.0000117617
1689955200000,-0.0000042678
1689958800000,-0.0000050091
1689962400000,0.0000029358
1689966000000,0.0000114378
1689969600000,0.0000125
1689973200000,0.0000108055
1689976800000,0.00000128
1689980400000,0.0000086474
1689984000000,0.0000030518
1689987600000,0.0000001364
1689991200000,-0.0000082116
1689994800000,-0.0000049859
1689998400000,0.0000016649
1690002000000,0.000000899
1690005600000,-0.0000060551
1690009200000,-0.0000043348
1690012800000,-0.00000693
1690016400000,-0.0000050314
1690020000000,-0.0000035793
1690023600000,-0.0000040864
1690027200000,-0.0000054936
1690030800000,-0.0000059911
1690034400000,-0.0000079047
1690038000000,-0.0000062027
1690041600000,-0.0000050986
1690045200000,0.0000000279
1690048800000,0.0000027674
1690052400000,-0.0000043379
1690056000000,-0.0000028061
1690059600000,0.0000078379
1690063200000,0.0000043045
1690066800000,-0.0000093339
1690070400000,-0.0000075527
1690074000000,-0.0000047516
1690077600000,-0.0000029623
1690081200000,0.000005933
1690084800000,0.0000109415
1690088400000,-0.0000048619
1690092000000,-0.000007417
1690095600000,-0.0000178067
1690099200000,-0.0000205052
1690102800000,-0.0000163317
1690106400000,-0.0000265868
1690110000000,-0.0000319789
1690113600000,-0.0000341809
1690117200000,-0.0000037713
1690120800000,-0.0000000088
1690124400000,0.0000012421
1690128000000,0.0000015379
1690131600000,0.0000069153
1690135200000,-0.0000001995
1690138800000,0.0000125
1690142400000,0.0000125
1690146000000,0.0000081049
1690149600000,-0.0000043914
1690153200000,0.0000003985
1690156800000,0.0000103971
1690160400000,-0.0000012196
1690164000000,-0.0000051029
1690167600000,-0.0000122872
1690171200000,-0.0000124709
1690174800000,-0.0000113739
1690178400000,-0.000011449
1690182000000,-0.0000153948
1690185600000,-0.000002812
1690189200000,-0.0000043795
1690192800000,-0.0000014504
1690196400000,-0.000003423
1690200000000,-0.0000038635
1690203600000,0.0000071012
1690207200000,0.0000059601
1690210800000,0.0000125
1690214400000,0.0000125
1690218000000,0.0000125
1690221600000,0.0000125
1690225200000,0.0000125
1690228800000,0.0000125
1690232400000,0.0000091193
1690236000000,0.0000033854
1690239600000,0.0000072077
1690243200000,0.0000074417
1690246800000,0.0000125
1690250400000,0.0000063398
1690254000000,0.0000125
1690257600000,0.0000125
1690261200000,0.0000125
1690264800000,0.0000125
1690268400000,0.0000125
1690272000000,0.0000125
1690275600000,0.0000125
1690279200000,0.0000125
1690282800000,0.0000071863
1690286400000,0.0000069363
1690290000000,0.0000106063
1690293600000,0.0000125
1690297200000,0.0000125
1690300800000,0.0000006363
1690304400000,0.0000022881
1690308000000,0.0000027543
1690311600000,0.0000103429
1690315200000,0.0000093324
1690318800000,0.0000036355
1690322400000,0.0000009179
1690326000000,0.0000125
1690329600000,0.0000108954
1690333200000,0.0000091877
1690336800000,0.0000107244
1690340400000,0.0000079352
1690344000000,0.0000120637
1690347600000,0.0000027569
1690351200000,0.0000043533
1690354800000,-0.0000029178
1690358400000,-0.0000002634
1690362000000,-0.0000018729
1690365600000,-0.0000054512
1690369200000,0.0000012019
1690372800000,0.0000039303
1690376400000,0.0000066991
1690380000000,0.0000070927
1690383600000,0.0000125
1690387200000,0.0000083108
1690390800000,0.0000125
1690394400000,0.0000125
1690398000000,0.0000125
1690401600000,0.0000084017
1690405200000,0.0000125
1690408800000,0.0000125
1690412400000,0.00001069
1690416000000,0.0000117164
1690419600000,0.0000125
1690423200000,0.0000125
1690426800000,0.0000119729
1690430400000,0.0000113803
1690434000000,-0.0000001725
1690437600000,0.0000080797
1690441200000,0.0000105503
1690444800000,0.0000096851
1690448400000,0.0000044771
1690452000000,0.0000075108
1690455600000,0.0000121608
1690459200000,0.0000108254
1690462800000,0.0000042196
1690466400000,-0.0000007317
1690470000000,0.0000014391
1690473600000,-0.0000065272
1690477200000,0.0000004332
1690480800000,-0.0000027413
1690484400000,0.0000005945
1690488000000,0.0000055757
1690491600000,0.0000055771
1690495200000,0.0000069525
1690498800000,0.0000004129
1690502400000,0.0000041736
1690506000000,0.0000009923
1690509600000,-0.0000088122
1690513200000,-0.0000064065
1690516800000,-0.0000031249
1690520400000,-0.0000007376
1690524000000,-0.0000044739
1690527600000,0.0000009001
1690531200000,-0.0000028806
1690534800000,0.0000107993
1690538400000,0.0000071337
1690542000000,0.0000069539
1690545600000,0.0000011741
1690549200000,0.0000054717
1690552800000,-0.0000020275
1690556400000,0.0000104031
1690560000000,0.0000125
1690563600000,0.000009885
1690567200000,0.0000053096
1690570800000,0.0000125
1690574400000,0.0000117026
1690578000000,0.0000087878
1690581600000,0.0000122854
1690585200000,0.0000120699
1690588800000,0.000009324
1690592400000,0.0000125
1690596000000,-0.000004782
1690599600000,-0.0000087145
1690603200000,-0.0000017509
1690606800000,-0.0000094837
1690610400000,-0.0000076453
1690614000000,-0.0000118689
1690617600000,-0.0000067278
1690621200000,-0.0000044395
1690624800000,-0.0000074838
1690628400000,-0.0000075566
1690632000000,-0.0000041051
1690635600000,0.0000072455
1690639200000,0.0000104443
1690642800000,0.0000125
1690646400000,0.0000105959
1690650000000,0.0000083424
1690653600000,0.0000059235
1690657200000,0.0000059546
1690660800000,0.0000034898
1690664400000,0.0000125
1690668000000,0.0000121056
1690671600000,0.0000106932
1690675200000,0.0000125
1690678800000,0.0000115748
1690682400000,-0.0000005043
1690686000000,-0.000000738
1690689600000,-0.0000032451
1690693200000,-0.0000072107
1690696800000,-0.000001963
1690700400000,-0.0000040437
1690704000000,-0.0000001814
1690707600000,0.0000036581
1690711200000,0.0000001113
1690714800000,0.0000014547
1690718400000,0.0000055716
1690722000000,0.0000009614
1690725600000,-0.0000064124
1690729200000,-0.000001661
1690732800000,0.0000010012
1690736400000,0.000000949
1690740000000,-0.000010497
1690743600000,-0.0000108271
1690747200000,-0.0000140017
1690750800000,-0.0000047309
1690754400000,0.0000125
1690758000000,0.00000879
1690761600000,-0.0000018363
1690765200000,0.0000083762
1690768800000,0.0000071946
1690772400000,0.0000096385
1690776000000,0.0000060209
1690779600000,-0.0000030361
1690783200000,-0.0000003463
1690786800000,0.0000020414
1690790400000,0.0000008655
1690794000000,0.0000030346
1690797600000,0.0000029382
1690801200000,0.0000125
1690804800000,0.0000086975
1690808400000,-0.0000000042
1690812000000,0.0000031938
1690815600000,-0.0000064007
1690819200000,-0.0000064574
1690822800000,-0.0000002818
1690826400000,-0.0000001908
1690830000000,0.0000074899
1690833600000,0.0000108344
1690837200000,0.0000078814
1690840800000,-0.0000016541
1690844400000,0.00000052
1690848000000,0.000000341
1690851600000,0.0000050642
1690855200000,0.0000049066
1690858800000,-0.0000067861
1690862400000,0.0000080987
1690866000000,0.0000125
1690869600000,0.0000125
1690873200000,0.0000094422
1690876800000,0.0000125
1690880400000,0.0000058807
1690884000000,0.0000088687
1690887600000,0.0000125
1690891200000,0.0000125
1690894800000,0.0000125
1690898400000,0.0000125
1690902000000,0.0000125
1690905600000,0.0000125
1690909200000,0.0000125
1690912800000,0.0000125
1690916400000,0.0000125
1690920000000,0.0000125
1690923600000,0.0000125
1690927200000,0.0000125
1690930800000,0.0000125
1690934400000,0.0000125
1690938000000,0.0000125
1690941600000,0.0000125
1690945200000,0.0000125
1690948800000,0.0000125
1690952400000,0.0000125
1690956000000,0.0000125
1690959600000,0.0000125
1690963200000,0.0000125
1690966800000,0.0000125
1690970400000,0.0000125
1690974000000,0.0000125
1690977600000,0.0000125
1690981200000,0.0000125
1690984800000,0.0000125
1690988400000,0.0000125
1690992000000,0.0000125
1690995600000,0.0000125
1690999200000,0.0000125
1691002800000,0.0000125
1691006400000,0.0000125
1691010000000,0.0000125
1691013600000,0.0000125
1691017200000,0.0000125
1691020800000,0.0000125
1691024400000,0.0000125
1691028000000,0.0000125
1691031600000,0.0000125
1691035200000,0.0000125
1691038800000,0.0000125
1691042400000,0.0000125
1691046000000,0.0000125
1691049600000,0.0000125
1691053200000,0.0000125
1691056800000,0.0000125
1691060400000,0.0000125
1691064000000,0.0000125
1691067600000,0.0000125
1691071200000,0.0000125
1691074800000,0.0000125
1691078400000,0.0000125
1691082000000,0.0000125
1691085600000,0.0000125
1691089200000,0.0000125
1691092800000,0.0000125
1691096400000,0.0000125
1691100000000,0.0000125
1691103600000,0.0000125
1691107200000,0.0000125
1691110800000,0.00001161
1691114400000,0.0000058124
1691118000000,0.0000098809
1691121600000,0.0000011817
1691125200000,-0.0000009468
1691128800000,0.0000044305
1691132400000,0.0000019863
1691136000000,-0.0000010396
1691139600000,0.0000011014
1691143200000,-0.0000008321
1691146800000,0.0000020073
1691150400000,0.0000025736
1691154000000,0.0000071842
1691157600000,0.0000125
1691161200000,0.0000125
1691164800000,0.0000125
1691168400000,0.0000125
1691172000000,0.0000125
1691175600000,0.0000125
1691179200000,0.0000007894
1691182800000,0.0000055829
1691186400000,0.0000042486
1691190000000,0.0000021651
1691193600000,0.0000124699
1691197200000,0.0000103049
1691200800000,0.0000080953
1691204400000,0.0000121851
1691208000000,0.000006077
1691211600000,0.0000064657
1691215200000,0.0000125
1691218800000,0.0000095916
1691222400000,0.0000030402
1691226000000,0.0000100209
1691229600000,0.0000093466
1691233200000,0.0000125
1691236800000,0.0000100044
1691240400000,0.0000074937
1691244000000,0.0000102225
1691247600000,0.0000125
1691251200000,0.0000125
1691254800000,0.0000125
1691258400000,0.0000125
1691262000000,0.0000125
1691265600000,0.0000125
1691269200000,0.00001029
1691272800000,0.0000043977
1691276400000,0.0000078853
1691280000000,0.0000107946
1691283600000,0.0000068632
1691287200000,0.0000083344
1691290800000,0.0000125
1691294400000,0.0000095155
1691298000000,0.0000113105
1691301600000,0.0000108814
1691305200000,-0.0000005994
1691308800000,0.0000013137
1691312400000,0.0000065887
1691316000000,0.00000554
1691319600000,-0.0000018327
1691323200000,0.0000082452
1691326800000,-0.0000015394
1691330400000,0.0000000915
1691334000000,0.0000096894
1691337600000,0.0000061684
1691341200000,0.0000125
1691344800000,0.0000125
1691348400000,0.0000125
1691352000000,0.0000125
1691355600000,0.0000125
1691359200000,0.0000125
1691362800000,0.0000099797
1691366400000,-0.0000042983
1691370000000,0.0000039214
1691373600000,0.0000125
1691377200000,0.0000125
1691380800000,0.0000125
1691384400000,0.0000125
1691388000000,0.0000047218
1691391600000,-0.0000018836
1691395200000,0.000004023
1691398800000,0.0000125
1691402400000,0.0000125
1691406000000,0.0000125
1691409600000,0.0000102806
1691413200000,0.0000125
1691416800000,0.0000125
1691420400000,0.0000125
1691424000000,0.0000088164
1691427600000,0.0000125
1691431200000,0.0000099756
1691434800000,0.0000125
1691438400000,0.0000125
1691442000000,0.0000125
1691445600000,0.0000091656
1691449200000,0.0000108319
1691452800000,0.0000125
1691456400000,0.0000125
1691460000000,0.0000125
1691463600000,0.0000125
1691467200000,0.0000125
1691470800000,0.0000125
1691474400000,0.0000125
1691478000000,0.0000125
1691481600000,0.0000125
1691485200000,0.0000125
1691488800000,0.0000125
1691492400000,0.0000125
1691496000000,0.0000125
1691499600000,0.0000125
1691503200000,0.0000125
1691506800000,0.0000116795
1691510400000,0.0000066114
1691514000000,0.0000125
1691517600000,0.0000125
1691521200000,0.0000125
1691524800000,0.0000125
1691528400000,0.0000125
1691532000000,0.0000125
1691535600000,0.0000125
1691539200000,0.0000125
1691542800000,0.0000125
1691546400000,0.0000077349
1691550000000,0.0000074624
1691553600000,0.0000089832
1691557200000,0.0000051853
1691560800000,0.0000054228
1691564400000,0.000007142
1691568000000,0.0000082765
1691571600000,0.0000125
1691575200000,0.0000125
1691578800000,0.0000125
1691582400000,0.0000065658
1691586000000,0.0000125
1691589600000,0.0000125
1691593200000,0.0000125
1691596800000,0.0000125
1691600400000,0.0000125
1691604000000,0.0000125
1691607600000,0.0000125
1691611200000,0.0000125
1691614800000,0.0000125
1691618400000,0.0000094668
1691622000000,0.0000107187
1691625600000,0.0000125
1691629200000,0.0000121923
1691632800000,0.0000125
1691636400000,0.0000125
1691640000000,0.0000125
1691643600000,0.0000125
1691647200000,0.0000125
1691650800000,0.0000125
1691654400000,0.0000125
1691658000000,0.0000125
1691661600000,0.0000125
1691665200000,0.0000125
1691668800000,0.0000125
1691672400000,0.0000125
1691676000000,0.0000125
1691679600000,0.0000125
1691683200000,0.0000125
1691686800000,0.0000125
1691690400000,0.0000125
1691694000000,0.0000125
1691697600000,0.000010824
1691701200000,0.0000119365
1691704800000,0.0000125
1691708400000,0.0000125
1691712000000,0.0000063796
1691715600000,0.0000123594
1691719200000,0.000009394
1691722800000,0.0000054745
1691726400000,0.0000125
1691730000000,0.0000109627
1691733600000,0.0000107348
1691737200000,0.0000089192
1691740800000,0.0000055831
1691744400000,0.0000104221
1691748000000,0.0000125
1691751600000,0.0000125
1691755200000,0.0000125
1691758800000,0.0000125
1691762400000,0.0000125
1691766000000,0.0000125
1691769600000,0.0000120207
1691773200000,0.0000077412
1691776800000,0.0000125
1691780400000,0.0000125
1691784000000,0.0000125
1691787600000,0.0000125
1691791200000,0.0000125
1691794800000,0.0000125
1691798400000,0.0000125
1691802000000,0.0000125
1691805600000,0.0000125
1691809200000,0.0000125
1691812800000,0.0000120364
1691816400000,0.0000125
1691820000000,0.0000050347
1691823600000,0.0000065595
1691827200000,0.0000125
1691830800000,0.0000125
1691834400000,0.0000125
1691838000000,0.0000125
1691841600000,0.0000125
1691845200000,0.0000125
1691848800000,0.0000125
1691852400000,0.0000125
1691856000000,0.00001197
1691859600000,0.0000125
1691863200000,0.0000125
1691866800000,0.0000125
1691870400000,0.0000077458
1691874000000,0.0000125
1691877600000,0.0000125
1691881200000,0.0000125
1691884800000,0.0000125
1691888400000,0.0000114831
1691892000000,0.0000125
1691895600000,0.0000082859
1691899200000,0.000003501
1691902800000,0.0000111946
1691906400000,0.0000125
1691910000000,0.0000125
1691913600000,0.0000090156
1691917200000,0.000010829
1691920800000,0.0000125
1691924400000,0.0000125
1691928000000,0.0000125
1691931600000,0.0000125
1691935200000,0.0000125
1691938800000,0.0000125
1691942400000,0.0000125
1691946000000,0.0000125
1691949600000,0.0000125
1691953200000,0.0000125
1691956800000,0.0000125
1691960400000,0.0000125
1691964000000,0.0000125
1691967600000,0.0000125
1691971200000,0.0000125
1691974800000,0.0000125
1691978400000,0.0000125
1691982000000,0.0000125
1691985600000,0.0000125
1691989200000,0.0000028287
1691992800000,0.0000125
1691996400000,0.0000125
1692000000000,0.0000075267
1692003600000,0.00000048
1692007200000,-0.0000006745
1692010800000,0.0000115063
1692014400000,0.0000099634
1692018000000,0.0000122925
1692021600000,0.0000125
1692025200000,0.0000087968
1692028800000,0.0000031671
1692032400000,-0.0000037188
1692036000000,0.0000004
1692039600000,0.0000044166
1692043200000,0.0000056277
1692046800000,0.0000125
1692050400000,0.0000125
1692054000000,0.0000094012
1692057600000,0.0000053661
1692061200000,0.0000008698
1692064800000,0.0000027617
1692068400000,0.0000036834
1692072000000,0.0000068532
1692075600000,-0.0000083712
1692079200000,0.0000077709
1692082800000,0.0000091837
1692086400000,0.0000125
1692090000000,0.0000125
1692093600000,0.0000125
1692097200000,0.00000969
1692100800000,0.0000084232
1692104400000,0.0000125
1692108000000,0.0000098678
1692111600000,0.0000112016
1692115200000,0.0000050984
1692118800000,0.000012323
1692122400000,0.0000125
1692126000000,0.0000125
1692129600000,0.0000049027
1692133200000,0.0000125
1692136800000,0.0000125
1692140400000,0.0000125
1692144000000,0.0000116124
1692147600000,0.0000125
1692151200000,0.0000125
1692154800000,0.0000120113
1692158400000,0.0000106847
1692162000000,0.0000060097
1692165600000,0.0000125
1692169200000,0.0000125
1692172800000,0.0000102769
1692176400000,0.0000125
1692180000000,0.0000125
1692183600000,0.0000125
1692187200000,0.0000125
1692190800000,0.0000125
1692194400000,0.0000125
1692198000000,0.0000109176
1692201600000,0.0000061593
1692205200000,0.0000055539
1692208800000,0.0000112777
1692212400000,0.0000125
1692216000000,0.0000056418
1692219600000,0.0000022725
1692223200000,-0.0000025396
1692226800000,0.0000102753
1692230400000,0.0000053085
1692234000000,0.0000021165
1692237600000,0.0000106145
1692241200000,0.0000080794
1692244800000,0.0000125
1692248400000,0.0000050323
1692252000000,0.0000057868
1692255600000,0.0000065699
1692259200000,0.0000041928
1692262800000,0.0000125
1692266400000,0.0000125
1692270000000,0.0000106463
1692273600000,0.0000110397
1692277200000,0.0000125
1692280800000,0.0000125
1692284400000,0.0000125
1692288000000,-0.0000015438
1692291600000,-0.0000443795
1692295200000,-0.0000412081
1692298800000,0.0000125
1692302400000,0.0000106397
1692306000000,0.0000060525
1692309600000,-0.000312531
1692313200000,0.0000125
1692316800000,0.0000125
1692320400000,0.0000056258
1692324000000,-0.0000153078
1692327600000,-0.0000189503
1692331200000,-0.000015831
1692334800000,-0.0000175757
1692338400000,-0.000026897
1692342000000,-0.0000421203
1692345600000,-0.0000472683
1692349200000,-0.0000531123
1692352800000,-0.0000558944
1692356400000,-0.0000533436
1692360000000,-0.0000470818
1692363600000,-0.0000362526
1692367200000,-0.0000415248
1692370800000,-0.0000363864
1692374400000,-0.0000318521
1692378000000,-0.0000365227
1692381600000,-0.0000350973
1692385200000,-0.0000383117
1692388800000,-0.0000444606
1692392400000,-0.0000470674
1692396000000,-0.000046247
1692399600000,-0.0000499741
1692403200000,-0.0000510693
1692406800000,-0.0000094819
1692410400000,-0.0000498952
1692414000000,-0.0000554438
1692417600000,-0.0000460268
1692421200000,-0.0000482362
1692424800000,-0.0000521806
1692428400000,-0.0000522814
1692432000000,-0.0000459135
1692435600000,-0.0000303234
1692439200000,-0.0000427828
1692442800000,-0.0000498834
1692446400000,-0.0000499513
1692450000000,-0.0000433503
1692453600000,-0.0000423835
1692457200000,-0.0000471674
1692460800000,-0.0000424325
1692464400000,-0.0000468132
1692468000000,-0.0000454109
1692471600000,-0.0000327791
1692475200000,-0.0000373584
1692478800000,-0.0000425708
1692482400000,-0.0000353109
1692486000000,-0.0000391863
1692489600000,-0.0000395889
1692493200000,-0.0000408679
1692496800000,-0.0000372051
1692500400000,-0.0000328969
1692504000000,-0.0000493771
1692507600000,-0.0000496386
1692511200000,-0.000043434
1692514800000,-0.0000369482
1692518400000,-0.0000402828
1692522000000,-0.000045887
1692525600000,-0.0000466252
1692529200000,-0.0000420402
1692532800000,-0.0000402141
1692536400000,-0.0000380239
1692540000000,-0.0000329525
1692543600000,-0.0000220204
1692547200000,-0.0000248471
1692550800000,-0.0000356405
1692554400000,-0.0000367801
1692558000000,-0.0000328779
1692561600000,-0.0000333823
1692565200000,-0.0000372469
1692568800000,-0.0000395208
1692572400000,-0.0000402824
1692576000000,-0.0000447739
1692579600000,-0.0000404013
1692583200000,-0.0000357456
1692586800000,-0.0000367739
1692590400000,-0.0000409127
1692594000000,-0.0000363916
1692597600000,-0.0000455352
1692601200000,-0.0000425183
1692604800000,-0.0000490789
1692608400000,-0.0000363114
1692612000000,-0.0000070715
1692615600000,-0.0000232332
1692619200000,-0.0000193545
1692622800000,-0.0000163722
1692626400000,-0.0000200572
1692630000000,-0.0000296379
1692633600000,-0.0000314024
1692637200000,-0.0000190926
1692640800000,-0.0000146777
1692644400000,-0.0000146902
1692648000000,-0.0000147883
1692651600000,-0.0000152589
1692655200000,0.000008666
1692658800000,0.0000125
1692662400000,0.0000099408
1692666000000,0.000009744
1692669600000,-0.000003609
1692673200000,-0.0000066872
1692676800000,0.0000016638
1692680400000,-0.0000084063
1692684000000,-0.0000067312
1692687600000,-0.0000110531
1692691200000,-0.0000054515
1692694800000,-0.0000040659
1692698400000,-0.0000043564
1692702000000,-0.0000033439
1692705600000,-0.0000021725
1692709200000,-0.0000017866
1692712800000,0.0000026735
1692716400000,0.0000055032
1692720000000,0.0000057933
1692723600000,0.0000125
1692727200000,0.0000125
1692730800000,0.0000125
1692734400000,0.0000125
1692738000000,0.0000125
1692741600000,0.0000116807
1692745200000,0.000005892
1692748800000,0.0000046844
1692752400000,-0.0000044918
1692756000000,-0.0000070092
1692759600000,-0.0000086847
1692763200000,-0.0000190214
1692766800000,-0.0000044109
1692770400000,-0.000010381
1692774000000,-0.0000043065
1692777600000,0.0000017171
1692781200000,-0.0000061123
1692784800000,-0.0000029825
1692788400000,-0.0000045424
1692792000000,-0.0000063015
1692795600000,-0.0000042094
1692799200000,-0.0000038405
1692802800000,0.0000026219
1692806400000,-0.0000012771
1692810000000,0.0000050621
1692813600000,0.0000046381
1692817200000,0.0000039186
1692824400000,0.0000078263
1692828000000,-0.0000111185
1692831600000,-0.0000081413
1692835200000,-0.0000068244
1692838800000,-0.0000044772
1692842400000,-0.0000080275
1692846000000,-0.0000099035
1692849600000,-0.0000059583
1692853200000,-0.0000132904
1692856800000,-0.0000134591
1692860400000,-0.0000073795
1692864000000,-0.0000103422
1692867600000,-0.0000181804
1692871200000,-0.0000161942
1692874800000,-0.0000167672
1692878400000,-0.0000197819
1692882000000,-0.0000188372
1692885600000,-0.000005398
1692889200000,-0.000009373
1692892800000,-0.0000017611
1692896400000,-0.0000018895
1692900000000,0.0000014841
1692903600000,-0.0000016493
1692907200000,-0.000006061
1692910800000,-0.0000170494
1692914400000,-0.0000131803
1692918000000,-0.000016001
1692921600000,-0.0000082024
1692925200000,-0.0000105665
1692928800000,-0.0000102684
1692932400000,-0.0000097906
1692936000000,-0.0000075554
1692939600000,-0.0000094765
1692943200000,-0.0000094342
1692946800000,-0.0000078283
1692950400000,-0.0000109999
1692954000000,-0.0000087872
1692957600000,-0.0000021508
1692961200000,-0.0000008889
1692964800000,-0.0000021014
1692968400000,-0.0000032071
1692972000000,-0.0000095651
1692975600000,-0.0000093191
1692979200000,-0.0000098404
1692982800000,-0.0000098344
1692986400000,-0.0000104383
1692990000000,-0.0000048531
1692993600000,0.0000011348
1692997200000,0.0000013415
1693000800000,-0.0000100211
1693004400000,-0.0000107154
1693008000000,0.0000050046
1693011600000,-0.0000055207
1693015200000,-0.0000047587
1693018800000,-0.0000046707
1693022400000,-0.0000061244
1693026000000,-0.0000158888
1693029600000,-0.0000134862
1693033200000,-0.0000032565
1693036800000,-0.0000076462
1693040400000,-0.0000121673
1693044000000,-0.0000153409
1693047600000,-0.00001762
1693051200000,-0.0000140482
1693054800000,-0.000019504
1693058400000,-0.000016589
1693062000000,-0.0000148908
1693065600000,-0.0000082402
1693069200000,-0.0000127635
1693072800000,-0.0000087096
1693076400000,-0.0000083508
1693080000000,-0.000002017
1693083600000,-0.0000084138
1693087200000,-0.0000101441
1693090800000,-0.0000095049
1693094400000,-0.0000040416
1693098000000,-0.0000045727
1693101600000,0.0000109968
1693105200000,-0.000007081
1693108800000,-0.0000068406
1693112400000,-0.0000023883
1693116000000,-0.0000016013
1693119600000,-0.0000058263
1693123200000,-0.0000108714
1693126800000,-0.000011486
1693130400000,-0.000010528
1693134000000,-0.0000106135
1693137600000,-0.0000083372
1693141200000,-0.0000010604
1693144800000,-0.0000007224
1693148400000,-0.0000056773
1693152000000,-0.0000027222
1693155600000,-0.0000096754
1693159200000,-0.0000119924
1693162800000,0.0000019026
1693166400000,-0.0000061591
1693170000000,-0.0000103873
1693173600000,-0.0000063145
1693177200000,-0.000005724
1693180800000,-0.0000023462
1693184400000,-0.0000109764
1693188000000,-0.0000064876
1693191600000,-0.0000078657
1693195200000,-0.0000093193
1693198800000,-0.000015833
1693202400000,-0.0000012458
1693206000000,-0.0000106565
1693209600000,0.0000125
1693213200000,0.0000125
1693216800000,0.0000015598
1693220400000,0.0000085486
1693224000000,0.0000018298
1693227600000,0.000008579
1693231200000,0.0000059533
1693234800000,0.0000074616
1693238400000,0.0000021488
1693242000000,0.0000051665
1693245600000,0.0000002705
1693249200000,0.0000049252
1693252800000,-0.0000075758
1693256400000,0.0000001598
1693260000000,-0.0000037813
1693263600000,-0.0000035533
1693267200000,0.0000024482
1693270800000,0.00000102
1693274400000,0.0000108291
1693278000000,-0.0000018625
1693281600000,-0.0000075245
1693285200000,-0.0000084468
1693288800000,0.0000020704
1693292400000,-0.000000194
1693296000000,-0.0000052428
1693299600000,-0.0000055257
1693303200000,-0.0000074523
1693306800000,-0.0000141411
1693310400000,-0.0000030854
1693314000000,-0.0000045201
1693317600000,-0.0000031802
1693321200000,0.0000125
1693324800000,0.0000125
1693328400000,0.0000125
1693332000000,0.0000125
1693335600000,0.0000078105
1693339200000,0.0000044864
1693342800000,0.0000067836
1693346400000,0.0000125
1693350000000,0.0000117989
1693353600000,0.0000058685
1693357200000,0.0000046383
1693360800000,0.0000058648
1693364400000,0.0000074423
1693368000000,0.0000088652
1693371600000,0.0000017599
1693375200000,0.0000039322
1693378800000,0.0000061926
1693382400000,0.0000092705
1693386000000,0.0000038806
1693389600000,0.0000017857
1693393200000,0.0000049567
1693396800000,-0.0000037506
1693400400000,0.0000008187
1693404000000,0.0000055837
1693407600000,0.00000213
1693411200000,0.0000098594
1693414800000,0.0000097115
1693418400000,0.0000024889
1693422000000,0.0000051285
1693425600000,0.0000055913
1693429200000,0.0000089274
1693432800000,0.0000125
1693436400000,0.0000023371
1693440000000,-0.0000022768
1693443600000,0.0000115192
1693447200000,0.0000075788
1693450800000,0.0000082155
1693454400000,0.0000078625
1693458000000,0.0000050275
1693461600000,0.0000125
1693465200000,0.0000068802
1693468800000,0.0000072931
1693472400000,0.0000053826
1693476000000,0.0000017612
1693479600000,-0.0000037275
1693483200000,0.000003317
1693486800000,0.0000018949
1693490400000,0.0000026538
1693494000000,0.0000058527
1693497600000,0.0000023796
1693501200000,0.0000058744
1693504800000,0.0000113358
1693508400000,0.0000125
1693512000000,0.0000125
1693515600000,0.000010704
1693519200000,0.0000125
1693522800000,0.0000125
1693526400000,0.0000077462
1693530000000,0.0000071833
1693533600000,0.0000125
1693537200000,0.0000122742
1693540800000,0.0000007788
1693544400000,-0.0000029862
1693548000000,0.0000012835
1693551600000,0.0000110948
1693555200000,0.0000072362
1693558800000,0.0000030162
1693562400000,0.0000125
1693566000000,0.0000025321
1693569600000,0.0000098635
1693573200000,0.0000125
1693576800000,0.0000125
1693580400000,0.0000125
1693584000000,0.0000061944
1693587600000,0.0000028874
1693591200000,0.0000049297
1693594800000,0.0000106547
1693598400000,0.000001847
1693602000000,0.0000125
1693605600000,0.0000062488
1693609200000,0.0000027915
1693612800000,0.0000023449
1693616400000,0.000003158
1693620000000,0.0000060405
1693623600000,0.0000088513
1693627200000,0.0000100669
1693630800000,0.0000056003
1693634400000,0.0000088308
1693638000000,0.0000022852
1693641600000,-0.0000018118
1693645200000,0.0000125
1693648800000,0.0000125
1693652400000,0.0000125
1693656000000,0.0000125
1693659600000,0.0000125
1693663200000,0.0000125
1693666800000,0.0000125
1693670400000,0.0000125
1693674000000,0.0000125
1693677600000,0.0000125
1693681200000,0.0000125
1693684800000,0.0000125
1693688400000,0.0000125
1693692000000,0.0000125
1693695600000,0.0000125
1693699200000,0.0000125
1693702800000,0.0000125
1693706400000,0.0000125
1693710000000,0.0000125
1693713600000,0.0000125
1693717200000,0.0000125
1693720800000,0.0000125
1693724400000,0.0000125
1693728000000,0.0000103521
1693731600000,0.0000062592
1693735200000,0.000006738
1693738800000,0.0000113986
1693742400000,0.0000125
1693746000000,0.000007991
1693749600000,0.0000125
1693753200000,0.0000125
1693756800000,0.0000125
1693760400000,0.0000125
1693764000000,0.0000125
1693767600000,0.0000125
1693771200000,0.0000125
1693774800000,0.0000125
1693778400000,0.0000125
1693782000000,0.0000113564
1693785600000,0.000008304
1693789200000,0.000003772
1693792800000,0.0000024108
1693796400000,0.0000004654
1693800000000,-0.000001027
1693803600000,-0.0000019193
1693807200000,-0.0000094095
1693810800000,-0.000007662
1693814400000,-0.0000002371
1693818000000,0.0000028659
1693821600000,0.0000025206
1693825200000,0.0000125
1693828800000,0.0000072858
1693832400000,0.0000083498
1693836000000,0.0000086298
1693839600000,0.0000101593
1693843200000,0.0000125
1693846800000,0.0000108784
1693850400000,0.0000125
1693854000000,0.0000125
1693857600000,0.0000125
1693861200000,0.0000125
1693864800000,0.0000125
1693868400000,0.0000125
1693872000000,0.0000125
1693875600000,0.0000125
1693879200000,0.000011686
1693882800000,0.0000125
1693886400000,0.0000125
1693890000000,0.0000091734
1693893600000,0.0000121595
1693897200000,0.0000125
1693900800000,0.0000125
1693904400000,0.0000125
1693908000000,0.0000125
1693911600000,0.0000125
1693915200000,0.0000125
1693918800000,0.0000125
1693922400000,0.0000125
1693926000000,0.0000111023
1693929600000,0.0000125
1693933200000,0.0000125
1693936800000,0.0000125
1693940400000,0.0000125
1693944000000,0.0000125
1693947600000,0.0000125
1693951200000,0.0000125
1693954800000,0.0000125
1693958400000,0.0000125
1693962000000,0.0000125
1693965600000,0.0000125
1693969200000,0.0000125
1693972800000,0.0000125
1693976400000,0.0000125
1693980000000,0.0000125
1693983600000,0.0000125
1693987200000,0.0000125
1693990800000,0.0000125
1693994400000,0.0000125
1693998000000,0.0000125
1694001600000,0.0000125
1694005200000,0.0000125
1694008800000,0.0000125
1694012400000,0.0000125
1694016000000,0.0000125
1694019600000,0.0000125
1694023200000,0.0000125
1694026800000,-0.000008908
1694030400000,-0.0000366944
1694034000000,-0.0000019772
1694037600000,0.0000057238
1694041200000,0.0000014629
1694044800000,0.0000019873
1694048400000,0.0000022202
1694052000000,0.0000017365
1694055600000,0.0000059267
1694059200000,0.000010258
1694062800000,0.0000047176
1694066400000,0.0000080953
1694070000000,0.0000033735
1694073600000,0.0000125
1694077200000,0.0000079137
1694080800000,0.0000029514
1694084400000,-0.0000037868
1694088000000,-0.0000006599
1694091600000,-0.0000381283
1694095200000,-0.0001118513
1694098800000,-0.0001073642
1694102400000,0.0000134787
1694106000000,0.0000425553
1694109600000,0.000056299
1694113200000,0.0000532179
1694116800000,0.0000492306
1694120400000,0.000060037
1694124000000,0.0000527682
1694127600000,0.0000486973
1694131200000,0.0000536708
1694134800000,0.0000512963
1694138400000,0.0000507374
1694142000000,0.0000513189
1694145600000,0.0000525724
1694149200000,0.0000464803
1694152800000,0.0000522654
1694156400000,0.0000507158
1694160000000,0.0000479159
1694163600000,0.0000539751
1694167200000,0.0000521273
1694170800000,0.0000406687
1694174400000,0.000044561
1694178000000,0.0000553878
1694181600000,0.0000559284
1694185200000,0.0000303168
1694188800000,0.0000125
1694192400000,0.0000125
1694196000000,0.0000125
1694199600000,0.0000125
1694203200000,0.0000125
1694206800000,0.0000125
1694210400000,0.0000125
1694214000000,0.0000125
1694217600000,0.0000125
1694221200000,0.0000125
1694224800000,0.0000125
1694228400000,0.0000125
1694232000000,0.0000125
1694235600000,0.0000125
1694239200000,0.0000125
1694242800000,0.0000125
1694246400000,0.0000125
1694250000000,0.0000125
1694253600000,0.0000125
1694257200000,0.0000125
1694260800000,0.0000125
1694264400000,0.0000125
1694268000000,0.0000125
1694271600000,0.0000125
1694275200000,0.0000125
1694278800000,0.0000125
1694282400000,0.0000125
1694286000000,0.0000125
1694289600000,0.0000125
1694293200000,0.0000125
1694296800000,0.0000125
1694300400000,0.0000125
1694304000000,0.0000125
1694307600000,0.0000125
1694311200000,0.0000125
1694314800000,0.0000125
1694318400000,0.0000125
1694322000000,-0.0000964875
1694325600000,-0.0000144213
1694329200000,0.0000125
1694332800000,0.0000125
1694336400000,0.000009194
1694340000000,0.0000082348
1694343600000,0.0000125
1694347200000,0.0000067607
1694350800000,0.0000112629
1694354400000,0.0000125
1694358000000,0.0000104934
1694361600000,0.0000096312
1694365200000,0.0000075699
1694368800000,0.0000002353
1694372400000,0.0000114166
1694376000000,0.0000114238
1694379600000,0.0000047666
1694383200000,0.0000125
1694386800000,0.0000125
1694390400000,0.0000125
1694394000000,0.0000108298
1694397600000,0.0000118759
1694401200000,0.0000125
1694404800000,0.0000125
1694408400000,-0.0000052711
1694412000000,-0.0000046321
1694415600000,0.0000030875
1694419200000,0.0000082487
1694422800000,0.0000017513
1694426400000,-0.000018738
1694430000000,-0.000024068
1694433600000,-0.0000200922
1694437200000,0.0000039647
1694440800000,0.0000036766
1694444400000,-0.0000006602
1694448000000,0.0000036653
1694451600000,0.0000034022
1694455200000,0.0000125
1694458800000,0.0000125
1694462400000,0.0000008058
1694466000000,-0.0000045735
1694469600000,-0.0000240641
1694473200000,-0.0000002793
1694476800000,0.0000010717
1694480400000,0.0000027225
1694484000000,0.0000028766
1694487600000,0.0000024588
1694491200000,-0.0000340151
1694494800000,-0.0000632293
1694498400000,-0.0000395105
1694502000000,-0.0000412891
1694505600000,-0.0000393669
1694509200000,-0.0000241903
1694512800000,-0.0000312122
1694516400000,-0.0000108409
1694520000000,0.0000024375
1694523600000,-0.0000049336
1694527200000,-0.0000083526
1694530800000,0.0000125
1694534400000,0.0000125
1694538000000,0.0000125
1694541600000,0.0000125
1694545200000,0.0000125
1694548800000,0.0000125
1694552400000,0.0000125
1694556000000,0.0000125
1694559600000,0.0000125
1694563200000,0.0000125
1694566800000,0.0000125
1694570400000,0.0000125
1694574000000,0.0000125
1694577600000,0.0000125
1694581200000,0.0000125
1694584800000,0.0000125
1694588400000,0.0000125
1694592000000,0.0000125
1694595600000,0.0000125
1694599200000,0.0000125
1694602800000,0.0000125
1694606400000,0.0000125
1694610000000,0.0000125
1694613600000,0.0000125
1694617200000,0.0000125
1694620800000,0.0000125
1694624400000,0.0000125
1694628000000,0.0000125
1694631600000,0.0000125
1694635200000,0.0000125
1694638800000,0.0000125
1694642400000,0.0000125
1694646000000,0.0000125
1694649600000,0.0000125
1694653200000,0.0000125
1694656800000,0.0000125
1694660400000,0.0000125
1694664000000,0.0000125
1694667600000,0.0000125
1694671200000,0.0000125
1694674800000,0.0000125
1694678400000,0.0000125
1694682000000,0.0000125
1694685600000,0.0000125
1694689200000,0.0000125
1694692800000,0.0000125
1694696400000,0.0000125
1694700000000,0.0000125
1694703600000,0.0000125
1694707200000,0.0000125
1694710800000,0.0000125
1694714400000,0.0000125
1694718000000,0.0000125
1694721600000,0.0000125
1694725200000,0.0000125
1694728800000,0.0000125
1694732400000,0.0000125
1694736000000,0.0000125
1694739600000,0.0000125
1694743200000,0.0000125
1694746800000,0.0000125
1694750400000,0.0000125
1694754000000,0.0000125
1694757600000,0.0000125
1694761200000,0.0000125
1694764800000,0.0000125
1694768400000,0.0000125
1694772000000,0.0000125
1694775600000,0.0000125
1694779200000,0.0000125
1694782800000,0.0000125
1694786400000,0.0000125
1694790000000,0.0000125
1694793600000,0.0000125
1694797200000,0.0000119446
1694800800000,0.0000100766
1694804400000,0.0000125
1694808000000,0.0000125
1694811600000,0.0000125
1694815200000,0.0000125
1694818800000,0.0000125
1694822400000,0.0000125
1694826000000,0.0000058929
1694829600000,-0.0000058445
1694833200000,-0.0000117332
1694836800000,-0.000017525
1694840400000,-0.0000141014
1694844000000,-0.0000181819
1694847600000,-0.0000225279
1694851200000,-0.000022105
1694854800000,-0.0000224984
1694858400000,-0.0000078977
1694862000000,-0.000000422
1694865600000,-0.0000247819
1694869200000,-0.0000222298
1694872800000,-0.0000295173
1694876400000,-0.0000241449
1694880000000,-0.0000111811
1694883600000,-0.0000084426
1694887200000,0.0000005805
1694890800000,-0.0000051457
1694894400000,-0.0000154598
1694898000000,-0.0000085123
1694901600000,-0.0000099961
1694905200000,-0.0000111619
1694908800000,-0.0000088265
1694912400000,-0.0000097045
1694916000000,-0.0000487584
1694919600000,-0.000042347
1694923200000,0.0000125
1694926800000,0.0000125
1694930400000,0.0000125
1694934000000,0.0000125
1694937600000,0.0000125
1694941200000,0.0000125
1694944800000,0.0000125
1694948400000,0.0000125
1694952000000,0.0000125
1694955600000,0.0000125
1694959200000,0.0000125
1694962800000,0.0000125
1694966400000,0.0000125
1694970000000,0.0000125
1694973600000,0.0000125
1694977200000,0.0000125
1694980800000,0.0000125
1694984400000,0.0000125
1694988000000,0.0000125
1694991600000,0.0000125
1694995200000,0.0000064621
1694998800000,0.0000125
1695002400000,0.0000125
1695006000000,0.0000125
1695009600000,-0.0000245243
1695013200000,-0.000030486
1695016800000,-0.0000222555
1695020400000,-0.0000231928
1695024000000,-0.0000089651
1695027600000,-0.0000100606
1695031200000,-0.0000044015
1695034800000,0.0000125
1695038400000,0.0000125
1695042000000,0.0000125
1695045600000,0.0000125
1695049200000,0.0000125
1695052800000,0.0000125
1695056400000,0.0000125
1695060000000,0.0000125
1695063600000,0.0000125
1695067200000,0.0000125
1695070800000,0.0000125
1695074400000,-0.0000011427
1695078000000,0.0000125
1695081600000,0.0000125
1695085200000,0.0000125
1695088800000,0.0000125
1695092400000,0.0000125
1695096000000,0.0000125
1695099600000,0.0000125
1695103200000,0.0000125
1695106800000,0.0000125
1695110400000,0.0000125
1695114000000,0.0000125
1695117600000,0.0000125
1695121200000,0.0000125
1695124800000,0.0000125
1695128400000,0.0000125
1695132000000,0.0000145161
1695135600000,0.0000125
1695139200000,0.0000164843
1695142800000,0.0000212333
1695146400000,0.0000148121
1695150000000,0.0000125
1695153600000,0.0000125
1695157200000,0.0000125
1695160800000,0.0000125
1695164400000,0.0000125
1695168000000,0.0000125
1695171600000,0.0000125
1695175200000,0.0000233558
1695178800000,0.0000298335
1695182400000,0.0000125
1695186000000,0.0000075738
1695189600000,0.0000125
1695193200000,0.0000125
1695196800000,0.0000125
1695200400000,0.0000125
1695204000000,0.0000125
1695207600000,0.0000125
1695211200000,0.0000112375
1695214800000,0.0000125
1695218400000,0.0000125
1695222000000,0.0000125
1695225600000,0.0000125
1695229200000,0.0000125
1695232800000,0.0000236185
1695236400000,0.0000483579
1695240000000,0.0000125
1695243600000,0.0000125
1695247200000,0.0000125
1695250800000,0.0000125
1695254400000,0.0000125
1695258000000,0.0000125266
1695261600000,0.0000125
1695265200000,0.0000125
1695268800000,0.0000125
1695272400000,0.0000125
1695276000000,0.0000126906
1695279600000,0.0000125
1695283200000,0.0000125
1695286800000,0.0000125
1695290400000,0.0000125
1695294000000,0.0000125
1695297600000,0.0000125
1695301200000,0.0000125
1695304800000,0.0000125
1695308400000,0.0000125
1695312000000,0.0000125
1695315600000,0.0000125
1695319200000,0.0000125
1695322800000,0.0000125
1695326400000,0.0000125
1695330000000,0.0000125
1695333600000,0.0000125
1695337200000,0.0000125
1695340800000,0.0000125
1695344400000,0.0000125
1695348000000,0.0000125
1695351600000,0.0000125
1695355200000,0.0000125
1695358800000,0.0000125
1695362400000,0.0000125
1695366000000,0.0000125
1695369600000,0.0000125
1695373200000,0.0000125
1695376800000,0.0000125
1695380400000,0.0000125
1695384000000,0.0000125
1695387600000,0.0000125
1695391200000,0.0000125
1695394800000,0.0000125
1695398400000,0.0000125
1695402000000,0.0000125
1695405600000,0.0000125
1695409200000,0.0000125
1695412800000,0.0000125
1695416400000,0.0000125
1695420000000,0.0000125
1695423600000,0.0000125
1695427200000,0.0000125
1695430800000,0.0000125
1695434400000,0.0000125
1695438000000,0.0000125
1695441600000,0.0000125
1695445200000,0.0000125
1695448800000,0.0000125
1695452400000,0.0000125
1695456000000,0.0000125
1695459600000,0.0000125
1695463200000,0.0000125
1695466800000,0.0000125
1695470400000,0.0000125
1695474000000,0.0000125
1695477600000,0.0000125
1695481200000,0.0000125
1695484800000,0.0000125
1695488400000,0.0000125
1695492000000,0.0000125
1695495600000,0.0000125
1695499200000,0.0000125
1695502800000,0.0000125
1695506400000,0.0000125
1695510000000,0.0000125
1695513600000,0.0000125
1695517200000,0.0000125
1695520800000,0.0000125
1695524400000,0.0000125
1695528000000,0.0000125
1695531600000,0.0000125
1695535200000,0.0000125
1695538800000,0.0000125
1695542400000,0.0000125
1695546000000,0.0000125
1695549600000,0.0000125
1695553200000,0.0000125
1695556800000,0.0000125
1695560400000,0.0000125
1695564000000,0.0000125
1695567600000,0.0000125
1695571200000,0.0000125
1695574800000,0.0000125
1695578400000,0.0000125
1695582000000,0.0000125
1695585600000,0.0000125
1695589200000,0.0000125
1695592800000,0.0000125
1695596400000,0.0000125
1695600000000,0.0000125
1695603600000,-0.0000189964
1695607200000,0.0000125
1695610800000,0.0000125
1695614400000,0.0000125
1695618000000,0.0000125
1695621600000,0.0000125
1695625200000,0.0000125
1695628800000,0.0000125
1695632400000,0.0000125
1695636000000,0.0000125
1695639600000,0.0000125
1695643200000,0.0000125
1695646800000,0.0000125
1695650400000,0.0000125
1695654000000,0.0000125
1695657600000,0.0000125
1695661200000,0.0000125
1695664800000,0.0000125
1695668400000,0.0000125
1695672000000,0.0000125
1695675600000,0.0000125
1695679200000,0.0000125
1695682800000,0.0000125
1695686400000,0.0000125
1695690000000,0.0000125
1695693600000,0.0000125
1695697200000,0.0000125
1695700800000,0.0000125
1695704400000,0.0000125
1695708000000,0.0000125
1695711600000,0.0000125
1695715200000,0.0000125
1695718800000,0.0000125
1695722400000,0.0000125
1695726000000,0.0000125
1695729600000,0.0000125
1695733200000,0.0000125
1695736800000,0.0000125
1695740400000,0.0000125
1695744000000,0.0000125
1695747600000,0.0000125
1695751200000,0.0000125
1695754800000,0.0000125
1695758400000,0.0000125
1695762000000,0.0000125
1695765600000,0.0000125
1695769200000,0.0000125
1695772800000,0.0000125
1695776400000,0.0000125
1695780000000,0.0000125
1695783600000,0.0000125
1695787200000,0.0000125
1695790800000,0.0000125
1695794400000,0.0000125
1695798000000,0.0000125
1695801600000,0.0000125
1695805200000,0.0000125
1695808800000,0.0000125
1695812400000,0.0000125
1695816000000,0.0000125
1695819600000,0.0000125
1695823200000,0.0000125
1695826800000,0.0000125
1695830400000,0.0000125
1695834000000,0.0000125
1695837600000,0.0000125
1695841200000,0.0000125
1695844800000,0.0000125
1695848400000,0.0000125
1695852000000,0.0000125
1695855660000,0.0000125
1695859200000,0.0000125
1695862800000,0.0000125
1695866400000,0.0000125
1695870000000,0.0000125
1695873600000,0.0000125
1695877200000,0.0000125
1695880800000,0.0000125
1695884400000,0.0000125
1695888000000,0.0000125
1695891600000,0.0000125
1695895200000,0.0000125
1695898800000,0.0000125
1695902400000,0.0000125
1695906000000,0.0000125
1695909600000,0.0000125
1695913200000,0.0000092249
1695916800000,-0.0000214692
1695920400000,-0.00000991
1695924000000,0.0000031135
1695927600000,0.0000068001
1695931200000,0.0000125
1695934800000,0.0000125
1695938400000,0.0000125
1695942000000,0.0000125
1695945600000,0.0000125
1695949200000,0.0000125
1695952800000,0.0000004845
1695956400000,-0.0000019721
1695960000000,-0.0000059711
1695963600000,-0.0000021104
1695967200000,-0.0000021033
1695970800000,-0.000000724
1695974400000,0.0000125
1695978000000,0.0000125
1695981600000,0.0000125
1695985200000,0.0000125
1695988800000,0.0000125
1695992400000,0.0000125
1695996000000,0.0000125
1695999600000,0.0000125
1696003200000,0.0000268073
1696006800000,0.0000125
1696010400000,0.0000125
1696014000000,0.0000125
1696017600000,0.0000125
1696021200000,0.0000125
1696024800000,0.0000125
1696028400000,0.0000125
1696032000000,0.0000125
1696035600000,0.0000125
1696039200000,0.0000125
1696042800000,0.0000125
1696046400000,0.0000125
1696050000000,0.0000125
1696053600000,0.0000125
1696057200000,0.0000125
1696060800000,0.0000125
1696064400000,0.0000125
1696068000000,0.0000125
1696071600000,0.0000125
1696075200000,0.0000125
1696078800000,0.0000125
1696082400000,0.0000125
1696086000000,0.0000125
1696089600000,0.0000125
1696093200000,-0.0000515192
1696096800000,-0.000062972
1696100400000,-0.0000598237
1696104000000,-0.0000504907
1696107600000,-0.0000577155
1696111200000,-0.0000651215
1696114800000,-0.000066542
1696118400000,-0.0000554362
1696122000000,-0.0000028708
1696125600000,-0.0000040912
1696129200000,-0.0000107451
1696132800000,-0.0000133757
1696136400000,-0.0000133252
1696140000000,0.0000125
1696143600000,0.0000125
1696147200000,0.0000125
1696150800000,0.0000125
1696154400000,0.0000125
1696158000000,0.0000125
1696161600000,0.0000125
1696165200000,0.0000125
1696168800000,0.0000125
1696172400000,0.0000125
1696176000000,0.0000125
1696179600000,0.0000125
1696183200000,0.0000125
1696186800000,0.0000125
1696190400000,0.0000125
1696194000000,0.0000125
1696197600000,0.0000125
1696201200000,0.0000125
1696204800000,0.0000125
1696208400000,0.0000125
1696212000000,0.0000107723
1696215600000,0.0000083065
1696219200000,0.0000027026
1696222800000,0.0000036366
1696226400000,-0.0000028724
1696230000000,-0.0000031559
1696233600000,0.0000125
1696237200000,0.0000125
1696240800000,0.0000125
1696244400000,0.0000125
1696248000000,0.0000125
1696251600000,0.0000125
1696255200000,0.0000125
1696258800000,0.0000125
1696262400000,0.0000125
1696266000000,0.0000125
1696269600000,0.0000125
1696273200000,0.0000092667
1696276800000,0.0000017917
1696280400000,0.000004334
1696284000000,-0.0000095293
1696287600000,-0.0000172953
1696291200000,-0.0000132854
1696294800000,0.0000047532
1696298400000,0.0000057537
1696302000000,0.0000012891
1696305600000,0.0000025743
1696309200000,0.0000026414
1696312800000,0.0000038615
1696316400000,0.0000014584
1696320000000,-0.0000083832
1696323600000,-0.0000023529
1696327200000,0.0000013722
1696330800000,0.0000037831
1696334400000,0.0000055924
1696338000000,0.0000086311
1696341600000,0.0000048473
1696345200000,0.0000086149
1696348800000,0.0000096432
1696352400000,0.0000097569
1696356000000,0.0000046094
1696359600000,0.0000045845
1696363200000,0.0000078905
1696366800000,0.0000125
1696370400000,0.0000069026
1696374000000,0.0000049999
1696377600000,0.0000125
1696381200000,0.0000125
1696384800000,0.0000125
1696388400000,0.0000125
1696392000000,0.0000125
1696395600000,0.0000104094
1696399200000,0.0000005869
1696402800000,-0.0000272851
1696406400000,-0.0000111304
1696410000000,0.0000001818
1696413600000,0.0000025572
1696417200000,0.000005774
1696420800000,0.0000085621
1696424400000,0.0000039601
1696428000000,0.0000028729
1696431600000,0.0000083944
1696435200000,0.0000029166
1696438800000,0.0000125
1696442400000,0.0000125
1696446000000,0.0000125
1696449600000,0.0000125
1696453200000,0.0000125
1696456800000,0.0000125
1696460400000,0.0000125
1696464000000,0.0000125
1696467600000,0.0000125
1696471200000,0.0000125
1696474800000,0.0000125
1696478400000,0.0000125
1696482000000,0.0000125
1696485600000,0.0000125
1696489200000,0.0000125
1696492800000,0.0000125
1696496400000,0.0000125
1696500000000,0.0000125
1696503600000,0.0000125
1696507200000,0.0000125
1696510800000,0.0000125
1696514400000,0.0000125
1696518000000,0.0000125
1696521600000,0.0000125
1696525200000,0.0000116558
1696528800000,0.0000107803
1696532400000,0.0000104997
1696536000000,0.0000100809
1696539600000,0.0000080962
1696543200000,0.0000063158
1696546800000,0.0000022369
1696550400000,0.0000011398
1696554000000,0.0000125
1696557600000,0.0000102847
1696561200000,0.0000125
1696564800000,0.0000125
1696568400000,0.0000125
1696572000000,0.0000125
1696575600000,0.0000125
1696579200000,0.0000125
1696582800000,0.0000125
1696586400000,0.0000125
1696590000000,0.0000125
1696593600000,0.0000125
1696597200000,0.0000119753
1696600800000,0.0000013148
1696604400000,-0.0000038325
1696608000000,-0.0000025858
1696611600000,0.000002073
1696615200000,0.0000057212
1696618800000,-0.0000016098
1696622400000,0.0000074767
1696626000000,0.0000125
1696629600000,0.0000125
1696633200000,0.0000125
1696636800000,0.0000125
1696640400000,0.0000125
1696644000000,0.0000125
1696647600000,0.0000125
1696651200000,0.0000125
1696654800000,0.0000125
1696658400000,0.0000125
1696662000000,0.0000125
1696665600000,0.0000125
1696669200000,0.0000125
1696672800000,0.0000125
1696676400000,0.0000125
1696680000000,0.0000125
1696683600000,0.0000125
1696687200000,0.0000125
1696690800000,0.0000125
1696694400000,0.0000125
1696698000000,0.0000125
1696701600000,0.0000125
1696705200000,0.0000125
1696708800000,0.0000125
1696712400000,0.0000125
1696716000000,0.0000125
1696719600000,0.0000125
1696723200000,0.0000125
1696726800000,0.0000125
1696730400000,0.0000125
1696734000000,0.0000125
1696737600000,0.0000125
1696741200000,0.0000125
1696744800000,0.0000125
1696748400000,0.0000125
1696752000000,0.0000125
1696755600000,0.0000125
1696759200000,0.0000125
1696762800000,0.0000125
1696766400000,0.0000125
1696770000000,0.0000125
1696773600000,0.0000125
1696777200000,0.0000125
1696780800000,0.0000125
1696784400000,0.0000125
1696788000000,0.0000125
1696791600000,0.0000125
1696795200000,0.0000125
1696798800000,0.0000125
1696802400000,0.0000112066
1696806000000,0.0000092745
1696809600000,0.0000052749
1696813200000,0.0000063375
1696816800000,0.0000074679
1696820400000,0.0000084733
1696824000000,0.0000055423
1696827600000,0.0000015662
1696831200000,0.0000036916
1696834800000,0.0000034397
1696838400000,-0.0000062991
1696842000000,0.0000009851
1696845600000,-0.0000042466
1696849200000,0.0000010797
1696852800000,0.0000027334
1696856400000,0.0000042771
1696860000000,0.0000102806
1696863600000,0.000010475
1696867200000,0.0000125
1696870800000,0.0000125
1696874400000,0.0000125
1696878000000,0.0000125
1696881600000,0.0000125
1696885200000,0.0000125
1696888800000,0.0000125
1696892400000,0.0000125
1696896000000,0.0000125
1696899600000,0.0000125
1696903200000,0.0000125
1696906800000,0.0000125
1696910400000,0.0000125
1696914000000,0.0000125
1696917600000,0.0000125
1696921200000,0.0000125
1696924800000,0.0000125
1696928400000,0.0000125
1696932000000,0.0000125
1696935600000,0.0000125
1696939200000,0.0000125
1696942800000,0.0000125
1696946400000,0.0000125
1696950000000,0.0000125
1696953600000,0.0000125
1696957200000,0.0000125
1696960800000,0.0000125
1696964400000,0.0000125
1696968000000,0.0000125
1696971600000,0.0000125
1696975200000,0.0000125
1696978800000,0.0000125
1696982400000,0.0000125
1696986000000,0.0000125
1696989600000,0.0000125
1696993200000,0.0000125
1696996800000,0.0000125
1697000400000,0.0000125
1697004000000,0.0000125
1697007600000,0.0000125
1697011200000,0.0000125
1697014800000,0.0000125
1697018400000,0.0000125
1697022000000,0.0000125
1697025600000,0.0000125
1697029200000,0.0000125
1697032800000,0.0000125
1697036400000,0.0000125
1697040000000,0.0000125
1697043600000,0.0000125
1697047200000,0.0000125
1697050800000,0.0000125
1697054400000,0.0000125
1697058000000,0.0000125
1697061600000,0.0000125
1697065200000,0.0000125
1697068800000,0.0000125
1697072400000,0.0000125
1697076000000,0.0000125
1697079600000,0.0000125
1697083200000,0.0000125
1697086800000,0.0000125
1697090400000,0.0000125
1697094000000,0.0000125
1697097600000,0.0000125
1697101200000,0.0000125
1697104800000,0.0000125
1697108400000,0.0000125
1697112000000,0.0000125
1697115600000,0.0000125
1697119200000,0.0000125
1697122800000,0.0000125
1697126400000,0.0000125
1697130000000,0.0000125
1697133600000,0.0000125
1697137200000,0.0000125
1697140800000,0.0000125
1697144400000,0.0000125
1697148000000,0.0000125
1697151600000,0.0000125
1697155200000,0.0000125
1697158800000,0.0000125
1697162400000,0.0000125
1697166000000,0.0000125
1697169600000,0.0000125
1697173200000,0.0000125
1697176800000,0.0000125
1697180400000,0.0000125
1697184000000,0.0000125
1697187600000,0.0000125
1697191200000,0.0000125
1697194800000,0.0000125
1697198400000,0.0000125
1697202000000,0.0000125
1697205600000,0.0000125
1697209200000,0.0000125
1697212800000,0.0000125
1697216400000,0.0000125
1697220000000,0.0000125
1697223600000,0.0000125
1697227200000,0.0000125
1697230800000,0.0000125
1697234400000,0.0000175244
1697238000000,0.0000125
1697241600000,0.0000125
1697245200000,0.0000125
1697248800000,0.0000125
1697252400000,0.0000125
1697256000000,0.0000125
1697259600000,0.0000125
1697263200000,0.0000125
1697266800000,0.0000125
1697270400000,0.0000125
1697274000000,0.0000125
1697277600000,0.0000125
1697281200000,0.0000125
1697284800000,0.0000125
1697288400000,0.0000125
1697292000000,0.0000125
1697295600000,0.0000125
1697299200000,0.0000125
1697302800000,0.0000125
1697306400000,0.0000125
1697310000000,0.0000125
1697313600000,0.0000125
1697317200000,0.0000125
1697320800000,0.0000125
1697324400000,0.0000125
1697328000000,0.0000125
1697331600000,0.0000125
1697335200000,0.0000125
1697338800000,0.0000125
1697342400000,0.0000125
1697346000000,0.0000125
1697349600000,0.0000125
1697353200000,0.0000125
1697356800000,0.0000125
1697360400000,0.0000125
1697364000000,0.0000125
1697367600000,0.0000125
1697371200000,0.0000125
1697374800000,0.0000125
1697378400000,0.0000125
1697382000000,0.0000125
1697385600000,0.0000125
1697389200000,0.0000125
1697392800000,0.0000125
1697396400000,0.0000125
1697400000000,0.0000125
1697403600000,0.0000125
1697407200000,0.0000125
1697410800000,0.0000125
1697414400000,0.0000125
1697418000000,0.0000125
1697421600000,0.0000125
1697425200000,0.0000125
1697428800000,0.0000125
1697432400000,0.0000125
1697436000000,0.0000268234
1697439600000,0.0000125
1697443200000,0.0000125
1697446800000,0.0000125
1697450400000,0.0000125
1697454000000,0.0000125
1697457600000,0.0000125
1697461200000,0.0000125
1697464800000,0.0000553618
1697468400000,0.0000242727
1697472000000,0.0000125
1697475600000,0.0000125
1697479200000,0.0000125
1697482800000,0.0000125
1697486400000,0.0000125
1697490000000,0.0000125
1697493600000,0.0000121371
1697497200000,0.0000125
1697500800000,0.0000125
1697504400000,0.0000125
1697508000000,0.0000125
1697511600000,0.0000125
1697515200000,0.0000125
1697518800000,0.0000111722
1697522400000,0.0000125
1697526000000,0.0000125
1697529600000,0.0000125
1697533200000,0.0000125
1697536800000,0.0000125
1697540400000,0.0000125
1697544000000,0.0000125
1697547600000,0.0000125
1697551200000,0.0000125
1697554800000,0.0000125
1697558400000,0.0000125
1697562000000,0.0000125
1697565600000,0.0000125
1697569200000,0.0000125
1697572800000,0.0000125
1697576400000,0.0000125
1697580000000,0.0000125
1697583600000,0.0000125
1697587200000,0.0000119476
1697590800000,0.0000125
1697594400000,0.0000125
1697598000000,0.0000125
1697601600000,0.000009334
1697605200000,0.0000071955
1697608800000,0.0000106905
1697612400000,0.0000055338
1697616000000,0.0000067444
1697619600000,0.0000091659
1697623200000,0.0000112845
1697626800000,0.0000125
1697630400000,0.0000021099
1697634000000,-0.0000016628
1697637600000,0.0000049659
1697641200000,0.0000028269
1697644800000,0.0000038869
1697648400000,0.0000070492
1697652000000,0.0000052292
1697655600000,0.0000053843
1697659200000,-0.0000055436
1697662800000,-0.0000048783
1697666400000,-0.0000084698
1697670000000,-0.0000051842
1697673600000,-0.0000111646
1697677200000,0.0000010452
1697680800000,-0.0000109667
1697684400000,-0.0000134656
1697688000000,-0.0000134887
1697691600000,-0.0000082302
1697695200000,-0.0000169405
1697698800000,-0.0000207772
1697702400000,-0.0000237302
1697706000000,-0.0000095297
1697709600000,-0.0000092622
1697713200000,-0.0000089819
1697716800000,-0.0000057187
1697720400000,-0.0000068127
1697724000000,-0.0000056685
1697727600000,0.0000044299
1697731200000,0.0000125
1697734800000,0.0000125
1697738400000,0.0000125
1697742000000,0.0000125
1697745600000,0.0000125
1697749200000,0.0000079909
1697752800000,-0.0000030814
1697756400000,-0.0000041121
1697760000000,0.0000002014
1697763600000,0.0000039411
1697767200000,0.0000046761
1697770800000,0.0000116004
1697774400000,0.0000125
1697778000000,0.0000078108
1697781600000,0.0000058214
1697785200000,0.0000078613
1697788800000,0.0000082202
1697792400000,0.0000125
1697796000000,0.0000125
1697799600000,0.0000125
1697803200000,0.0000125
1697806800000,-0.0000004642
1697810400000,0.0000000281
1697814000000,-0.0000067937
1697817600000,-0.0000046763
1697821200000,-0.0000011044
1697824800000,-0.0000001342
1697828400000,-0.0000018535
1697832000000,0.0000102636
1697835600000,0.0000093306
1697839200000,0.0000080173
1697842800000,0.0000071491
1697846400000,-0.0000007338
1697850000000,0.000001755
1697853600000,0.0000003576
1697857200000,-0.0000050511
1697860800000,-0.0000059497
1697864400000,-0.0000067518
1697868000000,-0.0000043655
1697871600000,-0.0000013006
1697875200000,-0.0000038446
1697878800000,0.0000064991
1697882400000,0.0000068323
1697886000000,-0.0000074449
1697889600000,-0.0000046384
1697893200000,-0.0000110722
1697896800000,-0.0000143273
1697900400000,-0.0000141695
1697904000000,-0.0000196305
1697907600000,-0.0000041545
1697911200000,-0.0000021073
1697914800000,-0.0000082063
1697918400000,-0.0000107293
1697922000000,-0.0000091898
1697925600000,-0.000012165
1697929200000,-0.0000114283
1697932800000,-0.0000119264
1697936400000,0.0000001529
1697940000000,-0.0000031012
1697943600000,-0.0000034758
1697947200000,-0.0000098957
1697950800000,-0.0000089751
1697954400000,-0.0000093453
1697958000000,-0.0000138698
1697961600000,-0.0000273811
1697965200000,-0.0000096413
1697968800000,-0.0000076505
1697972400000,-0.0000098874
1697976000000,-0.0000214139
1697979600000,-0.0000285286
1697983200000,-0.0000319467
1697986800000,-0.0000413967
1697990400000,-0.0000504462
1697994000000,-0.0000205881
1697997600000,-0.0000172228
1698001200000,-0.0000163407
1698004800000,-0.0000075431
1698008400000,-0.0000053082
1698012000000,-0.0000060971
1698015600000,0.0000046354
1698019200000,-0.0000078219
1698022800000,-0.0000021876
1698026400000,-0.0000068981
1698030000000,-0.0000083485
1698033600000,-0.0000097684
1698037200000,-0.0000081505
1698040800000,-0.0000105787
1698044400000,-0.0000174051
1698048000000,-0.0000114939
1698051600000,0.0000007075
1698055200000,-0.0000031199
1698058800000,-0.0000033259
1698062400000,-0.0000016713
1698066000000,-0.0000072746
1698069600000,-0.0000132831
1698073200000,-0.0000144072
1698076800000,-0.0000165911
1698080400000,-0.0000076396
1698084000000,-0.0000091432
1698087600000,-0.0000039813
1698091200000,0.0000000648
1698094800000,0.0000084585
1698098400000,0.0000059423
1698102000000,0.0000125
1698105600000,0.000068394
1698109200000,0.0000125
1698112800000,0.0000125
1698116400000,0.0000243593
1698120000000,0.0000125
1698123600000,0.0000125
1698127200000,0.0000168829
1698130800000,0.0000186375
1698134400000,0.0000336433
1698138000000,0.0000192261
1698141600000,0.0000125
1698145200000,0.0000125
1698148800000,0.0000125
1698152400000,0.0000125
1698156000000,0.0000125
1698159600000,0.0000125
1698163200000,0.0000125
1698166800000,0.0000125
1698170400000,0.0000125
1698174000000,0.0000125
1698177600000,0.0000125
1698181200000,0.0000125
1698184800000,0.0000125
1698188400000,0.0000125
1698192000000,0.0000125
1698195600000,0.0000125
1698199200000,0.0000125
1698202800000,0.0000125
1698206400000,0.0000125
1698210000000,0.0000368509
1698213600000,0.0000294696
1698217200000,0.0000229046
1698220800000,0.0000171226
1698224400000,0.0000125
1698228000000,0.0000125
1698231600000,0.0000125
1698235200000,0.0000197672
1698238800000,0.0000241307
1698242400000,0.0000288942
1698246000000,0.0000560926
1698249600000,0.0000730857
1698253200000,0.0000210363
1698256800000,0.0000125
1698260400000,0.0000125
1698264000000,0.0000125
1698267600000,0.0000125
1698271200000,0.0000125
1698274800000,0.0000125
1698278400000,0.0000125
1698282000000,0.0000125
1698285600000,0.0000125
1698289200000,0.0000125
1698292800000,0.0000149792
1698296400000,0.0000218574
1698300000000,0.0000141796
1698303600000,0.0000125
1698307200000,0.0000899829
1698310800000,0.0000389393
1698314400000,0.0000314809
1698318000000,0.0000361295
1698321600000,0.000030895
1698325200000,0.0000392183
1698328800000,0.0000240196
1698332400000,0.0000125
1698336000000,0.0000125
1698339600000,0.0000125
1698343200000,0.0000125
1698346800000,0.0000125
1698350400000,0.0000125
1698354000000,0.0000176285
1698357600000,0.0000320194
1698361200000,0.0000385974
1698364800000,0.0000404224
1698368400000,0.0000174566
1698372000000,0.0000214003
1698375600000,0.0000263025
1698379200000,0.0000253527
1698382800000,0.0000299891
1698386400000,0.0000286949
1698390000000,0.0000347587
1698393600000,0.000037644
1698397200000,0.0000125
1698400800000,0.0000139668
1698404400000,0.0000198361
1698408000000,0.0000202205
1698411600000,0.0000346663
1698415200000,0.0000469919
1698418800000,0.0000398662
1698422400000,0.0000565028
1698426000000,0.000022187
1698429600000,0.0000213278
1698433200000,0.0000255635
1698436800000,0.0000309524
1698440400000,0.0000339374
1698444000000,0.0000395522
1698447600000,0.0000484779
1698451200000,0.0000626973
1698454800000,0.0000278742
1698458400000,0.0000366165
1698462000000,0.0000509282
1698465600000,0.0000549193
1698469200000,0.0000539175
1698472800000,0.0000578298
1698476400000,0.0000591388
1698480000000,0.0000594017
1698483600000,0.0000315497
1698487200000,0.0000326542
1698490800000,0.0000301152
1698494400000,0.0000380892
1698498000000,0.0000372264
1698501600000,0.0000430242
1698505200000,0.0000476109
1698508800000,0.0000586612
1698512400000,0.0000295513
1698516000000,0.0000267251
1698519600000,0.000027823
1698523200000,0.0000276377
1698526800000,0.0000360096
1698530400000,0.0000361095
1698534000000,0.0000372503
1698537600000,0.0000447343
1698541200000,0.0000266246
1698544800000,0.0000228565
1698548400000,0.0000281494
1698552000000,0.0000289138
1698555600000,0.0000322022
1698559200000,0.0000350715
1698562800000,0.0000447345
1698566400000,0.0000474036
1698570000000,0.0000211183
1698573600000,0.0000285457
1698577200000,0.0000286242
1698580800000,0.0000369315
1698584400000,0.0000414342
1698588000000,0.0000524597
1698591600000,0.0000619533
1698595200000,0.0000565427
1698598800000,0.0000291657
1698602400000,0.0000392018
1698606000000,0.0000298081
1698609600000,0.0000359715
1698613200000,0.0000519805
1698616800000,0.0000612453
1698620400000,0.0000816617
1698624000000,0.0000848614
1698627600000,0.0000410767
1698631200000,0.0000451806
1698634800000,0.0000494846
1698638400000,0.0000499835
1698642000000,0.0000502204
1698645600000,0.0000436468
1698649200000,0.0000445254
1698652800000,0.0000561081
1698656400000,0.0000529067
1698660000000,0.0000546608
1698663600000,0.00006103
1698667200000,0.0000694362
1698670800000,0.0000670472
1698674400000,0.000077204
1698678000000,0.0000970151
1698681600000,0.0001056724
1698685200000,0.0000558994
1698688800000,0.0000505083
1698692400000,0.0000659694
1698696000000,0.0000735388
1698699600000,0.0000699484
1698703200000,0.0000851467
1698706800000,0.0000837888
1698710400000,0.0000902326
1698714000000,0.0000559554
1698717600000,0.0000535249
1698721200000,0.0000508545
1698724800000,0.0000439485
1698728400000,0.0000443305
1698732000000,0.0000430382
1698735600000,0.0000475623
1698739200000,0.0000564908
1698742800000,0.0000370509
1698746400000,0.0000387109
1698750000000,0.0000419959
1698753600000,0.0000558138
1698757200000,0.0000580463
1698760800000,0.0000498976
1698764400000,0.000050407
1698768000000,0.0000602861
1698771600000,0.0000350041
1698775200000,0.0000334066
1698778800000,0.0000390687
1698782400000,0.0000440141
1698786000000,0.0000470479
1698789600000,0.000051787
1698793200000,0.0000567781
1698796800000,0.0000652538
1698800400000,0.0000545094
1698804000000,0.0000459695
1698807600000,0.00004002
1698811200000,0.0000399979
1698814800000,0.0000438308
1698818400000,0.0000475196
1698822000000,0.0000327699
1698825600000,0.0000303798
1698829200000,0.0000136546
1698832800000,0.0000187174
1698836400000,0.0000125
1698840000000,0.0000125
1698843600000,0.0000201177
1698847200000,0.0000224666
1698850800000,0.0000159319
1698854400000,0.0000125
1698858000000,0.0000125
1698861600000,0.0000125
1698865200000,0.0000284077
1698868800000,0.0000456663
1698872400000,0.0000810738
1698876000000,0.0000801533
1698879600000,0.0000678277
1698883200000,0.000051849
1698886800000,0.0000257947
1698890400000,0.0000582073
1698894000000,0.0000628849
1698897600000,0.0000634774
1698901200000,0.0000712939
1698904800000,0.0000741687
1698908400000,0.0000512428
1698912000000,0.000058481
1698915600000,0.0000125
1698919200000,0.0000125
1698922800000,0.0000125
1698926400000,0.0000125
1698930000000,0.0000125
1698933600000,0.0000125
1698937200000,0.0000125
1698940800000,0.0000125
1698944400000,0.0000125
1698948000000,0.0000125
1698951600000,0.0000125
1698955200000,0.0000125
1698958800000,0.0000125
1698962400000,0.0000125
1698966000000,0.0000125
1698969600000,0.0000125
1698973200000,0.0000125
1698976800000,0.0000125
1698980400000,0.0000206625
1698984000000,0.0000302477
1698987600000,0.0000396149
1698991200000,0.0000337918
1698994800000,0.0000388017
1698998400000,0.0000439743
1699002000000,0.0000255223
1699005600000,0.0000278601
1699009200000,0.0000125
1699012800000,0.0000142551
1699016400000,0.0000157891
1699020000000,0.0000212276
1699023600000,0.000034134
1699027200000,0.0000291102
1699030800000,0.0000190389
1699034400000,0.0000125
1699038000000,0.0000125
1699041600000,0.0000160318
1699045200000,0.0000360675
1699048800000,0.0000467256
1699052400000,0.0000592894
1699056000000,0.0001079523
1699059600000,0.0000625464
1699063200000,0.0000682655
1699066800000,0.0000789943
1699070400000,0.0000843864
1699074000000,0.0001744011
1699077600000,0.0001949079
1699081200000,0.0002026585
1699084800000,0.0001263099
1699088400000,0.0000486763
1699092000000,0.0000512863
1699095600000,0.0000510459
1699099200000,0.0000507849
1699102800000,0.0000589373
1699106400000,0.0000620616
1699110000000,0.0000769961
1699113600000,0.0000927837
1699117200000,0.0000385906
1699120800000,0.0000372389
1699124400000,0.0000447423
1699128000000,0.0000485876
1699131600000,0.0000528906
1699135200000,0.0000576196
1699138800000,0.0001201826
1699142400000,0.0001726002
1699146000000,0.000047896
1699149600000,0.0000354009
1699153200000,0.0000381218
1699156800000,0.0000814316
1699160400000,0.000122251
1699164000000,0.0001159876
1699167600000,0.0000911551
1699171200000,0.0000912789
1699174800000,0.0000246542
1699178400000,0.0000125
1699182000000,0.000031349
1699185600000,0.0000311874
1699189200000,0.0000403627
1699192800000,0.0000349313
1699196400000,0.000016544
1699200000000,0.0000314009
1699203600000,0.0000125
1699207200000,0.0000456168
1699210800000,0.0000498929
1699214400000,0.0000462051
1699218000000,0.0000421308
1699221600000,0.0000125
1699225200000,0.0000187393
1699228800000,0.0000700853
1699232400000,0.000035764
1699236000000,0.0000349094
1699239600000,0.0000422113
1699243200000,0.0000504013
1699246800000,0.0000345796
1699250400000,0.0000282556
1699254000000,0.0000396624
1699257600000,0.00004843
1699261200000,0.000023425
1699264800000,0.0000304066
1699268400000,0.0000370866
1699272000000,0.0000325986
1699275600000,0.0000431258
1699279200000,0.0000551917
1699282800000,0.0000653217
1699286400000,0.0000639758
1699290000000,0.0000266677
1699293600000,0.0000277751
1699297200000,0.0000301632
1699300800000,0.0000305527
1699304400000,0.0000263426
1699308000000,0.0000195187
1699311600000,0.0000267519
1699315200000,0.0000324042
1699318800000,0.0000125
1699322400000,0.0000126443
1699326000000,0.0000145626
1699329600000,0.0000185801
1699333200000,0.0000306319
1699336800000,0.0000398389
1699340400000,0.0000321234
1699344000000,0.0000343045
1699347600000,0.0000125
1699351200000,0.0000125
1699354800000,0.0000125
1699358400000,0.0000125
1699362000000,0.0000202283
1699365600000,0.0000245509
1699369200000,0.0000295677
1699372800000,0.0000299992
1699376400000,0.0000125
1699380000000,0.0000125
1699383600000,0.0000203535
1699387200000,0.000021711
1699390800000,0.0000283672
1699394400000,0.0000318921
1699398000000,0.0000326116
1699401600000,0.000038438
1699405200000,0.0000206454
1699408800000,0.0000194198
1699412400000,0.0000242401
1699416000000,0.0000304009
1699419600000,0.0000399555
1699423200000,0.0000287507
1699426800000,0.0000357973
1699430400000,0.000053155
1699434000000,0.00002307
1699437600000,0.0000189752
1699441200000,0.000013944
1699444800000,0.0000178086
1699448400000,0.0000238044
1699452000000,0.0000315421
1699455600000,0.0000343749
1699459200000,0.0000452485
1699462800000,0.0000271053
1699466400000,0.0000296945
1699470000000,0.0000464526
1699473600000,0.0000772792
1699477200000,0.0001002611
1699480800000,0.0000563824
1699484400000,0.0000203748
1699488000000,0.0000369706
1699491600000,0.0000249687
1699495200000,0.0000352787
1699498800000,0.0000532468
1699502400000,0.0000561955
1699506000000,0.0000653419
1699509600000,0.0000812609
1699513200000,0.0000503899
1699516800000,0.0001063612
1699520400000,0.0000673905
1699524000000,0.0000805256
1699527600000,0.0000824027
1699531200000,0.0000888249
1699534800000,0.0001032068
1699538400000,0.0001083545
1699542000000,0.0002356064
1699545600000,0.000505833
1699549200000,0.000151771
1699552800000,0.0001329511
1699556400000,0.0000502927
1699560000000,0.0000422735
1699563600000,0.0000448162
1699567200000,0.0001334059
1699570800000,0.0003132841
1699574400000,0.0002745713
1699578000000,0.0001397332
1699581600000,0.000155036
1699585200000,0.0001840589
1699588800000,0.0001014833
1699592400000,0.0000546445
1699596000000,0.0000609598
1699599600000,0.0000503753
1699603200000,0.0001357698
1699606800000,0.0001219078
1699610400000,0.0001344137
1699614000000,0.000136335
1699617600000,0.0001361528
1699621200000,0.0001312073
1699624800000,0.0001364157
1699628400000,0.000137415
1699632000000,0.0001467931
1699635600000,0.0000911202
1699639200000,0.0000995146
1699642800000,0.0001262761
1699646400000,0.0000648094
1699650000000,0.0000724672
1699653600000,0.0000849089
1699657200000,0.000061236
1699660800000,0.0000459945
1699664400000,0.000050257
1699668000000,0.0001119953
1699671600000,0.0001510395
1699675200000,0.0001052692
1699678800000,0.0001215967
1699682400000,0.0001291113
1699686000000,0.0001388483
1699689600000,0.0001397087
1699693200000,0.0000546015
1699696800000,0.0000680628
1699700400000,0.0000785552
1699704000000,0.000097871
1699707600000,0.0001141945
1699711200000,0.0001180755
1699714800000,0.0001621075
1699718400000,0.0002086143
1699722000000,0.0001074949
1699725600000,0.00007056
1699729200000,0.0000729074
1699732800000,0.0000800719
1699736400000,0.0000421445
1699740000000,0.0000617022
1699743600000,0.0000986431
1699747200000,0.0000125
1699750800000,0.0000176914
1699754400000,0.0000349464
1699758000000,0.0000721031
1699761600000,0.0000836422
1699765200000,0.0000881892
1699768800000,0.0001019191
1699772400000,0.0001207019
1699776000000,0.0001246996
1699779600000,0.0000646118
1699783200000,0.0000737493
1699786800000,0.00007916
1699790400000,0.0000879457
1699794000000,0.0001054511
1699797600000,0.0001005711
1699801200000,0.0000677834
1699804800000,0.0000917682
1699808400000,0.0000684821
1699812000000,0.0000610404
1699815600000,0.0000744405
1699819200000,0.0000597935
1699822800000,0.0000436962
1699826400000,0.0001133661
1699830000000,0.0001623518
1699833600000,0.0001523789
1699837200000,0.0000480071
1699840800000,0.0000983899
1699844400000,0.0001217264
1699848000000,0.0000504913
1699851600000,0.0000316341
1699855200000,0.0000345969
1699858800000,0.0000371676
1699862400000,0.000074775
1699866000000,0.0000464277
1699869600000,0.0000495456
1699873200000,0.000067462
1699876800000,0.0000625059
1699880400000,0.0000749087
1699884000000,0.0001175647
1699887600000,0.0001522524
1699891200000,0.0001655506
1699894800000,0.0000814443
1699898400000,0.0000763486
1699902000000,0.0000816282
1699905600000,0.0000896062
1699909200000,0.0001194628
1699912800000,0.0000944241
1699916400000,0.0000666574
1699920000000,0.0000699085
1699923600000,0.0000250068
1699927200000,0.0000283277
1699930800000,0.0000528571
1699934400000,0.0000612687
1699938000000,0.0000736568
1699941600000,0.000075833
1699945200000,0.000123344
1699948800000,0.0001074931
1699952400000,0.0000339307
1699956000000,0.0000425833
1699959600000,0.000043524
1699963200000,0.0000211523
1699966800000,0.0000816641
1699970400000,0.0000810888
1699974000000,0.0000316343
1699977600000,0.0000490339
1699981200000,0.0000458451
1699984800000,0.0000513982
1699988400000,0.0000414914
1699992000000,0.0000859929
1699995600000,0.0000961613
1699999200000,0.0000880214
1700002800000,0.0000810726
1700006400000,0.0000776936
1700010000000,0.0000518243
1700013600000,0.0000479214
1700017200000,0.0000597703
1700020800000,0.0000706138
1700024400000,0.000066179
1700028000000,0.0000730735
1700031600000,0.0000909258
1700035200000,0.0000898115
1700038800000,0.0000356883
1700042400000,0.0000125
1700046000000,0.0000306125
1700049600000,0.0000552578
1700053200000,0.0000489362
1700056800000,0.0000587721
1700060400000,0.0000352186
1700064000000,0.000059785
1700067600000,0.0000366612
1700071200000,0.0000345818
1700074800000,0.0000336061
1700078400000,0.0000315913
1700082000000,0.0000147203
1700085600000,0.0000125
1700089200000,0.0000125
1700092800000,0.0000125
1700096400000,0.0000125
1700100000000,0.0000241067
1700103600000,0.0000459747
1700107200000,0.0000634934
1700110800000,0.0000581832
1700114400000,0.0000468773
1700118000000,0.0000539307
1700121600000,0.0000536926
1700125200000,0.0000167555
1700128800000,0.0000203684
1700132400000,0.0000194407
1700136000000,0.0000615694
1700139600000,0.0000776531
1700143200000,0.0000565628
1700146800000,0.0000323376
1700150400000,0.0000275994
1700154000000,0.0000391111
1700157600000,0.0000493047
1700161200000,0.0000573555
1700164800000,0.000067123
1700168400000,0.000099413
1700172000000,0.000116553
1700175600000,0.0001211109
1700179200000,0.000135231
1700182800000,0.0000638589
1700186400000,0.00005088
1700190000000,0.0000566293
1700193600000,0.0000545749
1700197200000,0.0000604787
1700200800000,0.0000614113
1700204400000,0.0000430209
1700208000000,0.000045328
1700211600000,0.0000211155
1700215200000,0.0000308786
1700218800000,0.0000489587
1700222400000,0.0000536253
1700226000000,0.0000677908
1700229600000,0.0000729623
1700233200000,0.0000817989
1700236800000,0.0000498922
1700240400000,0.0000193126
1700244000000,0.0000214806
1700247600000,0.0000394748
1700251200000,0.0000403348
1700254800000,0.0000428841
1700258400000,0.0000337755
1700262000000,0.000067543
1700265600000,0.0001102336
1700269200000,0.00005137
1700272800000,0.0000515152
1700276400000,0.0000537823
1700280000000,0.0000184723
1700283600000,0.0000244781
1700287200000,0.0000265857
1700290800000,0.0000239071
1700294400000,0.0000258284
1700298000000,0.0000156495
1700301600000,0.0000200025
1700305200000,0.0000209939
1700308800000,0.0000136375
1700312400000,0.0000247655
1700316000000,0.0000223172
1700319600000,0.000027599
1700323200000,0.0000167847
1700326800000,0.0000125
1700330400000,0.0000125
1700334000000,0.0000125
1700337600000,0.0000125
1700341200000,0.0000125
1700344800000,0.0000125
1700348400000,0.0000125
1700352000000,0.0000125
1700355600000,0.000021725
1700359200000,0.0000294041
1700362800000,0.0000346772
1700366400000,0.0000374435
1700370000000,0.00003096
1700373600000,0.0000367458
1700377200000,0.00004581
1700380800000,0.0000497637
1700384400000,0.0000278614
1700388000000,0.0000348891
1700391600000,0.0000299445
1700395200000,0.0000256347
1700398800000,0.0000275437
1700402400000,0.0000304928
1700406000000,0.0000421736
1700409600000,0.0000597123
1700413200000,0.0000294275
1700416800000,0.0000343467
1700420400000,0.0000439353
1700424000000,0.000041669
1700427600000,0.0000556962
1700431200000,0.0000574846
1700434800000,0.0000623477
1700438400000,0.0001160318
1700442000000,0.0000628921
1700445600000,0.0000628959
1700449200000,0.000073644
1700452800000,0.0000827613
1700456400000,0.000102677
1700460000000,0.0001492173
1700463600000,0.0001830858
1700467200000,0.0001922738
1700470800000,0.0001070756
1700474400000,0.0001018796
1700478000000,0.0000918588
1700481600000,0.0000972998
1700485200000,0.00008048
1700488800000,0.0000730231
1700492400000,0.0001050503
1700496000000,0.0001557845
1700499600000,0.0000946871
1700503200000,0.0000441033
1700506800000,0.0000780849
1700510400000,0.0000866567
1700514000000,0.0000750947
1700517600000,0.0000313939
1700521200000,0.0000125
1700524800000,0.0000125
1700528400000,0.0000125
1700532000000,0.0000125
1700535600000,0.0000206191
1700539200000,0.0000146656
1700542800000,0.0000125973
1700546400000,0.0000125
1700550000000,0.0000160708
1700553600000,0.0000269935
1700557200000,0.0000125
1700560800000,0.0000125
1700564400000,0.0000128764
1700568000000,0.0000125
1700571600000,0.0000219373
1700575200000,0.0000314815
1700578800000,0.0000352323
1700582400000,-0.000028232
1700586000000,0.0000023281
1700589600000,0.000010752
1700593200000,0.0000125
1700596800000,-0.0000330896
1700600400000,0.0000125
1700604000000,0.0000125
1700607600000,0.0000125
1700611200000,0.0000125
1700614800000,0.0000125
1700618400000,0.0000125
1700622000000,0.0000125
1700625600000,0.0000125
1700629200000,0.0000125
1700632800000,0.0000125
1700636400000,0.0000125
1700640000000,0.0000125
1700643600000,0.0000125
1700647200000,0.0000125
1700650800000,0.0000125
1700654400000,0.0000125
1700658000000,0.0000125
1700661600000,0.0000125
1700665200000,0.0000125
1700668800000,0.0000277224
1700672400000,0.0000135823
1700676000000,0.0000125
1700679600000,0.0000326398
1700683200000,0.0000660486
1700686800000,0.0000956201
1700690400000,0.0000722062
1700694000000,0.0000468278
1700697600000,0.0000125
1700701200000,0.0000125
1700704800000,0.0000125
1700708400000,0.0000125
1700712000000,0.0000125
1700715600000,0.0000125
1700719200000,0.0000125
1700722800000,0.0000125
1700726400000,0.0000125
1700730000000,0.0000125
1700733600000,0.0000125
1700737200000,0.0000125
1700740800000,0.0000125
1700744400000,0.0000125
1700748000000,0.0000125
1700751600000,0.0000125
1700755200000,0.0000125
1700758800000,0.0000125
1700762400000,0.0000125
1700766000000,0.0000125
1700769600000,0.0000125
1700773200000,0.0000125
1700776800000,0.0000125
1700780400000,0.0000125
1700784000000,0.0000125
1700787600000,0.0000125
1700791200000,0.0000125
1700794800000,0.0000125
1700798400000,0.0000125
1700802000000,0.0000125
1700805600000,0.0000125
1700809200000,0.0000125
1700812800000,0.0000125
1700816400000,0.0000125
1700820000000,0.0000125
1700823600000,0.0000322005
1700827200000,0.0000348745
1700830800000,0.0000125
1700834400000,0.0000125
1700838000000,0.0000125
1700841600000,0.000016133
1700845200000,0.0000125
1700848800000,0.0000125
1700852400000,0.0000125
1700856000000,0.0000125
1700859600000,0.0000125
1700863200000,0.0000125
1700866800000,0.0000125
1700870400000,0.0000131128
1700874000000,0.0000125
1700877600000,0.0000125
1700881200000,0.0000125
1700884800000,0.0000125
1700888400000,0.0000125
1700892000000,0.0000125
1700895600000,0.0000125
1700899200000,0.0000125
1700902800000,0.0000125
1700906400000,0.0000125
1700910000000,0.0000125
1700913600000,0.0000125
1700917200000,0.0000125
1700920800000,0.0000125
1700924400000,0.0000125
1700928000000,0.0000127753
1700931600000,0.0000125
1700935200000,0.0000125
1700938800000,0.0000125
1700942400000,0.0000125
1700946000000,0.0000125
1700949600000,0.0000125
1700953200000,0.0000125
1700956800000,0.0000206051
1700960400000,0.0000187041
1700964000000,0.0000260584
1700967600000,0.0000294841
1700971200000,0.0000288615
1700974800000,0.0000331148
1700978400000,0.0000281195
1700982000000,0.0000350417
1700985600000,0.0000527321
1700989200000,0.0000285447
1700992800000,0.000031148
1700996400000,0.0000368715
1701000000000,0.0000435443
1701003600000,0.0000494988
1701007200000,0.0000389447
1701010800000,0.0000287584
1701014400000,0.0000394251
1701018000000,0.0000152883
1701021600000,0.0000236194
1701025200000,0.0000385455
1701028800000,0.0000482013
1701032400000,0.0000670313
1701036000000,0.0000663697
1701039600000,0.0000614196
1701043200000,0.0000545774
1701046800000,0.0000332742
1701050400000,0.0000332369
1701054000000,0.0000125
1701057600000,0.0000125
1701061200000,0.0000125
1701064800000,0.0000125
1701068400000,0.0000125
1701072000000,0.0000125
1701075600000,0.0000125
1701079200000,0.0000125
1701082800000,0.0000125
1701086400000,0.0000125
1701090000000,0.0000125
1701093600000,0.0000125
1701097200000,0.0000125
1701100800000,0.0000125
1701104400000,0.0000144803
1701108000000,0.0000129069
1701111600000,0.0000318762
1701115200000,0.0000401179
1701118800000,0.0000316491
1701122400000,0.0000230507
1701126000000,0.0000266949
1701129600000,0.0000205595
1701133200000,0.0000125
1701136800000,0.0000125
1701140400000,0.0000125
1701144000000,0.0000125
1701147600000,0.0000041825
1701151200000,-0.0000009659
1701154800000,0.0000125
1701158400000,0.0000125
1701162000000,0.0000125
1701165600000,0.0000125
1701169200000,0.0000125
1701172800000,0.0000125
1701176400000,0.0000125
1701180000000,0.0000125
1701183600000,0.0000125
1701187200000,0.0000125
1701190800000,0.0000179852
1701194400000,0.0000330388
1701198000000,0.000016593
1701201600000,0.0000125
1701205200000,0.0000125
1701208800000,0.0000125
1701212400000,0.0000125
1701216000000,0.0000125
1701219600000,0.0000125
1701223200000,0.0000125
1701226800000,0.0000125
1701230400000,0.0000125
1701234000000,0.0000125
1701237600000,0.0000125
1701241200000,0.0000125
1701244800000,0.0000125
1701248400000,0.0000125
1701252000000,0.0000125
1701255600000,0.0000125
1701259200000,0.0000125
1701262800000,0.0000125
1701266400000,0.0000125
1701270000000,0.0000125
1701273600000,0.0000125
1701277200000,0.0000125
1701280800000,0.0000125
1701284400000,0.0000125
1701288000000,0.0000125
1701291600000,0.0000125
1701295200000,0.0000141104
1701298800000,0.0000125
1701302400000,0.0000125
1701306000000,0.0000125
1701309600000,0.0000125
1701313200000,0.0000160932
1701316800000,0.0000125
1701320400000,0.0000125
1701324000000,0.0000125
1701327600000,0.0000125
1701331200000,0.0000125
1701334800000,0.0000125
1701338400000,0.0000125
1701342000000,0.0000125
1701345600000,0.0000125
1701349200000,0.0000219274
1701352800000,0.0000151556
1701356400000,0.0000125
1701360000000,0.0000523662
1701363600000,0.0000396275
1701367200000,0.000043086
1701370800000,0.0000460209
1701374400000,0.0000551401
1701378000000,0.0000740834
1701381600000,0.0001041738
1701385200000,0.0001027092
1701388800000,0.000115571
1701392400000,0.0000522716
1701396000000,0.0000756029
1701399600000,0.0000699427
1701403200000,0.0000798169
1701406800000,0.0000765075
1701410400000,0.0000456855
1701414000000,0.0000528704
1701417600000,0.0000686042
1701421200000,0.0000373406
1701424800000,0.0000412441
1701428400000,0.0000256645
1701432000000,0.0000187202
1701435600000,0.0000271714
1701439200000,0.0000229129
1701442800000,0.000019151
1701446400000,0.0000470832
1701450000000,0.0000134488
1701453600000,0.0000190582
1701457200000,0.0000193728
1701460800000,0.0000246686
1701464400000,0.000030473
1701468000000,0.000027801
1701471600000,0.0000199678
1701475200000,0.0000125
1701478800000,0.0000125
1701482400000,0.0000125
1701486000000,0.0000125
1701489600000,0.0000125
1701493200000,0.0000125
1701496800000,0.000023996
1701500400000,0.0000456462
1701504000000,0.0001033057
1701507600000,0.0000638594
1701511200000,0.0000795622
1701514800000,0.0000983527
1701518400000,0.0001031953
1701522000000,0.0001148489
1701525600000,0.0001271046
1701529200000,0.0000783531
1701532800000,0.0001114415
1701536400000,0.0000125
1701540000000,0.000023797
1701543600000,0.0001021568
1701547200000,0.00011826
1701550800000,0.0000931049
1701554400000,0.000113468
1701558000000,0.0001130912
1701561600000,0.0000698512
1701565200000,0.0000524896
1701568800000,0.0000535769
1701572400000,0.0000336434
1701576000000,0.0000585137
1701579600000,0.000096935
1701583200000,0.0000950457
1701586800000,0.0000979383
1701590400000,0.0000995932
1701594000000,0.0000390546
1701597600000,0.0000139023
1701601200000,0.000026174
1701604800000,0.0000223928
1701608400000,0.0000125
1701612000000,0.0000462587
1701615600000,0.0000574089
1701619200000,0.0000469715
1701622800000,0.0000305732
1701626400000,0.0000271811
1701630000000,0.0000424744
1701633600000,0.0000664188
1701637200000,0.0000263379
1701640800000,0.0000938786
1701644400000,0.0001614074
1701648000000,0.0001578318
1701651600000,0.0000677652
1701655200000,0.0000806849
1701658800000,0.0000864385
1701662400000,0.0000890079
1701666000000,0.000113956
1701669600000,0.0001196238
1701673200000,0.000105539
1701676800000,0.000135238
1701680400000,0.0000705815
1701684000000,0.0000906172
1701687600000,0.0000784773
1701691200000,0.0000753408
1701694800000,0.0000537186
1701698400000,0.0000648207
1701702000000,0.0000125
1701705600000,0.0000125
1701709200000,0.0000125
1701712800000,0.0000125
1701716400000,0.0000142843
1701720000000,0.0000155019
1701723600000,0.0000188598
1701727200000,0.0000125
1701730800000,0.0000181359
1701734400000,0.0000188111
1701738000000,0.0000364867
1701741600000,0.0000481608
1701745200000,0.000048743
1701748800000,0.0000536022
1701752400000,0.000047185
1701756000000,0.0000528425
1701759600000,0.0000626435
1701763200000,0.0000453915
1701766800000,0.0000256875
1701770400000,0.0000288428
1701774000000,0.0000348781
1701777600000,0.000032687
1701781200000,0.0000277239
1701784800000,0.0000465477
1701788400000,0.0000125
1701792000000,0.0000497382
1701795600000,0.00003707
1701799200000,0.0000691633
1701802800000,0.0000838144
1701806400000,0.0000763637
1701810000000,0.0001054461
1701813600000,0.0001224211
1701817200000,0.0001541197
1701820800000,0.0002098975
1701824400000,0.0000915441
1701828000000,0.0001101394
1701831600000,0.0001228052
1701835200000,0.0001255264
1701838800000,0.000090008
1701842400000,0.0000413259
1701846000000,0.000054704
1701849600000,0.0000463121
1701853200000,0.0000240959
1701856800000,0.0000337058
1701860400000,0.0000462366
1701864000000,0.0000125
1701867600000,0.0000125
1701871200000,0.0000125
1701874800000,0.0000125
1701878400000,0.0000347201
1701882000000,0.0000374891
1701885600000,0.0000396592
1701889200000,0.0000432396
1701892800000,0.000046509
1701896400000,0.0000627248
1701900000000,0.0000482119
1701903600000,0.0000286276
1701907200000,0.0000125
1701910800000,0.0000125
1701914400000,0.0000125
1701918000000,0.0000125
1701921600000,0.0000125
1701925200000,0.0000125
1701928800000,0.0000125
1701932400000,0.0000125
1701936000000,0.0000125
1701939600000,0.0000125
1701943200000,0.0000125
1701946800000,0.0000125
1701950400000,0.0000125
1701954000000,0.0000338221
1701957600000,0.0000483854
1701961200000,0.0000641686
1701964800000,0.0001137357
1701968400000,0.0000823377
1701972000000,0.0001110422
1701975600000,0.0001406388
1701979200000,0.0001456533
1701982800000,0.000152987
1701986400000,0.0001540515
1701990000000,0.0001348038
1701993600000,0.0001216191
1701997200000,0.0000537685
1702000800000,0.0000616855
1702004400000,0.000060308
1702008000000,0.0000711889
1702011600000,0.0000895628
1702015200000,0.0000810483
1702018800000,0.0000767409
1702022400000,0.0001045913
1702026000000,0.0000734066
1702029600000,0.0000657644
1702033200000,0.0000766393
1702036800000,0.0000832885
1702040400000,0.0000866276
1702044000000,0.0000769287
1702047600000,0.0000680005
1702051200000,0.0000854645
1702054800000,0.0000445865
1702058400000,0.0000417885
1702062000000,0.0000551327
1702065600000,0.0000585376
1702069200000,0.0000546751
1702072800000,0.0000666158
1702076400000,0.0000624524
1702080000000,0.0000659752
1702083600000,0.0000296037
1702087200000,0.0000604382
1702090800000,0.0000487571
1702094400000,0.0000478767
1702098000000,0.0000612424
1702101600000,0.0000735832
1702105200000,0.0001051993
1702108800000,0.0001457437
1702112400000,0.0000789063
1702116000000,0.0000605766
1702119600000,0.0000691228
1702123200000,0.0000847626
1702126800000,0.000092447
1702130400000,0.0000965986
1702134000000,0.0001057072
1702137600000,0.0000845506
1702141200000,0.0000466375
1702144800000,0.0000509728
1702148400000,0.0000494709
1702152000000,0.0000635894
1702155600000,0.0000620639
1702159200000,0.0000731789
1702162800000,0.00009566
1702166400000,0.0000615265
1702170000000,0.000035111
1702173600000,0.0000518297
1702177200000,0.0000535574
1702180800000,0.0000605629
1702184400000,0.0000647367
1702188000000,0.0000730142
1702191600000,0.0000663472
1702195200000,0.0000495861
1702198800000,0.0000305581
1702202400000,0.0000317844
1702206000000,0.0000454987
1702209600000,0.0000505344
1702213200000,0.0000663823
1702216800000,0.0000725523
1702220400000,0.0000487618
1702224000000,0.0000552352
1702227600000,0.0000231843
1702231200000,0.0000210909
1702234800000,0.0000244071
1702238400000,0.0000357035
1702242000000,0.0000492711
1702245600000,0.0000589224
1702249200000,0.0000591254
1702252800000,0.0000580262
1702256400000,0.0000363048
1702260000000,0.0000414112
1702263600000,0.0001733153
1702267200000,0.0000245676
1702270800000,0.0000357481
1702274400000,0.0000590948
1702278000000,0.000102809
1702281600000,0.0001436686
1702285200000,0.0000884917
1702288800000,0.0000953911
1702292400000,0.0001108867
1702296000000,0.0001202471
1702299600000,0.000124878
1702303200000,0.0001153524
1702306800000,0.0001273872
1702310400000,0.0001109232
1702314000000,0.0000671532
1702317600000,0.0000648362
1702321200000,0.000090402
1702324800000,0.0000920223
1702328400000,0.00009383
1702332000000,0.0001336366
1702335600000,0.000075304
1702339200000,0.0000312086
1702342800000,0.0000493814
1702346400000,0.00005837
1702350000000,0.0000705819
1702353600000,0.0000757409
1702357200000,0.0000824275
1702360800000,0.0000739889
1702364400000,0.0000928643
1702368000000,0.0000857972
1702371600000,0.0000433619
1702375200000,0.0000552125
1702378800000,0.0000591584
1702382400000,0.0000203743
1702386000000,0.0000125
1702389600000,0.0000125
1702393200000,0.0000125
1702396800000,0.0000690147
1702400400000,0.000036191
1702404000000,0.0000270597
1702407600000,0.0000421596
1702411200000,0.0000125
1702414800000,0.0000125
1702418400000,0.0000158305
1702422000000,0.0000216997
1702425600000,0.0000397138
1702429200000,0.0000226433
1702432800000,0.0000211348
1702436400000,0.0000125
1702440000000,0.0000125
1702443600000,0.0000125
1702447200000,0.0000156779
1702450800000,0.0000370159
1702454400000,0.0000647661
1702458000000,0.0000373978
1702461600000,0.0000481098
1702465200000,0.0000445947
1702468800000,0.0000549928
1702472400000,0.0000559196
1702476000000,0.0000483098
1702479600000,0.0000690812
1702483200000,0.0000713806
1702486800000,0.0000246959
1702490400000,0.0000203801
1702494000000,0.0000268834
1702497600000,0.0000481736
1702501200000,0.0000815565
1702504800000,0.0001162266
1702508400000,0.0001184887
1702512000000,0.0001300573
1702515600000,0.0000592414
1702519200000,0.0000616912
1702522800000,0.0000661391
1702526400000,0.0000598648
1702530000000,0.0000566672
1702533600000,0.0000745061
1702537200000,0.0000912813
1702540800000,0.0000910838
1702544400000,0.0000515906
1702548000000,0.0000599285
1702551600000,0.0000622162
1702555200000,0.0000767992
1702558800000,0.0000943146
1702562400000,0.0000535004
1702566000000,0.0000887594
1702569600000,0.0000838171
1702573200000,0.0000599389
1702576800000,0.000065221
1702580400000,0.0000650387
1702584000000,0.0000273236
1702587600000,0.000062955
1702591200000,0.0000602146
1702594800000,0.0000668979
1702598400000,0.0001145053
1702602000000,0.0000435157
1702605600000,0.0000324707
1702609200000,0.0000539612
1702612800000,0.0000381812
1702616400000,0.0000125
1702620000000,0.0000125
1702623600000,0.0000125
1702627200000,0.0000125
1702630800000,0.0000125
1702634400000,0.0000125
1702638000000,0.0000165453
1702641600000,0.0000364648
1702645200000,0.0000430067
1702648800000,0.0000312576
1702652400000,0.0000236348
1702656000000,0.000028226
1702659600000,0.0000159135
1702663200000,0.0000125
1702666800000,0.000021011
1702670400000,0.0000491209
1702674000000,0.0000655713
1702677600000,0.0000803995
1702681200000,0.0000644012
1702684800000,0.0000286318
1702688400000,0.0000135989
1702692000000,0.0000312596
1702695600000,0.0000348343
1702699200000,0.0000579242
1702702800000,0.0000699433
1702706400000,0.0000609351
1702710000000,0.0000267218
1702713600000,0.0000211261
1702717200000,0.0000320638
1702720800000,0.0000369509
1702724400000,0.0000268315
1702728000000,0.000040705
1702731600000,0.0000445089
1702735200000,0.0000581527
1702738800000,0.0000636886
1702742400000,0.0000705279
1702746000000,0.0000320569
1702749600000,0.0000294783
1702753200000,0.0000172128
1702756800000,0.0000125
1702760400000,0.0000125
1702764000000,0.0000125
1702767600000,0.0000125
1702771200000,0.0000125
1702774800000,0.0000125
1702778400000,0.0000125
1702782000000,0.0000125
1702785600000,0.0000125
1702789200000,0.0000151922
1702792800000,0.0000139371
1702796400000,0.0000342456
1702800000000,0.0000467953
1702803600000,0.0000215728
1702807200000,0.0000300806
1702810800000,0.0000360354
1702814400000,0.0000484452
1702818000000,0.0000473507
1702821600000,0.0000125
1702825200000,0.0000328485
1702828800000,0.0000553427
1702832400000,0.0000376896
1702836000000,0.0000613311
1702839600000,0.0000754241
1702843200000,0.0001024415
1702846800000,0.0001169005
1702850640000,0.0001346899
1702854000000,0.0001441959
1702857600000,0.0000669688
1702861200000,0.0000125
1702864800000,0.0000125
1702868400000,0.0000125
1702872000000,0.0000141644
1702875600000,0.0000159003
1702879200000,0.0000154273
1702882800000,0.0000182252
1702886400000,0.0000353052
1702890000000,0.0000125
1702893600000,0.0000201322
1702897200000,0.0000125
1702900800000,0.000014791
1702904400000,0.0000355442
1702908000000,0.0000438098
1702911600000,0.0000483221
1702915200000,0.0000654762
1702918800000,0.0000125
1702922400000,0.0000125
1702926000000,0.0000125
1702929600000,0.0000125
1702933200000,0.0000125
1702936800000,0.0000247951
1702940400000,0.0000400647
1702944000000,0.0000125
1702947600000,0.0000125
1702951200000,0.0000283439
1702954800000,0.0000468505
1702958400000,0.0000459611
1702962000000,0.0000125
1702965600000,0.0000125
1702969200000,0.0000203065
1702972800000,0.0000125
1702976400000,0.0000125
1702980000000,0.0000125
1702983600000,0.0000125
1702987200000,0.0000125
1702990800000,0.0000125
1702994400000,0.0000125
1702998000000,0.0000125
1703001600000,0.0000125
1703005200000,0.0000125
1703008800000,0.0000125
1703012400000,0.0000125
1703016000000,0.0000125
1703019600000,0.0000125
1703023200000,0.0000125
1703026800000,0.0000198666
1703030400000,0.0000412488
1703034000000,0.0000374452
1703037600000,0.0000470031
1703041200000,0.000059064
1703044800000,0.0000786779
1703048400000,0.0000436935
1703052000000,0.0000223759
1703055600000,0.0000682385
1703059200000,0.0000458114
1703062800000,0.0000393844
1703066400000,0.0000646444
1703070000000,0.0000665871
1703073600000,0.0000148415
1703077200000,0.0000498328
1703080800000,0.0000994129
1703084400000,0.0001263487
1703088000000,0.0001267997
1703091600000,0.0000938364
1703095200000,0.0000354364
1703098800000,0.000030308
1703102400000,0.0000125
1703106000000,0.0000125
1703109600000,0.0000125
1703113200000,0.0000125
1703116800000,0.0000125
1703120400000,0.0000125
1703124000000,0.0000125
1703127600000,0.0000206671
1703131200000,0.0000469214
1703134800000,0.0000454388
1703138400000,0.0000438294
1703142000000,0.0000578403
1703145600000,0.000078857
1703149200000,0.0000359724
1703152800000,0.0000473192
1703156400000,0.0000832051
1703160000000,0.0001316453
1703163600000,0.0001554201
1703167200000,0.0001242761
1703170800000,0.0000645264
1703174400000,0.0000682021
1703178000000,0.000039537
1703181600000,0.0000554105
1703185200000,0.0000832241
1703188800000,0.0000564332
1703192400000,0.0000670706
1703196000000,0.0001282974
1703199600000,0.0001034181
1703203200000,0.0000732207
1703206800000,0.0000529036
1703210400000,0.0000801174
1703214000000,0.0000910109
1703217600000,0.0000857977
1703221200000,0.0001018402
1703224800000,0.000128121
1703228400000,0.0001592112
1703232000000,0.000235546
1703235600000,0.0001618456
1703239200000,0.0002083353
1703242800000,0.0002357989
1703246400000,0.0002426226
1703250000000,0.0002007058
1703253600000,0.0000853318
1703257200000,0.0001130847
1703260800000,0.0000782867
1703264400000,0.0001024434
1703268000000,0.0001206234
1703271600000,0.00005535
1703275200000,0.0000485453
1703278800000,0.0000942543
1703282400000,0.0000670049
1703286000000,0.0001173525
1703289600000,0.0001299157
1703293200000,0.0000730269
1703296800000,0.000034936
1703300400000,0.0000125
1703304000000,0.0000207694
1703307600000,0.0000658277
1703311200000,0.0000845196
1703314800000,0.0000466158
1703318400000,0.0000550769
1703322000000,0.0000181671
1703325600000,0.0000392938
1703329200000,0.0000444799
1703332800000,0.0000559975
1703336400000,0.0000688264
1703340000000,0.0000742218
1703343600000,0.0000859997
1703347200000,0.0000879319
1703350800000,0.0000432889
1703354400000,0.0000355236
1703358000000,0.0000536059
1703361600000,0.000060028
1703365200000,0.0000645429
1703368800000,0.0000578117
1703372400000,0.000068351
1703376000000,0.0001061695
1703379600000,0.0000336083
1703383200000,0.0000608819
1703386800000,0.0000371729
1703390400000,0.0000306095
1703394000000,0.0000573541
1703397600000,0.0000465925
1703401200000,0.0000626731
1703404800000,0.0000568312
1703408400000,0.0000235932
1703412000000,0.0000329213
1703415600000,0.0000294608
1703419200000,0.0000336328
1703422800000,0.0000508702
1703426400000,0.0000631361
1703430000000,0.0000728623
1703433600000,0.0000730802
1703437200000,0.0000403389
1703440800000,0.0000420622
1703444400000,0.0000475682
1703448000000,0.000055676
1703451600000,0.0000410757
1703455200000,0.0000403112
1703458800000,0.0000490601
1703462400000,0.000061867
1703466000000,0.0000387732
1703469600000,0.0000523486
1703473200000,0.0000685275
1703476800000,0.0000738041
1703480400000,0.0000814782
1703484000000,0.0001045754
1703487600000,0.0000125
1703491200000,0.0000125
1703494800000,0.0000125
1703498400000,0.0000125
1703502000000,0.000014788
1703505600000,0.0000189044
1703509200000,0.0000331938
1703512800000,0.0000289153
1703516400000,0.0000278472
1703520000000,0.0000597738
1703523600000,0.0000322577
1703527200000,0.0000407936
1703530800000,0.0000867679
1703534400000,0.0000847052
1703538000000,0.0000557379
1703541600000,0.0000858924
1703545200000,0.000108733
1703548800000,0.0001080618
1703552400000,0.0000277443
1703556000000,0.00002752
1703559600000,0.0000379731
1703563200000,0.0000531249
1703566800000,0.0000502185
1703570400000,0.0000125
1703574000000,0.0000125
1703577600000,0.0000125
1703581200000,0.0000125
1703584800000,0.0000125
1703588400000,0.0000125
1703592000000,0.0000125
1703595600000,0.0000125
1703599200000,0.0000235016
1703602800000,0.000027403
1703606400000,0.0000125
1703610000000,0.0000125
1703613600000,0.0000125
1703617200000,0.0000425221
1703620800000,0.0000637525
1703624400000,0.0000577636
1703628000000,0.0000604465
1703631600000,0.0000594221
1703635200000,0.0000713344
1703638800000,0.0000358649
1703642400000,0.00004737
1703646000000,0.0000655517
1703649600000,0.0001149204
1703653200000,0.0001714909
1703656800000,0.0002156651
1703660400000,0.0002404799
1703664000000,0.0002784378
1703667600000,0.000155895
1703671200000,0.0001044174
1703674800000,0.0001226501
1703678400000,0.0001063896
1703682000000,0.0000754232
1703685600000,0.0000839407
1703689200000,0.0000662231
1703692800000,0.0000704326
1703696400000,0.0000525448
1703700000000,0.0000588239
1703703600000,0.0000864617
1703707200000,0.0000870276
1703710800000,0.0000872335
1703714400000,0.0000767138
1703718000000,0.0000544613
1703721600000,0.0000965575
1703725200000,0.0000887393
1703728800000,0.0001019282
1703732400000,0.0000938456
1703736000000,0.0001283063
1703739600000,0.0001737163
1703743200000,0.0001427979
1703746800000,0.0001749171
1703750400000,0.0001630601
1703754000000,0.0000637184
1703757600000,0.0000512142
1703761200000,0.0000681379
1703764800000,0.0001088341
1703768400000,0.0000869673
1703772000000,0.0001028721
1703775600000,0.0001248811
1703779200000,0.0001780373
1703782800000,0.0001300222
1703786400000,0.0001339993
1703790000000,0.0001470986
1703793600000,0.0001802589
1703797200000,0.0001074668
1703800800000,0.0000631274
1703804400000,0.0000598775
1703808000000,0.0000734588
1703811600000,0.0000647704
1703815200000,0.000045749
1703818800000,0.0001021132
1703822400000,0.0001043033
1703826000000,0.0000585804
1703829600000,0.0000670676
1703833200000,0.0000798111
1703836800000,0.0001269067
1703840400000,0.0000649612
1703844000000,0.0001178628
1703847600000,0.0001294051
1703851200000,0.0001579374
1703854800000,0.0001495016
1703858400000,0.0001022316
1703862000000,0.0001395522
1703865600000,0.0000994046
1703869200000,0.0000255625
1703872800000,0.0000125
1703876400000,0.0000125
1703880000000,0.00001615
1703883600000,0.0000125
1703887200000,0.0000388925
1703890800000,0.0000377855
1703894400000,0.0000719375
1703898000000,0.0000282033
1703901600000,0.0000365183
1703905200000,0.0000459821
1703908800000,0.0000351301
1703912400000,0.0000275027
1703916000000,0.0000240968
1703919600000,0.000050241
1703923200000,0.0000616654
1703926800000,0.0000354902
1703930400000,0.0000174735
1703934000000,0.0000125
1703937600000,0.0000125
1703941200000,0.0000125
1703944800000,0.0000125
1703948400000,0.0000145574
1703952000000,0.0000589902
1703955600000,0.0000280002
1703959200000,0.0000272485
1703962800000,0.000028801
1703966400000,0.0000318071
1703970000000,0.0000330424
1703973600000,0.0000309197
1703977200000,0.0000222497
1703980800000,0.0000125
1703984400000,0.0000125
1703988000000,0.0000125
1703991600000,0.0000232288
1703995200000,0.0000227447
1703998800000,0.0000321715
1704002400000,0.000046503
1704006000000,0.0000572552
1704009600000,0.0000773671
1704013200000,0.000045838
1704016800000,0.000045633
1704020400000,0.0000578823
1704024000000,0.000069127
1704027600000,0.0000879328
1704031200000,0.0000871705
1704034800000,0.0000854027
1704038400000,0.0000560522
1704042000000,0.0000302874
1704045600000,0.0000610837
1704049200000,0.0000814059
1704052800000,0.000095777
1704056400000,0.0000927511
1704060000000,0.0001051897
1704063600000,0.0000906988
1704067200000,0.0000552776
1704070800000,0.0000452214
1704074400000,0.0000563771
1704078000000,0.0000636168
1704081600000,0.0000681127
1704085200000,0.0000800301
1704088800000,0.0000950187
1704092400000,0.0001031339
1704096000000,0.000118719
1704099600000,0.0000613237
1704103200000,0.0000700098
1704106800000,0.0000858411
1704110400000,0.0000645463
1704114000000,0.0000547988
1704117600000,0.0000649632
1704121200000,0.0001394416
1704124800000,0.0001628097
1704128400000,0.0000765385
1704132000000,0.0000879104
1704135600000,0.0000679824
1704139200000,0.0000974874
1704142800000,0.0000795533
1704146400000,0.0000955483
1704150000000,0.0001002165
1704153600000,0.000107406
1704157200000,0.0000845603
1704160800000,0.0001099399
1704164400000,0.0001032606
1704168000000,0.0001048429
1704171600000,0.0001116864
1704175200000,0.000132604
1704178800000,0.0001266212
1704182400000,0.0001190675
1704186000000,0.0000851879
1704189600000,0.0000929381
1704193200000,0.0001233629
1704196800000,0.0001322129
1704200400000,0.0001649879
1704204000000,0.0001600064
1704207600000,0.0001227282
1704211200000,0.0000847008
1704214800000,0.0000546085
1704218400000,0.0000426987
1704222000000,0.0000379314
1704225600000,0.0000401952
1704229200000,0.0000256328
1704232800000,0.0000125
1704236400000,0.0000125
1704240000000,0.0000158564
1704243600000,0.0000125
1704247200000,0.0000328396
1704250800000,0.0000401
1704254400000,0.000047608
1704258000000,0.000041192
1704261600000,0.000020655
1704265200000,0.0000335056
1704268800000,0.0000414362
1704272400000,0.0000215404
1704276000000,0.0000245198
1704279600000,0.0000169244
1704283200000,0.0000125
1704286800000,0.0000125
1704290400000,0.0000125
1704294000000,0.0000125
1704297600000,0.000084478
1704301200000,0.0000461449
1704304800000,0.0000559488
1704308400000,0.0000772181
1704312000000,0.0000997271
1704315600000,0.0001197185
1704319200000,0.0001403309
1704322800000,0.0001155122
1704326400000,0.0000278546
1704330000000,0.0000292827
1704333600000,0.0000125
1704337200000,0.0000149699
1704340800000,0.0000273496
1704344400000,0.0000456588
1704348000000,0.0000125
1704351600000,0.0000125
1704355200000,0.0000125
1704358800000,0.0000125
1704362400000,0.0000125
1704366000000,0.0000125
1704369600000,0.0000125
1704373200000,0.0000125
1704376800000,0.0000125
1704380400000,0.0000125
1704384000000,0.0000189778
1704387600000,0.0000125
1704391200000,0.0000125
1704394800000,0.0000125
1704398400000,0.0000202548
1704402000000,0.000013515
1704405600000,0.0000155641
1704409200000,0.0000350077
1704412800000,0.0000598351
1704416400000,0.0000172297
1704420000000,0.0000125
1704423600000,0.0000125
1704427200000,0.0000125
1704430800000,0.0000125
1704434400000,0.0000125
1704438000000,0.0000125
1704441600000,0.0000125
1704445200000,0.0000125
1704448800000,0.0000125
1704452400000,0.0000125
1704456000000,0.0000125
1704459600000,0.0000125
1704463200000,0.0000125
1704466800000,0.0000125
1704470400000,0.0000125
1704474000000,0.0000125
1704477600000,0.0000125
1704481200000,0.0000125
1704484800000,0.0000125
1704488400000,0.0000125
1704492000000,0.0000125
1704495600000,0.0000125
1704499200000,0.0000125
1704502800000,0.0000125
1704506400000,0.0000125
1704510000000,0.0000125
1704513600000,0.0000129995
1704517200000,0.0000148501
1704520800000,0.0000125
1704524400000,0.0000125
1704528000000,0.0000125
1704531600000,0.0000125
1704535200000,0.0000125
1704538800000,0.0000125
1704542400000,0.0000125
1704546000000,0.0000125
1704549600000,0.0000125
1704553200000,0.0000125
1704556800000,0.0000125
1704560400000,0.0000125
1704564000000,0.0000125
1704567600000,0.0000125
1704571200000,0.0000125
1704574800000,0.0000125
1704578400000,0.0000125
1704582000000,0.0000125
1704585600000,0.0000125
1704589200000,0.0000125
1704592800000,0.0000125
1704596400000,0.0000125
1704600000000,0.0000125
1704603600000,0.0000125
1704607200000,0.0000125
1704610800000,0.0000125
1704614400000,0.0000125
1704618000000,0.0000125
1704621600000,0.0000125
1704625200000,0.0000125
1704628800000,0.0000125
1704632400000,0.0000125
1704636000000,0.0000125
1704639600000,0.0000125
1704643200000,0.0000125
1704646800000,0.0000125
1704650400000,0.0000125
1704654000000,0.0000125
1704657600000,0.0000125
1704661200000,0.0000125
1704664800000,0.0000125
1704668400000,0.0000125
1704672000000,0.0000125
1704675600000,0.0000125
1704679200000,0.0000125
1704682800000,0.0000125
1704686400000,0.0000125
1704690000000,0.0000125
1704693600000,0.0000125
1704697200000,0.0000125
1704700800000,0.0000125
1704704400000,0.0000125
1704708000000,0.0000125
1704711600000,0.0000125
1704715200000,0.0000125
1704718800000,0.0000125
1704722400000,0.0000125
1704726000000,0.0000125
1704729600000,0.0000125
1704733200000,0.0000125
1704736800000,0.0000251725
1704740400000,0.0000551839
1704744000000,0.0000622307
1704747600000,0.000073899
1704751200000,0.0000783109
1704754800000,0.0000337725
1704758400000,0.0000640671
1704762000000,0.0000216818
1704765600000,0.0000125
1704769200000,0.0000496095
1704772800000,0.0000407338
1704776400000,0.0000563504
1704780000000,0.0000553241
1704783600000,0.0000330875
1704787200000,0.0000593333
1704790800000,0.0000313594
1704794400000,0.0000202891
1704798000000,0.0000267049
1704801600000,0.0000428191
1704805200000,0.0000553543
1704808800000,0.0000492365
1704812400000,0.0000522322
1704816000000,0.0000241783
1704819600000,0.0000127511
1704823200000,0.0000518298
1704826800000,0.0000659633
1704830400000,0.0000830253
1704834000000,0.0001046614
1704837600000,0.000125317
1704841200000,0.0001222152
1704844800000,0.0000900105
1704848400000,0.0000746525
1704852000000,0.0000875131
1704855600000,0.0000495271
1704859200000,0.000091499
1704862800000,0.0000745189
1704866400000,0.0000654934
1704870000000,0.0000753088
1704873600000,0.000023401
1704877200000,0.0000125
1704880800000,0.0000331629
1704884400000,0.0000125
1704888000000,0.0000140861
1704891600000,0.0000308781
1704895200000,0.0000668856
1704898800000,0.0000849937
1704902400000,0.0000729208
1704906000000,0.0000125
1704909600000,0.0000201743
1704913200000,0.0000288432
1704916800000,0.0000587465
1704920400000,0.00009211
1704924000000,0.000123256
1704927600000,0.0001034096
1704931200000,0.0000580437
1704934800000,0.0000125
1704938400000,0.0000125
1704942000000,0.0000509154
1704945600000,0.0000848632
1704949200000,0.0000801631
1704952800000,0.0000703986
1704956400000,0.0000125
1704960000000,0.0000298973
1704963600000,0.0000422772
1704967200000,0.0000494124
1704970800000,0.0000610965
1704974400000,0.0000687125
1704978000000,0.0000265304
1704981600000,0.0000147835
1704985200000,0.0000451557
1704988800000,0.0000863505
1704992400000,0.0000564396
1704996000000,0.0000762926
1704999600000,0.0000785933
1705003200000,0.0000912642
1705006800000,0.0000870617
1705010400000,0.0000864167
1705014000000,0.0000786931
1705017600000,0.0000953787
1705021200000,0.0000503564
1705024800000,0.0000262566
1705028400000,0.0000338005
1705032000000,0.0000322586
1705035600000,0.0000125
1705039200000,0.0000125
1705042800000,0.0000507791
1705046400000,0.0000456965
1705050000000,0.0000280442
1705053600000,0.0000414588
1705057200000,0.0000489894
1705060800000,0.0000544198
1705064400000,0.0000453431
1705068000000,0.0000378479
1705071600000,0.0000492257
1705075200000,0.0000554431
1705078800000,0.0000300435
1705082400000,0.0000452643
1705086000000,0.000065111
1705089600000,0.000077067
1705093200000,0.0001020118
1705096800000,0.0000125
1705100400000,0.0000125
1705104000000,0.0000235475
1705107600000,0.0000211738
1705111200000,0.0000253151
1705114800000,0.0000228827
1705118400000,0.0000125
1705122000000,0.0000277046
1705125600000,0.000041106
1705129200000,0.0000361889
1705132800000,0.0000389043
1705136400000,0.0000125
1705140000000,0.0000125
1705143600000,0.0000125
1705147200000,0.0000125
1705150800000,0.0000125
1705154400000,0.0000125
1705158000000,0.0000125
1705161600000,0.0000125
1705165200000,0.0000125
1705168800000,0.0000125
1705172400000,0.0000125
1705176000000,0.0000125
1705179600000,0.0000125
1705183200000,0.0000125
1705186800000,0.0000197507
1705190400000,0.0000507878
1705194000000,0.0000360382
1705197600000,0.000049103
1705201200000,0.0000550168
1705204800000,0.00006075
1705208400000,0.0000603207
1705212000000,0.0000506682
1705215600000,0.0000514162
1705219200000,0.0000528961
1705222800000,0.0000273798
1705226400000,0.0000283135
1705230000000,0.0000125
1705233600000,0.0000125
1705237200000,0.0000125
1705240800000,0.0000125
1705244400000,0.0000125
1705248000000,0.0000125
1705251600000,0.0000125
1705255200000,0.0000125
1705258800000,0.0000125
1705262400000,0.0000125
1705266000000,0.0000125
1705269600000,0.0000125
1705273200000,0.0000125
1705276800000,0.0000125
1705280400000,0.0000125
1705284000000,0.0000125
1705287600000,0.0000125
1705291200000,0.0000125
1705294800000,0.0000125
1705298400000,0.0000125
1705302000000,0.0000205826
1705305600000,0.0000460365
1705309200000,0.0000257929
1705312800000,0.0000278836
1705316400000,0.0000265377
1705320000000,0.0000445934
1705323600000,0.0000517615
1705327200000,0.0000533839
1705330800000,0.0000433267
1705334400000,0.0000551354
1705338000000,0.0000173711
1705341600000,0.0000137491
1705345200000,0.0000293296
1705348800000,0.0000264181
1705352400000,0.0000248483
1705356000000,0.0000307586
1705359600000,0.0000125
1705363200000,0.0000312628
1705366800000,0.0000326325
1705370400000,0.00003817
1705374000000,0.0000463566
1705377600000,0.0000535564
1705381200000,0.0000312668
1705384800000,0.0000361445
1705388400000,0.0000250976
1705392000000,0.0000125
1705395600000,0.0000125
1705399200000,0.0000125
1705402800000,0.0000125
1705406400000,0.0000125
1705410000000,0.0000125
1705413600000,0.0000125
1705417200000,0.0000125
1705420800000,0.0000193841
1705424400000,0.0000125
1705428000000,0.0000139056
1705431600000,0.0000136469
1705435200000,0.0000125
1705438800000,0.0000125
1705442400000,0.0000125
1705446000000,0.0000125
1705449600000,0.0000125
1705453200000,0.0000078658
1705456800000,0.000006268
1705460400000,0.0000032046
1705464000000,0.0000125
1705467600000,0.0000125
1705471200000,0.0000125
1705474800000,0.0000125
1705478400000,0.0000125
1705482000000,0.0000125
1705485600000,0.0000125
1705489200000,0.0000125
1705492800000,0.0000125
1705496400000,0.0000125
1705500000000,0.0000125
1705503600000,0.0000144856
1705507200000,0.0000224385
1705510800000,0.0000198341
1705514400000,0.0000406855
1705518000000,0.0000415878
1705521600000,0.0000401077
1705525200000,0.0000505857
1705528800000,0.0000474527
1705532400000,0.0000125
1705536000000,0.0000125
1705539600000,0.0000125
1705543200000,0.0000125
1705546800000,0.0000125
1705550400000,0.0000125
1705554000000,0.0000125
1705557600000,0.0000125
1705561200000,0.0000125
1705564800000,0.0000398324
1705568400000,0.0000479798
1705572000000,0.0000683635
1705575600000,0.0000738165
1705579200000,0.000072875
1705582800000,0.0000805812
1705586400000,0.0000567022
1705590000000,0.0000580559
1705593600000,0.0000627365
1705597200000,0.0000222181
1705600800000,0.0000125
1705604400000,0.0000125
1705608000000,0.0000125
1705611600000,0.0000125
1705615200000,0.0000125
1705618800000,0.0000125
1705622400000,0.0000125
1705626000000,0.0000125
1705629600000,0.0000125
1705633200000,0.0000125
1705636800000,0.0000125
1705640400000,0.0000227082
1705644000000,0.0000472508
1705647600000,0.0000768065
1705651200000,0.0000932303
1705654800000,0.000045844
1705658400000,0.0000635764
1705662000000,0.0000965541
1705665600000,0.0000950509
1705669200000,0.0000566783
1705672800000,0.0000129391
1705676400000,0.0000139054
1705680000000,0.0000125
1705683600000,0.0000125
1705687200000,0.0000125
1705690800000,0.0000742082
1705694400000,0.0000846882
1705698000000,0.0000896344
1705701600000,0.0000676385
1705705200000,0.0000911867
1705708800000,0.0000878952
1705712400000,0.0000540085
1705716000000,0.0000454769
1705719600000,0.0000436885
1705723200000,0.0000445925
1705726800000,0.0000491403
1705730400000,0.0000336489
1705734000000,0.0000125
1705737600000,0.0000263551
1705741200000,0.0000310591
1705744800000,0.0000125
1705748400000,0.0000125
1705752000000,0.0000125
1705755600000,0.0000125
1705759200000,0.0000125
1705762800000,0.0000125
1705766400000,0.0000125
1705770000000,0.0000125
1705773600000,-0.0000071342
1705777200000,-0.0000025715
1705780800000,-0.0000024071
1705784400000,-0.000012468
1705788000000,-0.0000168672
1705791600000,-0.0000139161
1705795200000,0.0000125
1705798800000,0.0000125
1705802400000,0.0000125
1705806000000,0.0000108415
1705809600000,0.0000125
1705813200000,0.0000125
1705816800000,0.0000125
1705820400000,0.0000125
1705824000000,0.0000125
1705827600000,0.0000125
1705831200000,0.0000125
1705834800000,0.0000125
1705838400000,0.0000125
1705842000000,0.0000125
1705845600000,0.0000125
1705849200000,0.0000125
1705852800000,0.0000466411
1705856400000,0.0000284544
1705860000000,0.0000363514
1705863600000,0.0000454476
1705867200000,0.0000547583
1705870800000,0.0000390883
1705874400000,0.0000237356
1705878000000,0.0000191114
1705881600000,0.0000171024
1705885200000,0.0000125
1705888800000,0.0000248271
1705892400000,0.0000331671
1705896000000,0.0000217453
1705899600000,0.0000134611
1705903200000,0.0000165685
1705906800000,0.000015439
1705910400000,0.000026093
1705914000000,0.0000174687
1705917600000,0.0000354414
1705921200000,0.0000357378
1705924800000,0.0000262602
1705928400000,0.0000125
1705932000000,0.0000146108
1705935600000,0.0000225769
1705939200000,0.0000173716
1705942800000,0.0000125
1705946400000,0.0000125
1705950000000,0.0000125
1705953600000,0.0000125
1705957200000,0.0000125
1705960800000,0.0000125
1705964400000,0.0000125
1705968000000,-0.0000090643
1705971600000,-0.0000023104
1705975200000,-0.0000092484
1705978800000,0.0000031664
1705982400000,0.0000107911
1705986000000,0.0000125
1705989600000,0.0000125
1705993200000,0.0000125
1705996800000,0.0000125
1706000400000,0.0000125
1706004000000,0.0000125
1706007600000,0.0000125
1706011200000,0.0000125
1706014800000,0.0000147063
1706018400000,0.0000125
1706022000000,0.0000125
1706025600000,0.0000125
1706029200000,0.0000125
1706032800000,0.0000125
1706036400000,0.0000125
1706040000000,0.0000125
1706043600000,0.0000125
1706047200000,0.0000125
1706050800000,0.0000125
1706054400000,0.0000125
1706058000000,0.0000125
1706061600000,0.0000125
1706065200000,0.000008933
1706068800000,0.0000077465
1706072400000,0.0000119289
1706076000000,-0.000012434
1706079600000,-0.0000267668
1706083200000,-0.0000376242
1706086800000,-0.0000145027
1706090400000,-0.0000189534
1706094000000,-0.0000071146
1706097600000,0.0000125
1706101200000,0.0000125
1706104800000,0.0000125
1706108400000,0.0000125
1706112000000,0.0000125
1706115600000,0.0000125
1706119200000,0.0000125
1706122800000,0.0000125
1706126400000,0.0000125
1706130000000,0.0000125
1706133600000,0.0000125
1706137200000,0.0000235132
1706140800000,0.0000125
1706144400000,0.0000125
1706148000000,0.0000125
1706151600000,0.0000125
1706155200000,0.0000125
1706158800000,0.0000125
1706162400000,0.0000125
1706166000000,0.0000125
1706169600000,0.0000125
1706173200000,0.0000125
1706176800000,0.0000125
1706180400000,0.0000125
1706184000000,0.0000125
1706187600000,0.0000125
1706191200000,0.0000125
1706194800000,0.0000125
1706198400000,0.0000125
1706202000000,0.0000243245
1706205600000,0.0000431526
1706209200000,0.0000125
1706212800000,0.0000125
1706216400000,0.0000125
1706220000000,0.0000125
1706223600000,0.0000125
1706227200000,0.0000125
1706230800000,0.0000125
1706234400000,0.0000125
1706238000000,0.0000125
1706241600000,0.0000125
1706245200000,0.0000125
1706248800000,0.0000125
1706252400000,0.0000125
1706256000000,0.0000209452
1706259600000,0.0000125
1706263200000,0.0000152449
1706266800000,0.0000145293
1706270400000,0.000024746
1706274000000,0.0000265312
1706277600000,0.0000341448
1706281200000,0.0000456389
1706284800000,0.0000125
1706288400000,0.0000125
1706292000000,0.0000125
1706295600000,0.0000252511
1706299200000,0.0000312772
1706302800000,0.0000330481
1706306400000,0.0000290291
1706310000000,0.0000292057
1706313600000,0.0000430105
1706317200000,0.0000255641
1706320800000,0.0000225245
1706324400000,0.000033388
1706328000000,0.0000374791
1706331600000,0.0000418949
1706335200000,0.000041329
1706338800000,0.0000341431
1706342400000,0.000032547
1706346000000,0.0000128875
1706349600000,0.0000125
1706353200000,0.0000125
1706356800000,0.0000125
1706360400000,0.0000125
1706364000000,0.0000125
1706367600000,0.0000125
1706371200000,0.0000125
1706374800000,0.0000125
1706378400000,0.0000125
1706382000000,0.0000200502
1706385600000,0.0000243374
1706389200000,0.0000248171
1706392800000,0.0000125
1706396400000,0.0000125
1706400000000,0.0000145494
1706403600000,0.0000125
1706407200000,0.0000236712
1706410800000,0.0000255568
1706414400000,0.0000318983
1706418000000,0.0000133037
1706421600000,0.0000125
1706425200000,0.0000125
1706428800000,0.0000247287
1706432400000,0.0000125
1706436000000,0.0000125
1706439600000,0.0000207024
1706443200000,0.0000284551
1706446800000,0.0000293403
1706450400000,0.0000350927
1706454000000,0.0000133904
1706457600000,0.0000125
1706461200000,0.0000125
1706464800000,0.0000125
1706468400000,0.0000207892
1706472000000,0.0000158079
1706475600000,0.0000125
1706479200000,0.0000125
1706482800000,0.0000125
1706486400000,0.0000125
1706490000000,0.0000125
1706493600000,0.0000125
1706497200000,0.0000125
1706500800000,0.0000125
1706504400000,0.0000125
1706508000000,0.0000125
1706511600000,0.0000125
1706515200000,0.0000125
1706518800000,0.0000125
1706522400000,0.0000125
1706526000000,0.0000125
1706529600000,0.0000125
1706533200000,0.0000125
1706536800000,0.0000125
1706540400000,0.0000125
1706544000000,0.0000267296
1706547600000,0.0000219653
1706551200000,0.0000125
1706554800000,0.000000698
1706558400000,0.0000061119
1706562000000,0.0000066875
1706565600000,-0.0000131903
1706569200000,0.0000006028
1706572800000,0.000007068
1706576400000,0.0000125
1706580000000,0.0000125
1706583600000,0.0000125
1706587200000,0.0000125
1706590800000,0.0000125
1706594400000,0.0000125
1706598000000,0.0000125
1706601600000,0.0000125
1706605200000,0.0000125
1706608800000,0.0000125
1706612400000,0.0000125
1706616000000,0.0000125
1706619600000,0.0000125
1706623200000,0.0000125
1706626800000,0.0000080333
1706630400000,0.0000125
1706634000000,0.0000125
1706637600000,0.0000125
1706641200000,0.0000125
1706644800000,0.0000125
1706648400000,0.0000125
1706652000000,0.0000125
1706655600000,0.0000125
1706659200000,0.0000125
1706662800000,-0.0000010093
1706666400000,-0.0000027759
1706670000000,0.0000125
1706673600000,0.0000125
1706677200000,0.0000125
1706680800000,0.0000125
1706684400000,0.0000125
1706688000000,0.0000125
1706691600000,0.0000174971
1706695200000,0.0000125
1706698800000,0.0000064074
1706702400000,0.0000010054
1706706000000,-0.0000010226
1706709600000,0.0000000102
1706713200000,0.0000125
1706716800000,0.0000125
1706720400000,0.0000111014
1706724000000,0.0000125
1706727600000,0.0000125
1706731200000,0.0000125
1706734800000,0.0000125
1706738400000,0.0000125
1706742000000,0.0000125
1706745600000,0.0000125
1706749200000,0.0000077758
1706752800000,-0.0000148911
1706756400000,0.0000125
1706760000000,0.0000125
1706763600000,0.0000125
1706767200000,0.0000125
1706770800000,0.0000125
1706774400000,-0.0000089486
1706778000000,-0.0000113672
1706781600000,-0.0000270555
1706785200000,0.0000073413
1706788800000,0.0000125
1706792400000,0.0000125
1706796000000,0.0000125
1706799600000,0.0000125
1706803200000,0.0000125
1706806800000,0.0000125
1706810400000,0.0000125
1706814000000,0.0000125
1706817600000,0.0000125
1706821200000,0.0000125
1706824800000,0.0000125
1706828400000,0.0000125
1706832000000,0.0000125
1706835600000,0.0000125
1706839200000,0.0000125
1706842800000,0.0000125
1706846400000,0.0000125
1706850000000,0.0000125
1706853600000,0.0000125
1706857200000,0.0000125
1706860800000,0.000003376
1706864400000,-0.0000073273
1706868000000,-0.00000567
1706871600000,-0.0000102683
1706875200000,-0.0000231078
1706878800000,-0.000026659
1706882400000,0.0000125
1706886000000,0.0000125
1706889600000,0.0000125
1706893200000,0.0000125
1706896800000,0.0000125
1706900400000,0.0000125
1706904000000,0.0000125
1706907600000,0.0000125
1706911200000,0.0000125
1706914800000,0.0000125
1706918400000,0.0000125
1706922000000,0.0000125
1706925600000,-0.0000081732
1706929200000,-0.000028011
1706932800000,-0.0000482296
1706936400000,-0.0000631861
1706940000000,-0.0000737698
1706943600000,-0.0000717834
1706947200000,-0.0000694432
1706950800000,-0.0000400039
1706954400000,0.000000094
1706958000000,-0.0000061217
1706961600000,0.0000125
1706965200000,0.0000125
1706968800000,0.0000125
1706972400000,0.0000125
1706976000000,-0.0000114439
1706979600000,0.0000122657
1706983200000,0.0000125
1706986800000,0.0000125
1706990400000,0.0000125
1706994000000,0.0000125
1706997600000,0.0000125
1707001200000,0.0000125
1707004800000,0.0000125
1707008400000,0.0000125
1707012000000,0.0000125
1707015600000,0.0000125
1707019200000,0.0000125
1707022800000,0.0000125
1707026400000,0.0000125
1707030000000,0.0000125
1707033600000,0.0000125
1707037200000,0.0000125
1707040800000,0.0000125
1707044400000,0.0000125
1707048000000,0.0000125
1707051600000,0.0000125
1707055200000,0.0000125
1707058800000,0.0000125
1707062400000,0.0000125
1707066000000,0.0000125
1707069600000,0.0000125
1707073200000,0.0000125
1707076800000,0.000043732
1707080400000,0.0000725657
1707084000000,0.0000125
1707087600000,0.0000125
1707091200000,0.0000567793
1707094800000,0.0000125
1707098400000,0.0000125
1707102000000,0.0000125
1707105600000,0.0000124102
1707109200000,-0.0000062733
1707112800000,-0.0000075656
1707116400000,0.0000030857
1707120000000,0.0000021292
1707123600000,0.0000015612
1707127200000,0.0000125
1707130800000,0.0000125
1707134400000,0.0000125
1707138000000,0.0000125
1707141600000,-0.0000015028
1707145200000,-0.0000716196
1707148800000,0.0000125
1707152400000,0.0000125
1707156000000,0.0000125
1707159600000,0.0000175547
1707163200000,0.0000464516
1707166800000,0.000045433
1707170400000,0.0000125
1707174000000,0.0000125
1707177600000,0.0000125
1707181200000,0.0000125
1707184800000,0.000034333
1707188400000,0.0000024904
1707192000000,-0.000060885
1707195600000,-0.000051439
1707199200000,0.0000125
1707202800000,0.0000125
1707206400000,0.0000261639
1707210000000,0.0000380572
1707213600000,0.0000125
1707217200000,-0.0000228124
1707220800000,-0.0000133086
1707224400000,-0.0000316521
1707228000000,-0.0000518391
1707231600000,-0.0000119939
1707235200000,0.0000125
1707238800000,0.0000125
1707242400000,0.0000125
1707246000000,-0.0000597014
1707249600000,-0.000030879
1707253200000,0.0000120546
1707256800000,0.0000125
1707260400000,-0.0000190012
1707264000000,-0.0000675916
1707267600000,-0.0000000594
1707271200000,0.0000125
1707274800000,0.0000125
1707278400000,0.0000125
1707282000000,0.0000125
1707285600000,0.0000125
1707289200000,0.0000125
1707292800000,0.0000125
1707296400000,0.0000086624
1707300000000,0.0000113988
1707303600000,0.0000125
1707307200000,0.0000125
1707310800000,0.0000125
1707314400000,0.0000125
1707318000000,0.0000125
1707321600000,0.0000163364
1707325200000,0.0000216344
1707328800000,0.0000125
1707332400000,0.0000142322
1707336000000,0.0000211497
1707339600000,0.0000597129
1707343200000,0.0000360912
1707346800000,0.0000125
1707350400000,0.0000125
1707354000000,0.0000012956
1707357600000,-0.0000070887
1707361200000,-0.0000021065
1707364800000,0.0000031278
1707368400000,0.0000078724
1707372000000,0.0000115637
1707375600000,0.0000125
1707379200000,0.0000097743
1707382800000,0.0000125
1707386400000,0.0000125
1707390000000,0.0000125
1707393600000,0.0000113323
1707397200000,0.0000125
1707400800000,0.0000125
1707404400000,0.0000125
1707408000000,0.0000125
1707411600000,0.0000125
1707415200000,0.0000259316
1707418800000,0.000047446
1707422400000,0.0000640676
1707426000000,0.0000488029
1707429600000,0.0000125
1707433200000,0.0000326313
1707436800000,0.0001509708
1707440400000,0.0001028258
1707444000000,0.0000942662
1707447600000,0.0000564077
1707451200000,0.0000125
1707454800000,0.0000125
1707458400000,0.0000125
1707462000000,0.0000125
1707465600000,0.0000125
1707469200000,0.0000125
1707472800000,0.0000125
1707476400000,0.0000125
1707480000000,0.0000147874
1707483600000,0.0000125
1707487200000,0.0000125
1707490800000,0.0000125
1707494400000,0.0000125
1707498000000,0.0000125
1707501600000,0.0000298026
1707505200000,0.0000125
1707508800000,0.0000415355
1707512400000,0.0000701461
1707516000000,0.000086441
1707519600000,0.0000791181
1707523200000,0.0000894527
1707526800000,0.0000277314
1707530400000,0.0000538575
1707534000000,0.00006223
1707537600000,0.0000626406
1707541200000,0.0000276355
1707544800000,0.0000125
1707548400000,0.0000125
1707552000000,0.0000470365
1707555600000,0.0000385356
1707559200000,0.0000356568
1707562800000,0.0000216376
1707566400000,0.0000125
1707570000000,0.0000125
1707573600000,0.0000125
1707577200000,0.0000380712
1707580800000,0.0000772802
1707584400000,0.0000435361
1707588000000,0.0000661364
1707591600000,0.0000686732
1707595200000,0.0000772053
1707598800000,0.0000884796
1707602400000,0.000100069
1707606000000,0.0001122673
1707609600000,0.000125317
1707613200000,0.0000739578
1707616800000,0.0000694162
1707620400000,0.0000125
1707624000000,0.0000125
1707627600000,0.0000125
1707631200000,0.0000125
1707634800000,0.0000050996
1707638400000,-0.0000019819
1707642000000,0.000000808
1707645600000,-0.0000004006
1707649200000,0.0000074643
1707652800000,0.000009981
1707656400000,0.00000693
1707660000000,0.0000125
1707663600000,0.0000125
1707667200000,0.0000125
1707670800000,0.0000125
1707674400000,0.0000125
1707678000000,0.0000485401
1707681600000,0.0000765427
1707685200000,0.0000976865
1707688800000,0.0000574538
1707692400000,0.0000339847
1707696000000,0.000044396
1707699600000,0.000041122
1707703200000,0.0000605797
1707706800000,0.0000306747
1707710400000,0.0000507627
1707714000000,0.0000125
1707717600000,0.0000072702
1707721200000,0.0000125
1707724800000,-0.0000769604
1707728400000,-0.0000346155
1707732000000,-0.0000868734
1707735600000,-0.0001171794
1707739200000,-0.0000478203
1707742800000,-0.0000294532
1707746400000,-0.0000098528
1707750000000,0.0000125
1707753600000,0.0000125
1707757200000,0.0000125
1707760800000,0.0001519859
1707764400000,0.0000125
1707768000000,0.0000223204
1707771600000,0.0000318139
1707775200000,0.0000731941
1707778800000,0.0000724317
1707782400000,0.0000653266
1707786000000,0.0000487773
1707789600000,0.0000566646
1707793200000,0.000050969
1707796800000,0.0000370428
1707800400000,0.0000644834
1707804000000,0.000132244
1707807600000,0.000139329
1707811200000,0.0001171363
1707814800000,0.0000739008
1707818400000,0.0000845628
1707822000000,0.0000125
1707825600000,0.0000125
1707829200000,0.0000929216
1707832800000,0.0000125
1707836400000,0.0000738728
1707840000000,0.0001069787
1707843600000,0.0000125
1707847200000,0.0000125
1707850800000,0.0000144617
1707854400000,0.0000392634
1707858000000,0.0000334625
1707861600000,0.0000450671
1707865200000,0.0000357734
1707868800000,0.0000899379
1707872400000,0.0000529415
1707876000000,0.0000615074
1707879600000,0.0000619404
1707883200000,0.000060732
1707886800000,0.0000563481
1707890400000,0.00007905
1707894000000,0.0000868058
1707897600000,0.0001036321
1707901200000,0.0000557814
1707904800000,0.0000433176
1707908400000,0.0000426881
1707912000000,0.0000637122
1707915600000,0.0000558401
1707919200000,0.0000601049
1707922800000,0.0000745634
1707926400000,0.0000564281
1707930000000,0.0000401673
1707933600000,0.0000289434
1707937200000,0.0000614676
1707940800000,0.0000727776
1707944400000,0.0000558685
1707948000000,0.0000535936
1707951600000,0.0000634816
1707955200000,0.0000488
1707958800000,0.000053039
1707962400000,0.00003853
1707966000000,0.0000518434
1707969600000,0.0000623678
1707973200000,0.0000614118
1707976800000,0.0000395862
1707980400000,0.0000425751
1707984000000,0.0000557478
1707987600000,0.0000396089
1707991200000,0.0000458337
1707994800000,0.0000497577
1707998400000,0.0000408439
1708002000000,0.0000125
1708005600000,0.0000346848
1708009200000,0.0000527949
1708012800000,0.0000288129
1708016400000,0.0000125
1708020000000,0.0000125
1708023600000,0.0000125
1708027200000,0.0000191834
1708030800000,0.0000531064
1708034400000,0.0000511123
1708038000000,0.0000334124
1708041600000,0.0000924023
1708045200000,0.000057676
1708048800000,0.0000695096
1708052400000,0.0000790024
1708056000000,0.0000209522
1708059600000,0.0000235301
1708063200000,0.0000351669
1708066800000,0.0000125
1708070400000,0.0000125
1708074000000,0.0000125
1708077600000,0.0000125
1708081200000,0.0000125
1708084800000,0.0000125
1708088400000,0.0000291404
1708092000000,0.0000307912
1708095600000,0.0000221617
1708099200000,0.0000125
1708102800000,0.0000125
1708106400000,0.0000125
1708110000000,0.0000262782
1708113600000,0.000018246
1708117200000,0.0000125
1708120800000,0.0000125
1708124400000,0.0000125
1708128000000,0.0000125
1708131600000,0.0000125
1708135200000,0.0000125
1708138800000,0.0000220712
1708142400000,0.0000329061
1708146000000,0.000037049
1708149600000,0.0000429788
1708153200000,0.0000511245
1708156800000,0.0000571788
1708160400000,0.0000125
1708164000000,0.0000125
1708167600000,0.0000125
1708171200000,0.0000125
1708174800000,0.0000125
1708178400000,0.0000125
1708182000000,0.0000125
1708185600000,0.0000125
1708189200000,0.0000153482
1708192800000,0.0000125
1708196400000,0.0000125
1708200000000,0.0000125
1708203600000,0.0000125
1708207200000,0.0000125
1708210800000,0.0000255287
1708214400000,0.0000400728
1708218000000,0.0000135197
1708221600000,0.0000125
1708225200000,0.000020939
1708228800000,0.0000349384
1708232400000,0.0000487473
1708236000000,0.0000125
1708239600000,0.0000125
1708243200000,0.0000032687
1708246800000,0.0000055526
1708250400000,0.0000056196
1708254000000,0.0000125
1708257600000,-0.0000050159
1708261200000,-0.0000044889
1708264800000,-0.0000239715
1708268400000,0.0000125
1708272000000,0.0000125
1708275600000,0.0000125
1708279200000,0.0000125
1708282800000,0.0000125
1708286400000,0.0000125
1708290000000,0.0000125
1708293600000,0.000016272
1708297200000,0.0000125
1708300800000,0.0000300179
1708304400000,0.0000159473
1708308000000,0.00002705
1708311600000,0.000029275
1708315200000,0.000018957
1708318800000,0.0000312231
1708322400000,0.0000660521
1708326000000,0.0000299951
1708329600000,0.0000809458
1708333200000,0.0000384858
1708336800000,0.0001035191
1708340400000,0.0001519217
1708344000000,0.0001522814
1708347600000,0.0001191134
1708351200000,0.0000329567
1708354800000,0.0000125
1708358400000,0.0000580987
1708362000000,0.0000566029
1708365600000,0.0000531703
1708369200000,0.0000564984
1708372800000,0.0000829945
1708376400000,0.0000461174
1708380000000,0.0000523442
1708383600000,0.0000225557
1708387200000,0.0000600743
1708390800000,0.0000125
1708394400000,0.0000157441
1708398000000,0.0000757148
1708401600000,0.0000852401
1708405200000,0.0000345298
1708408800000,0.0000790239
1708412400000,0.00008765
1708416000000,0.0000561452
1708419600000,0.0000125
1708423200000,0.0000174389
1708426800000,0.0000415562
1708430400000,0.0000667849
1708434000000,0.0000734427
1708437600000,0.0000141479
1708441200000,0.0000125
1708444800000,0.000048611
1708448400000,0.0000125
1708452000000,0.0000203603
1708455600000,0.0000180306
1708459200000,0.0000125
1708462800000,0.0000125
1708466400000,0.0000125
1708470000000,0.0000191268
1708473600000,0.0000171832
1708477200000,0.0000125
1708480800000,0.0000125
1708484400000,0.0000125
1708488000000,0.0000125
1708491600000,0.0000291343
1708495200000,0.0000204572
1708498800000,0.0000125
1708502400000,0.0000125
1708506000000,0.0000125
1708509600000,0.0000125
1708513200000,0.0000125
1708516800000,0.0000125
1708520400000,0.0000174009
1708524000000,0.0000510035
1708527600000,0.0000578997
1708531200000,0.0000701116
1708534800000,0.0000385737
1708538400000,0.0000280368
1708542000000,0.000015045
1708545600000,0.0000320696
1708549200000,0.0000344048
1708552800000,0.0000348109
1708556400000,0.0000188637
1708560000000,0.0000125
1708563600000,0.0000216997
1708567200000,0.0000600597
1708570800000,0.0000643117
1708574400000,0.0000723338
1708578000000,0.0000534326
1708581600000,0.0000313467
1708585200000,0.0000476638
1708588800000,0.0000263487
1708592400000,0.0000213413
1708596000000,0.0000223371
1708599600000,0.0000242816
1708603200000,0.0000125
1708606800000,0.0000389948
1708610400000,0.000017246
1708614000000,0.0000263843
1708617600000,0.0000125
1708621200000,0.0000125
1708624800000,0.0000125
1708628400000,0.0000125
1708632000000,0.0000125
1708635600000,0.0000125
1708639200000,0.0000125
1708642800000,0.0000125
1708646400000,0.0000125
1708650000000,0.0000125
1708653600000,0.0000125
1708657200000,0.0000125
1708660800000,0.0000125
1708664400000,0.0000586912
1708668000000,0.0000857154
1708671600000,0.0000978402
1708675200000,0.0000781517
1708678800000,0.0000125
1708682400000,0.0000125
1708686000000,0.0000201152
1708689600000,0.0000184931
1708693200000,0.0000125
1708696800000,0.0000125
1708700400000,0.0000125
1708704000000,0.0000125
1708707600000,0.0000125
1708711200000,0.0000125
1708714800000,0.0000125
1708718400000,0.0000125
1708722000000,0.0000125
1708725600000,0.0000125
1708729200000,0.0000125
1708732800000,0.0000142481
1708736400000,0.0000125
1708740000000,0.0000125
1708743600000,0.0000125
1708747200000,0.0000278597
1708750800000,0.0000184031
1708754400000,0.0000136249
1708758000000,0.0000216607
1708761600000,0.0000125
1708765200000,0.0000087041
1708768800000,-0.0000010244
1708772400000,-0.0000063606
1708776000000,-0.0000129455
1708779600000,-0.0000082352
1708783200000,-0.0000008726
1708786800000,-0.0000087049
1708790400000,0.0000068184
1708794000000,0.0000125
1708797600000,-0.000000443
1708801200000,0.0000125
1708804800000,0.0000125
1708808400000,0.0000125
1708812000000,0.0000125
1708815600000,0.0000125
1708819200000,0.0000125
1708822800000,0.0000125
1708826400000,0.0000125
1708830000000,0.0000125
1708833600000,0.0000125
1708837200000,0.0000125
1708840800000,0.0000542534
1708844400000,0.0000961608
1708848000000,0.0001192659
1708851600000,0.0000709448
1708855200000,0.0000125
1708858800000,0.0000492337
1708862400000,0.0000732206
1708866000000,0.0000804114
1708869600000,0.0000382876
1708873200000,0.0000125
1708876800000,0.0000413417
1708880400000,0.0000404782
1708884000000,0.000103192
1708887600000,0.0001144396
1708891200000,0.0001490106
1708894800000,0.000200552
1708898400000,0.000165631
1708902000000,0.0001358649
1708905600000,0.0001667765
1708909200000,0.0001084998
1708912800000,0.0000380222
1708916400000,0.0000300239
1708920000000,0.0000229446
1708923600000,0.0000181352
1708927200000,0.0000380169
1708930800000,0.0000311802
1708934400000,0.0000283679
1708938000000,0.0000315
1708941600000,0.0000125
1708945200000,0.0000125
1708948800000,0.0000184534
1708952400000,0.0000320311
1708956000000,0.0000459691
1708959600000,0.0000854804
1708963200000,0.0000935531
1708966800000,0.0000540119
1708970400000,0.0000685402
1708974000000,0.0000672491
1708977600000,0.0000626382
1708981200000,0.0000854103
1708984800000,0.0000626613
1708988400000,0.000086811
1708992000000,0.0001081628
1708995600000,0.0000590123
1708999200000,0.0000503616
1709002800000,0.0000848723
1709006400000,0.0001033084
1709010000000,0.0000890526
1709013600000,0.0000607887
1709017200000,0.0000125
1709020800000,0.0000125
1709024400000,0.0000402709
1709028000000,0.0000857104
1709031600000,0.0000803263
1709035200000,0.0000806259
1709038800000,0.000104513
1709042400000,0.0001195616
1709046000000,0.00013506
1709049600000,0.0001334117
1709053200000,0.0000125
1709056800000,0.0000157562
1709060400000,0.000016465
1709064000000,0.0000562091
1709067600000,0.0000895485
1709071200000,0.000122091
1709074800000,0.0001265907
1709078400000,0.0000973313
1709082000000,0.0000601067
1709085600000,0.0000542298
1709089200000,0.0000865375
1709092800000,0.000072672
1709096400000,0.0000895519
1709100000000,0.0000724582
1709103600000,0.0000378844
1709107200000,0.0000534199
1709110800000,0.0000554557
1709114400000,0.0000829224
1709118000000,0.0001313383
1709121600000,0.0001463389
1709125200000,0.0001387168
1709128800000,0.0001548061
1709132400000,0.0001880638
1709136000000,0.0002043314
1709139600000,0.0001017766
1709143200000,0.0001919659
1709146800000,0.0001573457
1709150400000,0.0000828569
1709154000000,0.0001023003
1709157600000,0.0000702667
1709161200000,0.00004067
1709164800000,0.0000125
1709168400000,0.0000333402
1709172000000,0.000050146
1709175600000,0.0000510317
1709179200000,0.0000769484
1709182800000,0.000086229
1709186400000,0.0001261502
1709190000000,0.000133315
1709193600000,0.0000714658
1709197200000,0.000077062
1709200800000,0.0000832631
1709204400000,0.0000956395
1709208000000,0.0001095338
1709211600000,0.0000750964
1709215200000,0.000087941
1709218800000,0.0001388721
1709222400000,0.0001236974
1709226000000,0.0000757582
1709229600000,0.0000486869
1709233200000,0.0000441885
1709236800000,0.0000590657
1709240400000,0.0000448518
1709244000000,0.0000552884
1709247600000,0.00003982
1709251200000,0.0000265826
1709254800000,0.0000185304
1709258400000,0.0000366081
1709262000000,0.0000177681
1709265600000,0.0000177282
1709269200000,0.0000139082
1709272800000,0.0000585912
1709276400000,0.0000534017
1709280000000,0.0000125
1709283600000,0.0000125
1709287200000,0.0000125
1709290800000,0.0000553238
1709294400000,0.0000549368
1709298000000,0.0000514377
1709301600000,0.0000588544
1709305200000,0.0000576448
1709308800000,0.0000749029
1709312400000,0.0000322317
1709316000000,0.0000448839
1709319600000,0.0000532742
1709323200000,0.0000498707
1709326800000,0.0000476353
1709330400000,0.0000525078
1709334000000,0.0000399408
1709337600000,0.0000383958
1709341200000,0.0000291652
1709344800000,0.0000453039
1709348400000,0.0000574031
1709352000000,0.0000488963
1709355600000,0.0000492645
1709359200000,0.0000422364
1709362800000,0.0000810656
1709366400000,0.0000531717
1709370000000,0.0000125
1709373600000,0.0000135752
1709377200000,0.0000220634
1709380800000,0.0000556729
1709384400000,0.000061809
1709388000000,0.0000666465
1709391600000,0.0000502857
1709395200000,0.0000702456
1709398800000,0.0000507468
1709402400000,0.0000739726
1709406000000,0.0000591684
1709409600000,0.0000482204
1709413200000,0.0000402833
1709416800000,0.0000207295
1709420400000,0.0000190037
1709424000000,0.0000478212
1709427600000,0.0000277826
1709431200000,0.0000422553
1709434800000,0.0000452063
1709438400000,0.000061567
1709442000000,0.0000724384
1709445600000,0.0000661993
1709449200000,0.0000693793
1709452800000,0.0000319356
1709456400000,0.0000125
1709460000000,0.0000258438
1709463600000,0.0000476501
1709467200000,0.0000544439
1709470800000,0.0000754876
1709474400000,0.0000827976
1709478000000,0.0000713819
1709481600000,0.0000491739
1709485200000,0.0000420158
1709488800000,0.0000464124
1709492400000,0.0000533942
1709496000000,0.000058855
1709499600000,0.0000544377
1709503200000,0.0000609255
1709506800000,0.0000671912
1709510400000,0.0000766677
1709514000000,0.0000793719
1709517600000,0.0000519259
1709521200000,0.0000732709
1709524800000,0.0000715031
1709528400000,0.0000723834
1709532000000,0.0000560412
1709535600000,0.0000581626
1709539200000,0.000053093
1709542800000,0.0000718369
1709546400000,0.0001004835
1709550000000,0.0001121776
1709553600000,0.0001192281
1709557200000,0.0001482508
1709560800000,0.0001613795
1709564400000,0.0001587344
1709568000000,0.0001627423
1709571600000,0.0000881116
1709575200000,0.0000624563
1709578800000,0.0000534022
1709582400000,0.0001013844
1709586000000,0.0001080596
1709589600000,0.0000675773
1709593200000,0.0000627681
1709596800000,0.0000813368
1709600400000,0.0000448863
1709604000000,0.0000631497
1709607600000,0.0000534298
1709611200000,0.0000817988
1709614800000,0.0001364776
1709618400000,0.0001791347
1709622000000,0.0001551885
1709625600000,0.0001197138
1709629200000,0.0000706932
1709632800000,0.000095634
1709636400000,0.000122451
1709640000000,0.0001427197
1709643600000,0.0001435113
1709647200000,0.0000963892
1709650800000,0.0001077445
1709654400000,0.0001572041
1709658000000,0.0000968026
1709661600000,0.0001567614
1709665200000,0.000138518
1709668800000,0.0001200893
1709672400000,0.0001051168
1709676000000,0.0001459697
1709679600000,0.0001906423
1709683200000,0.0002272105
1709686800000,0.0001436748
1709690400000,0.00015139
1709694000000,0.0001654219
1709697600000,0.0001549905
1709701200000,0.0001218708
1709704800000,0.0000791739
1709708400000,0.0000525843
1709712000000,0.0000699543
1709715600000,0.0000640941
1709719200000,0.0000796912
1709722800000,0.0001063558
1709726400000,0.0001169905
1709730000000,0.0000723435
1709733600000,0.000095147
1709737200000,0.00011012
1709740800000,0.00009192
1709744400000,0.0000909977
1709748000000,0.0001056607
1709751600000,0.000104855
1709755200000,0.0001066852
1709758800000,0.0001330501
1709762400000,0.0001397768
1709766000000,0.0001159016
1709769600000,0.0001157143
1709773200000,0.0000788087
1709776800000,0.0000200567
1709780400000,0.0000161723
1709784000000,0.0000305066
1709787600000,0.0000350414
1709791200000,0.0000199907
1709794800000,0.0000125
1709798400000,0.0000125
1709802000000,0.0000125
1709805600000,0.0000255092
1709809200000,0.0000421156
1709812800000,0.0000524724
1709816400000,0.0000604522
1709820000000,0.0000719796
1709823600000,0.0000807763
1709827200000,0.0001122011
1709830800000,0.000055169
1709834400000,0.0000569161
1709838000000,0.000071081
1709841600000,0.0000893235
1709845200000,0.0001136393
1709848800000,0.0000790605
1709852400000,0.0000577595
1709856000000,0.0000498964
1709859600000,0.000036699
1709863200000,0.0000594179
1709866800000,0.0000613135
1709870400000,0.0000635531
1709874000000,0.0000810708
1709877600000,0.0000667293
1709881200000,0.0000374517
1709884800000,0.0000620355
1709888400000,0.0000262727
1709892000000,0.0000125
1709895600000,0.0000125
1709899200000,0.0000125
1709902800000,0.0000125
1709906400000,0.0000877478
1709910000000,0.0001001059
1709913600000,0.0001038294
1709917200000,0.0000482222
1709920800000,0.0000636862
1709924400000,0.0000663665
1709928000000,0.0000694079
1709931600000,0.0000875458
1709935200000,0.0001034881
1709938800000,0.0001109534
1709942400000,0.0001110447
1709946000000,0.0000683513
1709949600000,0.0000765092
1709953200000,0.0000861738
1709956800000,0.000092391
1709960400000,0.0000982044
1709964000000,0.0001048277
1709967600000,0.0001242641
1709971200000,0.0001197504
1709974800000,0.0000664432
1709978400000,0.0000630964
1709982000000,0.0000610865
1709985600000,0.0000628011
1709989200000,0.0000677741
1709992800000,0.0000765169
1709996400000,0.0000745541
1710000000000,0.0000910614
1710003600000,0.000052695
1710007200000,0.0000531972
1710010800000,0.0000796685
1710014400000,0.0000915546
1710018000000,0.0001060951
1710021600000,0.0001204119
1710025200000,0.0001331372
1710028800000,0.0001285915
1710032400000,0.0000600932
1710036000000,0.000065988
1710039600000,0.0000776504
1710043200000,0.000077767
1710046800000,0.0000830587
1710050400000,0.0000785323
1710054000000,0.0000738852
1710057600000,0.0000806879
1710061200000,0.0000691734
1710064800000,0.0000667904
1710068400000,0.0000615979
1710072000000,0.0000522552
1710075600000,0.0000565205
1710079200000,0.0000569085
1710082800000,0.0000437803
1710086400000,0.0000194262
1710090000000,0.0000343488
1710093600000,0.0000475349
1710097200000,0.0000608687
1710100800000,0.0000827804
1710104400000,0.000092785
1710108000000,0.0001035107
1710111600000,0.000081663
1710115200000,0.0000125
1710118800000,0.0000125
1710122400000,0.0000125
1710126000000,0.0000125
1710129600000,0.0000125
1710133200000,0.0000125
1710136800000,0.0000125
1710140400000,0.0000125
1710144000000,0.0001198395
1710147600000,0.0000548401
1710151200000,0.0000640129
1710154800000,0.0001339082
1710158400000,0.0000840188
1710162000000,0.0000673869
1710165600000,0.0000753303
1710169200000,0.0000328498
1710172800000,0.0000496927
1710176400000,0.0000177675
1710180000000,0.0000184773
1710183600000,0.0000572131
1710187200000,0.0000546178
1710190800000,0.0000481898
1710194400000,0.0000622382
1710198000000,0.0000760335
1710201600000,0.0000890853
1710205200000,0.0000408675
1710208800000,0.0000399519
1710212400000,0.0000532416
1710216000000,0.0000417911
1710219600000,0.0000402067
1710223200000,0.0000465914
1710226800000,0.000021666
1710230400000,0.0000171793
1710234000000,0.0000329565
1710237600000,0.0000317176
1710241200000,0.0000125
1710244800000,0.0000335354
1710248400000,0.0000558862
1710252000000,0.0000786717
1710255600000,0.0000793075
1710259200000,0.0001145779
1710262800000,0.0000688205
1710266400000,0.0000666024
1710270000000,0.0000729991
1710273600000,0.0000870886
1710277200000,0.0000970239
1710280800000,0.0001140223
1710284400000,0.000108787
1710288000000,0.0000826396
1710291600000,0.0000395823
1710295200000,0.0000696665
1710298800000,0.000066079
1710302400000,0.0000736278
1710306000000,0.0000954832
1710309600000,0.000105902
1710313200000,0.0001234183
1710316800000,0.0001506592
1710320400000,0.0000925155
1710324000000,0.0000800239
1710327600000,0.0000865405
1710331200000,0.0000992307
1710334800000,0.0000910074
1710338400000,0.0000904907
1710342000000,0.0000973641
1710345600000,0.0000910202
1710349200000,0.0000626747
1710352800000,0.0000640832
1710356400000,0.0000701212
1710360000000,0.0000700815
1710363600000,0.0000692561
1710367200000,0.0000782735
1710370800000,0.0000857544
1710374400000,0.000083014
1710378000000,0.0000548849
1710381600000,0.0000680037
1710385200000,0.0000820259
1710388800000,0.00009304
1710392400000,0.0000809916
1710396000000,0.0000953179
1710399600000,0.0001152901
1710403200000,0.00011379
1710406800000,0.0000725197
1710410400000,0.0000769813
1710414000000,0.0000911861
1710417600000,0.000115244
1710421200000,0.0001258457
1710424800000,0.0001413593
1710428400000,0.0001511962
1710432000000,0.0001534183
1710435600000,0.0001024142
1710439200000,0.0001280347
1710442800000,0.0001289662
1710446400000,0.0001452003
1710450000000,0.0001515341
1710453600000,0.000156617
1710457200000,0.00016197
1710460800000,0.0001481334
1710464400000,0.0000917035
1710468000000,0.0001005208
1710471600000,0.000097527
1710475200000,0.0001105591
1710478800000,0.0001359439
1710482400000,0.0001574104
1710486000000,0.0001747111
1710489600000,0.0001819454
1710493200000,0.0000908559
1710496800000,0.0000496376
1710500400000,0.0000608324
1710504000000,0.0000833979
1710507600000,0.0000985245
1710511200000,0.0001101715
1710514800000,0.000082643
1710518400000,0.0000808976
1710522000000,0.00005288
1710525600000,0.000044988
1710529200000,0.0000507224
1710532800000,0.000054416
1710536400000,0.0000483509
1710540000000,0.0000763982
1710543600000,0.0000786989
1710547200000,0.0000753218
1710550800000,0.0000580107
1710554400000,0.0000601644
1710558000000,0.0000677433
1710561600000,0.0000639878
1710565200000,0.0000563671
1710568800000,0.0000569926
1710572400000,0.000060612
1710576000000,0.0000600789
1710579600000,0.0000482374
1710583200000,0.0000671477
1710586800000,0.0000810517
1710590400000,0.0000856318
1710594000000,0.0000914657
1710597600000,0.0000828779
1710601200000,0.0000717065
1710604800000,0.0000702583
1710608400000,0.000034778
1710612000000,0.0000241249
1710615600000,0.0000125
1710619200000,0.0000484963
1710622800000,0.0000559639
1710626400000,0.0000379291
1710630000000,0.0000544197
1710633600000,0.0000625217
1710637200000,0.0000424828
1710640800000,0.0000610988
1710644400000,0.0000739463
1710648000000,0.0000872583
1710651600000,0.0000969991
1710655200000,0.0001017722
1710658800000,0.0000924587
1710662400000,0.0000899033
1710666000000,0.0000178534
1710669600000,0.0000164138
1710673200000,0.0000301101
1710676800000,0.0001059852
1710680400000,0.0001198046
1710684000000,0.0001189597
1710687600000,0.000092287
1710691200000,0.0000764908
1710694800000,0.0000464916
1710698400000,0.0000508408
1710702000000,0.0000569969
1710705600000,0.0000721175
1710709200000,0.0000713466
1710712800000,0.0000751564
1710716400000,0.0000880956
1710720000000,0.0000748557
1710723600000,0.000051006
1710727200000,0.0000669481
1710730800000,0.0000807015
1710734400000,0.0000801684
1710738000000,0.0000871113
1710741600000,0.0000923403
1710745200000,0.0000960979
1710748800000,0.000081491
1710752400000,0.000043191
1710756000000,0.0000405119
1710759600000,0.0000548003
1710763200000,0.000061908
1710766800000,0.0000604041
1710770400000,0.0000684971
1710774000000,0.0000644718
1710777600000,0.000020332
1710781200000,0.0000125
1710784800000,0.0000125
1710788400000,0.0000272674
1710792000000,0.0000327478
1710795600000,0.000047516
1710799200000,0.0000577995
1710802800000,0.0000580294
1710806400000,0.0000699247
1710810000000,0.0000297979
1710813600000,0.0000125
1710817200000,0.0000125
1710820800000,0.0000125
1710824400000,0.0000125
1710828000000,0.0000125
1710831600000,0.0000125
1710835200000,0.0000125
1710838800000,0.0000125
1710842400000,0.0000125
1710846000000,0.0000126844
1710849600000,0.0000269041
1710853200000,0.0000172102
1710856800000,0.0000139878
1710860400000,0.0000196098
1710864000000,0.0000264362
1710867600000,0.0000125
1710871200000,0.0000237234
1710874800000,0.0000377086
1710878400000,0.0000634011
1710882000000,0.0000770945
1710885600000,0.0001065251
1710889200000,0.0000795652
1710892800000,0.0000680752
1710896400000,0.0000463151
1710900000000,0.0000588911
1710903600000,0.0000696193
1710907200000,0.0000468702
1710910800000,0.0000125
1710914400000,0.0000125
1710918000000,0.0000125
1710921600000,0.0000125
1710925200000,0.0000029896
1710928800000,-0.0000029067
1710932400000,0.0000003761
1710936000000,0.0000073363
1710939600000,-0.0000170243
1710943200000,-0.0000144169
1710946800000,0.0000125
1710950400000,0.0000292706
1710954000000,0.0000125
1710957600000,0.0000147738
1710961200000,0.0000307766
1710964800000,0.0000277839
1710968400000,0.0000417317
1710972000000,0.0000444723
1710975600000,0.0000551861
1710979200000,0.0000577147
1710982800000,0.0000242197
1710986400000,0.0000224944
1710990000000,0.0000334434
1710993600000,0.0000427938
1710997200000,0.0000125
1711000800000,0.0000125
1711004400000,0.0000125
1711008000000,0.0000125
1711011600000,0.0000125
1711015200000,0.0000125
1711018800000,0.0000125
1711022400000,0.0000125
1711026000000,0.0000125
1711029600000,0.0000125
1711033200000,0.0000203101
1711036800000,0.000037242
1711040400000,0.0000127974
1711044000000,0.0000125
1711047600000,0.0000125
1711051200000,0.0000125
1711054800000,0.0000148258
1711058400000,0.0000211011
1711062000000,0.000043358
1711065600000,0.0000430776
1711069200000,0.0000153279
1711072800000,0.0000151152
1711076400000,0.0000133874
1711080000000,0.0000354943
1711083600000,0.0000345658
1711087200000,0.000038918
1711090800000,0.0000469471
1711094400000,0.0000573041
1711098000000,0.0000268742
1711101600000,0.000020751
1711105200000,0.0000126798
1711108800000,0.0000179805
1711112400000,0.0000286928
1711116000000,0.0000285704
1711119600000,0.0000361191
1711123200000,0.0000125
1711126800000,0.0000125
1711130400000,0.0000125
1711134000000,0.0000125
1711137600000,0.0000125
1711141200000,0.0000125
1711144800000,0.0000125
1711148400000,0.0000125
1711152000000,0.0000125
1711155600000,0.0000125
1711159200000,0.0000125
1711162800000,0.0000125
1711166400000,0.0000125
1711170000000,0.0000125
1711173600000,0.0000125
1711177200000,0.0000125
1711180800000,0.0000125
1711184400000,0.0000125
1711188000000,0.0000125
1711191600000,0.0000125
1711195200000,0.0000125
1711198800000,0.0000125
1711202400000,0.0000125
1711206000000,0.0000125
1711209600000,0.0000125
1711213200000,0.0000125
1711216800000,0.0000125
1711220400000,0.0000125
1711224000000,0.0000125
1711227600000,0.0000125
1711231200000,0.0000125
1711234800000,0.0000125
1711238400000,0.0000125
1711242000000,0.0000125
1711245600000,0.0000125
1711249200000,0.0000125
1711252800000,0.0000125
1711256400000,0.0000125
1711260000000,0.0000125
1711263600000,0.0000125
1711267200000,0.0000125
1711270800000,0.0000125
1711274400000,0.0000125
1711278000000,0.0000125
1711281600000,0.0000153207
1711285200000,0.0000125
1711288800000,0.0000125
1711292400000,0.0000125
1711296000000,0.0000125
1711299600000,0.0000125
1711303200000,0.0000125
1711306800000,0.0000125
1711310400000,0.0000125
1711314000000,0.0000125
1711317600000,0.0000125
1711321200000,0.000012953
1711324800000,0.0000300111
1711328400000,0.0000125
1711332000000,0.0000150963
1711335600000,0.0000175889
1711339200000,0.000015947
1711342800000,0.0000212681
1711346400000,0.0000252541
1711350000000,0.0000322356
1711353600000,0.0000344825
1711357200000,0.0000125
1711360800000,0.0000201225
1711364400000,0.0000272897
1711368000000,0.0000309236
1711371600000,0.0000444365
1711375200000,0.000045722
1711378800000,0.0000722133
1711382400000,0.0000778806
1711386000000,0.0000311881
1711389600000,0.0000426152
1711393200000,0.0000379865
1711396800000,0.0000445975
1711400400000,0.0000535606
1711404000000,0.0000564371
1711407600000,0.0000667123
1711411200000,0.0000606247
1711414800000,0.0000277959
1711418400000,0.0000390975
1711422000000,0.0000364832
1711425600000,0.0000398924
1711429200000,0.0000549304
1711432800000,0.0000410281
1711436400000,0.0000413579
1711440000000,0.0000567377
1711443600000,0.0000264529
1711447200000,0.00003528
1711450800000,0.0000403748
1711454400000,0.0000466478
1711458000000,0.0000524909
1711461600000,0.0000636544
1711465200000,0.000085073
1711468800000,0.00009161
1711472400000,0.0000499028
1711476000000,0.0000621518
1711479600000,0.0000687784
1711483200000,0.0000596937
1711486800000,0.0000513819
1711490400000,0.0000852894
1711494000000,0.0000775516
1711497600000,0.0000973785
1711501200000,0.0000671489
1711504800000,0.0000603126
1711508400000,0.0000566399
1711512000000,0.0000403827
1711515600000,0.0000293768
1711519200000,0.000032119
1711522800000,0.0000434857
1711526400000,0.0000417058
1711530000000,0.0000199464
1711533600000,0.0000246538
1711537200000,0.0000437401
1711540800000,0.0000633454
1711544400000,0.0000818366
1711548000000,0.0000757967
1711551600000,0.0000727876
1711555200000,0.0001038233
1711558800000,0.0000257108
1711562400000,0.0000438262
1711566000000,0.000059451
1711569600000,0.0000759382
1711573200000,0.0000953968
1711576800000,0.0000934923
1711580400000,0.0001158415
1711584000000,0.0001066632
1711587600000,0.0000634226
1711591200000,0.0000519628
1711594800000,0.0000472409
1711598400000,0.0000489495
1711602000000,0.000039951
1711605600000,0.0000547097
1711609200000,0.0000555599
1711612800000,0.0000587258
1711616400000,0.0000196226
1711620000000,0.0000226386
1711623600000,0.0000310661
1711627200000,0.000043005
1711630800000,0.0000464857
1711634400000,0.0000654397
1711638000000,0.000074414
1711641600000,0.0000818023
1711645200000,0.0000471983
1711648800000,0.0000536773
1711652400000,0.0000566339
1711656000000,0.0000719387
1711659600000,0.0000923097
1711663200000,0.0001031141
1711666800000,0.0001039827
1711670400000,0.000122179
1711674000000,0.0000661956
1711677600000,0.0000572141
1711681200000,0.0000620668
1711684800000,0.0000699312
1711688400000,0.0000787294
1711692000000,0.000084252
1711695600000,0.000087981
1711699200000,0.0000765595
1711702800000,0.0000125
1711706400000,0.0000152544
1711710000000,0.0000249843
1711713600000,0.0000591337
1711717200000,0.0000700613
1711720800000,0.0000736532
1711724400000,0.0000862763
1711728000000,0.000098201
1711731600000,0.0000522588
1711735200000,0.000065036
1711738800000,0.0000764142
1711742400000,0.0000987778
1711746000000,0.0001154839
1711749600000,0.0000951689
1711753200000,0.0000854532
1711756800000,0.0000289778
1711760400000,0.0000170211
1711764000000,0.0000226534
1711767600000,0.0000268409
1711771200000,0.0000278552
1711774800000,0.0000260257
1711778400000,0.0000457723
1711782000000,0.0000532946
1711785600000,0.0000549357
1711789200000,0.0000392685
1711792800000,0.0000402574
1711796400000,0.0000418196
1711800000000,0.0000476926
1711803600000,0.0000565112
1711807200000,0.0000570347
1711810800000,0.0000691002
1711814400000,0.0000871295
1711818000000,0.0000417838
1711821600000,0.0000446361
1711825200000,0.0000429741
1711828800000,0.0000345121
1711832400000,0.0000370979
1711836000000,0.0000445979
1711839600000,0.0000481366
1711843200000,0.0000504066
1711846800000,0.0000235581
1711850400000,0.0000255339
1711854000000,0.0000417745
1711857600000,0.0000453688
1711861200000,0.0000429381
1711864800000,0.0000750021
1711868400000,0.0001136754
1711872000000,0.0001197412
1711875600000,0.0000736679
1711879200000,0.000085902
1711882800000,0.0000891641
1711886400000,0.0000831617
1711890000000,0.0000871004
1711893600000,0.0000847705
1711897200000,0.0000776277
1711900800000,0.0000747879
1711904400000,0.0000427875
1711908000000,0.0000423174
1711911600000,0.0000580957
1711915200000,0.0000686399
1711918800000,0.0000844958
1711922400000,0.0000798902
1711926000000,0.0000710406
1711929600000,0.0000804089
1711933200000,0.0000517754
1711936800000,0.0000598059
1711940400000,0.0000597518
1711944000000,0.0000623048
1711947600000,0.0000595313
1711951200000,0.0000583383
1711954800000,0.0000307422
1711958400000,0.0000430586
1711962000000,0.0000125
1711965600000,0.0000125
1711969200000,0.0000125
1711972800000,0.0000125
1711976400000,0.0000134896
1711980000000,0.0000339836
1711983600000,0.0000277743
1711987200000,0.0000125
1711990800000,0.0000125
1711994400000,0.0000125
1711998000000,0.0000125
1712001600000,0.0000274619
1712005200000,0.0000263728
1712008800000,0.0000293165
1712012400000,0.0000356582
1712016000000,0.000045823
1712019600000,0.0000188104
1712023200000,0.0000196442
1712026800000,0.0000125
1712030400000,0.0000125
1712034000000,0.0000217045
1712037600000,0.0000314733
1712041200000,0.0000482903
1712044800000,0.0000578952
1712048400000,0.0000386797
1712052000000,0.0000485465
1712055600000,0.0000539255
1712059200000,0.0000543707
1712062800000,0.0000488155
1712066400000,0.0000410962
1712070000000,0.0000219599
1712073600000,0.0000125
1712077200000,0.0000292662
1712080800000,0.0000452328
1712084400000,0.0000617163
1712088000000,0.0000725169
1712091600000,0.0000888664
1712095200000,0.000089583
1712098800000,0.0000690112
1712102400000,0.0000455964
1712106000000,0.0000125
1712109600000,0.0000125
1712113200000,0.0000349947
1712116800000,0.0000402938
1712120400000,0.0000368197
1712124000000,0.0000392333
1712127600000,0.0000709694
1712131200000,0.0000737732
1712134800000,0.0000299868
1712138400000,0.0000359367
1712142000000,0.0000485742
1712145600000,0.0000492721
1712149200000,0.0000483493
1712152800000,0.0000159685
1712156400000,0.000015143
1712160000000,0.0000217054
1712163600000,0.0000125
1712167200000,0.0000125
1712170800000,0.0000125
1712174400000,0.00001629
1712178000000,0.0000254975
1712181600000,0.0000217151
1712185200000,0.0000177175
1712188800000,0.000046601
1712192400000,0.0000125
1712196000000,0.0000125
1712199600000,0.0000125
1712203200000,0.0000186152
1712206800000,0.0000203053
1712210400000,0.0000347174
1712214000000,0.0000248861
1712217600000,0.0000125
1712221200000,0.0000125
1712224800000,0.0000125
1712228400000,0.0000125
1712232000000,0.0000125
1712235600000,0.0000125
1712239200000,0.0000130273
1712242800000,0.0000229236
1712246400000,0.0000498617
1712250000000,0.0000304336
1712253600000,0.000020702
1712257200000,0.0000414573
1712260800000,0.0000443926
1712264400000,0.0000279262
1712268000000,0.0000386607
1712271600000,0.0000583479
1712275200000,0.0000559955
1712278800000,0.0000383012
1712282400000,0.0000409233
1712286000000,0.0000312223
1712289600000,0.0000212067
1712293200000,0.0000302435
1712296800000,0.0000142587
1712300400000,0.0000125
1712304000000,0.0000125
1712307600000,0.0000125
1712311200000,0.0000125
1712314800000,0.0000125
1712318400000,0.0000125
1712322000000,0.0000125
1712325600000,0.0000125
1712329200000,0.0000264808
1712332800000,0.0000656487
1712336400000,0.0000334898
1712340000000,0.0000568792
1712343600000,0.0000628249
1712347200000,0.000076193
1712350800000,0.0000921241
1712354400000,0.0000881852
1712358000000,0.0000226342
1712361600000,0.0000205618
1712365200000,0.0000125
1712368800000,0.0000125
1712372400000,0.0000359478
1712376000000,0.0000467501
1712379600000,0.0000482579
1712383200000,0.0000361969
1712386800000,0.0000193991
1712390400000,0.0000290048
1712394000000,0.0000125
1712397600000,0.0000125
1712401200000,0.0000125
1712404800000,0.0000125
1712408400000,0.0000125
1712412000000,0.0000125
1712415600000,0.0000125
1712419200000,0.0000125
1712422800000,0.0000125
1712426400000,0.0000125
1712430000000,0.0000125
1712433600000,0.0000125
1712437200000,0.0000125
1712440800000,0.0000125
1712444400000,0.0000125
1712448000000,0.0000125
1712451600000,0.0000125
1712455200000,0.0000125
1712458800000,0.0000125
1712462400000,0.0000125
1712466000000,0.0000125
1712469600000,0.0000125
1712473200000,0.0000235927
1712476800000,0.0000243062
1712480400000,0.0000125
1712484000000,0.0000125
1712487600000,0.0000125
1712491200000,0.0000125
1712494800000,0.0000134889
1712498400000,0.0000217815
1712502000000,0.0000281169
1712505600000,0.0000316875
1712509200000,0.0000125
1712512800000,0.0000125
1712516400000,0.0000125
1712520000000,0.0000211284
1712523600000,0.0000225027
1712527200000,0.0000206803
1712530800000,0.00002913
1712534400000,0.0000455201
1712538000000,0.0000125
1712541600000,0.0000125
1712545200000,0.0000125
1712548800000,0.0000137926
1712552400000,0.0000246581
1712556000000,0.0000278814
1712559600000,0.0000153377
1712563200000,0.0000140523
1712566800000,0.0000125
1712570400000,0.0000298645
1712574000000,0.0000344172
1712577600000,0.0000357549
1712581200000,0.0000222668
1712584800000,0.0000125
1712588400000,0.0000125
1712592000000,0.0000125
1712595600000,0.0000125
1712599200000,0.0000125
1712602800000,0.0000125
1712606400000,0.0000205057
1712610000000,0.0000271109
1712613600000,0.0000419629
1712617200000,0.0000373218
1712620800000,0.0000523057
1712624400000,0.0000214205
1712628000000,0.0000125
1712631600000,0.0000125
1712635200000,0.0000125
1712638800000,0.0000125
1712642400000,0.0000125
1712646000000,0.0000125
1712649600000,0.0000125
1712653200000,0.0000125
1712656800000,0.0000125
1712660400000,0.0000125
1712664000000,0.0000187113
1712667600000,0.0000316347
1712671200000,0.0000377137
1712674800000,0.0000162114
1712678400000,0.0000125
1712682000000,0.0000125
1712685600000,0.0000125
1712689200000,0.0000125
1712692800000,0.0000188627
1712696400000,0.0000291912
1712700000000,0.000031287
1712703600000,0.0000399089
1712707200000,0.000043788
1712710800000,0.0000297226
1712714400000,0.0000318877
1712718000000,0.0000365007
1712721600000,0.0000327586
1712725200000,0.0000508552
1712728800000,0.0000517548
1712732400000,0.0000630981
1712736000000,0.000074897
1712739600000,0.000025294
1712743200000,0.0000225705
1712746800000,0.0000380515
1712750400000,0.0000366938
1712754000000,0.0000219488
1712757600000,0.0000131365
1712761200000,0.0000125
1712764800000,0.0000125
1712768400000,0.0000125
1712772000000,0.0000125
1712775600000,0.0000125
1712779200000,0.0000125
1712782800000,0.0000125
1712786400000,0.0000125
1712790000000,0.0000125
1712793600000,0.0000125
1712797200000,0.0000125
1712800800000,0.0000125
1712804400000,0.0000125
1712808000000,0.0000125
1712811600000,0.0000125
1712815200000,0.0000125349
1712818800000,0.0000205982
1712822400000,0.0000238463
1712826000000,0.0000125
1712829600000,0.0000136589
1712833200000,0.0000190136
1712836800000,0.0000125
1712840400000,0.0000125
1712844000000,0.0000125
1712847600000,0.0000125
1712851200000,0.0000125
1712854800000,0.0000125
1712858400000,0.0000125
1712862000000,0.0000125
1712865600000,0.0000125
1712869200000,0.0000328936
1712872800000,0.0000289442
1712876400000,0.0000397774
1712880000000,0.0000573642
1712883600000,0.0000253423
1712887200000,0.0000372652
1712890800000,0.0000455308
1712894400000,0.0000489104
1712898000000,0.0000497538
1712901600000,0.0000733825
1712905200000,0.0000625459
1712908800000,0.0000548619
1712912400000,0.00002589
1712916000000,0.000030706
1712919600000,0.0000224483
1712923200000,0.0000455527
1712926800000,0.0000125
1712930400000,0.0000125
1712934000000,0.0000125
1712937600000,0.0000125
1712941200000,0.0000125
1712944800000,0.0000125
1712948400000,0.0000125
1712952000000,0.0000125
1712955600000,0.0000125
1712959200000,0.0000125
1712962800000,0.0000125
1712966400000,0.0000125
1712970000000,0.0000125
1712973600000,0.0000125
1712977200000,0.0000125
1712980800000,0.0000125
1712984400000,0.0000125
1712988000000,0.0000125
1712991600000,0.0000125
1712995200000,0.0000125
1712998800000,0.0000125
1713002400000,0.0000125
1713006000000,0.0000125
1713009600000,0.0000125
1713013200000,0.0000125
1713016800000,0.0000125
1713020400000,0.0000125
1713024000000,0.0000125
1713027600000,0.0000125
1713031200000,0.0000125
1713034800000,0.0000125
1713038400000,0.0000125
1713042000000,0.0000125
1713045600000,0.0000125
1713049200000,0.0000125
1713052800000,0.0000125
1713056400000,0.0000125
1713060000000,0.0000125
1713063600000,0.0000125
1713067200000,0.0000125
1713070800000,0.0000223498
1713074400000,0.0000982281
1713078000000,0.000098236
1713081600000,0.000013314
1713085200000,0.0000125
1713088800000,0.0000125
1713092400000,0.0000125
1713096000000,0.0000125
1713099600000,0.0000125
1713103200000,0.0000325579
1713106800000,0.0000341347
1713110400000,0.0000125
1713114000000,0.0000385392
1713117600000,0.0000125
1713121200000,0.0000125
1713124800000,0.0000125
1713128400000,-0.0000297527
1713132000000,0.0000125
1713135600000,0.0000125
1713139200000,0.0000125
1713142800000,0.0000125
1713146400000,0.0000125
1713150000000,0.0000272593
1713153600000,0.0000183864
1713157200000,0.0000125
1713160800000,0.0000125
1713164400000,-0.0000163652
1713168000000,0.0000047915
1713171600000,-0.0000540259
1713175200000,-0.0000300729
1713178800000,0.0000125
1713182400000,0.0000125
1713186000000,0.0000125
1713189600000,0.0000125
1713193200000,0.0000125
1713196800000,0.0000125
1713200400000,0.0000125
1713204000000,0.0000125
1713207600000,0.0000125
1713211200000,0.0000125
1713214800000,0.0000125
1713218400000,0.0000125
1713222000000,0.0000125
1713225600000,0.0000125
1713229200000,0.0000125
1713232800000,0.0000125
1713236400000,0.0000125
1713240000000,0.0000125
1713243600000,0.0000125
1713247200000,0.0000125
1713250800000,0.0000125
1713254400000,0.0000125
1713258000000,0.0000125
1713261600000,0.0000125
1713265200000,0.0000125
1713268800000,0.0000125
1713272400000,0.0000125
1713276000000,0.0000125
1713279600000,0.0000125
1713283200000,0.0000154445
1713286800000,0.0000125
1713290400000,0.0000125
1713294000000,0.0000155814
1713297600000,0.0000125
1713301200000,0.0000331353
1713304800000,0.0000125
1713308400000,0.0000125
1713312000000,0.0000125
1713315600000,0.0000125
1713319200000,0.0000125
1713322800000,0.0000125
1713326400000,0.0000125
1713330000000,0.0000125
1713333600000,0.0000049638
1713337200000,0.0000125
1713340800000,0.0000125
1713344400000,0.0000125
1713348000000,0.0000125
1713351600000,0.0000125
1713355200000,0.0000125
1713358800000,0.0000125
1713362400000,0.0000125
1713366000000,0.0000125
1713369600000,0.0000125
1713373200000,0.000034567
1713376800000,0.000037057
1713380400000,0.0000125
1713384000000,0.0000125
1713387600000,0.0000125
1713391200000,0.0000125
1713394800000,0.0000125
1713398400000,0.0000125
1713402000000,0.0000062782
1713405600000,0.0000027193
1713409200000,0.0000125
1713412800000,0.0000125
1713416400000,0.0000125
1713420000000,0.0000058578
1713423600000,0.0000125
1713427200000,0.0000125
1713430800000,0.0000104075
1713434400000,0.0000125
1713438000000,0.0000125
1713441600000,0.0000125
1713445200000,0.0000125
1713448800000,0.0000125
1713452400000,0.0000034962
1713456000000,-0.0000245765
1713459600000,0.0000125
1713463200000,0.0000125
1713466800000,0.0000125
1713470400000,0.0000125
1713474000000,0.0000125
1713477600000,0.0000125
1713481200000,0.0000125
1713484800000,0.0000125
1713488400000,0.0000125
1713492000000,-0.0000087394
1713495600000,0.0000125
1713499200000,0.0000125
1713502800000,0.0000125
1713506400000,0.0000125
1713510000000,0.0000086695
1713513600000,0.0000125
1713517200000,0.0000125
1713520800000,0.0000040394
1713524400000,-0.000011369
1713528000000,0.0000125
1713531600000,0.0000029177
1713535200000,0.0000125
1713538800000,0.0000125
1713542400000,0.0000125
1713546000000,-0.0000177096
1713549600000,0.0000011549
1713553200000,0.0000018962
1713556800000,0.0000125
1713560400000,0.0000108556
1713564000000,-0.0000171085
1713567600000,-0.000010787
1713571200000,-0.0000033932
1713574800000,0.0000094189
1713578400000,0.0000125
1713582000000,-0.0000292937
1713585600000,-0.000049014
1713589200000,-0.0000346248
1713592800000,-0.0000018685
1713596400000,0.0000125
1713600000000,0.0000125
1713603600000,0.0000124235
1713607200000,-0.0000010232
1713610800000,0.0000125
1713614400000,0.0000125
1713618000000,0.0000125
1713621600000,0.0000125
1713625200000,0.0000125
1713628800000,-0.00001648
1713632400000,-0.0000299704
1713636000000,0.0000125
1713639600000,0.0000125
1713643200000,0.0000125
1713646800000,0.0000418482
1713650400000,0.0000170052
1713654000000,0.0000125
1713657600000,0.0000125
1713661200000,0.0000125
1713664800000,0.0000139661
1713668400000,0.0000125
1713672000000,0.0000125
1713675600000,0.0000125
1713679200000,0.0000125
1713682800000,-0.0000089286
1713686400000,0.0000002877
1713690000000,0.0000080748
1713693600000,0.0000125
1713697200000,0.0000125
1713700800000,0.0000125
1713704400000,0.0000125
1713708000000,0.0000125
1713711600000,0.0000125
1713715200000,0.0000125
1713718800000,0.0000125
1713722400000,0.0000125
1713726000000,0.0000125
1713729600000,0.0000125
1713733200000,0.0000125
1713736800000,0.0000125
1713740400000,0.0000125
1713744000000,0.0000125
1713747600000,0.0000125
1713751200000,0.0000125
1713754800000,0.0000125
1713758400000,0.0000125
1713762000000,-0.0000230866
1713765600000,-0.0000080107
1713769200000,0.0000125
1713772800000,0.0000125
1713776400000,0.0000125
1713780000000,0.0000125
1713783600000,-0.0000181126
1713787200000,0.0000125
1713790800000,0.0000125
1713794400000,0.0000125
1713798000000,0.0000125
1713801600000,0.0000125
1713805200000,0.0000125
1713808800000,0.0000125
1713812400000,0.0000236761
1713816000000,0.0000125
1713819600000,0.0000125
1713823200000,0.0000125
1713826800000,0.0000125
1713830400000,0.0000125
1713834000000,0.0000125
1713837600000,0.0000125
1713841200000,0.0000066474
1713844800000,0.0000125
1713848400000,0.0000125
1713852000000,0.0000125
1713855600000,0.0000125
1713859200000,-0.0000570656
1713862800000,-0.0000460552
1713866400000,0.0000007177
1713870000000,-0.0000394753
1713873600000,-0.0000319557
1713877200000,-0.0000787118
1713880800000,-0.0000379289
1713884400000,0.0000125
1713888000000,0.0000125
1713891600000,0.0000125
1713895200000,0.0000137094
1713898800000,0.0000125
1713902400000,0.0000125
1713906000000,0.0000125
1713909600000,0.0000125
1713913200000,0.0000125
1713916800000,0.0000125
1713920400000,0.0000125
1713924000000,0.0000125
1713927600000,0.0000125
1713931200000,0.0000125
1713934800000,0.0000419017
1713938400000,0.000027119
1713942000000,0.0000125
1713945600000,0.0000439559
1713949200000,0.0000125
1713952800000,0.0000125
1713956400000,0.0000125
1713960000000,0.0000125
1713963600000,0.0000125
1713967200000,0.000015994
1713970800000,0.0000125
1713974400000,0.0000125
1713978000000,0.0000125
1713981600000,-0.0000154033
1713985200000,0.0000064334
1713988800000,-0.0000179372
1713992400000,0.0000099497
1713996000000,0.0000125
1713999600000,-0.0000302684
1714003200000,-0.0000537237
1714006800000,-0.0000379061
1714010400000,-0.0000020681
1714014000000,0.0000125
1714017600000,-0.0000009837
1714021200000,-0.0000208223
1714024800000,0.0000125
1714028400000,0.0000125
1714032000000,0.0000125
1714035600000,0.0000125
1714039200000,0.0000125
1714042800000,0.0000125
1714046400000,0.0000125
1714050000000,0.0000125
1714053600000,0.0000125
1714057200000,0.0000125
1714060800000,0.0000125
1714064400000,0.0000125
1714068000000,0.0000125
1714071600000,0.0000125
1714075200000,0.0000125
1714078800000,0.0000125
1714082400000,0.0000125
1714086000000,0.0000125
1714089600000,0.0000125
1714093200000,0.0000125
1714096800000,0.0000125
1714100400000,0.0000125
1714104000000,0.0000125
1714107600000,0.0000125
1714111200000,0.0000125
1714114800000,0.0000133104
1714118400000,0.0000148494
1714122000000,0.0000125
1714125600000,0.0000125
1714129200000,0.0000125
1714132800000,0.0000125
1714136400000,0.0000125
1714140000000,0.0000125
1714143600000,0.0000125
1714147200000,0.0000125
1714150800000,0.0000125
1714154400000,0.0000125
1714158000000,0.0000125
1714161600000,0.0000125
1714165200000,0.0000125
1714168800000,0.0000125
1714172400000,0.0000125
1714176000000,0.0000125
1714179600000,0.0000125
1714183200000,0.0000125
1714186800000,0.0000125
1714190400000,0.0000125
1714194000000,0.0000125
1714197600000,0.0000125
1714201200000,0.0000125
1714204800000,0.0000125
1714208400000,0.0000125
1714212000000,0.0000125
1714215600000,0.0000125
1714219200000,0.0000125
1714222800000,0.0000125
1714226400000,0.0000125
1714230000000,0.0000125
1714233600000,0.0000125
1714237200000,0.0000125
1714240800000,0.0000125
1714244400000,0.0000125
1714248000000,0.0000125
1714251600000,0.0000125
1714255200000,0.0000125
1714258800000,0.0000125
1714262400000,0.000061694
1714266000000,0.0000293168
1714269600000,0.0000125
1714273200000,0.0000125
1714276800000,0.0000125
1714280400000,0.0000125
1714284000000,0.0000448311
1714287600000,0.0000538884
1714291200000,0.0000353585
1714294800000,0.0000125
1714298400000,0.0000125
1714302000000,0.0000125
1714305600000,-0.000018745
1714309200000,0.0000125
1714312800000,0.0000125
1714316400000,0.0000125
1714320000000,0.0000125
1714323600000,0.0000340687
1714327200000,0.0000279022
1714330800000,0.000043817
1714334400000,0.0000164849
1714338000000,0.0000125
1714341600000,0.0000125
1714345200000,0.0000002696
1714348800000,-0.0000099848
1714352400000,0.0000125
1714356000000,0.0000125
1714359600000,0.0000125
1714363200000,0.0000125
1714366800000,0.0000125
1714370400000,0.0000125
1714374000000,0.0000125
1714377600000,0.0000125
1714381200000,0.0000125
1714384800000,0.0000041863
1714388400000,0.0000125
1714392000000,0.0000125
1714395600000,0.0000125
1714399200000,0.0000125
1714402800000,0.0000125
1714406400000,0.0000125
1714410000000,0.0000125
1714413600000,0.0000125
1714417200000,0.0000125
1714420800000,0.0000125
1714424400000,0.0000125
1714428000000,0.0000125
1714431600000,0.0000125
1714435200000,0.0000125
1714438800000,0.0000125
1714442400000,0.0000125
1714446000000,0.0000125
1714449600000,0.0000125
1714453200000,0.0000125
1714456800000,0.0000125
1714460400000,0.0000125
1714464000000,0.0000125
1714467600000,0.0000125
1714471200000,0.0000125
1714474800000,0.0000125
1714478400000,0.0000125
1714482000000,0.0000021929
1714485600000,0.0000125
1714489200000,0.0000125
1714492800000,0.0000125
1714496400000,0.0000121358
1714500000000,0.0000125
1714503600000,0.0000125
1714507200000,0.0000125
1714510800000,0.0000125
1714514400000,0.0000125
1714518000000,0.0000125
1714521600000,0.0000125
1714525200000,0.0000125
1714528800000,0.0000125
1714532400000,0.0000125
1714536000000,0.0000125
1714539600000,0.0000125
1714543200000,0.0000125
1714546800000,0.0000125
1714550400000,0.0000124133
1714554000000,-0.0000229902
1714557600000,-0.0000093021
1714561200000,-0.0000063951
1714564800000,0.0000109359
1714568400000,0.0000125
1714572000000,0.0000125
1714575600000,0.0000125
1714579200000,0.0000125
1714582800000,0.0000125
1714586400000,0.0000125
1714590000000,0.0000125
1714593600000,0.0000125
1714597200000,0.0000125
1714600800000,0.0000125
1714604400000,-0.0000034744
1714608000000,0.000005188
1714611600000,0.0000125
1714615200000,0.0000083364
1714618800000,0.0000007009
1714622400000,0.0000063494
1714626000000,0.0000017685
1714629600000,-0.0000016426
1714633200000,0.0000125
1714636800000,0.0000125
1714640400000,0.0000125
1714644000000,0.0000125
1714647600000,0.0000125
1714651200000,0.0000125
1714654800000,0.0000125
1714658400000,0.0000125
1714662000000,0.0000125
1714665600000,0.0000123249
1714669200000,0.0000125
1714672800000,0.0000076717
1714676400000,0.0000125
1714680000000,0.0000125
1714683600000,0.0000056233
1714687200000,0.0000116701
1714690800000,0.0000125
1714694400000,0.0000125
1714698000000,0.0000125
1714701600000,0.0000125
1714705200000,0.0000125
1714708800000,0.0000125
1714712400000,0.0000125
1714716000000,0.0000125
1714719600000,0.0000125
1714723200000,0.0000125
1714726800000,0.0000125
1714730400000,0.0000125
1714734000000,0.0000125
1714737600000,0.0000125
1714741200000,0.0000125
1714744800000,-0.0000150884
1714748400000,0.0000014725
1714752000000,-0.0000219596
1714755600000,-0.0000101193
1714759200000,-0.0000094429
1714762800000,-0.0000034559
1714766400000,-0.0000027923
1714770000000,-0.0000068088
1714773600000,-0.0000390376
1714777200000,-0.000042545
1714780800000,-0.0000174914
1714784400000,0.0000034202
1714788000000,-0.0000021479
1714791600000,-0.0000205562
1714795200000,-0.000024821
1714798800000,-0.0000321614
1714802400000,-0.0000212739
1714806000000,-0.0000070479
1714809600000,-0.0000129513
1714813200000,0.0000118127
1714816800000,0.0000125
1714820400000,0.0000125
1714824000000,-0.0000160875
1714827600000,0.0000125
1714831200000,0.0000125
1714834800000,0.0000125
1714838400000,0.00001131
1714842000000,-0.0000008171
1714845600000,-0.00001301
1714849200000,-0.0000207529
1714852800000,-0.0000292822
1714856400000,-0.0000381407
1714860000000,-0.0000394824
1714863600000,-0.000059222
1714867200000,-0.0000337099
1714870800000,-0.0000030893
1714874400000,0.0000018866
1714878000000,0.0000125
1714881600000,0.0000125
1714885200000,0.0000125
1714888800000,0.0000125
1714892400000,0.0000125
1714896000000,0.0000125
1714899600000,0.0000125
1714903200000,-0.0000042541
1714906800000,-0.0000108904
1714910400000,-0.0000173256
1714914000000,-0.0000180324
1714917600000,-0.0000204946
1714921200000,-0.0000274048
1714924800000,-0.000027495
1714928400000,-0.0000197634
1714932000000,-0.0000131464
1714935600000,-0.000023506
1714939200000,-0.00002326
1714942800000,-0.0000490396
1714946400000,-0.0000564255
1714950000000,-0.0000620621
1714953600000,-0.0000321923
1714957200000,-0.0000051471
1714960800000,-0.0000071935
1714964400000,-0.0000111681
1714968000000,-0.0000179255
1714971600000,-0.000010516
1714975200000,-0.0000130356
1714978800000,-0.0000585748
1714982400000,-0.0000707148
1714986000000,-0.0000096688
1714989600000,-0.0000004366
1714993200000,0.0000125
1714996800000,0.0000125
1715000400000,0.0000125
1715004000000,0.0000125
1715007600000,0.0000125
1715011200000,0.0000165006
1715014800000,0.0000272717
1715018400000,0.0000406386
1715022000000,0.0000338914
1715025600000,0.0000332185
1715029200000,0.0000464157
1715032800000,0.0000398038
1715036400000,0.0000125
1715040000000,0.0000125
1715043600000,0.0000175001
1715047200000,0.0000125
1715050800000,0.0000125
1715054400000,0.0000125
1715058000000,0.0000125
1715061600000,0.0000125
1715065200000,0.0000125
1715068800000,0.0000125
1715072400000,0.0000125
1715076000000,0.0000125
1715079600000,0.0000125
1715083200000,0.0000322418
1715086800000,0.0000584985
1715090400000,0.0000485026
1715094000000,0.0000178248
1715097600000,0.0000315167
1715101200000,0.0000125
1715104800000,0.0000125
1715108400000,0.0000125
1715112000000,0.0000125
1715115600000,0.0000125
1715119200000,0.0000125
1715122800000,0.0000125
1715126400000,0.0000125
1715130000000,0.0000125
1715133600000,0.0000294633
1715137200000,0.0000351376
1715140800000,0.0000398455
1715144400000,0.0000275504
1715148000000,0.0000305922
1715151600000,0.0000125
1715155200000,0.0000125
1715158800000,0.0000125
1715162400000,0.0000125
1715166000000,0.0000125
1715169600000,0.0000125
1715173200000,0.0000125
1715176800000,0.0000125
1715180400000,0.0000125
1715184000000,0.0000251673
1715187600000,0.0000222558
1715191200000,0.0000264121
1715194800000,0.0000322793
1715198400000,0.0000125
1715202000000,0.0000125
1715205600000,0.0000125
1715209200000,0.0000125
1715212800000,0.0000125
1715216400000,0.0000125
1715220000000,0.0000125
1715223600000,0.0000125
1715227200000,0.0000125
1715230800000,0.0000090081
1715234400000,0.0000125
1715238000000,0.0000125
1715241600000,-0.0000031814
1715245200000,-0.0000301278
1715248800000,-0.0000445231
1715252400000,-0.0000468177
1715256000000,-0.0000063426
1715259600000,-0.0000053925
1715263200000,0.0000040955
1715266800000,0.0000125
1715270400000,0.0000125
1715274000000,0.0000028739
1715277600000,0.0000105488
1715281200000,0.0000125
1715284800000,0.0000094085
1715288400000,-0.0000078231
1715292000000,-0.0000131199
1715295600000,-0.0000020531
1715299200000,0.0000125
1715302800000,0.0000125
1715306400000,0.0000125
1715310000000,0.0000125
1715313600000,0.0000125
1715317200000,0.0000125
1715320800000,0.0000125
1715324400000,0.0000125
1715328000000,0.0000125
1715331600000,0.0000125
1715335200000,0.0000125
1715338800000,0.0000125
1715342400000,0.0000125
1715346000000,0.0000125
1715349600000,0.0000125
1715353200000,0.0000125
1715356800000,0.0000125
1715360400000,0.0000125
1715364000000,0.0000125
1715367600000,0.0000129571
1715371200000,0.0000412198
1715374800000,0.0000156028
1715378400000,0.0000782961
1715382000000,0.0000898764
1715385600000,0.0000769165
1715389200000,0.0000125
1715392800000,0.0000125
1715396400000,0.0000125
1715400000000,0.0000125
1715403600000,0.0000125
1715407200000,0.0000125
1715410800000,0.0000125
1715414400000,0.0000125
1715418000000,0.0000125
1715421600000,0.0000125
1715425200000,0.0000125
1715428800000,0.0000125
1715432400000,0.0000125
1715436000000,0.0000125
1715439600000,0.0000125
1715443200000,0.0000125
1715446800000,0.0000125
1715450400000,0.0000125
1715454000000,0.0000125
1715457600000,0.0000125
1715461200000,0.0000125
1715464800000,0.0000049788
1715468400000,0.0000029393
1715472000000,0.0000125
1715475600000,0.0000009804
1715479200000,0.0000028156
1715482800000,0.0000125
1715486400000,0.0000125
1715490000000,0.0000125
1715493600000,0.0000125
1715497200000,0.0000125
1715500800000,0.0000125
1715504400000,0.0000125
1715508000000,0.0000125
1715511600000,0.0000125
1715515200000,0.0000012339
1715518800000,-0.0000070199
1715522400000,0.0000125
1715526000000,0.0000125
1715529600000,0.0000125
1715533200000,0.0000125
1715536800000,0.0000090328
1715540400000,0.0000019903
1715544000000,-0.000001133
1715547600000,-0.0000399122
1715551200000,-0.000027796
1715554800000,-0.0000250909
1715558400000,0.0000125
1715562000000,0.0000125
1715565600000,0.0000125
1715569200000,-0.000010739
1715572800000,-0.0000121229
1715576400000,-0.0000269444
1715580000000,-0.0000332532
1715583600000,-0.0000145965
1715587200000,0.0000125
1715590800000,0.0000125
1715594400000,-0.000001778
1715598000000,-0.0000088565
1715601600000,0.0000125
1715605200000,0.0000125
1715608800000,0.0000125
1715612400000,0.0000125
1715616000000,0.0000125
1715619600000,0.0000125
1715623200000,0.0000125
1715626800000,0.0000125
1715630400000,0.0000125
1715634000000,0.0000125
1715637600000,0.0000125
1715641200000,0.0000125
1715644800000,0.0000125
1715648400000,0.0000125
1715652000000,0.0000125
1715655600000,0.0000125
1715659200000,0.0000125
1715662800000,0.0000125
1715666400000,0.0000125
1715670000000,0.0000125
1715673600000,0.0000125
1715677200000,0.0000125
1715680800000,0.0000125
1715684400000,0.0000125
1715688000000,0.0000108266
1715691600000,0.0000045646
1715695200000,-0.0000100538
1715698800000,0.0000125
1715702400000,0.0000125
1715706000000,0.0000100693
1715709600000,0.0000125
1715713200000,0.0000125
1715716800000,0.0000125
1715720400000,0.0000125
1715724000000,0.0000125
1715727600000,0.0000125
1715731200000,0.0000125
1715734800000,0.0000125
1715738400000,0.0000125
1715742000000,0.0000125
1715745600000,0.0000125
1715749200000,0.0000125
1715752800000,0.0000125
1715756400000,0.0000148138
1715760000000,0.000023322
1715763600000,0.0000125
1715767200000,0.0000125
1715770800000,0.0000125
1715774400000,0.0000125
1715778000000,0.0000125
1715781600000,0.0000125
1715785200000,0.0000125
1715788800000,0.0000125
1715792400000,0.0000125
1715796000000,0.0000125
1715799600000,0.0000125
1715803200000,0.0000125
1715806800000,0.0000125
1715810400000,0.0000014455
1715814000000,0.0000059608
1715817600000,-0.0000029758
1715821200000,0.0000066089
1715824800000,-0.000006236
1715828400000,0.0000098866
1715832000000,0.0000125
1715835600000,0.0000125
1715839200000,0.0000125
1715842800000,0.0000125
1715846400000,0.0000125
1715850000000,0.0000125
1715853600000,0.0000125
1715857200000,0.0000125
1715860800000,0.0000125
1715864400000,0.0000125
1715868000000,0.0000125
1715871600000,0.0000125
1715875200000,0.0000125
1715878800000,0.0000125
1715882400000,0.0000125
1715886000000,0.0000125
1715889600000,0.0000125
1715893200000,0.0000125
1715896800000,0.0000125
1715900400000,0.000013244
1715904000000,0.0000467521
1715907600000,0.0000394415
1715911200000,0.0000387816
1715914800000,0.0000465332
1715918400000,0.0000537521
1715922000000,0.0000438085
1715925600000,0.0000488877
1715929200000,0.0000423931
1715932800000,0.0000277008
1715936400000,0.0000140556
1715940000000,0.0000219912
1715943600000,0.0000287567
1715947200000,0.0000483092
1715950800000,0.0000614487
1715954400000,0.0000533662
1715958000000,0.0000616328
1715961600000,0.0000125
1715965200000,0.0000125
1715968800000,0.0000125
1715972400000,0.0000125
1715976000000,0.0000125
1715979600000,0.0000125
1715983200000,0.0000125
1715986800000,0.0000125
1715990400000,0.0000125
1715994000000,0.0000125
1715997600000,0.0000125
1716001200000,0.0000125
1716004800000,0.0000241026
1716008400000,0.000026966
1716012000000,0.0000394552
1716015600000,0.0000389071
1716019200000,0.0000401843
1716022800000,0.0000337057
1716026400000,0.0000597698
1716030000000,0.0000574494
1716033600000,0.0000595746
1716037200000,0.0000181535
1716040800000,0.0000125
1716044400000,0.0000125
1716048000000,0.0000125
1716051600000,0.0000125
1716055200000,0.0000125
1716058800000,0.0000125
1716062400000,0.0000125
1716066000000,0.0000125
1716069600000,0.0000125
1716073200000,0.0000125
1716076800000,0.0000236119
1716080400000,0.0000262526
1716084000000,0.0000280393
1716087600000,0.0000304121
1716091200000,0.0000420039
1716094800000,0.0000236744
1716098400000,0.0000125
1716102000000,0.0000125
1716105600000,0.0000125
1716109200000,0.0000125
1716112800000,0.0000125
1716116400000,0.0000125
1716120000000,0.0000125
1716123600000,0.0000125
1716127200000,0.0000125
1716130800000,0.0000125
1716134400000,0.0000125
1716138000000,0.0000125
1716141600000,0.0000125
1716145200000,0.0000125
1716148800000,0.0000125
1716152400000,0.0000125
1716156000000,0.0000125
1716159600000,0.0000125
1716163200000,0.0000125
1716166800000,0.0000125
1716170400000,0.0000125
1716174000000,0.0000125
1716177600000,0.0000125
1716181200000,0.0000125
1716184800000,0.0000125
1716188400000,0.0000125
1716192000000,0.0000125
1716195600000,0.0000125
1716199200000,0.0000125
1716202800000,0.0000125
1716206400000,0.0000125
1716210000000,0.0000125
1716213600000,0.0000125
1716217200000,0.0000125
1716220800000,0.0000125
1716224400000,0.0000125
1716228000000,0.0000125
1716231600000,0.0000125
1716235200000,0.0000177647
1716238800000,0.0000125
1716242400000,0.0000125
1716246000000,0.0001489037
1716249600000,0.0001455201
1716253200000,0.0001063201
1716256800000,0.0001054237
1716260400000,0.0000332968
1716264000000,0.0001121801
1716267600000,0.0001445542
1716271200000,0.0000331201
1716274800000,0.0000125
1716278400000,0.0000125
1716282000000,0.000022534
1716285600000,0.0000139181
1716289200000,0.0000495888
1716292800000,0.0000721225
1716296400000,0.0001024295
1716300000000,0.0000772459
1716303600000,0.000090923
1716307200000,0.0000412274
1716310800000,0.0000606618
1716314400000,0.0000648358
1716318000000,0.0001034213
1716321600000,0.0000779096
1716325200000,0.0001199065
1716328800000,0.0000608949
1716332400000,0.0001083067
1716336000000,0.0001276212
1716339600000,0.0000700975
1716343200000,0.0000539992
1716346800000,0.000078531
1716350400000,0.0000948285
1716354000000,0.0000147326
1716357600000,0.0000125
1716361200000,0.0000240672
1716364800000,0.0000192572
1716368400000,0.0000125
1716372000000,0.0000228031
1716375600000,0.0000125
1716379200000,0.0000296069
1716382800000,0.0000462525
1716386400000,0.0000830698
1716390000000,0.0001211538
1716393600000,0.0001354311
1716397200000,0.0000496091
1716400800000,0.000032762
1716404400000,0.0000432285
1716408000000,0.0000552828
1716411600000,0.0000771152
1716415200000,0.0001299575
1716418800000,0.0000873477
1716422400000,0.0000474239
1716426000000,0.000048193
1716429600000,0.000058608
1716433200000,0.0000752163
1716436800000,0.0000775953
1716440400000,0.0001169518
1716444000000,0.0001175881
1716447600000,0.0001220937
1716451200000,0.0000946958
1716454800000,0.0000508722
1716458400000,0.0000697548
1716462000000,0.0000689833
1716465600000,0.00011201
1716469200000,0.0001426126
1716472800000,0.000107759
1716476400000,0.0001196233
1716480000000,0.000088817
1716483600000,0.0000738399
1716487200000,0.0000712049
1716490800000,0.0001386957
1716494400000,0.0001808066
1716498000000,0.0001311234
1716501600000,0.000066941
1716505200000,0.0000125
1716508800000,0.0000125
1716512400000,0.0000125
1716516000000,0.0000125
1716519600000,0.0000306327
1716523200000,0.0000596495
1716526800000,0.0000397232
1716530400000,0.0000247199
1716534000000,0.0000202189
1716537600000,0.0000125
1716541200000,0.0000338657
1716544800000,0.0000363206
1716548400000,0.000051221
1716552000000,0.000039336
1716555600000,0.0000342984
1716559200000,0.0000484834
1716562800000,0.0000464502
1716566400000,0.000039216
1716570000000,0.0000125
1716573600000,0.0000125
1716577200000,0.0000276895
1716580800000,0.0000125
1716584400000,0.0000125
1716588000000,0.0000125
1716591600000,0.0000125
1716595200000,0.0000125
1716598800000,0.0000157776
1716602400000,0.0000292634
1716606000000,0.0000294764
1716609600000,0.0000298638
1716613200000,0.0000327945
1716616800000,0.0000344919
1716620400000,0.0000449477
1716624000000,0.0000469973
1716627600000,0.0000311222
1716631200000,0.0000236101
1716634800000,0.0000285921
1716638400000,0.0000366876
1716642000000,0.0000411122
1716645600000,0.0000623559
1716649200000,0.0000424966
1716652800000,0.0000510616
1716656400000,0.0000273075
1716660000000,0.0000125
1716663600000,0.0000125
1716667200000,0.0000125
1716670800000,0.0000396897
1716674400000,0.0000425784
1716678000000,0.0000125
1716681600000,0.0000291047
1716685200000,0.0000306651
1716688800000,0.0000634403
1716692400000,0.000037545
1716696000000,0.0000433017
1716699600000,0.0000624596
1716703200000,0.0000273081
1716706800000,0.0000413919
1716710400000,0.00004196
1716714000000,0.0000125
1716717600000,0.0000364419
1716721200000,0.0000398723
1716724800000,0.0000642445
1716728400000,0.0000460669
1716732000000,0.0000161085
1716735600000,0.0000329229
1716739200000,0.0000634002
1716742800000,0.0000730952
1716746400000,0.000063373
1716750000000,0.00001846
1716753600000,0.0000628738
1716757200000,0.0000455413
1716760800000,0.0000280648
1716764400000,0.0000618464
1716768000000,0.0000480021
1716771600000,0.0000463074
1716775200000,0.0000545821
1716778800000,0.0000598689
1716782400000,0.0000161029
1716786000000,0.0000485026
1716789600000,0.000016244
1716793200000,0.0000656097
1716796800000,0.0000965743
1716800400000,0.000018671
1716804000000,0.0000125
1716807600000,0.0000125
1716811200000,0.0000305442
1716814800000,0.0000551725
1716818400000,0.00012286
1716822000000,0.0000774505
1716825600000,0.0000572068
1716829200000,0.0000455738
1716832800000,0.000033275
1716836400000,0.0000232324
1716840000000,0.0000374156
1716843600000,0.0000441444
1716847200000,0.000030828
1716850800000,0.0000246336
1716854400000,0.0000507768
1716858000000,0.0000149936
1716861600000,0.0000171576
1716865200000,0.0000398252
1716868800000,0.00003162
1716872400000,0.0000585834
1716876000000,0.0000663297
1716879600000,0.0000506233
1716883200000,0.0000205261
1716886800000,0.0000556057
1716890400000,0.0000732646
1716894000000,0.0000961034
1716897600000,0.0001058022
1716901200000,0.0001059807
1716904800000,0.0000494724
1716908400000,0.0000125
1716912000000,0.0000125
1716915600000,0.0000125
1716919200000,0.0000125
1716922800000,0.0000125
1716926400000,0.0000381677
1716930000000,0.0000125
1716933600000,0.0000125
1716937200000,0.0000125
1716940800000,0.0000125
1716944400000,0.0000125
1716948000000,0.0000170079
1716951600000,0.0000373077
1716955200000,0.000047846
1716958800000,0.0000211155
1716962400000,0.0000125
1716966000000,0.0000125
1716969600000,0.0000125
1716973200000,0.0000125
1716976800000,0.0000125
1716980400000,0.0000125
1716984000000,0.0000125
1716987600000,0.0000125
1716991200000,0.0000125
1716994800000,0.0000125
1716998400000,0.0000125
1717002000000,0.0000125
1717005600000,0.0000125
1717009200000,0.0000125
1717012800000,0.0000125
1717016400000,0.0000125
1717020000000,0.0000125
1717023600000,0.0000125
1717027200000,0.0000125
1717030800000,0.0000125
1717034400000,0.0000125
1717038000000,0.0000125
1717041600000,0.0000125
1717045200000,0.0000287815
1717048800000,0.0000125
1717052400000,0.0000125
1717056000000,0.0000125
1717059600000,0.0000158965
1717063200000,0.0000125
1717066800000,0.0000125
1717070400000,0.0000125
1717074000000,0.0000202271
1717077600000,0.0000125
1717081200000,0.0000145195
1717084800000,0.0000125
1717088400000,0.0000125
1717092000000,0.0000212272
1717095600000,0.0000192715
1717099200000,0.0000125
1717102800000,0.0000125
1717106400000,0.0000125
1717110000000,0.0000125
1717113600000,0.0000125
1717117200000,0.0000125
1717120800000,0.0000125
1717124400000,0.0000125
1717128000000,0.0000125
1717131600000,0.0000125
1717135200000,0.0000125
1717138800000,0.0000125
1717142400000,0.0000125
1717146000000,0.0000125
1717149600000,0.0000125
1717153200000,0.0000125
1717156800000,0.0000125
1717160400000,0.0000125
1717164000000,0.0000125
1717167600000,0.000046612
1717171200000,0.000045982
1717174800000,0.000029189
1717178400000,0.0000649884
1717182000000,0.0000252252
1717185600000,0.0000125
1717189200000,0.0000125
1717192800000,0.0000125
1717196400000,0.000027377
1717200000000,0.0000125
1717203600000,0.0000125
1717207200000,0.0000125
1717210800000,0.0000198151
1717214400000,0.0000288793
1717218000000,0.0000325346
1717221600000,0.0000446409
1717225200000,0.0000484716
1717228800000,0.0000176564
1717232400000,0.0000383728
1717236000000,0.0000418029
1717239600000,0.0000461489
1717243200000,0.0000639628
1717246800000,0.0000547789
1717250400000,0.0000457968
1717254000000,0.00002069
1717257600000,0.0000183929
1717261200000,0.0000147321
1717264800000,0.0000391806
1717268400000,0.0000602155
1717272000000,0.0000361355
1717275600000,0.0000125
1717279200000,0.0000125
1717282800000,0.0000125
1717286400000,0.0000125
1717290000000,0.0000125
1717293600000,0.0000125
1717297200000,0.0000125
1717300800000,0.0000125
1717304400000,0.0000125
1717308000000,0.0000125
1717311600000,0.0000125
1717315200000,0.0000381143
1717318800000,0.0000125
1717322400000,0.0000147936
1717326000000,0.0000287182
1717329600000,0.0000316524
1717333200000,0.0000566497
1717336800000,0.0000424348
1717340400000,0.0000595835
1717344000000,0.0000343652
1717347600000,0.0000208592
1717351200000,0.0000125
1717354800000,0.0000349666
1717358400000,0.0000488293
1717362000000,0.0000419775
1717365600000,0.0000588969
1717369200000,0.0000664784
1717372800000,0.0000340309
1717376400000,0.0000252218
1717380000000,0.0000409823
1717383600000,0.0000327035
1717387200000,0.0000376481
1717390800000,0.0000356487
1717394400000,0.0000352738
1717398000000,0.0000485535
1717401600000,0.0000588096
1717405200000,0.0000298208
1717408800000,0.0000387796
1717412400000,0.0000283529
1717416000000,0.0000125
1717419600000,0.0000169555
1717423200000,0.0000393533
1717426800000,0.0000576041
1717430400000,0.0000966687
1717434000000,0.0000485878
1717437600000,0.0000411609
1717441200000,0.0000758546
1717444800000,0.0000779534
1717448400000,0.0000858414
1717452000000,0.0000268099
1717455600000,0.000019035
1717459200000,0.0000183971
1717462800000,0.0000125
1717466400000,0.0000125
1717470000000,0.0000187693
1717473600000,0.000039689
1717477200000,0.0000370603
1717480800000,0.0000125
1717484400000,0.0000250756
1717488000000,0.0000390905
1717491600000,0.0000125
1717495200000,0.0000204082
1717498800000,0.0000286537
1717502400000,0.0000340665
1717506000000,0.0000383901
1717509600000,0.000039561
1717513200000,0.0000257381
1717516800000,0.0000166338
1717520400000,0.0000125
1717524000000,0.0000125
1717527600000,0.0000243354
1717531200000,0.0000125
1717534800000,0.0000125
1717538400000,0.000024561
1717542000000,0.0000444364
1717545600000,0.0000643728
1717549200000,0.0000580379
1717552800000,0.0000656165
1717556400000,0.0000854606
1717560000000,0.0000854478
1717563600000,0.0000464315
1717567200000,0.0000125
1717570800000,0.0000628081
1717574400000,0.0000610609
1717578000000,0.0000495953
1717581600000,0.0000687495
1717585200000,0.0000592229
1717588800000,0.0000501932
1717592400000,0.0000139764
1717596000000,0.0000391347
1717599600000,0.0000125
1717603200000,0.00006739
1717606800000,0.0000521762
1717610400000,0.0000716582
1717614000000,0.000079687
1717617600000,0.0000615577
1717621200000,0.0001215376
1717624800000,0.0000889738
1717628400000,0.0000325292
1717632000000,0.0000520271
1717635600000,0.0000173459
1717639200000,0.0000294286
1717642800000,0.0000498526
1717646400000,0.0000484492
1717650000000,0.0000125
1717653600000,0.0000125
1717657200000,0.0000125
1717660800000,0.0000125
1717664400000,0.0000125
1717668000000,0.0000125
1717671600000,0.0000125
1717675200000,0.0000455551
1717678800000,0.0000369273
1717682400000,0.0000125
1717686000000,0.0000444021
1717689600000,0.0000519126
1717693200000,0.0000125
1717696800000,0.0000125
1717700400000,0.0000125
1717704000000,0.0000125
1717707600000,0.0000274312
1717711200000,0.0000369648
1717714800000,0.0000675954
1717718400000,0.0000639387
1717722000000,0.00003864
1717725600000,0.0000125
1717729200000,0.0000125
1717732800000,0.000015345
1717736400000,0.0000522783
1717740000000,0.0000559186
1717743600000,0.0000735196
1717747200000,0.0000643913
1717750800000,0.0000241401
1717754400000,0.0000493064
1717758000000,0.0000451526
1717761600000,0.0000581278
1717765200000,0.0000125
1717768800000,0.0000201392
1717772400000,0.0000483631
1717776000000,0.0000279636
1717779600000,0.0000125
1717783200000,0.000025538
1717786800000,0.0001296327
1717790400000,0.0000427102
1717794000000,0.0000419546
1717797600000,0.0000794843
1717801200000,0.0000296222
1717804800000,0.0000511548
1717808400000,0.0000495264
1717812000000,0.0000500894
1717815600000,0.0000775066
1717819200000,0.000065157
1717822800000,0.0000674244
1717826400000,0.0000699266
1717830000000,0.0000667095
1717833600000,0.0000515467
1717837200000,0.0000319051
1717840800000,0.0000214112
1717844400000,0.0000253458
1717848000000,0.0000489356
1717851600000,0.0000681381
1717855200000,0.0000223867
1717858800000,0.0000528741
1717862400000,0.0000568438
1717866000000,0.0000260848
1717869600000,0.0000360377
1717873200000,0.0000347822
1717876800000,0.0000125
1717880400000,0.0000125
1717884000000,0.0000125
1717887600000,0.0000214775
1717891200000,0.0000329299
1717894800000,0.0000257092
1717898400000,0.0000125
1717902000000,0.0000125
1717905600000,0.0000125
1717909200000,0.0000267263
1717912800000,0.0000395723
1717916400000,0.0000368139
1717920000000,0.0000383565
1717923600000,0.0000292921
1717927200000,0.0000381721
1717930800000,0.0000413109
1717934400000,0.0000238458
1717938000000,0.0000373196
1717941600000,0.000017684
1717945200000,0.0000125
1717948800000,0.0000125
1717952400000,0.0000125
1717956000000,0.0000125
1717959600000,0.0000125
1717963200000,0.0000125
1717966800000,0.0000144037
1717970400000,0.0000159559
1717974000000,0.0000125
1717977600000,0.0000125
1717981200000,0.0000125
1717984800000,0.0000125
1717988400000,0.0000125
1717992000000,0.0000125
1717995600000,0.0000125
1717999200000,0.0000125
1718002800000,0.0000125
1718006400000,0.0000087388
1718010000000,0.0000120466
1718013600000,0.0000125
1718017200000,0.0000125
1718020800000,0.0000125
1718024400000,0.0000125
1718028000000,0.0000125
1718031600000,0.0000125
1718035200000,0.0000302314
1718038800000,0.0000125
1718042400000,0.0000125
1718046000000,0.0000125
1718049600000,0.0000141998
1718053200000,0.0000407529
1718056800000,0.0000523377
1718060400000,0.0000283087
1718064000000,0.0000125
1718067600000,0.0000125
1718071200000,0.0000125
1718074800000,0.0000125
1718078400000,0.0000125
1718082000000,0.0000125
1718085600000,0.0000125
1718089200000,0.0000125
1718092800000,0.0000125
1718096400000,0.0000125
1718100000000,0.0000126902
1718103600000,0.0000125
1718107200000,0.0000125
1718110800000,0.0000359604
1718114400000,0.0000504395
1718118000000,0.0000714105
1718121600000,0.0000790391
1718125200000,0.000050522
1718128800000,0.0001098909
1718132400000,0.0000834596
1718136000000,0.0000572711
1718139600000,0.0000570895
1718143200000,0.0000834317
1718146800000,0.0000630801
1718150400000,0.0000254122
1718154000000,0.0000147374
1718157600000,0.0000125
1718161200000,0.0000175689
1718164800000,0.0000312236
1718168400000,0.0000475923
1718172000000,0.0000297634
1718175600000,0.0000501313
1718179200000,0.0000610938
1718182800000,0.000048439
1718186400000,0.0000288895
1718190000000,0.0000125
1718193600000,0.0000159426
1718197200000,0.0000435612
1718200800000,0.0000726228
1718204400000,0.0000231967
1718208000000,0.0000539829
1718211600000,0.0000125
1718215200000,0.0000125
1718218800000,0.0000125
1718222400000,0.0000125
1718226000000,0.0000369137
1718229600000,0.0000125
1718233200000,0.0000125
1718236800000,0.0000125
1718240400000,0.0000125
1718244000000,0.0000125
1718247600000,0.0000125
1718251200000,0.0000125
1718254800000,0.0000125
1718258400000,0.0000125
1718262000000,0.0000125
1718265600000,0.0000125
1718269200000,0.0000125
1718272800000,0.0000125
1718276400000,0.0000125
1718280000000,0.0000125
1718283600000,0.0000125
1718287200000,0.0000720155
1718290800000,0.0000892899
1718294400000,0.0000477516
1718298000000,0.0000289694
1718301600000,0.0000125
1718305200000,0.0000125
1718308800000,0.0000125
1718312400000,0.0000125
1718316000000,0.0000125
1718319600000,0.0000146079
1718323200000,0.0000125
1718326800000,0.0000125
1718330400000,0.0000125
1718334000000,0.0000125
1718337600000,0.0000125
1718341200000,0.000030939
1718344800000,0.0000355323
1718348400000,0.0000388507
1718352000000,0.0000244035
1718355600000,0.0000417566
1718359200000,0.0000469641
1718362800000,0.0000568181
1718366400000,0.0000613152
1718370000000,0.0000610411
1718373600000,0.0000126386
1718377200000,0.0000125
1718380800000,0.0000125
1718384400000,0.0000125
1718388000000,0.0000125
1718391600000,0.0000175473
1718395200000,0.0000174959
1718398800000,0.0000159351
1718402400000,0.0000591697
1718406000000,0.000044961
1718409600000,0.0000577726
1718413200000,0.0000545752
1718416800000,0.0000618779
1718420400000,0.0000505213
1718424000000,0.000035395
1718427600000,0.0000602161
1718431200000,0.0000870667
1718434800000,0.0000132396
1718438400000,0.0000125
1718442000000,0.0000581093
1718445600000,0.0000449189
1718449200000,0.0000189386
1718452800000,0.0000294205
1718456400000,0.0000125
1718460000000,0.0000125
1718463600000,0.0000125
1718467200000,0.0000125
1718470800000,0.0000125
1718474400000,0.0000125
1718478000000,0.0000125
1718481600000,0.0000125
1718485200000,0.0000125
1718488800000,0.0000125
1718492400000,0.0000125
1718496000000,0.0000125
1718499600000,0.0000125
1718503200000,0.0000125
1718506800000,0.0000125
1718510400000,0.0000125
1718514000000,0.0000125
1718517600000,0.0000125
1718521200000,0.0000389677
1718524800000,0.0000125
1718528400000,0.0000125
1718532000000,0.0000125
1718535600000,0.0000125
1718539200000,0.0000158788
1718542800000,0.0000150641
1718546400000,0.0000125
1718550000000,0.0000125
1718553600000,0.0000125
1718557200000,0.0000125
1718560800000,0.0000263496
1718564400000,0.0000429525
1718568000000,0.0000355853
1718571600000,0.0000447335
1718575200000,0.0000511586
1718578800000,0.0000125
1718582400000,0.0000289608
1718586000000,0.0000137864
1718589600000,0.0000331954
1718593200000,0.0000313088
1718596800000,0.0000191691
1718600400000,0.0000420023
1718604000000,0.0000467406
1718607600000,0.0000511778
1718611200000,0.0000514557
1718614800000,0.0000125
1718618400000,0.000158634
1718622000000,0.0000314405
1718625600000,0.0000338223
1718629200000,0.0000293929
1718632800000,0.0000454413
1718636400000,0.0000925363
1718640000000,0.0000210927
1718643600000,0.0000262978
1718647200000,0.0000503073
1718650800000,0.0000125
1718654400000,0.0000125
1718658000000,0.0000125
1718661600000,0.0000125
1718665200000,0.0000125
1718668800000,0.0000125
1718672400000,0.0000125
1718676000000,0.0000125
1718679600000,0.0000203114
1718683200000,0.0000125
1718686800000,0.0000125
1718690400000,0.0000125
1718694000000,0.0000125
1718697600000,0.0000125
1718701200000,0.0000125
1718704800000,0.0000125
1718708400000,0.0000125
1718712000000,0.0000125
1718715600000,0.0000542463
1718719200000,0.0000585371
1718722800000,0.0000125
1718726400000,0.0000125
1718730000000,0.0000125
1718733600000,0.0000125
1718737200000,0.0000125
1718740800000,0.0000125
1718744400000,0.0000125
1718748000000,0.0000125
1718751600000,0.0000125
1718755200000,0.0000125
1718758800000,0.0000125
1718762400000,0.0000125
1718766000000,0.0000125
1718769600000,0.0000125
1718773200000,0.0000125
1718776800000,0.0000125
1718780400000,0.0000125
1718784000000,0.0000125
1718787600000,0.0000125
1718791200000,0.0000113804
1718794800000,0.0000125
1718798400000,0.0000125
1718802000000,-0.0000039371
1718805600000,0.0000117235
1718809200000,0.0000125
1718812800000,0.0000125
1718816400000,0.0000125
1718820000000,0.0000125
1718823600000,0.0000141999
1718827200000,0.0000125
1718830800000,0.0000125
1718834400000,0.0000133545
1718838000000,0.0000162464
1718841600000,0.0000125
1718845200000,0.0000125
1718848800000,0.0000125
1718852400000,0.0000253417
1718856000000,0.0000320256
1718859600000,0.0000166886
1718863200000,0.0000404636
1718866800000,0.000044385
1718870400000,0.0000496464
1718874000000,0.0000149917
1718877600000,0.0000330993
1718881200000,0.0000206889
1718884800000,0.0000125
1718888400000,0.0000125
1718892000000,0.0000125
1718895600000,0.0000125
1718899200000,0.0000125
1718902800000,0.0000125
1718906400000,0.0000125
1718910000000,0.0000125
1718913600000,0.0000125
1718917200000,0.0000125
1718920800000,0.0000125
1718924400000,0.0000125
1718928000000,0.0000125
1718931600000,0.0000125
1718935200000,0.0000125
1718938800000,0.0000125
1718942400000,0.0000125
1718946000000,0.0000125
1718949600000,0.0000125
1718953200000,0.0000125
1718956800000,0.0000125
1718960400000,0.0000125
1718964000000,0.0000125
1718967600000,0.0000125
1718971200000,0.0000125
1718974800000,0.0000125
1718978400000,0.0000125
1718982000000,0.0000125
1718985600000,0.0000125
1718989200000,0.0000125
1718992800000,0.0000125
1718996400000,0.0000125
1719000000000,0.0000233905
1719003600000,0.0000175728
1719007200000,0.0000149372
1719010800000,0.0000294132
1719014400000,0.000014847
1719018000000,0.0000125
1719021600000,0.0000125
1719025200000,0.0000143668
1719028800000,0.0000125
1719032400000,0.0000125
1719036000000,0.0000125
1719039600000,0.0000125
1719043200000,0.0000125
1719046800000,0.0000125
1719050400000,0.0000125
1719054000000,0.0000125
1719057600000,0.0000153211
1719061200000,0.0000199312
1719064800000,0.0000292305
1719068400000,0.0000391895
1719072000000,0.0000496994
1719075600000,0.0000277027
1719079200000,0.000022757
1719082800000,0.0000125
1719086400000,0.0000125
1719090000000,0.0000125
1719093600000,0.0000151531
1719097200000,0.0000163645
1719100800000,0.0000242915
1719104400000,0.0000125
1719108000000,0.0000125
1719111600000,0.0000125
1719115200000,0.0000125
1719118800000,0.0000356095
1719122400000,0.0000491438
1719126000000,0.0000418081
1719129600000,0.0000136024
1719133200000,0.0000125
1719136800000,0.0000453389
1719140400000,0.0000345798
1719144000000,0.0000236747
1719147600000,0.0000381992
1719151200000,0.00002563
1719154800000,0.0000125
1719158400000,0.0000125
1719162000000,0.0000125
1719165600000,0.0000125
1719169200000,0.0000125
1719172800000,0.0000226804
1719176400000,0.0000125
1719180000000,0.0000125
1719183600000,0.0000125
1719187200000,0.0000125
1719190800000,0.0000125
1719194400000,0.0000125
1719198000000,0.0000125
1719201600000,0.0000091209
1719205200000,0.0000095113
1719208800000,0.0000125
1719212400000,0.0000125
1719216000000,0.0000125
1719219600000,0.0000191188
1719223200000,0.0000125
1719226800000,0.0000125
1719230400000,0.0000125
1719234000000,0.0000125
1719237600000,0.0000125
1719241200000,0.0000125
1719244800000,0.0000125
1719248400000,0.0000125
1719252000000,0.0000125
1719255600000,0.0000125
1719259200000,0.0000125
1719262800000,0.000056607
1719266400000,0.0001045827
1719270000000,0.0000366857
1719273600000,0.0000513751
1719277200000,0.0000125
1719280800000,0.0000125
1719284400000,0.0000364378
1719288000000,0.0000125
1719291600000,0.0000125
1719295200000,0.0000125
1719298800000,0.0000125
1719302400000,0.0000125
1719306000000,0.0000125
1719309600000,0.0000125
1719313200000,0.0000125
1719316800000,0.0000125
1719320400000,0.0000125
1719324000000,0.0000125
1719327600000,0.0000125
1719331200000,0.0000125
1719334800000,0.0000125
1719338400000,0.0000180171
1719342000000,0.0000125
1719345600000,0.0000210988
1719349200000,0.0000125
1719352800000,0.0000125
1719356400000,0.0000315667
1719360000000,0.0000125
1719363600000,0.0000125
1719367200000,0.0000125
1719370800000,0.0000125
1719374400000,0.0000125
1719378000000,0.0000125
1719381600000,0.0000125
1719385200000,0.0000125
1719388800000,0.0000125
1719392400000,0.0000125
1719396000000,0.0000125
1719399600000,0.0000125
1719403200000,0.0000125
1719406800000,0.0000125
1719410400000,0.0000125
1719414000000,0.0000125
1719417600000,0.0000125
1719421200000,0.0000125
1719424800000,0.0000125
1719428400000,0.0000125
1719432000000,0.0000125
1719435600000,0.0000125
1719439200000,0.0000125
1719442800000,0.0000125
1719446400000,0.0000125
1719450000000,0.0000125
1719453600000,0.0000125
1719457200000,0.0000125
1719460800000,0.0000125
1719464400000,0.0000125
1719468000000,0.0000125
1719471600000,0.0000125
1719475200000,0.0000125
1719478800000,0.0000125
1719482400000,0.0000447747
1719486000000,0.0000539303
1719489600000,0.0000363007
1719493200000,0.0000307464
1719496800000,0.0000125
1719500400000,0.0000125
1719504000000,0.0000125
1719507600000,0.0000125
1719511200000,0.0000125
1719514800000,0.0000125
1719518400000,0.0000125
1719522000000,0.0000441288
1719525600000,0.0000753946
1719529200000,0.000077838
1719532800000,0.0000825082
1719536400000,0.0000587097
1719540000000,0.0000612851
1719543600000,0.0000707605
1719547200000,0.0000697404
1719550800000,0.0000125
1719554400000,0.0000125
1719558000000,0.0000125
1719561600000,0.0000125
1719565200000,0.0000125
1719568800000,0.0000125
1719572400000,0.0000125
1719576000000,0.0000125
1719579600000,0.0000125
1719583200000,0.0000125
1719586800000,0.0000125
1719590400000,0.0000125
1719594000000,0.0000125
1719597600000,0.0000125
1719601200000,0.0000125
1719604800000,0.0000125
1719608400000,0.0000128641
1719612000000,0.0000125
1719615600000,0.0000125
1719619200000,0.0000125
1719622800000,0.0000125
1719626400000,0.0000125
1719630000000,0.0000125
1719633600000,0.0000125
1719637200000,0.0000125
1719640800000,0.0000125
1719644400000,0.0000125
1719648000000,0.0000125
1719651600000,0.0000125
1719655200000,0.0000125
1719658800000,0.0000125
1719662400000,0.0000125
1719666000000,0.0000125
1719669600000,0.0000125
1719673200000,0.0000125
1719676800000,0.0000125
1719680400000,0.0000125
1719684000000,0.0000125
1719687600000,0.0000125
1719691200000,0.0000125
1719694800000,0.0000125
1719698400000,0.0000125
1719702000000,0.0000125
1719705600000,0.0000125
1719709200000,0.0000125
1719712800000,0.0000125
1719716400000,0.0000125
1719720000000,0.0000120097
1719723600000,0.0000125
1719727200000,0.0000125
1719730800000,0.0000125
1719734400000,0.0000125
1719738000000,0.0000125
1719741600000,0.0000125
1719745200000,0.0000125
1719748800000,0.0000125
1719752400000,0.0000125
1719756000000,0.0000125
1719759600000,0.0000125
1719763200000,0.0000125
1719766800000,0.0000125
1719770400000,0.0000161312
1719774000000,0.0000239927
1719777600000,0.0000240452
1719781200000,0.0000210313
1719784800000,0.0000138252
1719788400000,0.0000125
1719792000000,0.0000125
1719795600000,0.000014868
1719799200000,0.0000266712
1719802800000,0.0000125
1719806400000,0.0000351682
1719810000000,0.0000311931
1719813600000,0.0000125
1719817200000,0.0000125
1719820800000,0.0000125
1719824400000,0.0000125
1719828000000,0.0000125
1719831600000,0.0000125
1719835200000,0.0000125
1719838800000,0.0000125
1719842400000,0.0000125
1719846000000,0.0000135467
1719849600000,0.0000414241
1719853200000,0.0000230186
1719856800000,0.0000628819
1719860400000,0.0000888662
1719864000000,0.0000613136
1719867600000,0.0000617232
1719871200000,0.0000359299
1719874800000,0.0000198689
1719878400000,0.0000125
1719882000000,0.0000125
1719885600000,0.0000311019
1719889200000,0.0000279583
1719892800000,0.0000128222
1719896400000,0.0000530309
1719900000000,0.0000475752
1719903600000,0.0000389547
1719907200000,0.0000125
1719910800000,0.0000125
1719914400000,0.0000492562
1719918000000,0.0000389736
1719921600000,0.0000639266
1719925200000,0.0000597785
1719928800000,0.0000603456
1719932400000,0.0000187331
1719936000000,0.0000791842
1719939600000,0.0000586002
1719943200000,0.0000180867
1719946800000,0.0000290994
1719950400000,0.0000137983
1719954000000,0.0000125
1719957600000,0.0000125
1719961200000,0.0000125
1719964800000,0.0000125
1719968400000,0.0000125
1719972000000,0.0000125
1719975600000,0.0000125
1719979200000,0.0000033036
1719982800000,0.0000125
1719986400000,0.0000125
1719990000000,0.0000310046
1719993600000,0.0000125
1719997200000,0.0000205758
1720000800000,0.0000125
1720004400000,0.0000125
1720008000000,0.0000104301
1720011600000,0.0000057258
1720015200000,0.0000125
1720018800000,0.0000125
1720022400000,0.0000125
1720026000000,0.0000125
1720029600000,0.0000125
1720033200000,0.0000125
1720036800000,0.0000087537
1720040400000,0.0000104154
1720044000000,0.0000125
1720047600000,0.0000125
1720051200000,0.0000125
1720054800000,0.0000125
1720058400000,0.0000125
1720062000000,0.0000081649
1720065600000,0.0000125
1720069200000,0.0000125
1720072800000,0.0000125
1720076400000,0.0000125
1720080000000,0.0000075326
1720083600000,-0.0000171771
1720087200000,0.0000125
1720090800000,0.000007349
1720094400000,0.0000125
1720098000000,-0.0000111948
1720101600000,-0.0000039449
1720105200000,0.0000125
1720108800000,0.0000125
1720112400000,0.0000125
1720116000000,0.0000125
1720119600000,0.0000125
1720123200000,0.0000125
1720126800000,0.0000125
1720130400000,0.0000125
1720134000000,0.0000125
1720137600000,0.0000125
1720141200000,0.0000125
1720144800000,0.0000125
1720148400000,0.0000125
1720152000000,0.0000125
1720155600000,0.0000125
1720159200000,0.0000125
1720162800000,0.0000125
1720166400000,0.0000125
1720170000000,0.0000061021
1720173600000,0.0000053382
1720177200000,0.0000125
1720180800000,0.0000125
1720184400000,0.0000125
1720188000000,0.0000125
1720191600000,0.0000125
1720195200000,0.0000125
1720198800000,0.0000125
1720202400000,0.0000125
1720206000000,-0.0000051118
1720209600000,-0.0000089834
1720213200000,0.0000052251
1720216800000,0.0000125
1720220400000,0.0000014553
1720224000000,-0.0000207344
1720227600000,0.0000089094
1720231200000,-0.0000695911
1720234800000,-0.0000250127
1720238400000,-0.0000119515
1720242000000,-0.0000500728
1720245600000,0.0000125
1720249200000,0.0000125
1720252800000,0.0000125
1720256400000,0.0000125
1720260000000,0.0000125
1720263600000,0.0000125
1720267200000,0.0000125
1720270800000,0.0000125
1720274400000,0.0000125
1720278000000,0.0000125
1720281600000,0.0000125
1720285200000,0.0000125
1720288800000,0.0000125
1720292400000,-0.0000030177
1720296000000,0.0000003217
1720299600000,-0.0000282388
1720303200000,-0.0000317354
1720306800000,-0.0000148548
1720310400000,-0.0000397344
1720314000000,0.0000125
1720317600000,0.0000125
1720321200000,0.0000125
1720324800000,0.0000125
1720328400000,0.0000125
1720332000000,0.0000007785
1720335600000,0.000009208
1720339200000,-0.00000113
1720342800000,0.0000092307
1720346400000,0.0000111598
1720350000000,0.0000038766
1720353600000,0.0000065347
1720357200000,-0.000000947
1720360800000,-0.0000165582
1720364400000,-0.0000185618
1720368000000,-0.0000070509
1720371600000,0.0000125
1720375200000,0.0000125
1720378800000,0.000007242
1720382400000,-0.0000001727
1720386000000,0.0000125
1720389600000,-0.0000376399
1720393200000,-0.0000491458
1720396800000,-0.000084234
1720400400000,-0.0000437863
1720404000000,-0.0000254355
1720407600000,0.0000006258
1720411200000,0.0000021102
1720414800000,0.0000125
1720418400000,0.0000125
1720422000000,0.0000125
1720425600000,0.0000125
1720429200000,0.0000125
1720432800000,0.0000125
1720436400000,0.0000125
1720440000000,0.0000125
1720443600000,0.0000125
1720447200000,0.0000125
1720450800000,0.0000125
1720454400000,0.0000125
1720458000000,0.0000125
1720461600000,0.0000125
1720465200000,0.0000125
1720468800000,0.0000125
1720472400000,0.0000125
1720476000000,0.0000125
1720479600000,0.0000178177
1720483200000,0.0000125
1720486800000,0.0000125
1720490400000,0.0000125
1720494000000,0.0000125
1720497600000,0.0000125
1720501200000,0.0000125
1720504800000,0.0000125
1720508400000,0.0000125
1720512000000,0.0000125
1720515600000,0.0000125
1720519200000,0.0000125
1720522800000,0.0000125
1720526400000,0.0000125
1720530000000,0.0000125
1720533600000,0.0000125
1720537200000,0.0000125
1720540800000,0.0000112489
1720544400000,0.0000125
1720548000000,0.0000125
1720551600000,0.0000125
1720555200000,0.0000125
1720558800000,0.0000125
1720562400000,0.0000125
1720566000000,0.0000125
1720569600000,0.0000125
1720573200000,0.0000125
1720576800000,0.0000125
1720580400000,0.0000125
1720584000000,-0.0000130681
1720587600000,-0.000022357
1720591200000,-0.0000091415
1720594800000,0.0000125
1720598400000,0.0000125
1720602000000,0.0000125
1720605600000,0.0000125
1720609200000,0.0000125
1720612800000,0.0000125
1720616400000,0.0000125
1720620000000,0.0000125
1720623600000,0.0000125
1720627200000,0.0000125
1720630800000,0.0000125
1720634400000,0.0000125
1720638000000,0.0000125
1720641600000,0.0000080974
1720645200000,0.0000058757
1720648800000,-0.0000189083
1720652400000,0.0000125
1720656000000,0.0000125
1720659600000,0.0000125
1720663200000,0.0000125
1720666800000,0.0000125
1720670400000,0.0000064471
1720674000000,-0.0000056086
1720677600000,0.0000125
1720681200000,0.0000125
1720684800000,0.0000125
1720688400000,0.0000125
1720692000000,0.0000125
1720695600000,0.0000125
1720699200000,0.0000125
1720702800000,0.0000125
1720706400000,0.0000125
1720710000000,0.0000125
1720713600000,0.0000125
1720717200000,0.0000125
1720720800000,0.0000125
1720724400000,0.0000125
1720728000000,0.0000125
1720731600000,0.0000092806
1720735200000,-0.0000166465
1720738800000,0.0000125
1720742400000,-0.0000023603
1720746000000,0.0000125
1720749600000,0.0000125
1720753200000,0.0000125
1720756800000,0.0000125
1720760400000,0.0000125
1720764000000,0.0000125
1720767600000,0.0000125
1720771200000,0.0000115461
1720774800000,0.0000125
1720778400000,0.0000125
1720782000000,0.0000125
1720785600000,0.0000125
1720789200000,0.0000125
1720792800000,0.0000125
1720796400000,0.0000125
1720800000000,0.000019882
1720803600000,0.0000125
1720807200000,0.0000182153
1720810800000,0.0000125
1720814400000,0.0000125
1720818000000,0.0000125
1720821600000,0.0000125
1720825200000,0.0000125
1720828800000,0.0000142889
1720832400000,0.0000125
1720836000000,0.0000125
1720839600000,0.0000125
1720843200000,0.0000125
1720846800000,0.0000125
1720850400000,0.0000125
1720854000000,0.0000125
1720857600000,0.0000125
1720861200000,0.0000125
1720864800000,0.0000125
1720868400000,0.0000125
1720872000000,0.0000125
1720875600000,0.0000125
1720879200000,0.0000207718
1720882800000,0.0000125
1720886400000,0.0000245954
1720890000000,0.0000125
1720893600000,0.0000125
1720897200000,0.0000125
1720900800000,0.0000125
1720904400000,0.0000298235
1720908000000,0.0000352093
1720911600000,0.0000226822
1720915200000,0.0000320857
1720918800000,0.0000125
1720922400000,0.0000270216
1720926000000,0.0000166912
1720929600000,0.0000125
1720933200000,0.0000157486
1720936800000,0.0000125
1720940400000,0.0000361639
1720944000000,0.000030423
1720947600000,0.0000125
1720951200000,0.0000125
1720954800000,0.0000125
1720958400000,0.0000125
1720962000000,0.0000125
1720965600000,0.0000125
1720969200000,0.0000125
1720972800000,0.0000125
1720976400000,0.0000125
1720980000000,0.0000125
1720983600000,0.0000125
1720987200000,0.0000125
1720990800000,0.0000125
1720994400000,0.0000125
1720998000000,0.0000125
1721001600000,0.0000125
1721005200000,0.0000125
1721008800000,0.0000125
1721012400000,0.0000125
1721016000000,0.0000125
1721019600000,0.0000125
1721023200000,0.0000125
1721026800000,0.0000125
1721030400000,0.0000125
1721034000000,0.0000125
1721037600000,0.0000125
1721041200000,0.0000125
1721044800000,0.000006941
1721048400000,0.0000125
1721052000000,0.0000125
1721055600000,0.0000125
1721059200000,0.0000125
1721062800000,0.0000125
1721066400000,0.0000125
1721070000000,0.0000125
1721073600000,0.0000125
1721077200000,0.0000125
1721080800000,-0.0000031734
1721084400000,0.0000125
1721088000000,0.0000125
1721091600000,0.0000125
1721095200000,0.0000109775
1721098800000,0.0000116099
1721102400000,-0.0000018199
1721106000000,0.0000125
1721109600000,0.0000009551
1721113200000,0.0000032543
1721116800000,-0.0000290308
1721120400000,0.0000125
1721124000000,0.0000125
1721127600000,0.0000125
1721131200000,0.0000125
1721134800000,0.0000125
1721138400000,0.0000125
1721142000000,0.0000125
1721145600000,0.0000125
1721149200000,0.0000563864
1721152800000,0.0000760748
1721156400000,0.000084689
1721160000000,0.0000543045
1721163600000,0.0000314683
1721167200000,0.0000247914
1721170800000,0.0000125
1721174400000,0.0000125
1721178000000,0.0000207708
1721181600000,0.0000315544
1721185200000,0.0000125
1721188800000,0.0000125
1721192400000,0.0000125
1721196000000,0.0000385484
1721199600000,0.0000125
1721203200000,0.0000125
1721206800000,0.0000125
1721210400000,0.0000125
1721214000000,0.0000125
1721217600000,0.0000125
1721221200000,0.0000125
1721224800000,0.0000125
1721228400000,0.0000125
1721232000000,0.0000125
1721235600000,0.0000125
1721239200000,0.0000125
1721242800000,0.0000125
1721246400000,0.0000125
1721250000000,0.0000125
1721253600000,0.0000125
1721257200000,0.0000125
1721260800000,0.0000125
1721264400000,0.0000125
1721268000000,0.0000125
1721271600000,0.0000125
1721275200000,0.0000125
1721278800000,0.0000125
1721282400000,0.0000125
1721286000000,0.0000125
1721289600000,0.0000125
1721293200000,0.0000125
1721296800000,0.0000125
1721300400000,0.0000125
1721304000000,0.0000125
1721307600000,0.0000125
1721311200000,0.0000125
1721314800000,0.0000125
1721318400000,0.0000125
1721322000000,0.0000212211
1721325600000,0.0000125
1721329200000,0.0000125
1721332800000,0.0000125
1721336400000,0.0000125
1721340000000,0.0000125
1721343600000,0.0000125
1721347200000,0.0000125
1721350800000,0.0000125
1721354400000,0.0000125
1721358000000,0.0000125
1721361600000,0.0000125
1721365200000,0.0000125
1721368800000,0.0000125
1721372400000,0.0000125
1721376000000,0.000039011
1721379600000,0.0000323311
1721383200000,0.0000428077
1721386800000,0.0000463328
1721390400000,0.0000517609
1721394000000,0.0000585479
1721397600000,0.0000342698
1721401200000,0.0000125
1721404800000,0.0000125
1721408400000,0.0000125
1721412000000,0.0000125
1721415600000,0.0000125
1721419200000,0.0000125
1721422800000,0.0000125
1721426400000,0.0000125
1721430000000,0.0000125
1721433600000,0.0000125
1721437200000,0.0000125
1721440800000,0.0000125
1721444400000,0.0000125
1721448000000,0.0000125
1721451600000,0.0000125
1721455200000,0.0000125
1721458800000,0.0000125
1721462400000,0.0000125
1721466000000,0.0000125
1721469600000,0.0000125
1721473200000,0.0000125
1721476800000,0.0000125
1721480400000,0.0000125
1721484000000,0.0000125
1721487600000,0.0000125
1721491200000,0.0000125
1721494800000,0.0000125
1721498400000,0.0000125
1721502000000,0.0000125
1721505600000,0.0000125
1721509200000,0.0000125
1721512800000,0.0000125
1721516400000,0.0000125
1721520000000,0.0000246895
1721523600000,0.0000192119
1721527200000,0.0000125
1721530800000,0.0000171676
1721534400000,0.000020178
1721538000000,0.0000256897
1721541600000,0.0000272223
1721545200000,0.0000158077
1721548800000,0.0000125
1721552400000,0.0000125
1721556000000,0.0000125
1721559600000,0.0000223769
1721563200000,0.0000249532
1721566800000,0.0000232793
1721570400000,0.000029524
1721574000000,0.0000304938
1721577600000,0.0000250763
1721581200000,0.0000125
1721584800000,0.0000125
1721588400000,0.0000698844
1721592000000,0.000050797
1721595600000,0.0000125
1721599200000,0.0000125
1721602800000,0.0000125
1721606400000,0.0000125
1721610000000,0.0000227973
1721613600000,0.0000147724
1721617200000,0.0000125
1721620800000,0.0000125
1721624400000,0.0000125
1721628000000,0.0000125
1721631600000,0.0000125
1721635200000,0.0000293221
1721638800000,0.0000280133
1721642400000,0.0000140546
1721646000000,0.0000125
1721649600000,0.0000125
1721653200000,0.0000161148
1721656800000,0.0000330816
1721660400000,0.0000131193
1721664000000,0.0000195636
1721667600000,0.0000348442
1721671200000,0.0000575551
1721674800000,0.0000125
1721678400000,0.0000351867
1721682000000,0.0000495149
1721685600000,0.0000576028
1721689200000,0.0000775478
1721692800000,0.0000574166
1721696400000,0.0000639038
1721700000000,0.0000553626
1721703600000,0.0000381869
1721707200000,0.0000308893
1721710800000,0.0000146934
1721714400000,0.0000125
1721718000000,0.0000169836
1721721600000,0.0000571269
1721725200000,0.0000982459
1721728800000,0.0000607776
1721732400000,0.0000784436
1721736000000,0.0000906607
1721739600000,0.0000915804
1721743200000,0.0000502343
1721746800000,0.0000522779
1721750400000,0.0000382988
1721754000000,0.0000227337
1721757600000,0.0000361373
1721761200000,0.0000625198
1721764800000,0.000037772
1721768400000,0.0000585903
1721772000000,0.0000754717
1721775600000,0.0000475645
1721779200000,0.0000426693
1721782800000,0.0000276494
1721786400000,0.000013256
1721790000000,0.0000125
1721793600000,0.0000254324
1721797200000,0.000014256
1721800800000,0.000015852
1721804400000,0.0000527623
1721808000000,0.0000321889
1721811600000,0.0000318335
1721815200000,0.0000266172
1721818800000,0.0000209473
1721822400000,0.0000125
1721826000000,0.0000125
1721829600000,0.0000125
1721833200000,0.000048459
1721836800000,0.0000330045
1721840400000,0.0000125
1721844000000,0.000028743
1721847600000,0.0000125
1721851200000,0.0000430384
1721854800000,0.0000245916
1721858400000,0.0000125
1721862000000,0.0000181764
1721865600000,0.0000187125
1721869200000,0.0000363846
1721872800000,0.0000125
1721876400000,0.0000125
1721880000000,0.0000125
1721883600000,0.0000125
1721887200000,0.0000125
1721890800000,0.0000125
1721894400000,0.0000125
1721898000000,0.0000125
1721901600000,0.0000125
1721905200000,0.0000125
1721908800000,0.0000125
1721912400000,0.0000125
1721916000000,0.0000125
1721919600000,0.0000125
1721923200000,0.0000125
1721926800000,0.0000125
1721930400000,0.0000125
1721934000000,0.0000125
1721937600000,0.0000125
1721941200000,0.0000125
1721944800000,0.0000125
1721948400000,0.0000125
1721952000000,0.0000125
1721955600000,0.0000125
1721959200000,0.0000125
1721962800000,0.0000125
1721966400000,0.0000125
1721970000000,0.0000125
1721973600000,0.0000125
1721977200000,0.0000125
1721980800000,0.0000125
1721984400000,0.0000125
1721988000000,0.0000125
1721991600000,0.0000125
1721995200000,0.0000125
1721998800000,0.0000125
1722002400000,0.0000125
1722006000000,0.0000125
1722009600000,0.0000125
1722013200000,0.0000125
1722016800000,0.0000125
1722020400000,0.0000125
1722024000000,0.0000125
1722027600000,0.0000125
1722031200000,0.0000125
1722034800000,0.0000125
1722038400000,0.0000125
1722042000000,0.0000125
1722045600000,0.0000125
1722049200000,0.0000125
1722052800000,0.0000125
1722056400000,0.0000125
1722060000000,0.0000125
1722063600000,0.0000125
1722067200000,0.0000125
1722070800000,0.0000125
1722074400000,0.0000125
1722078000000,0.0000125
1722081600000,0.0000125
1722085200000,0.0000125
1722088800000,0.0000125
1722092400000,0.0000127481
1722096000000,0.0000125
1722099600000,0.0000125
1722103200000,0.0000125
1722106800000,0.0000125
1722110400000,0.0000125
1722114000000,0.0000125
1722117600000,0.0000125
1722121200000,0.0000125
1722124800000,0.0000125
1722128400000,0.0000125
1722132000000,0.0000125
1722135600000,0.0000125
1722139200000,0.0000125
1722142800000,0.0000125
1722146400000,0.0000125
1722150000000,0.0000125
1722153600000,0.0000125
1722157200000,0.0000125
1722160800000,0.0000125
1722164400000,0.0000125
1722168000000,0.0000125
1722171600000,0.0000125
1722175200000,0.0000125
1722178800000,0.0000125
1722182400000,0.0000125
1722186000000,0.0000125
1722189600000,0.0000125
1722193200000,0.0000125
1722196800000,0.0000125
1722200400000,0.0000125
1722204000000,0.0000125
1722207600000,0.0000125
1722211200000,0.0000125
1722214800000,0.0000125
1722218400000,0.0000125
1722222000000,0.0000153975
1722225600000,0.0000303422
1722229200000,0.0000192787
1722232800000,0.0000149686
1722236400000,0.000013488
1722240000000,0.0000182966
1722243600000,0.0000198386
1722247200000,0.0000365543
1722250800000,0.0000309496
1722254400000,0.0000202787
1722258000000,0.0000125
1722261600000,0.0000125
1722265200000,0.0000125
1722268800000,0.0000125
1722272400000,0.0000125
1722276000000,0.0000279185
1722279600000,0.0000430981
1722283200000,0.0000176281
1722286800000,0.0000530863
1722290400000,0.00004664
1722294000000,0.0000125
1722297600000,0.0000125
1722301200000,0.0000346709
1722304800000,0.0000335084
1722308400000,0.0000386413
1722312000000,0.0000716004
1722315600000,0.0000631549
1722319200000,0.0000208703
1722322800000,0.0000300595
1722326400000,0.000040261
1722330000000,0.0000392325
1722333600000,0.0000571266
1722337200000,0.0000719232
1722340800000,0.0000711573
1722344400000,0.0000736205
1722348000000,0.0000616503
1722351600000,0.0000125
1722355200000,0.0000276101
1722358800000,0.0000262897
1722362400000,0.0000125
1722366000000,0.0000125
1722369600000,0.0000122083
1722373200000,0.0000125
1722376800000,0.0000125
1722380400000,0.0000125
1722384000000,0.0000125
1722387600000,0.0000125
1722391200000,0.0000125
1722394800000,0.0000125
1722398400000,0.0000182479
1722402000000,0.0000125
1722405600000,0.0000125
1722409200000,0.0000125
1722412800000,0.0000125
1722416400000,0.0000318301
1722420000000,0.0000391472
1722423600000,0.000020942
1722427200000,0.0000125
1722430800000,0.0000125
1722434400000,0.0000343093
1722438000000,0.0000480457
1722441600000,0.0000571489
1722445200000,0.0000125
1722448800000,0.0000125
1722452400000,0.0000125
1722456000000,0.0000125
1722459600000,0.0000125
1722463200000,0.0000125
1722466800000,0.0000125
1722470400000,0.0000125
1722474000000,0.0000125
1722477600000,0.0000125
1722481200000,0.0000125
1722484800000,0.0000125
1722488400000,0.0000125
1722492000000,0.0000125
1722495600000,0.0000125
1722499200000,-0.0000010834
1722502800000,0.0000125
1722506400000,0.0000118032
1722510000000,0.000009284
1722513600000,0.0000125
1722517200000,0.0000125
1722520800000,0.0000041137
1722524400000,-0.0000074939
1722528000000,0.0000125
1722531600000,0.0000125
1722535200000,0.0000125
1722538800000,0.0000125
1722542400000,0.0000125
1722546000000,0.0000125
1722549600000,0.0000125
1722553200000,0.0000125
1722556800000,0.0000125
1722560400000,0.0000125
1722564000000,0.0000105661
1722567600000,0.0000125
1722571200000,0.0000125
1722574800000,0.0000125
1722578400000,0.0000125
1722582000000,0.0000125
1722585600000,0.0000125
1722589200000,0.0000090252
1722592800000,0.0000125
1722596400000,0.0000125
1722600000000,0.0000125
1722603600000,0.0000014177
1722607200000,0.0000119867
1722610800000,-0.0000310889
1722614400000,-0.0000069793
1722618000000,0.0000125
1722621600000,0.0000125
1722625200000,0.0000125
1722628800000,0.0000105231
1722632400000,0.0000125
1722636000000,0.0000115601
1722639600000,0.0000123367
1722643200000,0.0000100777
1722646800000,0.0000123586
1722650400000,-0.0000023712
1722654000000,0.0000125
1722657600000,0.0000112876
1722661200000,0.0000125
1722664800000,0.0000125
1722668400000,0.0000098772
1722672000000,0.0000125
1722675600000,0.0000125
1722679200000,0.0000125
1722682800000,0.0000125
1722686400000,0.0000108748
1722690000000,0.0000125
1722693600000,0.0000125
1722697200000,0.0000120613
1722700800000,0.0000123187
1722704400000,0.0000120044
1722708000000,0.0000125
1722711600000,0.0000110122
1722715200000,-0.0000017542
1722718800000,0.0000125
1722722400000,0.0000027448
1722726000000,0.0000125
1722729600000,0.0000125
1722733200000,0.0000125
1722736800000,0.0000125
1722740400000,0.0000125
1722744000000,0.0000125
1722747600000,0.0000021013
1722751200000,0.0000054784
1722754800000,0.0000125
1722758400000,0.0000010852
1722762000000,-0.0000044561
1722765600000,0.0000094262
1722769200000,0.0000108645
1722772800000,0.000002563
1722776400000,0.000007128
1722780000000,0.0000125
1722783600000,0.0000125
1722787200000,0.0000125
1722790800000,-0.0000089729
1722794400000,-0.0000138539
1722798000000,0.0000125
1722801600000,0.0000125
1722805200000,0.0000125
1722808800000,0.0000078608
1722812400000,-0.0000000033
1722816000000,-0.0000304995
1722819600000,-0.000035201
1722823200000,0.0000125
1722826800000,0.0000125
1722830400000,0.0000125
1722834000000,0.0000125
1722837600000,0.0000125
1722841200000,0.0000125
1722844800000,0.0000125
1722848400000,0.0000125
1722852000000,0.0000125
1722855600000,0.0000092105
1722859200000,0.0000125
1722862800000,0.0000025595
1722866400000,0.0000125
1722870000000,0.0000125
1722873600000,0.0000125
1722877200000,0.0000125
1722880800000,0.0000125
1722884400000,-0.0000297405
1722888000000,0.0000091826
1722891600000,0.0000125
1722895200000,0.0000125
1722898800000,0.0000125
1722902400000,0.0000125
1722906000000,0.0000125
1722909600000,0.0000125
1722913200000,0.0000125
1722916800000,0.0000125
1722920400000,0.0000125
1722924000000,0.0000125
1722927600000,0.0000125
1722931200000,0.0000125
1722934800000,0.0000125
1722938400000,0.0000125
1722942000000,0.0000125
1722945600000,0.0000125
1722949200000,0.0000125
1722952800000,0.0000125
1722956400000,0.00000605
1722960000000,0.0000082654
1722963600000,0.0000125
1722967200000,0.0000125
1722970800000,0.0000125
1722974400000,0.0000013352
1722978000000,0.0000125
1722981600000,0.0000125
1722985200000,0.0000107558
1722988800000,-0.0000816222
1722992400000,-0.0000492639
1722996000000,-0.0000449312
1722999600000,0.0000068158
1723003200000,-0.0000070112
1723006800000,0.0000125
1723010400000,-0.0000086012
1723014000000,-0.0000267974
1723017600000,-0.0000121197
1723021200000,0.0000125
1723024800000,0.0000125
1723028400000,-0.0000081945
1723032000000,-0.0000388756
1723035600000,-0.0000321876
1723039200000,-0.0000287618
1723042800000,-0.0000367582
1723046400000,-0.000035377
1723050000000,-0.0000178897
1723053600000,-0.0000323726
1723057200000,-0.0000096449
1723060800000,-0.0000276418
1723064400000,-0.0000014912
1723068000000,0.0000077833
1723071600000,-0.0000534104
1723075200000,-0.0000309513
1723078800000,-0.0000343832
1723082400000,-0.0000046526
1723086000000,0.0000125
1723089600000,-0.000019317
1723093200000,-0.000026172
1723096800000,-0.0000261281
1723100400000,-0.0000261462
1723104000000,-0.0000241404
1723107600000,-0.0000110111
1723111200000,-0.0000067836
1723114800000,-0.0000073036
1723118400000,0.0000003264
1723122000000,-0.0000180453
1723125600000,-0.0000373487
1723129200000,-0.00002003
1723132800000,-0.0000317203
1723136400000,0.000007397
1723140000000,-0.0000148576
1723143600000,-0.0000200488
1723147200000,-0.0000391404
1723150800000,-0.0000424372
1723154400000,-0.0000057989
1723158000000,-0.0000111281
1723161600000,-0.0000225086
1723165200000,-0.0000209856
1723168800000,-0.0000325081
1723172400000,-0.0000314993
1723176000000,-0.0000052502
1723179600000,-0.0000125811
1723183200000,-0.0000335009
1723186800000,-0.0000107336
1723190400000,-0.0000335622
1723194000000,-0.0000257376
1723197600000,-0.0000183523
1723201200000,-0.0000308663
1723204800000,-0.0000112802
1723208400000,-0.0000164375
1723212000000,-0.0000178907
1723215600000,-0.0000162718
1723219200000,-0.0000283003
1723222800000,-0.000000491
1723226400000,0.0000125
1723230000000,0.0000035104
1723233600000,-0.000000297
1723237200000,-0.0000133599
1723240800000,-0.000033832
1723244400000,-0.0000068631
1723248000000,-0.0000073385
1723251600000,0.0000016111
1723255200000,-0.0000039931
1723258800000,-0.0000083214
1723262400000,0.0000025099
1723266000000,-0.0000079982
1723269600000,0.0000005252
1723273200000,0.0000125
1723276800000,0.0000078944
1723280400000,-0.0000074235
1723284000000,0.0000099154
1723287600000,0.0000125
1723291200000,0.0000125
1723294800000,0.0000125
1723298400000,0.0000125
1723302000000,0.0000125
1723305600000,0.0000125
1723309200000,0.0000125
1723312800000,0.0000125
1723316400000,0.0000125
1723320000000,0.0000125
1723323600000,0.0000088715
1723327200000,0.0000125
1723330800000,0.0000125
1723334400000,0.0000125
1723338000000,0.0000125
1723341600000,0.0000125
1723345200000,0.0000125
1723348800000,0.0000125
1723352400000,0.0000125
1723356000000,0.0000125
1723359600000,0.0000125
1723363200000,0.0000125
1723366800000,0.0000125
1723370400000,0.0000125
1723374000000,0.0000125
1723377600000,0.0000125
1723381200000,0.0000125
1723384800000,0.0000125
1723388400000,0.0000125
1723392000000,0.0000125
1723395600000,0.0000125
1723399200000,0.0000125
1723402800000,0.0000125
1723406400000,0.0000076778
1723410000000,0.0000125
1723413600000,0.0000125
1723417200000,0.0000125
1723420800000,0.0000125
1723424400000,0.0000125
1723428000000,0.0000125
1723431600000,0.0000125
1723435200000,0.0000125
1723438800000,0.0000125
1723442400000,0.0000125
1723446000000,0.0000125
1723449600000,0.0000125
1723453200000,0.0000125
1723456800000,0.0000125
1723460400000,0.0000125
1723464000000,0.0000125
1723467600000,0.0000125
1723471200000,0.0000125
1723474800000,0.0000125
1723478400000,0.0000125
1723482000000,0.0000125
1723485600000,0.0000125
1723489200000,0.0000125
1723492800000,0.0000125
1723496400000,0.0000125
1723500000000,0.0000125
1723503600000,0.0000125
1723507200000,0.0000125
1723510800000,0.0000125
1723514400000,0.0000125
1723518000000,0.0000125
1723521600000,0.0000125
1723525200000,0.0000125
1723528800000,0.0000125
1723532400000,0.0000125
1723536000000,0.0000125
1723539600000,0.0000019859
1723543200000,0.0000100655
1723546800000,0.0000125
1723550400000,0.0000125
1723554000000,0.0000125
1723557600000,0.0000125
1723561200000,0.0000125
1723564800000,0.0000125
1723568400000,0.0000125
1723572000000,0.0000125
1723575600000,0.0000125
1723579200000,0.0000125
1723582800000,0.0000125
1723586400000,0.0000125
1723590000000,0.0000125
1723593600000,0.0000125
1723597200000,0.0000125
1723600800000,0.0000125
1723604400000,0.0000125
1723608000000,0.0000125
1723611600000,0.0000125
1723615200000,0.0000125
1723618800000,0.0000125
1723622400000,0.0000125
1723626000000,0.0000125
1723629600000,0.0000125
1723633200000,0.0000125
1723636800000,0.0000125
1723640400000,0.0000125
1723644000000,0.0000125
1723647600000,0.0000077978
1723651200000,0.0000125
1723654800000,0.0000125
1723658400000,0.0000125
1723662000000,0.0000125
1723665600000,0.0000125
1723669200000,0.0000125
1723672800000,0.0000125
1723676400000,0.0000125
1723680000000,0.0000125
1723683600000,0.0000125
1723687200000,0.0000125
1723690800000,0.0000065018
1723694400000,0.0000125
1723698000000,0.0000073202
1723701600000,0.0000125
1723705200000,0.0000098261
1723708800000,-0.0000584278
1723712400000,-0.0000375428
1723716000000,-0.000041011
1723719600000,-0.0000400882
1723723200000,-0.0000313827
1723730400000,0.0000125
1723734000000,0.0000125
1723737600000,0.0000125
1723741200000,0.0000125
1723744800000,0.0000024479
1723748400000,-0.0000261212
1723752000000,-0.0000195418
1723755600000,-0.00001973
1723759200000,0.0000094646
1723762800000,0.0000125
1723766400000,-0.0000009909
1723770000000,0.0000097143
1723773600000,0.0000070988
1723777200000,0.0000125
1723780800000,0.0000125
1723784400000,0.0000125
1723788000000,0.0000125
1723791600000,0.0000125
1723795200000,0.0000125
1723798800000,0.0000125
1723802400000,0.0000125
1723806000000,0.0000125
1723809600000,0.0000125
1723813200000,-0.0000175872
1723816800000,-0.0000117147
1723820400000,-0.0000273096
1723824000000,-0.000042277
1723827600000,-0.0000184478
1723831200000,-0.0000304835
1723834800000,-0.0000068804
1723838400000,0.0000098356
1723842000000,0.0000038333
1723845600000,-0.0000430832
1723849200000,-0.0000160358
1723852800000,-0.0000063941
1723856400000,-0.0000187435
1723860000000,-0.0000008088
1723863600000,-0.0000139034
1723867200000,-0.0000326612
1723870800000,-0.0000307665
1723874400000,-0.0000198857
1723878000000,-0.0000124472
1723881600000,-0.000021064
1723885200000,-0.0000004464
1723888800000,0.0000125
1723892400000,0.000002553
1723896000000,-0.0000018408
1723899600000,0.0000121485
1723903200000,0.0000125
1723906800000,0.0000125
1723910400000,0.0000125
1723914000000,0.0000125
1723917600000,0.0000125
1723921200000,0.0000125
1723924800000,0.0000125
1723928400000,0.0000125
1723932000000,-0.0000162884
1723935600000,-0.0000129614
1723939200000,-0.0000114966
1723942800000,0.0000123356
1723946400000,-0.0000037687
1723950000000,-0.0000063609
1723953600000,-0.0000016234
1723957200000,-0.0000196516
1723960800000,-0.0000270394
1723964400000,-0.0000213713
1723968000000,-0.0000165395
1723971600000,-0.0000076898
1723975200000,0.0000125
1723978800000,-0.0000140326
1723982400000,-0.0000222268
1723986000000,-0.0000062222
1723989600000,0.0000125
1723993200000,0.0000125
1723996800000,0.0000125
1724000400000,0.0000125
1724004000000,0.0000125
1724007600000,0.0000125
1724011200000,0.0000125
1724014800000,0.0000125
1724018400000,0.0000125
1724022000000,0.0000077667
1724025600000,0.0000052658
1724029200000,-0.0000001969
1724032800000,0.0000110251
1724036400000,0.0000125
1724040000000,0.0000125
1724043600000,0.0000125
1724047200000,0.0000032182
1724050800000,0.0000101426
1724054400000,-0.0000042724
1724058000000,0.0000109942
1724061600000,0.0000045911
1724065200000,-0.0000112308
1724068800000,0.0000024977
1724072400000,0.0000125
1724076000000,0.0000125
1724079600000,-0.0000195421
1724083200000,0.0000125
1724086800000,0.0000097902
1724090400000,0.0000125
1724094000000,0.0000099569
1724097600000,0.0000125
1724101200000,0.0000125
1724104800000,0.0000125
1724108400000,0.0000125
1724112000000,0.0000125
1724115600000,0.0000125
1724119200000,0.0000125
1724122800000,0.0000125
1724126400000,0.0000125
1724130000000,0.0000125
1724133600000,0.0000125
1724137200000,0.0000125
1724140800000,0.0000125
1724144400000,0.0000125
1724148000000,0.0000125
1724151600000,0.0000125
1724155200000,0.0000125
1724158800000,0.0000125
1724162400000,0.0000096554
1724166000000,-0.0000101265
1724169600000,0.0000086345
1724173200000,0.0000073922
1724176800000,0.0000125
1724180400000,0.0000125
1724184000000,0.0000125
1724187600000,0.0000125
1724191200000,-0.0000097918
1724194800000,-0.000001001
1724198400000,-0.000007135
1724202000000,-0.0000067229
1724205600000,-0.0000129658
1724209200000,-0.0000050763
1724212800000,-0.0000126867
1724216400000,-0.000013766
1724220000000,0.0000101149
1724223600000,0.00000035
1724227200000,0.000000073
1724230800000,-0.0000131904
1724234400000,-0.0000246706
1724238000000,-0.0000126973
1724241600000,-0.0000061409
1724245200000,-0.0000148763
1724248800000,-0.0000054999
1724252400000,-0.0000050481
1724256000000,0.0000068508
1724259600000,0.0000125
1724263200000,0.0000125
1724266800000,0.0000125
1724270400000,0.0000125
1724274000000,0.0000125
1724277600000,0.0000125
1724281200000,0.0000125
1724284800000,0.0000125
1724288400000,0.0000125
1724292000000,0.0000125
1724295600000,0.0000125
1724299200000,0.0000031317
1724302800000,0.0000125
1724306400000,0.0000125
1724310000000,0.0000125
1724313600000,0.0000125
1724317200000,0.0000125
1724320800000,0.0000125
1724324400000,0.0000125
1724328000000,0.0000125
1724331600000,0.0000125
1724335200000,0.0000125
1724338800000,0.0000125
1724342400000,0.0000125
1724346000000,0.0000125
1724349600000,0.0000125
1724353200000,0.0000125
1724356800000,0.0000125
1724360400000,0.0000125
1724364000000,0.0000125
1724367600000,0.0000125
1724371200000,0.0000125
1724374800000,0.0000125
1724378400000,0.0000125
1724382000000,0.0000125
1724385600000,0.0000125
1724389200000,0.0000125
1724392800000,0.0000125
1724396400000,0.0000125
1724400000000,0.0000125
1724403600000,0.0000125
1724407200000,0.0000125
1724410800000,0.0000125
1724414400000,0.0000125
1724418000000,0.0000125
1724421600000,0.0000125
1724425200000,0.0000125
1724428800000,0.0000125
1724432400000,0.0000125
1724436000000,0.0000125
1724439600000,0.0000125
1724443200000,0.0000125
1724446800000,0.0000125
1724450400000,0.0000125
1724454000000,0.0000125
1724457600000,0.0000125
1724461200000,0.0000125
1724464800000,0.0000125
1724468400000,0.0000125
1724472000000,0.0000125
1724475600000,0.0000125
1724479200000,0.0000125
1724482800000,0.0000125
1724486400000,0.0000125
1724490000000,0.0000125
1724493600000,0.0000167018
1724497200000,0.0000162106
1724500800000,0.0000125
1724504400000,0.0000125
1724508000000,0.0000125
1724511600000,0.0000125
1724515200000,0.0000125
1724518800000,0.0000125
1724522400000,0.0000125
1724526000000,0.0000125
1724529600000,0.0000125
1724533200000,0.0000125
1724536800000,0.0000125
1724540400000,0.0000051172
1724544000000,0.0000125
1724547600000,0.0000125
1724551200000,0.0000125
1724554800000,0.0000125
1724558400000,0.0000125
1724562000000,0.0000125
1724565600000,0.0000125
1724569200000,0.0000125
1724572800000,-0.0000154582
1724576400000,-0.0000012883
1724580000000,0.0000125
1724583600000,0.0000125
1724587200000,0.0000125
1724590800000,0.0000125
1724594400000,0.0000125
1724598000000,0.0000125
1724601600000,0.0000125
1724605200000,0.0000125
1724608800000,0.0000125
1724612400000,0.0000125
1724616000000,0.0000125
1724619600000,0.0000125
1724623200000,0.0000125
1724626800000,0.0000125
1724630400000,0.0000125
1724634000000,0.0000125
1724637600000,0.000011413
1724641200000,0.0000094058
1724644800000,0.0000125
1724648400000,0.0000125
1724652000000,0.0000125
1724655600000,0.0000125
1724659200000,-0.0000121522
1724662800000,-0.0000032176
1724666400000,-0.0000113005
1724670000000,-0.0000060531
1724673600000,-0.000008081
1724677200000,-0.0000045868
1724680800000,0.0000125
1724684400000,-0.0000169826
1724688000000,0.0000112654
1724691600000,0.0000056266
1724695200000,0.0000058686
1724698800000,0.0000104092
1724702400000,0.0000015966
1724706000000,-0.0000149592
1724709600000,0.000006276
1724713200000,0.0000125
1724716800000,0.0000125
1724720400000,0.0000120528
1724724000000,0.0000044321
1724727600000,0.0000125
1724731200000,0.0000050629
1724734800000,0.0000125
1724738400000,0.0000125
1724742000000,0.0000070513
1724745600000,0.0000022608
1724749200000,0.0000062823
1724752800000,0.0000021584
1724756400000,0.0000017144
1724760000000,0.0000125
1724763600000,0.0000081718
1724767200000,0.0000048773
1724770800000,0.0000125
1724774400000,0.0000125
1724778000000,0.0000125
1724781600000,0.0000125
1724785200000,0.0000125
1724788800000,0.0000125
1724792400000,0.0000125
1724796000000,-0.0000050797
1724799600000,0.0000122519
1724803200000,0.0000125
1724806800000,-0.0000142238
1724810400000,-0.0000046527
1724814000000,0.0000125
1724817600000,0.0000125
1724821200000,0.0000125
1724824800000,0.0000125
1724828400000,0.0000125
1724832000000,0.0000125
1724835600000,0.0000125
1724839200000,0.0000125
1724842800000,0.0000125
1724846400000,0.0000125
1724850000000,0.0000125
1724853600000,0.0000125
1724857200000,0.0000125
1724860800000,0.0000125
1724864400000,0.0000125
1724868000000,0.0000125
1724871600000,0.0000125
1724875200000,0.0000125
1724878800000,0.0000125
1724882400000,0.0000125
1724886000000,0.0000089704
1724889600000,0.0000125
1724893200000,0.0000125
1724896800000,0.0000077792
1724900400000,0.0000001357
1724904000000,0.0000125
1724907600000,0.0000125
1724911200000,0.0000125
1724914800000,0.0000125
1724918400000,0.0000125
1724922000000,0.0000125
1724925600000,0.0000125
1724929200000,0.0000125
1724932800000,0.0000125
1724936400000,0.0000125
1724940000000,0.0000125
1724943600000,0.0000125
1724947200000,0.0000125
1724950800000,0.0000125
1724954400000,0.0000125
1724958000000,0.0000125
1724961600000,0.0000125
1724965200000,0.0000125
1724968800000,0.0000125
1724972400000,0.0000125
1724976000000,0.0000125
1724979600000,0.0000125
1724983200000,0.0000125
1724986800000,0.0000125
1724990400000,0.0000125
1724994000000,0.0000125
1724997600000,0.0000125
1725001200000,0.0000125
1725004800000,0.0000125
1725008400000,0.0000125
1725012000000,0.0000125
1725015600000,0.0000125
1725019200000,0.0000125
1725022800000,0.0000125
1725026400000,0.0000125
1725030000000,0.0000125
1725033600000,0.0000074512
1725037200000,0.0000096869
1725040800000,0.0000125
1725044400000,0.0000125
1725048000000,0.0000125
1725051600000,0.0000125
1725055200000,0.0000125
1725058800000,0.0000125
1725062400000,0.0000125
1725066000000,0.0000125
1725069600000,0.0000125
1725073200000,0.0000111558
1725076800000,0.0000125
1725080400000,0.0000125
1725084000000,0.0000125
1725087600000,0.0000014786
1725091200000,0.0000002462
1725094800000,0.000005306
1725098400000,0.0000020298
1725102000000,0.0000013597
1725105600000,0.0000023059
1725109200000,-0.0000016638
1725112800000,-0.0000025652
1725116400000,-0.0000036589
1725120000000,0.0000083428
1725123600000,0.0000085568
1725127200000,0.000005887
1725130800000,0.0000125
1725134400000,-0.0000218247
1725138000000,-0.0000180448
1725141600000,-0.0000149492
1725145200000,-0.0000011864
1725148800000,-0.000011407
1725152400000,0.0000125
1725156000000,0.0000125
1725159600000,-0.0000118111
1725163200000,0.0000030291
1725166800000,-0.0000053495
1725170400000,-0.0000186118
1725174000000,-0.0000160915
1725177600000,-0.0000132778
1725181200000,-0.0000087962
1725184800000,-0.0000132146
1725188400000,-0.0000189323
1725192000000,-0.0000431253
1725195600000,-0.0000154268
1725199200000,-0.0000098997
1725202800000,-0.0000140068
1725206400000,-0.0000012334
1725210000000,-0.0000098829
1725213600000,-0.0000168078
1725217200000,-0.000002573
1725220800000,0.0000042653
1725224400000,0.0000125
1725228000000,0.0000093326
1725231600000,-0.0000085205
1725235200000,0.000009617
1725238800000,0.0000119475
1725242400000,0.0000125
1725246000000,-0.0000060202
1725249600000,-0.0000110947
1725253200000,-0.0000107184
1725256800000,0.0000125
1725260400000,-0.0000061639
1725264000000,-0.0000011312
1725267600000,0.0000092895
1725271200000,0.0000125
1725274800000,0.0000125
1725278400000,0.0000125
1725282000000,0.0000125
1725285600000,0.0000052961
1725289200000,-0.0000014731
1725292800000,0.0000125
1725296400000,0.0000008484
1725300000000,0.0000125
1725303600000,0.0000125
1725307200000,0.0000125
1725310800000,0.0000125
1725314400000,0.0000125
1725318000000,0.0000125
1725321600000,0.0000125
1725325200000,0.0000125
1725328800000,0.0000072037
1725332400000,0.0000125
1725336000000,0.0000003481
1725339600000,-0.0000136541
1725343200000,-0.0000120346
1725346800000,-0.0000109658
1725350400000,-0.0000150826
1725354000000,-0.000017185
1725357600000,-0.0000302323
1725361200000,-0.0000326048
1725364800000,-0.0000301392
1725368400000,-0.0000185936
1725372000000,-0.0000200311
1725375600000,-0.0000096105
1725379200000,-0.0000068952
1725382800000,-0.0000091435
1725386400000,0.0000017481
1725390000000,0.0000030631
1725393600000,0.0000008613
1725397200000,-0.0000256934
1725400800000,-0.0000139897
1725404400000,-0.0000146271
1725408000000,-0.0000050945
1725411600000,-0.00000999
1725415200000,-0.0000001755
1725418800000,-0.0000078099
1725422400000,0.0000100501
1725426000000,0.0000004779
1725429600000,-0.0000024711
1725433200000,0.0000099105
1725436800000,0.0000125
1725440400000,0.0000125
1725444000000,0.0000125
1725447600000,0.0000125
1725451200000,0.0000113963
1725454800000,0.0000125
1725458400000,0.0000125
1725462000000,0.0000125
1725465600000,-0.0000093271
1725469200000,-0.0000129362
1725472800000,-0.0000097058
1725476400000,-0.0000191354
1725480000000,0.0000056638
1725483600000,-0.0000066891
1725487200000,0.000007798
1725490800000,0.0000046276
1725494400000,-0.0000103978
1725498000000,-0.0000003667
1725501600000,-0.0000011814
1725505200000,-0.0000144877
1725508800000,-0.0000209254
1725512400000,-0.0000070008
1725516000000,0.0000024139
1725519600000,-0.0000252292
1725523200000,0.0000010491
1725526800000,-0.0000052982
1725530400000,-0.000002258
1725534000000,-0.0000059749
1725537600000,-0.0000048923
1725541200000,0.0000032033
1725544800000,0.000006864
1725548400000,-0.0000001006
1725552000000,-0.0000138629
1725555600000,-0.0000028646
1725559200000,0.0000007967
1725562800000,0.0000086531
1725566400000,-0.0000167908
1725570000000,-0.0000179164
1725573600000,-0.0000086276
1725577200000,-0.0000067671
1725580800000,-0.0000107692
1725584400000,-0.0000034173
1725588000000,0.0000019082
1725591600000,0.0000098694
1725595200000,0.0000066125
1725598800000,0.0000045803
1725602400000,-0.0000022884
1725606000000,0.0000011044
1725609600000,-0.0000051019
1725613200000,0.0000044498
1725616800000,0.0000058571
1725620400000,0.0000047762
1725624000000,0.0000125
1725627600000,0.0000055664
1725631200000,-0.000009554
1725634800000,-0.0000245398
1725638400000,0.0000125
1725642000000,0.0000123074
1725645600000,0.0000043969
1725649200000,-0.0000151789
1725652800000,0.0000107054
1725656400000,0.0000092921
1725660000000,0.0000125
1725663600000,0.0000089261
1725667200000,0.0000094069
1725670800000,0.0000091066
1725674400000,0.0000066384
1725678000000,0.0000074981
1725681600000,0.0000086433
1725685200000,0.0000023107
1725688800000,0.000002423
1725692400000,0.0000088807
1725696000000,0.0000114778
1725699600000,0.0000125
1725703200000,0.000008377
1725706800000,0.0000076205
1725710400000,0.0000039104
1725714000000,0.0000004961
1725717600000,0.0000000995
1725721200000,0.0000125
1725724800000,0.0000125
1725728400000,0.0000121547
1725732000000,0.0000034283
1725735600000,0.0000091244
1725739200000,0.0000125
1725742800000,0.0000013347
1725746400000,0.0000122593
1725750000000,0.0000125
1725753600000,0.0000125
1725757200000,0.0000125
1725760800000,0.0000125
1725764400000,0.0000125
1725768000000,0.0000125
1725771600000,0.0000125
1725775200000,0.0000125
1725778800000,0.0000125
1725782400000,0.0000125
1725786000000,0.0000125
1725789600000,0.0000125
1725793200000,0.0000125
1725796800000,0.0000125
1725800400000,0.0000125
1725804000000,0.0000125
1725807600000,0.0000125
1725811200000,0.0000125
1725814800000,0.0000125
1725818400000,0.0000125
1725822000000,0.0000125
1725825600000,0.0000125
1725829200000,0.0000125
1725832800000,0.0000125
1725836400000,0.0000125
1725840000000,0.0000125
1725843600000,0.0000125
1725847200000,0.0000125
1725850800000,0.0000125
1725854400000,0.0000125
1725858000000,0.0000125
1725861600000,0.0000085351
1725865200000,0.000006696
1725868800000,0.0000125
1725872400000,0.0000125
1725876000000,0.0000125
1725879600000,0.0000125
1725883200000,0.0000125
1725886800000,0.0000125
1725890400000,0.0000125
1725894000000,0.0000125
1725897600000,0.0000125
1725901200000,0.0000125
1725904800000,0.0000125
1725908400000,0.0000125
1725912000000,0.0000125
1725915600000,0.0000125
1725919200000,0.00001192
1725922800000,-0.0000242779
1725926400000,-0.0000174056
1725930000000,0.0000125
1725933600000,0.0000125
1725937200000,0.0000125
1725940800000,0.0000125
1725944400000,0.0000125
1725948000000,0.0000125
1725951600000,0.0000125
1725955200000,0.0000125
1725958800000,0.0000125
1725962400000,0.0000125
1725966000000,0.0000125
1725969600000,0.0000125
1725973200000,0.0000125
1725976800000,0.0000125
1725980400000,0.0000125
1725984000000,0.0000125
1725987600000,0.0000125
1725991200000,0.0000125
1725994800000,0.0000125
1725998400000,0.0000125
1726002000000,0.0000125
1726005600000,0.0000125
1726009200000,0.0000125
1726012800000,0.0000125
1726016400000,0.0000125
1726020000000,0.0000125
1726023600000,0.0000046584
1726027200000,0.0000016611
1726030800000,0.0000041875
1726034400000,0.0000031716
1726038000000,0.0000058623
1726041600000,0.0000111451
1726045200000,0.0000125
1726048800000,0.0000100397
1726052400000,0.0000094347
1726056000000,0.0000125
1726059600000,0.0000120728
1726063200000,0.0000125
1726066800000,0.0000008267
1726070400000,0.0000039028
1726074000000,0.0000125
1726077600000,0.0000125
1726081200000,0.0000125
1726084800000,0.0000125
1726088400000,0.0000125
1726092000000,0.0000125
1726095600000,0.0000015331
1726099200000,0.0000125
1726102800000,0.0000125
1726106400000,0.0000125
1726110000000,0.0000125
1726113600000,0.0000125
1726117200000,0.0000125
1726120800000,0.0000125
1726124400000,0.0000125
1726128000000,0.0000125
1726131600000,0.0000125
1726135200000,0.0000125
1726138800000,0.0000125
1726142400000,0.0000125
1726146000000,0.0000125
1726149600000,0.0000125
1726153200000,0.0000125
1726156800000,0.0000125
1726160400000,0.0000125
1726164000000,0.0000125
1726167600000,0.0000125
1726171200000,0.0000125
1726174800000,0.0000125
1726178400000,0.0000125
1726182000000,0.0000125
1726185600000,0.0000125
1726189200000,0.0000125
1726192800000,0.0000125
1726196400000,0.0000125
1726200000000,0.0000125
1726203600000,0.0000125
1726207200000,0.0000096119
1726210800000,0.0000125
1726214400000,0.0000101399
1726218000000,0.0000027044
1726221600000,0.0000118583
1726225200000,0.0000125
1726228800000,0.0000107613
1726232400000,-0.0000009189
1726236000000,0.0000029684
1726239600000,0.0000125
1726243200000,0.0000125
1726246800000,0.0000125
1726250400000,0.0000125
1726254000000,0.0000125
1726257600000,0.0000125
1726261200000,0.0000125
1726264800000,0.0000125
1726268400000,0.0000125
1726272000000,0.0000125
1726275600000,0.0000125
1726279200000,0.0000125
1726282800000,0.0000125
1726286400000,0.0000125
1726290000000,0.0000125
1726293600000,0.0000125
1726297200000,0.0000125
1726300800000,0.0000125
1726304400000,0.0000125
1726308000000,0.0000125
1726311600000,0.0000125
1726315200000,0.0000125
1726318800000,0.0000125
1726322400000,0.0000125
1726326000000,0.0000125
1726329600000,0.0000125
1726333200000,0.0000125
1726336800000,0.0000125
1726340400000,0.0000125
1726344000000,0.0000125
1726347600000,0.0000125
1726351200000,0.0000125
1726354800000,0.0000125
1726358400000,0.0000125
1726362000000,0.0000125
1726365600000,0.0000125
1726369200000,0.0000125
1726372800000,0.0000125
1726376400000,0.0000125
1726380000000,0.0000125
1726383600000,0.0000125
1726387200000,0.0000125
1726390800000,0.0000125
1726394400000,0.0000125
1726398000000,0.0000125
1726401600000,0.0000125
1726405200000,0.0000125
1726408800000,0.0000125
1726412400000,0.0000125
1726416000000,0.0000125
1726419600000,0.0000125
1726423200000,0.0000125
1726426800000,0.0000125
1726430400000,0.0000125
1726434000000,-0.000000801
1726437600000,0.0000125
1726441200000,0.0000069699
1726444800000,0.0000125
1726448400000,0.0000125
1726452000000,0.0000125
1726455600000,0.0000125
1726459200000,0.0000125
1726462800000,0.0000125
1726466400000,0.0000125
1726470000000,0.0000125
1726473600000,0.0000125
1726477200000,0.0000125
1726480800000,0.0000125
1726484400000,0.0000125
1726488000000,0.0000125
1726491600000,0.0000125
1726495200000,0.0000125
1726498800000,0.0000125
1726502400000,0.0000125
1726506000000,0.0000125
1726509600000,0.0000125
1726513200000,0.0000125
1726516800000,0.0000125
1726520400000,0.0000125
1726524000000,0.0000125
1726527600000,0.0000125
1726531200000,0.0000125
1726534800000,0.0000125
1726538400000,0.0000125
1726542000000,0.0000125
1726545600000,0.0000125
1726549200000,0.0000125
1726552800000,0.0000125
1726556400000,0.0000125
1726560000000,0.0000125
1726563600000,0.0000125
1726567200000,0.0000125
1726570800000,0.0000125
1726574400000,0.0000125
1726578000000,0.0000125
1726581600000,0.0000125
1726585200000,0.0000125
1726588800000,0.0000125
1726592400000,0.0000125
1726596000000,0.0000125
1726599600000,0.0000125
1726603200000,0.0000125
1726606800000,0.0000125
1726610400000,0.0000125
1726614000000,0.0000125
1726617600000,0.0000125
1726621200000,0.0000125
1726624800000,0.0000125
1726628400000,0.0000125
1726632000000,-0.0000067058
1726635600000,0.0000076811
1726639200000,0.0000024701
1726642800000,0.0000072178
1726646400000,0.0000049707
1726650000000,0.0000073147
1726653600000,-0.0000126008
1726657200000,-0.000012367
1726660800000,-0.0000093387
1726664400000,0.0000015617
1726668000000,0.0000108513
1726671600000,0.000002823
1726675200000,-0.000004961
1726678800000,0.0000033896
1726682400000,0.0000058881
1726686000000,0.0000125
1726689600000,-0.0000034013
1726693200000,0.0000125
1726696800000,0.0000125
1726700400000,0.0000125
1726704000000,0.0000125
1726707600000,-0.0000014819
1726711200000,0.0000125
1726714800000,-0.0000023917
1726718400000,0.0000125
1726722000000,0.0000036053
1726725600000,0.0000004192
1726729200000,0.0000077668
1726732800000,0.0000053649
1726736400000,0.0000125
1726740000000,0.0000125
1726743600000,0.0000125
1726747200000,0.0000125
1726750800000,0.0000125
1726754400000,0.0000125
1726758000000,0.0000125
1726761600000,0.0000125
1726765200000,0.0000125
1726768800000,0.0000125
1726772400000,0.0000125
1726776000000,0.0000125
1726779600000,0.0000125
1726783200000,0.0000125
1726786800000,0.0000125
1726790400000,0.0000125
1726794000000,0.0000125
1726797600000,0.0000125
1726801200000,0.0000125
1726804800000,0.0000125
1726808400000,0.0000125
1726812000000,0.0000125
1726815600000,0.0000125
1726819200000,0.0000125
1726822800000,0.0000125
1726826400000,0.0000125
1726830000000,0.0000125
1726833600000,0.0000125
1726837200000,0.0000125
1726840800000,0.0000125
1726844400000,0.0000125
1726848000000,0.0000125
1726851600000,0.0000125
1726855200000,0.0000125
1726858800000,0.0000125
1726862400000,0.0000125
1726866000000,0.0000125
1726869600000,0.0000125
1726873200000,0.0000163216
1726876800000,0.0000188753
1726880400000,0.0000229599
1726884000000,0.000018839
1726887600000,0.0000147275
1726891200000,0.0000188274
1726894800000,0.0000125
1726898400000,0.0000125
1726902000000,0.0000125
1726905600000,0.0000125
1726909200000,0.0000125
1726912800000,0.0000125
1726916400000,0.00002039
1726920000000,0.0000125
1726923600000,0.0000152985
1726927200000,0.0000125
1726930800000,0.0000125
1726934400000,0.0000125
1726938000000,0.0000125
1726941600000,0.0000128909
1726945200000,0.0000202191
1726948800000,0.0000238293
1726952400000,0.0000129761
1726956000000,0.0000125
1726959600000,0.0000189981
1726963200000,0.000031785
1726966800000,0.0000125
1726970400000,0.0000125
1726974000000,0.0000125
1726977600000,0.0000125
1726981200000,0.0000125
1726984800000,0.0000125
1726988400000,0.0000125
1726992000000,0.0000125
1726995600000,0.0000125
1726999200000,0.0000125
1727002800000,0.0000125
1727006400000,0.0000125
1727010000000,0.0000125
1727013600000,0.0000125
1727017200000,0.0000125
1727020800000,0.0000125
1727024400000,0.0000125
1727028000000,0.0000125
1727031600000,0.0000125
1727035200000,0.0000125
1727038800000,0.0000125
1727042400000,0.0000125
1727046000000,0.0000125
1727049600000,0.0000125
1727053200000,0.0000125
1727056800000,0.0000125
1727060400000,0.0000047459
1727064000000,0.0000125
1727067600000,0.0000125
1727071200000,0.0000125
1727074800000,0.0000125
1727078400000,0.0000125
1727082000000,0.0000125
1727085600000,0.0000125
1727089200000,0.0000125
1727092800000,0.0000125
1727096400000,0.0000125
1727100000000,0.0000125
1727103600000,0.0000125
1727107200000,0.0000125
1727110800000,0.0000125
1727114400000,0.0000125
1727118000000,0.0000125
1727121600000,0.0000125
1727125200000,0.0000125
1727128800000,0.0000125
1727132400000,0.0000125
1727136000000,0.0000125
1727139600000,0.0000125
1727143200000,0.0000125
1727146800000,0.0000125
1727150400000,0.0000125
1727154000000,0.0000125
1727157600000,0.0000125
1727161200000,0.0000125
1727164800000,0.0000125
1727168400000,0.0000153132
1727172000000,0.0000176999
1727175600000,0.0000125
1727179200000,0.0000125
1727182800000,0.0000125
1727186400000,0.0000125
1727190000000,0.0000125
1727193600000,0.0000125
1727197200000,0.0000125
1727200800000,0.0000125
1727204400000,0.0000125
1727208000000,0.0000125
1727211600000,0.0000125
1727215200000,0.0000125
1727218800000,0.0000125
1727222400000,0.0000204745
1727226000000,0.0000125
1727229600000,0.0000125
1727233200000,0.0000125
1727236800000,0.0000125
1727240400000,0.0000125
1727244000000,0.0000125
1727247600000,0.0000125
1727251200000,0.0000125
1727254800000,0.0000125
1727258400000,0.0000125
1727262000000,0.0000125
1727265600000,0.0000125
1727269200000,0.0000125
1727272800000,0.0000125
1727276400000,0.0000125
1727280000000,0.0000125
1727283600000,0.0000125
1727287200000,0.0000125
1727290800000,0.0000125
1727294400000,0.0000125
1727298000000,0.0000125
1727301600000,0.0000125
1727305200000,0.0000125
1727308800000,0.0000125
1727312400000,0.0000125
1727316000000,0.0000125
1727319600000,0.0000125
1727323200000,0.0000125
1727326800000,0.0000125
1727330400000,0.0000125
1727334000000,0.0000125
1727337600000,0.0000125
1727341200000,0.0000125
1727344800000,0.0000125
1727348400000,0.0000125
1727352000000,0.0000125
1727355600000,0.0000125
1727359200000,0.0000125
1727362800000,0.0000125
1727366400000,0.0000125
1727370000000,0.0000125
1727373600000,0.0000125
1727377200000,0.0000125
1727380800000,0.0000125
1727384400000,0.0000125
1727388000000,0.0000125
1727391600000,0.0000125
1727395200000,0.0000125
1727398800000,0.0000125
1727402400000,0.0000125
1727406000000,0.0000125
1727409600000,0.0000125
1727413200000,0.0000125
1727416800000,0.0000125
1727420400000,0.0000125
1727424000000,0.0000125
1727427600000,0.0000125
1727431200000,0.0000125
1727434800000,0.0000125
1727438400000,0.0000125
1727442000000,0.0000125
1727445600000,0.0000125
1727449200000,0.0000125
1727452800000,0.0000125
1727456400000,0.0000125
1727460000000,0.0000125
1727463600000,0.0000125
1727467200000,0.0000125
1727470800000,0.0000125
1727474400000,0.0000125
1727478000000,0.0000125
1727481600000,0.0000163372
1727485200000,0.0000125
1727488800000,0.0000125
1727492400000,0.0000200179
1727496000000,0.0000140875
1727499600000,0.000012593
1727503200000,0.0000125
1727506800000,0.0000125
1727510400000,0.0000125
1727514000000,0.0000125
1727517600000,0.0000125
1727521200000,0.0000125
1727524800000,0.0000125
1727528400000,0.0000125
1727532000000,0.0000125
1727535600000,0.0000125
1727539200000,0.0000125
1727542800000,0.0000125
1727546400000,0.0000125
1727550000000,0.0000125
1727553600000,0.0000125
1727557200000,0.0000125
1727560800000,0.0000125
1727564400000,0.0000125
1727568000000,0.0000125
1727571600000,0.0000125
1727575200000,0.0000125
1727578800000,0.0000125
1727582400000,0.0000125
1727586000000,0.0000125
1727589600000,0.0000125
1727593200000,0.0000125
1727596800000,0.0000125
1727600400000,0.0000125
1727604000000,0.0000125
1727607600000,0.0000125
1727611200000,0.0000125
1727614800000,0.0000125
1727618400000,0.0000125
1727622000000,0.0000125
1727625600000,0.0000125
1727629200000,0.0000125
1727632800000,0.0000125
1727636400000,0.0000125
1727640000000,0.0000125
1727643600000,0.0000125
1727647200000,0.0000125
1727650800000,0.0000125
1727654400000,0.0000125
1727658000000,0.0000125
1727661600000,0.0000125
1727665200000,0.0000125
1727668800000,0.0000125
1727672400000,0.0000147441
1727676000000,0.0000125
1727679600000,0.0000125
1727683200000,0.0000125
1727686800000,0.0000125
1727690400000,0.0000219852
1727694000000,0.0000125
1727697600000,0.0000125
1727701200000,0.0000125
1727704800000,0.0000125
1727708400000,0.0000125
1727712000000,0.0000125
1727715600000,0.0000125
1727719200000,0.0000125
1727722800000,0.0000125
1727726400000,0.0000125
1727730000000,0.0000145148
1727733600000,0.0000125
1727737200000,0.0000125
1727740800000,0.0000125
1727744400000,0.0000125
1727748000000,0.0000256524
1727751600000,0.000016443
1727755200000,0.0000387834
1727758800000,0.000051904
1727762400000,0.0000433558
1727766000000,0.0000435572
1727769600000,0.0000320405
1727773200000,0.000025587
1727776800000,0.0000160853
1727780400000,0.0000139457
1727784000000,0.0000125
1727787600000,0.0000125
1727791200000,0.0000125
1727794800000,0.0000125
1727798400000,0.0000125
1727802000000,0.0000125
1727805600000,0.0000125
1727809200000,0.0000323054
1727812800000,0.0000160487
1727816400000,0.0000233397
1727820000000,0.0000317894
1727823600000,0.0000125
1727827200000,0.0000125
1727830800000,0.0000125
1727834400000,0.0000125
1727838000000,0.0000125
1727841600000,0.0000171157
1727845200000,0.0000202506
1727848800000,0.0000166605
1727852400000,0.0000125
1727856000000,0.0000125
1727859600000,0.0000125
1727863200000,0.0000125
1727866800000,0.0000125
1727870400000,0.0000125
1727874000000,0.0000125
1727877600000,0.0000125
1727881200000,0.0000125
1727884800000,0.0000175922
1727888400000,0.0000125
1727892000000,0.0000125
1727895600000,0.0000125
1727899200000,-0.0000000815
1727902800000,-0.0000032002
1727906400000,-0.0000004223
1727910000000,0.0000125
1727913600000,0.0000125
1727917200000,0.0000125
1727920800000,0.0000125
1727924400000,0.0000125
1727928000000,0.0000125
1727931600000,0.0000125
1727935200000,0.0000125
1727938800000,0.0000125
1727942400000,0.0000125
1727946000000,0.0000125
1727949600000,0.0000125
1727953200000,0.0000125
1727956800000,0.0000125
1727960400000,0.0000125
1727964000000,0.0000125
1727967600000,0.0000125
1727971200000,0.0000125
1727974800000,0.0000125
1727978400000,0.0000096107
1727982000000,0.0000114537
1727985600000,0.0000125
1727989200000,0.0000125
1727992800000,0.0000125
1727996400000,0.0000125
1728000000000,0.0000125
1728003600000,0.0000125
1728007200000,0.0000125
1728010800000,0.0000006536
1728014400000,-0.0000072843
1728018000000,-0.0000049192
1728021600000,-0.0000008234
1728025200000,-0.0000022439
1728028800000,0.0000125
1728032400000,0.0000125
1728036000000,0.0000125
1728039600000,0.0000125
1728043200000,0.0000125
1728046800000,0.0000125
1728050400000,0.0000125
1728054000000,0.0000064724
1728057600000,0.0000088092
1728061200000,0.0000125
1728064800000,0.0000125
1728068400000,0.0000125
1728072000000,0.0000125
1728075600000,0.0000125
1728079200000,0.0000041174
1728082800000,-0.0000111659
1728086400000,-0.0000078056
1728090000000,0.0000046489
1728093600000,0.0000125
1728097200000,0.0000125
1728100800000,0.0000125
1728104400000,0.0000125
1728108000000,0.0000125
1728111600000,0.0000125
1728115200000,0.0000125
1728118800000,0.0000125
1728122400000,0.0000125
1728126000000,0.0000125
1728129600000,0.0000125
1728133200000,0.0000125
1728136800000,0.0000125
1728140400000,0.0000125
1728144000000,0.0000092578
1728147600000,0.0000125
1728151200000,0.0000125
1728154800000,0.0000125
1728158400000,0.0000125
1728162000000,0.0000035624
1728165600000,0.0000125
1728169200000,0.0000125
1728172800000,0.0000125
1728176400000,0.0000125
1728180000000,0.0000125
1728183600000,0.0000125
1728187200000,0.0000125
1728190800000,0.0000125
1728194400000,-0.0000046432
1728198000000,0.0000125
1728201600000,0.0000125
1728205200000,0.0000125
1728208800000,0.0000125
1728212400000,0.0000125
1728216000000,0.0000125
1728219600000,0.0000059479
1728223200000,0.0000125
1728226800000,0.0000125
1728230400000,0.0000125
1728234000000,0.0000125
1728237600000,0.0000125
1728241200000,0.0000125
1728244800000,-0.0000197009
1728248400000,-0.000024733
1728252000000,-0.0000256548
1728255600000,-0.0000263927
1728259200000,-0.0000183633
1728262800000,0.0000125
1728266400000,0.0000125
1728270000000,0.0000125
1728273600000,0.0000125
1728277200000,0.0000125
1728280800000,0.0000125
1728284400000,0.0000125
1728288000000,0.0000125
1728291600000,0.0000125
1728295200000,0.0000125
1728298800000,0.0000125
1728302400000,0.0000125
1728306000000,0.0000087309
1728309600000,0.0000028277
1728313200000,0.0000125
1728316800000,0.0000051795
1728320400000,0.0000125
1728324000000,0.0000125
1728327600000,0.0000093624
1728331200000,0.0000025896
1728334800000,0.000004188
1728338400000,-0.0000084557
1728342000000,-0.0000135519
1728345600000,0.00000125
1728349200000,-0.0000094279
1728352800000,-0.0000063768
1728356400000,-0.000016262
1728360000000,-0.000002695
1728363600000,-0.0000067968
1728367200000,-0.0000220341
1728370800000,-0.0000467919
1728374400000,-0.0000461677
1728378000000,-0.0000324992
1728381600000,-0.000018029
1728385200000,0.0000125
1728388800000,0.0000125
1728392400000,0.0000125
1728396000000,0.0000125
1728399600000,0.0000125
1728403200000,0.0000125
1728406800000,0.0000125
1728410400000,0.0000125
1728414000000,-0.0000021409
1728417600000,-0.0000302134
1728421200000,-0.0000213825
1728424800000,0.0000013121
1728428400000,0.0000125
1728432000000,0.0000114119
1728435600000,-0.000014384
1728439200000,0.0000027711
1728442800000,0.0000125
1728446400000,0.0000125
1728450000000,0.0000125
1728453600000,0.0000125
1728457200000,0.0000125
1728460800000,0.0000125
1728464400000,0.0000125
1728468000000,0.0000066154
1728471600000,0.0000125
1728475200000,0.0000125
1728478800000,0.0000125
1728482400000,0.0000121925
1728486000000,0.0000125
1728489600000,0.0000125
1728493200000,0.0000125
1728496800000,0.0000125
1728500400000,0.0000125
1728504000000,0.0000125
1728507600000,0.0000067973
1728511200000,-0.0000076561
1728514800000,-0.0000302774
1728518400000,-0.000038122
1728522000000,-0.0000281852
1728525600000,-0.0000006628
1728529200000,0.0000125
1728532800000,0.0000097971
1728536400000,0.0000125
1728540000000,-0.0000018917
1728543600000,0.0000125
1728547200000,0.000010931
1728550800000,-0.0000054153
1728554400000,-0.0000085139
1728558000000,0.0000125
1728561600000,0.0000125
1728565200000,0.0000125
1728568800000,0.0000071608
1728572400000,0.0000019443
1728576000000,-0.0000023821
1728579600000,-0.0000245076
1728583200000,-0.0000288544
1728586800000,-0.0000107741
1728590400000,-0.0000035257
1728594000000,-0.0000126777
1728597600000,-0.0000076943
1728601200000,-0.000011515
1728604800000,-0.000008675
1728608400000,0.0000125
1728612000000,0.0000108531
1728615600000,-0.0000073638
1728619200000,0.0000022649
1728622800000,-0.0000120181
1728626400000,0.0000036033
1728630000000,0.0000079509
1728633600000,0.0000037056
1728637200000,-0.0000067764
1728640800000,-0.0000111502
1728644400000,-0.000001367
1728648000000,0.0000029456
1728651600000,0.0000125
1728655200000,0.0000125
1728658800000,0.0000125
1728662400000,0.0000125
1728666000000,0.0000125
1728669600000,0.0000125
1728673200000,0.0000125
1728676800000,0.0000125
1728680400000,0.0000111835
1728684000000,0.0000125
1728687600000,0.0000125
1728691200000,0.0000087618
1728694800000,0.0000028537
1728698400000,0.0000032669
1728702000000,-0.0000032077
1728705600000,-0.000006834
1728709200000,-0.0000048806
1728712800000,-0.0000083763
1728716400000,-0.00000681
1728720000000,-0.0000121003
1728723600000,-0.0000119574
1728727200000,-0.0000151855
1728730800000,-0.00000755
1728734400000,0.000009162
1728738000000,-0.0000048231
1728741600000,0.0000088051
1728745200000,0.0000125
1728748800000,0.0000125
1728752400000,0.0000125
1728756000000,0.0000125
1728759600000,0.0000125
1728763200000,0.0000125
1728766800000,0.0000125
1728770400000,0.0000125
1728774000000,0.0000125
1728777600000,0.0000125
1728781200000,0.0000125
1728784800000,0.0000125
1728788400000,0.0000093268
1728792000000,0.0000125
1728795600000,0.0000125
1728799200000,0.0000125
1728802800000,0.0000125
1728806400000,0.0000125
1728810000000,0.0000125
1728813600000,0.0000125
1728817200000,0.0000125
1728820800000,0.0000125
1728824400000,0.0000125
1728828000000,0.0000125
1728831600000,0.0000125
1728835200000,0.0000125
1728838800000,0.0000094487
1728842400000,-0.000002408
1728846000000,-0.0000024103
1728849600000,-0.0000022313
1728853200000,0.0000023604
1728856800000,0.0000125
1728860400000,0.0000125
1728864000000,0.0000125
1728867600000,0.0000125
1728871200000,0.0000100178
1728874800000,-0.0000112191
1728878400000,-0.0000024222
1728882000000,-0.0000074033
1728885600000,-0.000012554
1728889200000,0.0000125
1728892800000,0.0000125
1728896400000,0.0000047193
1728900000000,0.0000125
1728903600000,0.0000018164
1728907200000,-0.0000006974
1728910800000,0.0000053518
1728914400000,0.0000042113
1728918000000,0.0000062684
1728921600000,0.0000125
1728925200000,0.000006274
1728928800000,-0.0000010378
1728932400000,0.0000109224
1728936000000,0.0000049783
1728939600000,0.0000111776
1728943200000,0.0000034286
1728946800000,0.0000125
1728950400000,0.0000125
1728954000000,0.0000125
1728957600000,0.0000125
1728961200000,0.0000125
1728964800000,0.0000125
1728968400000,0.0000125
1728972000000,0.0000125
1728975600000,0.0000125
1728979200000,0.0000125
1728982800000,0.0000125
1728986400000,0.0000125
1728990000000,0.0000125
1728993600000,0.0000125
1728997200000,0.0000018968
1729000800000,0.0000125
1729004400000,-0.0000049513
1729008000000,-0.0000118598
1729011600000,-0.0000098527
1729015200000,-0.000018028
1729018800000,-0.0000006887
1729022400000,-0.0000132287
1729026000000,-0.0000125196
1729029600000,-0.000013379
1729033200000,-0.0000103564
1729036800000,-0.000020233
1729040400000,0.0000125
1729044000000,0.0000125
1729047600000,0.0000125
1729051200000,0.0000125
1729054800000,0.0000125
1729058400000,0.0000125
1729062000000,0.0000125
1729065600000,0.0000125
1729069200000,0.0000125
1729072800000,0.0000125
1729076400000,0.0000125
1729080000000,0.0000125
1729083600000,0.0000125
1729087200000,0.0000125
1729090800000,0.0000125
1729094400000,0.0000125
1729098000000,0.0000125
1729101600000,0.0000125
1729105200000,0.0000125
1729108800000,0.0000125
1729112400000,0.0000125
1729116000000,0.0000125
1729119600000,0.0000125
1729123200000,0.0000125
1729126800000,0.0000125
1729130400000,0.0000125
1729134000000,0.0000125
1729137600000,0.0000125
1729141200000,0.0000125
1729144800000,0.0000091803
1729148400000,0.0000047609
1729152000000,0.0000027706
1729155600000,0.000004176
1729159200000,0.000008827
1729162800000,0.0000042084
1729166400000,0.0000033475
1729170000000,-0.0000036787
1729173600000,0.0000125
1729177200000,0.0000113873
1729180800000,0.0000125
1729184400000,0.0000125
1729188000000,0.0000125
1729191600000,0.0000052586
1729195200000,0.0000125
1729198800000,0.0000125
1729202400000,0.0000125
1729206000000,0.0000125
1729209600000,0.0000125
1729213200000,0.0000125
1729216800000,0.0000125
1729220400000,0.0000125
1729224000000,0.0000125
1729227600000,0.0000125
1729231200000,0.0000125
1729234800000,0.0000125
1729238400000,0.0000125
1729242000000,0.0000125
1729245600000,0.0000125
1729249200000,0.0000125
1729252800000,0.0000125
1729256400000,0.0000125
1729260000000,0.0000125
1729263600000,0.0000125
1729267200000,0.0000125
1729270800000,0.0000125
1729274400000,0.0000125
1729278000000,0.0000125
1729281600000,0.0000125
1729285200000,0.0000125
1729288800000,0.0000125
1729292400000,0.0000125
1729296000000,0.0000125
1729299600000,0.0000125
1729303200000,0.0000125
1729306800000,0.0000125
1729310400000,0.0000125
1729314000000,0.0000125
1729317600000,0.0000125
1729321200000,0.0000125
1729324800000,0.0000125
1729328400000,0.0000125
1729332000000,0.0000125
1729335600000,0.0000125
1729339200000,0.0000125
1729342800000,0.0000125
1729346400000,0.0000125
1729350000000,0.0000125
1729353600000,0.0000125
1729357200000,0.0000125
1729360800000,0.0000125
1729364400000,0.0000125
1729368000000,0.0000125
1729371600000,0.0000125
1729375200000,0.0000125
1729378800000,0.0000125
1729382400000,0.0000125
1729386000000,0.0000125
1729389600000,0.0000125
1729393200000,0.0000125
1729396800000,0.0000125
1729400400000,0.0000125
1729404000000,0.0000125
1729407600000,0.0000125
1729411200000,0.0000125
1729414800000,0.0000125
1729418400000,0.0000125
1729422000000,0.0000125
1729425600000,0.0000125
1729429200000,0.0000125
1729432800000,0.0000125
1729436400000,0.0000076064
1729440000000,0.0000107359
1729443600000,0.0000125
1729447200000,0.0000125
1729450800000,0.0000125
1729454400000,0.0000125
1729458000000,0.0000125
1729461600000,0.0000125
1729465200000,0.0000125
1729468800000,0.0000125
1729472400000,0.0000125
1729476000000,0.0000125
1729479600000,0.0000125
1729483200000,0.0000125
1729486800000,0.0000125
1729490400000,0.0000125
1729494000000,0.0000125
1729497600000,0.0000125
1729501200000,0.0000125
1729504800000,0.0000125
1729508400000,0.0000125
1729512000000,0.0000125
1729515600000,0.0000125
1729519200000,0.0000125
1729522800000,0.0000125
1729526400000,0.0000125
1729530000000,0.0000125
1729533600000,0.0000125
1729537200000,0.0000125
1729540800000,0.0000125
1729544400000,0.0000125
1729548000000,0.0000125
1729551600000,0.0000125
1729555200000,0.0000125
1729558800000,0.0000125
1729562400000,0.0000125
1729566000000,0.0000125
1729569600000,0.0000125
1729573200000,0.0000125
1729576800000,0.0000125
1729580400000,0.0000125
1729584000000,0.0000125
1729587600000,0.0000125
1729591200000,0.0000125
1729594800000,0.0000125
1729598400000,0.0000125
1729602000000,0.0000125
1729605600000,0.0000125
1729609200000,0.0000125
1729612800000,0.0000125
1729616400000,0.0000125
1729620000000,0.0000125
1729623600000,0.0000125
1729627200000,0.0000125
1729630800000,0.0000076687
1729634400000,0.0000007195
1729638000000,0.0000050007
1729641600000,0.0000125
1729645200000,0.0000125
1729648800000,0.0000125
1729652400000,0.0000125
1729656000000,0.0000097828
1729659600000,0.0000109268
1729663200000,0.0000114097
1729666800000,0.0000124604
1729670400000,0.0000120882
1729674000000,0.0000125
1729677600000,0.0000125
1729681200000,0.0000125
1729684800000,0.0000125
1729688400000,0.0000125
1729692000000,0.0000125
1729695600000,0.0000125
1729699200000,0.0000125
1729702800000,0.0000125
1729706400000,0.0000125
1729710000000,0.0000125
1729713600000,0.0000125
1729717200000,0.0000125
1729720800000,0.0000125
1729724400000,0.0000125
1729728000000,0.0000125
1729731600000,0.0000125
1729735200000,0.0000125
1729738800000,0.0000125
1729742400000,0.0000125
1729746000000,0.0000125
1729749600000,0.0000125
1729753200000,0.0000125
1729756800000,0.0000125
1729760400000,0.0000125
1729764000000,0.0000125
1729767600000,0.0000125
1729771200000,0.0000125
1729774800000,0.0000125
1729778400000,0.0000125
1729782000000,0.0000125
1729785600000,0.0000125
1729789200000,0.0000125
1729792800000,0.0000125
1729796400000,0.0000125
1729800000000,0.0000125
1729803600000,0.0000125
1729807200000,0.0000125
1729810800000,0.0000125
1729814400000,0.0000125
1729818000000,0.0000125
1729821600000,0.0000091249
1729825200000,0.0000070208
1729828800000,0.0000125
1729832400000,0.0000007547
1729836000000,0.0000072833
1729839600000,-0.0000092704
1729843200000,-0.0000113335
1729846800000,0.0000038271
1729850400000,0.0000125
1729854000000,0.0000125
1729857600000,0.0000125
1729861200000,0.0000125
1729864800000,0.0000125
1729868400000,0.0000125
1729872000000,0.0000125
1729875600000,0.0000125
1729879200000,0.0000125
1729882800000,0.0000125
1729886400000,0.0000125
1729890000000,0.0000125
1729893600000,0.0000125
1729897200000,0.0000125
1729900800000,0.0000125
1729904400000,0.0000125
1729908000000,0.0000125
1729911600000,0.0000125
1729915200000,0.0000125
1729918800000,0.0000125
1729922400000,0.0000125
1729926000000,0.0000125
1729929600000,0.0000125
1729933200000,0.0000125
1729936800000,0.0000125
1729940400000,0.0000125
1729944000000,0.0000125
1729947600000,0.0000125
1729951200000,0.0000125
1729954800000,0.0000125
1729958400000,0.0000125
1729962000000,0.0000125
1729965600000,0.0000125
1729969200000,0.0000125
1729972800000,0.0000125
1729976400000,0.0000125
1729980000000,0.0000125
1729983600000,0.0000125
1729987200000,0.0000125
1729990800000,0.0000125
1729994400000,0.0000125
1729998000000,0.0000125
1730001600000,0.0000125
1730005200000,0.0000125
1730008800000,0.0000125
1730012400000,0.0000125
1730016000000,0.0000125
1730019600000,0.0000125
1730023200000,0.0000125
1730026800000,0.0000125
1730030400000,0.0000125
1730034000000,0.0000125
1730037600000,0.0000125
1730041200000,0.0000125
1730044800000,0.0000125
1730048400000,0.0000125
1730052000000,0.0000125
1730055600000,0.0000125
1730059200000,0.0000125
1730062800000,0.0000125
1730066400000,0.0000125
1730070000000,0.0000125
1730073600000,0.0000125
1730077200000,0.0000125
1730080800000,0.0000125
1730084400000,0.0000125
1730088000000,0.0000125
1730091600000,0.0000113451
1730095200000,0.0000116874
1730098800000,0.0000072009
1730102400000,0.0000125
1730106000000,0.0000125
1730109600000,0.0000125
1730113200000,0.0000125
1730116800000,0.0000125
1730120400000,0.0000125
1730124000000,0.0000125
1730127600000,0.0000125
1730131200000,0.0000125
1730134800000,0.0000125
1730138400000,0.0000125
1730142000000,0.0000125
1730145600000,0.0000125
1730149200000,0.0000125
1730152800000,0.0000125
1730156400000,0.0000125
1730160000000,0.0000125
1730163600000,0.0000125
1730167200000,0.0000125
1730170800000,0.0000125
1730174400000,0.0000125
1730178000000,0.0000125
1730181600000,0.0000125
1730185200000,0.0000125
1730188800000,0.0000125
1730192400000,0.0000125
1730196000000,0.0000125
1730199600000,0.0000125
1730203200000,0.0000125
1730206800000,0.0000125
1730210400000,0.0000125
1730214000000,0.0000125
1730217600000,0.0000125
1730221200000,0.0000125
1730224800000,0.0000125
1730228400000,0.0000125
1730232000000,0.0000125
1730235600000,0.0000125
1730239200000,0.0000125
1730242800000,0.0000125
1730246400000,0.0000139091
1730250000000,0.0000125
1730253600000,0.0000125
1730257200000,0.000014218
1730260800000,0.0000125
1730264400000,0.0000199585
1730268000000,0.0000170822
1730271600000,0.0000232283
1730275200000,0.0000162656
1730278800000,0.0000125
1730282400000,0.0000125
1730286000000,0.0000125
1730289600000,0.0000125
1730293200000,0.0000125
1730296800000,0.0000125
1730300400000,0.0000188299
1730304000000,0.0000125
1730307600000,0.0000125
1730311200000,0.0000125
1730314800000,0.0000125
1730318400000,0.0000129511
1730322000000,0.0000125
1730325600000,0.0000125
1730329200000,0.0000125
1730332800000,0.0000125
1730336400000,0.0000125
1730340000000,0.0000125
1730343600000,0.0000125
1730347200000,0.0000125
1730350800000,0.0000125
1730354400000,0.0000125
1730358000000,0.0000125
1730361600000,0.0000125
1730365200000,0.0000125
1730368800000,0.0000125
1730372400000,0.0000125
1730376000000,0.0000125
1730379600000,0.0000125
1730383200000,0.0000125
1730386800000,0.0000125
1730390400000,0.0000125
1730394000000,0.0000125
1730397600000,0.0000125
1730401200000,0.0000125
1730404800000,0.0000125
1730408400000,0.0000125
1730412000000,0.0000125
1730415600000,0.0000125
1730419200000,0.0000125
1730422800000,0.0000125
1730426400000,0.0000125
1730430000000,0.0000125
1730433600000,0.0000125
1730437200000,0.0000125
1730440800000,0.0000125
1730444400000,0.0000125
1730448000000,0.0000125
1730451600000,0.0000125
1730455200000,0.0000125
1730458800000,0.0000125
1730462400000,0.0000125
1730466000000,0.0000125
1730469600000,0.0000125
1730473200000,0.0000125
1730476800000,0.0000125
1730480400000,0.0000125
1730484000000,0.0000125
1730487600000,0.0000125
1730491200000,0.0000125
1730494800000,0.0000125
1730498400000,0.0000125
1730502000000,0.0000125
1730505600000,0.0000125
1730509200000,0.0000125
1730512800000,0.0000125
1730516400000,0.0000125
1730520000000,0.0000125
1730523600000,0.0000125
1730527200000,0.0000125
1730530800000,0.0000125
1730534400000,0.0000125
1730538000000,0.0000125
1730541600000,0.0000125
1730545200000,0.0000125
1730548800000,0.0000125
1730552400000,0.0000125
1730556000000,0.0000105928
1730559600000,0.0000062867
1730563200000,0.0000125
1730566800000,0.0000125
1730570400000,0.0000125
1730574000000,0.0000125
1730577600000,0.0000125
1730581200000,0.0000125
1730584800000,0.0000125
1730588400000,0.0000125
1730592000000,0.0000125
1730595600000,0.0000125
1730599200000,-0.00000698
1730602800000,-0.0000064639
1730606400000,0.0000105951
1730610000000,0.0000085169
1730613600000,0.0000049356
1730617200000,0.0000125
1730620800000,0.0000125
1730624400000,0.0000087807
1730628000000,0.0000123622
1730631600000,0.0000125
1730635200000,0.000011089
1730638800000,0.0000107882
1730642400000,0.0000040106
1730646000000,-0.0000077898
1730649600000,-0.0000038222
1730653200000,0.0000060536
1730656800000,0.0000001528
1730660400000,0.0000022611
1730664000000,0.0000125
1730667600000,0.0000080135
1730671200000,0.0000083766
1730674800000,-0.0000008374
1730678400000,-0.0000058902
1730682000000,-0.000001158
1730685600000,-0.0000052197
1730689200000,0.000002976
1730692800000,0.0000094451
1730696400000,0.0000051274
1730700000000,-0.0000020012
1730703600000,0.0000028887
1730707200000,0.0000074125
1730710800000,0.0000005264
1730714400000,-0.0000011737
1730718000000,0.0000027788
1730721600000,0.0000038197
1730725200000,-0.0000039488
1730728800000,0.00000941
1730732400000,0.0000051697
1730736000000,0.000005352
1730739600000,0.0000014818
1730743200000,0.000011427
1730746800000,0.0000027971
1730750400000,-0.0000067993
1730754000000,-0.0000040479
1730757600000,-0.0000179315
1730761200000,-0.0000120505
1730764800000,-0.0000244831
1730768400000,-0.0000154921
1730772000000,-0.0000098132
1730775600000,0.0000014929
1730779200000,0.0000125
1730782800000,0.0000125
1730786400000,0.0000125
1730790000000,0.0000125
1730793600000,0.0000125
1730797200000,0.0000125
1730800800000,0.0000125
1730804400000,0.0000125
1730808000000,0.0000125
1730811600000,0.0000125
1730815200000,0.0000125
1730818800000,0.0000125
1730822400000,0.0000125
1730826000000,0.0000125
1730829600000,0.0000125
1730833200000,0.0000125
1730836800000,0.0000125
1730840400000,0.0000125
1730844000000,0.0000125
1730847600000,0.0000125
1730851200000,0.0000125
1730854800000,0.0000125
1730858400000,0.0000125
1730862000000,0.0000198987
1730865600000,0.000073129
1730869200000,0.0000695768
1730872800000,0.0000607116
1730876400000,0.0000597247
1730880000000,0.0000481423
1730883600000,0.0000568362
1730887200000,0.0000645654
1730890800000,0.0000613603
1730894400000,0.0000610878
1730898000000,0.0000614482
1730901600000,0.0000672873
1730905200000,0.0000695463
1730908800000,0.0000589006
1730912400000,0.0000440312
1730916000000,0.0000545394
1730919600000,0.00008585
1730923200000,0.0000820027
1730926800000,0.0000954136
1730930400000,0.0000882308
1730934000000,0.0001128549
1730937600000,0.0000766468
1730941200000,0.0000525154
1730944800000,0.0000783952
1730948400000,0.0001087187
1730952000000,0.0000781524
1730955600000,0.0000357964
1730959200000,0.0000705774
1730962800000,0.0000473063
1730966400000,0.0000591914
1730970000000,0.0000390725
1730973600000,0.0000418115
1730977200000,0.0000168085
1730980800000,0.0000125
1730984400000,0.0000187867
1730988000000,0.0000196076
1730991600000,0.000019167
1730995200000,0.00005405
1730998800000,0.0000312492
1731002400000,0.0000463498
1731006000000,0.0000175164
1731009600000,0.0000274898
1731013200000,0.0000499232
1731016800000,0.0000624006
1731020400000,0.0000377647
1731024000000,0.0000498945
1731027600000,0.0000372372
1731031200000,0.0000332587
1731034800000,0.0000125
1731038400000,0.0000158043
1731042000000,0.0000387809
1731045600000,0.0000453303
1731049200000,0.0000125
1731052800000,0.0000360062
1731056400000,0.0000276643
1731060000000,0.0000377985
1731063600000,0.0000368772
1731067200000,0.0000431933
1731070800000,0.0000507456
1731074400000,0.0000556189
1731078000000,0.0000552908
1731081600000,0.0000490718
1731085200000,0.0000151844
1731088800000,0.0000125
1731092400000,0.0000250546
1731096000000,0.0000140192
1731099600000,0.0000125
1731103200000,0.0000125
1731106800000,0.0000125
1731110400000,0.0000125
1731114000000,0.0000200877
1731117600000,0.0000125
1731121200000,0.0000295902
1731124800000,0.00002333
1731128400000,0.0000305425
1731132000000,0.0000605983
1731135600000,0.0000544388
1731139200000,0.0000751393
1731142800000,0.0000513026
1731146400000,0.0000662697
1731150000000,0.0000717131
1731153600000,0.0000697357
1731157200000,0.0000598024
1731160800000,0.0000540154
1731164400000,0.0000429173
1731168000000,0.0000306671
1731171600000,0.0000210854
1731175200000,0.0000279879
1731178800000,0.0000459651
1731182400000,0.0000394704
1731186000000,0.0000638083
1731189600000,0.000057248
1731193200000,0.0000209524
1731196800000,0.0000427325
1731200400000,0.0000425488
1731204000000,0.0000319063
1731207600000,0.0000649743
1731211200000,0.0000503066
1731214800000,0.0000570978
1731218400000,0.0000669979
1731222000000,0.0000660711
1731225600000,0.0000481424
1731229200000,0.000022151
1731232800000,0.0000385234
1731236400000,0.0000572419
1731240000000,0.0000503184
1731243600000,0.0000563693
1731247200000,0.0000631607
1731250800000,0.0000560647
1731254400000,0.0000452375
1731258000000,0.0000428368
1731261600000,0.0000454507
1731265200000,0.0000634301
1731268800000,0.0000177936
1731272400000,0.0000353732
1731276000000,0.0000782687
1731279600000,0.0000752506
1731283200000,0.0000700278
1731286800000,0.0000852812
1731290400000,0.000106689
1731294000000,0.0001017076
1731297600000,0.0000632838
1731301200000,0.0000723257
1731304800000,0.0000655027
1731308400000,0.0000404069
1731312000000,0.0000630838
1731315600000,0.0000496187
1731319200000,0.0000652838
1731322800000,0.000084836
1731326400000,0.0000850673
1731330000000,0.0000751779
1731333600000,0.00004105
1731337200000,0.0000547083
1731340800000,0.0000717188
1731344400000,0.0000773251
1731348000000,0.0000818244
1731351600000,0.0001084922
1731355200000,0.0000820202
1731358800000,0.0001281564
1731362400000,0.000072425
1731366000000,0.0000526072
1731369600000,0.0000865608
1731373200000,0.000098687
1731376800000,0.0001027604
1731380400000,0.0000899118
1731384000000,0.0000717826
1731387600000,0.0001001405
1731391200000,0.0000991743
1731394800000,0.0001029879
1731398400000,0.000084868
1731402000000,0.0000964506
1731405600000,0.0001199081
1731409200000,0.0000857939
1731412800000,0.000088537
1731416400000,0.000060156
1731420000000,0.0000778153
1731423600000,0.0001209218
1731427200000,0.0000728141
1731430800000,0.0000518524
1731434400000,0.0000690746
1731438000000,0.0000640934
1731441600000,0.00006733
1731445200000,0.0000532032
1731448800000,0.0000140068
1731452400000,0.0000377225
1731456000000,0.0000306231
1731459600000,0.0000291862
1731463200000,0.0000191187
1731466800000,0.0000125
1731470400000,0.0000149691
1731474000000,0.0000126435
1731477600000,0.0000125
1731481200000,0.0000125
1731484800000,0.0000125
1731488400000,0.0000125
1731492000000,0.0000125
1731495600000,0.0000125
1731499200000,0.0000176814
1731502800000,0.0000125
1731506400000,0.0000157006
1731510000000,0.0000479327
1731513600000,0.000061602
1731517200000,0.0000464706
1731520800000,0.0000375978
1731524400000,0.0000502647
1731528000000,0.0000252585
1731531600000,0.0000277502
1731535200000,0.00002327
1731538800000,0.0000739475
1731542400000,0.0000802726
1731546000000,0.0000574853
1731549600000,0.0000562144
1731553200000,0.0000797726
1731556800000,0.0000636378
1731560400000,0.0000806609
1731564000000,0.0000860916
1731567600000,0.000081268
1731571200000,0.0000859317
1731574800000,0.000077667
1731578400000,0.0000780382
1731582000000,0.0000912259
1731585600000,0.0000699137
1731589200000,0.0000661522
1731592800000,0.0000564237
1731596400000,0.0000339084
1731600000000,0.000032207
1731603600000,0.0000695326
1731607200000,0.0000392767
1731610800000,0.0000334655
1731614400000,0.0000186273
1731618000000,0.0000170553
1731621600000,0.0000287585
1731625200000,0.0000180826
1731628800000,0.0000189531
1731632400000,0.0000385826
1731636000000,0.0000125
1731639600000,0.0000334064
1731643200000,0.0000307505
1731646800000,0.0000125
1731650400000,0.0000125
1731654000000,0.0000270487
1731657600000,0.0000125
1731661200000,0.0000125
1731664800000,0.0000125
1731668400000,0.0000128847
1731672000000,0.0000131296
1731675600000,0.0000593114
1731679200000,0.0000279624
1731682800000,0.0000125
1731686400000,0.0000125
1731690000000,0.0000125
1731693600000,0.0000125
1731697200000,0.0000125
1731700800000,0.0000125
1731704400000,0.0000602223
1731708000000,0.0000617852
1731711600000,0.0000399404
1731715200000,0.0000192184
1731718800000,0.0000125
1731722400000,0.0000125
1731726000000,0.0000125
1731729600000,0.0000298225
1731733200000,0.0000654635
1731736800000,0.0000308314
1731740400000,0.0000444494
1731744000000,0.0000360997
1731747600000,0.0000223029
1731751200000,0.0000300027
1731754800000,0.0000380408
1731758400000,0.0000125
1731762000000,0.0001313403
1731765600000,0.0000995331
1731769200000,0.000073563
1731772800000,0.000074063
1731776400000,0.0000546497
1731780000000,0.0000719049
1731783600000,0.0000893753
1731787200000,0.0000841356
1731790800000,0.0000515768
1731794400000,0.0000630397
1731798000000,0.0000490904
1731801600000,0.0000125
1731805200000,0.0000125
1731808800000,0.0000125
1731812400000,0.0000125
1731816000000,0.0000125
1731819600000,0.0000125
1731823200000,0.0000125
1731826800000,0.0000125
1731830400000,0.0000226351
1731834000000,0.000021777
1731837600000,0.0000212121
1731841200000,0.0000125
1731844800000,0.000017301
1731848400000,0.0000125
1731852000000,0.0000262693
1731855600000,0.0000243205
1731859200000,0.0000279336
1731862800000,0.0000125
1731866400000,0.0000125
1731870000000,0.0000175116
1731873600000,0.0000125
1731877200000,0.0000168309
1731880800000,0.0000241266
1731884400000,0.000017219
1731888000000,0.0000431213
1731891600000,0.0000378384
1731895200000,0.0000383325
1731898800000,0.0000395109
1731902400000,0.0000489607
1731906000000,0.0000494646
1731909600000,0.0000799396
1731913200000,0.0000940416
1731916800000,0.0000929903
1731920400000,0.0000726158
1731924000000,0.0000586633
1731927600000,0.0000634037
1731931200000,0.000050188
1731934800000,0.0000400115
1731938400000,0.0000436466
1731942000000,0.0000673308
1731945600000,0.0000729752
1731949200000,0.0000895939
1731952800000,0.0001068987
1731956400000,0.0001048449
1731960000000,0.0000687426
1731963600000,0.0001049442
1731967200000,0.0001063657
1731970800000,0.0001134975
1731974400000,0.0000978419
1731978000000,0.0000876174
1731981600000,0.0001055028
1731985200000,0.0001014153
1731988800000,0.0000969113
1731992400000,0.0000772303
1731996000000,0.0000778359
1731999600000,0.0000743165
1732003200000,0.000062101
1732006800000,0.0000420318
1732010400000,0.0000149719
1732014000000,0.0000256653
1732017600000,0.0000438031
1732021200000,0.0000569625
1732024800000,0.000059196
1732028400000,0.0000549402
1732032000000,0.0000679945
1732035600000,0.0000745573
1732039200000,0.0000891394
1732042800000,0.0000947494
1732046400000,0.0000888319
1732050000000,0.0000550387
1732053600000,0.0000280234
1732057200000,0.0000202393
1732060800000,0.00005673
1732064400000,0.0000398409
1732068000000,0.0000458428
1732071600000,0.000038196
1732075200000,0.000029999
1732078800000,0.0000300332
1732082400000,0.0000329232
1732086000000,0.0000406187
1732089600000,0.0000430275
1732093200000,0.0000475518
1732096800000,0.0000517733
1732100400000,0.0000370955
1732104000000,0.0000246689
1732107600000,0.0000246013
1732111200000,0.0000378334
1732114800000,0.0000208445
1732118400000,0.0000157127
1732122000000,0.0000141203
1732125600000,0.0000299423
1732129200000,0.0000444194
1732132800000,0.0000367415
1732136400000,0.0000573745
1732140000000,0.0000588636
1732143600000,0.0000458019
1732147200000,0.0000166053
1732150800000,0.0000336464
1732154400000,0.000030075
1732158000000,0.0000142656
1732161600000,0.0000163407
1732165200000,0.0000433547
1732168800000,0.0000497932
1732172400000,0.0000319465
1732176000000,0.0000436125
1732179600000,0.0000332829
1732183200000,0.0000125
1732186800000,0.0000125
1732190400000,0.0000125
1732194000000,0.000046834
1732197600000,0.0000332097
1732201200000,0.0000523115
1732204800000,0.0000467249
1732208400000,0.0000662015
1732212000000,0.0000709394
1732215600000,0.0000558967
1732219200000,0.0000579794
1732222800000,0.0000618777
1732226400000,0.0000585923
1732230000000,0.0000698487
1732233600000,0.0000653676
1732237200000,0.0000378785
1732240800000,0.0000448331
1732244400000,0.0000544993
1732248000000,0.0000900439
1732251600000,0.0000984905
1732255200000,0.0000944511
1732258800000,0.000067857
1732262400000,0.0000884228
1732266000000,0.0000928392
1732269600000,0.0001257697
1732273200000,0.0000857791
1732276800000,0.000104094
1732280400000,0.0001135717
1732284000000,0.000057007
1732287600000,0.0000572976
1732291200000,0.0000738482
1732294800000,0.000069684
1732298400000,0.0000667962
1732302000000,0.0000370702
1732305600000,0.0000474476
1732309200000,0.000054933
1732312800000,0.0000478678
1732316400000,0.0000706613
1732320000000,0.0000659789
1732323600000,0.0000924724
1732327200000,0.0000918726
1732330800000,0.0000652649
1732334400000,0.0000419997
1732338000000,0.0000608793
1732341600000,0.0000625985
1732345200000,0.0000808425
1732348800000,0.0000632902
1732352400000,0.0000647677
1732356000000,0.000077274
1732359600000,0.0000704548
1732363200000,0.0000621238
1732366800000,0.0000674368
1732370400000,0.0000787507
1732374000000,0.0000886217
1732377600000,0.0000721038
1732381200000,0.0000545217
1732384800000,0.0000700943
1732388400000,0.0000722549
1732392000000,0.0000663604
1732395600000,0.000048232
1732399200000,0.0000726173
1732402800000,0.000061675
1732406400000,0.000048555
1732410000000,0.0000526294
1732413600000,0.0000612679
1732417200000,0.0000674151
1732420800000,0.0000588392
1732424400000,0.0000464286
1732428000000,0.000059178
1732431600000,0.0000496398
1732435200000,0.0000616213
1732438800000,0.0000370327
1732442400000,0.0000539263
1732446000000,0.000065815
1732449600000,0.000035845
1732453200000,0.0000125
1732456800000,0.0000278948
1732460400000,0.0000230322
1732464000000,0.0000156737
1732467600000,0.0000359196
1732471200000,0.0000539305
1732474800000,0.000054884
1732478400000,0.0000418089
1732482000000,0.000062992
1732485600000,0.0000431572
1732489200000,0.0000633515
1732492800000,0.0000588705
1732496400000,0.000031605
1732500000000,0.0000311043
1732503600000,0.0000593589
1732507200000,0.0000410799
1732510800000,0.0000420722
1732514400000,0.0000492649
1732518000000,0.0000431694
1732521600000,0.0000445323
1732525200000,0.0000471966
1732528800000,0.0000580002
1732532400000,0.0000636534
1732536000000,0.0000653213
1732539600000,0.000057157
1732543200000,0.000045364
1732546800000,0.0000349266
1732550400000,0.000039092
1732554000000,0.0000357894
1732557600000,0.000031993
1732561200000,0.0000997209
1732564800000,0.000101924
1732568400000,0.0000834366
1732572000000,0.0000619797
1732575600000,0.0000666324
1732579200000,0.0000570346
1732582800000,0.0000459448
1732586400000,0.000050917
1732590000000,0.0000330679
1732593600000,0.000027398
1732597200000,0.0000344296
1732600800000,0.0000338618
1732604400000,0.0000189347
1732608000000,0.0000349032
1732611600000,0.0000386954
1732615200000,0.0000451316
1732618800000,0.0000364593
1732622400000,0.0000537329
1732626000000,0.0000335392
1732629600000,0.0000443223
1732633200000,0.0000460843
1732636800000,0.0000330965
1732640400000,0.0000415177
1732644000000,0.0000301792
1732647600000,0.0000227526
1732651200000,0.000052101
1732654800000,0.0000762119
1732658400000,0.0000951269
1732662000000,0.0000945558
1732665600000,0.0000814694
1732669200000,0.0000540634
1732672800000,0.0000819613
1732676400000,0.0000578231
1732680000000,0.000082924
1732683600000,0.0000575021
1732687200000,0.0000706643
1732690800000,0.0000715307
1732694400000,0.0000772455
1732698000000,0.0000481882
1732701600000,0.0000415032
1732705200000,0.0000538706
1732708800000,0.0000596964
1732712400000,0.0000520973
1732716000000,0.0000689003
1732719600000,0.0000485987
1732723200000,0.0000525831
1732726800000,0.0000507208
1732730400000,0.0000543375
1732734000000,0.0000569539
1732737600000,0.0000615258
1732741200000,0.0000633837
1732744800000,0.0000528598
1732748400000,0.0000480922
1732752000000,0.0000451644
1732755600000,0.0000440607
1732759200000,0.000045133
1732762800000,0.0000511546
1732766400000,0.0000125
1732770000000,0.0000125
1732773600000,0.0000125
1732777200000,0.0000125
1732780800000,0.0000196883
1732784400000,0.0000125
1732788000000,0.0000156438
1732791600000,0.0000336042
1732795200000,0.0000290718
1732798800000,0.000031055
1732802400000,0.0000283739
1732806000000,0.0000302087
1732809600000,0.0000194709
1732813200000,0.0000137283
1732816800000,0.0000248964
1732820400000,0.0000345692
1732824000000,0.0000322822
1732827600000,0.0000264446
1732831200000,0.0000192365
1732834800000,0.0000273657
1732838400000,0.0000337981
1732842000000,0.0000349198
1732845600000,0.0000125
1732849200000,0.0000125
1732852800000,0.0000125
1732856400000,0.0000125
1732860000000,0.0000125
1732863600000,0.000013009
1732867200000,0.0000408572
1732870800000,0.0000270283
1732874400000,0.0000314039
1732878000000,0.0000410059
1732881600000,0.0000472687
1732885200000,0.00003379
1732888800000,0.0000405426
1732892400000,0.0000550671
1732896000000,0.0000694672
1732899600000,0.000043839
1732903200000,0.0000549406
1732906800000,0.0000664852
1732910400000,0.0000821217
1732914000000,0.0000942327
1732917600000,0.0000655204
1732921200000,0.0000635313
1732924800000,0.0000757718
1732928400000,0.0000840576
1732932000000,0.0000767702
1732935600000,0.0000928262
1732939200000,0.0001033281
1732942800000,0.0000997777
1732946400000,0.0001051174
1732950000000,0.000107083
1732953600000,0.0000671488
1732957200000,0.00007901
1732960800000,0.0000859382
1732964400000,0.000087407
1732968000000,0.0000892269
1732971600000,0.0000948041
1732975200000,0.0000602352
1732978800000,0.0000860761
1732982400000,0.0000774559
1732986000000,0.0000723791
1732989600000,0.000071286
1732993200000,0.0000691973
1732996800000,0.0000741506
1733000400000,0.0000507199
1733004000000,0.0000648915
1733007600000,0.0000602891
1733011200000,0.0000494676
1733014800000,0.0000394576
1733018400000,0.0000273846
1733022000000,0.0000150558
1733025600000,0.0000125
1733029200000,0.0000125
1733032800000,0.0000125
1733036400000,0.0000149167
1733040000000,0.0000178064
1733043600000,0.0000142245
1733047200000,0.0000147437
1733050800000,0.0000125
1733054400000,0.0000295968
1733058000000,0.0000224542
1733061600000,0.0000288089
1733065200000,0.0000511348
1733068800000,0.0000716893
1733072400000,0.0001082133
1733076000000,0.0000817364
1733079600000,0.0000764565
1733083200000,0.0000563749
1733086800000,0.0000629715
1733090400000,0.0000897961
1733094000000,0.000093265
1733097600000,0.0000949624
1733101200000,0.0000651961
1733104800000,0.0000776041
1733108400000,0.0000896542
1733112000000,0.0000753928
1733115600000,0.0000125
1733119200000,0.0000266953
1733122800000,0.000029588
1733126400000,0.0000305012
1733130000000,0.0000125
1733133600000,0.0000125
1733137200000,0.0000125
1733140800000,0.0000125
1733144400000,0.0000187681
1733148000000,0.0000305339
1733151600000,0.0000692485
1733155200000,0.0000681365
1733158800000,0.0000552556
1733162400000,0.000026019
1733166000000,0.0000348872
1733169600000,0.0000332257
1733173200000,0.0000591349
1733176800000,0.0000501523
1733180400000,0.0000285783
1733184000000,0.000051946
1733187600000,0.0000531979
1733191200000,0.0000491579
1733194800000,0.0000472038
1733198400000,0.0000642716
1733202000000,0.0000628
1733205600000,0.0000571067
1733209200000,0.0000623595
1733212800000,0.0000577703
1733216400000,0.000036084
1733220000000,0.0000159629
1733223600000,0.0000290336
1733227200000,0.0000125
1733230800000,0.0000291567
1733234400000,0.0000260796
1733238000000,0.000044291
1733241600000,0.0000420059
1733245200000,0.0000282863
1733248800000,0.0000426046
1733252400000,0.0000497406
1733256000000,0.000041943
1733259600000,0.0000614223
1733263200000,0.0000724346
1733266800000,0.0000829193
1733270400000,0.0000652598
1733274000000,0.0000414453
1733277600000,0.0000927854
1733281200000,0.0000898543
1733284800000,0.0000961975
1733288400000,0.0000984885
1733292000000,0.0001342415
1733295600000,0.0000789158
1733299200000,0.0000740764
1733302800000,0.0000644504
1733306400000,0.0000713037
1733310000000,0.0000664428
1733313600000,0.0000706197
1733317200000,0.0000283949
1733320800000,0.0000264347
1733324400000,0.0000679916
1733328000000,0.0001153284
1733331600000,0.000063564
1733335200000,0.000059904
1733338800000,0.0000668691
1733342400000,0.0000915961
1733346000000,0.0000814549
1733349600000,0.0000648285
1733353200000,0.0000715792
1733356800000,0.0000661556
1733360400000,0.0000483222
1733364000000,0.0000384923
1733367600000,0.0001006676
1733371200000,0.0001339711
1733374800000,0.0001450189
1733378400000,0.0001290222
1733382000000,0.000138605
1733385600000,0.0001284122
1733389200000,0.0001349063
1733392800000,0.0001207583
1733396400000,0.0001272111
1733400000000,0.0000830126
1733403600000,0.0001188006
1733407200000,0.0001094082
1733410800000,0.0001295389
1733414400000,0.0001077037
1733418000000,0.0001005783
1733421600000,0.0001127026
1733425200000,0.0000839006
1733428800000,0.0000562092
1733432400000,0.0000582568
1733436000000,0.0000852628
1733439600000,0.0001013962
1733443200000,0.000106825
1733446800000,0.0001249169
1733450400000,0.0001376247
1733454000000,0.0001405584
1733457600000,0.00013237
1733461200000,0.0001239118
1733464800000,0.0001038018
1733468400000,0.0001298087
1733472000000,0.0001120024
1733475600000,0.0001077349
1733479200000,0.0000758625
1733482800000,0.0000574196
1733486400000,0.0000533108
1733490000000,0.0000456246
1733493600000,0.000073728
1733497200000,0.0001118937
1733500800000,0.0001156712
1733504400000,0.0001083856
1733508000000,0.0001304472
1733511600000,0.000110094
1733515200000,0.0000909773
1733518800000,0.0000474345
1733522400000,0.0000531919
1733526000000,0.0000780877
1733529600000,0.0000666554
1733533200000,0.0000683625
1733536800000,0.0000560229
1733540400000,0.0000555931
1733544000000,0.0000421191
1733547600000,0.0000618091
1733551200000,0.0000687224
1733554800000,0.0000670281
1733558400000,0.0000610418
1733562000000,0.0000638838
1733565600000,0.0000709761
1733569200000,0.0000527166
1733572800000,0.0000702285
1733576400000,0.0000692813
1733580000000,0.0000695322
1733583600000,0.0000807563
1733587200000,0.0000835598
1733590800000,0.0000708169
1733594400000,0.0000741278
1733598000000,0.0000796519
1733601600000,0.0000674107
1733605200000,0.0000783482
1733608800000,0.0000561366
1733612400000,0.0000429318
1733616000000,0.0000609809
1733619600000,0.000056025
1733623200000,0.0000660384
1733626800000,0.0000796066
1733630400000,0.000075145
1733634000000,0.0000654869
1733637600000,0.0000125
1733641200000,0.0000501167
1733644800000,0.0000529609
1733648400000,0.0000125
1733652000000,0.0000125
1733655600000,0.0000125
1733659200000,0.0000224629
1733662800000,0.000036523
1733666400000,0.0000454389
1733670000000,0.0000379359
1733673600000,0.0000273164
1733677200000,0.0000302041
1733680800000,0.0000125
1733684400000,0.0000125
1733688000000,0.0000322084
1733691600000,0.0000443084
1733695200000,0.0000266454
1733698800000,0.0000524442
1733702400000,0.0000714609
1733706000000,0.0000601815
1733709600000,0.0000283441
1733713200000,0.0000359101
1733716800000,0.0000237208
1733720400000,0.0000236672
1733724000000,0.0000404476
1733727600000,0.0000259022
1733731200000,0.0000234252
1733734800000,0.0000157441
1733738400000,0.0000226812
1733742000000,0.0000602731
1733745600000,0.0000475788
1733749200000,0.0000617363
1733752800000,0.0000850858
1733756400000,0.0000913401
1733760000000,0.000072108
1733763600000,0.0001214951
1733767200000,0.000106948
1733770800000,0.0000815463
1733774400000,0.0000125
1733778000000,0.0000125
1733781600000,0.0000323755
1733785200000,0.0000248398
1733788800000,0.0000480133
1733792400000,0.0000677929
1733796000000,0.0000480413
1733799600000,0.0000479359
1733803200000,0.0000125
1733806800000,0.0000387941
1733810400000,0.0000436597
1733814000000,0.0000499406
1733817600000,0.0000324784
1733821200000,0.0000319559
1733824800000,0.000023354
1733828400000,0.0000315301
1733832000000,0.0000125
1733835600000,0.0000125
1733839200000,0.0000125
1733842800000,0.0000220827
1733846400000,0.0000125
1733850000000,0.0000125
1733853600000,0.0000125
1733857200000,0.0000560175
1733860800000,0.0001066755
1733864400000,0.0000931493
1733868000000,0.0000468847
1733871600000,0.0000420624
1733875200000,0.0000517333
1733878800000,0.0000173168
1733882400000,0.0000125
1733886000000,0.0000125
1733889600000,0.0000232694
1733893200000,0.0000254023
1733896800000,0.0000523581
1733900400000,0.0000637777
1733904000000,0.0000382461
1733907600000,0.0000125
1733911200000,0.0000125
1733914800000,0.0000125
1733918400000,0.0000125
1733922000000,0.0000125
1733925600000,0.0000191363
1733929200000,0.0000259352
1733932800000,0.000022809
1733936400000,0.0000125
1733940000000,0.0000125
1733943600000,0.0000125
1733947200000,0.00002407
1733950800000,0.0000291057
1733954400000,0.0000260513
1733958000000,0.0000233284
1733961600000,0.0000133804
1733965200000,0.0000125
1733968800000,0.0000125
1733972400000,0.0000125
1733976000000,0.0000258224
1733979600000,0.0000585987
1733983200000,0.0000534423
1733986800000,0.0000435329
1733990400000,0.0000125
1733994000000,0.0000125
1733997600000,0.0000223842
1734001200000,0.0000135318
1734004800000,0.0000125
1734008400000,0.0000156137
1734012000000,0.0000575216
1734015600000,0.0000480689
1734019200000,0.0000571229
1734022800000,0.00004199
1734026400000,0.0000430448
1734030000000,0.0000299346
1734033600000,0.0000125
1734037200000,0.0000136185
1734040800000,0.0000125
1734044400000,0.0000496124
1734048000000,0.0000516376
1734051600000,0.0000564369
1734055200000,0.0000335311
1734058800000,0.0000824721
1734062400000,0.0000696957
1734066000000,0.000050378
1734069600000,0.0000256198
1734073200000,0.0000125
1734076800000,0.0000125
1734080400000,0.0000125
1734084000000,0.0000125
1734087600000,0.0000125655
1734091200000,0.0000456343
1734094800000,0.0000343673
1734098400000,0.0000242732
1734102000000,0.0000448348
1734105600000,0.0000272151
1734109200000,0.0000290545
1734112800000,0.0000515772
1734116400000,0.0000200626
1734120000000,0.0000142825
1734123600000,0.0000133117
1734127200000,0.0000125
1734130800000,0.0000125
1734134400000,0.0000247876
1734138000000,0.0000125
1734141600000,0.0000266824
1734145200000,0.0000125
1734148800000,0.0000171477
1734152400000,0.0000125
1734156000000,0.0000125
1734159600000,0.0000241336
1734163200000,0.0000125
1734166800000,0.0000135192
1734170400000,0.0000125
1734174000000,0.0000125
1734177600000,0.0000125
1734181200000,0.0000125
1734184800000,0.0000125
1734188400000,0.0000125
1734192000000,0.0000125
1734195600000,0.0000125
1734199200000,0.0000125
1734202800000,0.0000125
1734206400000,0.0000125
1734210000000,0.0000125
1734213600000,0.0000125
1734217200000,0.0000125
1734220800000,0.0000125
1734224400000,0.0000125
1734228000000,0.0000125
1734231600000,0.0000125
1734235200000,0.0000125
1734238800000,0.0000125
1734242400000,0.0000359094
1734246000000,0.0000218131
1734249600000,0.0000125
1734253200000,0.0000125
1734256800000,0.0000125
1734260400000,0.0000125
1734264000000,0.0000125
1734267600000,0.0000125
1734271200000,0.0000125
1734274800000,0.0000416653
1734278400000,0.0000804885
1734282000000,0.00011571
1734285600000,0.0001634789
1734289200000,0.0001111833
1734292800000,0.0000992243
1734296400000,0.0000862014
1734300000000,0.0000505286
1734303600000,0.0001121601
1734307200000,0.0001673609
1734310800000,0.0002032774
1734314400000,0.0001798858
1734318000000,0.0000799983
1734321600000,0.000050775
1734325200000,0.0000383606
1734328800000,0.0000514579
1734332400000,0.0000277398
1734336000000,0.0000459884
1734339600000,0.0000322154
1734343200000,0.0000125
1734346800000,0.0000125
1734350400000,0.0000125
1734354000000,0.0000125
1734357600000,0.0000296096
1734361200000,0.0000836807
1734364800000,0.0001287499
1734368400000,0.0001354953
1734372000000,0.0001443718
1734375600000,0.0002358186
1734379200000,0.0000663231
1734382800000,0.0000530137
1734386400000,0.0000511618
1734390000000,0.0000437729
1734393600000,0.0000299631
1734397200000,0.0000147555
1734400800000,0.000015238
1734404400000,0.000061551
1734408000000,0.0001185614
1734411600000,0.0000397162
1734415200000,0.000052791
1734418800000,0.0000454049
1734422400000,0.0000533556
1734426000000,0.0000395388
1734429600000,0.0000329365
1734433200000,0.0000236191
1734436800000,0.0000374895
1734440400000,0.000029285
1734444000000,0.0000356686
1734447600000,0.0000377338
1734451200000,0.0000125
1734454800000,0.0000218638
1734458400000,0.0000874759
1734462000000,0.0000734415
1734465600000,0.0000223193
1734469200000,0.0000125
1734472800000,0.0000125
1734476400000,0.0000125
1734480000000,0.0000125
1734483600000,0.0000125
1734487200000,0.0000125
1734490800000,0.0000125
1734494400000,0.0000125
1734498000000,0.0000125
1734501600000,0.0000125
1734505200000,0.0000125
1734508800000,0.0000125
1734512400000,0.0000125
1734516000000,0.0000567703
1734519600000,0.0000794403
1734523200000,0.000084939
1734526800000,0.0000649514
1734530400000,0.0000539774
1734534000000,0.0000386926
1734537600000,0.0000245605
1734541200000,0.0000571901
1734544800000,0.0000568608
1734548400000,0.0000530494
1734552000000,0.0000249087
1734555600000,0.0000125
1734559200000,0.0000287298
1734562800000,0.0000125
1734566400000,0.0000125
1734570000000,0.0000125
1734573600000,0.0000125
1734577200000,0.0000125
1734580800000,0.0000138849
1734584400000,0.0000390153
1734588000000,0.0000536961
1734591600000,0.0000465973
1734595200000,0.0000516593
1734598800000,0.0000184982
1734602400000,0.0000171837
1734606000000,0.0000172607
1734609600000,0.0000259609
1734613200000,0.0000125
1734616800000,0.0000125
1734620400000,0.0000125
1734624000000,0.0000125
1734627600000,0.0000125
1734631200000,-0.0000179511
1734634800000,0.0000053728
1734638400000,0.0000125
1734642000000,0.0000125
1734645600000,0.0000125
1734649200000,0.000007198
1734652800000,0.0000036212
1734656400000,-0.0000025425
1734660000000,0.0000077581
1734663600000,-0.0000005779
1734667200000,0.0000112917
1734670800000,0.0000125
1734674400000,0.0000005241
1734678000000,-0.0000168242
1734681600000,0.0000045175
1734685200000,-0.0000066512
1734688800000,-0.0000003376
1734692400000,0.0000083982
1734696000000,0.0000125
1734699600000,0.0000125
1734703200000,0.0000125
1734706800000,0.0000125
1734710400000,0.0000125
1734714000000,0.0000125
1734717600000,0.0000125
1734721200000,0.0000125
1734724800000,0.0000075231
1734728400000,-0.0000049353
1734732000000,0.0000051563
1734735600000,0.0000030312
1734739200000,0.0000125
1734742800000,-0.0000026189
1734746400000,0.0000078636
1734750000000,0.0000077025
1734753600000,0.0000121174
1734757200000,0.0000060767
1734760800000,0.0000011515
1734764400000,0.0000040476
1734768000000,0.0000068888
1734771600000,0.0000021771
1734775200000,-0.0000099362
1734778800000,-0.0000081306
1734782400000,-0.0000234397
1734786000000,-0.0000289497
1734789600000,-0.0000186158
1734793200000,-0.0000162931
1734796800000,0.0000081149
1734800400000,0.0000125
1734804000000,0.0000075902
1734807600000,0.0000100691
1734811200000,-0.0000061715
1734814800000,0.0000125
1734818400000,0.0000097354
1734822000000,0.0000125
1734825600000,0.0000125
1734829200000,0.0000125
1734832800000,0.0000125
1734836400000,0.0000125
1734840000000,0.0000125
1734843600000,0.0000125
1734847200000,0.0000125
1734850800000,0.0000125
1734854400000,0.0000125
1734858000000,0.0000125
1734861600000,0.0000125
1734865200000,0.0000125
1734868800000,0.0000125
1734872400000,0.0000125
1734876000000,0.000003637
1734879600000,-0.0000262272
1734883200000,-0.0000124009
1734886800000,0.0000061542
1734890400000,-0.0000006457
1734894000000,0.0000091415
1734897600000,0.0000016713
1734901200000,0.000008332
1734904800000,0.0000125
1734908400000,0.0000125
1734912000000,0.0000125
1734915600000,0.0000125
1734919200000,0.0000125
1734922800000,0.0000071132
1734926400000,0.0000125
1734930000000,0.0000125
1734933600000,-0.0000032381
1734937200000,-0.0000112798
1734940800000,-0.0000017407
1734944400000,0.0000125
1734948000000,0.0000125
1734951600000,0.0000125
1734955200000,0.0000125
1734958800000,0.0000125
1734962400000,0.0000125
1734966000000,0.0000125
1734969600000,0.0000125
1734973200000,0.0000125
1734976800000,0.0000125
1734980400000,0.0000125
1734984000000,0.0000125
1734987600000,0.0000125
1734991200000,0.0000125
1734994800000,0.0000125
1734998400000,0.0000125
1735002000000,0.0000125
1735005600000,0.0000125
1735009200000,0.0000125
1735012800000,0.0000125
1735016400000,0.0000136301
1735020000000,0.0000272803
1735023600000,0.0000125
1735027200000,0.0000188695
1735030800000,0.0000125
1735034400000,0.0000125
1735038000000,0.0000125
1735041600000,0.0000125
1735045200000,0.0000125
1735048800000,0.0000249289
1735052400000,0.0000334166
1735056000000,0.0000832012
1735059600000,0.0000125
1735063200000,0.0000125
1735066800000,0.0000125
1735070400000,0.0000125
1735074000000,0.0000125
1735077600000,0.0000125
1735081200000,0.0000125
1735084800000,0.0000125
1735088400000,0.0000125
1735092000000,0.0000125
1735095600000,0.0000125
1735099200000,0.0000125
1735102800000,0.0000125
1735106400000,0.0000133197
1735110000000,0.0000298045
1735113600000,0.0000125
1735117200000,0.0000125
1735120800000,0.0000125
1735124400000,0.0000125
1735128000000,0.0000125
1735131600000,0.0000125
1735135200000,0.0000125
1735138800000,0.0000125
1735142400000,0.0000125
1735146000000,0.0000125
1735149600000,0.0000125
1735153200000,0.0000237491
1735156800000,0.0000125354
1735160400000,0.0000125
1735164000000,0.0000125
1735167600000,0.0000125
1735171200000,0.0000125
1735174800000,0.0000125
1735178400000,0.0000125
1735182000000,0.0000125
1735185600000,0.0000125
1735189200000,0.0000125
1735192800000,0.0000125
1735196400000,0.0000125
1735200000000,0.0000125
1735203600000,0.0000125
1735207200000,0.0000125
1735210800000,0.0000125
1735214400000,0.0000125
1735218000000,0.0000125
1735221600000,0.0000125
1735225200000,0.0000125
1735228800000,0.0000125
1735232400000,0.0000125
1735236000000,0.0000125
1735239600000,0.0000125
1735243200000,0.0000125
1735246800000,0.0000125
1735250400000,0.0000125
1735254000000,0.0000125
1735257600000,0.0000125
1735261200000,0.0000125
1735264800000,0.0000125
1735268400000,0.0000125
1735272000000,0.0000125
1735275600000,0.0000125
1735279200000,0.0000125
1735282800000,0.0000125
1735286400000,0.0000125
1735290000000,0.0000125
1735293600000,0.0000125
1735297200000,0.0000125
1735300800000,0.0000125
1735304400000,0.0000125
1735308000000,0.0000125
1735311600000,0.0000125
1735315200000,0.0000125
1735318800000,0.0000125
1735322400000,0.0000125
1735326000000,0.0000125
1735329600000,0.0000125
1735333200000,0.0000125
1735336800000,0.0000125
1735340400000,0.0000125
1735344000000,0.0000125
1735347600000,0.0000141008
1735351200000,0.0000125
1735354800000,0.0000125
1735358400000,0.0000138729
1735362000000,0.0000125
1735365600000,0.0000209012
1735369200000,0.0000125
1735372800000,0.0000125
1735376400000,0.0000125
1735380000000,0.0000143259
1735383600000,0.0000125
1735387200000,0.0000125
1735390800000,0.0000125
1735394400000,0.0000125
1735398000000,0.0000125
1735401600000,0.0000125
1735405200000,0.0000125
1735408800000,0.0000125
1735412400000,0.0000125
1735416000000,0.0000125
1735419600000,0.0000125
1735423200000,0.0000125
1735426800000,0.0000125
1735430400000,0.0000125
1735434000000,0.0000125
1735437600000,0.0000125
1735441200000,0.0000125
1735444800000,0.0000125
1735448400000,0.0000125
1735452000000,0.0000125
1735455600000,0.0000125
1735459200000,0.0000125
1735462800000,0.0000125
1735466400000,0.0000125
1735470000000,0.0000125
1735473600000,0.0000125
1735477200000,0.0000125
1735480800000,0.0000125
1735484400000,0.0000125
1735488000000,0.0000125
1735491600000,0.0000125
1735495200000,0.0000125
1735498800000,0.0000125
1735502400000,0.0000125
1735506000000,0.0000125
1735509600000,0.0000125
1735513200000,0.0000125
1735516800000,0.0000125
1735520400000,0.0000125
1735524000000,0.0000125
1735527600000,0.0000263768
1735531200000,0.0000131349
1735534800000,0.0000125
1735538400000,0.0000125
1735542000000,0.0000125
1735545600000,0.0000125
1735549200000,0.0000149643
1735552800000,0.0000125
1735556400000,0.0000136353
1735560000000,0.0000125
1735563600000,0.0000161985
1735567200000,0.0000273504
1735570800000,0.0000171101
1735574400000,0.0000348083
1735578000000,0.0000583797
1735581600000,0.0000447347
1735585200000,0.0000579374
1735588800000,0.0000241224
1735592400000,0.0000261535
1735596000000,0.0000125
1735599600000,0.0000125
1735603200000,0.0000125
1735606800000,0.0000125
1735610400000,0.0000125
1735614000000,0.0000125
1735617600000,0.0000125
1735621200000,0.0000125
1735624800000,0.0000125
1735628400000,0.0000125
1735632000000,0.0000125
1735635600000,0.0000125
1735639200000,0.0000125
1735642800000,0.0000125
1735646400000,0.0000125
1735650000000,0.0000125
1735653600000,0.0000125
1735657200000,0.0000125
1735660800000,0.0000125
1735664400000,0.0000125
1735668000000,0.0000125
1735671600000,0.0000125
1735675200000,0.0000125
1735678800000,0.0000125
1735682400000,0.0000125
1735686000000,0.0000125
1735689600000,0.0000125
1735693200000,0.0000125
1735696800000,0.0000125
1735700400000,0.0000125
1735704000000,0.0000125
1735707600000,0.0000125
1735711200000,0.0000125
1735714800000,0.0000125
1735718400000,0.0000125
1735722000000,0.0000125
1735725600000,0.0000125
1735729200000,0.0000125
1735732800000,0.0000125
1735736400000,0.0000125
1735740000000,0.0000125
1735743600000,0.0000125
1735747200000,0.0000125
1735750800000,0.0000125
1735754400000,0.0000125
1735758000000,0.0000125
1735761600000,0.0000125
1735765200000,0.0000160111
1735768800000,0.0000325065
1735772400000,0.000028249
1735776000000,0.0000192604
1735779600000,0.0000173931
1735783200000,0.0000179596
1735786800000,0.0000125
1735790400000,0.0000125
1735794000000,0.0000128765
1735797600000,0.000031735
1735801200000,0.0000194936
1735804800000,0.000032278
1735808400000,0.0000291214
1735812000000,0.0000235603
1735815600000,0.0000416003
1735819200000,0.0000409138
1735822800000,0.0000336999
1735826400000,0.0000125
1735830000000,0.0000211294
1735833600000,0.0000154387
1735837200000,0.0000125
1735840800000,0.0000125
1735844400000,0.0000125
1735848000000,0.0000125
1735851600000,0.0000125
1735855200000,0.0000125
1735858800000,0.0000125
1735862400000,0.0000125
1735866000000,0.0000125
1735869600000,0.0000125
1735873200000,0.0000127026
1735876800000,0.0000233825
1735880400000,0.0000125
1735884000000,0.0000125
1735887600000,0.0000125
1735891200000,0.0000125
1735894800000,0.0000125
1735898400000,0.0000125
1735902000000,0.0000125
1735905600000,0.0000125
1735909200000,0.0000125
1735912800000,0.000019454
1735916400000,0.0000346592
1735920000000,0.0000375256
1735923600000,0.0000252619
1735927200000,0.0000125
1735930800000,0.0000125
1735934400000,0.0000244695
1735938000000,0.0000125
1735941600000,0.0000125
1735945200000,0.0000125
1735948800000,0.0000125
1735952400000,0.0000125
1735956000000,0.0000125
1735959600000,0.0000125
1735963200000,0.0000125
1735966800000,0.0000125
1735970400000,0.0000125
1735974000000,0.0000125
1735977600000,0.0000125
1735981200000,0.0000125
1735984800000,0.0000125
1735988400000,0.0000125
1735992000000,0.0000125
1735995600000,0.0000125
1735999200000,0.0000322424
1736002800000,0.0000273192
1736006400000,0.0000162929
1736010000000,0.0000125
1736013600000,0.0000125
1736017200000,0.0000125
1736020800000,0.0000125
1736024400000,0.0000125
1736028000000,0.0000125
1736031600000,0.0000125
1736035200000,0.0000125
1736038800000,0.0000125
1736042400000,0.0000125
1736046000000,0.0000125
1736049600000,0.0000125
1736053200000,0.0000125
1736056800000,0.0000125
1736060400000,0.0000125
1736064000000,0.0000125
1736067600000,0.0000125
1736071200000,0.0000125
1736074800000,0.0000125
1736078400000,0.0000125
1736082000000,0.0000125
1736085600000,0.0000125
1736089200000,0.0000125
1736092800000,0.0000125
1736096400000,0.0000125
1736100000000,0.0000125
1736103600000,0.0000125
1736107200000,0.0000125
1736110800000,0.0000125
1736114400000,0.0000125
1736118000000,0.0000125
1736121600000,0.0000125
1736125200000,0.0000125
1736128800000,0.0000125
1736132400000,0.0000125
1736136000000,0.0000125
1736139600000,0.0000125
1736143200000,0.0000125
1736146800000,0.0000125
1736150400000,0.0000125
1736154000000,0.0000125
1736157600000,0.0000125
1736161200000,0.0000125
1736164800000,0.0000125
1736168400000,0.0000125
1736172000000,0.0000125
1736175600000,0.0000125
1736179200000,0.0000125
1736182800000,0.0000125
1736186400000,0.0000125
1736190000000,0.0000125
1736193600000,0.0000125
1736197200000,0.0000125
1736200800000,0.0000125
1736204400000,0.0000125
1736208000000,0.0000125
1736211600000,0.0000125
1736215200000,0.0000125
1736218800000,0.0000125
1736222400000,0.0000125
1736226000000,0.0000125
1736229600000,0.0000125
1736233200000,0.0000125
1736236800000,0.0000125
1736240400000,0.0000125
1736244000000,0.0000125
1736247600000,0.0000125
1736251200000,0.0000125
1736254800000,0.0000125
1736258400000,0.0000125
1736262000000,0.0000125
1736265600000,0.0000125
1736269200000,0.0000125
1736272800000,0.0000125
1736276400000,0.0000125
1736280000000,0.0000125
1736283600000,0.0000125
1736287200000,0.0000125
1736290800000,0.0000125
1736294400000,0.0000125
1736298000000,0.0000125
1736301600000,0.0000125
1736305200000,0.0000125
1736308800000,0.0000125
1736312400000,0.0000125
1736316000000,0.0000125
1736319600000,0.0000125
1736323200000,0.0000125
1736326800000,0.0000125
1736330400000,0.0000125
1736334000000,0.0000125
1736337600000,0.0000125
1736341200000,0.0000125
1736344800000,0.0000125
1736348400000,0.0000125
1736352000000,0.0000125
1736355600000,0.0000125
1736359200000,0.0000125
1736362800000,0.0000125
1736366400000,0.0000178326
1736370000000,0.0000355594
1736373600000,0.0000444396
1736377200000,0.000059757
1736380800000,0.0000283
1736384400000,0.0000125
1736388000000,0.0000125
1736391600000,0.0000125
1736395200000,0.0000125
1736398800000,0.0000125
1736402400000,0.0000125
1736406000000,0.0000125
1736409600000,0.0000125
1736413200000,0.0000125
1736416800000,0.0000125
1736420400000,0.0000125
1736424000000,0.0000125
1736427600000,0.0000125
1736431200000,-0.0000021059
1736434800000,-0.0000058894
1736438400000,0.0000125
1736442000000,0.0000125
1736445600000,0.0000125
1736449200000,0.0000125
1736452800000,0.0000024745
1736456400000,-0.0000198087
1736460000000,0.0000014058
1736463600000,-0.0000094063
1736467200000,-0.0000104725
1736470800000,-0.0000437763
1736474400000,-0.0000123085
1736478000000,0.0000112716
1736481600000,0.0000077192
1736485200000,0.0000062552
1736488800000,0.0000015786
1736492400000,-0.0000003202
1736496000000,0.0000125
1736499600000,0.0000125
1736503200000,0.0000049667
1736506800000,0.0000117057
1736510400000,0.0000091009
1736514000000,0.0000098452
1736517600000,-0.0000020685
1736521200000,-0.0000147001
1736524800000,-0.0000113895
1736528400000,-0.0000099037
1736532000000,0.0000098825
1736535600000,0.0000125
1736539200000,0.0000125
1736542800000,0.0000125
1736546400000,0.0000125
1736550000000,0.0000125
1736553600000,0.0000125
1736557200000,0.0000125
1736560800000,0.0000125
1736564400000,0.0000125
1736568000000,0.0000125
1736571600000,0.0000125
1736575200000,0.0000125
1736578800000,0.0000125
1736582400000,0.0000125
1736586000000,0.0000125
1736589600000,0.0000125
1736593200000,0.0000125
1736596800000,0.0000125
1736600400000,0.0000125
1736604000000,0.0000125
1736607600000,0.0000125
1736611200000,0.0000125
1736614800000,0.0000125
1736618400000,0.0000125
1736622000000,0.0000125
1736625600000,0.0000125
1736629200000,0.0000125
1736632800000,0.0000125
1736636400000,0.0000125
1736640000000,0.0000125
1736643600000,0.0000125
1736647200000,0.0000125
1736650800000,0.0000125
1736654400000,0.0000125
1736658000000,0.0000125
1736661600000,0.0000125
1736665200000,0.0000125
1736668800000,0.0000125
1736672400000,0.0000125
1736676000000,0.0000125
1736679600000,0.0000125
1736683200000,0.0000125
1736686800000,0.0000125
1736690400000,0.0000125
1736694000000,0.0000125
1736697600000,0.0000125
1736701200000,0.0000125
1736704800000,0.0000125
1736708400000,0.0000125
1736712000000,0.0000125
1736715600000,0.0000125
1736719200000,0.0000125
1736722800000,0.0000125
1736726400000,0.0000125
1736730000000,0.0000125
1736733600000,0.0000125
1736737200000,0.0000125
1736740800000,0.0000125
1736744400000,0.0000125
1736748000000,0.0000125
1736751600000,0.0000125
1736755200000,0.0000125
1736758800000,0.0000125
1736762400000,0.0000125
1736766000000,0.0000125
1736769600000,0.0000125
1736773200000,0.0000125
1736776800000,0.0000125
1736780400000,0.0000125
1736784000000,0.0000125
1736787600000,0.0000125
1736791200000,0.0000125
1736794800000,0.0000125
1736798400000,0.0000125
1736802000000,0.0000125
1736805600000,0.0000125
1736809200000,0.0000125
1736812800000,0.0000125
1736816400000,0.0000125
1736820000000,0.0000125
1736823600000,0.0000121574
1736827200000,0.0000125
1736830800000,0.0000125
1736834400000,0.0000033977
1736838000000,0.0000071814
1736841600000,-0.0000024197
1736845200000,-0.0000043786
1736848800000,-0.0000025816
1736852400000,-0.0000027381
1736856000000,-0.0000029816
1736859600000,-0.0000048026
1736863200000,0.0000107862
1736866800000,0.0000125
1736870400000,0.0000125
1736874000000,0.0000029396
1736877600000,0.0000125
1736881200000,0.0000125
1736884800000,0.0000125
1736888400000,0.0000029731
1736892000000,0.0000021893
1736895600000,0.0000125
1736899200000,0.0000062415
1736902800000,0.0000018389
1736906400000,0.0000042579
1736910000000,0.0000096361
1736913600000,0.0000104095
1736917200000,0.0000125
1736920800000,0.000005519
1736924400000,0.0000125
1736928000000,0.0000093119
1736931600000,0.0000036554
1736935200000,-0.0000026528
1736938800000,-0.0000149594
1736942400000,-0.000013784
1736946000000,-0.0000111584
1736949600000,0.0000117237
1736953200000,0.0000125
1736956800000,0.0000125
1736960400000,0.0000125
1736964000000,0.0000125
1736967600000,0.0000125
1736971200000,0.0000125
1736974800000,0.0000125
1736978400000,0.0000056943
1736982000000,0.0000125
1736985600000,0.0000125
1736989200000,0.0000125
1736992800000,0.0000125
1736996400000,0.0000125
1737000000000,-0.0000014936
1737003600000,0.0000085669
1737007200000,0.0000125
1737010800000,0.0000125
1737014400000,0.0000125
1737018000000,0.0000125
1737021600000,0.0000125
1737025200000,0.0000125
1737028800000,0.0000125
1737032400000,0.0000125
1737036000000,0.0000125
1737039600000,0.0000125
1737043200000,0.0000125
1737046800000,0.0000125
1737050400000,0.0000125
1737054000000,0.0000125
1737057600000,0.0000125
1737061200000,0.0000125
1737064800000,0.0000125
1737068400000,0.0000125
1737072000000,0.0000125
1737075600000,0.0000125
1737079200000,0.0000125
1737082800000,0.0000125
1737086400000,0.0000125
1737090000000,0.0000125
1737093600000,0.0000125
1737097200000,0.0000125
1737100800000,0.0000125
1737104400000,0.0000125
1737108000000,0.0000125
1737111600000,0.000032784
1737115200000,0.0000385725
1737118800000,0.0000125
1737122400000,0.0000125
1737126000000,0.0000325921
1737129600000,0.0000125
1737133200000,0.0000125
1737136800000,0.0000125
1737140400000,0.0000125
1737144000000,0.0000125
1737147600000,0.0000125
1737151200000,0.0000125
1737154800000,0.0000125
1737158400000,0.0000125
1737162000000,0.0000125
1737165600000,0.0000125
1737169200000,0.0000125
1737172800000,-0.0000070335
1737176400000,0.0000125
1737180000000,0.0000125
1737183600000,0.0000125
1737187200000,0.0000125
1737190800000,0.0000098062
1737194400000,0.0000053558
1737198000000,-0.0000116753
1737201600000,0.0000125
1737205200000,0.0000125
1737208800000,0.0000125
1737212400000,0.0000125
1737216000000,0.0000125
1737219600000,0.0000125
1737223200000,0.0000125
1737226800000,0.0000125
1737230400000,0.0000125
1737234000000,0.0000125
1737237600000,0.0000125
1737241200000,0.0000125
1737244800000,0.0000210917
1737248400000,0.0000603691
1737252000000,0.000047442
1737255600000,0.000035592
1737259200000,0.0000187239
1737262800000,0.0000125
1737266400000,0.0000125
1737270000000,0.0000125
1737273600000,0.0000125
1737277200000,0.0000125
1737280800000,0.0000125
1737284400000,0.0000125
1737288000000,0.0000125
1737291600000,0.0000125
1737295200000,0.0000555777
1737298800000,0.000077622
1737302400000,0.0000925038
1737306000000,0.0001017082
1737309600000,0.0001255935
1737313200000,0.0001554815
1737316800000,0.000098255
1737320400000,0.0000955264
1737324000000,0.0000125
1737327600000,0.0000041813
1737331200000,-0.0000077249
1737334800000,-0.0000138042
1737338400000,0.0000125
1737342000000,0.0000125
1737345600000,0.0000125
1737349200000,0.0000125
1737352800000,0.0000164859
1737356400000,0.0000502613
1737360000000,0.0001037269
1737363600000,0.0000669583
1737367200000,0.0000770548
1737370800000,0.0000790102
1737374400000,0.0000977703
1737378000000,0.0000463325
1737381600000,0.000049926
1737385200000,0.0000495385
1737388800000,0.0000678158
1737392400000,0.0000345166
1737396000000,0.0000125
1737399600000,0.0000125
1737403200000,0.0000428473
1737406800000,0.0000658005
1737410400000,0.0000472025
1737414000000,0.0000224156
1737417600000,0.0000125
1737421200000,0.0000125
1737424800000,0.0000125
1737428400000,0.0000125
1737432000000,0.0000125
1737435600000,0.0000125
1737439200000,0.0000125
1737442800000,0.0000125
1737446400000,0.0000125
1737450000000,0.0000125
1737453600000,0.0000125
1737457200000,0.0000125
1737460800000,0.000013501
1737464400000,0.0000125
1737468000000,0.0000125
1737471600000,0.0000125
1737475200000,0.0000125
1737478800000,0.0000125
1737482400000,0.0000125
1737486000000,0.0000313256
1737489600000,0.0000125
1737493200000,0.0000125
1737496800000,0.0000125
1737500400000,0.0000295477
1737504000000,0.0000125
1737507600000,0.0000138774
1737511200000,0.0000140988
1737514800000,0.0000371962
1737518400000,0.0000310261
1737522000000,0.0000125
1737525600000,0.0000125
1737529200000,0.0000125
1737532800000,0.0000125
1737536400000,0.0000125
1737540000000,0.0000125
1737543600000,0.0000125
1737547200000,0.0000125
1737550800000,0.0000125
1737554400000,0.0000125
1737558000000,0.0000125
1737561600000,0.0000125
1737565200000,0.0000125
1737568800000,0.0000125
1737572400000,0.0000125
1737576000000,0.0000125
1737579600000,0.0000125
1737583200000,0.0000125
1737586800000,0.0000125
1737590400000,-0.0000007245
1737594000000,0.0000125
1737597600000,0.0000125
1737601200000,0.0000125
1737604800000,0.0000062491
1737608400000,0.0000105508
1737612000000,0.0000125
1737615600000,0.0000125
1737619200000,0.00000263
1737622800000,0.0000048281
1737626400000,0.0000125
1737630000000,0.0000125
1737633600000,0.0000125
1737637200000,0.0000125
1737640800000,0.0000125
1737644400000,0.0000125
1737648000000,0.0000125
1737651600000,0.0000125
1737655200000,0.0000125
1737658800000,0.0000064396
1737662400000,-0.00001707
1737666000000,0.0000125
1737669600000,0.0000125
1737673200000,0.0000125
1737676800000,0.000019166
1737680400000,0.0000125
1737684000000,0.0000125
1737687600000,0.0000125
1737691200000,0.0000125
1737694800000,0.0000125
1737698400000,0.0000125
1737702000000,0.0000125
1737705600000,0.0000125
1737709200000,0.0000125
1737712800000,0.0000125
1737716400000,0.0000125
1737720000000,0.0000125
1737723600000,0.0000125
1737727200000,0.0000142447
1737730800000,0.0000125
1737734400000,0.0000125
1737738000000,0.0000149732
1737741600000,0.0000125
1737745200000,0.0000125
1737748800000,0.0000125
1737752400000,0.0000125
1737756000000,0.0000125
1737759600000,0.0000125
1737763200000,0.0000125
1737766800000,0.0000125
1737770400000,0.0000125
1737774000000,0.0000125
1737777600000,0.0000125
1737781200000,0.0000125
1737784800000,0.0000073543
1737788400000,0.0000125
1737792000000,0.0000115159
1737795600000,0.0000125
1737799200000,0.0000125
1737802800000,0.0000125
1737806400000,0.0000125
1737810000000,0.0000049411
1737813600000,0.0000125
1737817200000,0.0000125
1737820800000,0.0000125
1737824400000,0.0000125
1737828000000,0.0000125
1737831600000,0.0000125
1737835200000,0.0000125
1737838800000,0.0000125
1737842400000,0.0000125
1737846000000,0.0000125
1737849600000,0.0000125
1737853200000,0.0000125
1737856800000,0.0000125
1737860400000,0.0000125
1737864000000,0.0000125
1737867600000,0.0000125
1737871200000,0.0000125
1737874800000,0.0000125
1737878400000,0.0000125
1737882000000,0.0000125
1737885600000,0.0000125
1737889200000,0.0000125
1737892800000,0.0000125
1737896400000,0.0000125
1737900000000,0.0000125
1737903600000,0.0000125
1737907200000,0.0000125
1737910800000,0.0000125
1737914400000,0.0000125
1737918000000,0.0000125
1737921600000,0.0000125
1737925200000,0.0000125
1737928800000,0.0000125
1737932400000,0.0000061806
1737936000000,-0.000017408
1737939600000,-0.0000047758
1737943200000,-0.0000104152
1737946800000,-0.0000210001
1737950400000,-0.0000140677
1737954000000,-0.0000141069
1737957600000,-0.0000157919
1737961200000,-0.0000210599
1737964800000,-0.0000393396
1737968400000,-0.0000013853
1737972000000,0.0000111242
1737975600000,-0.000005815
1737979200000,0.0000097882
1737982800000,0.0000125
1737986400000,0.0000125
1737990000000,0.0000125
1737993600000,0.0000125
1737997200000,0.0000039707
1738000800000,-0.0000188214
1738004400000,-0.000024708
1738008000000,-0.000001153
1738011600000,0.0000125
1738015200000,0.0000125
1738018800000,0.0000125
1738022400000,0.0000125
1738026000000,0.0000125
1738029600000,0.0000048189
1738033200000,0.0000125
1738036800000,0.0000125
1738040400000,0.0000125
1738044000000,0.0000125
1738047600000,0.0000125
1738051200000,0.0000125
1738054800000,0.0000125
1738058400000,0.0000125
1738062000000,0.0000125
1738065600000,0.0000125
1738069200000,0.0000125
1738072800000,0.0000125
1738076400000,0.000006258
1738080000000,0.0000125
1738083600000,0.0000037048
1738087200000,0.0000125
1738090800000,0.0000125
1738094400000,0.0000055077
1738098000000,-0.0000146001
1738101600000,-0.0000278133
1738105200000,-0.0000208873
1738108800000,-0.0000125341
1738112400000,0.0000125
1738116000000,0.0000125
1738119600000,0.0000125
1738123200000,0.0000125
1738126800000,0.0000125
1738130400000,0.0000125
1738134000000,0.0000125
1738137600000,0.0000125
1738141200000,0.0000125
1738144800000,0.0000125
1738148400000,0.0000125
1738152000000,0.0000125
1738155600000,0.0000125
1738159200000,0.0000125
1738162800000,0.0000125
1738166400000,0.0000125
1738170000000,-0.0000086528
1738173600000,0.0000125
1738177200000,0.0000125
1738180800000,-0.0000001703
1738184400000,0.0000125
1738188000000,0.0000125
1738191600000,0.0000125
1738195200000,0.0000125
1738198800000,0.0000080272
1738202400000,0.0000125
1738206000000,0.0000125
1738209600000,0.0000125
1738213200000,0.0000125
1738216800000,0.0000125
1738220400000,0.0000125
1738224000000,0.0000125
1738227600000,0.0000125
1738231200000,0.0000125
1738234800000,0.0000125
1738238400000,0.0000125
1738242000000,0.0000125
1738245600000,0.0000125
1738249200000,0.0000125
1738252800000,0.0000125
1738256400000,0.0000125
1738260000000,0.0000125
1738263600000,0.0000125
1738267200000,0.0000125
1738270800000,0.0000125
1738274400000,0.0000125
1738278000000,0.0000125
1738281600000,0.0000125
1738285200000,0.0000125
1738288800000,0.0000125
1738292400000,0.0000125
1738296000000,0.0000125
1738299600000,0.0000125
1738303200000,0.0000125
1738306800000,0.0000125
1738310400000,0.0000125
1738314000000,0.0000125
1738317600000,0.0000125
1738321200000,0.0000125
1738324800000,0.00001957
1738328400000,0.0000125
1738332000000,0.0000148036
1738335600000,0.0000125
1738339200000,0.0000125
1738342800000,0.0000186949
1738346400000,0.0000125
1738350000000,0.0000125
1738353600000,0.0000197996
1738357200000,0.0000125
1738360800000,0.0000125
1738364400000,0.0000125
1738368000000,0.0000125
1738371600000,0.0000125
1738375200000,0.0000140149
1738378800000,0.0000125
1738382400000,0.0000125
1738386000000,0.0000125
1738389600000,0.0000125
1738393200000,0.0000125
1738396800000,0.0000125
1738400400000,0.0000125
1738404000000,0.0000125
1738407600000,0.0000125
1738411200000,0.0000125
1738414800000,0.0000125
1738418400000,0.0000125
1738422000000,0.0000125
1738425600000,0.0000125
1738429200000,0.0000125
1738432800000,0.0000125
1738436400000,0.0000125
1738440000000,0.0000125
1738443600000,-0.0000056401
1738447200000,0.0000057775
1738450800000,-0.0000165547
1738454400000,-0.0000135191
1738458000000,0.0000074493
1738461600000,-0.000002902
1738465200000,-0.0000163263
1738468800000,-0.0000211625
1738472400000,0.0000080855
1738476000000,0.0000125
1738479600000,0.0000125
1738483200000,-0.0000045271
1738486800000,0.000009862
1738490400000,0.0000125
1738494000000,0.0000125
1738497600000,-0.0000071782
1738501200000,0.0000025446
1738504800000,0.0000068472
1738508400000,0.0000059115
1738512000000,0.000006857
1738515600000,-0.0000127757
1738519200000,-0.000011682
1738522800000,0.0000035035
1738526400000,0.0000125
1738530000000,-0.0000139178
1738533600000,-0.000015385
1738537200000,0.0000059224
1738540800000,0.0000125
1738544400000,0.0000125
1738548000000,0.0000125
1738551600000,0.0000125
1738555200000,0.0000235167
1738558800000,0.0000125
1738562400000,0.0000125
1738566000000,0.0000125
1738569600000,0.0000125
1738573200000,0.0000125
1738576800000,0.0000125
1738580400000,0.0000125
1738584000000,0.0000125
1738587600000,0.0000125
1738591200000,0.0000023717
1738594800000,0.0000125
1738598400000,0.0000125
1738602000000,0.0000125
1738605600000,0.0000125
1738609200000,0.0000125
1738612800000,0.0000125
1738616400000,-0.0000073779
1738620000000,0.0000125
1738623600000,0.0000125
1738627200000,0.0000125
1738630800000,0.0000125
1738634400000,0.0000095818
1738638000000,0.0000015364
1738641600000,0.0000002471
1738645200000,0.000001521
1738648800000,-0.0000270046
1738652400000,0.0000069929
1738656000000,0.0000027342
1738659600000,-0.000000335
1738663200000,0.0000047991
1738666800000,0.0000125
1738670400000,0.0000125
1738674000000,0.0000125
1738677600000,0.0000125
1738681200000,0.0000125
1738684800000,0.0000125
1738688400000,0.0000125
1738692000000,0.0000125
1738695600000,0.0000125
1738699200000,0.0000125
1738702800000,0.0000125
1738706400000,0.0000125
1738710000000,0.0000125
1738713600000,0.0000125
1738717200000,0.0000125
1738720800000,0.0000125
1738724400000,0.0000125
1738728000000,0.0000125
1738731600000,0.0000125
1738735200000,0.0000125
1738738800000,0.0000125
1738742400000,0.0000125
1738746000000,0.0000125
1738749600000,0.0000125
1738753200000,0.0000125
1738756800000,0.0000125
1738760400000,0.0000125
1738764000000,0.0000125
1738767600000,0.0000125
1738771200000,0.0000125
1738774800000,0.0000125
1738778400000,0.0000125
1738782000000,0.0000125
1738785600000,0.0000125
1738789200000,0.0000125
1738792800000,0.0000125
1738796400000,0.0000125
1738800000000,0.0000125
1738803600000,0.0000125
1738807200000,0.0000125
1738810800000,0.0000125
1738814400000,0.0000125
1738818000000,0.0000125
1738821600000,0.0000125
1738825200000,0.0000125
1738828800000,0.0000125
1738832400000,0.0000125
1738836000000,0.0000125
1738839600000,0.0000125
1738843200000,0.0000125
1738846800000,0.0000125
1738850400000,0.0000125
1738854000000,0.0000125
1738857600000,0.0000125
1738861200000,0.0000125
1738864800000,0.0000125
1738868400000,0.0000125
1738872000000,0.0000125
1738875600000,0.0000125
1738879200000,0.0000125
1738882800000,0.0000125
1738886400000,0.0000125
1738890000000,0.0000125
1738893600000,0.0000125
1738897200000,0.0000125
1738900800000,0.0000125
1738904400000,0.0000125
1738908000000,0.0000125
1738911600000,0.0000125
1738915200000,0.0000125
1738918800000,0.0000125
1738922400000,0.0000125
1738926000000,0.0000125
1738929600000,0.0000125
1738933200000,0.0000125
1738936800000,0.0000125
1738940400000,0.0000125
1738944000000,0.0000125
1738947600000,0.0000125
1738951200000,0.0000001048
1738954800000,0.0000125
1738958400000,0.0000125
1738962000000,0.0000013689
1738965600000,0.0000080825
1738969200000,0.0000038385
1738972800000,0.0000125
1738976400000,0.0000125
1738980000000,0.0000125
1738983600000,0.0000125
1738987200000,0.0000125
1738990800000,0.0000125
1738994400000,0.0000125
1738998000000,0.0000088559
1739001600000,0.0000125
1739005200000,0.0000125
1739008800000,0.0000125
1739012400000,0.0000125
1739016000000,0.0000125
1739019600000,0.0000125
1739023200000,0.0000125
1739026800000,0.0000125
1739030400000,0.0000125
1739034000000,0.0000125
1739037600000,0.0000125
1739041200000,0.0000125
1739044800000,0.0000125
1739048400000,0.0000125
1739052000000,0.0000125
1739055600000,0.0000066309
1739059200000,0.0000073167
1739062800000,0.0000064786
1739066400000,0.0000125
1739070000000,0.0000125
1739073600000,0.0000125
1739077200000,0.0000125
1739080800000,0.0000125
1739084400000,0.0000125
1739088000000,0.0000125
1739091600000,0.0000125
1739095200000,0.0000125
1739098800000,0.0000125
1739102400000,0.0000125
1739106000000,0.0000125
1739109600000,0.0000010838
1739113200000,-0.0000025927
1739116800000,0.0000125
1739120400000,0.0000125
1739124000000,0.0000125
1739127600000,0.0000125
1739131200000,0.0000065463
1739134800000,0.0000125
1739138400000,-0.0000109135
1739142000000,-0.0000015209
1739145600000,0.0000125
1739149200000,0.0000125
1739152800000,-0.0000119362
1739156400000,-0.0000053469
1739160000000,0.0000125
1739163600000,0.0000125
1739167200000,0.0000125
1739170800000,0.0000125
1739174400000,0.0000125
1739178000000,0.0000125
1739181600000,0.0000125
1739185200000,0.0000125
1739188800000,0.0000125
1739192400000,0.0000125
1739196000000,0.0000125
1739199600000,0.0000125
1739203200000,0.0000125
1739206800000,0.0000125
1739210400000,0.0000125
1739214000000,0.0000125
1739217600000,0.0000125
1739221200000,0.0000125
1739224800000,0.0000004391
1739228400000,-0.0000262569
1739232000000,-0.0000043523
1739235600000,0.0000125
1739239200000,0.0000125
1739242800000,0.0000125
1739246400000,0.0000125
1739250000000,0.0000125
1739253600000,0.0000125
1739257200000,0.0000125
1739260800000,0.0000125
1739264400000,0.0000125
1739268000000,0.0000125
1739271600000,0.0000079104
1739275200000,0.0000125
1739278800000,0.0000049664
1739282400000,0.0000125
1739286000000,0.0000125
1739289600000,0.0000125
1739293200000,0.0000087602
1739296800000,0.0000125
1739300400000,0.0000125
1739304000000,0.0000125
1739307600000,0.0000125
1739311200000,0.0000125
1739314800000,0.0000125
1739318400000,0.0000125
1739322000000,0.0000125
1739325600000,0.0000125
1739329200000,0.0000125
1739332800000,0.0000125
1739336400000,0.0000125
1739340000000,0.0000125
1739343600000,0.0000125
1739347200000,0.0000125
1739350800000,0.0000125
1739354400000,0.0000125
1739358000000,0.0000125
1739361600000,0.0000125
1739365200000,0.0000125
1739368800000,0.0000125
1739372400000,0.0000125
1739376000000,0.0000125
1739379600000,0.0000125
1739383200000,0.0000125
1739386800000,0.0000125
1739390400000,0.0000125
1739394000000,0.0000125
1739397600000,0.0000125
1739401200000,0.0000125
1739404800000,0.0000125
1739408400000,0.0000125
1739412000000,0.0000125
1739415600000,0.0000125
1739419200000,0.0000125
1739422800000,0.0000125
1739426400000,0.0000125
1739430000000,0.0000125
1739433600000,0.0000125
1739437200000,0.0000125
1739440800000,0.0000125
1739444400000,0.0000125
1739448000000,0.0000125
1739451600000,0.0000125
1739455200000,0.0000125
1739458800000,0.0000125
1739462400000,0.0000125
1739466000000,0.0000125
1739469600000,0.0000125
1739473200000,0.0000125
1739476800000,0.0000030116
1739480400000,-0.0000047539
1739484000000,0.0000125
1739487600000,0.0000125
1739491200000,0.0000125
1739494800000,0.0000125
1739498400000,0.0000070743
1739502000000,0.0000125
1739505600000,0.0000105567
1739509200000,0.0000125
1739512800000,0.0000125
1739516400000,0.0000125
1739520000000,0.0000125
1739523600000,0.0000125
1739527200000,0.0000125
1739530800000,0.0000125
1739534400000,-0.0000063467
1739538000000,0.0000092804
1739541600000,0.0000104005
1739545200000,0.0000125
1739548800000,0.0000125
1739552400000,0.0000125
1739556000000,0.0000125
1739559600000,0.0000125
1739563200000,0.0000125
1739566800000,0.0000125
1739570400000,0.0000125
1739574000000,0.0000125
1739577600000,0.0000125
1739581200000,-0.0000008739
1739584800000,0.0000082089
1739588400000,0.0000085841
1739592000000,0.0000036903
1739595600000,-0.0000038116
1739599200000,-0.0000029053
1739602800000,-0.0000059892
1739606400000,-0.0000103854
1739610000000,-0.0000031155
1739613600000,-0.0000021875
1739617200000,-0.0000104588
1739620800000,-0.0000018227
1739624400000,0.0000047601
1739628000000,0.0000019099
1739631600000,-0.0000056142
1739635200000,-0.0000129051
1739638800000,-0.0000082706
1739642400000,-0.0000070314
1739646000000,0.0000010615
1739649600000,0.0000034764
1739653200000,-0.0000107768
1739656800000,0.0000044504
1739660400000,-0.0000020097
1739664000000,-0.0000078366
1739667600000,0.0000033586
1739671200000,-0.0000017083
1739674800000,0.0000009244
1739678400000,-0.000005756
1739682000000,-0.0000002923
1739685600000,0.0000027782
1739689200000,0.00000763
1739692800000,-0.0000080399
1739696400000,-0.0000011647
1739700000000,0.0000042175
1739703600000,0.0000070768
1739707200000,0.000012433
1739710800000,0.0000125
1739714400000,-0.0000025199
1739718000000,0.0000007212
1739721600000,0.0000023428
1739725200000,0.0000061785
1739728800000,0.000008269
1739732400000,-0.0000128401
1739736000000,0.0000029571
1739739600000,0.0000026608
1739743200000,0.0000042764
1739746800000,-0.0000085751
1739750400000,-0.0000172076
1739754000000,-0.0000058139
1739757600000,0.0000067009
1739761200000,0.0000048916
1739764800000,0.000008099
1739768400000,-0.0000058235
1739772000000,-0.0000149669
1739775600000,-0.0000015577
1739779200000,0.0000004702
1739782800000,0.0000025266
1739786400000,0.0000125
1739790000000,0.0000125
1739793600000,0.0000061506
1739797200000,0.0000125
1739800800000,-0.0000006261
1739804400000,0.0000072223
1739808000000,0.0000004199
1739811600000,0.0000047879
1739815200000,0.0000125
1739818800000,0.0000024017
1739822400000,0.0000125
1739826000000,0.0000125
1739829600000,0.0000125
1739833200000,0.0000125
1739836800000,0.0000072131
1739840400000,0.0000125
1739844000000,0.0000125
1739847600000,0.0000125
1739851200000,0.0000100621
1739854800000,-0.0000103359
1739858400000,-0.0000169831
1739862000000,0.0000001169
1739865600000,0.0000069559
1739869200000,0.0000068391
1739872800000,0.0000125
1739876400000,0.0000125
1739880000000,0.0000058327
1739883600000,0.0000125
1739887200000,0.0000074233
1739890800000,0.0000125
1739894400000,0.0000125
1739898000000,0.0000119631
1739901600000,0.0000125
1739905200000,0.0000125
1739908800000,0.0000125
1739912400000,0.0000125
1739916000000,0.0000125
1739919600000,0.0000125
1739923200000,0.0000125
1739926800000,0.0000125
1739930400000,0.0000125
1739934000000,0.0000125
1739937600000,0.0000125
1739941200000,0.0000125
1739944800000,0.0000125
1739948400000,0.0000125
1739952000000,0.0000125
1739955600000,0.0000125
1739959200000,0.0000125
1739962800000,0.0000125
1739966400000,0.0000125
1739970000000,0.0000125
1739973600000,0.0000125
1739977200000,0.0000125
1739980800000,0.0000125
1739984400000,0.0000125
1739988000000,0.0000125
1739991600000,0.0000125
1739995200000,0.0000125
1739998800000,0.0000125
1740002400000,0.0000125
1740006000000,0.0000125
1740009600000,0.0000125
1740013200000,0.0000112876
1740016800000,0.0000125
1740020400000,0.0000125
1740024000000,0.0000125
1740027600000,0.0000125
1740031200000,0.0000125
1740034800000,0.0000125
1740038400000,0.0000125
1740042000000,0.0000125
1740045600000,0.0000125
1740049200000,0.0000125
1740052800000,0.0000125
1740056400000,0.0000125
1740060000000,0.0000125
1740063600000,0.0000125
1740067200000,0.0000125
1740070800000,0.0000125
1740074400000,0.0000125
1740078000000,0.0000125
1740081600000,0.0000125
1740085200000,0.0000054572
1740088800000,-0.0000086612
1740092400000,0.0000070062
1740096000000,0.0000125
1740099600000,0.0000125
1740103200000,0.0000125
1740106800000,0.0000125
1740110400000,0.0000125
1740114000000,0.0000125
1740117600000,0.0000125
1740121200000,0.0000125
1740124800000,0.0000125
1740128400000,0.0000090159
1740132000000,0.0000111755
1740135600000,0.0000018097
1740139200000,-0.000011814
1740142800000,-0.0000095363
1740146400000,0.0000125
1740150000000,0.0000125
1740153600000,0.0000125
1740157200000,0.0000125
1740160800000,0.0000125
1740164400000,0.0000125
1740168000000,0.0000125
1740171600000,0.0000125
1740175200000,0.0000125
1740178800000,0.0000125
1740182400000,0.0000134989
1740186000000,0.0000125
1740189600000,0.0000125
1740193200000,0.0000125
1740196800000,0.0000125
1740200400000,0.0000125
1740204000000,0.0000125
1740207600000,0.0000125
1740211200000,0.0000125
1740214800000,0.0000125
1740218400000,0.0000125
1740222000000,0.0000125
1740225600000,0.0000125
1740229200000,0.0000125
1740232800000,0.0000125
1740236400000,0.0000125
1740240000000,0.0000125
1740243600000,0.0000125
1740247200000,0.0000125
1740250800000,0.0000125
1740254400000,0.0000125
1740258000000,0.0000125
1740261600000,0.0000125
1740265200000,0.0000125
1740268800000,0.0000125
1740272400000,0.0000125
1740276000000,0.0000125
1740279600000,0.0000125
1740283200000,0.0000125
1740286800000,0.0000125
1740290400000,0.0000125
1740294000000,0.0000125
1740297600000,0.0000125
1740301200000,0.0000125
1740304800000,0.0000125
1740308400000,0.0000125
1740312000000,0.0000125
1740315600000,-0.0000013543
1740319200000,0.0000125
1740322800000,-0.0000039626
1740326400000,-0.0000163413
1740330000000,-0.0000079704
1740333600000,0.0000006755
1740337200000,0.000004224
1740340800000,0.000012001
1740344400000,0.0000006851
1740348000000,-0.0000031151
1740351600000,-0.0000215919
1740355200000,0.0000078362
1740358800000,0.0000125
1740362400000,-0.0000109873
1740366000000,-0.0000087839
1740369600000,-0.0000333913
1740373200000,-0.000023047
1740376800000,-0.0000110282
1740380400000,-0.0000032331
1740384000000,-0.000000809
1740387600000,-0.0000220465
1740391200000,-0.0000066915
1740394800000,-0.0000163464
1740398400000,-0.0000010056
1740402000000,0.0000125
1740405600000,0.0000081967
1740409200000,-0.0000085566
1740412800000,-0.0000082419
1740416400000,0.0000093463
1740420000000,0.0000125
1740423600000,0.0000125
1740427200000,-0.0000086301
1740430800000,-0.0000165549
1740434400000,0.0000014694
1740438000000,-0.0000138292
1740441600000,0.0000125
1740445200000,0.0000125
1740448800000,0.0000107329
1740452400000,0.0000077686
1740456000000,0.0000125
1740459600000,0.0000125
1740463200000,0.0000125
1740466800000,0.0000125
1740470400000,-0.0000259605
1740474000000,-0.0000145755
1740477600000,-0.0000457266
1740481200000,-0.0000111188
1740484800000,-0.0000021566
1740488400000,0.0000014079
1740492000000,-0.0000017885
1740495600000,-0.0000152123
1740499200000,-0.0000060412
1740502800000,0.0000125
1740506400000,0.0000125
1740510000000,0.0000116886
1740513600000,0.0000125
1740517200000,0.0000028683
1740520800000,-0.0000043603
1740524400000,-0.0000129782
1740528000000,-0.0000171827
1740531600000,-0.0000237338
1740535200000,-0.0000190539
1740538800000,-0.0000091855
1740542400000,-0.0000038531
1740546000000,0.0000006319
1740549600000,-0.0000023866
1740553200000,-0.0000018491
1740556800000,-0.0000070792
1740560400000,-0.0000229901
1740564000000,-0.0000083336
1740567600000,-0.0000091789
1740571200000,-0.0000152217
1740574800000,-0.0000177628
1740578400000,-0.0000128686
1740582000000,0.0000045303
1740585600000,0.0000125
1740589200000,0.0000107372
1740592800000,0.0000060674
1740596400000,-0.0000142983
1740600000000,-0.0000168134
1740603600000,0.0000125
1740607200000,0.0000125
1740610800000,0.0000125
1740614400000,0.0000125
1740618000000,0.0000125
1740621600000,0.0000125
1740625200000,0.0000125
1740628800000,0.0000125
1740632400000,0.0000125
1740636000000,0.0000125
1740639600000,0.0000125
1740643200000,0.0000125
1740646800000,0.0000125
1740650400000,0.0000125
1740654000000,0.0000125
1740657600000,0.0000125
1740661200000,0.0000125
1740664800000,0.0000125
1740668400000,-0.0000011449
1740672000000,0.0000125
1740675600000,0.0000109937
1740679200000,-0.0000008029
1740682800000,-0.000001646
1740686400000,-0.0000128169
1740690000000,-0.0000125225
1740693600000,0.0000125
1740697200000,0.0000085653
1740700800000,0.0000125
1740704400000,0.0000125
1740708000000,0.0000039819
1740711600000,-0.0000191211
1740715200000,-0.0000021042
1740718800000,-0.0000070917
1740722400000,-0.0000129721
1740726000000,-0.0000135623
1740729600000,0.0000074585
1740733200000,0.0000118455
1740736800000,0.0000125
1740740400000,0.0000086382
1740744000000,0.0000032468
1740747600000,-0.0000005361
1740751200000,0.0000075974
1740754800000,-0.0000089175
1740758400000,-0.0000135436
1740762000000,-0.0000116576
1740765600000,-0.0000106833
1740769200000,-0.0000136398
1740772800000,-0.0000085722
1740776400000,-0.0000174638
1740780000000,-0.0000169148
1740783600000,-0.0000383356
1740787200000,-0.0000527478
1740790800000,-0.0000258289
1740794400000,-0.0000143564
1740798000000,-0.0000009864
1740801600000,-0.0000049695
1740805200000,-0.0000132635
1740808800000,-0.0000124743
1740812400000,-0.0000094497
1740816000000,-0.0000039387
1740819600000,-0.0000067641
1740823200000,0.0000125
1740826800000,-0.0000228332
1740830400000,-0.0000261449
1740834000000,-0.000023917
1740837600000,-0.0000523188
1740841200000,-0.0000314934
1740844800000,-0.0000301406
1740848400000,-0.0000021721
1740852000000,0.000005858
1740855600000,0.0000125
1740859200000,0.0000125
1740862800000,0.0000125
1740866400000,0.0000125
1740870000000,0.0000125
1740873600000,0.0000125
1740877200000,0.0000125
1740880800000,0.0000125
1740884400000,0.0000125
1740888000000,0.0000125
1740891600000,0.0000125
1740895200000,0.0000125
1740898800000,0.0000125
1740902400000,0.0000125
1740906000000,0.0000125
1740909600000,0.0000125
1740913200000,0.0000125
1740916800000,0.0000125
1740920400000,0.0000125
1740924000000,0.0000125
1740927600000,0.0000125
1740931200000,0.0000125
1740934800000,0.0000125
1740938400000,0.0000125
1740942000000,0.0000125
1740945600000,0.0000125
1740949200000,0.0000125
1740952800000,0.0000125
1740956400000,0.0000125
1740960000000,0.0000125
1740963600000,0.0000125
1740967200000,0.0000125
1740970800000,0.0000125
1740974400000,0.0000125
1740978000000,0.0000125
1740981600000,0.0000125
1740985200000,0.0000125
1740988800000,0.0000125
1740992400000,0.0000125
1740996000000,0.0000125
1740999600000,0.0000125
1741003200000,0.0000125
1741006800000,0.0000125
1741010400000,0.0000125
1741014000000,0.0000125
1741017600000,0.0000125
1741021200000,0.0000125
1741024800000,0.0000125
1741028400000,0.0000125
1741032000000,0.0000125
1741035600000,0.0000035557
1741039200000,-0.000000076
1741042800000,0.0000125
1741046400000,0.0000106941
1741050000000,0.0000039181
1741053600000,-0.0000233423
1741057200000,-0.0000172685
1741060800000,-0.000024335
1741064400000,-0.0000146061
1741068000000,-0.0000073352
1741071600000,-0.0000057978
1741075200000,-0.0000169718
1741078800000,-0.0000116012
1741082400000,-0.0000097291
1741086000000,-0.0000171822
1741089600000,-0.0000134086
1741093200000,-0.0000120915
1741096800000,-0.0000094026
1741100400000,-0.000016929
1741104000000,-0.0000143333
1741107600000,-0.0000243375
1741111200000,-0.00000049
1741114800000,0.0000125
1741118400000,0.0000125
1741122000000,0.0000125
1741125600000,0.0000125
1741129200000,0.0000125
1741132800000,0.0000092603
1741136400000,0.0000125
1741140000000,0.0000125
1741143600000,0.0000091485
1741147200000,0.0000097917
1741150800000,0.0000125
1741154400000,0.0000125
1741158000000,0.0000125
1741161600000,0.0000125
1741165200000,0.0000125
1741168800000,0.0000125
1741172400000,0.0000125
1741176000000,0.0000125
1741179600000,0.0000125
1741183200000,0.0000125
1741186800000,0.0000061004
1741190400000,-0.0000065444
1741194000000,-0.000006859
1741197600000,0.0000012089
1741201200000,0.00000263
1741204800000,0.0000116494
1741208400000,0.0000079214
1741212000000,0.0000075293
1741215600000,0.0000028122
1741219200000,0.0000061738
1741222800000,-0.0000040832
1741226400000,-0.0000032794
1741230000000,0.0000077502
1741233600000,0.0000087979
1741237200000,0.0000087756
1741240800000,0.0000117696
1741244400000,0.0000031127
1741248000000,-0.0000008668
1741251600000,-0.0000065215
1741255200000,-0.0000063293
1741258800000,-0.0000053529
1741262400000,-0.0000098033
1741266000000,-0.0000161219
1741269600000,-0.0000185546
1741273200000,-0.0000122385
1741276800000,-0.0000108858
1741280400000,-0.0000096209
1741284000000,-0.0000105605
1741287600000,0.000003842
1741291200000,-0.0000042002
1741294800000,-0.0000041997
1741298400000,-0.0000026491
1741302000000,-0.0000023893
1741305600000,0.0000005694
1741309200000,-0.0000244942
1741312800000,-0.0000161135
1741316400000,-0.000018598
1741320000000,-0.0000220004
1741323600000,-0.0000133023
1741327200000,-0.0000013197
1741330800000,0.0000032082
1741334400000,0.0000079321
1741338000000,0.0000068277
1741341600000,0.0000125
1741345200000,0.0000123438
1741348800000,0.0000125
1741352400000,0.0000095551
1741356000000,0.0000125
1741359600000,0.0000125
1741363200000,0.0000125
1741366800000,-0.0000007667
1741370400000,0.0000095123
1741374000000,0.0000125
1741377600000,0.0000095446
1741381200000,0.0000125
1741384800000,-0.0000090983
1741388400000,-0.0000117451
1741392000000,-0.0000099524
1741395600000,-0.0000029394
1741399200000,-0.0000066253
1741402800000,-0.0000007279
1741406400000,-0.0000007463
1741410000000,0.0000005018
1741413600000,-0.0000045705
1741417200000,-0.0000039939
1741420800000,-0.0000021335
1741424400000,-0.0000104715
1741428000000,-0.0000081156
1741431600000,-0.0000055252
1741435200000,-0.0000092443
1741438800000,-0.00000892
1741442400000,-0.0000118101
1741446000000,-0.0000080951
1741449600000,-0.0000111757
1741453200000,-0.0000042298
1741456800000,-0.0000135711
1741460400000,-0.0000106416
1741464000000,-0.0000008212
1741467600000,-0.0000091942
1741471200000,-0.0000073516
1741474800000,-0.0000097142
1741478400000,-0.0000070837
1741482000000,-0.0000014355
1741485600000,-0.0000054609
1741489200000,-0.0000059621
1741492800000,-0.0000051249
1741496400000,-0.000006267
1741500000000,-0.000003391
1741503600000,-0.0000074771
1741507200000,-0.0000091003
1741510800000,-0.0000064678
1741514400000,-0.0000134305
1741518000000,-0.0000264037
1741521600000,-0.0000249822
1741525200000,-0.0000162835
1741528800000,-0.0000318377
1741532400000,-0.0000032891
1741536000000,-0.0000006938
1741539600000,-0.0000076023
1741543200000,-0.0000084859
1741546800000,-0.00000329
1741550400000,0.0000039371
1741554000000,0.0000048498
1741557600000,-0.000008888
1741561200000,-0.0000087589
1741564800000,-0.0000013726
1741568400000,0.0000012416
1741572000000,0.0000125
1741575600000,0.0000125
1741579200000,0.0000125
1741582800000,0.0000125
1741586400000,0.0000125
1741590000000,0.0000100767
1741593600000,0.0000125
1741597200000,0.0000125
1741600800000,0.0000125
1741604400000,0.000010706
1741608000000,0.0000125
1741611600000,0.0000125
1741615200000,0.0000125
1741618800000,-0.0000063754
1741622400000,0.0000125
1741626000000,-0.0000019789
1741629600000,-0.0000300126
1741633200000,-0.0000316101
1741636800000,-0.000005067
1741640400000,0.0000014079
1741644000000,0.0000093462
1741647600000,0.0000099325
1741651200000,0.000012103
1741654800000,-0.0000186251
1741658400000,-0.0000345906
1741662000000,-0.0000070915
1741665600000,-0.0000054399
1741669200000,0.0000054364
1741672800000,0.0000125
1741676400000,0.0000125
1741680000000,0.0000125
1741683600000,0.0000123495
1741687200000,0.0000125
1741690800000,0.0000066421
1741694400000,0.0000070437
1741698000000,0.0000000268
1741701600000,-0.0000037993
1741705200000,-0.0000235281
1741708800000,-0.0000137881
1741712400000,-0.0000145901
1741716000000,-0.0000166017
1741719600000,0.0000050564
1741723200000,0.0000113802
1741726800000,0.0000125
1741730400000,0.000010311
1741734000000,0.0000125
1741737600000,0.0000020018
1741741200000,0.0000067589
1741744800000,0.0000079887
1741748400000,0.0000096954
1741752000000,-0.0000015233
1741755600000,-0.0000032409
1741759200000,0.0000050623
1741762800000,0.0000047191
1741766400000,0.0000125
1741770000000,0.0000125
1741773600000,0.0000125
1741777200000,0.0000125
1741780800000,0.000007299
1741784400000,0.0000015714
1741788000000,-0.0000204258
1741791600000,-0.0000446618
1741795200000,-0.000032566
1741798800000,-0.0000027939
1741802400000,0.0000018372
1741806000000,-0.0000006537
1741809600000,-0.0000066176
1741813200000,0.0000033659
1741816800000,0.0000002289
1741820400000,0.0000023627
1741824000000,0.0000034994
1741827600000,0.000006411
1741831200000,0.0000116285
1741834800000,0.000006779
1741838400000,0.0000048501
1741842000000,-0.0000076764
1741845600000,-0.0000141257
1741849200000,-0.0000123909
1741852800000,-0.0000107549
1741856400000,-0.0000063873
1741860000000,0.0000095272
1741863600000,0.0000125
1741867200000,0.0000125
1741870800000,0.0000125
1741874400000,-0.0000068962
1741878000000,-0.0000027835
1741881600000,-0.000004367
1741885200000,-0.0000223242
1741888800000,-0.0000185027
1741892400000,-0.0000027822
1741896000000,0.0000084743
1741899600000,0.0000125
1741903200000,0.0000125
1741906800000,0.0000125
1741910400000,-0.0000070076
1741914000000,0.0000076373
1741917600000,0.0000070863
1741921200000,0.0000125
1741924800000,0.0000125
1741928400000,0.0000125
1741932000000,0.0000125
1741935600000,0.0000125
1741939200000,0.0000125
1741942800000,0.0000125
1741946400000,0.0000125
1741950000000,0.0000125
1741953600000,0.0000125
1741957200000,0.0000125
1741960800000,0.0000121961
1741964400000,0.0000125
1741968000000,0.0000074941
1741971600000,0.0000030395
1741975200000,0.0000032032
1741978800000,0.0000063795
1741982400000,0.0000101881
1741986000000,-0.0000003189
1741989600000,-0.0000085701
1741993200000,-0.000004941
1741996800000,-0.0000009045
1742000400000,-0.0000011134
1742004000000,-0.000002748
1742007600000,-0.00000739
1742011200000,-0.0000072919
1742014800000,-0.000000456
1742018400000,0.0000090498
1742022000000,0.0000057238
1742025600000,-0.0000017443
1742029200000,-0.0000009777
1742032800000,0.0000028057
1742036400000,0.0000050778
1742040000000,0.0000018574
1742043600000,0.0000034934
1742047200000,0.0000026662
1742050800000,0.0000030953
1742054400000,0.0000098548
1742058000000,0.0000069962
1742061600000,0.0000090224
1742065200000,0.0000081607
1742068800000,0.0000103984
1742072400000,0.0000125
1742076000000,0.0000059102
1742079600000,0.000007052
1742083200000,0.0000119496
1742086800000,0.0000090659
1742090400000,-0.0000042286
1742094000000,-0.0000113034
1742097600000,-0.0000141975
1742101200000,-0.0000134692
1742104800000,-0.000007634
1742108400000,-0.0000087048
1742112000000,-0.0000070236
1742115600000,-0.0000036592
1742119200000,-0.0000074811
1742122800000,-0.0000107725
1742126400000,-0.0000146637
1742130000000,-0.0000151652
1742133600000,-0.0000147572
1742137200000,-0.0000118253
1742140800000,-0.0000109755
1742144400000,-0.0000147729
1742148000000,-0.0000121256
1742151600000,-0.0000356868
1742155200000,-0.0000435766
1742158800000,-0.0000049681
1742162400000,-0.0000079615
1742166000000,-0.000011914
1742169600000,-0.0000076815
1742173200000,0.00000201
1742176800000,-0.0000111628
1742180400000,-0.0000060099
1742184000000,-0.0000074526
1742187600000,-0.0000088733
1742191200000,-0.0000131236
1742194800000,-0.0000151288
1742198400000,-0.0000195085
1742202000000,-0.000013995
1742205600000,-0.0000179569
1742209200000,-0.0000183069
1742212800000,-0.0000157841
1742216400000,-0.0000216725
1742220000000,-0.0000186357
1742223600000,-0.0000134245
1742227200000,-0.0000156915
1742230800000,-0.000014705
1742234400000,-0.0000091328
1742238000000,0.0000001381
1742241600000,-0.0000103961
1742245200000,-0.0000159843
1742248800000,-0.0000088457
1742252400000,-0.0000119992
1742256000000,-0.0000351953
1742259600000,-0.0000267931
1742263200000,-0.0000235198
1742266800000,-0.0000029192
1742270400000,-0.0000025587
1742274000000,-0.0000087609
1742277600000,-0.0000037125
1742281200000,-0.0000101081
1742284800000,0.0000057901
1742288400000,0.0000089765
1742292000000,0.0000106024
1742295600000,-0.0000020239
1742299200000,0.0000061336
1742302800000,0.000010906
1742306400000,0.0000037372
1742310000000,0.0000087552
1742313600000,0.0000125
1742317200000,0.0000109511
1742320800000,0.0000125
1742324400000,0.0000125
1742328000000,0.0000125
1742331600000,0.0000125
1742335200000,0.0000125
1742338800000,0.0000125
1742342400000,0.0000125
1742346000000,0.0000125
1742349600000,0.0000125
1742353200000,0.0000125
1742356800000,0.0000125
1742360400000,0.0000125
1742364000000,0.0000125
1742367600000,0.0000125
1742371200000,0.0000125
1742374800000,0.0000125
1742378400000,0.0000125
1742382000000,0.0000125
1742385600000,0.0000125
1742389200000,0.0000125
1742392800000,0.0000125
1742396400000,0.0000125
1742400000000,0.0000125
1742403600000,0.0000125
1742407200000,0.0000121095
1742410800000,0.0000125
1742414400000,0.0000125
1742418000000,0.0000125
1742421600000,0.0000125
1742425200000,0.0000125
1742428800000,0.0000125
1742432400000,0.0000125
1742436000000,0.0000079416
1742439600000,0.0000125
1742443200000,0.000007326
1742446800000,0.0000068955
1742450400000,0.0000080641
1742454000000,0.0000079055
1742457600000,0.0000060363
1742461200000,0.0000125
1742464800000,0.0000125
1742468400000,0.0000125
1742472000000,0.0000064393
1742475600000,-0.0000007834
1742479200000,0.0000062189
1742482800000,0.0000125
1742486400000,-0.0000071727
1742490000000,-0.0000040433
1742493600000,0.0000062669
1742497200000,0.0000111476
1742500800000,0.0000122115
1742504400000,0.0000125
1742508000000,0.0000066042
1742511600000,0.0000125
1742515200000,0.0000125
1742518800000,0.0000125
1742522400000,0.0000125
1742526000000,0.0000125
1742529600000,0.0000125
1742533200000,0.0000125
1742536800000,-0.0000016897
1742540400000,0.000003858
1742544000000,0.0000025871
1742547600000,0.0000036366
1742551200000,0.0000090043
1742554800000,0.0000016862
1742558400000,-0.0000019153
1742562000000,0.0000009922
1742565600000,-0.0000055861
1742569200000,-0.0000027987
1742572800000,0.0000125
1742576400000,0.0000125
1742580000000,0.0000125
1742583600000,0.0000108803
1742587200000,0.0000090096
1742590800000,0.0000107865
1742594400000,0.0000125
1742598000000,0.0000106782
1742601600000,0.0000071818
1742605200000,0.0000125
1742608800000,0.0000125
1742612400000,0.0000107012
1742616000000,0.0000073493
1742619600000,0.0000125
1742623200000,0.0000125
1742626800000,0.0000125
1742630400000,0.0000125
1742634000000,0.0000125
1742637600000,0.0000125
1742641200000,0.0000125
1742644800000,0.0000125
1742648400000,0.0000125
1742652000000,0.0000089922
1742655600000,0.0000057029
1742659200000,0.0000043843
1742662800000,0.000002819
1742666400000,0.0000085857
1742670000000,0.0000125
1742673600000,0.0000125
1742677200000,0.0000125
1742680800000,0.0000068294
1742684400000,0.0000010157
1742688000000,-0.0000077974
1742691600000,-0.0000074769
1742695200000,0.0000043609
1742698800000,0.0000110734
1742702400000,0.0000125
1742706000000,-0.000009758
1742709600000,0.0000098751
1742713200000,0.0000125
1742716800000,0.0000125
1742720400000,0.0000125
1742724000000,0.0000125
1742727600000,0.0000125
1742731200000,0.0000125
1742734800000,0.0000125
1742738400000,0.0000125
1742742000000,0.0000125
1742745600000,0.0000125
1742749200000,0.0000125
1742752800000,0.0000125
1742756400000,0.000008422
1742760000000,0.0000114948
1742763600000,0.0000125
1742767200000,0.0000048334
1742770800000,0.0000054288
1742774400000,0.0000125
1742778000000,0.0000089852
1742781600000,0.0000009153
1742785200000,-0.0000050336
1742788800000,0.0000125
1742792400000,0.0000125
1742796000000,0.000009187
1742799600000,-0.0000000136
1742803200000,0.0000004685
1742806800000,0.0000082257
1742810400000,0.0000125
1742814000000,0.0000125
1742817600000,-0.0000057609
1742821200000,0.0000049684
1742824800000,0.0000104578
1742828400000,0.0000106178
1742832000000,0.0000125
1742835600000,0.0000105478
1742839200000,0.0000123263
1742842800000,0.0000106019
1742846400000,-0.0000027099
1742850000000,-0.0000010928
1742853600000,0.000004691
1742857200000,0.0000046119
1742860800000,0.0000052165
1742864400000,0.0000125
1742868000000,0.0000125
1742871600000,0.0000118899
1742875200000,0.0000100869
1742878800000,0.00001205
1742882400000,0.0000125
1742886000000,0.0000125
1742889600000,0.0000125
1742893200000,0.0000125
1742896800000,0.0000125
1742900400000,0.0000125
1742904000000,0.0000125
1742907600000,0.0000125
1742911200000,0.0000125
1742914800000,0.0000125
1742918400000,0.0000125
1742922000000,0.0000125
1742925600000,0.0000125
1742929200000,0.0000070329
1742932800000,0.0000099862
1742936400000,0.0000125
1742940000000,0.0000108806
1742943600000,0.0000077164
1742947200000,0.0000100517
1742950800000,0.0000102095
1742954400000,0.0000085044
1742958000000,0.0000018958
1742961600000,-0.0000027475
1742965200000,0.0000011171
1742968800000,0.0000101431
1742972400000,0.0000125
1742976000000,0.0000125
1742979600000,0.0000125
1742983200000,0.0000099137
1742986800000,0.0000125
1742990400000,0.0000125
1742994000000,0.0000125
1742997600000,0.0000056667
1743001200000,0.0000086808
1743004800000,0.0000125
1743008400000,0.0000125
1743012000000,0.0000084946
1743015600000,0.0000092208
1743019200000,0.0000096822
1743022800000,0.0000069401
1743026400000,-0.000001823
1743030000000,-0.0000027757
1743033600000,-0.0000010866
1743037200000,0.0000022343
1743040800000,0.0000045236
1743044400000,0.0000105829
1743048000000,0.0000125
1743051600000,0.0000083728
1743055200000,0.0000103912
1743058800000,0.0000102279
1743062400000,0.0000125
1743066000000,0.0000093924
1743069600000,0.0000125
1743073200000,0.0000125
1743076800000,0.0000125
1743080400000,0.0000115003
1743084000000,0.0000098884
1743087600000,0.0000124642
1743091200000,0.0000124607
1743094800000,0.0000102442
1743098400000,0.0000095603
1743102000000,0.0000125
1743105600000,0.0000125
1743109200000,0.0000109498
1743112800000,0.0000125
1743116400000,0.0000065764
1743120000000,0.000000835
1743123600000,0.0000046574
1743127200000,0.0000029177
1743130800000,-0.0000016715
1743134400000,-0.0000033957
1743138000000,-0.0000144312
1743141600000,-0.0000188916
1743145200000,-0.0000218655
1743148800000,-0.0000282917
1743152400000,-0.0000178617
1743156000000,-0.0000124943
1743159600000,-0.0000127976
1743163200000,-0.0000128542
1743166800000,-0.0000095615
1743170400000,-0.0000067602
1743174000000,-0.0000035587
1743177600000,0.0000057575
1743181200000,0.000000396
1743184800000,0.0000109524
1743188400000,0.0000096653
1743192000000,0.0000093273
1743195600000,0.0000125
1743199200000,0.0000125
1743202800000,0.000010562
1743206400000,0.0000074633
1743210000000,0.0000117181
1743213600000,0.0000125
1743217200000,0.0000125
1743220800000,0.0000125
1743224400000,0.0000125
1743228000000,0.0000125
1743231600000,0.0000125
1743235200000,0.0000125
1743238800000,0.0000125
1743242400000,0.0000125
1743246000000,0.0000125
1743249600000,-0.0000059818
1743253200000,-0.0000020824
1743256800000,0.0000026822
1743260400000,-0.0000009401
1743264000000,-0.0000062575
1743267600000,0.0000023106
1743271200000,-0.0000060699
1743274800000,-0.0000065869
1743278400000,-0.0000110228
1743282000000,-0.000014079
1743285600000,-0.0000137412
1743289200000,-0.0000126138
1743292800000,-0.0000099997
1743296400000,-0.000010758
1743300000000,-0.0000076238
1743303600000,-0.000008972
1743307200000,-0.0000119934
1743310800000,-0.0000047252
1743314400000,-0.0000103199
1743318000000,-0.0000126719
1743321600000,-0.0000174262
1743325200000,-0.0000162385
1743328800000,-0.0000157795
1743332400000,-0.0000187113
1743336000000,-0.0000194534
1743339600000,-0.0000165854
1743343200000,-0.0000220443
1743346800000,-0.0000127853
1743350400000,-0.0000155501
1743354000000,-0.0000225956
1743357600000,-0.0000158132
1743361200000,-0.0000039791
1743364800000,-0.0000027487
1743368400000,-0.0000013083
1743372000000,-0.0000018885
1743375600000,0.0000033259
1743379200000,0.0000075053
1743382800000,0.0000021727
1743386400000,0.000007175
1743390000000,-0.0000004559
1743393600000,-0.0000001134
1743397200000,0.0000038888
1743400800000,0.0000042157
1743404400000,-0.0000016313
1743408000000,-0.0000026999
1743411600000,-0.0000020024
1743415200000,0.0000012554
1743418800000,0.0000068267
1743422400000,0.0000018532
1743426000000,-0.0000062409
1743429600000,-0.000017941
1743433200000,-0.0000065978
1743436800000,-0.000003594
1743440400000,-0.0000039392
1743444000000,-0.0000077593
1743447600000,0.0000064254
1743451200000,0.0000017045
1743454800000,-0.0000005358
1743458400000,-0.000005038
1743462000000,-0.0000041057
1743465600000,0.0000035232
1743469200000,0.0000027847
1743472800000,-0.0000017976
1743476400000,0.0000060802
1743480000000,0.0000104171
1743483600000,0.0000119864
1743487200000,0.0000125
1743490800000,0.0000116239
1743494400000,0.0000079433
1743498000000,0.0000125
1743501600000,0.0000125
1743505200000,0.0000125
1743508800000,0.0000125
1743512400000,0.0000125
1743516000000,0.0000099289
1743519600000,0.0000035181
1743523200000,0.0000125
1743526800000,0.0000125
1743530400000,0.0000070863
1743534000000,-0.0000035384
1743537600000,-0.0000026032
1743541200000,0.0000013549
1743544800000,0.0000044312
1743548400000,0.0000125
1743552000000,0.0000125
1743555600000,0.0000094786
1743559200000,0.000009594
1743562800000,0.0000081634
1743566400000,0.0000110381
1743570000000,0.000008701
1743573600000,0.0000030828
1743577200000,0.0000046102
1743580800000,0.0000086943
1743584400000,0.0000116196
1743588000000,0.0000125
1743591600000,0.0000125
1743595200000,0.0000125
1743598800000,0.0000125
1743602400000,0.0000125
1743606000000,0.0000125
1743609600000,0.0000125
1743613200000,0.0000108168
1743616800000,0.0000053824
1743620400000,-0.000000663
1743624000000,0.0000022569
1743627600000,0.0000083761
1743631200000,-0.0000056263
1743634800000,-0.0000089498
1743638400000,-0.000015991
1743642000000,-0.0000037321
1743645600000,0.0000041539
1743649200000,0.0000001747
1743652800000,-0.0000028831
1743656400000,-0.0000036624
1743660000000,-0.0000079253
1743663600000,-0.0000092836
1743667200000,-0.0000089084
1743670800000,-0.0000085979
1743674400000,-0.0000140132
1743678000000,-0.0000107587
1743681600000,-0.000019097
1743685200000,-0.0000195171
1743688800000,-0.0000149459
1743692400000,-0.0000171102
1743696000000,-0.0000086725
1743699600000,-0.0000128756
1743703200000,-0.0000134433
1743706800000,-0.0000113247
1743710400000,-0.0000097124
1743714000000,-0.0000113928
1743717600000,-0.0000031951
1743721200000,-0.0000002487
1743724800000,0.000002283
1743728400000,0.0000043661
1743732000000,-0.0000022526
1743735600000,-0.0000087146
1743739200000,-0.0000085376
1743742800000,-0.0000171625
1743746400000,-0.0000078253
1743750000000,-0.0000067525
1743753600000,-0.0000087785
1743757200000,-0.0000033313
1743760800000,-0.0000060131
1743764400000,-0.0000097711
1743768000000,-0.000017121
1743771600000,-0.0000128369
1743775200000,-0.0000064953
1743778800000,-0.0000038875
1743782400000,-0.0000126922
1743786000000,-0.0000085235
1743789600000,-0.0000074351
1743793200000,-0.0000153512
1743796800000,-0.0000188179
1743800400000,-0.0000185464
1743804000000,-0.0000108891
1743807600000,-0.0000125862
1743811200000,-0.0000202715
1743814800000,-0.0000043669
1743818400000,0.0000027364
1743822000000,-0.000004836
1743825600000,-0.0000081767
1743829200000,-0.0000085489
1743832800000,-0.0000073684
1743836400000,-0.0000092242
1743840000000,-0.0000032278
1743843600000,-0.0000031791
1743847200000,0.0000037205
1743850800000,0.0000013773
1743854400000,-0.0000027855
1743858000000,-0.0000116376
1743861600000,-0.0000126625
1743865200000,-0.00000535
1743868800000,-0.0000088945
1743872400000,-0.000007116
1743876000000,-0.000008336
1743879600000,-0.0000115588
1743883200000,-0.0000162725
1743886800000,-0.0000136257
1743890400000,-0.0000113319
1743894000000,-0.000015329
1743897600000,-0.0000024468
1743901200000,0.000010429
1743904800000,0.0000096266
1743908400000,0.0000082216
1743912000000,0.0000073172
1743915600000,0.0000094537
1743919200000,0.0000057219
1743922800000,0.0000048045
1743926400000,-0.0000003486
1743930000000,-0.000028079
1743933600000,-0.0000425806
1743937200000,-0.0000401829
1743940800000,-0.0000474526
1743944400000,-0.0000387356
1743948000000,-0.0000349103
1743951600000,-0.0000107909
1743955200000,0.0000067791
1743958800000,0.0000069525
1743962400000,-0.0000126142
1743966000000,-0.0000254537
1743969600000,-0.000021553
1743973200000,-0.0000075239
1743976800000,0.0000002064
1743980400000,-0.0000097826
1743984000000,-0.000029981
1743987600000,-0.000026813
1743991200000,-0.0000030874
1743994800000,-0.0000203905
1743998400000,-0.0000165228
1744002000000,-0.0000190246
1744005600000,-0.0000178545
1744009200000,-0.00002346
1744012800000,0.0000125
1744016400000,0.0000125
1744020000000,0.0000125
1744023600000,-0.0000013162
1744027200000,-0.0000238246
1744030800000,-0.0000179379
1744034400000,-0.0000273791
1744038000000,0.0000039567
1744041600000,-0.0000205396
1744045200000,-0.0000411429
1744048800000,-0.0000169211
1744052400000,-0.0000167419
1744056000000,-0.000022518
1744059600000,-0.0000125131
1744063200000,-0.0000096162
1744066800000,-0.0000039582
1744070400000,-0.0000250168
1744074000000,-0.0000201898
1744077600000,-0.0000162526
1744081200000,0.0000125
1744084800000,0.0000125
1744088400000,0.0000125
1744092000000,0.0000125
1744095600000,0.0000125
1744099200000,-0.0000149708
1744102800000,-0.0000158109
1744106400000,-0.0000139529
1744110000000,-0.0000138963
1744113600000,-0.0000080781
1744117200000,-0.0000042544
1744120800000,-0.0000050845
1744124400000,-0.0000309281
1744128000000,-0.000026324
1744131600000,-0.0000434108
1744135200000,-0.0000529898
1744138800000,-0.0000230903
1744142400000,-0.0000355012
1744146000000,-0.0000189505
1744149600000,-0.0000292551
1744153200000,-0.000034562
1744156800000,-0.0000332072
1744160400000,-0.0000286207
1744164000000,-0.0000678555
1744167600000,-0.0000606533
1744171200000,-0.0000778924
1744174800000,-0.0000388719
1744178400000,-0.0000198671
1744182000000,-0.0000048094
1744185600000,-0.0000009901
1744189200000,0.0000098757
1744192800000,0.0000046375
1744196400000,0.0000000284
1744200000000,-0.0000028519
1744203600000,-0.0000228706
1744207200000,-0.0000093012
1744210800000,-0.0000117901
1744214400000,-0.0000038395
1744218000000,0.0000095781
1744221600000,0.0000125
1744225200000,0.0000125
1744228800000,-0.0000022539
1744232400000,-0.000006536
1744236000000,0.0000081339
1744239600000,0.0000076049
1744243200000,0.0000023908
1744246800000,-0.0000056912
1744250400000,-0.0000162006
1744254000000,-0.0000198774
1744257600000,-0.0000212892
1744261200000,-0.0000213771
1744264800000,-0.0000302409
1744268400000,-0.0000224318
1744272000000,-0.0000211982
1744275600000,-0.0000186346
1744279200000,-0.0000192373
1744282800000,-0.0000199861
1744286400000,-0.0000293595
1744290000000,-0.0000151721
1744293600000,-0.0000133606
1744297200000,-0.0000087915
1744300800000,-0.0000167613
1744304400000,-0.0000063833
1744308000000,-0.0000034003
1744311600000,0.0000010339
1744315200000,-0.0000097917
1744318800000,-0.0000032027
1744322400000,-0.0000057528
1744326000000,-0.0000060027
1744329600000,-0.0000150375
1744333200000,-0.0000223897
1744336800000,-0.0000183758
1744340400000,-0.0000096355
1744344000000,-0.0000115699
1744347600000,-0.0000021965
1744351200000,-0.000011974
1744354800000,-0.0000086092
1744358400000,-0.000016471
1744362000000,-0.0000085612
1744365600000,-0.0000082448
1744369200000,-0.0000029695
1744372800000,-0.0000069851
1744376400000,-0.0000000526
1744380000000,0.0000053378
1744383600000,0.0000007103
1744387200000,-0.0000102701
1744390800000,-0.0000054689
1744394400000,-0.0000038875
1744398000000,-0.0000078449
1744401600000,-0.0000016371
1744405200000,-0.0000026109
1744408800000,-0.000003449
1744412400000,-0.0000088452
1744416000000,-0.0000035405
1744419600000,-0.000012524
1744423200000,-0.0000221386
1744426800000,-0.000032872
1744430400000,-0.0000265647
1744434000000,-0.0000293967
1744437600000,-0.0000574258
1744441200000,-0.0000606488
1744444800000,-0.0000575608
1744448400000,-0.0000453571
1744452000000,-0.0000291679
1744455600000,-0.0000279693
1744459200000,-0.0000240877
1744462800000,-0.0000253141
1744466400000,-0.000010902
1744470000000,0.0000125
1744473600000,0.0000125
1744477200000,0.0000125
1744480800000,0.0000125
1744484400000,0.0000125
1744488000000,0.0000125
1744491600000,0.0000076795
1744495200000,0.0000125
1744498800000,0.0000125
1744502400000,0.0000125
1744506000000,0.00000626
1744509600000,0.0000037038
1744513200000,0.0000054529
1744516800000,0.0000035159
1744520400000,0.0000010331
1744524000000,-0.0000050278
1744527600000,-0.0000063143
1744531200000,-0.0000009325
1744534800000,0.0000005133
1744538400000,-0.0000005453
1744542000000,-0.0000104534
1744545600000,-0.0000180276
1744549200000,-0.0000128234
1744552800000,-0.0000178029
1744556400000,-0.000051334
1744560000000,-0.0000167254
1744563600000,-0.0000049499
1744567200000,0.0000125
1744570800000,0.0000125
1744574400000,0.0000125
1744578000000,-0.000000966
1744581600000,-0.0000038501
1744585200000,-0.0000059835
1744588800000,-0.0000043161
1744592400000,0.0000035983
1744596000000,0.0000125
1744599600000,0.0000125
1744603200000,0.0000075438
1744606800000,0.0000086525
1744610400000,0.0000125
1744614000000,0.0000125
1744617600000,0.0000125
1744621200000,0.0000125
1744624800000,0.0000125
1744628400000,0.0000125
1744632000000,0.0000125
1744635600000,0.0000098723
1744639200000,0.0000052892
1744642800000,0.000005401
1744646400000,0.0000101723
1744650000000,0.0000125
1744653600000,0.0000125
1744657200000,0.0000125
1744660800000,-0.0000050904
1744664400000,-0.0000081402
1744668000000,-0.0000032411
1744671600000,-0.0000015083
1744675200000,0.0000065543
1744678800000,0.0000036197
1744682400000,-0.0000057603
1744686000000,-0.0000085263
1744689600000,0.0000011258
1744693200000,-0.0000071719
1744696800000,-0.0000039641
1744700400000,-0.0000048094
1744704000000,0.0000062259
1744707600000,-0.0000015521
1744711200000,-0.0000050165
1744714800000,-0.0000129585
1744718400000,-0.0000029556
1744722000000,0.0000041193
1744725600000,-0.0000021343
1744729200000,0.0000008649
1744732800000,-0.0000019187
1744736400000,-0.0000051485
1744740000000,-0.0000027024
1744743600000,-0.000007119
1744747200000,-0.0000045649
1744750800000,0.0000008141
1744754400000,0.0000052575
1744758000000,-0.0000051194
1744761600000,-0.0000152386
1744765200000,-0.000009059
1744768800000,-0.0000041916
1744772400000,0.0000003473
1744776000000,-0.0000025113
1744779600000,-0.0000074839
1744783200000,-0.0000166474
1744786800000,-0.0000329387
1744790400000,-0.0000288977
1744794000000,-0.0000138808
1744797600000,-0.0000165006
1744801200000,-0.0000148107
1744804800000,-0.0000057277
1744808400000,-0.0000064874
1744812000000,-0.0000112212
1744815600000,-0.0000027101
1744819200000,-0.0000117438
1744822800000,-0.0000156852
1744826400000,-0.000012951
1744830000000,-0.0000146135
1744833600000,-0.0000112111
1744837200000,-0.0000084604
1744840800000,-0.0000055333
1744844400000,-0.0000047558
1744848000000,-0.0000061171
1744851600000,-0.0000074796
1744855200000,-0.0000117932
1744858800000,-0.0000026098
1744862400000,-0.0000057442
1744866000000,-0.0000060105
1744869600000,0.0000009613
1744873200000,0.0000036401
1744876800000,0.0000062003
1744880400000,0.0000068809
1744884000000,0.0000032708
1744887600000,-0.000001258
1744891200000,-0.0000081533
1744894800000,-0.0000032474
1744898400000,-0.0000045233
1744902000000,-0.0000071006
1744905600000,-0.00000772
1744909200000,0.0000000538
1744912800000,0.0000069986
1744916400000,0.0000094089
1744920000000,-0.0000102038
1744923600000,-0.0000035613
1744927200000,-0.0000051925
1744930800000,-0.0000033379
1744934400000,-0.000001907
1744938000000,-0.0000136044
1744941600000,-0.0000055464
1744945200000,0.0000003875
1744948800000,-0.0000047192
1744952400000,-0.0000054473
1744956000000,-0.0000088506
1744959600000,-0.0000061118
1744963200000,-0.000005853
1744966800000,0.0000013274
1744970400000,-0.0000036405
1744974000000,-0.0000044987
1744977600000,-0.0000036639
1744981200000,-0.0000042416
1744984800000,-0.0000186344
1744988400000,-0.0000167981
1744992000000,-0.000015008
1744995600000,-0.0000179478
1744999200000,-0.0000193555
1745002800000,-0.0000164819
1745006400000,-0.0000213071
1745010000000,-0.000020605
1745013600000,-0.0000157685
1745017200000,-0.0000158137
1745020800000,-0.0000138506
1745024400000,-0.0000128728
1745028000000,-0.0000007232
1745031600000,0.0000003732
1745035200000,0.0000059948
1745038800000,0.0000076438
1745042400000,0.0000081132
1745046000000,0.0000125
1745049600000,0.0000125
1745053200000,0.0000125
1745056800000,0.0000125
1745060400000,0.0000125
1745064000000,0.0000125
1745067600000,0.0000125
1745071200000,0.0000125
1745074800000,0.0000125
1745078400000,0.0000125
1745082000000,0.0000125
1745085600000,0.0000107675
1745089200000,0.00000181
1745092800000,-0.0000013206
1745096400000,0.0000012078
1745100000000,-0.0000002646
1745103600000,0.0000006405
1745107200000,0.0000015125
1745110800000,-0.0000031109
1745114400000,0.0000013969
1745118000000,-0.0000000914
1745121600000,0.0000025094
1745125200000,0.000007617
1745128800000,-0.0000009252
1745132400000,0.0000018508
1745136000000,0.0000091604
1745139600000,0.0000120663
1745143200000,0.0000079742
1745146800000,0.0000032994
1745150400000,-0.0000051505
1745154000000,0.000010205
1745157600000,0.0000109951
1745161200000,0.0000125
1745164800000,0.0000074862
1745168400000,-0.0000037461
1745172000000,-0.0000015067
1745175600000,0.0000004736
1745179200000,0.0000053142
1745182800000,-0.0000023162
1745186400000,-0.0000125051
1745190000000,-0.0000102853
1745193600000,-0.000003888
1745197200000,0.000000793
1745200800000,-0.000009802
1745204400000,-0.0000125911
1745208000000,-0.0000109842
1745211600000,-0.0000038884
1745215200000,-0.0000025001
1745218800000,0.0000053535
1745222400000,-0.0000124728
1745226000000,-0.0000092455
1745229600000,-0.0000062315
1745233200000,-0.0000150675
1745236800000,0.0000043363
1745240400000,0.0000012898
1745244000000,-0.0000027243
1745247600000,0.0000098089
1745251200000,-0.0000011409
1745254800000,-0.0000037585
1745258400000,0.0000076274
1745262000000,0.0000125
1745265600000,0.0000125
1745269200000,0.0000125
1745272800000,0.0000125
1745276400000,0.0000125
1745280000000,0.0000125
1745283600000,0.0000125
1745287200000,0.0000125
1745290800000,0.0000125
1745294400000,0.0000106317
1745298000000,0.0000125
1745301600000,0.0000125
1745305200000,0.0000125
1745308800000,0.0000125
1745312400000,0.0000125
1745316000000,0.0000125
1745319600000,0.0000125
1745323200000,0.0000125
1745326800000,0.0000125
1745330400000,0.0000125
1745334000000,0.0000073102
1745337600000,0.0000030059
1745341200000,-0.0000116244
1745344800000,-0.0000163608
1745348400000,-0.0000067747
1745352000000,-0.000015879
1745355600000,-0.0000147091
1745359200000,0.000001935
1745362800000,-0.0000026149
1745366400000,0.0000125
1745370000000,0.0000125
1745373600000,0.0000105396
1745377200000,0.0000125
1745380800000,0.0000125
1745384400000,0.0000125
1745388000000,0.0000125
1745391600000,0.0000125
1745395200000,0.0000125
1745398800000,0.0000125
1745402400000,0.0000125
1745406000000,0.0000125
1745409600000,0.0000125
1745413200000,0.0000125
1745416800000,0.0000125
1745420400000,0.0000125
1745424000000,0.0000064363
1745427600000,0.0000059334
1745431200000,0.0000095939
1745434800000,0.0000065774
1745438400000,-0.00000447
1745442000000,0.0000049606
1745445600000,0.0000075
1745449200000,0.000006962
1745452800000,0.0000011233
1745456400000,-0.0000110482
1745460000000,-0.0000043459
1745463600000,-0.0000097142
1745467200000,-0.000016887
1745470800000,-0.0000149567
1745474400000,-0.0000054049
1745478000000,-0.0000076806
1745481600000,-0.0000106443
1745485200000,-0.0000042711
1745488800000,0.0000036309
1745492400000,0.0000041288
1745496000000,-0.0000042598
1745499600000,-0.0000052494
1745503200000,-0.0000224858
1745506800000,-0.0000031757
1745510400000,0.0000095518
1745514000000,0.0000125
1745517600000,0.0000123081
1745521200000,0.0000125
1745524800000,0.0000125
1745528400000,0.0000125
1745532000000,0.0000057696
1745535600000,0.0000037047
1745539200000,0.0000125
1745542800000,0.0000125
1745546400000,0.0000125
1745550000000,0.0000041394
1745553600000,0.0000048989
1745557200000,0.0000112527
1745560800000,0.0000078257
1745564400000,0.0000053438
1745568000000,0.0000053324
1745571600000,0.0000125
1745575200000,0.0000125
1745578800000,0.0000094539
1745582400000,0.0000125
1745586000000,0.0000123725
1745589600000,0.0000068118
1745593200000,0.0000125
1745596800000,0.0000125
1745600400000,0.0000110189
1745604000000,0.0000069119
1745607600000,-0.000001541
1745611200000,-0.0000017607
1745614800000,-0.0000071188
1745618400000,-0.0000083988
1745622000000,-0.0000133214
1745625600000,-0.0000082309
1745629200000,0.0000034913
1745632800000,0.0000064931
1745636400000,-0.0000127985
1745640000000,-0.0000077149
1745643600000,0.0000006669
1745647200000,0.0000003569
1745650800000,0.0000017018
1745654400000,0.0000018307
1745658000000,0.0000074586
1745661600000,-0.0000013418
1745665200000,0.0000084078
1745668800000,-0.0000141918
1745672400000,-0.0000073385
1745676000000,-0.0000088023
1745679600000,-0.0000038355
1745683200000,0.0000018465
1745686800000,0.0000001536
1745690400000,0.0000027427
1745694000000,0.0000007636
1745697600000,-0.0000042882
1745701200000,0.0000031542
1745704800000,0.000002235
1745708400000,-0.0000002496
1745712000000,-0.0000020392
1745715600000,0.0000078188
1745719200000,-0.0000126417
1745722800000,-0.0000141267
1745726400000,-0.0000173578
1745730000000,-0.0000225138
1745733600000,-0.0000287112
1745737200000,-0.0000179949
1745740800000,-0.0000161308
1745744400000,-0.0000164717
1745748000000,-0.000017173
1745751600000,-0.0000246109
1745755200000,-0.0000178915
1745758800000,-0.0000162561
1745762400000,-0.0000148017
1745766000000,-0.0000063437
1745769600000,-0.0000158972
1745773200000,-0.0000174396
1745776800000,-0.0000153925
1745780400000,-0.0000033544
1745784000000,-0.0000113189
1745787600000,-0.0000120935
1745791200000,-0.000016091
1745794800000,-0.0000097016
1745798400000,-0.0000092842
1745802000000,-0.0000104933
1745805600000,-0.0000175205
1745809200000,-0.0000037766
1745812800000,-0.000002746
1745816400000,-0.0000026155
1745820000000,0.0000035443
1745823600000,0.0000041497
1745827200000,0.0000125
1745830800000,-0.0000003036
1745834400000,0.0000031279
1745838000000,-0.0000081706
1745841600000,0.0000021226
1745845200000,-0.0000001023
1745848800000,-0.0000072311
1745852400000,-0.0000097065
1745856000000,-0.0000107481
1745859600000,0.0000036565
1745863200000,0.0000107523
1745866800000,-0.0000007902
1745870400000,0.0000040158
1745874000000,-0.000006887
1745877600000,-0.000000668
1745881200000,-0.0000051783
1745884800000,-0.0000035364
1745888400000,-0.0000030451
1745892000000,-0.0000125443
1745895600000,-0.0000125829
1745899200000,-0.0000140513
1745902800000,-0.0000156237
1745906400000,-0.0000125447
1745910000000,0.0000008446
1745913600000,0.0000116307
1745917200000,0.0000123778
1745920800000,0.0000125
1745924400000,0.0000125
1745928000000,0.000006275
1745931600000,0.000001751
1745935200000,-0.0000016439
1745938800000,0.0000035055
1745942400000,0.0000116886
1745946000000,0.0000125
1745949600000,0.0000125
1745953200000,0.0000125
1745956800000,0.0000125
1745960400000,0.0000125
1745964000000,0.0000033088
1745967600000,-0.0000031339
1745971200000,0.0000014319
1745974800000,0.0000041302
1745978400000,-0.0000073226
1745982000000,-0.0000012051
1745985600000,0.0000081752
1745989200000,0.0000125
1745992800000,0.0000125
1745996400000,0.0000125
1746000000000,0.0000125
1746003600000,0.0000125
1746007200000,0.0000125
1746010800000,0.0000125
1746014400000,-0.0000017753
1746018000000,-0.0000009765
1746021600000,-0.00001299
1746025200000,0.0000112817
1746028800000,0.0000101314
1746032400000,0.0000125
1746036000000,0.0000125
1746039600000,0.0000125
1746043200000,0.0000125
1746046800000,0.0000125
1746050400000,0.0000125
1746054000000,0.0000125
1746057600000,0.0000125
1746061200000,0.0000125
1746064800000,0.0000125
1746068400000,0.0000125
1746072000000,0.0000125
1746075600000,0.0000125
1746079200000,0.0000125
1746082800000,0.0000125
1746086400000,0.0000125
1746090000000,0.0000125
1746093600000,0.0000125
1746097200000,0.0000125
1746100800000,0.0000125
1746104400000,0.0000125
1746108000000,0.0000125
1746111600000,0.0000125
1746115200000,0.0000125
1746118800000,0.0000125
1746122400000,0.0000125
1746126000000,0.0000057332
1746129600000,0.0000076415
1746133200000,-0.000001788
1746136800000,-0.0000050729
1746140400000,0.0000032993
1746144000000,-0.0000036465
1746147600000,-0.0000055518
1746151200000,-0.000013208
1746154800000,-0.0000048503
1746158400000,0.0000044772
1746162000000,0.0000024792
1746165600000,-0.000003381
1746169200000,-0.0000094172
1746172800000,-0.0000038464
1746176400000,0.0000047172
1746180000000,-0.0000005432
1746183600000,0.000002933
1746187200000,-0.0000065533
1746190800000,0.0000031523
1746194400000,-0.0000093331
1746198000000,-0.0000122883
1746201600000,-0.0000064029
1746205200000,0.0000125
1746208800000,0.0000125
1746212400000,0.0000090622
1746216000000,-0.0000051967
1746219600000,-0.0000062744
1746223200000,-0.0000100166
1746226800000,-0.0000225033
1746230400000,-0.0000111917
1746234000000,-0.0000033629
1746237600000,-0.0000134161
1746241200000,-0.0000136371
1746244800000,-0.0000061705
1746248400000,-0.0000011499
1746252000000,-0.0000062826
1746255600000,-0.0000192947
1746259200000,-0.0000147828
1746262800000,-0.0000115893
1746266400000,-0.0000059919
1746270000000,-0.0000098042
1746273600000,-0.000007221
1746277200000,-0.0000029499
1746280800000,0.0000049986
1746284400000,0.0000053639
1746288000000,0.0000059448
1746291600000,-0.00000149
1746295200000,0.0000001226
1746298800000,0.0000037344
1746302400000,0.0000094184
1746306000000,0.0000125
1746309600000,0.0000125
1746313200000,0.0000125
1746316800000,0.0000125
1746320400000,0.0000125
1746324000000,0.0000125
1746327600000,0.0000125
1746331200000,0.0000115901
1746334800000,0.0000125
1746338400000,0.0000125
1746342000000,0.0000125
1746345600000,0.0000125
1746349200000,0.0000125
1746352800000,0.0000125
1746356400000,0.0000125
1746360000000,0.0000125
1746363600000,0.0000125
1746367200000,0.0000125
1746370800000,0.0000125
1746374400000,-0.0000014147
1746378000000,-0.0000059533
1746381600000,-0.0000024039
1746385200000,-0.0000026971
1746388800000,-0.000008269
1746392400000,-0.0000065806
1746396000000,-0.0000042235
1746399600000,-0.000015769
1746403200000,0.0000023502
1746406800000,0.0000125
1746410400000,0.0000013219
1746414000000,0.0000125
1746417600000,0.0000125
1746421200000,0.0000125
1746424800000,0.0000032697
1746428400000,0.0000125
1746432000000,0.0000125
1746435600000,0.0000125
1746439200000,0.0000125
1746442800000,0.0000125
1746446400000,0.0000125
1746450000000,0.0000125
1746453600000,0.0000109368
1746457200000,0.0000125
1746460800000,0.0000125
1746464400000,0.0000125
1746468000000,0.0000125
1746471600000,0.0000125
1746475200000,0.0000125
1746478800000,0.0000125
1746482400000,0.000007525
1746486000000,0.0000032079
1746489600000,-0.0000043973
1746493200000,-0.0000078715
1746496800000,-0.0000062574
1746500400000,-0.0000024393
1746504000000,0.0000059286
1746507600000,0.0000106581
1746511200000,0.0000036978
1746514800000,0.0000092314
1746518400000,0.0000052747
1746522000000,0.0000114241
1746525600000,0.0000117591
1746529200000,0.0000051261
1746532800000,-0.0000060143
1746536400000,0.0000125
1746540000000,0.0000125
1746543600000,0.0000125
1746547200000,0.0000125
1746550800000,0.0000125
1746554400000,0.0000125
1746558000000,0.0000125
1746561600000,0.0000125
1746565200000,0.0000125
1746568800000,0.0000125
1746572400000,0.0000125
1746576000000,0.0000125
1746579600000,0.0000125
1746583200000,0.0000125
1746586800000,0.0000125
1746590400000,0.0000125
1746594000000,0.0000125
1746597600000,0.0000092066
1746601200000,0.0000055478
1746604800000,0.0000125
1746608400000,0.0000125
1746612000000,0.0000125
1746615600000,0.0000125
1746619200000,0.0000125
1746622800000,0.0000125
1746626400000,0.0000125
1746630000000,0.0000125
1746633600000,0.0000125
1746637200000,0.0000125
1746640800000,0.0000125
1746644400000,0.0000125
1746648000000,0.0000125
1746651600000,0.0000125
1746655200000,0.0000125
1746658800000,0.0000125
1746662400000,0.0000125
1746666000000,0.0000125
1746669600000,0.0000125
1746673200000,0.0000125
1746676800000,0.0000125
1746680400000,0.0000125
1746684000000,0.0000125
1746687600000,0.0000125
1746691200000,0.0000125
1746694800000,0.0000125
1746698400000,0.0000125
1746702000000,0.0000125
1746705600000,0.0000125
1746709200000,0.0000125
1746712800000,0.0000125
1746716400000,0.0000125
1746720000000,0.0000504404
1746723600000,0.0000263807
1746727200000,0.0000283082
1746730800000,0.0000142032
1746734400000,0.0000250054
1746738000000,0.0000313686
1746741600000,0.0000659686
1746745200000,0.0000363136
1746748800000,0.0000572529
1746752400000,0.0000378101
1746756000000,0.0000125
1746759600000,0.0000202904
1746763200000,0.0000457658
1746766800000,0.0000172872
1746770400000,0.000021641
1746774000000,0.0000260627
1746777600000,0.0000621135
1746781200000,0.0000642952
1746784800000,0.0000524035
1746788400000,0.0000511033
1746792000000,0.0000425028
1746795600000,0.0000319723
1746799200000,0.0000384962
1746802800000,0.0000278215
1746806400000,0.0000154801
1746810000000,0.0000125
1746813600000,0.0000199774
1746817200000,0.0000288078
1746820800000,0.0000125
1746824400000,0.0000125
1746828000000,0.0000125
1746831600000,0.0000125
1746835200000,0.0000125
1746838800000,0.0000215008
1746842400000,0.000024026
1746846000000,0.0000197442
1746849600000,0.0000125
1746853200000,0.0000125
1746856800000,0.0000156203
1746860400000,0.0000218653
1746864000000,0.0000192045
1746867600000,0.0000144219
1746871200000,0.00001753
1746874800000,0.000014022
1746878400000,0.0000125
1746882000000,0.0000125
1746885600000,0.000020198
1746889200000,0.0000162134
1746892800000,0.0000277761
1746896400000,0.0000210203
1746900000000,0.000029527
1746903600000,0.0000437359
1746907200000,0.0000384343
1746910800000,0.0000324164
1746914400000,0.0000365171
1746918000000,0.0000456233
1746921600000,0.0000351054
1746925200000,0.0000222128
1746928800000,0.0000344366
1746932400000,0.0000294257
1746936000000,0.0000305369
1746939600000,0.0000268264
1746943200000,0.000018879
1746946800000,0.0000125
1746950400000,0.0000125
1746954000000,0.0000125
1746957600000,0.0000125
1746961200000,0.0000125
1746964800000,0.0000151289
1746968400000,0.000015216
1746972000000,0.0000125
1746975600000,0.0000164964
1746979200000,0.0000140937
1746982800000,0.0000125
1746986400000,0.0000159768
1746990000000,0.0000150389
1746993600000,0.000031711
1746997200000,0.0000281135
1747000800000,0.0000343993
1747004400000,0.0000357905
1747008000000,0.0000264367
1747011600000,0.0000302763
1747015200000,0.0000418295
1747018800000,0.0000296552
1747022400000,0.0000239695
1747026000000,0.0000204919
1747029600000,0.0000231634
1747033200000,0.0000189702
1747036800000,0.0000501695
1747040400000,0.0000440223
1747044000000,0.0000425716
1747047600000,0.0000200493
1747051200000,0.0000245174
1747054800000,0.0000272683
1747058400000,0.0000226455
1747062000000,0.0000260014
1747065600000,0.0000431374
1747069200000,0.0000348784
1747072800000,0.0000187489
1747076400000,0.0000325684
1747080000000,0.000020622
1747083600000,0.0000186772
1747087200000,0.0000188252
1747090800000,0.0000181727
1747094400000,0.0000125
1747098000000,0.0000125
1747101600000,0.0000125
1747105200000,0.0000125
1747108800000,0.0000125
1747112400000,0.0000125
1747116000000,0.0000125
1747119600000,0.0000125
1747123200000,0.0000125
1747126800000,0.0000125
1747130400000,0.0000125
1747134000000,0.0000125
1747137600000,0.0000125
1747141200000,0.0000125
1747144800000,0.0000142227
1747148400000,0.0000125
1747152000000,0.0000125
1747155600000,0.0000125
1747159200000,0.0000125
1747162800000,0.0000125
1747166400000,0.0000125
1747170000000,0.0000125
1747173600000,0.0000125
1747177200000,0.0000125
1747180800000,0.0000125
1747184400000,0.0000125
1747188000000,0.0000125
1747191600000,0.0000125
1747195200000,0.0000125
1747198800000,0.0000125
1747202400000,0.0000125
1747206000000,0.0000125
1747209600000,0.0000125
1747213200000,0.0000125
1747216800000,0.0000125
1747220400000,0.0000125
1747224000000,0.0000125
1747227600000,0.0000125
1747231200000,0.0000125
1747234800000,0.0000125
1747238400000,0.0000125
1747242000000,0.0000125
1747245600000,0.0000125
1747249200000,0.0000125
1747252800000,0.0000125
1747256400000,0.0000125
1747260000000,0.0000125
1747263600000,0.0000125
1747267200000,0.0000125
1747270800000,0.0000125
1747274400000,0.0000125
1747278000000,0.0000125
1747281600000,0.0000125
1747285200000,0.0000125
1747288800000,0.0000125
1747292400000,0.0000125
1747296000000,0.0000125
1747299600000,0.0000125
1747303200000,0.0000115098
1747306800000,0.0000125
1747310400000,0.0000125
1747314000000,0.0000125
1747317600000,0.0000125
1747321200000,0.0000125
1747324800000,0.0000125
1747328400000,0.0000125
1747332000000,0.0000125
1747335600000,0.0000125
1747339200000,0.0000125
1747342800000,0.0000125
1747346400000,0.0000125
1747350000000,0.0000125
1747353600000,0.0000125
1747357200000,0.0000125
1747360800000,0.0000125
1747364400000,0.0000125
1747368000000,0.0000125
1747371600000,0.0000125
1747375200000,0.0000125
1747378800000,0.0000125
1747382400000,0.0000125
1747386000000,0.0000125
1747389600000,0.0000125
1747393200000,0.0000125
1747396800000,0.0000125
1747400400000,0.0000125
1747404000000,0.0000125
1747407600000,0.0000125
1747411200000,0.0000125
1747414800000,0.0000125
1747418400000,0.0000125
1747422000000,0.0000125
1747425600000,0.0000125
1747429200000,0.0000125
1747432800000,0.0000125
1747436400000,0.0000015647
1747440000000,0.000012293
1747443600000,0.0000125
1747447200000,0.0000125
1747450800000,0.0000125
1747454400000,-0.000010541
1747458000000,-0.0000097926
1747461600000,-0.0000167562
1747465200000,-0.0000057607
1747468800000,-0.0000073058
1747472400000,-0.0000089675
1747476000000,-0.000024666
1747479600000,-0.0000097087
1747483200000,-0.000011457
1747486800000,-0.0000085408
1747490400000,-0.0000230512
1747494000000,-0.0000080597
1747497600000,-0.0000021636
1747501200000,-0.0000045553
1747504800000,-0.0000026851
1747508400000,0.0000005526
1747512000000,-0.0000089514
1747515600000,0.0000037243
1747519200000,0.0000086892
1747522800000,0.0000011823
1747526400000,0.0000125
1747530000000,0.0000125
1747533600000,0.0000125
1747537200000,0.0000081544
1747540800000,0.0000058569
1747544400000,0.0000125
1747548000000,0.0000125
1747551600000,0.0000125
1747555200000,0.0000125
1747558800000,0.0000125
1747562400000,0.0000125
1747566000000,0.0000125
1747569600000,0.0000125
1747573200000,0.0000125
1747576800000,0.0000125
1747580400000,0.0000125
1747584000000,0.0000125
1747587600000,0.0000125
1747591200000,0.0000125
1747594800000,0.0000226503
1747598400000,0.0000204971
1747602000000,0.0000125
1747605600000,0.0000125
1747609200000,0.0000125
1747612800000,0.0000171681
1747616400000,0.0000125
1747620000000,0.0000125
1747623600000,0.0000125
1747627200000,0.0000125
1747630800000,0.0000125
1747634400000,0.0000125
1747638000000,0.0000125
1747641600000,0.0000125
1747645200000,0.0000250543
1747648800000,0.0000192269
1747652400000,0.0000125
1747656000000,0.0000252621
1747659600000,0.0000125
1747663200000,0.0000125
1747666800000,0.0000125
1747670400000,0.0000125
1747674000000,0.0000125
1747677600000,0.0000125
1747681200000,0.0000125
1747684800000,0.0000125
1747688400000,0.0000125
1747692000000,0.0000125
1747695600000,0.0000125
1747699200000,0.0000125
1747702800000,0.0000125
1747706400000,0.0000125
1747710000000,0.0000327591
1747713600000,0.0000200282
1747717200000,0.0000327575
1747720800000,0.0000287145
1747724400000,0.0000125
1747728000000,0.0000125
1747731600000,0.0000125
1747735200000,0.0000125
1747738800000,0.0000125
1747742400000,0.0000125
1747746000000,0.0000125
1747749600000,0.0000125
1747753200000,0.0000125
1747756800000,0.0000125
1747760400000,0.0000125
1747764000000,0.0000125
1747767600000,0.0000125
1747771200000,0.0000125
1747774800000,0.0000125
1747778400000,0.000013672
1747782000000,0.0000125
1747785600000,0.0000289123
1747789200000,0.0000345845
1747792800000,0.0000359583
1747796400000,0.0000247128
1747800000000,0.0000201422
1747803600000,0.0000308612
1747807200000,0.0000930882
1747810800000,0.0000749173
1747814400000,0.0000448868
1747818000000,0.0000196024
1747821600000,0.0000125
1747825200000,0.0000125
1747828800000,0.0000125
1747832400000,0.0000125
1747836000000,0.0000125
1747839600000,0.0000200459
1747843200000,0.0000648104
1747846800000,0.0000848147
1747850400000,0.0000125
1747854000000,0.0000125
1747857600000,0.0000125
1747861200000,0.0000125
1747864800000,0.0000125
1747868400000,0.0000125
1747872000000,0.0000901183
1747875600000,0.0000535656
1747879200000,0.0000502399
1747882800000,0.0000125
1747886400000,0.0000200031
1747890000000,0.0000363127
1747893600000,0.0000255731
1747897200000,0.0000125
1747900800000,0.0000125
1747904400000,0.0000166565
1747908000000,0.0000125
1747911600000,0.0000125
1747915200000,0.0000125
1747918800000,0.0000125
1747922400000,0.0000125
1747926000000,0.0000125
1747929600000,0.0000125
1747933200000,0.0000125
1747936800000,0.0000125
1747940400000,0.0000125
1747944000000,0.0000125
1747947600000,0.0000125
1747951200000,0.0000125
1747954800000,0.0000125
1747958400000,0.000030871
1747962000000,0.0000511758
1747965600000,0.0001199339
1747969200000,0.0001315404
1747972800000,0.0000639861
1747976400000,0.0000623568
1747980000000,0.0000528365
1747983600000,0.000032366
1747987200000,0.0000268894
1747990800000,0.000037586
1747994400000,0.0000638527
1747998000000,0.0000210565
1748001600000,0.0000125
1748005200000,0.0000125
1748008800000,0.0000183739
1748012400000,0.0000303925
1748016000000,0.0000280242
1748019600000,0.0000125
1748023200000,0.0000186064
1748026800000,0.0000191028
1748030400000,0.0000168662
1748034000000,0.0000125
1748037600000,0.0000125
1748041200000,0.0000125
1748044800000,0.0000125
1748048400000,0.0000125
1748052000000,0.0000125
1748055600000,0.0000125
1748059200000,0.0000125
1748062800000,0.0000125
1748066400000,0.0000125
1748070000000,0.0000125
1748073600000,0.0000125
1748077200000,0.0000125
1748080800000,0.0000125
1748084400000,0.0000125
1748088000000,0.0000125
1748091600000,0.0000125
1748095200000,0.0000125
1748098800000,0.0000125
1748102400000,0.0000125
1748106000000,0.0000125
1748109600000,0.0000125
1748113200000,0.0000125
1748116800000,0.0000125
1748120400000,0.0000125
1748124000000,0.0000125
1748127600000,0.0000125
1748131200000,0.0000125
1748134800000,0.000005703
1748138400000,-0.0000225674
1748142000000,-0.0000124693
1748145600000,-0.0000083628
1748149200000,-0.0000043945
1748152800000,0.000001044
1748156400000,-0.0000056532
1748160000000,-0.0000161725
1748163600000,-0.000019095
1748167200000,-0.0000043954
1748170800000,0.0000125
1748174400000,0.0000125
1748178000000,0.0000125
1748181600000,0.0000125
1748185200000,0.0000125
1748188800000,0.0000125
1748192400000,0.0000077408
1748196000000,0.0000125
1748199600000,0.0000050847
1748203200000,0.000007811
1748206800000,0.0000125
1748210400000,0.0000125
1748214000000,0.0000125
1748217600000,0.0000125
1748221200000,0.0000125
1748224800000,0.0000125
1748228400000,0.0000125
1748232000000,0.0000125
1748235600000,0.0000125
1748239200000,0.0000125
1748242800000,0.0000125
1748246400000,0.0000125
1748250000000,0.0000125
1748253600000,0.0000125
1748257200000,0.0000125
1748260800000,0.0000125
1748264400000,0.0000125
1748268000000,0.0000125
1748271600000,0.0000125
1748275200000,0.0000125
1748278800000,0.0000125
1748282400000,0.0000125
1748286000000,0.0000125
1748289600000,0.0000125
1748293200000,0.0000125
1748296800000,0.0000125
1748300400000,0.0000125
1748304000000,0.0000125
1748307600000,0.0000125
1748311200000,0.0000125
1748314800000,0.0000125
1748318400000,0.0000125
1748322000000,0.0000125
1748325600000,0.0000125
1748329200000,0.0000125
1748332800000,0.0000125
1748336400000,0.0000125
1748340000000,0.0000125
1748343600000,0.0000125
1748347200000,0.0000125
1748350800000,0.0000125
1748354400000,0.0000125
1748358000000,0.0000125
1748361600000,0.0000125
1748365200000,0.0000190736
1748368800000,0.000025883
1748372400000,0.0000180064
1748376000000,0.0000125
1748379600000,0.0000125
1748383200000,0.0000125
1748386800000,0.0000125
1748390400000,0.0000125
1748394000000,0.0000125
1748397600000,0.0000125
1748401200000,0.0000125
1748404800000,0.0000125
1748408400000,0.0000125
1748412000000,0.0000125
1748415600000,0.0000125
1748419200000,0.0000125
1748422800000,0.0000125
1748426400000,0.0000125
1748430000000,0.0000125
1748433600000,0.0000125
1748437200000,0.0000125
1748440800000,0.0000125
1748444400000,0.0000125
1748448000000,0.0000125
1748451600000,0.0000125
1748455200000,0.0000125
1748458800000,0.0000125
1748462400000,0.0000125
1748466000000,0.0000125
1748469600000,0.0000125
1748473200000,0.0000125
1748476800000,0.0000125
1748480400000,0.0000125
1748484000000,0.0000125
1748487600000,0.0000125
1748491200000,0.0000125
1748494800000,0.0000125
1748498400000,0.0000125
1748502000000,0.0000125
1748505600000,0.0000125
1748509200000,0.0000125
1748512800000,0.0000125
1748516400000,0.0000138122
1748520000000,0.0000125
1748523600000,0.0000125
1748527200000,0.0000125
1748530800000,0.0000125
1748534400000,0.0000125
1748538000000,0.0000125
1748541600000,0.0000125
1748545200000,0.0000125
1748548800000,0.0000125
1748552400000,0.0000125
1748556000000,0.0000125
1748559600000,0.0000125
1748563200000,0.0000125
1748566800000,0.0000125
1748570400000,0.0000125
1748574000000,0.0000125
1748577600000,0.0000125
1748581200000,0.0000125
1748584800000,0.0000125
1748588400000,0.0000125
1748592000000,0.0000125
1748595600000,0.0000125
1748599200000,0.0000125
1748602800000,0.0000125
1748606400000,0.0000125
1748610000000,0.0000125
1748613600000,0.0000125
1748617200000,0.0000125
1748620800000,0.0000125
1748624400000,0.0000065365
1748628000000,0.0000125
1748631600000,0.0000125
1748635200000,0.0000125
1748638800000,0.0000125
1748642400000,0.0000125
1748646000000,0.0000125
1748649600000,0.0000125
1748653200000,0.0000125
1748656800000,0.0000125
1748660400000,0.0000125
1748664000000,0.0000125
1748667600000,0.0000125
1748671200000,0.0000125
1748674800000,0.0000125
1748678400000,0.0000125
1748682000000,0.0000125
1748685600000,0.0000125
1748689200000,0.0000125
1748692800000,0.0000125
1748696400000,0.0000125
1748700000000,0.0000125
1748703600000,0.0000125
1748707200000,0.0000125
1748710800000,0.0000125
1748714400000,0.0000125
1748718000000,0.0000125
1748721600000,0.0000125
1748725200000,0.0000125
1748728800000,0.0000125
1748732400000,0.0000125
1748736000000,0.0000125
1748739600000,0.0000125
1748743200000,0.0000125
1748746800000,0.0000125
1748750400000,0.0000125
1748754000000,0.0000125
1748757600000,0.0000125
1748761200000,0.0000125
1748764800000,0.0000125
1748768400000,0.0000125
1748772000000,0.0000125
1748775600000,0.0000125
1748779200000,0.0000125
1748782800000,0.0000125
1748786400000,0.0000125
1748790000000,0.0000125
1748793600000,0.0000125
1748797200000,0.0000125
1748800800000,0.000012714
1748804400000,0.0000176701
1748808000000,0.0000147812
1748811600000,0.0000125
1748815200000,0.0000167837
1748818800000,0.0000132058
1748822400000,0.0000189807
1748826000000,0.0000125
1748829600000,0.0000183584
1748833200000,0.0000161901
1748836800000,0.0000195741
1748840400000,0.0000126975
1748844000000,0.0000125
1748847600000,0.0000125
1748851200000,0.0000204038
1748854800000,0.0000143282
1748858400000,0.0000125
1748862000000,0.0000271147
1748865600000,0.0000228507
1748869200000,0.0000248139
1748872800000,0.0000240432
1748876400000,0.0000277758
1748880000000,0.0000299915
1748883600000,0.0000138788
1748887200000,0.000016802
1748890800000,0.0000263596
1748894400000,0.0000133313
1748898000000,0.0000203246
1748901600000,0.0000251443
1748905200000,0.0000335079
1748908800000,0.0000434169
1748912400000,0.000040641
1748916000000,0.0000274393
1748919600000,0.0000262183
1748923200000,0.0000125
1748926800000,0.0000125
1748930400000,0.0000213713
1748934000000,0.000017642
1748937600000,0.0000181293
1748941200000,0.0000169132
1748944800000,0.0000184302
1748948400000,0.0000239171
1748952000000,0.000021458
1748955600000,0.0000238312
1748959200000,0.0000303641
1748962800000,0.000034269
1748966400000,0.0000278173
1748970000000,0.0000125
1748973600000,0.0000125
1748977200000,0.0000125
1748980800000,0.0000125
1748984400000,0.0000125
1748988000000,0.0000125
1748991600000,0.0000125
1748995200000,0.0000125
1748998800000,0.0000125
1749002400000,0.0000125
1749006000000,0.0000125
1749009600000,0.0000125
1749013200000,0.0000125
1749016800000,0.0000125
1749020400000,0.0000125
1749024000000,0.0000125
1749027600000,0.0000125
1749031200000,0.0000125
1749034800000,0.0000125
1749038400000,0.0000125
1749042000000,0.0000125
1749045600000,0.0000125
1749049200000,0.0000125
1749052800000,0.0000125
1749056400000,0.0000180668
1749060000000,0.0000153746
1749063600000,0.0000176836
1749067200000,0.0000125
1749070800000,0.0000125
1749074400000,0.0000125
1749078000000,0.0000125
1749081600000,0.0000125
1749085200000,0.0000125
1749088800000,0.0000125
1749092400000,0.0000125
1749096000000,0.0000125
1749099600000,0.0000125
1749103200000,0.0000125
1749106800000,0.0000125
1749110400000,0.0000125
1749114000000,0.0000125
1749117600000,0.0000125
1749121200000,0.0000125
1749124800000,0.0000125
1749128400000,0.0000125
1749132000000,0.0000125
1749135600000,0.0000125
1749139200000,0.0000125
1749142800000,0.0000125
1749146400000,0.0000125
1749150000000,0.0000125
1749153600000,0.0000125
1749157200000,0.0000125
1749160800000,0.0000125
1749164400000,0.0000125
1749168000000,0.0000125
1749171600000,0.0000125
1749175200000,0.0000125
1749178800000,0.0000125
1749182400000,0.0000125
1749186000000,0.0000125
1749189600000,0.0000125
1749193200000,0.0000125
1749196800000,0.0000125
1749200400000,0.0000125
1749204000000,0.0000125
1749207600000,0.0000125
1749211200000,0.0000125
1749214800000,0.0000125
1749218400000,0.0000125
1749222000000,0.0000125
1749225600000,0.0000125
1749229200000,0.0000125
1749232800000,0.0000074793
1749236400000,0.000005344
1749240000000,-0.0000006808
1749243600000,0.0000079105
1749247200000,0.0000125
1749250800000,0.0000125
1749254400000,0.000008139
1749258000000,0.0000053376
1749261600000,0.0000039325
1749265200000,0.0000091636
1749268800000,0.0000125
1749272400000,0.0000125
1749276000000,0.0000125
1749279600000,0.0000125
1749283200000,0.0000125
1749286800000,0.0000125
1749290400000,0.0000125
1749294000000,0.0000125
1749297600000,0.0000125
1749301200000,0.0000125
1749304800000,0.0000125
1749308400000,0.0000125
1749312000000,0.0000125
1749315600000,0.0000125
1749319200000,0.0000125
1749322800000,0.0000125
1749326400000,0.0000125
1749330000000,0.0000125
1749333600000,0.0000125
1749337200000,0.0000125
1749340800000,0.0000125
1749344400000,0.0000125
1749348000000,0.0000125
1749351600000,0.0000125
1749355200000,0.0000125
1749358800000,0.0000125
1749362400000,0.0000125
1749366000000,0.0000125
1749369600000,0.0000125
1749373200000,0.0000125
1749376800000,0.0000125
1749380400000,0.0000125
1749384000000,0.0000125
1749387600000,0.0000125
1749391200000,0.0000125
1749394800000,0.0000125
1749398400000,0.0000125
1749402000000,0.0000125
1749405600000,0.0000125
1749409200000,0.0000125
1749412800000,0.0000125
1749416400000,0.0000125
1749420000000,0.0000125
1749423600000,0.0000125
1749427200000,0.0000125
1749430800000,0.0000125
1749434400000,0.0000125
1749438000000,0.0000125
1749441600000,0.0000125
1749445200000,0.0000125
1749448800000,0.0000125
1749452400000,0.0000125
1749456000000,0.0000125
1749459600000,0.0000125
1749463200000,0.0000125
1749466800000,0.0000125
1749470400000,0.0000125
1749474000000,0.0000125
1749477600000,0.0000125
1749481200000,0.0000125
1749484800000,0.0000125
1749488400000,0.0000125
1749492000000,0.0000125
1749495600000,0.0000213409
1749499200000,0.0000125
1749502800000,0.0000125
1749506400000,0.0000125
1749510000000,0.0000125
1749513600000,0.0000125
1749517200000,0.0000420588
1749520800000,0.0000125
1749524400000,0.0000131893
1749528000000,0.0000125
1749531600000,0.0000125
1749535200000,0.0000125
1749538800000,0.0000125
1749542400000,0.0000125
1749546000000,0.0000125
1749549600000,0.0000154316
1749553200000,0.0000195797
1749556800000,0.0000415189
1749560400000,0.0000339527
1749564000000,0.0000601871
1749567600000,0.0000392431
1749571200000,0.0000280771
1749574800000,0.0000166338
1749578400000,0.0000168634
1749582000000,0.0000185437
1749585600000,0.0000369752
1749589200000,0.0000213044
1749592800000,0.0000195942
1749596400000,0.0000338579
1749600000000,0.0000361969
1749603600000,0.0000243125
1749607200000,0.0000125
1749610800000,0.0000125
1749614400000,0.0000125
1749618000000,0.0000151783
1749621600000,0.0000125
1749625200000,0.0000125
1749628800000,0.0000223799
1749632400000,0.0000125
1749636000000,0.0000125
1749639600000,0.0000125
1749643200000,0.0000125
1749646800000,0.0000125
1749650400000,0.0000125
1749654000000,0.0000215222
1749657600000,0.000028646
1749661200000,0.0000125
1749664800000,0.0000125
1749668400000,0.0000125
1749672000000,0.0000125
1749675600000,0.0000125
1749679200000,0.0000125
1749682800000,0.0000125
1749686400000,0.0000125
1749690000000,0.0000125
1749693600000,0.0000125
1749697200000,0.0000125
1749700800000,0.0000125
1749704400000,0.0000125
1749708000000,0.0000125
1749711600000,0.0000125
1749715200000,0.0000125
1749718800000,0.0000125
1749722400000,0.0000115676
1749726000000,0.0000091611
1749729600000,0.0000125
1749733200000,-0.0000139138
1749736800000,0.0000125
1749740400000,0.0000125
1749744000000,0.0000125
1749747600000,0.0000125
1749751200000,0.0000125
1749754800000,0.0000125
1749758400000,0.0000125
1749762000000,0.0000125
1749765600000,0.0000125
1749769200000,0.0000125
1749772800000,0.0000125
1749776400000,-0.000015655
1749780000000,-0.0000102144
1749783600000,-0.0000008675
1749787200000,0.0000007548
1749790800000,0.0000003934
1749794400000,-0.0000050557
1749798000000,-0.0000066751
1749801600000,0.0000086715
1749805200000,0.0000125
1749808800000,0.0000125
1749812400000,0.0000100736
1749816000000,0.0000027574
1749819600000,0.0000065161
1749823200000,0.0000098542
1749826800000,0.0000092252
1749830400000,0.0000125
1749834000000,0.0000125
1749837600000,0.0000125
1749841200000,0.0000125
1749844800000,0.0000125
1749848400000,0.0000125
1749852000000,0.0000125
1749855600000,0.0000125
1749859200000,0.0000125
1749862800000,0.0000125
1749866400000,0.0000125
1749870000000,0.0000125
1749873600000,0.0000125
1749877200000,0.0000125
1749880800000,0.0000125
1749884400000,0.0000125
1749888000000,0.0000125
1749891600000,0.0000101105
1749895200000,0.0000073929
1749898800000,0.0000033343
1749902400000,0.000010258
1749906000000,0.0000070184
1749909600000,0.0000029252
1749913200000,0.0000024231
1749916800000,-0.0000009157
1749920400000,-0.0000032242
1749924000000,0.0000026624
1749927600000,0.0000049504
1749931200000,0.0000010222
1749934800000,-0.0000091686
1749938400000,0.0000000161
1749942000000,0.0000016812
1749945600000,-0.0000012607
1749949200000,0.00000081
1749952800000,0.0000013161
1749956400000,0.0000055987
1749960000000,0.0000044632
1749963600000,0.0000076391
1749967200000,0.0000125
1749970800000,0.0000125
1749974400000,0.0000025914
1749978000000,-0.0000054696
1749981600000,-0.0000097844
1749985200000,-0.0000046072
1749988800000,-0.0000000246
1749992400000,-0.0000028872
1749996000000,0.0000083628
1749999600000,0.0000125
1750003200000,0.0000125
1750006800000,0.0000125
1750010400000,0.0000125
1750014000000,0.0000104431
1750017600000,0.0000076097
1750021200000,0.0000034916
1750024800000,0.0000112995
1750028400000,0.0000125
1750032000000,0.0000125
1750035600000,0.0000067207
1750039200000,0.0000082942
1750042800000,0.0000125
1750046400000,0.0000125
1750050000000,0.0000125
1750053600000,0.0000125
1750057200000,0.0000125
1750060800000,0.0000125
1750064400000,0.0000125
1750068000000,0.0000125
1750071600000,0.0000125
1750075200000,0.0000125
1750078800000,0.0000125
1750082400000,0.0000125
1750086000000,0.0000125
1750089600000,0.0000125
1750093200000,0.0000125
1750096800000,0.0000125
1750100400000,0.0000125
1750104000000,0.0000125
1750107600000,0.0000125
1750111200000,0.0000125
1750114800000,0.0000125
1750118400000,0.0000125
1750122000000,0.0000125
1750125600000,0.0000125
1750129200000,0.0000125
1750132800000,0.0000125
1750136400000,0.0000125
1750140000000,0.0000125
1750143600000,0.0000094486
1750147200000,0.0000125
1750150800000,0.0000125
1750154400000,0.0000051959
1750158000000,-0.0000040514
1750161600000,-0.0000000798
1750165200000,0.0000075504
1750168800000,0.0000125
1750172400000,0.0000021728
1750176000000,-0.0000021955
1750179600000,0.0000125
1750183200000,0.0000063766
1750186800000,0.0000108078
1750190400000,-0.0000054709
1750194000000,-0.0000044012
1750197600000,-0.0000007957
1750201200000,-0.000006271
1750204800000,-0.0000003874
1750208400000,0.0000038384
1750212000000,-0.0000017764
1750215600000,-0.0000027768
1750219200000,0.0000024519
1750222800000,0.0000097212
1750226400000,0.0000125
1750230000000,0.0000089859
1750233600000,0.0000125
1750237200000,0.0000125
1750240800000,0.0000125
1750244400000,0.0000061829
1750248000000,0.0000059243
1750251600000,0.0000037322
1750255200000,0.0000017942
1750258800000,0.0000078016
1750262400000,0.0000104719
1750266000000,0.0000049298
1750269600000,0.0000125
1750273200000,0.0000125
1750276800000,0.0000125
1750280400000,0.0000100172
1750284000000,0.0000040383
1750287600000,0.0000061569
1750291200000,0.0000119688
1750294800000,0.0000125
1750298400000,0.0000125
1750302000000,0.0000125
1750305600000,0.0000125
1750309200000,0.0000125
1750312800000,0.0000125
1750316400000,0.0000125
1750320000000,0.0000125
1750323600000,0.0000125
1750327200000,0.0000125
1750330800000,0.0000125
1750334400000,0.0000125
1750338000000,0.0000125
1750341600000,0.0000125
1750345200000,0.000008478
1750348800000,-0.000016703
1750352400000,-0.0000078779
1750356000000,-0.0000100445
1750359600000,-0.0000066008
1750363200000,-0.0000085449
1750366800000,-0.0000065794
1750370400000,-0.0000051793
1750374000000,-0.0000059651
1750377600000,0.0000030441
1750381200000,0.000001668
1750384800000,-0.0000027161
1750388400000,0.0000066367
1750392000000,0.0000086691
1750395600000,-0.0000003697
1750399200000,0.0000018313
1750402800000,0.0000062809
1750406400000,0.0000065209
1750410000000,-0.0000058727
1750413600000,-0.0000065441
1750417200000,0.00000342
1750420800000,-0.0000013157
1750424400000,-0.0000015947
1750428000000,0.0000057201
1750431600000,-0.0000033086
1750435200000,-0.0000197771
1750438800000,-0.0000185358
1750442400000,-0.0000397248
1750446000000,-0.0000291933
1750449600000,-0.0000258509
1750453200000,-0.000002233
1750456800000,-0.0000089954
1750460400000,-0.0000142526
1750464000000,-0.0000156038
1750467600000,-0.00001634
1750471200000,-0.0000068952
1750474800000,-0.0000118633
1750478400000,0.0000071872
1750482000000,-0.0000041613
1750485600000,0.0000023712
1750489200000,0.0000017351
1750492800000,-0.0000077257
1750496400000,-0.0000023037
1750500000000,-0.0000194278
1750503600000,-0.0000057159
1750507200000,-0.000001235
1750510800000,-0.0000097737
1750514400000,-0.0000107051
1750518000000,-0.0000106205
1750521600000,-0.0000053702
1750525200000,-0.0000066306
1750528800000,-0.0000112614
1750532400000,-0.0000125752
1750536000000,0.0000055861
1750539600000,0.0000098973
1750543200000,-0.0000326341
1750546800000,-0.0000249763
1750550400000,-0.0000197547
1750554000000,0.0000070041
1750557600000,0.0000051496
1750561200000,-0.0000099924
1750564800000,0.0000021442
1750568400000,0.0000018853
1750572000000,0.0000049888
1750575600000,0.0000084992
1750579200000,-0.0000013619
1750582800000,0.0000112019
1750586400000,0.0000081654
1750590000000,0.0000060385
1750593600000,0.0000008471
1750597200000,-0.0000070622
1750600800000,-0.0000125345
1750604400000,-0.0000032999
1750608000000,-0.0000081129
1750611600000,0.0000016807
1750615200000,0.0000125
1750618800000,0.0000120951
1750622400000,0.0000125
1750626000000,0.0000125
1750629600000,0.0000055102
1750633200000,0.000009977
1750636800000,0.0000000949
1750640400000,0.0000087903
1750644000000,0.0000066775
1750647600000,0.0000085371
1750651200000,0.0000074018
1750654800000,0.0000048195
1750658400000,0.0000055371
1750662000000,0.0000125
1750665600000,0.0000125
1750669200000,0.0000125
1750672800000,0.0000125
1750676400000,0.0000125
1750680000000,0.0000125
1750683600000,0.0000125
1750687200000,0.0000125
1750690800000,-0.0000032123
1750694400000,-0.0000227057
1750698000000,-0.0000166735
1750701600000,0.0000125
1750705200000,0.0000125
1750708800000,0.0000125
1750712400000,0.0000125
1750716000000,-0.0000067728
1750719600000,0.0000015143
1750723200000,-0.0000000908
1750726800000,-0.0000178313
1750730400000,-0.0000032277
1750734000000,-0.0000045841
1750737600000,-0.0000051393
1750741200000,-0.0000032447
1750744800000,0.0000052279
1750748400000,0.0000102278
1750752000000,0.0000122038
1750755600000,0.0000078465
1750759200000,0.0000014987
1750762800000,0.0000005219
1750766400000,0.0000083171
1750770000000,0.0000090188
1750773600000,-0.0000015053
1750777200000,-0.0000005362
1750780800000,-0.0000015076
1750784400000,0.0000125
1750788000000,0.0000098607
1750791600000,-0.0000044816
1750795200000,-0.0000048442
1750798800000,-0.0000062149
1750802400000,-0.0000103535
1750806000000,-0.0000156014
1750809600000,-0.0000103333
1750813200000,-0.0000096231
1750816800000,0.0000013031
1750820400000,-0.0000024098
1750824000000,0.0000051968
1750827600000,0.0000010965
1750831200000,-0.0000084388
1750834800000,0.0000016573
1750838400000,0.0000023941
1750842000000,0.0000077722
1750845600000,0.0000055135
1750849200000,-0.0000036503
1750852800000,-0.0000170199
1750856400000,-0.0000047036
1750860000000,0.0000016972
1750863600000,-0.0000101283
1750867200000,-0.0000098189
1750870800000,-0.0000123662
1750874400000,-0.000005766
1750878000000,-0.0000130564
1750881600000,-0.0000046157
1750885200000,-0.0000037218
1750888800000,-0.0000100899
1750892400000,-0.000002929
1750896000000,-0.000017603
1750899600000,-0.0000119344
1750903200000,-0.0000182455
1750906800000,-0.0000155331
1750910400000,0.000002268
1750914000000,0.0000055655
1750917600000,0.0000051429
1750921200000,0.0000029727
1750924800000,0.0000019384
1750928400000,-0.0000169565
1750932000000,-0.0000135304
1750935600000,-0.0000069986
1750939200000,-0.000023941
1750942800000,-0.0000128701
1750946400000,0.0000039762
1750950000000,0.0000100165
1750953600000,0.0000082973
1750957200000,0.0000033999
1750960800000,-0.0000030533
1750964400000,-0.000005972
1750968000000,0.000007924
1750971600000,0.0000125
1750975200000,0.0000050179
1750978800000,0.000003441
1750982400000,0.000000729
1750986000000,0.000005297
1750989600000,0.0000046503
1750993200000,0.0000073663
1750996800000,-0.0000063239
1751000400000,-0.0000031213
1751004000000,0.0000014094
1751007600000,0.0000060764
1751011200000,0.000002364
1751014800000,-0.0000028272
1751018400000,-0.0000018372
1751022000000,-0.0000097627
1751025600000,-0.0000234899
1751029200000,0.0000018558
1751032800000,0.0000097912
1751036400000,0.0000125
1751040000000,0.0000125
1751043600000,0.0000125
1751047200000,0.0000118494
1751050800000,0.0000111037
1751054400000,0.0000118331
1751058000000,0.0000085102
1751061600000,0.0000033355
1751065200000,0.0000086695
1751068800000,0.0000125
1751072400000,0.0000118552
1751076000000,0.0000075009
1751079600000,0.0000044315
1751083200000,-0.0000015979
1751086800000,-0.0000096562
1751090400000,0.0000014381
1751094000000,0.0000084802
1751097600000,0.0000125
1751101200000,0.0000104867
1751104800000,0.0000114142
1751108400000,0.00000456
1751112000000,-0.0000036626
1751115600000,0.0000032704
1751119200000,0.0000102451
1751122800000,0.0000110111
1751126400000,0.0000125
1751130000000,0.0000125
1751133600000,0.0000125
1751137200000,0.0000125
1751140800000,0.0000125
1751144400000,0.0000125
1751148000000,0.0000125
1751151600000,0.0000125
1751155200000,0.0000125
1751158800000,0.0000125
1751162400000,0.0000125
1751166000000,0.0000125
1751169600000,0.0000125
1751173200000,0.0000125
1751176800000,0.0000125
1751180400000,0.0000125
1751184000000,0.0000125
1751187600000,0.0000125
1751191200000,0.0000125
1751194800000,0.0000125
1751198400000,0.0000125
1751202000000,0.0000125
1751205600000,0.0000125
1751209200000,0.0000125
1751212800000,0.0000125
1751216400000,0.0000125
1751220000000,0.0000125
1751223600000,0.0000125
1751227200000,0.0000125
1751230800000,0.0000125
1751234400000,0.0000125
1751238000000,0.0000125
1751241600000,0.0000125
1751245200000,0.0000125
1751248800000,0.0000125
1751252400000,0.0000125
1751256000000,0.0000125
1751259600000,0.0000125
1751263200000,0.0000125
1751266800000,0.0000125
1751270400000,0.0000125
1751274000000,0.0000125
1751277600000,0.0000125
1751281200000,0.0000125
1751284800000,0.0000125
1751288400000,0.0000125
1751292000000,0.0000125
1751295600000,0.0000125
1751299200000,0.0000125
1751302800000,0.0000125
1751306400000,0.0000125
1751310000000,0.0000125
1751313600000,0.0000125
1751317200000,0.0000125
1751320800000,0.0000125
1751324400000,0.0000125
1751328000000,0.0000125
1751331600000,0.0000125
1751335200000,0.0000125
1751338800000,0.0000125
1751342400000,0.0000125
1751346000000,0.0000125
1751349600000,0.0000125
1751353200000,0.0000125
1751356800000,0.0000125
1751360400000,0.0000125
1751364000000,0.0000125
1751367600000,0.0000125
1751371200000,0.0000125
1751374800000,0.0000125
1751378400000,0.0000125
1751382000000,0.0000125
1751385600000,0.0000125
1751389200000,0.0000125
1751392800000,0.0000125
1751396400000,0.0000088832
1751400000000,-0.0000087075
1751403600000,-0.0000340751
1751407200000,-0.000014544
1751410800000,-0.0000138734
1751414400000,-0.0000168013
1751418000000,-0.0000118166
1751421600000,-0.0000087745
1751425200000,-0.0000016256
1751428800000,-0.0000050598
1751432400000,-0.0000084091
1751436000000,-0.0000183522
1751439600000,-0.0000060983
1751443200000,-0.0000252941
1751446800000,-0.0000270853
1751450400000,-0.000008747
1751454000000,-0.0000041142
1751457600000,-0.0000110619
1751461200000,-0.000008625
1751464800000,-0.0000095599
1751468400000,-0.0000039476
1751472000000,-0.0000045857
1751475600000,0.0000125
1751479200000,0.0000125
1751482800000,0.0000125
1751486400000,0.0000027897
1751490000000,-0.0000064485
1751493600000,0.0000016953
1751497200000,0.0000125
1751500800000,0.0000125
1751504400000,0.0000125
1751508000000,0.0000125
1751511600000,0.0000125
1751515200000,0.0000125
1751518800000,0.0000125
1751522400000,0.0000125
1751526000000,0.0000125
1751529600000,0.0000125
1751533200000,0.0000125
1751536800000,0.0000125
1751540400000,0.0000125
1751544000000,0.0000125
1751547600000,0.0000125
1751551200000,0.0000125
1751554800000,0.0000125
1751558400000,0.0000125
1751562000000,0.0000125
1751565600000,0.0000125
1751569200000,0.0000125
1751572800000,0.0000125
1751576400000,0.0000125
1751580000000,0.0000125
1751583600000,0.0000125
1751587200000,0.0000125
1751590800000,0.0000125
1751594400000,0.0000125
1751598000000,0.0000125
1751601600000,0.0000125
1751605200000,0.0000117677
1751608800000,0.0000125
1751612400000,0.0000125
1751616000000,0.0000125
1751619600000,0.0000125
1751623200000,0.0000125
1751626800000,0.0000125
1751630400000,0.0000125
1751634000000,0.0000079108
1751637600000,0.0000125
1751641200000,0.0000125
1751644800000,0.0000125
1751648400000,0.0000125
1751652000000,0.0000125
1751655600000,0.0000125
1751659200000,0.0000125
1751662800000,0.0000125
1751666400000,0.0000125
1751670000000,0.0000125
1751673600000,0.0000125
1751677200000,0.0000125
1751680800000,0.0000125
1751684400000,0.0000125
1751688000000,0.0000125
1751691600000,0.0000125
1751695200000,0.0000125
1751698800000,0.0000125
1751702400000,0.0000125
1751706000000,0.0000125
1751709600000,0.0000125
1751713200000,0.0000125
1751716800000,0.0000125
1751720400000,0.0000125
1751724000000,0.0000125
1751727600000,0.0000125
1751731200000,0.0000125
1751734800000,0.0000125
1751738400000,0.0000125
1751742000000,0.0000125
1751745600000,0.0000125
1751749200000,0.0000125
1751752800000,0.0000125
1751756400000,0.0000125
1751760000000,0.0000125
1751763600000,0.0000125
1751767200000,0.0000125
1751770800000,0.0000125
1751774400000,0.0000125
1751778000000,0.0000125
1751781600000,0.0000125
1751785200000,0.0000125
1751788800000,0.0000125
1751792400000,0.0000125
1751796000000,0.0000125
1751799600000,0.0000125
1751803200000,0.0000125
1751806800000,0.0000125
1751810400000,0.0000125
1751814000000,0.0000125
1751817600000,0.0000125
1751821200000,0.0000125
1751824800000,0.0000125
1751828400000,0.0000125
1751832000000,0.0000125
1751835600000,0.0000125
1751839200000,0.0000125
1751842800000,0.0000125
1751846400000,0.0000125
1751850000000,0.0000125
1751853600000,0.0000125
1751857200000,0.0000125
1751860800000,0.0000125
1751864400000,0.0000125
1751868000000,0.0000125
1751871600000,0.0000125
1751875200000,0.0000125
1751878800000,0.0000125
1751882400000,0.0000125
1751886000000,0.0000125
1751889600000,0.0000125
1751893200000,0.0000125
1751896800000,0.0000125
1751900400000,0.0000125
1751904000000,0.0000125
1751907600000,0.0000125
1751911200000,0.0000125
1751914800000,0.0000125
1751918400000,0.0000125
1751922000000,0.0000125
1751925600000,0.0000125
1751929200000,0.0000125
1751932800000,0.0000125
1751936400000,0.0000125
1751940000000,0.0000125
1751943600000,0.0000125
1751947200000,0.0000125
1751950800000,0.0000125
1751954400000,0.0000125
1751958000000,0.0000125
1751961600000,0.0000125
1751965200000,0.0000125
1751968800000,0.0000125
1751972400000,0.0000125
1751976000000,0.0000125
1751979600000,0.0000125
1751983200000,0.0000125
1751986800000,0.0000125
1751990400000,0.0000125
1751994000000,0.0000125
1751997600000,0.0000125
1752001200000,0.0000125
1752004800000,0.0000125
1752008400000,0.0000125
1752012000000,0.0000125
1752015600000,0.0000125
1752019200000,0.0000125
1752022800000,0.0000125
1752026400000,0.0000125
1752030000000,0.0000125
1752033600000,0.0000125
1752037200000,0.0000125
1752040800000,0.0000125
1752044400000,0.0000125
1752048000000,0.0000125
1752051600000,0.0000125
1752055200000,0.0000125
1752058800000,0.0000125
1752062400000,0.0000125
1752066000000,0.0000125
1752069600000,0.0000125
1752073200000,0.0000125
1752076800000,0.0000125
1752080400000,0.0000125
1752084000000,0.0000125
1752087600000,0.0000152673
1752091200000,0.0000145926
1752094800000,0.0000125
1752098400000,0.0000125
1752102000000,0.0000125
1752105600000,0.0000125
1752109200000,0.0000125
1752112800000,0.0000125
1752116400000,0.0000125
1752120000000,0.0000125
1752123600000,0.0000125
1752127200000,0.0000125
1752130800000,0.0000125
1752134400000,0.0000125
1752138000000,0.0000193997
1752141600000,0.0000147814
1752145200000,0.0000125
1752148800000,0.0000125
1752152400000,0.0000125
1752156000000,0.0000125
1752159600000,0.0000125
1752163200000,0.0000125
1752166800000,0.0000236677
1752170400000,0.0000357074
1752174000000,0.0000330305
1752177600000,0.0000309121
1752181200000,0.0000202692
1752184800000,0.0000325882
1752188400000,0.0000247533
1752192000000,0.0000194754
1752195600000,0.0000125
1752199200000,0.0000125
1752202800000,0.0000125
1752206400000,0.0000125
1752210000000,0.0000125
1752213600000,0.0000369688
1752217200000,0.0000469128
1752220800000,0.000035013
1752224400000,0.000042197
1752228000000,0.000045505
1752231600000,0.0000479014
1752235200000,0.0000312496
1752238800000,0.0000284389
1752242400000,0.0000332789
1752246000000,0.0000367287
1752249600000,0.0000264477
1752253200000,0.0000309059
1752256800000,0.0000457858
1752260400000,0.0000400499
1752264000000,0.0000438163
1752267600000,0.0000307281
1752271200000,0.0000356836
1752274800000,0.0000246185
1752278400000,0.0000222944
1752282000000,0.0000201134
1752285600000,0.0000179731
1752289200000,0.0000180791
1752292800000,0.0000166038
1752296400000,0.0000188018
1752300000000,0.0000125
1752303600000,0.0000145413
1752307200000,0.0000125
1752310800000,0.0000168585
1752314400000,0.0000146274
1752318000000,0.000019736
1752321600000,0.0000125
1752325200000,0.0000125
1752328800000,0.0000125
1752332400000,0.0000125
1752336000000,0.0000125
1752339600000,0.0000125
1752343200000,0.0000125
1752346800000,0.0000125
1752350400000,0.0000125
1752354000000,0.0000125
1752357600000,0.0000125
1752361200000,0.0000125
1752364800000,0.0000125
1752368400000,0.0000125
1752372000000,0.0000125
1752375600000,0.0000125
1752379200000,0.0000125
1752382800000,0.0000125
1752386400000,0.0000125
1752390000000,0.0000125
1752393600000,0.0000125
1752397200000,0.0000125
1752400800000,0.0000125
1752404400000,0.0000125
1752408000000,0.0000125
1752411600000,0.0000125
1752415200000,0.0000125
1752418800000,0.0000125
1752422400000,0.0000125366
1752426000000,0.0000125
1752429600000,0.0000125
1752433200000,0.0000125
1752436800000,0.0000125
1752440400000,0.0000150334
1752444000000,0.0000125
1752447600000,0.0000125
1752451200000,0.0000125
1752454800000,0.0000138225
1752458400000,0.0000125
1752462000000,0.0000269587
1752465600000,0.0000535005
1752469200000,0.0001137186
1752472800000,0.0001195563
1752476400000,0.0000979808
1752480000000,0.000096756
1752483600000,0.0000731317
1752487200000,0.0000489783
1752490800000,0.0000403709
1752494400000,0.0000367051
1752498000000,0.0000455911
1752501600000,0.0000408255
1752505200000,0.0000208454
1752508800000,0.0000125
1752512400000,0.0000190143
1752516000000,0.0000175389
1752519600000,0.0000240829
1752523200000,0.0000231131
1752526800000,0.000025371
1752530400000,0.0000267058
1752534000000,0.0000337319
1752537600000,0.0000398993
1752541200000,0.0000266288
1752544800000,0.0000151769
1752548400000,0.0000350908
1752552000000,0.0000384299
1752555600000,0.0000716307
1752559200000,0.0000727681
1752562800000,0.0000656423
1752566400000,0.0000667459
1752570000000,0.0000397547
1752573600000,0.0000345676
1752577200000,0.0000288001
1752580800000,0.0000424686
1752584400000,0.0000584568
1752588000000,0.0000688019
1752591600000,0.0000193358
1752595200000,0.0000411647
1752598800000,0.0000392445
1752602400000,0.0000574918
1752606000000,0.0000474542
1752609600000,0.0000277637
1752613200000,0.0000323029
1752616800000,0.0000317942
1752620400000,0.000030389
1752624000000,0.0000289442
1752627600000,0.0000298129
1752631200000,0.0000309614
1752634800000,0.0000386592
1752638400000,0.0000428638
1752642000000,0.0000480255
1752645600000,0.0000393335
1752649200000,0.0000406984
1752652800000,0.0000424395
1752656400000,0.0000459378
1752660000000,0.0000375942
1752663600000,0.000018522
1752667200000,0.0000298786
1752670800000,0.0000389343
1752674400000,0.0000270704
1752678000000,0.0000280146
1752681600000,0.0000297922
1752685200000,0.0000310852
1752688800000,0.0000455242
1752692400000,0.0000697178
1752696000000,0.0000280833
1752699600000,0.0000125
1752703200000,0.0000125
1752706800000,0.0000125
1752710400000,0.0000125
1752714000000,0.0000125
1752717600000,0.0000125
1752721200000,0.0000125
1752724800000,0.0000125
1752728400000,0.0000125
1752732000000,0.0000125
1752735600000,0.0000240318
1752739200000,0.0000361488
1752742800000,0.0000328507
1752746400000,0.0000531701
1752750000000,0.0000565739
1752753600000,0.0000620399
1752757200000,0.0000744957
1752760800000,0.000083033
1752764400000,0.0000757401
1752768000000,0.0000682962
1752771600000,0.0000345925
1752775200000,0.000046248
1752778800000,0.0000349923
1752782400000,0.0000240577
1752786000000,0.0000125
1752789600000,0.0000571464
1752793200000,0.0000757047
1752796800000,0.000079144
1752800400000,0.0000843981
1752804000000,0.0001522334
1752807600000,0.0001303687
1752811200000,0.0000751872
1752814800000,0.0000586773
1752818400000,0.0000646596
1752822000000,0.0000652951
1752825600000,0.0000734276
1752829200000,0.0000951952
1752832800000,0.000089145
1752836400000,0.0000701659
1752840000000,0.0000626757
1752843600000,0.0000520222
1752847200000,0.0000641224
1752850800000,0.000021577
1752854400000,0.0000125
1752858000000,0.0000125
1752861600000,0.0000125
1752865200000,0.0000125
1752868800000,0.0000125
1752872400000,0.0000125
1752876000000,0.0000125
1752879600000,0.0000125
1752883200000,0.0000125
1752886800000,0.0000125
1752890400000,0.0000125
1752894000000,0.0000125
1752897600000,0.0000125
1752901200000,0.0000125
1752904800000,0.0000125
1752908400000,0.0000125
1752912000000,0.0000125
1752915600000,0.0000125
1752920040000,0.0000125
1752922800000,0.0000125
1752926400000,0.0000125
1752930000000,0.0000125
1752933600000,0.0000125
1752937200000,0.0000125
1752940800000,0.0000125
1752944400000,0.0000125
1752948000000,0.0000125
1752951600000,0.0000125
1752955200000,0.0000125
1752958800000,0.0000125
1752962400000,0.0000125
1752966000000,0.0000125
1752969600000,0.0000125
1752973200000,0.0000125
1752976800000,0.0000125
1752980400000,0.0000125
1752984000000,0.0000125
1752987600000,0.0000125
1752991200000,0.0000125
1752994800000,0.0000125
1752998400000,0.0000125
1753002000000,0.0000168192
1753005600000,0.0000250518
1753009200000,0.0000253738
1753012800000,0.000041852
1753016400000,0.0000436256
1753020000000,0.0000379262
1753023600000,0.0000432628
1753027200000,0.0000422096
1753030800000,0.0000629809
1753034400000,0.0000721698
1753038000000,0.00009456
1753041600000,0.000083781
1753045200000,0.0000667292
1753048800000,0.0000768941
1753052400000,0.0001266021
1753056000000,0.0001035757
1753059600000,0.000102505
1753063200000,0.0000904911
1753066800000,0.0000797085
1753070400000,0.0000849962
1753074000000,0.0000717152
1753077600000,0.0000699467
1753081200000,0.0000868912
1753084800000,0.0000983699
1753088400000,0.0000903836
1753092000000,0.0001099003
1753095600000,0.000107129
1753099200000,0.0000985005
1753102800000,0.0000830483
1753106400000,0.0000876807
1753110000000,0.0000770295
1753113600000,0.0000671374
1753117200000,0.000065079
1753120800000,0.0000590068
1753124400000,0.0000246354
1753128000000,0.0000125
1753131600000,0.0000125
1753135200000,0.0000215112
1753138800000,0.0000479999
1753142400000,0.0000318102
1753146000000,0.0000222915
1753149600000,0.0000378471
1753153200000,0.0000564448
1753156800000,0.0000348529
1753160400000,0.0000128265
1753164000000,0.0000259419
1753167600000,0.0000322649
1753171200000,0.0000125
1753174800000,0.0000166101
1753178400000,0.0000357246
1753182000000,0.0000611345
1753185600000,0.0000694408
1753189200000,0.0000820961
1753192800000,0.0000626529
1753196400000,0.0000434991
1753200000000,0.0000691938
1753203600000,0.0000446251
1753207200000,0.0000201501
1753210800000,0.000020517
1753214400000,0.0000148029
1753218000000,0.0000125
1753221600000,0.0000125
1753225200000,0.0000125
1753228800000,0.0000306928
1753232400000,0.0000523122
1753236000000,0.0000125
1753239600000,0.0000187561
1753243200000,0.0000207028
1753246800000,0.0000390692
1753250400000,0.0000280418
1753254000000,0.0000149081
1753257600000,0.0000279259
1753261200000,0.0000250354
1753264800000,0.0000166613
1753268400000,0.0000219106
1753272000000,0.0000360285
1753275600000,0.0000258779
1753279200000,0.0000309207
1753282800000,0.0000552687
1753286400000,0.0000588666
1753290000000,0.0000325094
1753293600000,0.0000578979
1753297200000,0.0000666721
1753300800000,0.0000828164
1753304400000,0.0000469003
1753308000000,0.0000510455
1753311600000,0.0000447763
1753315200000,0.0000401484
1753318800000,0.0000319766
1753322400000,0.000018908
1753326000000,0.0000207348
1753329600000,0.0000215002
1753333200000,0.0000125
1753336800000,0.0000125
1753340400000,0.0000125
1753344000000,0.0000125
1753347600000,0.0000125
1753351200000,0.0000125
1753354800000,0.0000125
1753358400000,0.0000125
1753362000000,0.0000125
1753365600000,0.0000125
1753369200000,0.0000125
1753372800000,0.0000125
1753376400000,0.0000125
1753380000000,0.0000125
1753383600000,0.0000125
1753387200000,0.0000125
1753390800000,0.0000125
1753394400000,0.0000125
1753398000000,0.0000125
1753401600000,0.0000125
1753405200000,0.0000125
1753408800000,0.0000125
1753412400000,0.0000125
1753416000000,0.0000125
1753419600000,0.0000125
1753423200000,0.0000125
1753426800000,0.0000125
1753430400000,0.0000125
1753434000000,0.0000250144
1753437600000,0.0000470895
1753441200000,0.0000356848
1753444800000,0.0000372332
1753448400000,0.0000204025
1753452000000,0.0000257468
1753455600000,0.0000190485
1753459200000,0.0000189412
1753462800000,0.0000229656
1753466400000,0.0000232573
1753470000000,0.0000127172
1753473600000,0.0000147499
1753477200000,0.0000316331
1753480800000,0.0000613533
1753484400000,0.0000735263
1753488000000,0.0000616234
1753491600000,0.000051833
1753495200000,0.0000510246
1753498800000,0.0000578378
1753502400000,0.000059051
1753506000000,0.0000554799
1753509600000,0.0000539998
1753513200000,0.0000450849
1753516800000,0.0000406564
1753520400000,0.0000412957
1753524000000,0.0000492911
1753527600000,0.0000440691
1753531200000,0.0000356971
1753534800000,0.0000453479
1753538400000,0.0000559571
1753542000000,0.0000500098
1753545600000,0.0000421725
1753549200000,0.0000376521
1753552800000,0.0000355628
1753556400000,0.0000395304
1753560000000,0.0000585107
1753563600000,0.0000447323
1753567200000,0.0000485565
1753570800000,0.0000515098
1753574400000,0.000034305
1753578000000,0.0000339969
1753581600000,0.0000388553
1753585200000,0.0000456551
1753588800000,0.0000408459
1753592400000,0.0000343867
1753596000000,0.0000483403
1753599600000,0.000041498
1753603200000,0.0000491349
1753606800000,0.0000475127
1753610400000,0.0000410237
1753614000000,0.0000125
1753617660000,0.0000315059
1753621200000,0.0000319649
1753624800000,0.0000519451
1753628400000,0.0000618988
1753632000000,0.0000551988
1753635600000,0.0000535148
1753639200000,0.00006939
1753642800000,0.0000697403
1753646400000,0.0000637477
1753650000000,0.000059019
1753653600000,0.0000468378
1753657200000,0.0000159169
1753660800000,0.0000319951
1753664400000,0.0000349143
1753668000000,0.0000390892
1753671600000,0.0000438967
1753675200000,0.0000507054
1753678800000,0.0000528331
1753682400000,0.0000517062
1753686000000,0.0000486449
1753689600000,0.0000401244
1753693200000,0.0000288244
1753696800000,0.0000218339
1753700400000,0.0000241326
1753704000000,0.0000125
1753707600000,0.0000125
1753711200000,0.0000125
1753714800000,0.000020529
1753718400000,0.0000218491
1753722000000,0.0000125
1753725600000,0.0000125
1753729200000,0.0000125
1753732800000,0.0000125
1753736400000,0.0000125
1753740000000,0.0000125
1753743600000,0.0000125
1753747200000,0.0000125
1753750800000,0.0000125
1753754400000,0.0000125
1753758000000,0.0000125
1753761600000,0.0000125
1753765200000,0.0000125
1753768800000,0.0000125
1753772400000,0.0000125
1753776000000,0.0000125
1753779600000,0.0000125
1753783200000,0.0000125
1753786800000,0.0000125
1753790400000,0.0000125
1753794000000,0.0000125
1753797600000,0.0000125
1753801200000,-0.0001105106
1753804800000,0.0000125
1753808400000,0.0000125
1753812000000,0.0000125
1753815600000,0.0000125
1753819200000,0.0000125
1753822800000,0.0000125
1753826400000,0.0000125
1753830000000,0.0000125
1753833600000,0.0000125
1753837200000,0.0000125
1753840800000,0.0000125
1753844400000,0.0000125
1753848000000,0.0000125
1753851600000,0.0000125
1753855200000,0.0000125
1753858800000,0.0000125
1753862400000,0.0000125
1753866000000,0.0000125
1753869600000,0.0000125
1753873200000,0.0000125
1753876800000,0.0000125
1753880400000,0.0000125
1753884000000,0.0000125
1753887600000,0.0000125
1753891200000,0.0000125
1753894800000,0.0000125
1753898400000,0.0000125
1753902000000,0.0000125
1753905600000,0.0000125
1753909200000,0.0000125
1753912800000,0.0000125
1753916400000,0.0000125
1753920000000,0.0000125
1753923600000,0.0000125
1753927200000,0.0000125
1753930800000,0.0000125
1753934400000,0.0000125
1753938000000,0.0000125
1753941600000,0.0000125
1753945200000,0.0000125
1753948800000,0.0000125
1753952400000,0.0000125
1753956000000,0.0000125
1753959600000,0.0000125
1753963200000,0.0000125
1753966800000,0.0000125
1753970400000,0.0000125
1753974000000,0.0000125
1753977600000,0.0000125
1753981200000,0.0000125
1753984800000,0.0000125
1753988400000,0.0000125
1753992000000,0.0000125
1753995600000,0.0000125
1753999200000,0.0000125
1754002800000,0.0000125
1754006400000,0.0000125
1754010000000,-0.0000168067
1754013600000,-0.0000124205
1754017200000,0.0000098877
1754020800000,0.0000125
1754024400000,0.0000115903
1754028000000,-0.0000032209
1754031600000,-0.000017631
1754035200000,-0.0000181595
1754038800000,0.0000009546
1754042400000,0.0000120576
1754046000000,0.0000036462
1754049600000,0.0000055642
1754053200000,0.000009954
1754056800000,-0.0000100551
1754060400000,-0.0000015471
1754064000000,0.0000087239
1754067600000,0.000010853
1754071200000,0.0000050006
1754074800000,-0.0000309531
1754078400000,-0.0000227317
1754082000000,-0.0000320741
1754085600000,-0.0000552934
1754089200000,-0.0000599471
1754092800000,-0.0000317094
1754096400000,-0.0000095114
1754100000000,-0.0000122907
1754103600000,-0.0000109355
1754107200000,-0.000007167
1754110800000,-0.0000055885
1754114400000,-0.0000057055
1754118000000,-0.0000056179
1754121600000,0.0000027004
1754125200000,0.0000026183
1754128800000,0.0000029203
1754132400000,0.0000010628
1754136000000,0.0000125
1754139600000,0.0000125
1754143200000,0.0000028318
1754146800000,0.0000051047
1754150400000,0.0000016852
1754154000000,-0.0000083212
1754157600000,-0.0000119342
1754161200000,-0.000020095
1754164800000,-0.0000138086
1754168400000,0.000004365
1754172000000,-0.0000081564
1754175600000,0.000002836
1754179200000,-0.0000015278
1754182800000,-0.000008226
1754186400000,-0.0000008665
1754190000000,0.0000056636
1754193600000,0.0000071605
1754197200000,0.0000036185
1754200800000,0.0000075006
1754204400000,0.0000072602
1754208000000,0.0000017839
1754211600000,-0.0000067318
1754215200000,-0.0000065457
1754218800000,-0.0000009092
1754222400000,-0.0000066076
1754226000000,-0.0000091905
1754229600000,-0.0000129633
1754233200000,-0.0000196853
1754236800000,-0.0000116353
1754240400000,-0.0000081172
1754244000000,-0.0000158987
1754247600000,-0.00000678
1754251200000,0.0000007826
1754254800000,-0.0000030588
1754258400000,-0.0000104975
1754262000000,-0.0000132162
1754265600000,-0.0000100569
1754269200000,-0.000003959
1754272800000,-0.0000045906
1754276400000,-0.0000000244
1754280000000,0.0000011787
1754283600000,0.0000014377
1754287200000,0.0000039095
1754290800000,0.0000086403
1754294400000,0.0000108493
1754298000000,0.0000062243
1754301600000,0.0000040419
1754305200000,0.0000013922
1754308800000,-0.0000012071
1754312400000,-0.0000028868
1754316000000,-0.0000057454
1754319600000,0.0000010864
1754323200000,-0.0000030688
1754326800000,-0.0000030692
1754330400000,0.0000125
1754334000000,0.0000026107
1754337600000,-0.0000068853
1754341200000,0.0000125
1754344800000,0.0000125
1754348400000,0.000009618
1754352000000,0.0000125
1754355600000,0.0000125
1754359200000,0.0000125
1754362800000,0.0000125
1754366400000,0.0000125
1754370000000,0.0000090561
1754373600000,0.0000125
1754377200000,0.0000125
1754380800000,0.0000093319
1754384400000,0.0000125
1754388000000,0.0000125
1754391600000,0.0000125
1754395200000,0.0000125
1754398800000,0.0000125
1754402400000,0.0000125
1754406000000,0.000004662
1754409600000,0.0000125
1754413200000,0.0000125
1754416800000,0.0000087667
1754420400000,0.0000048422
1754424000000,0.0000022559
1754427600000,0.0000036641
1754431200000,-0.0000014899
1754434800000,-0.0000176599
1754438400000,-0.0000084696
1754442000000,-0.0000128194
1754445600000,-0.0000051895
1754449200000,-0.0000033386
1754452800000,-0.0000021648
1754456400000,0.0000012057
1754460000000,0.0000061703
1754463600000,0.0000095049
1754467200000,0.0000125
1754470800000,0.0000074948
1754474400000,0.0000090398
1754478000000,0.0000055132
1754481600000,0.0000122112
1754485200000,0.0000067498
1754488800000,0.0000125
1754492400000,0.0000125
1754496000000,0.0000125
1754499600000,0.0000125
1754503200000,0.0000125
1754506800000,0.0000125
1754510400000,0.0000125
1754514000000,0.0000042222
1754517600000,0.0000025465
1754521200000,0.0000052366
1754524800000,0.0000083246
1754528400000,0.0000048887
1754532000000,0.0000091255
1754535600000,0.0000023397
1754539200000,-0.0000014761
1754542800000,0.0000037517
1754546400000,0.0000096319
1754550000000,0.0000104312
1754553600000,0.0000125
1754557200000,0.0000125
1754560800000,0.0000125
1754564400000,0.0000125
1754568000000,0.0000125
1754571600000,0.0000125
1754575200000,0.0000125
1754578800000,0.0000125
1754582400000,0.0000125
1754586000000,0.0000125
1754589600000,0.0000125
1754593200000,0.0000125
1754596800000,0.0000125
1754600400000,0.0000125
1754604000000,0.0000125
1754607600000,0.0000125
1754611200000,0.0000125
1754614800000,0.0000125
1754618400000,0.0000125
1754622000000,0.0000125
1754625600000,0.0000125
1754629200000,0.0000125
1754632800000,0.0000125
1754636400000,0.0000181024
1754640000000,0.0000138036
1754643600000,0.0000125
1754647200000,0.0000125
1754650800000,0.0000125
1754654400000,0.0000125
1754658000000,0.0000125
1754661600000,0.0000125
1754665200000,0.0000204233
1754668800000,0.000020905
1754672400000,0.0000125
1754676000000,0.0000125
1754679600000,0.0000262268
1754683200000,0.0000154912
1754686800000,0.0000239859
1754690400000,0.0000268766
1754694000000,0.0000217355
1754697600000,0.0000199335
1754701200000,0.0000125
1754704800000,0.0000145088
1754708400000,0.0000173446
1754712000000,0.0000195618
1754715600000,0.0000221138
1754719200000,0.0000441411
1754722800000,0.0000262585
1754726400000,0.0000407792
1754730000000,0.0000278388
1754733600000,0.0000246835
1754737200000,0.0000204319
1754740800000,0.0000125
1754744400000,0.0000125
1754748000000,0.0000222032
1754751600000,0.0000343512
1754755200000,0.0000312337
1754758800000,0.0000240227
1754762400000,0.0000323752
1754766000000,0.0000380717
1754769600000,0.0000446758
1754773200000,0.0000397345
1754776800000,0.000025168
1754780400000,0.0000350625
1754784000000,0.0000360923
1754787600000,0.0000334327
1754791200000,0.0000307073
1754794800000,0.0000191421
1754798400000,0.0000125
1754802000000,0.0000125
1754805600000,0.0000125
1754809200000,0.0000125
1754812800000,0.0000125
1754816400000,0.0000125
1754820000000,0.0000125
1754823600000,0.0000125
1754827200000,0.0000125
1754830800000,0.0000125
1754834400000,0.0000125
1754838000000,0.0000125
1754841600000,0.0000125
1754845200000,0.0000125
1754848800000,0.0000125
1754852400000,0.0000125
1754856000000,0.0000125
1754859600000,0.0000125
1754863200000,0.0000182114
1754866800000,0.0000370501
1754870400000,0.0000362589
1754874000000,0.0000379415
1754877600000,0.0000289564
1754881200000,0.0000279509
1754884800000,0.0000148919
1754888400000,0.0000216125
1754892000000,0.0000125
1754895600000,0.0000200181
1754899200000,0.0000161321
1754902800000,0.0000188789
1754906400000,0.0000210848
1754910000000,0.0000125
1754913600000,0.0000125
1754917200000,0.0000125
1754920800000,0.0000125
1754924400000,0.0000125
1754928000000,0.0000231937
1754931600000,0.0000151549
1754935200000,0.0000125
1754938800000,0.0000125
1754942400000,0.0000125
1754946000000,0.0000125
1754949600000,0.0000125
1754953200000,0.0000125
1754956800000,0.0000125
1754960400000,0.0000125
1754964000000,0.0000125
1754967600000,0.0000125
1754971200000,0.0000125
1754974800000,0.0000125
1754978400000,0.0000125
1754982000000,0.0000125
1754985600000,0.0000125
1754989200000,0.0000125
1754992800000,0.0000125
1754996400000,0.0000125
1755000000000,0.0000125
1755003600000,0.0000330476
1755007200000,0.0000304812
1755010800000,0.0000428835
1755014400000,0.0000359206
1755018000000,0.0000154561
1755021600000,0.0000125
1755025200000,0.0000125
1755028800000,0.0000125
1755032400000,0.0000125
1755036000000,0.0000125
1755039600000,0.0000125
1755043200000,0.0000125
1755046800000,0.0000125
1755050400000,0.0000125
1755054000000,0.0000195832
1755057600000,0.0000195179
1755061200000,0.0000389029
1755064800000,0.0000259595
1755068400000,0.0000125
1755072000000,0.0000205445
1755075600000,0.0000182068
1755079200000,0.0000247683
1755082800000,0.0000491344
1755086400000,0.0000537853
1755090000000,0.0000554675
1755093600000,0.0000634036
1755097200000,0.0000757105
1755100800000,0.0000709167
1755104400000,0.0000605598
1755108000000,0.0000712338
1755111600000,0.0000603183
1755115200000,0.0000582139
1755118800000,0.0000508678
1755122400000,0.000046003
1755126000000,0.0000125
1755129600000,0.0000352676
1755133200000,0.0000400837
1755136800000,0.0000369692
1755140400000,0.0000613204
1755144000000,0.0000656089
1755147600000,0.0000648747
1755151200000,0.0000603103
1755154800000,0.0000925346
1755158400000,0.000070097
1755162000000,0.0000541969
1755165600000,0.0000461898
1755169200000,0.000035156
1755172800000,0.0000426958
1755176400000,0.0000461608
1755180000000,0.0000358909
1755183600000,0.0000398095
1755187200000,0.0000255755
1755190800000,0.0000287219
1755194400000,0.000035989
1755198000000,0.0000332326
1755201600000,0.0000370274
1755205200000,0.0000303771
1755208800000,0.0000125
1755212400000,0.0000125
1755216000000,0.0000125
1755219600000,0.0000125
1755223200000,0.0000125
1755226800000,0.0000125
1755230400000,0.0000125
1755234000000,0.0000125
1755237600000,0.0000125
1755241200000,0.0000125
1755244800000,0.0000125
1755248400000,0.0000125
1755252000000,0.0000125
1755255600000,0.0000125
1755259200000,0.0000125
1755262800000,0.0000125
1755266400000,0.0000125
1755270000000,0.0000125
1755273600000,0.0000125
1755277200000,0.0000125
1755280800000,0.0000125
1755284400000,0.0000125
1755288000000,0.0000125
1755291600000,0.0000125
1755295200000,0.0000125
1755298800000,0.0000125
1755302400000,0.0000125
1755306000000,0.0000125
1755309600000,0.0000125
1755313200000,0.0000125
1755316800000,0.0000125
1755320400000,0.0000125
1755324000000,0.0000125
1755327600000,0.0000125
1755331200000,0.0000125
1755334800000,0.0000125
1755338400000,0.0000125
1755342000000,0.0000125
1755345600000,0.0000125
1755349200000,0.0000125
1755352800000,0.0000125
1755356400000,0.0000125
1755360000000,0.0000125
1755363600000,0.0000125
1755367200000,0.0000125
1755370800000,0.0000125
1755374400000,0.0000125
1755378000000,0.0000125
1755381600000,0.0000125
1755385200000,0.0000125
1755388800000,0.0000125
1755392400000,0.0000125
1755396000000,0.0000125
1755399600000,0.0000125
1755403200000,0.0000125
1755406800000,0.0000125
1755410400000,0.0000125
1755414000000,0.0000125
1755417600000,0.0000125
1755421200000,0.0000125
1755424800000,0.0000125
1755428400000,0.0000125
1755432000000,0.0000125
1755435600000,0.0000125
1755439200000,0.0000125
1755442800000,0.0000125
1755446400000,0.0000125
1755450000000,0.0000125
1755453600000,0.0000125
1755457200000,0.0000125
1755460800000,0.0000125
1755464400000,0.0000125
1755468000000,0.0000125
1755471600000,0.0000125
1755475200000,0.0000125
1755478800000,0.0000125
1755482400000,0.0000125
1755486000000,0.0000125
1755489600000,0.0000125
1755493200000,0.0000125
1755496800000,0.0000125
1755500400000,0.0000125
1755504000000,0.0000091576
1755507600000,0.0000125
1755511200000,0.0000125
1755514800000,0.0000125
1755518400000,0.0000125
1755522000000,0.0000125
1755525600000,0.0000125
1755529200000,0.0000125
1755532800000,0.0000125
1755536400000,0.0000125
1755540000000,0.0000125
1755543600000,0.0000125
1755547200000,0.0000125
1755550800000,0.0000125
1755554400000,0.0000125
1755558000000,0.0000125
1755561600000,0.0000125
1755565200000,0.0000125
1755568800000,0.0000125
1755572400000,0.0000125
1755576000000,0.0000115418
1755579600000,0.0000024334
1755583200000,0.0000125
1755586800000,0.0000125
1755590400000,0.0000125
1755594000000,0.0000125
1755597600000,0.0000125
1755601200000,0.0000125
1755604800000,0.0000125
1755608400000,0.0000125
1755612000000,0.0000062537
1755615600000,0.0000060104
1755619200000,0.0000074867
1755622800000,-0.0000027825
1755626400000,0.0000024865
1755630000000,0.0000125
1755633600000,0.0000125
1755637200000,0.0000125
1755640800000,0.0000086089
1755644400000,0.0000105111
1755648000000,0.0000014715
1755651600000,0.0000049744
1755655200000,0.0000000594
1755658800000,0.0000038997
1755662400000,0.0000079988
1755666000000,0.0000092229
1755669600000,0.0000125
1755673200000,0.0000089049
1755676800000,0.0000086519
1755680400000,0.0000117304
1755684000000,0.0000116705
1755687600000,0.0000114996
1755691200000,-0.0000000135
1755694800000,0.0000045254
1755698400000,-0.0000036052
1755702000000,0.0000091377
1755705600000,0.0000125
1755709200000,0.0000125
1755712800000,0.0000125
1755716400000,0.0000125
1755720000000,0.0000125
1755723600000,0.0000125
1755727200000,0.0000125
1755730800000,0.0000125
1755734400000,0.0000125
1755738000000,0.0000125
1755741600000,0.0000125
1755745200000,0.0000125
1755748800000,0.0000125
1755752400000,0.0000125
1755756000000,0.0000125
1755759600000,0.0000125
1755763200000,0.0000125
1755766800000,0.0000125
1755770400000,0.0000125
1755774000000,0.0000125
1755777600000,0.0000125
1755781200000,0.0000125
1755784800000,0.0000125
1755788400000,0.0000125
1755792000000,0.0000128149
1755795600000,0.0000207499
1755799200000,0.0000125
1755802800000,0.0000125
1755806400000,0.0000125
1755810000000,0.0000125
1755813600000,0.0000125
1755817200000,0.0000125
1755820800000,0.0000125
1755824400000,0.0000125
1755828000000,0.0000125
1755831600000,0.0000181214
1755835200000,0.0000195862
1755838800000,0.0000184592
1755842400000,0.0000167622
1755846000000,0.0000191424
1755849600000,0.0000200337
1755853200000,0.0000128193
1755856800000,0.0000204722
1755860400000,0.0000201816
1755864000000,0.0000137129
1755867600000,0.0000229489
1755871200000,0.0000160423
1755874800000,0.0000715443
1755878400000,0.0000427973
1755882000000,0.0000361731
1755885600000,0.0000491771
1755889200000,0.0000503105
1755892800000,0.0000439593
1755896400000,0.0000440587
1755900000000,0.0000449292
1755903600000,0.0000371743
1755907200000,0.0000399172
1755910800000,0.0000360464
1755914400000,0.0000228674
1755918000000,0.0000262204
1755921600000,0.0000231976
1755925200000,0.0000267405
1755928800000,0.0000344261
1755932400000,0.0000356294
1755936000000,0.0000349701
1755939600000,0.0000436908
1755943200000,0.000034399
1755946800000,0.0000282904
1755950400000,0.0000224151
1755954000000,0.0000316319
1755957600000,0.0000185353
1755961200000,0.0000269058
1755964800000,0.0000429041
1755968400000,0.0000261638
1755972000000,0.0000344522
1755975600000,0.0000332851
1755979200000,0.0000239938
1755982800000,0.000018917
1755986400000,0.0000283483
1755990000000,0.0000428201
1755993600000,0.0000528256
1755997200000,0.0000549727
1756000800000,0.0000374698
1756004400000,0.000036356
1756008000000,0.0000321814
1756011600000,0.0000257669
1756015200000,0.0000138002
1756018800000,0.0000131162
1756022400000,0.0000280508
1756026000000,0.0000159354
1756029600000,0.0000125652
1756033200000,0.0000169086
1756036800000,0.0000256909
1756040400000,0.0000361377
1756044000000,0.0000353434
1756047600000,0.0000287989
1756051200000,0.0000281964
1756054800000,0.0000258782
1756058400000,0.0000168713
1756062000000,0.0000125
1756065600000,0.000020993
1756069200000,0.0000125
1756072800000,0.0000125
1756076400000,0.0000125
1756080000000,0.0000125
1756083600000,0.0000125
1756087200000,0.0000125
1756090800000,0.0000125
1756094400000,0.0000125
1756098000000,0.0000125
1756101600000,0.0000125
1756105200000,-0.0000103091
1756108800000,-0.0000100495
1756112400000,-0.0000019225
1756116000000,0.0000110388
1756119600000,-0.0000412113
1756123200000,-0.0000393126
1756126800000,-0.0000002369
1756130400000,0.0000125
1756134000000,0.0000125
1756137600000,0.0000125
1756141200000,0.0000125
1756144800000,0.0000125
1756148400000,0.0000125
1756152000000,0.0000125
1756155600000,0.0000080735
1756159200000,0.0000125
1756162800000,0.0000125
1756166400000,0.0000125
1756170000000,0.0000125
1756173600000,0.0000125
1756177200000,0.0000125
1756180800000,0.0000125
1756184400000,0.0000125
1756188000000,0.0000125
1756191600000,0.0000125
1756195200000,0.0000125
1756198800000,0.0000125
1756202400000,0.0000125
1756206000000,0.0000125
1756209600000,0.0000125
1756213200000,0.0000249454
1756216800000,0.0000382515
1756220400000,0.0000125
1756224000000,0.0000125
1756227600000,0.0000125
1756231200000,-0.0000102084
1756234800000,0.000002013
1756238400000,0.0000052664
1756242000000,0.0000097515
1756245600000,0.0000094007
1756249200000,0.0000125
1756252800000,0.0000115828
1756256400000,0.0000071591
1756260000000,0.0000000664
1756263600000,0.0000125
1756267200000,0.0000125
1756270800000,0.0000125
1756274400000,0.0000125
1756278000000,0.0000050113
1756281600000,0.0000033002
1756285200000,0.0000125
1756288800000,0.0000125
1756292400000,0.0000125
1756296000000,0.0000125
1756299600000,0.0000125
1756303200000,0.0000125
1756306800000,0.0000125
1756310400000,0.0000125
1756314000000,0.0000125
1756317600000,0.0000125
1756321200000,0.0000125
1756324800000,0.0000125
1756328400000,0.0000125
1756332000000,0.0000125
1756335600000,0.0000125
1756339200000,0.0000125
1756342800000,0.0000125
1756346400000,0.0000125
1756350000000,0.0000125
1756353600000,0.0000125
1756357200000,0.0000125
1756360800000,0.0000125
1756364400000,0.0000125
1756368000000,0.0000125
1756371600000,0.0000125
1756375200000,0.0000125
1756378800000,0.0000125
1756382400000,0.0000125
1756386000000,0.0000125
1756389600000,0.0000125
1756393200000,0.0000125
1756396800000,0.0000125
1756400400000,0.0000125
1756404000000,0.0000125
1756407600000,0.0000125
1756411200000,0.0000069507
1756414800000,0.0000045538
1756418400000,0.0000125
1756422000000,0.000002869
1756425600000,-0.0000017968
1756429200000,0.000009138
1756432800000,0.0000125
1756436400000,0.0000125
1756440000000,0.0000125
1756443600000,0.0000125
1756447200000,0.0000125
1756450800000,0.0000125
1756454400000,-0.0000047692
1756458000000,-0.0000187676
1756461600000,-0.0000422073
1756465200000,-0.0000111859
1756468800000,0.0000021998
1756472400000,0.0000080269
1756476000000,0.0000107862
1756479600000,-0.0000253446
1756483200000,0.0000062972
1756486800000,0.0000125
1756490400000,-0.0000026577
1756494000000,0.00000167
1756497600000,0.0000125
1756501200000,0.0000125
1756504800000,0.0000125
1756508400000,0.0000097106
1756512000000,0.0000125
1756515600000,0.0000085786
1756519200000,0.0000099578
1756522800000,0.0000125
1756526400000,0.0000125
1756530000000,0.0000125
1756533600000,0.0000050453
1756537200000,-0.0000117067
1756540800000,-0.0000165487
1756544400000,0.0000041323
1756548000000,0.0000125
1756551600000,0.0000094473
1756555200000,0.0000125
1756558800000,0.0000118244
1756562400000,0.0000125
1756566000000,0.0000125
1756569600000,0.0000125
1756573200000,0.0000125
1756576800000,0.0000125
1756580400000,0.0000125
1756584000000,0.0000054067
1756587600000,0.0000066644
1756591200000,0.0000030952
1756594800000,0.0000048335
1756598400000,0.0000125
1756602000000,0.0000125
1756605600000,0.0000125
1756609200000,0.0000125
1756612800000,0.0000125
1756616400000,0.0000070005
1756620000000,-0.00000976
1756623600000,0.0000046485
1756627200000,0.0000125
1756630800000,0.0000063724
1756634400000,0.0000004414
1756638000000,0.000007327
1756641600000,0.0000125
1756645200000,0.0000019368
1756648800000,0.0000000584
1756652400000,-0.000010052
1756656000000,-0.0000115725
1756659600000,-0.000008116
1756663200000,-0.0000090409
1756666800000,-0.0000028323
1756670400000,0.0000125
1756674000000,0.0000114543
1756677600000,0.0000125
1756681200000,0.0000125
1756684800000,0.0000125
1756688400000,0.0000125
1756692000000,0.0000125
1756695600000,0.0000116384
1756699200000,0.0000091182
1756702800000,-0.0000004934
1756706400000,0.0000057409
1756710000000,0.0000114311
1756713600000,0.0000125
1756717200000,0.0000125
1756720800000,0.0000125
1756724400000,-0.0000002472
1756728000000,0.0000005376
1756731600000,0.0000033487
1756735200000,0.0000125
1756738800000,0.0000125
1756742400000,-0.0000055818
1756746000000,-0.0000030017
1756749600000,-0.0000235284
1756753200000,-0.0000166989
1756756800000,-0.0000094281
1756760400000,-0.0000328888
1756764000000,-0.0000274569
1756767600000,-0.0000255095
1756771200000,-0.000018936
1756774800000,-0.0000364723
1756778400000,-0.0000235275
1756782000000,-0.0000034797
1756785600000,-0.0000182417
1756789200000,-0.0000070432
1756792800000,-0.0000053682
1756796400000,0.0000017068
1756800000000,0.0000027408
1756803600000,0.0000125
1756807200000,0.0000125
1756810800000,0.0000125
1756814400000,0.0000099754
1756818000000,0.0000125
1756821600000,0.0000125
1756825200000,0.0000125
1756828800000,0.0000125
1756832400000,0.0000125
1756836000000,0.000009721
1756839600000,0.000010039
1756843200000,0.0000118854
1756846800000,0.0000125
1756850400000,0.0000125
1756854000000,0.0000125
1756857600000,0.0000125
1756861200000,0.0000125
1756864800000,0.0000044989
1756868400000,0.0000125
1756872000000,0.0000095198
1756875600000,0.0000035412
1756879200000,-0.0000085908
1756882800000,-0.0000035606
1756886400000,-0.0000006024
1756890000000,-0.0000022454
1756893600000,0.0000125
1756897200000,0.0000125
1756900800000,0.0000125
1756904400000,0.0000125
1756908000000,0.0000125
1756911600000,0.0000125
1756915200000,0.0000125
1756918800000,0.0000125
1756922400000,0.0000125
1756926000000,0.0000092442
1756929600000,0.0000125
1756933200000,0.0000125
1756936800000,0.0000125
1756940400000,0.0000125
1756944000000,0.0000086892
1756947600000,0.0000125
1756951200000,0.0000125
1756954800000,0.0000125
1756958400000,0.0000125
1756962000000,0.0000125
1756965600000,0.0000125
1756969200000,0.0000125
1756972800000,0.0000125
1756976400000,0.0000125
1756980000000,0.0000125
1756983600000,0.0000125
1756987200000,0.0000125
1756990800000,0.0000125
1756994400000,0.0000125
1756998000000,0.0000125
1757001600000,0.0000125
1757005200000,0.0000125
1757008800000,0.0000125
1757012400000,0.0000125
1757016000000,0.0000125
1757019600000,0.0000125
1757023200000,0.0000125
1757026800000,0.0000125
1757030400000,0.0000125
1757034000000,0.0000125
1757037600000,0.0000125
1757041200000,0.0000125
1757044800000,0.0000123974
1757048400000,0.00001227
1757052000000,0.0000125
1757055600000,0.0000125
1757059200000,0.0000125
1757062800000,0.0000125
1757066400000,0.0000125
1757070000000,0.0000125
1757073600000,0.0000125
1757077200000,0.0000125
1757080800000,0.0000125
1757084400000,0.0000125
1757088000000,0.0000099154
1757091600000,0.0000125
1757095200000,0.0000125
1757098800000,0.0000125
1757102400000,0.0000049895
1757106000000,-0.0000010221
1757109600000,-0.0000018894
1757113200000,0.00000171
1757116800000,0.0000022769
1757120400000,0.0000110129
1757124000000,0.0000117245
1757127600000,0.0000125
1757131200000,0.0000092323
1757134800000,0.0000088224
1757138400000,0.0000092441
1757142000000,0.0000125
1757145600000,0.0000125
1757149200000,0.0000125
1757152800000,0.0000125
1757156400000,0.0000119461
1757160000000,0.0000125
1757163600000,0.0000099634
1757167200000,0.0000125
1757170800000,0.0000125
1757174400000,0.000006109
1757178000000,-0.0000176154
1757181600000,-0.0000136943
1757185200000,-0.0000091695
1757188800000,-0.000013365
1757192400000,-0.0000051896
1757196000000,-0.0000063676
1757199600000,0.0000060321
1757203200000,0.0000094753
1757206800000,0.0000052404
1757210400000,0.0000011199
1757214000000,-0.0000037948
1757217600000,-0.0000076337
1757221200000,-0.000015103
1757224800000,-0.0000053941
1757228400000,-0.0000072372
1757232000000,0.0000038539
1757235600000,0.0000115615
1757239200000,-0.0000054357
1757242800000,0.0000073128
1757246400000,-0.0000022878
1757250000000,-0.000006185
1757253600000,-0.0000032534
1757257200000,0.0000044909
1757260800000,0.0000008899
1757264400000,-0.0000092939
1757268000000,-0.0000105308
1757271600000,-0.0000035143
1757275200000,-0.0000035007
1757278800000,-0.0000030856
1757282400000,0.0000031121
1757286000000,0.0000109409
1757289600000,-0.0000015575
1757293200000,0.0000083557
1757296800000,0.0000074633
1757300400000,0.0000125
1757304000000,0.0000040289
1757307600000,-0.0000048077
1757311200000,-0.0000013543
1757314800000,0.0000039693
1757318400000,0.0000019089
1757322000000,0.0000013517
1757325600000,0.0000062075
1757329200000,0.0000083349
1757332800000,0.0000099691
1757336400000,0.0000125
1757340000000,0.0000125
1757343600000,0.0000125
1757347200000,0.0000125
1757350800000,0.0000125
1757354400000,0.0000125
1757358000000,0.0000125
1757361600000,0.0000125
1757365200000,0.0000125
1757368800000,0.0000125
1757372400000,0.0000125
1757376000000,0.0000125
1757379600000,0.0000125
1757383200000,0.0000125
1757386800000,0.0000125
1757390400000,0.0000125
1757394000000,0.0000125
1757397600000,0.0000125
1757401200000,0.0000125
1757404800000,0.0000125
1757408400000,0.0000125
1757412000000,0.0000125
1757415600000,0.0000125
1757419200000,0.0000125
1757422800000,0.0000125
1757426400000,0.0000125
1757430000000,0.0000125
1757433600000,0.0000125
1757437200000,0.0000125
1757440800000,0.0000125
1757444400000,0.0000125
1757448000000,0.0000125
1757451600000,0.0000125
1757455200000,0.0000125
1757458800000,0.0000125
1757462400000,0.0000125
1757466000000,0.0000125
1757469600000,0.0000125
1757473200000,0.0000125
1757476800000,0.0000125
1757480400000,0.0000125
1757484000000,0.0000125
1757487600000,0.0000125
1757491200000,0.0000125
1757494800000,0.0000125
1757498400000,0.0000125
1757502000000,0.0000125
1757505600000,0.0000125
1757509200000,0.0000125
1757512800000,0.0000125
1757516400000,0.0000125
1757520000000,0.0000125
1757523600000,0.0000125
1757527200000,0.0000125
1757530800000,0.0000125
1757534400000,0.0000125
1757538000000,0.0000125
1757541600000,0.0000125
1757545200000,0.0000125
1757548800000,0.0000125
1757552400000,0.0000125
1757556000000,0.0000125
1757559600000,0.0000125
1757563200000,0.0000125
1757566800000,0.0000125
1757570400000,0.0000125
1757574000000,0.0000125
1757577600000,0.0000125
1757581200000,0.0000125
1757584800000,0.0000125
1757588400000,0.0000125
1757592000000,0.0000125
1757595600000,0.0000125
1757599200000,0.0000125
1757602800000,0.0000125
1757606400000,0.0000125
1757610000000,0.0000125
1757613600000,0.0000125
1757617200000,0.0000125
1757620800000,0.0000125
1757624400000,0.0000125
1757628000000,0.0000125
1757631600000,0.0000125
1757635200000,0.0000125
1757638800000,0.0000125
1757642400000,0.0000125
1757646000000,0.0000125
1757649600000,0.0000125
1757653200000,0.0000125
1757656800000,0.0000125
1757660400000,0.0000125
1757664000000,0.0000125
1757667600000,0.0000125
1757671200000,0.0000125
1757674800000,0.0000125
1757678400000,0.0000125
1757682000000,0.0000125
1757685600000,0.0000125
1757689200000,0.0000125
1757692800000,0.0000125
1757696400000,0.0000125
1757700000000,0.0000125
1757703600000,0.0000125
1757707200000,0.0000125
1757710800000,0.0000125
1757714400000,0.0000125
1757718000000,0.0000125
1757721600000,0.0000125
1757725200000,0.0000125
1757728800000,0.0000125
1757732400000,0.0000125
1757736000000,0.0000125
1757739600000,0.0000125
1757743200000,0.0000125
1757746800000,0.0000125
1757750400000,0.0000125
1757754000000,0.0000125
1757757600000,0.0000125
1757761200000,0.0000125
1757764800000,0.0000125
1757768400000,0.0000125
1757772000000,0.0000125
1757775600000,0.0000125
1757779200000,0.0000125
1757782800000,0.0000262639
1757786400000,0.0000335581
1757790000000,0.0000308059
1757793600000,0.0000178349
1757797200000,0.0000151191
1757800800000,0.0000125
1757804400000,0.0000125
1757808000000,0.0000125
1757811600000,0.0000201616
1757815200000,0.0000230909
1757818800000,0.0000239157
1757822400000,0.000026134
1757826000000,0.0000172814
1757829600000,0.0000290776
1757833200000,0.0000198969
1757836800000,0.0000125
1757840400000,0.0000125
1757844000000,0.0000125
1757847600000,0.0000125
1757851200000,0.0000125
1757854800000,0.0000125
1757858400000,0.0000125
1757862000000,0.0000125
1757865600000,0.0000125
1757869200000,0.00001294
1757872800000,0.000017066
1757876400000,0.0000125
1757880000000,0.0000218394
1757883600000,0.0000216055
1757887200000,0.000019727
1757890800000,0.0000170616
1757894400000,0.0000190857
1757898000000,0.0000248083
1757901600000,0.000023168
1757905200000,0.0000256752
1757908800000,0.0000279464
1757912400000,0.0000125
1757916000000,0.0000125
1757919600000,0.0000125
1757923200000,0.0000158519
1757926800000,0.0000125
1757930400000,0.0000181875
1757934000000,0.0000225195
1757937600000,0.0000128446
1757941200000,0.0000125
1757944800000,0.0000125
1757948400000,0.0000125
1757952000000,0.0000125
1757955600000,0.0000125
1757959200000,0.0000125
1757962800000,0.0000125
1757966400000,0.0000125
1757970000000,0.0000125
1757973600000,0.0000125
1757977200000,0.0000125
1757980800000,0.0000131009
1757984400000,0.0000125
1757988000000,0.0000125
1757991600000,0.0000125
1757995200000,0.0000125
1757998800000,0.0000125
1758002400000,0.0000125
1758006000000,0.0000125
1758009600000,0.0000125
1758013200000,0.0000125
1758016800000,0.0000125
1758020400000,0.0000125
1758024000000,0.0000125
1758027600000,0.0000125
1758031200000,0.0000125
1758034800000,0.0000125
1758038400000,0.0000125
1758042000000,0.0000125
1758045600000,0.0000125
1758049200000,0.0000125
1758052800000,0.0000125
1758056400000,0.0000125
1758060000000,0.0000125
1758063600000,0.0000125
1758067200000,0.0000125
1758070800000,0.0000125
1758074400000,0.0000125
1758078000000,0.0000125
1758081600000,0.0000125
1758085200000,0.0000125
1758088800000,0.0000125
1758092400000,0.0000125
1758096000000,0.0000125
1758099600000,0.0000125
1758103200000,0.0000125
1758106800000,0.0000125
1758110400000,0.0000125
1758114000000,0.0000125
1758117600000,0.0000125
1758121200000,0.0000125
1758124800000,0.0000125
1758128400000,0.0000125
1758132000000,0.0000125
1758135600000,0.0000125
1758139200000,0.0000125
1758142800000,0.0000125
1758146400000,0.0000125
1758150000000,0.0000125
1758153600000,0.0000125
1758157200000,0.0000125
1758160800000,0.0000125
1758164400000,0.0000125
1758168000000,0.0000125
1758171600000,0.0000125
1758175200000,0.0000125
1758178800000,0.0000125
1758182400000,0.0000125
1758186000000,0.0000125
1758189600000,0.0000125
1758193200000,0.0000125
1758196800000,0.0000125
1758200400000,0.0000125
1758204000000,0.0000125
1758207600000,0.0000125
1758211200000,0.0000125
1758214800000,0.0000125
1758218400000,0.0000125
1758222000000,0.0000125
1758225600000,0.0000125
1758229200000,0.0000125
1758232800000,0.0000125
1758236400000,0.0000125
1758240000000,0.0000125
1758243600000,0.0000125
1758247200000,0.0000125
1758250800000,0.0000125
1758254400000,0.0000125
1758258000000,0.0000125
1758261600000,0.0000125
1758265200000,0.0000125
1758268800000,0.0000125
1758272400000,0.0000125
1758276000000,0.0000125
1758279600000,0.0000125
1758283200000,0.0000125
1758286800000,0.0000125
1758290400000,0.0000125
1758294000000,0.0000125
1758297600000,0.0000125
1758301200000,0.0000125
1758304800000,0.0000125
1758308400000,0.0000125
1758312000000,0.0000219864
1758315600000,0.0000149477
1758319200000,0.0000125
1758322800000,0.0000125
1758326400000,0.0000125
1758330000000,0.0000125
1758333600000,0.0000125
1758337200000,0.0000125
1758340800000,0.0000125
1758344400000,0.0000125
1758348000000,0.0000125
1758351600000,0.0000125
1758355200000,0.0000125
1758358800000,0.0000125
1758362400000,0.0000125
1758366000000,0.0000125
1758369600000,0.0000125
1758373200000,0.0000125
1758376800000,0.0000125
1758380400000,0.0000125
1758384000000,0.0000125
1758387600000,0.0000125
1758391200000,0.0000125
1758394800000,0.0000125
1758398400000,0.0000125
1758402000000,0.0000125
1758405600000,0.0000125
1758409200000,0.0000125
1758412800000,0.0000125
1758416400000,0.0000125
1758420000000,0.0000125
1758423600000,0.0000125
1758427200000,0.0000125
1758430800000,0.0000125
1758434400000,0.0000125
1758438000000,0.0000125
1758441600000,0.0000125
1758445200000,0.0000125
1758448800000,0.0000125
1758452400000,0.0000125
1758456000000,0.0000125
1758459600000,0.0000125
1758463200000,0.0000125
1758466800000,0.0000125
1758470400000,0.0000125
1758474000000,0.0000125
1758477600000,0.0000125
1758481200000,0.0000125
1758484800000,0.0000125
1758488400000,0.0000125
1758492000000,0.0000125
1758495600000,0.0000125
1758499200000,0.0000125
1758502800000,0.0000125
1758506400000,0.0000125
1758510000000,0.0000125
1758513600000,0.0000125
1758517200000,0.0000125
1758520800000,0.0000125
1758524400000,-0.0000012072
1758528000000,0.0000083768
1758531600000,0.0000077967
1758535200000,-0.0000037932
1758538800000,-0.0000043639
1758542400000,-0.0000028642
1758546000000,0.0000075902
1758549600000,0.0000125
1758553200000,0.0000125
1758556800000,0.0000087784
1758560400000,0.0000095948
1758564000000,0.0000053023
1758567600000,0.0000082586
1758571200000,0.0000031462
1758574800000,0.0000000889
1758578400000,0.0000002082
1758582000000,-0.000011005
1758585600000,-0.0000035811
1758589200000,-0.0000021072
1758592800000,0.0000000309
1758596400000,-0.0000065377
1758600000000,-0.0000018332
1758603600000,-0.0000050406
1758607200000,0.0000015904
1758610800000,0.0000080923
1758614400000,0.0000080629
1758618000000,0.0000077733
1758621600000,0.0000036657
1758625200000,0.0000024514
1758628800000,0.0000022762
1758632400000,0.0000029693
1758636000000,0.0000042531
1758639600000,0.0000058252
1758643200000,0.0000070916
1758646800000,0.0000073626
1758650400000,0.0000084051
1758654000000,0.0000044119
1758657600000,-0.000009482
1758661200000,-0.0000028606
1758664800000,0.0000010104
1758668400000,0.0000050581
1758672000000,0.0000091894
1758675600000,0.0000081194
1758679200000,0.0000044611
1758682800000,0.0000027257
1758686400000,0.000003153
1758690000000,0.0000049955
1758693600000,0.0000010142
1758697200000,-0.0000060192
1758700800000,-0.0000069097
1758704400000,0.0000008718
1758708000000,0.0000057834
1758711600000,-0.0000124326
1758715200000,0.0000007617
1758718800000,0.000001341
1758722400000,0.0000091629
1758726000000,0.0000084651
1758729600000,0.0000082508
1758733200000,0.0000062066
1758736800000,0.0000110122
1758740400000,0.0000060737
1758744000000,0.0000116733
1758747600000,0.0000125
1758751200000,0.0000082051
1758754800000,0.0000125
1758758400000,0.0000125
1758762000000,0.0000125
1758765600000,0.0000125
1758769200000,0.0000125
1758772800000,0.0000125
1758776400000,0.0000068329
1758780000000,0.0000010399
1758783600000,0.0000035642
1758787200000,0.0000125
1758790800000,0.0000125
1758794400000,0.0000125
1758798000000,0.0000125
1758801600000,0.0000108736
1758805200000,0.0000080147
1758808800000,0.0000046982
1758812400000,0.0000096461
1758816000000,-0.0000010758
1758819600000,-0.0000037763
1758823200000,-0.0000002968
1758826800000,0.0000084384
1758830400000,-0.0000015775
1758834000000,-0.0000014607
1758837600000,0.0000054594
1758841200000,0.0000038764
1758844800000,-0.0000004343
1758848400000,-0.0000055769
1758852000000,-0.0000019747
1758855600000,-0.0000061726
1758859200000,-0.0000060303
1758862800000,-0.0000069855
1758866400000,-0.0000094064
1758870000000,-0.000005575
1758873600000,-0.0000010957
1758877200000,0.0000030365
1758880800000,0.0000043183
1758884400000,-0.0000019374
1758888000000,-0.0000041058
1758891600000,-0.0000104374
1758895200000,-0.0000046699
1758898800000,-0.0000102106
1758902400000,-0.00000248
1758906000000,-0.0000054362
1758909600000,-0.0000011521
1758913200000,0.0000023623
1758916800000,-0.0000023536
1758920400000,-0.0000015653
1758924000000,0.000002184
1758927600000,0.0000005382
1758931200000,0.0000093461
1758934800000,0.0000102881
1758938400000,0.0000105987
1758942000000,0.0000125
1758945600000,0.0000125
1758949200000,0.0000125
1758952800000,0.0000125
1758956400000,0.0000125
1758960000000,0.0000125
1758963600000,0.0000087815
1758967200000,0.0000119733
1758970800000,0.0000125
1758974400000,0.0000125
1758978000000,0.0000125
1758981600000,0.0000125
1758985200000,0.0000125
1758988800000,0.0000125
1758992400000,0.0000125
1758996000000,0.0000125
1758999600000,0.0000125
1759003200000,0.0000125
1759006800000,0.0000125
1759010400000,0.0000125
1759014000000,0.0000125
1759017600000,0.0000125
1759021200000,0.0000125
1759024800000,0.0000125
1759028400000,0.0000125
1759032000000,0.0000125
1759035600000,0.0000125
1759039200000,0.0000125
1759042800000,0.0000125
1759046400000,0.0000125
1759050000000,0.0000125
1759053600000,0.0000118307
1759057200000,0.0000125
1759060800000,0.0000125
1759064400000,0.0000097166
1759068000000,0.0000088229
1759071600000,0.0000104089
1759075200000,0.0000079004
1759078800000,0.0000038362
1759082400000,0.0000053152
1759086000000,0.0000045743
1759089600000,0.0000058314
1759093200000,0.0000073659
1759096800000,0.00001093
1759100400000,0.0000125
1759104000000,0.0000125
1759107600000,0.0000103687
1759111200000,0.0000025773
1759114800000,-0.0000100815
1759118400000,-0.0000092295
1759122000000,-0.0000026868
1759125600000,0.0000007159
1759129200000,-0.0000018654
1759132800000,-0.0000039131
1759136400000,0.0000030945
1759140000000,-0.0000175358
1759143600000,-0.0000091464
1759147200000,-0.0000060639
1759150800000,-0.0000061204
1759154400000,0.0000007139
1759158000000,-0.0000022235
1759161600000,0.0000063942
1759165200000,0.0000125
1759168800000,0.000004516
1759172400000,0.0000066346
1759176000000,0.0000038861
1759179600000,0.0000078248
1759183200000,0.0000075731
1759186800000,0.0000079852
1759190400000,0.0000125
1759194000000,0.0000111828
1759197600000,0.0000125
1759201200000,0.0000125
1759204800000,0.0000125
1759208400000,0.0000086821
1759212000000,0.0000060561
1759215600000,0.0000068639
1759219200000,0.0000086047
1759222800000,0.0000125
1759226400000,0.0000063181
1759230000000,0.000008881
1759233600000,0.0000125
1759237200000,0.0000107407
1759240800000,0.0000125
1759244400000,0.0000109476
1759248000000,0.0000059457
1759251600000,0.000004699
1759255200000,0.0000125
1759258800000,0.0000125
1759262400000,0.0000125
1759266000000,0.0000125
1759269600000,0.0000125
1759273200000,0.0000105251
1759276800000,0.0000125
1759280400000,0.0000107554
1759284000000,0.0000125
1759287600000,0.0000125
1759291200000,0.0000125
1759294800000,0.0000125
1759298400000,0.0000125
1759302000000,0.0000125
1759305600000,0.0000125
1759309200000,0.0000125
1759312800000,0.0000125
1759316400000,0.0000125
1759320000000,0.0000125
1759323600000,0.0000125
1759327200000,0.0000125
1759330800000,0.0000125
1759334400000,0.0000125
1759338000000,0.0000125
1759341600000,0.0000125
1759345200000,0.0000125
1759348800000,0.0000125
1759352400000,0.0000125
1759356000000,0.0000125
1759359600000,0.0000125
1759363200000,0.0000125
1759366800000,0.0000125
1759370400000,0.0000125
1759374000000,0.0000125
1759377600000,0.0000125
1759381200000,0.0000125
1759384800000,0.0000125
1759388400000,0.0000125
1759392000000,0.0000125
1759395600000,0.0000125
1759399200000,0.0000125
1759402800000,0.0000125
1759406400000,0.0000125
1759410000000,0.0000125
1759413600000,0.0000125
1759417200000,0.0000125
1759420800000,0.0000125
1759424400000,0.0000125
1759428000000,0.0000125
1759431600000,0.0000125
1759435200000,0.0000125
1759438800000,0.0000125
1759442400000,0.0000125
1759446000000,0.0000125
1759449600000,0.0000125
1759453200000,0.0000125
1759456800000,0.0000125
1759460400000,0.0000125
1759464000000,0.0000125
1759467600000,0.0000125
1759471200000,0.0000125
1759474800000,0.0000125
1759478400000,0.0000125
1759482000000,0.0000125
1759485600000,0.0000125
1759489200000,0.0000125
1759492800000,0.0000125
1759496400000,0.0000125
1759500000000,0.0000125
1759503600000,0.0000125
1759507200000,0.0000125
1759510800000,0.0000125
1759514400000,0.0000125
1759518000000,0.0000125
1759521600000,0.0000125
1759525200000,0.0000125
1759528800000,0.0000125
1759532400000,0.0000125
1759536000000,0.0000125
1759539600000,0.0000125
1759543200000,0.0000125
1759546800000,0.0000125
1759550400000,0.0000125
1759554000000,0.0000125
1759557600000,0.0000125
1759561200000,0.0000125
1759564800000,0.0000125
1759568400000,0.0000125
1759572000000,0.0000125
1759575600000,0.0000125
1759579200000,0.0000125
1759582800000,0.0000125
1759586400000,0.0000125
1759590000000,0.0000125
1759593600000,0.0000125
1759597200000,0.0000125
1759600800000,0.0000125
1759604400000,0.0000125
1759608000000,0.0000125
1759611600000,0.0000125
1759615200000,0.0000125
1759618800000,0.0000125
1759622400000,0.0000125
1759626000000,0.0000125
1759629600000,0.0000125
1759633200000,0.0000125
1759636800000,0.0000125
1759640400000,0.0000125
1759644000000,0.0000125
1759647600000,0.0000125
1759651200000,0.0000125
1759654800000,0.0000125
1759658400000,0.0000125
1759662000000,0.0000125
1759665600000,0.0000125
1759669200000,0.0000125
1759672800000,0.0000125
1759676400000,0.0000125
1759680000000,0.0000125
1759683600000,0.0000125
1759687200000,0.0000125
1759690800000,0.0000125
1759694400000,0.0000125
1759698000000,0.0000125
1759701600000,0.0000125
1759705200000,0.0000125
1759708800000,0.0000125
1759712400000,0.0000125
1759716000000,0.0000125
1759719600000,0.000013939
1759723200000,0.0000128311
1759726800000,0.0000125
1759730400000,0.0000125
1759734000000,0.0000218079
1759737600000,0.0000128898
1759741200000,0.0000226294
1759744800000,0.0000200151
1759748400000,0.0000157006
1759752000000,0.0000173421
1759755600000,0.0000149045
1759759200000,0.0000177899
1759762800000,0.0000125
1759766400000,0.0000125
1759770000000,0.0000125
1759773600000,0.0000125
1759777200000,0.0000125
1759780800000,0.0000125
1759784400000,0.0000125
1759788000000,0.0000125
1759791600000,0.0000125
1759795200000,0.0000125
1759798800000,0.0000125
1759802400000,0.0000125
1759806000000,0.0000125
1759809600000,0.0000125
1759813200000,0.0000125
1759816800000,0.0000125
1759820400000,0.0000125
1759824000000,0.0000125
1759827600000,0.0000125
1759831200000,0.0000125
1759834800000,0.0000125
1759838400000,0.0000125
1759842000000,0.0000125
1759845600000,0.0000125
1759849200000,0.0000125
1759852800000,0.0000171799
1759856400000,0.0000125
1759860000000,0.0000125
1759863600000,0.0000125
1759867200000,0.0000125
1759870800000,0.0000248032
1759874400000,0.0000251743
1759878000000,0.0000273543
1759881600000,0.0000210651
1759885200000,0.000022767
1759888800000,0.0000304657
1759892400000,0.0000278045
1759896000000,0.0000173722
1759899600000,0.0000192435
1759903200000,0.0000146992
1759906800000,0.0000208393
1759910400000,0.0000185258
1759914000000,0.0000141329
1759917600000,0.0000146876
1759921200000,0.0000125
1759924800000,0.0000125
1759928400000,0.0000125
1759932000000,0.0000125
1759935600000,0.0000125
1759939200000,0.0000125
1759942800000,0.0000125
1759946400000,0.0000125
1759950000000,0.0000125
1759953600000,0.0000125
1759957200000,0.0000125
1759960800000,0.0000125
1759964400000,0.0000125
1759968000000,0.0000139685
1759971600000,0.0000125
1759975200000,0.0000125
1759978800000,0.0000125
1759982400000,0.0000125
1759986000000,0.0000125
1759989600000,0.0000125
1759993200000,0.0000125
1759996800000,0.0000125
1760000400000,0.0000125
1760004000000,0.0000125
1760007600000,0.0000125
1760011200000,0.0000125
1760014800000,0.0000125
1760018400000,0.0000125
1760022000000,0.0000125
1760025600000,0.0000125
1760029200000,0.0000125
1760032800000,0.0000125
1760036400000,0.0000125
1760040000000,0.0000125
1760043600000,0.0000125
1760047200000,0.0000125
1760050800000,0.0000125
1760054400000,0.0000125
1760058000000,0.0000125
1760061600000,0.0000125
1760065200000,0.0000125
1760068800000,0.0000125
1760072400000,0.0000125
1760076000000,0.0000125
1760079600000,0.0000125
1760083200000,0.0000066545
1760086800000,0.0000100394
1760090400000,0.0000125
1760094000000,0.0000125
1760097600000,0.0000125
1760101200000,0.0000125
1760104800000,0.0000091909
1760108400000,0.0000074779
1760112000000,-0.0000192686
1760115600000,-0.0000054947
1760119200000,0.0000071672
1760122800000,0.0000052177
1760126400000,-0.0000151557
1760130000000,-0.0000370817
1760133600000,-0.0003855844
1760137200000,-0.0002295805
1760140800000,-0.0000906934
1760144400000,-0.0000308253
1760148000000,-0.0000223573
1760151600000,-0.0000042468
1760155200000,-0.0000166816
1760158800000,-0.0000157125
1760162400000,-0.0000225903
1760166000000,-0.0000220119
1760169600000,-0.0000194588
1760173200000,-0.0000042937
1760176800000,-0.0000103715
1760180400000,-0.0000041965
1760184000000,-0.0000060389
1760187600000,-0.0000086772
1760191200000,-0.0000013628
1760194800000,-0.0000034604
1760198400000,-0.0000053344
1760202000000,-0.0000056149
1760205600000,-0.0000035194
1760209200000,-0.0000010889
1760212800000,-0.0000092761
1760216400000,-0.0000140902
1760220000000,-0.000011661
1760223600000,-0.0000094227
1760227200000,-0.0000058552
1760230800000,-0.0000053472
1760234400000,0.0000067472
1760238000000,0.0000125
1760241600000,0.0000125
1760245200000,-0.0000017288
1760248800000,-0.0000046767
1760252400000,-0.0000004205
1760256000000,-0.0000087536
1760259600000,-0.0000049448
1760263200000,-0.0000084584
1760266800000,-0.0000053994
1760270400000,0.0000004518
1760274000000,0.0000025512
1760277600000,-0.0000094583
1760281200000,-0.0000025775
1760284800000,0.0000016082
1760288400000,0.0000051948
1760292000000,0.0000121576
1760295600000,0.000001389
1760299200000,0.0000025097
1760302800000,0.0000095928
1760306400000,0.0000125
1760310000000,0.000008279
1760313600000,0.0000032523
1760317200000,0.0000072843
1760320800000,0.0000092947
1760324400000,0.0000125
1760328000000,0.0000125
1760331600000,0.0000125
1760335200000,0.0000125
1760338800000,0.0000096184
1760342400000,0.0000125
1760346000000,0.0000125
1760349600000,0.0000125
1760353200000,0.0000125
1760356800000,0.0000125
1760360400000,0.0000125
1760364000000,0.0000125
1760367600000,0.0000125
1760371200000,0.0000125
1760374800000,0.0000125
1760378400000,0.0000125
1760382000000,0.0000125
1760385600000,0.0000088793
1760389200000,-0.0000076636
1760392800000,0.0000007112
1760396400000,0.0000074129
1760400000000,0.0000079749
1760403600000,0.0000111164
1760407200000,0.0000078215
1760410800000,-0.0000004102
1760414400000,0.0000022173
1760418000000,0.0000125
1760421600000,0.0000105876
1760425200000,0.0000068536
1760428800000,0.000011361
1760432400000,0.000007644
1760436000000,0.0000125
1760439600000,0.0000053463
1760443200000,0.0000125
1760446800000,0.0000084146
1760450400000,0.0000081889
1760454000000,0.0000125
1760457600000,0.0000125
1760461200000,0.0000125
1760464800000,0.0000125
1760468400000,0.0000125
1760472000000,0.0000125
1760475600000,0.0000125
1760479200000,0.0000125
1760482800000,0.0000125
1760486400000,0.0000125
1760490000000,0.0000125
1760493600000,0.0000125
1760497200000,0.0000125
1760500800000,0.0000125
1760504400000,0.0000125
1760508000000,0.0000125
1760511600000,0.0000125
1760515200000,0.0000125
1760518800000,0.0000125
1760522400000,0.0000125
1760526000000,0.0000125
1760529600000,0.0000125
1760533200000,0.0000125
1760536800000,0.0000125
1760540400000,0.0000125
1760544000000,0.0000110702
1760547600000,0.0000063564
1760551200000,0.0000053386
1760554800000,0.0000125
1760558400000,-0.0000032505
1760562000000,-0.00000383
1760565600000,0.0000017979
1760569200000,0.0000008787
1760572800000,0.0000048922
1760576400000,0.0000050411
1760580000000,0.0000064116
1760583600000,0.0000012213
1760587200000,0.0000072814
1760590800000,0.0000069449
1760594400000,0.0000010168
1760598000000,0.0000037615
1760601600000,0.0000022938
1760605200000,-0.0000076721
1760608800000,0.0000012627
1760612400000,0.0000103495
1760616000000,0.0000125
1760619600000,0.0000125
1760623200000,0.0000125
1760626800000,0.0000125
1760630400000,-0.0000040871
1760634000000,-0.000008594
1760637600000,-0.0000006295
1760641200000,0.0000021164
1760644800000,0.0000033429
1760648400000,-0.0000111214
1760652000000,-0.0000075308
1760655600000,-0.0000059272
1760659200000,-0.0000011576
1760662800000,0.0000059256
1760666400000,0.0000042195
1760670000000,0.0000043108
1760673600000,0.0000045306
1760677200000,0.0000000361
1760680800000,-0.0000045813
1760684400000,-0.0000158959
1760688000000,0.0000125
1760691600000,0.0000125
1760695200000,0.0000125
1760698800000,0.0000125
1760702400000,0.0000125
1760706000000,0.0000125
1760709600000,0.0000125
1760713200000,0.0000125
1760716800000,0.0000125
1760720400000,0.0000125
1760724000000,0.0000125
1760727600000,0.0000125
1760731200000,0.0000125
1760734800000,0.0000125
1760738400000,0.0000125
1760742000000,0.0000125
1760745600000,0.0000125
1760749200000,0.0000125
1760752800000,0.0000125
1760756400000,0.0000125
1760760000000,0.0000125
1760763600000,0.0000119433
1760767200000,0.0000115279
1760770800000,0.0000125
1760774400000,0.0000125
1760778000000,0.0000125
1760781600000,0.0000125
1760785200000,0.0000125
1760788800000,0.0000125
1760792400000,0.0000125
1760796000000,0.0000123834
1760799600000,0.0000125
1760803200000,0.0000125
1760806800000,0.0000112136
1760810400000,0.0000076436
1760814000000,0.0000125
1760817600000,0.0000125
1760821200000,0.0000125
1760824800000,0.0000125
1760828400000,0.0000125
1760832000000,0.0000125
1760835600000,0.000008766
1760839200000,0.0000125
1760842800000,0.0000125
1760846400000,0.0000125
1760850000000,0.0000096291
1760853600000,0.0000089846
1760857200000,0.0000035562
1760860800000,0.0000013381
1760864400000,-0.0000074156
1760868000000,-0.000007984
1760871600000,-0.0000075618
1760875200000,-0.0000170765
1760878800000,-0.0000074911
1760882400000,-0.0000058737
1760886000000,-0.0000109131
1760889600000,-0.000007978
1760893200000,0.0000011488
1760896800000,0.0000034812
1760900400000,0.000002657
1760904000000,-0.0000048305
1760907600000,-0.0000086601
1760911200000,-0.0000123972
1760914800000,-0.0000140248
1760918400000,-0.0000109998
1760922000000,-0.0000031084
1760925600000,-0.0000043419
1760929200000,-0.0000036908
1760932800000,0.0000048327
1760936400000,0.0000125
1760940000000,0.0000087842
1760943600000,0.0000125
1760947200000,0.0000125
1760950800000,0.0000125
1760954400000,0.0000117916
1760958000000,0.0000084048
1760961600000,0.0000125
1760965200000,0.0000125
1760968800000,0.0000125
1760972400000,0.0000125
1760976000000,0.0000125
1760979600000,0.0000125
1760983200000,0.0000125
1760986800000,0.0000125
1760990400000,0.0000125
1760994000000,0.0000125
1760997600000,0.0000125
1761001200000,0.0000125
1761004800000,0.0000125
1761008400000,0.0000125
1761012000000,0.0000125
1761015600000,0.0000125
1761019200000,0.0000125
1761022800000,0.0000125
1761026400000,0.0000125
1761030000000,0.0000125
1761033600000,0.0000125
1761037200000,0.0000110391
1761040800000,0.0000125
1761044400000,0.0000125
1761048000000,0.0000125
1761051600000,0.0000125
1761055200000,0.0000125
1761058800000,0.0000125
1761062400000,0.0000125
1761066000000,0.0000125
1761069600000,0.0000125
1761073200000,0.0000125
1761076800000,0.0000125
1761080400000,0.0000077975
1761084000000,0.0000022918
1761087600000,-0.0000090437
1761091200000,-0.0000148528
1761094800000,-0.000011851
1761098400000,-0.0000034748
1761102000000,-0.0000029198
1761105600000,-0.0000031762
1761109200000,0.0000005475
1761112800000,0.0000026594
1761116400000,0.0000034262
1761120000000,0.0000075521
1761123600000,0.0000102056
1761127200000,0.0000080995
1761130800000,0.0000099086
1761134400000,0.0000064496
1761138000000,0.0000125
1761141600000,0.0000125
1761145200000,0.0000118332
1761148800000,-0.0000041865
1761152400000,-0.000012775
1761156000000,-0.0000094025
1761159600000,-0.0000099926
1761163200000,0.0000006318
1761166800000,0.000000636
1761170400000,-0.0000021812
1761174000000,-0.0000095086
1761177600000,-0.0000017587
1761181200000,0.0000047453
1761184800000,0.0000039805
1761188400000,0.0000069551
1761192000000,0.0000061453
1761195600000,0.0000056013
1761199200000,0.0000106185
1761202800000,0.0000125
1761206400000,0.0000084962
1761210000000,0.0000125
1761213600000,0.0000125
1761217200000,0.0000125
1761220800000,0.0000125
1761224400000,0.0000125
1761228000000,0.0000125
1761231600000,0.0000125
1761235200000,0.0000125
1761238800000,0.0000125
1761242400000,0.0000125
1761246000000,0.0000125
1761249600000,0.0000125
1761253200000,0.0000125
1761256800000,0.0000125
1761260400000,0.0000125
1761264000000,0.0000125
1761267600000,0.0000125
1761271200000,0.0000125
1761274800000,0.0000125
1761278400000,0.0000125
1761282000000,0.0000125
1761285600000,0.0000125
1761289200000,0.0000125
1761292800000,0.0000125
1761296400000,0.0000125
1761300000000,0.0000125
1761303600000,0.0000125
1761307200000,0.0000125
1761310800000,0.0000125
1761314400000,0.0000125
1761318000000,0.0000125
1761321600000,0.0000125
1761325200000,0.0000125
1761328800000,0.0000125
1761332400000,0.0000125
1761336000000,0.0000125
1761339600000,0.0000125
1761343200000,0.0000125
1761346800000,0.0000125
1761350400000,0.0000125
1761354000000,0.0000125
1761357600000,0.0000125
1761361200000,0.0000125
1761364800000,0.0000125
1761368400000,0.0000125
1761372000000,0.0000125
1761375600000,0.0000125
1761379200000,0.0000125
1761382800000,0.0000125
1761386400000,0.0000125
1761390000000,0.0000125
1761393600000,0.0000125
1761397200000,0.0000125
1761400800000,0.0000125
1761404400000,0.0000125
1761408000000,0.0000125
1761411600000,0.0000125
1761415200000,0.0000125
1761418800000,0.0000125
1761422400000,0.0000125
1761426000000,0.0000125
1761429600000,0.0000125
1761433200000,0.0000125
1761436800000,0.0000125
1761440400000,0.0000125
1761444000000,0.0000125
1761447600000,0.0000125
1761451200000,0.0000125
1761454800000,0.0000125
1761458400000,0.0000125
1761462000000,0.0000125
1761465600000,0.0000125
1761469200000,0.0000125
1761472800000,0.0000125
1761476400000,0.0000125
1761480000000,0.0000125
1761483600000,0.0000125
1761487200000,0.0000125
1761490800000,0.0000125
1761494400000,0.0000125
1761498000000,0.0000125
1761501600000,0.0000125
1761505200000,0.0000125
1761508800000,0.0000125
1761512400000,0.0000125
1761516000000,0.0000125
1761519600000,0.0000125
1761523200000,0.0000125
1761526800000,0.0000125
1761530400000,0.0000125
1761534000000,0.0000125
1761537600000,0.0000125
1761541200000,0.0000125
1761544800000,0.0000125
1761548400000,0.0000125
1761552000000,0.0000125
1761555600000,0.0000125
1761559200000,0.0000125
1761562800000,0.0000125
1761566400000,0.0000125
1761570000000,0.0000125
1761573600000,0.0000125
1761577200000,0.0000125
1761580800000,0.0000125
1761584400000,0.0000125
1761588000000,0.0000125
1761591600000,0.0000125
1761595200000,0.0000125
1761598800000,0.0000125
1761602400000,0.0000125
1761606000000,0.0000125
1761609600000,0.0000125
1761613200000,0.0000125
1761616800000,0.0000125
1761620400000,0.0000125
1761624000000,0.0000125
1761627600000,0.0000125
1761631200000,0.0000125
1761634800000,0.0000125
1761638400000,0.0000125
1761642000000,0.0000125
1761645600000,0.0000125
1761649200000,0.0000125
1761652800000,0.0000125
1761656400000,0.0000125
1761660000000,0.0000125
1761663600000,0.0000125
1761667200000,0.0000125
1761670800000,0.0000125
1761674400000,0.0000125
1761678000000,0.0000125
1761681600000,0.0000125
1761685200000,0.0000109933
1761688800000,0.0000119638
1761692400000,0.0000125
1761696000000,0.0000121222
1761699600000,0.0000125
1761703200000,0.0000125
1761706800000,0.0000125
1761710400000,0.0000125
1761714000000,0.0000125
1761717600000,0.0000125
1761721200000,0.0000068603
1761724800000,0.000004081
1761728400000,0.0000063862
1761732000000,-0.0000212514
1761735600000,-0.0000304612
1761739200000,-0.0000117323
1761742800000,-0.0000062524
1761746400000,-0.0000033712
1761750000000,0.0000059489
1761753600000,0.0000003567
1761757200000,0.0000074963
1761760800000,0.0000095213
1761764400000,0.0000008084
1761768000000,0.0000125
1761771600000,0.0000125
1761775200000,0.0000125
1761778800000,0.0000125
1761782400000,0.0000125
1761786000000,0.0000125
1761789600000,0.0000125
1761793200000,0.0000125
1761796800000,0.0000125
1761800400000,0.0000125
1761804000000,0.0000125
1761807600000,0.0000125
1761811200000,0.0000125
1761814800000,0.0000125
1761818400000,0.0000125
1761822000000,0.0000125
1761825600000,0.0000125
1761829200000,0.0000125
1761832800000,0.0000125
1761836400000,0.0000125
1761840000000,0.0000125
1761843600000,0.0000125
1761847200000,0.0000125
1761850800000,0.0000125
1761854400000,0.0000125
1761858000000,0.0000125
1761861600000,0.0000125
1761865200000,0.0000125
1761868800000,0.0000125
1761872400000,0.0000125
1761876000000,0.0000125
1761879600000,0.0000125
1761883200000,0.0000125
1761886800000,0.0000125
1761890400000,0.0000125
1761894000000,0.0000125
1761897600000,0.0000125
1761901200000,0.0000125
1761904800000,0.0000125
1761908400000,0.0000125
1761912000000,0.0000125
1761915600000,0.0000125
1761919200000,0.0000125
1761922800000,0.0000040784
1761926400000,0.0000000483
1761930000000,-0.0000010665
1761933600000,0.0000076828
1761937200000,0.0000082971
1761940800000,0.0000125
1761944400000,0.0000084196
1761948000000,0.0000053065
1761951600000,0.0000052802
1761955200000,0.0000004041
1761958800000,0.0000017368
1761962400000,0.0000056422
1761966000000,0.0000025859
1761969600000,0.0000050148
1761973200000,0.0000051641
1761976800000,0.0000044067
1761980400000,0.0000033868
1761984000000,0.000007312
1761987600000,0.0000042726
1761991200000,0.00000044
1761994800000,0.0000025115
1761998400000,0.0000068407
1762002000000,0.0000060439
1762005600000,0.0000051198
1762009200000,0.000000611
1762012800000,-0.0000007016
1762016400000,0.0000051047
1762020000000,0.000005983
1762023600000,0.0000017198
1762027200000,0.0000044172
1762030800000,0.0000098339
1762034400000,0.0000054282
1762038000000,0.0000072258
1762041600000,0.0000067438
1762045200000,0.0000056387
1762048800000,0.0000040959
1762052400000,0.0000065055
1762056000000,0.0000054661
1762059600000,0.0000062838
1762063200000,0.000008698
1762066800000,0.000007097
1762070400000,0.0000125
1762074000000,0.0000125
1762077600000,0.0000125
1762081200000,0.0000096147
1762084800000,0.0000042184
1762088400000,0.0000039738
1762092000000,0.0000013301
1762095600000,-0.0000003666
1762099200000,0.0000013415
1762102800000,0.0000052373
1762106400000,0.0000072676
1762110000000,0.0000075613
1762113600000,0.0000053397
1762117200000,0.0000069957
1762120800000,0.0000071318
1762124400000,0.0000023434
1762128000000,0.0000065972
1762131600000,-0.000002042
1762135200000,0.0000012713
1762138800000,0.0000035508
1762142400000,-0.000005392
1762146000000,-0.0000048928
1762149600000,0.0000045061
1762153200000,-0.000003776
1762156800000,0.0000024255
1762160400000,0.0000026379
1762164000000,0.0000048081
1762167600000,0.0000053387
1762171200000,0.000003695
1762174800000,0.0000048538
1762178400000,0.00000932
1762182000000,-0.0000106274
1762185600000,-0.000035011
1762189200000,-0.0000045368
1762192800000,0.0000121217
1762196400000,0.0000012818
1762200000000,0.0000000015
1762203600000,0.0000007554
1762207200000,-0.00000069
1762210800000,-0.0000032333
1762214400000,0.0000035416
1762218000000,0.0000064303
1762221600000,0.0000076148
1762225200000,0.0000003021
1762228800000,0.0000044072
1762232400000,0.0000009207
1762236000000,-0.0000101849
1762239600000,-0.0000028941
1762243200000,-0.000000791
1762246800000,-0.0000000748
1762250400000,0.0000101916
1762254000000,0.0000105058
1762257600000,0.0000125
1762261200000,0.0000125
1762264800000,0.0000125
1762268400000,0.000007969
1762272000000,0.0000087773
1762275600000,0.0000026686
1762279200000,-0.0000511808
1762282800000,-0.0000286118
1762286400000,0.0000125
1762290000000,-0.0000061965
1762293600000,0.0000048888
1762297200000,0.0000125
1762300800000,0.0000125
1762304400000,0.0000072428
1762308000000,0.0000029758
1762311600000,0.0000099857
1762315200000,0.0000076182
1762318800000,0.0000035844
1762322400000,0.0000018315
1762326000000,-0.0000003667
1762329600000,-0.000000611
1762333200000,0.0000043861
1762336800000,0.0000019588
1762340400000,-0.0000005376
1762344000000,0.0000022948
1762347600000,0.000006169
1762351200000,0.0000125
1762354800000,-0.0000026763
1762358400000,-0.0000030877
1762362000000,0.0000125
1762365600000,0.0000125
1762369200000,0.0000125
1762372800000,0.0000125
1762376400000,0.0000125
1762380000000,0.0000125
1762383600000,0.0000125
1762387200000,0.0000125
1762390800000,0.0000125
1762394400000,0.0000125
1762398000000,0.0000125
1762401600000,0.0000125
1762405200000,0.0000125
1762408800000,0.0000125
1762412400000,0.0000125
1762416000000,0.0000125
1762419600000,0.0000125
1762423200000,0.0000125
1762426800000,0.0000125
1762430400000,0.0000125
1762434000000,0.0000125
1762437600000,0.0000125
1762441200000,0.0000125
1762444800000,0.0000085408
1762448400000,-0.000020206
1762452000000,0.0000031088
1762455600000,0.0000025144
1762459200000,0.0000042083
1762462800000,-0.0000004147
1762466400000,0.0000106054
1762470000000,0.0000077968
1762473600000,-0.0000001654
1762477200000,0.0000011815
1762480800000,-0.0000030161
1762484400000,0.0000022723
1762488000000,0.0000125
1762491600000,0.0000125
1762495200000,0.0000125
1762498800000,0.0000125
1762502400000,-0.000001439
1762506000000,0.0000042748
1762509600000,0.0000125
1762513200000,0.0000112929
1762516800000,-0.0000069217
1762520400000,-0.0000044137
1762524000000,-0.0000037969
1762527600000,0.0000028921
1762531200000,0.0000125
1762534800000,0.0000125
1762538400000,0.0000125
1762542000000,0.0000125
1762545600000,0.0000125
1762549200000,0.0000125
1762552800000,0.0000125
1762556400000,0.0000125
1762560000000,0.0000125
1762563600000,0.0000125
1762567200000,0.0000125
1762570800000,0.0000125
1762574400000,0.0000125
1762578000000,0.0000125
1762581600000,0.0000125
1762585200000,0.0000125
1762588800000,0.0000125
1762592400000,0.0000125
1762596000000,0.0000125
1762599600000,0.0000125
1762603200000,0.0000125
1762606800000,0.0000125
1762610400000,0.0000125
1762614000000,0.0000125
1762617600000,0.0000125
1762621200000,0.0000125
1762624800000,0.0000125
1762628400000,0.0000125
1762632000000,0.0000125
1762635600000,0.0000125
1762639200000,0.0000125
1762642800000,0.0000125
1762646400000,0.0000125
1762650000000,0.0000125
1762653600000,0.0000125
1762657200000,0.0000125
1762660800000,0.0000125
1762664400000,0.0000125
1762668000000,0.0000125
1762671600000,0.0000125
1762675200000,0.0000125
1762678800000,0.0000125
1762682400000,0.0000125
1762686000000,0.0000125
1762689600000,0.0000125
1762693200000,0.0000125
1762696800000,0.0000125
1762700400000,0.0000125
1762704000000,0.0000125
1762707600000,0.0000125
1762711200000,0.0000125
1762714800000,0.0000125
1762718400000,0.0000125
1762722000000,0.0000125
1762725600000,0.0000125
1762729200000,0.0000125
1762732800000,0.0000125
1762736400000,0.0000125
1762740000000,0.0000125
1762743600000,0.0000125
1762747200000,0.0000125
1762750800000,0.0000125
1762754400000,0.0000125
1762758000000,0.0000125
1762761600000,0.0000125
1762765200000,0.0000125
1762768800000,0.0000125
1762772400000,0.0000125
1762776000000,0.0000125
1762779600000,0.0000125
1762783200000,0.0000125
1762786800000,0.0000125
1762790400000,0.0000125
1762794000000,0.0000125
1762797600000,0.0000125
1762801200000,0.0000125
1762804800000,0.0000125
1762808400000,0.0000125
1762812000000,0.0000125
1762815600000,0.0000125
1762819200000,0.0000125
1762822800000,0.0000125
1762826400000,0.0000125
1762830000000,0.0000125
1762833600000,0.0000125
1762837200000,0.0000125
1762840800000,0.0000125
1762844400000,0.0000125
1762848000000,0.0000125
1762851600000,0.0000125
1762855200000,0.0000125
1762858800000,0.0000125
1762862400000,0.0000125
1762866000000,0.0000085254
1762869600000,0.0000125
1762873200000,0.0000046099
1762876800000,-0.000007884
1762880400000,-0.0000071553
1762884000000,-0.0000130405
1762887600000,-0.0000074299
1762891200000,-0.0000033641
1762894800000,-0.0000043312
1762898400000,-0.0000103795
1762902000000,-0.0000112154
1762905600000,-0.0000154772
1762909200000,-0.0000026038
1762912800000,0.0000020658
1762916400000,0.0000006636
1762920000000,-0.0000003152
1762923600000,-0.0000027115
1762927200000,-0.0000169815
1762930800000,-0.000010119
1762934400000,-0.0000110537
1762938000000,-0.0000052138
1762941600000,-0.0000021594
1762945200000,-0.0000037808
1762948800000,-0.0000104256
1762952400000,0.0000014073
1762956000000,0.0000055581
1762959600000,-0.0000021989
1762963200000,-0.000004301
1762966800000,-0.0000105296
1762970400000,0.0000053325
1762974000000,0.0000044596
1762977600000,0.0000021202
1762981200000,0.0000027481
1762984800000,0.0000049528
1762988400000,0.0000081248
1762992000000,0.0000102959
1762995600000,0.0000125
1762999200000,0.0000125
1763002800000,0.0000125
1763006400000,0.0000122801
1763010000000,0.0000125
1763013600000,0.0000125
1763017200000,0.0000125
1763020800000,0.0000125
1763024400000,0.0000037374
1763028000000,0.0000057256
1763031600000,0.0000090889
1763035200000,0.0000064569
1763038800000,0.0000070786
1763042400000,0.0000015635
1763046000000,0.0000103909
1763049600000,0.0000125
1763053200000,0.0000125
1763056800000,0.0000125
1763060400000,0.0000125
1763064000000,0.0000125
1763067600000,0.0000125
1763071200000,0.0000125
1763074800000,0.0000125
1763078400000,0.0000125
1763082000000,0.0000125
1763085600000,0.0000125
1763089200000,0.0000125
1763092800000,0.0000125
1763096400000,0.0000125
1763100000000,0.0000125
1763103600000,0.0000125
1763107200000,0.0000125
1763110800000,0.0000125
1763114400000,0.0000125
1763118000000,0.0000125
1763121600000,0.0000125
1763125200000,0.0000125
1763128800000,0.0000125
1763132400000,0.0000125
1763136000000,0.0000125
1763139600000,0.0000125
1763143200000,0.0000125
1763146800000,0.0000125
1763150400000,0.0000125
1763154000000,0.0000125
1763157600000,0.0000125
1763161200000,0.0000125
1763164800000,0.0000125
1763168400000,0.0000125
1763172000000,0.0000125
1763175600000,0.0000125
1763179200000,0.0000125
1763182800000,0.0000125
1763186400000,0.0000125
1763190000000,0.0000125
1763193600000,0.0000125
1763197200000,0.0000125
1763200800000,0.0000125
1763204400000,0.0000125
1763208000000,0.0000125
1763211600000,0.0000125
1763215200000,0.0000125
1763218800000,0.0000125
1763222400000,0.0000125
1763226000000,0.0000125
1763229600000,0.0000125
1763233200000,0.0000125
1763236800000,0.0000125
1763240400000,0.0000125
1763244000000,0.0000125
1763247600000,0.0000125
1763251200000,0.0000125
1763254800000,0.0000125
1763258400000,0.0000125
1763262000000,0.0000125
1763265600000,0.0000125
1763269200000,0.0000125
1763272800000,0.0000125
1763276400000,0.0000125
1763280000000,0.0000125
1763283600000,0.0000125
1763287200000,0.0000125
1763290800000,0.0000125
1763294400000,0.0000125
1763298000000,0.0000125
1763301600000,0.0000125
1763305200000,0.0000125
1763308800000,0.0000125
1763312400000,0.0000125
1763316000000,0.0000125
1763319600000,0.0000125
1763323200000,0.0000125
1763326800000,0.0000125
1763330400000,0.0000125
1763334000000,0.0000125
1763337600000,0.0000125
1763341200000,0.0000125
1763344800000,0.0000125
1763348400000,0.0000125
1763352000000,0.0000125
1763355600000,0.0000125
1763359200000,0.0000125
1763362800000,0.0000125
1763366400000,0.0000125
1763370000000,0.0000125
1763373600000,0.0000125
1763377200000,0.0000125
1763380800000,0.0000125
1763384400000,0.0000125
1763388000000,0.0000125
1763391600000,0.0000125
1763395200000,0.0000125
1763398800000,0.0000125
1763402400000,0.0000125
1763406000000,0.0000125
1763409600000,0.0000125
1763413200000,0.0000125
1763416800000,0.0000125
1763420400000,0.0000125
1763424000000,0.0000125
1763427600000,0.0000125
1763431200000,0.0000125
1763434800000,0.0000125
1763438400000,0.0000125
1763442000000,0.0000125
1763445600000,0.0000125
1763449200000,0.0000128694
1763452800000,0.0000183494
1763456400000,0.0000183293
1763460000000,0.00001753
1763463600000,0.0000125
1763467200000,0.0000125
1763470800000,0.0000125
1763474400000,0.0000125
1763478000000,0.0000125
1763481600000,0.0000125
1763485200000,0.0000125
1763488800000,0.0000125
1763492400000,0.0000125
1763496000000,0.0000125
1763499600000,0.0000125
1763503200000,0.0000125
1763506800000,0.0000125
1763510400000,0.0000125
1763514000000,0.0000125
1763517600000,0.0000125
1763521200000,0.0000125
1763524800000,0.0000125
1763528400000,0.0000125
1763532000000,0.0000125
1763535600000,0.0000125
1763539200000,0.0000125
1763542800000,0.0000125
1763546400000,0.0000125
1763550000000,0.0000125
1763553600000,0.0000125
1763557200000,0.0000125
1763560800000,0.0000125
1763564400000,0.0000125
1763568000000,0.0000125
1763571600000,0.0000125
1763575200000,0.0000125
1763578800000,0.0000125
1763582400000,0.0000125
1763586000000,0.0000125
1763589600000,0.0000125
1763593200000,0.0000125
1763596800000,0.0000125
1763600400000,0.0000125
1763604000000,0.0000125
1763607600000,0.0000125
1763611200000,0.0000125
1763614800000,0.0000125
1763618400000,0.0000125
1763622000000,0.0000125
1763625600000,0.0000125
1763629200000,0.0000125
1763632800000,0.0000125
1763636400000,0.0000125
1763640000000,0.0000125
1763643600000,0.0000125
1763647200000,0.0000125
1763650800000,0.0000125
1763654400000,0.0000125
1763658000000,0.0000125
1763661600000,0.0000125
1763665200000,0.0000125
1763668800000,0.0000125
1763672400000,0.0000125
1763676000000,0.0000125
1763679600000,0.0000125
1763683200000,0.0000125
1763686800000,0.0000125
1763690400000,0.0000125
1763694000000,0.0000125
1763697600000,0.0000125
1763701200000,0.0000125
1763704800000,0.0000125
1763708400000,0.0000125
1763712000000,0.0000125
1763715600000,0.0000125
1763719200000,0.0000125
1763722800000,0.0000125
1763726400000,0.0000125
1763730000000,0.0000125
1763733600000,0.0000125
1763737200000,0.0000125
1763740800000,0.0000041621
1763744400000,0.0000090494
1763748000000,0.0000076769
1763751600000,0.0000086553
1763755200000,0.0000056295
1763758800000,0.0000112132
1763762400000,0.0000125
1763766000000,0.0000093202
1763769600000,0.0000125
1763773200000,0.0000125
1763776800000,0.0000125
1763780400000,0.0000082015
1763784000000,0.0000107097
1763787600000,0.0000110568
1763791200000,0.000009563
1763794800000,0.000007395
1763798400000,0.0000099456
1763802000000,0.0000069578
1763805600000,0.0000125
1763809200000,0.0000125
1763812800000,0.0000125
1763816400000,0.0000125
1763820000000,0.0000125
1763823600000,0.0000125
1763827200000,0.0000125
1763830800000,0.0000125
1763834400000,0.0000125
1763838000000,0.0000125
1763841600000,0.0000125
1763845200000,0.0000125
1763848800000,0.0000125
1763852400000,0.0000125
1763856000000,0.0000125
1763859600000,0.0000125
1763863200000,0.0000125
1763866800000,0.0000125
1763870400000,0.0000125
1763874000000,0.0000125
1763877600000,0.0000125
1763881200000,0.0000125
1763884800000,0.0000125
1763888400000,0.0000125
1763892000000,0.0000119534
1763895600000,0.0000116496
1763899200000,0.0000125
1763902800000,0.0000125
1763906400000,0.0000125
1763910000000,0.0000125
1763913600000,0.0000125
1763917200000,0.0000018081
1763920800000,0.0000046071
1763924400000,0.0000072408
1763928000000,0.0000052341
1763931600000,0.0000075559
1763935200000,0.0000077877
1763938800000,0.0000105861
1763942400000,0.000006928
1763946000000,0.0000104834
1763949600000,0.0000123506
1763953200000,0.0000125
1763956800000,0.0000105316
1763960400000,0.0000099384
1763964000000,0.0000125
1763967600000,0.0000084617
1763971200000,0.0000056961
1763974800000,0.0000114449
1763978400000,0.0000106323
1763982000000,0.0000125
1763985600000,0.0000125
1763989200000,0.0000125
1763992800000,0.0000125
1763996400000,0.0000125
1764000000000,0.0000125
1764003600000,0.0000125
1764007200000,0.0000125
1764010800000,0.0000088919
1764014400000,0.0000125
1764018000000,0.0000125
1764021600000,0.0000125
1764025200000,0.0000114302
1764028800000,0.0000125
1764032400000,0.0000125
1764036000000,0.0000125
1764039600000,0.0000125
1764043200000,0.0000125
1764046800000,0.0000125
1764050400000,0.0000125
1764054000000,0.0000125
1764057600000,0.0000125
1764061200000,0.0000125
1764064800000,0.0000125
1764068400000,0.0000125
1764072000000,0.0000125
1764075600000,0.0000125
1764079200000,0.0000125
1764082800000,0.0000125
1764086400000,0.0000125
1764090000000,0.0000125
1764093600000,0.0000125
1764097200000,0.0000125
1764100800000,0.0000125
1764104400000,0.0000125
1764108000000,0.0000125
1764111600000,0.0000125
1764115200000,0.0000125
1764118800000,0.0000125
1764122400000,0.0000125
1764126000000,0.0000125
1764129600000,0.0000125
1764133200000,0.0000125
1764136800000,0.0000125
1764140400000,0.0000125
1764144000000,0.0000125
1764147600000,0.0000125
1764151200000,0.0000125
1764154800000,0.0000125
1764158400000,0.0000125
1764162000000,0.0000125
1764165600000,0.0000125
1764169200000,0.0000125
1764172800000,0.0000125
1764176400000,0.0000125
1764180000000,0.0000125
1764183600000,0.0000125
1764187200000,0.0000076338
1764190800000,0.000007175
1764194400000,0.0000105027
1764198000000,0.0000125
1764201600000,0.0000125
1764205200000,0.0000125
1764208800000,0.0000125
1764212400000,0.0000125
1764216000000,0.0000125
1764219600000,0.0000125
1764223200000,0.0000125
1764226800000,0.0000125
1764230400000,0.0000125
1764234000000,0.0000125
1764237600000,0.0000125
1764241200000,0.0000125
1764244800000,0.0000106479
1764248400000,0.0000041509
1764252000000,0.0000125
1764255600000,0.0000125
1764259200000,0.0000125
1764262800000,0.0000125
1764266400000,0.0000125
1764270000000,0.0000125
1764273600000,0.0000125
1764277200000,0.0000125
1764280800000,0.0000125
1764284400000,0.0000125
1764288000000,0.0000125
1764291600000,0.0000125
1764295200000,0.0000099614
1764298800000,0.0000089117
1764302400000,0.0000012229
1764306000000,0.0000107492
1764309600000,0.0000086991
1764313200000,0.0000073032
1764316800000,0.000004874
1764320400000,0.0000060089
1764324000000,0.0000069734
1764327600000,0.0000057464
1764331200000,0.0000099488
1764334800000,0.0000086926
1764338400000,0.0000125
1764342000000,0.0000125
1764345600000,0.0000005483
1764349200000,0.0000041853
1764352800000,0.0000026386
1764356400000,0.0000032724
1764360000000,0.0000033672
1764363600000,0.0000034755
1764367200000,0.000003483
1764370800000,0.0000086858
1764374400000,0.0000091405
1764378000000,0.0000071462
1764381600000,0.0000049401
1764385200000,0.0000017384
1764388800000,0.0000054435
1764392400000,0.0000085704
1764396000000,0.0000091339
1764399600000,-0.000002544
1764403200000,-0.0000181012
1764406800000,-0.0000174182
1764410400000,-0.0000148251
1764414000000,0.0000004175
1764417600000,0.0000047537
1764421200000,-0.0000001782
1764424800000,0.0000018371
1764428400000,0.0000022855
1764432000000,0.0000045116
1764435600000,0.0000125
1764439200000,0.0000068364
1764442800000,0.0000125
1764446400000,0.0000125
1764450000000,0.0000107014
1764453600000,0.0000078027
1764457200000,0.0000090254
1764460800000,0.000008768
1764464400000,0.0000080912
1764468000000,0.0000100383
1764471600000,0.000009719
1764475200000,0.0000125
1764478800000,0.0000125
1764482400000,0.0000116957
1764486000000,0.0000119989
1764489600000,0.0000125
1764493200000,0.0000125
1764496800000,0.0000125
1764500400000,0.0000125
1764504000000,0.0000125
1764507600000,0.0000125
1764511200000,0.0000125
1764514800000,0.0000073375
1764518400000,0.0000102046
1764522000000,0.0000125
1764525600000,0.0000125
1764529200000,0.0000125
1764532800000,0.0000125
1764536400000,0.0000125
1764540000000,0.0000125
1764543600000,0.0000125
1764547200000,0.0000125
1764550800000,-0.0000040007
1764554400000,0.0000103374
1764558000000,0.0000125
1764561600000,0.0000125
1764565200000,0.0000125
1764568800000,0.0000125
1764572400000,0.0000125
1764576000000,0.0000125
1764579600000,0.0000075694
1764583200000,0.0000061482
1764586800000,0.0000050851
1764590400000,0.0000016416
1764594000000,0.0000125
1764597600000,0.0000125
1764601200000,0.0000125
1764604800000,0.0000125
1764608400000,0.0000125
1764612000000,0.0000125
1764615600000,0.0000125
1764619200000,0.0000125
1764622800000,0.0000114711
1764626400000,0.0000125
1764630000000,0.0000125
1764633600000,0.0000125
1764637200000,0.0000125
1764640800000,0.0000125
1764644400000,0.0000125
1764648000000,0.0000116299
1764651600000,0.0000125
1764655200000,0.0000116757
1764658800000,0.0000125
1764662400000,0.0000125
1764666000000,0.0000113288
1764669600000,0.0000125
1764673200000,0.0000125
1764676800000,0.000009244
1764680400000,0.000010378
1764684000000,0.0000125
1764687600000,-0.0000070457
1764691200000,0.0000080176
1764694800000,0.0000059296
1764698400000,0.0000080936
1764702000000,0.0000051018
1764705600000,0.0000084263
1764709200000,0.0000081228
1764712800000,0.0000125
1764716400000,0.000012266
1764720000000,0.0000075185
1764723600000,0.0000125
1764727200000,0.0000125
1764730800000,0.0000125
1764734400000,0.0000125
1764738000000,0.0000112772
1764741600000,0.0000125
1764745200000,0.0000125
1764748800000,0.000011909
1764752400000,0.0000108086
1764756000000,0.000007544
1764759600000,0.0000118267
1764763200000,0.0000055457
1764766800000,0.0000055896
1764770400000,0.0000095221
1764774000000,0.0000089504
1764777600000,0.0000048299
1764781200000,0.0000071214
1764784800000,0.0000122533
1764788400000,0.0000125
1764792000000,0.0000097056
1764795600000,0.0000091749
1764799200000,0.0000096502
1764802800000,0.0000125
1764806400000,0.0000125
1764810000000,0.0000113323
1764813600000,0.0000119679
1764817200000,0.0000056751
1764820800000,0.0000055727
1764824400000,0.0000072745
1764828000000,0.0000051929
1764831600000,0.0000059099
1764835200000,0.0000089468
1764838800000,0.0000096636
1764842400000,0.0000084718
1764846000000,0.0000067924
1764849600000,0.0000081431
1764853200000,0.0000053137
1764856800000,0.0000039549
1764860400000,0.0000083547
1764864000000,0.0000114019
1764867600000,0.0000073506
1764871200000,0.0000106921
1764874800000,0.0000105156
1764878400000,0.000008854
1764882000000,0.0000097768
1764885600000,0.0000091093
1764889200000,0.0000072352
1764892800000,0.0000059678
1764896400000,0.0000052491
1764900000000,0.0000053549
1764903600000,0.0000077071
1764907200000,0.0000061729
1764910800000,0.0000053783
1764914400000,0.0000054975
1764918000000,0.0000055871
1764921600000,0.0000066596
1764925200000,0.0000054954
1764928800000,0.0000072572
1764932400000,0.0000112828
1764936000000,0.000008201
1764939600000,0.0000046867
1764943200000,0.0000030705
1764946800000,0.0000013276
1764950400000,-0.0000113957
1764954000000,-0.000012975
1764957600000,0.0000087179
1764961200000,0.0000040398
1764964800000,0.0000063472
1764968400000,-0.0000033557
1764972000000,-0.0000048657
1764975600000,-0.0000027309
1764979200000,-0.0000027582
1764982800000,0.0000000388
1764986400000,0.0000002933
1764990000000,-0.000002105
1764993600000,0.0000015801
1764997200000,0.0000006496
1765000800000,0.0000021471
1765004400000,0.0000067072
1765008000000,0.0000050523
1765011600000,0.0000007158
1765015200000,0.0000064138
1765018800000,0.0000056231
1765022400000,0.000005541
1765026000000,0.0000057991
1765029600000,0.0000044342
1765033200000,0.000004613
1765036800000,0.0000036433
1765040400000,0.0000083664
1765044000000,0.0000069664
1765047600000,0.0000120736
1765051200000,0.0000125
1765054800000,0.0000125
1765058400000,0.0000125
1765062000000,0.0000125
1765065600000,0.0000125
1765069200000,0.0000125
1765072800000,0.0000125
1765076400000,0.0000114593
1765080000000,0.0000108934
1765083600000,0.0000090458
1765087200000,0.0000064897
1765090800000,0.0000125
1765094400000,0.0000125
1765098000000,0.0000125
1765101600000,0.0000125
1765105200000,0.0000125
1765108800000,0.0000125
1765112400000,0.0000125
1765116000000,0.0000125
1765119600000,0.0000125
1765123200000,0.0000125
1765126800000,0.0000125
1765130400000,0.0000125
1765134000000,0.0000125
1765137600000,0.0000125
1765141200000,0.0000125
1765144800000,0.0000125
1765148400000,0.0000125
1765152000000,0.0000125
1765155600000,0.0000125
1765159200000,0.0000125
1765162800000,0.0000125
1765166400000,0.0000125
1765170000000,0.0000125
1765173600000,0.0000125
1765177200000,0.0000125
1765180800000,0.0000125
1765184400000,0.0000125
1765188000000,0.0000125
1765191600000,0.0000125
1765195200000,0.0000125
1765198800000,0.0000125
1765202400000,0.0000125
1765206000000,0.0000125
1765209600000,0.0000125
1765213200000,0.0000125
1765216800000,0.0000125
1765220400000,0.0000125
1765224000000,0.0000125
1765227600000,0.0000125
1765231200000,0.0000125
1765234800000,0.0000125
1765238400000,0.0000125
1765242000000,0.0000125
1765245600000,0.0000125
1765249200000,0.0000125
1765252800000,0.0000125
1765256400000,0.0000125
1765260000000,0.0000125
1765263600000,0.0000125
1765267200000,0.0000125
1765270800000,0.0000125
1765274400000,0.0000125
1765278000000,0.0000125
1765281600000,0.0000125
1765285200000,0.0000125
1765288800000,0.0000125
1765292400000,0.0000125
1765296000000,0.0000125
1765299600000,0.0000125
1765303200000,0.0000125
1765306800000,0.0000125
1765310400000,0.0000125
1765314000000,0.0000125
1765317600000,0.0000125
1765321200000,0.0000125
1765324800000,0.0000125
1765328400000,0.0000125
1765332000000,0.0000125
1765335600000,0.0000125
1765339200000,0.0000125
1765342800000,0.0000125
1765346400000,0.0000125
1765350000000,0.0000125
1765353600000,0.0000125
1765357200000,0.0000125
1765360800000,0.0000125
1765364400000,0.0000125
1765368000000,0.0000125
1765371600000,0.0000125
1765375200000,0.0000125
1765378800000,0.0000125
1765382400000,0.0000125
1765386000000,0.0000125
1765389600000,0.0000125
1765393200000,0.0000125
1765396800000,0.0000125
1765400400000,0.0000125
1765404000000,0.0000125
1765407600000,0.0000125
1765411200000,0.0000125
1765414800000,0.0000125
1765418400000,0.0000125
1765422000000,0.0000125
1765425600000,0.0000125
1765429200000,0.0000125
1765432800000,0.0000125
1765436400000,0.0000125
1765440000000,0.0000125
1765443600000,0.0000125
1765447200000,0.0000125
1765450800000,0.0000125
1765454400000,0.0000125
1765458000000,0.0000125
1765461600000,0.0000125
1765465200000,0.0000125
1765468800000,0.0000125
1765472400000,0.0000125
1765476000000,0.0000125
1765479600000,0.0000125
1765483200000,0.0000125
1765486800000,0.0000125
1765490400000,0.0000196316
1765494000000,0.0000201537
1765497600000,0.0000203042
1765501200000,0.0000125
1765504800000,0.0000125
1765508400000,0.0000125
1765512000000,0.0000131127
1765515600000,0.0000125
1765519200000,0.0000125
1765522800000,0.0000332811
1765526400000,0.0000220275
1765530000000,0.0000125
1765533600000,0.0000125
1765537200000,0.0000125
1765540800000,0.0000125
1765544400000,0.0000125
1765548000000,0.0000125
1765551600000,0.0000125
1765555200000,0.0000125
1765558800000,0.0000383382
1765562400000,0.0000125
1765566000000,0.0000125
1765569600000,0.0000125
1765573200000,0.0000125
1765576800000,0.0000125
1765580400000,0.0000125
1765584000000,0.0000125
1765587600000,0.0000125
1765591200000,0.0000125
1765594800000,0.0000125
1765598400000,0.0000125
1765602000000,0.0000125
1765605600000,0.0000125
1765609200000,0.0000125
1765612800000,0.0000125
1765616400000,0.0000125
1765620000000,0.0000125
1765623600000,0.0000125
1765627200000,0.0000125
1765630800000,0.0000125
1765634400000,0.0000125
1765638000000,0.0000125
1765641600000,0.0000125
1765645200000,0.0000125
1765648800000,0.0000125
1765652400000,0.0000125
1765656000000,0.0000125
1765659600000,0.0000125
1765663200000,0.0000125
1765666800000,0.0000125
1765670400000,0.0000125
1765674000000,0.0000125
1765677600000,0.0000125
1765681200000,0.0000125
1765684800000,0.0000125
1765688400000,0.0000125
1765692000000,0.0000125
1765695600000,0.0000125
1765699200000,0.0000125
1765702800000,0.0000125
1765706400000,0.0000125
1765710000000,0.0000125
1765713600000,0.0000125
1765717200000,0.0000125
1765720800000,0.0000125
1765724400000,0.0000125
1765728000000,0.0000125
1765731600000,0.0000125
1765735200000,0.0000125
1765738800000,0.0000125
1765742400000,0.0000125
1765746000000,0.0000125
1765749600000,0.0000125
1765753200000,0.0000125
1765756800000,0.0000125
1765760400000,0.0000125
1765764000000,0.0000125
1765767600000,0.0000125
1765771200000,0.0000125
1765774800000,0.0000125
1765778400000,0.0000125
1765782000000,0.0000125
1765785600000,0.0000125
1765789200000,0.0000125
1765792800000,0.0000125
1765796400000,0.0000125
1765800000000,0.0000125
1765803600000,0.0000125
1765807200000,0.0000125
1765810800000,0.0000125
1765814400000,0.0000125
1765818000000,0.0000125
1765821600000,0.0000125
1765825200000,0.0000125
1765828800000,0.0000125
1765832400000,0.0000125
1765836000000,0.0000125
1765839600000,0.0000125
1765843200000,0.0000125
1765846800000,0.0000125
1765850400000,0.0000125
1765854000000,0.0000125
1765857600000,0.0000125
1765861200000,0.0000125
1765864800000,0.0000125
1765868400000,0.0000125
1765872000000,0.0000125
1765875600000,0.0000125
1765879200000,0.0000125
1765882800000,0.0000125
1765886400000,0.0000125
1765890000000,0.0000125
1765893600000,0.0000125
1765897200000,0.0000125
1765900800000,0.0000125
1765904400000,0.0000098093
1765908000000,0.0000118246
1765911600000,0.0000125
1765915200000,0.0000125
1765918800000,0.0000125
1765922400000,0.0000125
1765926000000,0.0000125
1765929600000,0.0000125
1765933200000,0.0000125
1765936800000,0.0000125
1765940400000,0.0000125
1765944000000,0.0000125
1765947600000,0.0000125
1765951200000,0.0000125
1765954800000,0.0000125
1765958400000,0.0000125
1765962000000,0.0000125
1765965600000,0.0000125
1765969200000,0.0000125
1765972800000,0.0000125
1765976400000,0.0000125
1765980000000,0.0000125
1765983600000,0.0000125
1765987200000,0.0000125
1765990800000,0.0000125
1765994400000,0.0000060833
1765998000000,0.0000011054
1766001600000,0.0000125
1766005200000,0.000011525
1766008800000,0.0000117259
1766012400000,0.0000125
1766016000000,0.0000082245
1766019600000,0.0000066999
1766023200000,0.0000104281
1766026800000,0.0000106216
1766030400000,0.0000070608
1766034000000,0.0000095185
1766037600000,0.0000105109
1766041200000,0.0000115598
1766044800000,0.0000061512
1766048400000,0.0000125
1766052000000,0.0000125
1766055600000,0.0000125
1766059200000,0.000011222
1766062800000,0.0000112699
1766066400000,0.0000125
1766070000000,0.0000125
1766073600000,0.0000067187
1766077200000,0.0000103582
1766080800000,0.0000031941
1766084400000,0.0000038946
1766088000000,0.0000005208
1766091600000,0.0000011058
1766095200000,0.0000111928
1766098800000,0.0000108915
1766102400000,0.0000102201
1766106000000,0.0000088289
1766109600000,0.0000107039
1766113200000,0.0000108374
1766116800000,0.0000116477
1766120400000,0.0000065585
1766124000000,0.0000098612
1766127600000,0.0000094151
1766131200000,0.0000087706
1766134800000,0.0000037168
1766138400000,0.0000060761
1766142000000,0.0000052643
1766145600000,0.0000125
1766149200000,0.000010169
1766152800000,0.0000110938
1766156400000,0.0000125
1766160000000,0.0000123403
1766163600000,0.0000117536
1766167200000,0.0000125
1766170800000,0.0000107544
1766174400000,0.0000125
1766178000000,0.0000125
1766181600000,0.0000125
1766185200000,0.0000125
1766188800000,0.0000125
1766192400000,0.0000125
1766196000000,0.0000125
1766199600000,0.0000125
1766203200000,0.0000125
1766206800000,0.0000125
1766210400000,0.0000125
1766214000000,0.0000125
1766217600000,0.0000125
1766221200000,0.0000125
1766224800000,0.0000125
1766228400000,0.0000125
1766232000000,0.0000125
1766235600000,0.0000125
1766239200000,0.0000125
1766242800000,0.0000124448
1766246400000,0.0000094842
1766250000000,0.0000087806
1766253600000,0.0000082665
1766257200000,0.000005321
1766260800000,0.0000092978
1766264400000,0.0000092269
1766268000000,0.0000090576
1766271600000,0.0000125
1766275200000,0.0000125
1766278800000,0.000012306
1766282400000,0.0000095755
1766286000000,0.0000118472
1766289600000,0.0000125
1766293200000,0.0000119576
1766296800000,0.0000125
1766300400000,0.0000125
1766304000000,0.0000125
1766307600000,0.0000125
1766311200000,0.0000125
1766314800000,0.0000125
1766318400000,0.0000125
1766322000000,0.0000125
1766325600000,0.0000125
1766329200000,0.0000125
1766332800000,0.0000125
1766336400000,0.0000125
1766340000000,0.0000125
1766343600000,0.0000125
1766347200000,0.0000104108
1766350800000,0.0000125
1766354400000,0.0000088585
1766358000000,0.0000125
1766361600000,0.0000125
1766365200000,0.0000125
1766368800000,0.0000125
1766372400000,0.0000125
1766376000000,0.0000125
1766379600000,0.0000125
1766383200000,0.0000125
1766386800000,0.0000125
1766390400000,0.0000125
1766394000000,0.0000125
1766397600000,0.0000125
1766401200000,0.0000125
1766404800000,0.0000125
1766408400000,0.0000122054
1766412000000,0.0000107308
1766415600000,0.0000070346
1766419200000,0.0000106036
1766422800000,0.0000122235
1766426400000,0.0000105913
1766430000000,0.0000087826
1766433600000,0.0000048849
1766437200000,0.0000057362
1766440800000,0.0000048717
1766444400000,0.0000076182
1766448000000,0.0000071277
1766451600000,0.0000113146
1766455200000,0.0000081109
1766458800000,0.0000037545
1766462400000,0.000008161
1766466000000,0.0000061136
1766469600000,0.0000033085
1766473200000,0.0000125
1766476800000,0.0000125
1766480400000,0.000009399
1766484000000,0.0000051095
1766487600000,0.0000034496
1766491200000,0.0000100609
1766494800000,0.0000085093
1766498400000,0.0000072179
1766502000000,0.0000125
1766505600000,0.0000125
1766509200000,0.0000125
1766512800000,0.0000090714
1766516400000,0.0000064576
1766520000000,0.0000078301
1766523600000,0.0000119197
1766527200000,0.0000080338
1766530800000,0.0000036036
1766534400000,0.0000077691
1766538000000,0.0000067585
1766541600000,0.0000091348
1766545200000,0.000007132
1766548800000,0.0000118228
1766552400000,0.0000125
1766556000000,0.0000093994
1766559600000,0.0000109747
1766563200000,0.0000101138
1766566800000,0.000012121
1766570400000,0.0000125
1766574000000,0.0000125
1766577600000,0.0000125
1766581200000,0.0000125
1766584800000,0.0000125
1766588400000,0.0000125
1766592000000,0.0000125
1766595600000,0.0000125
1766599200000,0.0000125
1766602800000,0.0000125
1766606400000,0.0000125
1766610000000,0.0000125
1766613600000,0.0000125
1766617200000,0.0000125
1766620800000,0.0000125
1766624400000,0.0000125
1766628000000,0.0000125
1766631600000,0.0000125
1766635200000,0.0000125
1766638800000,0.0000125
1766642400000,0.0000125
1766646000000,0.0000125
1766649600000,0.0000125
1766653200000,0.0000125
1766656800000,0.0000125
1766660400000,0.0000125
1766664000000,0.0000125
1766667600000,0.0000125
1766671200000,0.0000125
1766674800000,0.0000125
1766678400000,0.0000125
1766682000000,0.0000123722
1766685600000,0.0000125
1766689200000,0.0000125
1766692800000,0.0000125
1766696400000,0.0000125
1766700000000,0.0000125
1766703600000,0.0000125
1766707200000,0.0000121285
1766710800000,0.0000102976
1766714400000,0.0000125
1766718000000,-0.0000001322
1766721600000,0.0000006768
1766725200000,0.000010359
1766728800000,0.0000087989
1766732400000,0.0000125
1766736000000,0.0000119549
1766739600000,0.0000125
1766743200000,0.0000125
1766746800000,0.0000125
1766750400000,0.0000125
1766754000000,0.0000125
1766757600000,0.0000125
1766761200000,0.0000056473
1766764800000,0.0000125
1766768400000,0.0000125
1766772000000,0.0000104719
1766775600000,0.0000011821
1766779200000,0.0000082975
1766782800000,0.0000070027
1766786400000,0.0000054674
1766790000000,0.0000062412
1766793600000,0.0000020715
1766797200000,0.0000049223
1766800800000,0.0000084233
1766804400000,0.0000110543
1766808000000,0.0000102784
1766811600000,0.0000071305
1766815200000,0.0000063284
1766818800000,0.0000037005
1766822400000,0.0000078202
1766826000000,-0.0000029701
1766829600000,0.0000041481
1766833200000,-0.0000042725
1766836800000,0.0000046955
1766840400000,0.0000081814
1766844000000,0.0000023376
1766847600000,0.00000147
1766851200000,0.0000027091
1766854800000,0.0000028159
1766858400000,0.0000061182
1766862000000,0.0000029356
1766865600000,-0.000003843
1766869200000,-0.0000029142
1766872800000,-0.0000040664
1766876400000,-0.0000120663
1766880000000,-0.0000097172
1766883600000,-0.0000117872
1766887200000,-0.0000075518
1766890800000,-0.0000008989
1766894400000,-0.0000036471
1766898000000,-0.000011357
1766901600000,0.0000003562
1766905200000,0.0000015348
1766908800000,-0.0000026964
1766912400000,-0.0000007283
1766916000000,-0.0000045706
1766919600000,-0.0000016289
1766923200000,-0.0000005965
1766926800000,0.0000005356
1766930400000,-0.0000006412
1766934000000,-0.0000040139
1766937600000,-0.0000047596
1766941200000,-0.0000019976
1766944800000,0.0000071548
1766948400000,0.0000059739
1766952000000,0.0000099757
1766955600000,0.000002383
1766959200000,0.0000046381
1766962800000,0.0000071611
1766966400000,0.0000063292
1766970000000,0.0000046012
1766973600000,0.000001768
1766977200000,0.0000089748
1766980800000,0.0000121857
1766984400000,0.0000125
1766988000000,0.0000125
1766991600000,0.0000125
1766995200000,0.0000112945
1766998800000,0.0000125
1767002400000,0.0000125
1767006000000,0.0000125
1767009600000,0.0000125
1767013200000,-0.0000070401
1767016800000,-0.0000051856
1767020400000,0.0000038612
1767024000000,0.0000125
1767027600000,0.0000125
1767031200000,0.0000125
1767034800000,0.0000092876
1767038400000,0.0000091363
1767042000000,0.0000118352
1767045600000,0.0000125
1767049200000,0.0000125
1767052800000,0.0000044059
1767056400000,-0.0000019853
1767060000000,-0.0000033183
1767063600000,0.0000018585
1767067200000,0.0000125
1767070800000,0.0000125
1767074400000,0.0000125
1767078000000,0.0000125
1767081600000,0.0000125
1767085200000,0.0000125
1767088800000,0.0000125
1767092400000,0.0000125
1767096000000,0.0000125
1767099600000,0.0000125
1767103200000,0.0000125
1767106800000,0.0000125
1767110400000,0.0000125
1767114000000,0.0000125
1767117600000,0.0000125
1767121200000,0.0000125
1767124800000,0.0000125
1767128400000,0.0000125
1767132000000,0.0000125
1767135600000,0.0000125
1767139200000,0.0000125
1767142800000,0.0000125
1767146400000,0.0000125
1767150000000,0.0000125
1767153600000,0.0000125
1767157200000,0.0000125
1767160800000,0.0000125
1767164400000,0.0000125
1767168000000,0.0000125
1767171600000,0.0000125
1767175200000,0.0000125
1767178800000,0.0000125
1767182400000,0.0000125
1767186000000,0.0000125
1767189600000,0.0000125
1767193200000,0.0000125
1767196800000,0.0000125
1767200400000,0.0000125
1767204000000,0.0000125
1767207600000,0.0000125
1767211200000,0.0000125
1767214800000,0.0000125
1767218400000,0.0000125
1767222000000,0.0000125
1767225600000,0.0000125
1767229200000,0.0000125
1767232800000,0.0000125
1767236400000,0.0000125
1767240000000,0.0000125
1767243600000,0.0000125
1767247200000,0.0000125
1767250800000,0.0000125
1767254400000,0.0000125
1767258000000,0.0000125
1767261600000,0.0000125
1767265200000,0.0000125
1767268800000,0.0000125
1767272400000,0.0000125
1767276000000,0.0000125
1767279600000,0.0000125
1767283200000,0.0000125
1767286800000,0.0000125
1767290400000,0.0000125
1767294000000,0.0000125
1767297600000,0.0000125
1767301200000,0.0000125
1767304800000,0.0000125
1767308400000,0.0000125
1767312000000,0.0000125
1767315600000,0.0000125
1767319200000,0.0000125
1767322800000,0.0000125
1767326400000,0.0000125
1767330000000,0.0000125
1767333600000,0.000006947
1767337200000,0.0000125
1767340800000,0.0000125
1767344400000,0.0000125
1767348000000,0.0000125
1767351600000,-0.0000009771
1767355200000,0.0000125
1767358800000,0.0000125
1767362400000,0.0000125
1767366000000,0.0000125
1767369600000,0.0000059262
1767373200000,0.0000049339
1767376800000,-0.0000022811
1767380400000,-0.0000010666
1767384000000,0.0000023634
1767387600000,-0.00000166
1767391200000,-0.0000015107
1767394800000,0.0000035529
1767398400000,0.0000000213
1767402000000,-0.0000025299
1767405600000,-0.0000020665
1767409200000,-0.0000021934
1767412800000,-0.0000004172
1767416400000,0.0000021988
1767420000000,0.0000027203
1767423600000,0.000003655
1767427200000,0.0000125
1767430800000,0.0000125
1767434400000,0.0000125
1767438000000,0.0000125
1767441600000,0.0000125
1767445200000,0.0000125
1767448800000,0.0000125
1767452400000,0.0000125
1767456000000,0.0000125
1767459600000,0.0000125
1767463200000,0.0000125
1767466800000,0.0000125
1767470400000,0.0000125
1767474000000,0.0000125
1767477600000,0.0000125
1767481200000,0.0000125
1767484800000,0.0000125
1767488400000,0.0000125
1767492000000,0.0000125
1767495600000,0.0000125
1767499200000,0.0000125
1767502800000,0.0000125
1767506400000,0.0000125
1767510000000,0.0000125
1767513600000,0.0000125
1767517200000,0.0000125
1767520800000,0.0000125
1767524400000,0.0000117942
1767528000000,0.0000036128
1767531600000,0.000003859
1767535200000,0.0000001701
1767538800000,0.0000005148
1767542400000,-0.0000016489
1767546000000,0.0000063463
1767549600000,0.0000110286
1767553200000,0.0000069689
1767556800000,0.0000125
1767560400000,0.0000125
1767564000000,0.0000019918
1767567600000,0.000005819
1767571200000,0.0000018696
1767574800000,0.0000065536
1767578400000,0.000005137
1767582000000,0.0000052491
1767585600000,0.0000044863
1767589200000,0.0000030338
1767592800000,0.000003861
1767596400000,0.0000030747
1767600000000,0.0000058839
1767603600000,0.0000048512
1767607200000,0.0000125
1767610800000,0.0000109347
1767614400000,0.0000041922
1767618000000,0.0000036674
1767621600000,0.0000030047
1767625200000,0.0000036657
1767628800000,0.0000125
1767632400000,0.0000115706
1767636000000,0.0000092009
1767639600000,0.0000075027
1767643200000,0.0000063468
1767646800000,0.0000065598
1767650400000,0.0000002937
1767654000000,0.0000039065
1767657600000,0.0000037105
1767661200000,0.0000052539
1767664800000,0.0000086482
1767668400000,0.0000037791
1767672000000,0.000008295
1767675600000,0.0000088922
1767679200000,0.0000125
1767682800000,0.0000125
1767686400000,0.0000019105
1767690000000,0.0000109874
1767693600000,0.0000079
1767697200000,0.000009376
1767700800000,0.0000125
1767704400000,0.0000125
1767708000000,0.0000125
1767711600000,0.0000125
1767715200000,0.0000125
1767718800000,0.0000125
1767722400000,0.0000125
1767726000000,0.0000125
1767729600000,0.0000125
1767733200000,0.0000125
1767736800000,0.0000125
1767740400000,0.0000125
1767744000000,0.0000125
1767747600000,0.0000125
1767751200000,0.0000125
1767754800000,0.0000125
1767758400000,0.0000125
1767762000000,0.0000125
1767765600000,0.0000125
1767769200000,0.0000125
1767772800000,0.0000125
1767776400000,0.0000125
1767780000000,0.0000125
1767783600000,0.0000125
1767787200000,0.0000125
1767790800000,0.0000125
1767794400000,0.0000125
1767798000000,0.0000125
1767801600000,0.0000125
1767805200000,0.0000125
1767808800000,0.0000125
1767812400000,0.0000125
1767816000000,0.0000125
1767819600000,0.0000125
1767823200000,0.0000125
1767826800000,0.0000125
1767830400000,0.0000125
1767834000000,0.0000125
1767837600000,0.0000125
1767841200000,0.0000125
1767844800000,0.0000125
1767848400000,0.0000125
1767852000000,0.0000125
1767855600000,0.0000125
1767859200000,0.0000125
1767862800000,0.0000125
1767866400000,0.0000125
1767870000000,0.0000125
1767873600000,0.0000125
1767877200000,0.0000120611
1767880800000,0.0000125
1767884400000,0.0000125
1767888000000,0.0000125
1767891600000,0.0000125
1767895200000,0.0000125
1767898800000,0.0000125
1767902400000,0.0000125
1767906000000,0.0000125
1767909600000,0.0000125
1767913200000,0.0000125
1767916800000,0.0000125
1767920400000,0.0000125
1767924000000,0.0000125
1767927600000,0.0000125
1767931200000,0.0000125
1767934800000,0.0000125
1767938400000,0.0000125
1767942000000,0.0000125
1767945600000,0.0000125
1767949200000,0.0000125
1767952800000,0.0000125
1767956400000,0.0000125
1767960000000,0.0000125
1767963600000,0.0000125
1767967200000,0.0000125
1767970800000,0.0000125
1767974400000,0.0000125
1767978000000,0.0000125
1767981600000,0.0000125
1767985200000,0.0000125
1767988800000,0.0000125
1767992400000,0.0000125
1767996000000,0.0000125
1767999600000,0.0000125
1768003200000,0.0000125
1768006800000,0.0000125
1768010400000,0.0000125
1768014000000,0.0000125
1768017600000,0.0000125
1768021200000,0.0000125
1768024800000,0.0000125
1768028400000,0.0000125
1768032000000,0.0000125
1768035600000,0.0000125
1768039200000,0.0000125
1768042800000,0.0000125
1768046400000,0.0000125
1768050000000,0.0000125
1768053600000,0.0000125
1768057200000,0.0000125
1768060800000,0.0000125
1768064400000,0.0000125
1768068000000,0.0000125
1768071600000,0.0000125
1768075200000,0.0000125
1768078800000,0.0000125
1768082400000,0.0000125
1768086000000,0.0000125
1768089600000,0.0000125
1768093200000,0.0000125
1768096800000,0.0000125
1768100400000,0.0000125
1768104000000,0.0000125
1768107600000,0.0000125
1768111200000,0.0000125
1768114800000,0.0000125
1768118400000,0.0000125
1768122000000,0.0000125
1768125600000,0.0000125
1768129200000,0.0000094574
1768132800000,0.0000125
1768136400000,0.0000125
1768140000000,0.0000125
1768143600000,0.0000125
1768147200000,0.0000120436
1768150800000,0.0000101377
1768154400000,0.0000067045
1768158000000,0.000008739
1768161600000,0.0000107629
1768165200000,0.0000119113
1768168800000,0.0000125
1768172400000,0.0000125
1768176000000,0.0000125
1768179600000,0.0000125
1768183200000,0.0000125
1768186800000,0.0000125
1768190400000,0.0000125
1768194000000,0.0000125
1768197600000,0.0000125
1768201200000,0.0000125
1768204800000,0.0000125
1768208400000,0.0000125
1768212000000,0.0000125
1768215600000,0.0000125
1768219200000,0.0000125
1768222800000,0.0000125
1768226400000,0.0000125
1768230000000,0.0000125
1768233600000,0.0000125
1768237200000,0.0000125
1768240800000,0.0000125
1768244400000,0.0000125
1768248000000,0.0000113971
1768251600000,0.0000080109
1768255200000,0.0000058892
1768258800000,0.000007139
1768262400000,0.0000056031
1768266000000,0.0000099782
1768269600000,0.0000053958
1768273200000,0.0000081192
1768276800000,0.0000125
1768280400000,0.0000125
1768284000000,0.0000125
1768287600000,0.0000125
1768291200000,0.0000125
1768294800000,0.0000125
1768298400000,0.0000125
1768302000000,0.0000125
1768305600000,0.0000125
1768309200000,0.0000125
1768312800000,0.0000125
1768316400000,0.0000125
1768320000000,0.0000125
1768323600000,0.0000125
1768327200000,0.0000125
1768330800000,0.0000125
1768334400000,0.0000125
1768338000000,0.0000125
1768341600000,0.0000125
1768345200000,0.0000125
1768348800000,0.0000125
1768352400000,0.0000125
1768356000000,0.0000125
1768359600000,0.0000125
1768363200000,0.0000125
1768366800000,0.0000125
1768370400000,0.0000125
1768374000000,0.0000125
1768377600000,0.0000125
1768381200000,0.0000066036
1768384800000,0.0000125
1768388400000,0.0000125
1768392000000,0.0000124373
1768395600000,0.0000125
1768399200000,0.0000125
1768402800000,0.0000125
1768406400000,0.0000125
1768410000000,0.0000125
1768413600000,0.0000125
1768417200000,0.0000125
1768420800000,0.0000125
1768424400000,0.0000125
1768428000000,0.0000125
1768431600000,0.0000125
1768435200000,0.0000125
1768438800000,0.0000125
1768442400000,0.0000125
1768446000000,0.0000125
1768449600000,0.0000125
1768453200000,0.0000125
1768456800000,0.0000125
1768460400000,0.0000125
1768464000000,0.0000125
1768467600000,0.0000125
1768471200000,0.0000125
1768474800000,0.0000125
1768478400000,0.0000125
1768482000000,0.0000125
1768485600000,0.0000125
1768489200000,0.0000125
1768492800000,0.0000125
1768496400000,0.0000125
1768500000000,0.0000125
1768503600000,0.0000125
1768507200000,0.0000125
1768510800000,0.0000125
1768514400000,0.0000125
1768518000000,0.0000125
1768521600000,0.0000125
1768525200000,0.0000125
1768528800000,0.0000125
1768532400000,0.0000125
1768536000000,0.0000125
1768539600000,0.0000125
1768543200000,0.0000125
1768546800000,0.0000125
1768550400000,0.0000125
1768554000000,0.0000125
1768557600000,0.0000125
1768561200000,0.0000125
1768564800000,0.0000125
1768568400000,0.0000125
1768572000000,0.0000125
1768575600000,0.0000125
1768579200000,0.0000125
1768582800000,0.0000125
1768586400000,0.0000125
1768590000000,0.0000125
1768593600000,0.0000125
1768597200000,0.0000125
1768600800000,0.0000125
1768604400000,0.0000125
1768608000000,0.0000125
1768611600000,0.0000125
1768615200000,0.0000125
1768618800000,0.0000125
1768622400000,0.0000125
1768626000000,0.0000125
1768629600000,0.0000125
1768633200000,0.0000125
1768636800000,0.0000125
1768640400000,0.0000125
1768644000000,0.0000125
1768647600000,0.0000125
1768651200000,0.0000125
1768654800000,0.0000125
1768658400000,0.0000125
1768662000000,0.0000125
1768665600000,0.0000125
1768669200000,0.0000125
1768672800000,0.0000125
1768676400000,0.0000125
1768680000000,0.0000125
1768683600000,0.0000125
1768687200000,0.0000125
1768690800000,0.0000125
1768694400000,0.0000125
1768698000000,0.0000125
1768701600000,0.0000125
1768705200000,0.0000125
1768708800000,0.0000125
1768712400000,0.0000125
1768716000000,0.0000125
1768719600000,0.0000125
1768723200000,0.0000125
1768726800000,0.0000125
1768730400000,0.0000125
1768734000000,0.0000125
1768737600000,0.0000125
1768741200000,0.0000125
1768744800000,0.0000125
1768748400000,0.0000125
1768752000000,0.0000125
1768755600000,0.0000125
1768759200000,0.0000125
1768762800000,0.0000125
1768766400000,0.0000125
1768770000000,0.0000125
1768773600000,0.0000125
1768777200000,0.0000125
1768780800000,0.0000125
1768784400000,0.0000052012
1768788000000,0.0000125
1768791600000,0.0000125
1768795200000,0.0000125
1768798800000,0.0000125
1768802400000,0.0000063353
1768806000000,0.000006135
1768809600000,0.0000125
1768813200000,0.0000125
1768816800000,0.0000125
1768820400000,0.0000125
1768824000000,0.0000125
1768827600000,0.0000125
1768831200000,0.0000125
1768834800000,0.0000125
1768838400000,0.0000125
1768842000000,0.0000125
1768845600000,0.0000125
1768849200000,0.0000125
1768852800000,0.0000125
1768856400000,0.0000125
1768860000000,0.0000125
1768863600000,0.0000125
1768867200000,-0.0000058556
1768870800000,0.000012304
1768874400000,0.0000125
1768878000000,0.0000125
1768881600000,0.0000092418
1768885200000,0.0000125
1768888800000,0.0000022444
1768892400000,-0.0000099989
1768896000000,-0.0000004085
1768899600000,0.0000013984
1768903200000,-0.0000031988
1768906800000,0.00000343
1768910400000,0.0000092448
1768914000000,0.0000087354
1768917600000,0.0000027643
1768921200000,0.0000035727
1768924800000,-0.0000008337
1768928400000,0.0000099901
1768932000000,0.0000125
1768935600000,0.0000125
1768939200000,0.0000125
1768942800000,0.0000125
1768946400000,0.0000125
1768950000000,0.0000125
1768953600000,0.0000125
1768957200000,0.0000125
1768960800000,0.0000125
1768964400000,0.0000125
1768968000000,0.0000125
1768971600000,0.0000125
1768975200000,0.0000125
1768978800000,0.0000125
1768982400000,0.0000125
1768986000000,0.0000125
1768989600000,0.0000110604
1768993200000,0.0000081101
1768996800000,0.0000069132
1769000400000,-0.0000086071
1769004000000,0.0000125
1769007600000,0.0000125
1769011200000,0.0000027621
1769014800000,-0.0000047258
1769018400000,-0.0000044131
1769022000000,0.0000032413
1769025600000,0.0000125
1769029200000,0.0000125
1769032800000,0.0000125
1769036400000,0.0000125
1769040000000,0.0000125
1769043600000,0.0000125
1769047200000,0.0000125
1769050800000,0.0000125
1769054400000,0.0000125
1769058000000,0.0000125
1769061600000,0.0000125
1769065200000,0.0000125
1769068800000,0.0000125
1769072400000,0.0000125
1769076000000,0.0000125
1769079600000,0.0000125
1769083200000,0.0000125
1769086800000,0.0000125
1769090400000,0.0000125
1769094000000,0.0000125
1769097600000,-0.0000114742
1769101200000,0.0000125
1769104800000,0.0000125
1769108400000,0.0000125
1769112000000,0.0000125
1769115600000,0.0000125
1769119200000,0.0000125
1769122800000,0.0000125
1769126400000,0.0000125
1769130000000,0.0000057268
1769133600000,0.0000125
1769137200000,0.0000125
1769140800000,0.0000125
1769144400000,0.0000125
1769148000000,0.0000125
1769151600000,-0.0000135711
1769155200000,-0.0000461935
1769158800000,-0.0000276924
1769162400000,-0.000016308
1769166000000,-0.0000130899
1769169600000,0.000003898
1769173200000,0.0000025793
1769176800000,0.0000037529
1769180400000,-0.0000036104
1769184000000,-0.000000708
1769187600000,-0.000005261
1769191200000,0.0000082593
1769194800000,0.00000807
1769198400000,0.0000026885
1769202000000,-0.0000057029
1769205600000,0.0000006118
1769209200000,-0.0000007945
1769212800000,-0.0000111174
1769216400000,-0.0000096309
1769220000000,-0.0000142537
1769223600000,-0.0000067724
1769227200000,-0.0000024083
1769230800000,-0.0000158463
1769234400000,-0.0000100984
1769238000000,-0.0000108651
1769241600000,-0.000002097
1769245200000,0.0000029403
1769248800000,0.0000065104
1769252400000,0.0000058968
1769256000000,0.0000075584
1769259600000,-0.0000093322
1769263200000,-0.0000026068
1769266800000,0.000007418
1769270400000,0.0000019673
1769274000000,-0.0000115698
1769277600000,-0.0000059812
1769281200000,-0.0000054142
1769284800000,0.0000001553
1769288400000,0.0000003427
1769292000000,0.000001807
1769295600000,0.0000068233
1769299200000,0.0000039906
1769302800000,-0.0000074158
1769306400000,-0.0000057258
1769310000000,0.000001106
1769313600000,-0.0000064455
1769317200000,-0.0000012361
1769320800000,-0.0000009196
1769324400000,-0.0000090964
1769328000000,-0.0000002859
1769331600000,0.000002276
1769335200000,0.0000042674
1769338800000,0.0000067141
1769342400000,0.0000041885
1769346000000,0.0000083642
1769349600000,0.0000125
1769353200000,-0.0000001
1769356800000,0.0000108687
1769360400000,0.0000003076
1769364000000,0.0000071672
1769367600000,-0.000022454
1769371200000,-0.0000289633
1769374800000,-0.0000300131
1769378400000,-0.0000246163
1769382000000,-0.0000196801
1769385600000,-0.0000020641
1769389200000,0.0000033768
1769392800000,-0.0000027552
1769396400000,0.0000014507
1769400000000,0.0000008861
1769403600000,0.0000092875
1769407200000,0.0000094308
1769410800000,0.0000110607
1769414400000,0.0000099932
1769418000000,0.0000125
1769421600000,0.0000125
1769425200000,0.0000125
1769428800000,0.0000067845
1769432400000,0.0000079158
1769436000000,0.0000100963
1769439600000,-0.0000066319
1769443200000,-0.000001164
1769446800000,-0.0000025268
1769450400000,-0.0000112924
1769454000000,0.0000001285
1769457600000,-0.0000017843
1769461200000,-0.0000055486
1769464800000,-0.0000001974
1769468400000,-0.0000055317
1769472000000,0.0000125
1769475600000,0.0000088172
1769479200000,0.0000115388
1769482800000,0.0000125
1769486400000,0.0000125
1769490000000,0.0000125
1769493600000,0.0000125
1769497200000,0.0000125
1769500800000,0.0000125
1769504400000,0.0000125
1769508000000,0.0000125
1769511600000,0.0000125
1769515200000,0.0000125
1769518800000,0.0000125
1769522400000,0.0000081563
1769526000000,0.0000125
1769529600000,0.0000125
1769533200000,0.0000125
1769536800000,0.0000125
1769540400000,0.0000125
1769544000000,0.0000125
1769547600000,0.0000125
1769551200000,0.0000125
1769554800000,0.0000125
1769558400000,0.0000125
1769562000000,0.0000125
1769565600000,0.0000125
1769569200000,0.0000125
1769572800000,0.0000125
1769576400000,0.0000125
1769580000000,0.0000125
1769583600000,0.0000125
1769587200000,0.0000125
1769590800000,0.0000125
1769594400000,0.0000125
1769598000000,0.0000125
1769601600000,0.0000125
1769605200000,0.0000125
1769608800000,0.0000125
1769612400000,0.0000125
1769616000000,0.0000095608
1769619600000,0.0000096661
1769623200000,0.0000125
1769626800000,0.0000125
1769630400000,0.0000125
1769634000000,0.0000125
1769637600000,0.0000125
1769641200000,0.0000125
1769644800000,0.0000125
1769648400000,0.0000125
1769652000000,0.0000125
1769655600000,0.0000125
1769659200000,0.0000125
1769662800000,0.0000125
1769666400000,0.0000125
1769670000000,0.0000125
1769673600000,0.0000123295
1769677200000,0.0000125
1769680800000,0.0000125
1769684400000,0.0000125
1769688000000,0.0000125
1769691600000,0.0000125
1769695200000,0.0000125
1769698800000,0.0000125
1769702400000,0.0000125
1769706000000,0.0000125
1769709600000,0.0000125
1769713200000,0.0000125
1769716800000,0.0000125
1769720400000,0.0000125
1769724000000,0.0000125
1769727600000,0.0000045751
1769731200000,0.000006823
1769734800000,0.0000040557
1769738400000,-0.0000089263
1769742000000,-0.0000083347
1769745600000,0.0000022384
1769749200000,0.0000077376
1769752800000,-0.0000159279
1769756400000,-0.0000062044
1769760000000,-0.0000037718
1769763600000,-0.0000068358
1769767200000,-0.0000000515
1769770800000,0.0000032381
1769774400000,0.0000125
1769778000000,0.0000109696
1769781600000,0.0000125
1769785200000,0.0000125
1769788800000,0.0000125
1769792400000,0.0000125
1769796000000,0.0000117675
1769799600000,0.0000125
1769803200000,0.0000125
1769806800000,0.0000125
1769810400000,0.0000125
1769814000000,0.0000125
1769817600000,0.0000125
1769821200000,0.0000125
1769824800000,0.0000125
1769828400000,0.0000125
1769832000000,0.0000125
1769835600000,0.0000125
1769839200000,0.0000125
1769842800000,0.0000125
1769846400000,0.0000125
1769850000000,0.0000125
1769853600000,0.0000125
1769857200000,0.0000125
1769860800000,0.0000125
1769864400000,0.0000049148
1769868000000,-0.0000144066
1769871600000,-0.0000244986
1769875200000,0.00000147
1769878800000,-0.0000016582
1769882400000,-0.0000214613
1769886000000,-0.0000503129
1769889600000,-0.0000573791
1769893200000,-0.0000551677
1769896800000,-0.000033385
1769900400000,-0.0000136923
1769904000000,-0.0000374049
1769907600000,-0.0000420873
1769911200000,-0.0000333953
1769914800000,-0.0000273882
1769918400000,-0.000031002
1769922000000,-0.0000126729
1769925600000,-0.0000130949
1769929200000,-0.0000150635
1769932800000,-0.0000169777
1769936400000,-0.0000201291
1769940000000,-0.0000165645
1769943600000,-0.0000178536
1769947200000,-0.000022966
1769950800000,-0.0000265233
1769954400000,-0.0000365108
1769958000000,-0.000028176
1769961600000,-0.0000248781
1769965200000,-0.0000295617
1769968800000,-0.0000199193
1769972400000,-0.0000132509
1769976000000,-0.0000116954
1769979600000,-0.0000117432
1769983200000,-0.0000163778
1769986800000,-0.00002493
1769990400000,-0.0000258774
1769994000000,-0.0000179482
1769997600000,-0.0000213592
1770001200000,-0.0000250425
1770004800000,-0.0000728383
1770008400000,-0.0000335761
1770012000000,-0.0000237281
1770015600000,-0.0000237099
1770019200000,-0.0000305222
1770022800000,-0.0000202507
1770026400000,-0.000012737
1770030000000,-0.0000096356
1770033600000,-0.0000046422
1770037200000,-0.0000082606
1770040800000,-0.0000111528
1770044400000,-0.0000143351
1770048000000,-0.0000326593
1770051600000,-0.0000430126
1770055200000,-0.0000447107
1770058800000,-0.0000358184
1770062400000,-0.0000386227
1770066000000,-0.0000343856
1770069600000,-0.0000305276
1770073200000,-0.0000335106
1770076800000,-0.0000322099
1770080400000,-0.0000236182
1770084000000,-0.0000215021
1770087600000,-0.0000255361
1770091200000,-0.0000221382
1770094800000,-0.000016602
1770098400000,-0.000015641
1770102000000,-0.0000051177
1770105600000,-0.0000010614
1770109200000,0.0000002978
1770112800000,-0.0000042657
1770116400000,-0.0000176498
1770120000000,-0.000011141
1770123600000,-0.0000079266
1770127200000,-0.0000088342
1770130800000,-0.0000114038
1770134400000,-0.0000130395
1770138000000,-0.0000091476
1770141600000,0.0000017837
1770145200000,-0.0000066061
1770148800000,-0.0000183213
1770152400000,-0.0000245462
1770156000000,-0.0000171015
1770159600000,-0.0000351955
1770163200000,-0.0000157437
1770166800000,-0.00000718
1770170400000,0.0000125
1770174000000,0.000004654
1770177600000,0.0000125
1770181200000,0.0000112732
1770184800000,0.0000095414
1770188400000,0.0000125
1770192000000,0.0000125
1770195600000,0.0000125
1770199200000,0.0000125
1770202800000,0.0000125
1770206400000,0.0000125
1770210000000,0.0000125
1770213600000,0.0000125
1770217200000,0.0000125
1770220800000,0.0000099385
1770224400000,0.0000125
1770228000000,0.0000125
1770231600000,0.0000125
1770235200000,0.0000125
1770238800000,0.0000125
1770242400000,0.0000125
1770246000000,0.0000125
1770249600000,0.0000125
1770253200000,0.0000125
1770256800000,0.0000125
1770260400000,0.0000125
1770264000000,0.0000125
1770267600000,0.0000125
1770271200000,0.0000125
1770274800000,0.0000125
1770278400000,0.0000125
1770282000000,0.0000125
1770285600000,0.0000125
1770289200000,0.0000125
1770292800000,0.0000125
1770296400000,0.0000125
1770300000000,0.0000125
1770303600000,0.0000125
1770307200000,0.0000024335
1770310800000,0.0000044528
1770314400000,0.0000029418
1770318000000,-0.0000011621
1770321600000,-0.0000069746
1770325200000,-0.0000220795
1770328800000,-0.0000030553
1770332400000,-0.0000021627
1770336000000,-0.0000056588
1770339600000,-0.0000388789
1770343200000,0.0000125
1770346800000,0.0000050258
1770350400000,0.0000077775
1770354000000,0.0000011125
1770357600000,0.0000029696
1770361200000,0.0000034268
1770364800000,-0.000000847
1770368400000,0.000003969
1770372000000,0.0000125
1770375600000,0.0000125
1770379200000,0.0000125
1770382800000,0.0000109259
1770386400000,0.0000125
1770390000000,-0.0000129532
1770393600000,-0.0000235051
1770397200000,-0.0000165814
1770400800000,-0.0000034052
1770404400000,-0.0000002505
1770408000000,-0.0000005699
1770411600000,-0.0000205978
1770415200000,-0.0000220706
1770418800000,-0.0000099833
1770422400000,-0.0000095407
1770426000000,-0.0000212701
1770429600000,-0.00001722
1770433200000,-0.0000241948
1770436800000,-0.0000209001
1770440400000,-0.0000001048
1770444000000,0.0000029113
1770447600000,0.000005434
1770451200000,0.000006124
1770454800000,0.000006764
1770458400000,0.0000016119
1770462000000,0.0000000893
1770465600000,0.0000039911
1770469200000,0.0000049496
1770472800000,0.0000005097
1770476400000,-0.000005048
1770480000000,-0.0000005986
1770483600000,-0.0000055553
1770487200000,-0.0000026452
1770490800000,0.0000007148
1770494400000,-0.0000040898
1770498000000,0.0000023783
1770501600000,0.00000463
1770505200000,-0.0000004068
1770508800000,-0.0000081946
1770512400000,-0.000008657
1770516000000,-0.000011333
1770519600000,-0.0000075319
1770523200000,-0.0000141679
1770526800000,-0.0000064338
1770530400000,-0.0000084099
1770534000000,-0.000001909
1770537600000,0.0000004734
1770541200000,0.0000078369
1770544800000,-0.0000077198
1770548400000,-0.000015215
1770552000000,-0.0000064936
1770555600000,0.000002046
1770559200000,0.000000553
1770562800000,0.0000041444
1770566400000,0.0000002687
1770570000000,0.0000024224
1770573600000,-0.0000037814
1770577200000,0.0000010347
1770580800000,0.0000017295
1770584400000,0.0000001218
1770588000000,-0.0000097844
1770591600000,-0.0000052018
1770595200000,-0.000000933
1770598800000,-0.0000013349
1770602400000,-0.000005625
1770606000000,0.0000001504
1770609600000,-0.0000149962
1770613200000,-0.0000127434
1770616800000,0.0000061957
1770620400000,0.0000052297
1770624000000,0.0000084401
1770627600000,0.0000122192
1770631200000,0.0000125
1770634800000,0.0000016024
1770638400000,-0.0000048774
1770642000000,-0.0000087638
1770645600000,0.0000004921
1770649200000,-0.0000090902
1770652800000,0.0000100601
1770656400000,0.0000090036
1770660000000,0.0000125
1770663600000,0.0000125
1770667200000,0.0000125
1770670800000,0.0000125
1770674400000,0.0000125
1770678000000,0.0000125
1770681600000,0.0000125
1770685200000,0.0000103924
1770688800000,0.0000125
1770692400000,0.0000125
1770696000000,0.0000125
1770699600000,0.0000125
1770703200000,0.0000125
1770706800000,0.0000125
1770710400000,0.0000125
1770714000000,0.0000125
1770717600000,0.0000125
1770721200000,0.0000125
1770724800000,0.0000125
1770728400000,0.0000077219
1770732000000,0.0000080553
1770735600000,0.0000099278
1770739200000,0.0000125
1770742800000,0.0000125
1770746400000,0.0000125
1770750000000,0.0000125
1770753600000,0.0000125
1770757200000,0.0000125
1770760800000,0.0000104739
1770764400000,0.0000125
1770768000000,0.0000112376
1770771600000,0.0000125
1770775200000,0.0000049328
1770778800000,0.000011338
1770782400000,0.0000107099
1770786000000,0.0000098239
1770789600000,0.0000078628
1770793200000,-0.0000055083
1770796800000,0.0000028205
1770800400000,-0.0000022151
1770804000000,0.0000005618
1770807600000,-0.000000376
1770811200000,0.0000071078
1770814800000,0.0000007294
1770818400000,-0.0000041841
1770822000000,0.0000043087
1770825600000,0.0000003918
1770829200000,-0.0000002481
1770832800000,0.0000046748
1770836400000,0.0000041984
1770840000000,0.0000038895
1770843600000,0.0000009232
1770847200000,0.000005202
1770850800000,-0.0000073074
1770854400000,-0.0000123027
1770858000000,-0.0000030489
1770861600000,-0.0000013
1770865200000,-0.0000095569
1770868800000,0.0000058759
1770872400000,0.0000125
1770876000000,0.0000125
1770879600000,0.0000125
1770883200000,0.0000125
1770886800000,0.0000097073
1770890400000,0.0000125
1770894000000,0.0000125
1770897600000,0.0000125
1770901200000,0.0000125
1770904800000,0.0000125
1770908400000,0.0000125
1770912000000,0.0000041949
1770915600000,-0.0000013446
1770919200000,0.0000001739
1770922800000,0.0000047707
1770926400000,0.0000067477
1770930000000,0.0000112094
1770933600000,0.0000041523
1770937200000,0.0000086397
1770940800000,0.0000125
1770944400000,0.0000097448
1770948000000,0.0000117752
1770951600000,0.0000101362
1770955200000,0.0000096139
1770958800000,0.0000023089
1770962400000,0.0000007179
1770966000000,-0.0000009834
1770969600000,0.0000014084
1770973200000,0.0000125
1770976800000,0.0000125
1770980400000,0.0000125
1770984000000,0.0000087955
1770987600000,0.0000125
1770991200000,0.0000119137
1770994800000,0.0000125
1770998400000,0.0000125
1771002000000,0.0000121861
1771005600000,-0.0000010201
1771009200000,0.0000063569
1771012800000,0.0000004339
1771016400000,0.0000048126
1771020000000,0.0000107934
1771023600000,0.0000110707
1771027200000,0.000007963
1771030800000,0.0000101522
1771034400000,0.0000060979
1771038000000,0.0000065473
1771041600000,0.0000111074
1771045200000,0.0000080993
1771048800000,0.0000078564
1771052400000,0.0000075127
1771056000000,0.0000125
1771059600000,0.000011555
1771063200000,0.0000125
1771066800000,0.0000079924
1771070400000,-0.000001436
1771074000000,-0.0000027033
1771077600000,0.0000007708
1771081200000,0.0000098276
1771084800000,0.0000125
1771088400000,0.0000075753
1771092000000,0.0000065528
1771095600000,-0.0000027225
1771099200000,0.0000009052
1771102800000,0.0000052683
1771106400000,0.0000044183
1771110000000,0.0000030757
1771113600000,0.0000033752
1771117200000,0.0000037516
1771120800000,-0.0000034221
1771124400000,-0.0000022381
1771128000000,0.0000097043
1771131600000,0.0000125
1771135200000,0.0000061971
1771138800000,-0.0000039401
1771142400000,0.0000022689
1771146000000,-0.0000032083
1771149600000,-0.0000072132
1771153200000,-0.0000121929
1771156800000,-0.0000172129
1771160400000,-0.000013285
1771164000000,-0.0000128156
1771167600000,-0.0000068415
1771171200000,-0.0000095289
1771174800000,0.0000125
1771178400000,0.0000125
1771182000000,0.0000074949
1771185600000,0.0000055393
1771189200000,0.0000036074
1771192800000,0.0000045052
1771196400000,0.0000110964
1771200000000,0.0000125
1771203600000,0.0000125
1771207200000,-0.0000022692
1771210800000,0.0000086493
1771214400000,0.0000053455
1771218000000,0.0000090613
1771221600000,0.0000081574
1771225200000,0.0000072824
1771228800000,0.0000081164
1771232400000,0.0000029677
1771236000000,0.0000108091
1771239600000,0.0000125
1771243200000,0.000007881
1771246800000,0.0000059665
1771250400000,0.0000065208
1771254000000,-0.0000019301
1771257600000,0.0000001945
1771261200000,0.0000101562
1771264800000,0.0000002123
1771268400000,0.0000013467
1771272000000,0.0000027181
1771275600000,0.0000055729
1771279200000,0.000003307
1771282800000,0.0000125
1771286400000,0.0000125
1771290000000,0.0000125
1771293600000,0.0000107343
1771297200000,0.0000054246
1771300800000,0.0000047078
1771304400000,0.0000125
1771308000000,0.0000107755
1771311600000,0.0000125
1771315200000,0.0000125
1771318800000,0.000006397
1771322400000,0.0000043336
1771326000000,-0.0000010824
1771329600000,-0.0000064731
1771333200000,0.0000002419
1771336800000,0.0000125
1771340400000,0.0000125
1771344000000,0.0000125
1771347600000,0.0000125
1771351200000,0.0000125
1771354800000,0.0000125
1771358400000,0.000011998
1771362000000,0.0000125
1771365600000,0.0000093939
1771369200000,0.0000122906
1771372800000,0.000006618
1771376400000,0.0000082482
1771380000000,0.0000061776
1771383600000,0.0000125
1771387200000,0.0000125
1771390800000,0.0000115923
1771394400000,0.0000125
1771398000000,0.0000125
1771401600000,0.0000125
1771405200000,0.0000125
1771408800000,0.0000068297
1771412400000,0.0000020726
1771416000000,0.0000018275
1771419600000,0.0000115183
1771423200000,0.0000104072
1771426800000,0.0000098058
1771430400000,0.0000089815
1771434000000,0.0000099775
1771437600000,0.0000054218
1771441200000,0.0000098345
1771444800000,0.0000097674
1771448400000,0.0000035628
1771452000000,0.0000034073
1771455600000,0.0000000188
1771459200000,-0.0000016183
1771462800000,0.0000046019
1771466400000,0.0000009604
1771470000000,0.0000038938
1771473600000,0.0000016071
1771477200000,0.0000097789
1771480800000,0.0000043665
1771484400000,0.0000116264
1771488000000,0.0000125
1771491600000,0.0000106851
1771495200000,0.0000121767
1771498800000,0.0000123379
1771502400000,0.0000125
1771506000000,0.0000091729
1771509600000,0.0000059944
1771513200000,0.0000081297
1771516800000,0.000004026
1771520400000,-0.0000013654
1771524000000,0.0000051867
1771527600000,0.0000068812
1771531200000,0.0000085369
1771534800000,0.0000105851
1771538400000,0.0000125
1771542000000,0.0000125
1771545600000,0.0000125
1771549200000,0.0000125
1771552800000,0.0000125
1771556400000,0.0000125
1771560000000,0.0000125
1771563600000,0.0000119421
1771567200000,0.0000125
1771570800000,0.0000123763
1771574400000,0.0000125
1771578000000,0.0000100246
1771581600000,0.0000125
1771585200000,0.0000032011
1771588800000,-0.0000029489
1771592400000,-0.0000023103
1771596000000,0.0000008171
1771599600000,0.0000082709
1771603200000,-0.0000024245
1771606800000,0.0000010333
1771610400000,0.0000080389
1771614000000,0.0000060216
1771617600000,0.000000473
1771621200000,-0.0000013365
1771624800000,-0.0000020519
1771628400000,0.0000051134
1771632000000,0.000010364
1771635600000,0.0000085283
1771639200000,0.0000076465
1771642800000,0.0000125
1771646400000,0.0000071357
1771650000000,0.0000094938
1771653600000,0.0000079554
1771657200000,0.0000090487
1771660800000,0.0000080547
1771664400000,0.000006149
1771668000000,0.0000093557
1771671600000,0.0000125
1771675200000,0.0000125
1771678800000,0.0000043887
1771682400000,0.0000048223
1771686000000,0.000007439
1771689600000,0.000010774
1771693200000,0.0000065207
1771696800000,0.0000050189
1771700400000,0.0000107498
1771704000000,0.0000082392
1771707600000,0.0000077562
1771711200000,0.0000105464
1771714800000,0.000002366
1771718400000,0.0000020779
1771722000000,0.0000011336
1771725600000,0.0000086766
1771729200000,0.0000103217
1771732800000,0.0000058147
1771736400000,0.0000076013
1771740000000,0.0000125
1771743600000,0.0000125
1771747200000,0.0000125
1771750800000,0.0000063161
1771754400000,0.0000120694
1771758000000,0.0000125
1771761600000,0.0000125
1771765200000,0.000007546
1771768800000,0.0000082109
1771772400000,0.0000124543
1771776000000,0.0000125
1771779600000,0.0000097836
1771783200000,0.0000072083
1771786800000,0.0000096639
1771790400000,0.0000069688
1771794000000,0.0000035499
1771797600000,0.0000088514
1771801200000,0.0000024491
1771804800000,0.0000042196
1771808400000,-0.0000001652
1771812000000,-0.000013753
1771815600000,-0.0000229357
1771819200000,-0.0000322628
1771822800000,-0.0000343904
1771826400000,-0.0000226533
1771830000000,-0.0000228585
1771833600000,-0.0000040339
1771837200000,-0.0000025346
1771840800000,-0.0000019437
1771844400000,0.0000096221
1771848000000,0.0000125
1771851600000,0.0000125
1771855200000,0.0000125
1771858800000,0.0000125
1771862400000,0.0000125
1771866000000,0.0000125
1771869600000,0.0000125
1771873200000,0.0000125
1771876800000,0.0000125
1771880400000,0.0000125
1771884000000,0.0000125
1771887600000,0.0000125
1771891200000,0.0000125
1771894800000,0.0000125
1771898400000,0.0000125
1771902000000,0.0000050984
1771905600000,0.0000068398
1771909200000,0.0000120495
1771912800000,0.0000125
1771916400000,0.0000125
1771920000000,0.0000044465
1771923600000,0.0000125
1771927200000,0.0000125
1771930800000,0.000006311
1771934400000,0.0000048763
1771938000000,0.0000125
1771941600000,0.0000075876
1771945200000,0.0000125
1771948800000,0.0000087521
1771952400000,0.0000123334
1771956000000,0.0000048324
1771959600000,0.0000062072
1771963200000,0.0000003628
1771966800000,0.0000060683
1771970400000,0.0000038256
1771974000000,0.0000048082
1771977600000,0.000000485
1771981200000,0.0000031767
1771984800000,0.0000125
1771988400000,0.0000117535
1771992000000,0.0000084229
1771995600000,0.0000079851
1771999200000,-0.0000002779
1772002800000,0.0000063244
1772006400000,0.0000054241
1772010000000,0.0000125
1772013600000,0.0000125
1772017200000,0.0000113204
1772020800000,0.0000125
1772024400000,0.0000125
1772028000000,0.0000125
1772031600000,0.0000125
1772035200000,0.0000088366
1772038800000,0.0000027069
1772042400000,0.000009225
1772046000000,0.0000085171
1772049600000,0.0000125
1772053200000,0.0000125
1772056800000,0.0000125
1772060400000,0.0000125
1772064000000,0.0000125
1772067600000,0.0000125
1772071200000,0.0000125
1772074800000,0.0000091102
1772078400000,0.00000941
1772082000000,0.0000115729
1772085600000,0.0000075454
1772089200000,0.0000087479
1772092800000,0.0000125
1772096400000,0.0000075453
1772100000000,0.0000054998
1772103600000,0.0000008137
1772107200000,0.0000073894
1772110800000,0.0000067244
1772114400000,-0.0000024004
1772118000000,-0.0000006561
1772121600000,0.0000043816
1772125200000,0.0000022173
1772128800000,0.0000062902
1772132400000,0.0000125
1772136000000,0.0000125
1772139600000,0.0000125
1772143200000,0.0000125
1772146800000,0.0000125
1772150400000,0.0000125
1772154000000,0.0000041608
1772157600000,0.0000091747
1772161200000,0.0000108548
1772164800000,0.0000125
1772168400000,0.0000125
1772172000000,0.0000114996
1772175600000,0.0000089078
1772179200000,0.0000097743
1772182800000,0.0000099982
1772186400000,0.0000078707
1772190000000,-0.0000001515
1772193600000,-0.0000014515
1772197200000,-0.0000008823
1772200800000,0.0000081704
1772204400000,0.0000052268
1772208000000,-0.0000021746
1772211600000,-0.0000026391
1772215200000,-0.0000051918
1772218800000,-0.0000072685
1772222400000,-0.0000025202
1772226000000,-0.0000009495
1772229600000,0.0000008933
1772233200000,-0.0000046068
1772236800000,-0.0000061634
1772240400000,-0.000005378
1772244000000,-0.0000055362
1772247600000,-0.0000077355
1772251200000,0.0000017948
1772254800000,0.0000029335
1772258400000,0.0000025773
1772262000000,-0.0000021684
1772265600000,-0.0000056316
1772269200000,-0.0000009467
1772272800000,-0.0000105714
1772276400000,-0.0000048609
1772280000000,-0.0000018846
1772283600000,-0.0000007693
1772287200000,-0.000004251
1772290800000,0.0000060792
1772294400000,0.0000065188
1772298000000,0.0000046069
1772301600000,0.0000079119
1772305200000,0.0000106154
1772308800000,0.000007128
1772312400000,0.0000079991
1772316000000,0.0000106209
1772319600000,0.0000123853
1772323200000,0.0000066153
1772326800000,0.0000108011
1772330400000,0.0000125
1772334000000,0.0000125
1772337600000,0.0000125
1772341200000,0.0000125
1772344800000,0.0000125
1772348400000,0.0000125
1772352000000,0.0000125
1772355600000,0.0000125
1772359200000,0.0000125
1772362800000,0.0000125
1772366400000,0.0000125
1772370000000,0.0000113428
1772373600000,0.0000106891
1772377200000,0.0000125
1772380800000,0.0000125
1772384400000,0.0000125
1772388000000,0.0000093406
1772391600000,0.0000125
1772395200000,0.0000059693
1772398800000,0.00000272
1772402400000,0.0000020076
1772406000000,0.0000028261
1772409600000,0.000003162
1772413200000,0.0000125
1772416800000,0.0000125
1772420400000,0.0000125
1772424000000,0.0000125
1772427600000,0.0000125
1772431200000,0.0000125
1772434800000,0.0000063758
1772438400000,-0.0000013992
1772442000000,0.0000062828
1772445600000,0.0000125
1772449200000,0.0000102671
1772452800000,0.0000046296
1772456400000,0.0000036914
1772460000000,0.0000037695
1772463600000,-0.0000006534
1772467200000,0.0000125
1772470800000,0.0000125
1772474400000,0.0000090296
1772478000000,0.0000125
1772481600000,0.0000125
1772485200000,0.0000125
1772488800000,0.0000125
1772492400000,0.0000125
1772496000000,0.0000125
1772499600000,0.0000125
1772503200000,0.0000125
1772506800000,0.0000125
1772510400000,0.0000110094
1772514000000,0.0000089395
1772517600000,0.0000125
1772521200000,0.0000125
1772524800000,0.0000125
1772528400000,0.0000125
1772532000000,0.0000125
1772535600000,0.000012182
1772539200000,0.0000113379
1772542800000,0.0000087975
1772546400000,-0.0000002336
1772550000000,0.0000089689
1772553600000,-0.000001718
1772557200000,0.0000060529
1772560800000,0.0000009865
1772564400000,0.0000004371
1772568000000,0.0000058812
1772571600000,-0.000003007
1772575200000,-0.0000048837
1772578800000,0.0000018057
1772582400000,0.0000032971
1772586000000,-0.0000051553
1772589600000,-0.0000047172
1772593200000,-0.0000057978
1772596800000,-0.0000075104
1772600400000,-0.0000159454
1772604000000,0.0000036323
1772607600000,0.0000073408
1772611200000,0.0000081403
1772614800000,0.0000125
1772618400000,0.0000125
1772622000000,0.0000125
1772625600000,0.0000125
1772629200000,0.0000125
1772632800000,0.0000108388
1772636400000,0.0000125
1772640000000,0.0000125
1772643600000,0.0000125
1772647200000,0.0000107763
1772650800000,0.0000076994
1772654400000,0.0000097285
1772658000000,0.0000062551
1772661600000,0.0000122783
1772665200000,0.0000123911
1772668800000,0.0000125
1772672400000,0.0000125
1772676000000,0.0000107737
1772679600000,0.0000125
1772683200000,0.0000125
1772686800000,0.0000125
1772690400000,0.0000125
1772694000000,0.0000122415
1772697600000,0.0000125
1772701200000,0.0000125
1772704800000,0.0000125
1772708400000,0.0000125
1772712000000,0.0000125
1772715600000,0.0000082792
1772719200000,-0.0000070936
1772722800000,-0.0000074297
1772726400000,-0.0000116509
1772730000000,0.0000004662
1772733600000,0.0000039172
1772737200000,0.0000125
1772740800000,0.0000125
1772744400000,0.0000125
1772748000000,0.0000125
1772751600000,0.0000125
1772755200000,0.0000125
1772758800000,0.0000118817
1772762400000,0.0000107338
1772766000000,0.0000116261
1772769600000,0.0000110017
1772773200000,0.0000124779
1772776800000,0.0000054554
1772780400000,0.000009779
1772784000000,0.0000125
1772787600000,0.0000125
1772791200000,0.0000013005
1772794800000,0.0000005246
1772798400000,-0.000001143
1772802000000,0.0000026306
1772805600000,0.0000005107
1772809200000,-0.000022752
1772812800000,-0.0000091707
1772816400000,-0.0000055583
1772820000000,0.0000042591
1772823600000,0.0000060493
1772827200000,0.0000088208
1772830800000,0.0000044015
1772834400000,0.000000229
1772838000000,-0.0000002106
1772841600000,-0.0000046917
1772845200000,-0.0000056005
1772848800000,-0.0000049812
1772852400000,-0.0000028234
1772856000000,-0.0000063628
1772859600000,-0.0000060772
1772863200000,-0.0000045894
1772866800000,-0.000007549
1772870400000,-0.000004965
1772874000000,-0.0000030737
1772877600000,-0.0000010465
1772881200000,0.0000002753
1772884800000,0.000004034
1772888400000,-0.000004814
1772892000000,-0.0000012359
1772895600000,-0.0000041776
1772899200000,-0.0000039504
1772902800000,-0.0000054677
1772906400000,0.0000076532
1772910000000,-0.0000009355
1772913600000,-0.0000133095
1772917200000,-0.0000087133
1772920800000,-0.0000123538
1772924400000,-0.0000113123
1772928000000,-0.0000218012
1772931600000,-0.000008719
1772935200000,-0.0000098411
1772938800000,-0.0000130707
1772942400000,-0.0000223952
1772946000000,-0.0000229319
1772949600000,-0.0000229826
1772953200000,-0.0000238212
1772956800000,-0.0000168251
1772960400000,-0.0000196066
1772964000000,-0.0000108389
1772967600000,0.0000059429
1772971200000,-0.0000030159
1772974800000,-0.0000180099
1772978400000,-0.0000141318
1772982000000,-0.0000097769
1772985600000,-0.0000140543
1772989200000,-0.0000080551
1772992800000,-0.0000135771
1772996400000,-0.0000261043
1773000000000,-0.0000251026
1773003600000,-0.0000275341
1773007200000,-0.0000282663
1773010800000,-0.0000453258
1773014400000,-0.000017276
1773018000000,-0.000007262
1773021600000,-0.0000140077
1773025200000,-0.0000100457
1773028800000,0.0000018554
1773032400000,0.0000044172
1773036000000,0.0000067659
1773039600000,0.0000054362
1773043200000,-0.0000044117
1773046800000,0.0000079953
1773050400000,0.0000125
1773054000000,0.0000058153
1773057600000,0.0000116118
1773061200000,0.0000125
1773064800000,0.0000125
1773068400000,0.0000125
1773072000000,0.0000110913
1773075600000,0.0000105145
1773079200000,0.0000070833
1773082800000,0.0000078006
1773086400000,0.0000108656
1773090000000,0.0000055913
1773093600000,-0.0000029452
1773097200000,0.0000030117
1773100800000,0.0000065661
1773104400000,0.0000125
1773108000000,0.0000117149
1773111600000,0.0000125
1773115200000,0.0000125
1773118800000,0.0000125
1773122400000,0.0000125
1773126000000,0.0000125
1773129600000,0.0000125
1773133200000,0.0000125
1773136800000,0.0000125
1773140400000,0.0000079466
1773144000000,0.0000100056
1773147600000,0.0000125
1773151200000,0.0000112451
1773154800000,0.0000125
1773158400000,0.0000125
1773162000000,0.000012341
1773165600000,0.0000125
1773169200000,0.0000028526
1773172800000,-0.0000027018
1773176400000,0.0000019739
1773180000000,-0.0000048653
1773183600000,-0.0000051022
1773187200000,-0.0000066969
1773190800000,-0.0000033414
1773194400000,-0.0000004388
1773198000000,0.0000000333
1773201600000,-0.0000048455
1773205200000,0.0000101121
1773208800000,0.0000038939
1773212400000,0.0000013257
1773216000000,-0.0000030581
1773219600000,-0.0000081886
1773223200000,-0.0000080594
1773226800000,-0.0000019158
1773230400000,0.0000000177
1773234000000,-0.0000011186
1773237600000,-0.0000015885
1773241200000,0.000007521
1773244800000,0.000004186
1773248400000,0.0000026046
1773252000000,0.0000022066
1773255600000,0.0000008137
1773259200000,-0.0000009585
1773262800000,-0.000003625
1773266400000,-0.0000022012
1773270000000,0.0000013685
1773273600000,-0.0000000822
1773277200000,-0.0000014252
1773280800000,0.0000028371
1773284400000,-0.0000026426
1773288000000,-0.000017901
1773291600000,-0.0000100259
1773295200000,-0.000004811
1773298800000,-0.0000035827
1773302400000,0.0000034089
1773306000000,0.0000068824
1773309600000,0.0000035394
1773313200000,0.000001917
1773316800000,0.0000041845
1773320400000,-0.0000068141
1773324000000,-0.0000117808
1773327600000,-0.000006356
1773331200000,0.0000003528
1773334800000,-0.0000029844
1773338400000,-0.0000088222
1773342000000,-0.0000140411
1773345600000,-0.000004277
1773349200000,-0.0000073399
1773352800000,0.0000046511
1773356400000,0.0000024993
1773360000000,0.0000106171
1773363600000,0.0000125
1773367200000,0.0000091794
1773370800000,0.0000034759
1773374400000,0.0000057144
1773378000000,0.0000094774
1773381600000,0.0000057083
1773385200000,0.0000043005
1773388800000,0.0000034699
1773392400000,0.0000017938
1773396000000,0.0000097203
1773399600000,0.000012145
1773403200000,0.0000072308
1773406800000,0.0000081251
1773410400000,0.0000079753
1773414000000,0.0000013618
1773417600000,0.0000037443
1773421200000,0.0000107182
1773424800000,0.0000045529
1773428400000,0.0000043587
1773432000000,0.0000012807
1773435600000,0.0000066189
1773439200000,0.0000030948
1773442800000,0.0000023774
1773446400000,0.0000059346
1773450000000,0.0000053652
1773453600000,0.0000050772
1773457200000,0.0000061891
1773460800000,0.0000079905
1773464400000,0.0000059256
1773468000000,0.0000068709
1773471600000,0.0000032447
1773475200000,0.0000019987
1773478800000,0.00000413
1773482400000,0.000003882
1773486000000,0.0000013715
1773489600000,0.0000036637
1773493200000,0.0000049513
1773496800000,0.0000072208
1773500400000,0.0000021813
1773504000000,0.000001585
1773507600000,-0.0000012487
1773511200000,0.0000111464
1773514800000,0.0000089024
1773518400000,0.0000054101
1773522000000,0.0000080819
1773525600000,0.0000040515
1773529200000,0.0000068609
1773532800000,0.0000086168
1773536400000,0.0000066721
1773540000000,0.0000074361
1773543600000,0.0000125
1773547200000,0.0000125
1773550800000,0.0000125
1773554400000,0.0000125
1773558000000,0.0000125
1773561600000,0.0000125
1773565200000,0.0000125
1773568800000,0.0000125
1773572400000,0.0000125
1773576000000,0.0000125
1773579600000,0.0000125
1773583200000,0.0000032295
1773586800000,0.0000083468
1773590400000,0.0000102733
1773594000000,0.0000055548
1773597600000,0.0000080678
1773601200000,0.0000091465
1773604800000,-0.0000011165
1773608400000,0.0000007525
1773612000000,-0.0000007031
1773615600000,0.0000044634
1773619200000,0.0000085512
1773622800000,0.0000059139
1773626400000,0.000007176
1773630000000,0.0000079543
1773633600000,0.0000063424
1773637200000,0.0000092847
1773640800000,0.0000093754
1773644400000,0.0000069128
1773648000000,0.0000100574
1773651600000,0.0000080043
1773655200000,0.0000108257
1773658800000,0.0000117868
1773662400000,0.0000053481
1773666000000,-0.000005063
1773669600000,-0.0000065004
1773673200000,-0.0000104411
1773676800000,-0.0000171063
1773680400000,-0.0000101503
1773684000000,-0.000000664
1773687600000,-0.0000053163
1773691200000,-0.0000033069
1773694800000,0.0000005777
1773698400000,-0.0000211093
1773702000000,-0.0000310959
1773705600000,-0.0000196189
1773709200000,-0.0000333359
1773712800000,-0.000035707
1773716400000,-0.0000259039
1773720000000,-0.0000211818
1773723600000,-0.000014028
1773727200000,-0.0000081663
1773730800000,-0.0000032205
1773734400000,-0.0000014461
1773738000000,0.0000093224
1773741600000,0.0000116632
1773745200000,0.0000024539
1773748800000,0.0000071234
1773752400000,0.0000099661
1773756000000,0.0000125
1773759600000,0.0000125
1773763200000,0.0000019691
1773766800000,0.0000018932
1773770400000,0.0000003216
1773774000000,0.0000037321
1773777600000,-0.0000017608
1773781200000,0.0000035509
1773784800000,0.0000125
1773788400000,0.0000120158
1773792000000,0.0000056163
1773795600000,0.0000036081
1773799200000,0.0000068648
1773802800000,0.0000059899
1773806400000,0.0000074866
1773810000000,0.0000015839
1773813600000,0.0000069277
1773817200000,0.0000103108
1773820800000,-0.000002522
1773824400000,0.0000023572
1773828000000,0.0000111125
1773831600000,0.0000069809
1773835200000,0.0000080094
1773838800000,0.0000093413
1773842400000,0.0000125
1773846000000,0.0000096862
1773849600000,0.0000125
1773853200000,0.0000125
1773856800000,0.0000125
1773860400000,0.0000125
1773864000000,0.0000125
1773867600000,0.0000125
1773871200000,0.0000125
1773874800000,-0.00000333
1773878400000,0.0000099086
1773882000000,-0.0000079407
1773885600000,0.0000000975
1773889200000,0.000004435
1773892800000,0.0000053774
1773896400000,-0.0000019737
1773900000000,-0.0000029521
1773903600000,0.0000002808
1773907200000,-0.000017476
1773910800000,-0.0000134542
1773914400000,0.0000056916
1773918000000,0.0000017914
1773921600000,-0.0000049426
1773925200000,-0.0000150044
1773928800000,-0.0000081183
1773932400000,-0.0000053559
1773936000000,-0.000002017
1773939600000,-0.0000027362
1773943200000,-0.0000022644
1773946800000,-0.0000004135
1773950400000,0.0000125
1773954000000,0.0000125
1773957600000,0.0000125
1773961200000,0.0000125
1773964800000,0.0000125
1773968400000,0.0000125
1773972000000,0.0000125
1773975600000,0.0000125
1773979200000,0.0000125
1773982800000,0.0000125
1773986400000,0.0000122982
1773990000000,0.0000092948
1773993600000,0.0000125
1773997200000,0.0000125
1774000800000,0.0000121783
1774004400000,0.0000090773
1774008000000,0.0000018233
1774011600000,-0.0000047862
1774015200000,-0.0000016363
1774018800000,-0.0000095575
1774022400000,0.0000023854
1774026000000,0.0000013882
1774029600000,-0.0000008732
1774033200000,-0.0000061713
1774036800000,0.0000018006
1774040400000,-0.0000015547
1774044000000,-0.000000667
1774047600000,0.0000006171
1774051200000,-0.0000039418
1774054800000,-0.0000005788
1774058400000,0.0000038477
1774062000000,0.000005619
1774065600000,0.0000001851
1774069200000,0.0000067503
1774072800000,0.0000032573
1774076400000,0.0000052911
1774080000000,0.000007371
1774083600000,0.000000986
1774087200000,-0.0000085587
1774090800000,-0.0000036465
1774094400000,-0.0000038557
1774098000000,-0.0000015485
1774101600000,-0.0000025062
1774105200000,-0.0000036018
1774108800000,-0.0000025973
1774112400000,-0.0000021487
1774116000000,0.0000006454
1774119600000,-0.0000000285
1774123200000,0.0000005018
1774126800000,0.0000050419
1774130400000,0.0000015387
1774134000000,-0.0000020737
1774137600000,-0.0000089035
1774141200000,-0.0000096714
1774144800000,-0.0000089509
1774148400000,-0.000002692
1774152000000,-0.0000093626
1774155600000,-0.0000061817
1774159200000,-0.0000111621
1774162800000,-0.0000085042
1774166400000,-0.0000043598
1774170000000,-0.0000152655
1774173600000,-0.000004039
1774177200000,-0.0000093165
1774180800000,-0.0000089938
1774184400000,-0.0000006429
1774188000000,0.0000004307
1774191600000,0.0000024901
1774195200000,-0.0000053935
1774198800000,-0.0000041232
1774202400000,-0.0000030849
1774206000000,-0.0000087603
1774209600000,-0.0000135607
1774213200000,-0.0000147952
1774216800000,-0.0000240093
1774220400000,-0.0000241231
1774224000000,-0.0000091062
1774227600000,-0.0000117483
1774231200000,-0.0000033687
1774234800000,-0.0000042566
1774238400000,-0.0000109849
1774242000000,-0.0000077099
1774245600000,-0.0000011271
1774249200000,-0.0000072348
1774252800000,-0.000009798
1774256400000,-0.0000029147
1774260000000,-0.0000051488
1774263600000,-0.0000063437
1774267200000,-0.0000030802
1774270800000,-0.0000009186
1774274400000,0.0000080094
1774278000000,0.0000039971
1774281600000,0.0000059359
1774285200000,0.000001135
1774288800000,0.0000037919
1774292400000,0.0000034581
1774296000000,0.0000068754
1774299600000,0.0000059212
1774303200000,0.0000066749
1774306800000,0.0000034976
1774310400000,0.0000001344
1774314000000,-0.0000065335
1774317600000,-0.0000036429
1774321200000,-0.0000035994
1774324800000,0.0000025158
1774328400000,-0.0000030321
1774332000000,0.0000008837
1774335600000,0.0000096965
1774339200000,0.0000125
1774342800000,-0.0000001543
1774346400000,-0.0000014909
1774350000000,0.0000018627
1774353600000,0.0000060069
1774357200000,0.0000068178
1774360800000,0.0000042082
1774364400000,0.0000093637
1774368000000,0.0000125
1774371600000,0.0000053298
1774375200000,0.0000021945
1774378800000,0.0000090675
1774382400000,0.0000088344
1774386000000,0.0000125
1774389600000,0.0000125
1774393200000,0.0000125
1774396800000,0.0000125
1774400400000,0.0000125
1774404000000,0.0000081867
1774407600000,0.0000046179
1774411200000,0.0000042331
1774414800000,0.0000125
1774418400000,0.0000125
1774422000000,0.0000125
1774425600000,0.0000125
1774429200000,0.0000116144
1774432800000,0.0000125
1774436400000,0.0000125
1774440000000,0.0000125
1774443600000,0.0000125
1774447200000,0.0000125
1774450800000,0.0000125
1774454400000,0.0000125
1774458000000,0.0000125
1774461600000,0.0000099279
1774465200000,0.00001171
1774468800000,0.0000125
1774472400000,0.0000125
1774476000000,0.0000125
1774479600000,0.0000102973
1774483200000,0.0000082549
1774486800000,0.0000065717
1774490400000,0.00000869
1774494000000,0.0000012972
1774497600000,0.0000065783
1774501200000,0.0000026039
1774504800000,-0.0000066393
1774508400000,-0.0000061212
1774512000000,-0.0000012126
1774515600000,0.0000003387
1774519200000,-0.0000097586
1774522800000,-0.0000169661
1774526400000,-0.0000229116
1774530000000,-0.0000178293
1774533600000,-0.0000090488
1774537200000,-0.00000694
1774540800000,-0.0000008112
1774544400000,0.0000032864
1774548000000,0.0000029624
1774551600000,0.0000035867
1774555200000,0.0000095342
1774558800000,0.0000000192
1774562400000,0.0000011142
1774566000000,0.0000052931
1774569600000,0.0000048323
1774573200000,0.0000013726
1774576800000,0.0000025295
1774580400000,-0.0000008096
1774584000000,0.000001521
1774587600000,-0.0000047736
1774591200000,-0.0000004586
1774594800000,-0.0000035731
1774598400000,-0.0000074852
1774602000000,-0.0000001785
1774605600000,0.0000026514
1774609200000,-0.0000084709
1774612800000,-0.0000167201
1774616400000,-0.0000214167
1774620000000,-0.0000292608
1774623600000,-0.0000143102
1774627200000,-0.0000054742
1774630800000,0.0000022959
1774634400000,0.0000024584
1774638000000,0.0000055622
1774641600000,-0.0000036252
1774645200000,-0.0000045806
1774648800000,-0.0000064363
1774652400000,-0.0000079186
1774656000000,-0.0000027083
1774659600000,-0.0000032634
1774663200000,-0.0000044196
1774666800000,-0.0000041494
1774670400000,-0.0000109474
1774674000000,-0.000014396
1774677600000,0.0000016071
1774681200000,0.0000125
1774684800000,0.0000125
1774688400000,0.0000125
1774692000000,0.0000125
1774695600000,0.0000125
1774699200000,0.0000125
1774702800000,0.0000125
1774706400000,0.0000125
1774710000000,0.0000125
1774713600000,0.0000125
1774717200000,0.0000125
1774720800000,0.0000125
1774724400000,0.0000125
1774728000000,0.0000125
1774731600000,0.0000125
1774735200000,0.0000125
1774738800000,0.0000125
1774742400000,0.0000125
1774746000000,0.0000109124
1774749600000,0.0000125
1774753200000,0.0000125
1774756800000,0.0000125
1774760400000,0.0000125
1774764000000,0.0000121112
1774767600000,0.0000125
1774771200000,0.0000125
1774774800000,0.0000125
1774778400000,0.0000125
1774782000000,0.0000113548
1774785600000,0.0000125
1774789200000,0.0000125
1774792800000,0.0000125
1774796400000,0.0000125
1774800000000,0.0000077082
1774803600000,0.0000125
1774807200000,0.0000125
1774810800000,0.0000125
1774814400000,0.0000105495
1774818000000,0.0000117278
1774821600000,0.0000124718
1774825200000,0.0000016359
1774828800000,-0.0000007986
1774832400000,0.0000029546
1774836000000,0.0000125
1774839600000,0.0000125
1774843200000,0.0000125
1774846800000,0.0000125
1774850400000,0.0000125
1774854000000,0.0000119729
1774857600000,0.0000063161
1774861200000,0.0000045542
1774864800000,0.0000051029
1774868400000,0.0000033325
1774872000000,0.0000069788
1774875600000,0.0000064241
1774879200000,0.0000039172
1774882800000,0.0000049712
1774886400000,0.0000056141
1774890000000,0.0000075903
1774893600000,0.0000009463
1774897200000,0.0000062588
1774900800000,-0.0000040605
1774904400000,-0.0000054116
1774908000000,0.0000052335
1774911600000,0.0000070518
1774915200000,-0.0000000469
1774918800000,0.0000032551
1774922400000,0.0000125
1774926000000,0.0000112762
1774929600000,0.0000110189
1774933200000,0.0000124095
1774936800000,0.0000096078
1774940400000,0.0000090863
1774944000000,0.0000070059
1774947600000,0.0000066577
1774951200000,-0.0000084699
1774954800000,-0.000005588
1774958400000,-0.0000050354
1774962000000,0.0000040841
1774965600000,0.0000108512
1774969200000,0.000005364
1774972800000,0.0000018459
1774976400000,0.0000041508
1774980000000,0.0000005363
1774983600000,-0.0000049177
1774987200000,-0.0000081465
1774990800000,-0.0000064685
1774994400000,-0.0000038231
1774998000000,-0.0000099798
1775001600000,-0.0000012125
1775005200000,0.0000032743
1775008800000,-0.0000025351
1775012400000,-0.0000076694
1775016000000,-0.0000010778
1775019600000,0.0000125
1775023200000,0.0000125
1775026800000,0.0000125
1775030400000,0.000011477
1775034000000,0.0000100718
1775037600000,0.0000116435
1775041200000,0.0000123553
1775044800000,0.0000049528
1775048400000,0.0000063563
1775052000000,-0.0000022694
1775055600000,-0.0000009726
1775059200000,0.0000022598
1775062800000,-0.0000019416
1775066400000,-0.0000099831
1775070000000,-0.0000191518
1775073600000,-0.0000215998
1775077200000,-0.0000324351
1775080800000,-0.0000350975
1775084400000,-0.0000351929
1775088000000,-0.0000253808
1775091600000,-0.0000284249
1775095200000,-0.0000262836
1775098800000,-0.000022471
1775102400000,-0.0000204564
1775106000000,-0.0000209143
1775109600000,-0.0000105577
1775113200000,-0.0000050992
1775116800000,-0.0000040541
1775120400000,-0.0000062328
1775124000000,0.0000059603
1775127600000,0.0000019819
1775131200000,0.0000010871
1775134800000,0.0000024025
1775138400000,0.0000058724
1775142000000,0.0000089785
1775145600000,0.0000005493
1775149200000,-0.0000037356
1775152800000,-0.0000025019
1775156400000,0.0000028345
1775160000000,0.0000010017
1775163600000,0.0000074499
1775167200000,0.0000036669
1775170800000,0.0000012464
1775174400000,-0.0000091283
1775178000000,-0.0000019546
1775181600000,-0.0000061949
1775185200000,-0.0000041267
1775188800000,0.0000019077
1775192400000,0.0000073012
1775196000000,0.0000054741
1775199600000,0.0000069762
1775203200000,0.0000067189
1775206800000,0.0000001396
1775210400000,-0.0000016968
1775214000000,-0.0000036269
1775217600000,0.0000052521
1775221200000,0.0000048613
1775224800000,-0.0000045136
1775228400000,0.0000015082
1775232000000,-0.0000047529
1775235600000,0.0000002174
1775239200000,-0.000008721
1775242800000,-0.0000006051
1775246400000,0.0000032937
1775250000000,0.0000007023
1775253600000,0.0000054536
1775257200000,0.0000008967
1775260800000,0.0000036982
1775264400000,0.0000039447
1775268000000,0.0000063029
1775271600000,0.0000063152
1775275200000,0.0000077536
1775278800000,0.0000078588
1775282400000,0.0000071381
1775286000000,0.0000080441
1775289600000,0.0000102552
1775293200000,0.0000046578
1775296800000,0.0000081427
1775300400000,0.0000103268
1775304000000,0.0000125
1775307600000,0.000011808
1775311200000,0.0000071136
1775314800000,0.0000070471
1775318400000,0.0000125
1775322000000,0.000009356
1775325600000,0.0000119169
1775329200000,0.0000125
1775332800000,0.0000125
1775336400000,0.0000097285
1775340000000,0.0000125
1775343600000,0.0000125
1775347200000,0.0000080843
1775350800000,0.0000061765
1775354400000,0.0000066854
1775358000000,0.0000056694
1775361600000,0.0000084272
1775365200000,0.0000051372
1775368800000,0.0000062099
1775372400000,0.0000038481
1775376000000,0.0000005327
1775379600000,0.0000006617
1775383200000,0.000003483
1775386800000,0.0000040227
1775390400000,0.0000082546
1775394000000,-0.0000066528
1775397600000,-0.000004678
1775401200000,-0.0000015974
1775404800000,0.0000039535
1775408400000,0.0000024377
1775412000000,0.0000023426
1775415600000,0.0000061762
1775419200000,0.0000049132
1775422800000,0.0000057076
1775426400000,0.0000055653
1775430000000,0.0000044833
1775433600000,0.0000119665
1775437200000,0.0000112649
1775440800000,0.000012225
1775444400000,0.0000125
1775448000000,0.000007982
1775451600000,0.0000076099
1775455200000,0.0000125
1775458800000,0.0000092093
1775462400000,0.0000120994
1775466000000,0.0000125
1775469600000,0.0000125
1775473200000,0.0000117894
1775476800000,0.000011546
1775480400000,0.0000125
1775484000000,0.0000064037
1775487600000,0.0000007164
1775491200000,-0.0000006493
1775494800000,0.000002841
1775498400000,0.0000028787
1775502000000,0.0000042969
1775505600000,0.00000177
1775509200000,-0.0000007238
1775512800000,0.0000023242
1775516400000,-0.0000049994
1775520000000,0.0000010712
1775523600000,-0.00000041
1775527200000,-0.0000049211
1775530800000,0.0000012941
1775534400000,0.000005465
1775538000000,0.0000038438
1775541600000,0.0000035061
1775545200000,0.0000043838
1775548800000,0.0000043956
1775552400000,0.0000121309
1775556000000,0.0000125
1775559600000,0.0000057303
1775563200000,0.0000007237
1775566800000,0.0000083612
1775570400000,0.0000083255
1775574000000,0.0000104073
1775577600000,0.0000125
1775581200000,0.0000125
1775584800000,0.0000125
1775588400000,0.000005744
1775592000000,0.0000070285
1775595600000,0.0000068691
1775599200000,0.0000125
1775602800000,0.0000125
1775606400000,0.0000125
1775610000000,0.0000125
1775613600000,0.0000125
1775617200000,0.0000125
1775620800000,0.0000125
1775624400000,0.0000125
1775628000000,0.0000125
1775631600000,0.0000125
1775635200000,0.0000125
1775638800000,0.0000125
1775642400000,0.0000125
1775646000000,0.0000125
1775649600000,0.0000125
1775653200000,0.0000125
1775656800000,0.0000125
1775660400000,0.0000125
1775664000000,0.0000125
1775667600000,0.0000125
1775671200000,0.0000125
1775674800000,0.0000125
1775678400000,0.0000125
1775682000000,0.0000106035
1775685600000,0.0000114981
1775689200000,0.0000056475
1775692800000,0.0000054358
1775696400000,0.0000051239
1775700000000,0.0000035317
1775703600000,0.0000061953
1775707200000,0.0000031475
1775710800000,0.0000037246
1775714400000,0.0000111263
1775718000000,0.0000102427
1775721600000,0.0000034357
1775725200000,0.0000048362
1775728800000,0.0000025279
1775732400000,0.0000034279
1775736000000,-0.0000133505
1775739600000,0.000001196
1775743200000,0.0000010143
1775746800000,0.0000125
1775750400000,0.0000125
1775754000000,0.0000125
1775757600000,0.0000125
1775761200000,0.0000074443
1775764800000,0.0000125
1775768400000,0.0000125
1775772000000,0.0000125
1775775600000,0.0000125
1775779200000,0.0000119034
1775782800000,0.0000120949
1775786400000,0.000011169
1775790000000,0.0000065995
1775793600000,0.0000079165
1775797200000,0.0000125
1775800800000,0.0000125
1775804400000,0.0000125
1775808000000,0.0000125
1775811600000,0.0000125
1775815200000,0.0000125
1775818800000,0.0000125
1775822400000,0.0000125
1775826000000,0.0000125
1775829600000,0.0000125
1775833200000,0.0000121184
1775836800000,0.0000080083
1775840400000,0.0000087681
1775844000000,0.00000695
1775847600000,0.0000123372
1775851200000,0.0000066812
1775854800000,0.0000083535
1775858400000,0.0000084585
1775862000000,0.0000071493
1775865600000,0.0000093751
1775869200000,0.0000064539
1775872800000,0.0000080623
1775876400000,0.0000105165
1775880000000,0.0000084086
1775883600000,0.0000042462
1775887200000,0.0000076173
1775890800000,0.0000027656
1775894400000,0.0000125
1775898000000,0.0000117023
1775901600000,0.0000071699
1775905200000,0.0000055921
1775908800000,0.0000037601
1775912400000,0.0000077239
1775916000000,0.0000111751
1775919600000,0.0000103187
1775923200000,0.0000095579
1775926800000,0.0000125
1775930400000,0.0000125
1775934000000,0.0000125
1775937600000,0.0000125
1775941200000,0.0000125
1775944800000,0.0000125
1775948400000,0.0000125
1775952000000,0.0000125
1775955600000,0.0000125
1775959200000,0.0000125
1775962800000,-0.0000035712
1775966400000,-0.0000001544
1775970000000,0.000002611
1775973600000,-0.0000017102
1775977200000,-0.0000033089
1775980800000,-0.0000036516
1775984400000,0.0000065083
1775988000000,0.0000087069
1775991600000,-0.0000008423
1775995200000,-0.0000006115
1775998800000,-0.0000024547
1776002400000,-0.0000051713
1776006000000,-0.0000020653
1776009600000,-0.000002989
1776013200000,0.0000048445
1776016800000,-0.0000007712
1776020400000,0.0000020897
1776024000000,-0.0000000685
1776027600000,-0.0000060327
1776031200000,-0.0000025234
1776034800000,0.0000027015
1776038400000,0.0000010704
1776042000000,0.0000077271
1776045600000,0.0000077081
1776049200000,0.0000059621
1776052800000,0.0000045342
1776056400000,0.0000062827
1776060000000,0.0000022406
1776063600000,0.000004797
1776067200000,0.0000067965
1776070800000,-0.000002548
1776074400000,0.0000031381
1776078000000,0.0000035049
1776081600000,0.0000094442
1776085200000,0.000007936
1776088800000,0.0000096766
1776092400000,0.000008933
1776096000000,0.0000016525
1776099600000,0.0000106582
1776103200000,0.0000121944
1776106800000,0.000009533
1776110400000,0.0000107721
1776114000000,0.0000013496
1776117600000,0.000006122
1776121200000,0.0000098188
1776124800000,0.0000102195
1776128400000,0.0000092967
1776132000000,0.0000063917
1776135600000,0.0000097299
1776139200000,0.000007027
1776142800000,0.0000047714
1776146400000,0.0000053747
1776150000000,0.0000079203
1776153600000,0.0000081298
1776157200000,0.0000113252
1776160800000,0.0000014025
1776164400000,-0.0000022835
1776168000000,-0.0000014977
1776171600000,-0.0000012381
1776175200000,-0.0000072175
1776178800000,-0.0000463699
1776182400000,-0.0000356454
1776186000000,-0.0000398108
1776189600000,-0.000031796
1776193200000,-0.0000292414
1776196800000,-0.0000179642
1776200400000,-0.0000217093
1776204000000,-0.0000199585
1776207600000,-0.0000182824
1776211200000,-0.0000201809
1776214800000,-0.0000109959
1776218400000,-0.0000122761
1776222000000,-0.0000210419
1776225600000,-0.0000173503
1776229200000,-0.0000115248
1776232800000,-0.0000164286
1776236400000,-0.0000099154
1776240000000,-0.0000152631
1776243600000,-0.000005855
1776247200000,-0.0000019163
1776250800000,-0.0000095736
1776254400000,-0.0000084847
1776258000000,-0.0000093175
1776261600000,-0.0000097373
1776265200000,-0.0000132472
1776268800000,-0.0000123358
1776272400000,-0.0000072522
1776276000000,-0.0000126752
1776279600000,-0.0000217177
1776283200000,-0.0000245448
1776286800000,-0.000031479
1776290400000,-0.0000213398
1776294000000,-0.000026429
1776297600000,-0.0000260337
1776301200000,-0.0000244772
1776304800000,-0.0000251362
1776308400000,-0.0000228192
1776312000000,-0.000023804
1776315600000,-0.0000298508
1776319200000,-0.0000311113
1776322800000,-0.0000236382
1776326400000,-0.0000205278
1776330000000,-0.0000214546
1776333600000,-0.000020525
1776337200000,-0.0000224155
1776340800000,-0.0000360126
1776344400000,-0.0000286371
1776348000000,-0.0000228506
1776351600000,-0.000021833
1776355200000,-0.0000116128
1776358800000,-0.0000159343
1776362400000,-0.0000141521
1776366000000,-0.0000014052
1776369600000,0.0000048986
1776373200000,-0.0000019766
1776376800000,-0.000004214
1776380400000,-0.0000031485
1776384000000,0.0000036504
1776387600000,0.0000030752
1776391200000,-0.0000024037
1776394800000,-0.0000121024
1776398400000,-0.0000059726
1776402000000,-0.0000017888
1776405600000,-0.0000024935
1776409200000,0.000000321
1776412800000,-0.0000002108
1776416400000,-0.0000056829
1776420000000,-0.0000065787
1776423600000,-0.000014367
1776427200000,-0.0000101679
1776430800000,-0.0000060934
1776434400000,-0.0000068091
1776438000000,-0.0000140899
1776441600000,-0.000020774
1776445200000,-0.0000316886
1776448800000,-0.000027261
1776452400000,-0.0000203635
1776456000000,-0.000019559
1776459600000,-0.0000267227
1776463200000,-0.0000185202
1776466800000,-0.0000307241
1776470400000,-0.0000373526
1776474000000,-0.0000232687
1776477600000,-0.0000156355
1776481200000,-0.0000149806
1776484800000,-0.0000170495
1776488400000,-0.0000155577
1776492000000,-0.000014902
1776495600000,-0.0000205638
1776499200000,-0.0000137571
1776502800000,-0.0000084052
1776506400000,-0.0000127173
1776510000000,-0.0000104423
1776513600000,-0.0000093507
1776517200000,-0.0000098454
1776520800000,-0.0000099221
1776524400000,-0.000014963
1776528000000,-0.0000186334
1776531600000,-0.0000189617
1776535200000,-0.0000174982
1776538800000,-0.0000225699
1776542400000,-0.0000250917
1776546000000,-0.0000198935
1776549600000,-0.0000212117
1776553200000,-0.0000150714
1776556800000,-0.0000157937
1776560400000,-0.0000103706
1776564000000,-0.0000142527
1776567600000,-0.0000106349
1776571200000,-0.0000170789
1776574800000,-0.0000192492
1776578400000,-0.0000194753
1776582000000,-0.0000236068
1776585600000,-0.0000295829
1776589200000,-0.0000211998
1776592800000,-0.0000241989
1776596400000,-0.0000180942
1776600000000,-0.0000118621
1776603600000,-0.0000259568
1776607200000,-0.0000242192
1776610800000,-0.0000187233
1776614400000,-0.0000191585
1776618000000,-0.0000274715
1776621600000,-0.0000281898
1776625200000,-0.0000193305
1776628800000,-0.0000057131
1776632400000,-0.0000103839
1776636000000,-0.0000141816
1776639600000,-0.0000142032
1776643200000,0.0000017487
1776646800000,0.0000023471
1776650400000,0.0000013507
1776654000000,-0.0000039537
1776657600000,0.0000014177
1776661200000,0.0000027427
1776664800000,0.0000004677
1776668400000,0.0000059107
1776672000000,0.0000039273
1776675600000,-0.0000074405
1776679200000,0.0000030338
1776682800000,0.0000030222
1776686400000,0.0000067197
1776690000000,0.0000113549
1776693600000,-0.0000035124
1776697200000,-0.0000035158
1776700800000,0.0000035111
1776704400000,-0.0000042298
1776708000000,-0.000005768
1776711600000,-0.0000036798
1776715200000,-0.0000105354
1776718800000,-0.0000093948
1776722400000,-0.0000146232
1776726000000,-0.0000191799
1776729600000,-0.0000233742
1776733200000,-0.0000111625
1776736800000,-0.0000104464
1776740400000,-0.0000202001
1776744000000,-0.0000080102
1776747600000,-0.0000040675
1776751200000,-0.0000016515
1776754800000,-0.0000070694
1776758400000,-0.0000111908
1776762000000,-0.0000036094
1776765600000,-0.0000048234
1776769200000,-0.0000050885
1776772800000,-0.0000067612
1776776400000,-0.0000115122
1776780000000,0.0000049717
1776783600000,0.0000103903
1776787200000,0.0000028833
1776790800000,-0.0000022045
1776794400000,-0.0000065625
1776798000000,-0.0000081906
1776801600000,-0.0000035718
1776805200000,0.000002316
1776808800000,0.0000036786
1776812400000,0.000002865
1776816000000,0.0000033206
1776819600000,0.0000047412
1776823200000,0.0000065202
1776826800000,0.0000093362
1776830400000,0.0000106654
1776834000000,0.0000125
1776837600000,0.0000083149
1776841200000,0.000008139
1776844800000,0.0000095445
1776848400000,0.000006256
1776852000000,0.0000055637
1776855600000,0.000008235
1776859200000,0.0000122658
1776862800000,0.0000070701
1776866400000,0.000004775
1776870000000,0.0000037324
1776873600000,0.0000051524
1776877200000,0.0000030765
1776880800000,0.0000059808
1776884400000,0.0000029347
1776888000000,0.0000003002
1776891600000,0.0000012437
1776895200000,0.0000035028
1776898800000,0.0000010823
1776902400000,-0.0000039501
1776906000000,0.0000007172
1776909600000,0.0000066016
1776913200000,0.0000049298
1776916800000,-0.0000104381
1776920400000,-0.0000070248
1776924000000,-0.0000044284
1776927600000,-0.0000038989
1776931200000,-0.0000019271
1776934800000,-0.00000529
1776938400000,-0.0000153203
1776942000000,-0.0000077594
1776945600000,-0.0000054122
1776949200000,-0.0000087725
1776952800000,-0.0000058198
1776956400000,0.0000028999
1776960000000,-0.0000018516
1776963600000,-0.0000028329
1776967200000,0.0000004658
1776970800000,0.0000001622
1776974400000,-0.0000101152
1776978000000,0.000009718
1776981600000,0.0000070428
1776985200000,-0.0000001536
1776988800000,-0.0000026427
1776992400000,0.000001669
1776996000000,-0.0000027721
1776999600000,-0.0000040588
1777003200000,-0.0000151157
1777006800000,-0.0000150884
1777010400000,-0.0000053411
1777014000000,0.0000022774
1777017600000,0.0000068996
1777021200000,0.0000074941
1777024800000,-0.0000038331
1777028400000,-0.0000066904
1777032000000,0.0000001453
1777035600000,-0.0000090516
1777039200000,-0.0000130322
1777042800000,-0.0000087482
1777046400000,0.0000045183
1777050000000,0.0000079538
1777053600000,0.0000043706
1777057200000,0.0000012217
1777060800000,0.000002236
1777064400000,0.0000005741
1777068000000,-0.0000006732
1777071600000,-0.0000001168
1777075200000,0.0000027136
1777078800000,0.0000019013
1777082400000,0.0000010537
1777086000000,-0.0000003723
1777089600000,0.0000057864
1777093200000,0.0000074668
1777096800000,0.0000031845
1777100400000,0.00000616
1777104000000,0.0000059803
1777107600000,0.0000099823
1777111200000,0.0000113604
1777114800000,0.0000094156
1777118400000,0.0000017861
1777122000000,0.0000037457
1777125600000,0.0000049811
1777129200000,0.0000085881
1777132800000,-0.0000014386
1777136400000,0.0000063588
1777140000000,0.0000078359
1777143600000,0.0000071098
1777147200000,0.0000066393
1777150800000,0.0000058796
1777154400000,0.0000042594
1777158000000,0.0000033018
1777161600000,0.0000011049
1777165200000,-0.0000037823
1777168800000,-0.0000019344
1777172400000,-0.0000030217
1777176000000,-0.0000068679
1777179600000,-0.0000109829
1777183200000,-0.0000031716
1777186800000,0.0000023113
1777190400000,0.0000024448
1777194000000,0.0000026174
1777197600000,-0.0000014859
1777201200000,-0.0000036907
1777204800000,0.0000015274
1777208400000,-0.0000039362
1777212000000,-0.0000076357
1777215600000,-0.0000045665
1777219200000,-0.0000071443
1777222800000,-0.0000043152
1777226400000,-0.0000058695
1777230000000,-0.0000079624
1777233600000,-0.000011346
1777237200000,-0.0000079813
1777240800000,-0.000004801
1777244400000,-0.0000004617
1777248000000,0.000006556
1777251600000,0.0000077013
1777255200000,0.0000115493
1777258800000,0.0000105068
1777262400000,0.0000099555
1777266000000,0.0000100892
1777269600000,-0.0000034761
1777273200000,0.0000031183
1777276800000,-0.0000012164
1777280400000,0.0000000324
1777284000000,0.0000039093
1777287600000,0.0000017826
1777291200000,0.0000023446
1777294800000,0.0000032965
1777298400000,0.0000099058
1777302000000,0.0000091553
1777305600000,-0.0000065222
1777309200000,-0.0000123532
1777312800000,-0.0000094856
1777316400000,-0.0000073279
1777320000000,-0.0000078387
1777323600000,-0.0000043043
1777327200000,-0.0000091508
1777330800000,-0.0000053462
1777334400000,-0.0000038815
1777338000000,-0.0000015396
1777341600000,-0.0000071081
1777345200000,-0.0000044927
1777348800000,-0.0000048453
1777352400000,-0.0000046523
1777356000000,-0.0000037131
1777359600000,-0.0000138554
1777363200000,-0.0000140345
1777366800000,-0.0000140167
1777370400000,-0.0000050025
1777374000000,-0.0000055922
1777377600000,-0.0000053896
1777381200000,-0.0000061493
1777384800000,0.0000021698
1777388400000,0.0000125
1777392000000,0.0000125
1777395600000,0.0000125
1777399200000,0.0000087246
1777402800000,0.000004171
1777406400000,0.0000121994
1777410000000,0.0000125
1777413600000,0.0000125
1777417200000,0.0000125
1777420800000,0.0000125
1777424400000,0.0000125
1777428000000,0.0000125
1777431600000,0.0000125
1777435200000,0.0000125
1777438800000,0.0000125
1777442400000,0.0000098347
1777446000000,0.0000125
1777449600000,0.0000125
1777453200000,0.0000125
1777456800000,0.0000125
1777460400000,0.0000068768
1777464000000,0.0000068545
1777467600000,0.0000107728
1777471200000,0.0000096929
1777474800000,0.0000062163
1777478400000,0.0000059074
1777482000000,0.0000027809
1777485600000,0.0000111468
1777489200000,-0.0000031505
1777492800000,0.0000041782
1777496400000,0.0000099342
1777500000000,0.0000103064
1777503600000,0.0000072034
1777507200000,0.0000053493
1777510800000,0.0000025158
1777514400000,-0.0000054252
1777518000000,-0.0000111776
1777521600000,-0.000007957
1777525200000,-0.0000034039
1777528800000,-0.0000036844
1777532400000,-0.0000004553
1777536000000,0.0000125
1777539600000,0.0000070146
1777543200000,0.0000009652
1777546800000,-0.0000019092
1777550400000,-0.0000055111
1777554000000,0.0000032389
1777557600000,-0.0000002533
1777561200000,0.0000024062
1777564800000,0.0000086655
1777568400000,0.0000090311
1777572000000,0.0000063337
1777575600000,0.0000092939
1777579200000,0.0000125
1777582800000,0.0000123641
1777586400000,0.0000119885
1777590000000,0.0000125
1777593600000,0.0000125
1777597200000,0.0000105022
1777600800000,0.0000121031
1777604400000,0.0000125
1777608000000,0.0000125
1777611600000,0.0000125
1777615200000,0.0000125
1777618800000,0.0000110225
1777622400000,0.0000120502
1777626000000,0.0000125
1777629600000,0.0000060643
1777633200000,-0.0000020908
1777636800000,0.0000046185
1777640400000,0.0000125
1777644000000,0.0000042532
1777647600000,0.0000125
1777651200000,0.000009216
1777654800000,0.0000125
1777658400000,0.0000125
1777662000000,0.0000106516
1777665600000,0.000010944
1777669200000,0.0000072268
1777672800000,-0.0000011653
1777676400000,-0.0000007516
1777680000000,0.0000007512
1777683600000,0.0000088687
1777687200000,0.0000067773
1777690800000,0.0000103746
1777694400000,0.0000125
1777698000000,0.0000085493
1777701600000,0.0000078553
1777705200000,0.0000061013
1777708800000,0.0000125
1777712400000,0.0000125
1777716000000,0.0000125
1777719600000,0.0000123278
1777723200000,0.0000063379
1777726800000,0.0000064375
1777730400000,0.0000105324
1777734000000,0.0000064732
1777737600000,0.0000054364
1777741200000,0.0000114649
1777744800000,0.0000125
1777748400000,0.0000125
1777752000000,0.0000125
1777755600000,0.0000125
1777759200000,0.0000125
1777762800000,0.0000125
1777766400000,0.0000125
1777770000000,0.0000125
1777773600000,0.0000125
1777777200000,0.0000125
1777780800000,0.0000120977
1777784400000,0.0000125
1777788000000,0.000009418
1777791600000,0.0000084126
1777795200000,0.0000070897
1777798800000,0.0000056374
1777802400000,0.0000125
1777806000000,0.0000125
1777809600000,0.0000116926
1777813200000,0.0000125
1777816800000,0.0000125
1777820400000,0.0000107692
1777824000000,0.0000125
1777827600000,0.0000109528
1777831200000,0.0000078464
1777834800000,0.0000067435
1777838400000,0.0000077135
1777842000000,0.0000125
1777845600000,0.0000111469
1777849200000,0.0000090067
1777852800000,0.0000125
1777856400000,0.0000125
1777860000000,0.0000125
1777863600000,0.0000088617
1777867200000,0.0000050868
1777870800000,0.0000080392
1777874400000,0.0000042586
1777878000000,0.0000067311
1777881600000,0.0000096189
1777885200000,0.000011599
1777888800000,0.0000125
1777892400000,0.0000119317
1777896000000,0.0000043265
1777899600000,0.0000031638
1777903200000,0.0000058611
1777906800000,0.0000076422
1777910400000,0.000005029
1777914000000,0.0000028969
1777917600000,0.0000014165
1777921200000,-0.0000010247
1777924800000,0.0000064558
1777928400000,0.0000031951
1777932000000,0.0000021975
1777935600000,-0.0000005339
1777939200000,-0.0000008582
1777942800000,0.0000000913
1777946400000,0.0000056156
1777950000000,0.0000091407
1777953600000,0.0000124524
1777957200000,0.000002754
1777960800000,0.0000039151
1777964400000,0.0000060166
1777968000000,0.0000073442
1777971600000,-0.0000013806
1777975200000,0.000002332
1777978800000,0.0000064614
1777982400000,0.0000111515
1777986000000,0.0000125
1777989600000,0.0000125
1777993200000,0.0000000477
1777996800000,0.0000082419
1778000400000,0.0000081974
1778004000000,0.0000087061
1778007600000,0.0000125
1778011200000,0.0000125
1778014800000,0.0000125
1778018400000,0.0000097173
1778022000000,0.0000002456
1778025600000,-0.0000117988
1778029200000,-0.0000090734
1778032800000,-0.0000065083
1778036400000,-0.0000110899
1778040000000,-0.0000033206
1778043600000,-0.0000029095
1778047200000,-0.0000051435
1778050800000,0.0000067193
1778054400000,0.0000125
1778058000000,0.0000125
1778061600000,0.0000125
1778065200000,0.0000125
1778068800000,0.0000125
1778072400000,0.0000125
1778076000000,0.0000125
1778079600000,0.0000125
1778083200000,0.0000125
1778086800000,0.0000122348
1778090400000,0.0000056246
1778094000000,0.0000052935
1778097600000,0.0000125
1778101200000,0.0000086582
1778104800000,0.000009915
1778108400000,0.0000077159
1778112000000,0.0000111268
1778115600000,0.0000063632
1778119200000,-0.0000044806
1778122800000,-0.0000003329
1778126400000,0.0000063852
1778130000000,0.0000049625
1778133600000,0.0000094629
1778137200000,0.0000089567
1778140800000,0.0000088034
1778144400000,0.0000069173
1778148000000,-0.0000026616
1778151600000,-0.0000036109
1778155200000,0.0000037566
1778158800000,0.0000028173
1778162400000,-0.0000030098
1778166000000,0.0000043683
1778169600000,0.0000125
1778173200000,0.0000125
1778176800000,0.0000125
1778180400000,0.0000125
1778184000000,0.0000125
1778187600000,0.0000125
1778191200000,0.0000125
1778194800000,0.0000125
1778198400000,0.0000125
1778202000000,0.0000125
1778205600000,0.0000125
1778209200000,0.0000125
1778212800000,0.0000101677
1778216400000,0.0000125
1778220000000,0.0000125
1778223600000,0.0000125
1778227200000,0.0000063534
1778230800000,0.0000049213
1778234400000,0.0000125
1778238000000,0.0000096218
1778241600000,0.0000072467
1778245200000,0.0000122025
1778248800000,0.0000083856
1778252400000,0.0000119148
1778256000000,0.0000125
1778259600000,0.0000125
1778263200000,0.0000125
1778266800000,0.0000125
1778270400000,0.0000125
1778274000000,0.0000125
1778277600000,0.0000125
1778281200000,0.0000125
1778284800000,0.0000125
1778288400000,0.0000125
1778292000000,0.0000125
1778295600000,0.0000125
1778299200000,0.0000125
1778302800000,0.0000125
1778306400000,0.0000125
1778310000000,0.0000125
1778313600000,0.0000125
1778317200000,0.0000125
1778320800000,0.0000125
1778324400000,0.0000125
1778328000000,0.0000125
1778331600000,0.0000125
1778335200000,0.0000125
1778338800000,0.0000125
1778342400000,0.0000042003
1778346000000,0.0000060957
1778349600000,0.0000125
1778353200000,0.0000125
1778356800000,0.0000125
1778360400000,0.0000125
1778364000000,0.0000125
1778367600000,0.0000125
1778371200000,0.0000125
1778374800000,0.0000125
1778378400000,0.0000125
1778382000000,0.0000125
1778385600000,0.0000125
1778389200000,0.0000125
1778392800000,0.0000125
1778396400000,0.0000125
1778400000000,0.0000125
1778403600000,0.0000125
1778407200000,0.0000125
1778410800000,0.0000125
1778414400000,0.0000125
1778418000000,0.0000125
1778421600000,0.0000125
1778425200000,0.0000125
1778428800000,0.0000125
1778432400000,0.0000125
1778436000000,0.0000125
1778439600000,0.0000125
1778443200000,0.0000125
1778446800000,0.0000125
1778450400000,0.0000125
1778454000000,0.0000125
1778457600000,0.0000125
1778461200000,0.0000125
1778464800000,0.0000125
1778468400000,0.0000125
1778472000000,0.0000125
1778475600000,0.0000125
1778479200000,0.0000125
1778482800000,0.0000125
1778486400000,0.0000125
1778490000000,0.0000125
1778493600000,0.0000125
1778497200000,0.0000125
1778500800000,0.0000125
1778504400000,0.0000125
1778508000000,0.0000125
1778511600000,0.0000125
1778515200000,0.0000106078
1778518800000,0.0000064953
1778522400000,0.0000125
1778526000000,0.0000125
1778529600000,0.0000125
1778533200000,0.0000125
1778536800000,0.0000125
1778540400000,0.0000125
1778544000000,0.0000125
1778547600000,0.0000125
1778551200000,0.0000125
1778554800000,0.0000125
1778558400000,0.0000125
1778562000000,0.0000125
1778565600000,0.0000125
1778569200000,0.0000125
1778572800000,0.0000116715
1778576400000,0.0000025948
1778580000000,0.0000125
1778583600000,0.0000125
1778587200000,0.0000090916
1778590800000,0.0000124252
1778594400000,0.0000118585
1778598000000,0.0000072889
1778601600000,-0.00000035
1778605200000,0.0000028642
1778608800000,0.0000022076
1778612400000,0.0000074974
1778616000000,0.0000088273
1778619600000,0.0000064412
1778623200000,0.0000110625
1778626800000,0.0000114694
1778630400000,0.0000106136
1778634000000,0.0000087596
1778637600000,0.0000125
1778641200000,0.0000125
1778644800000,0.0000125
1778648400000,0.0000125
1778652000000,0.0000125
1778655600000,0.0000125
1778659200000,0.0000125
1778662800000,0.0000125
1778666400000,0.0000125
1778670000000,0.0000125
1778673600000,0.0000125
1778677200000,0.0000125
1778680800000,0.0000125
1778684400000,0.0000125
1778688000000,0.0000125
1778691600000,0.0000125
1778695200000,0.0000125
1778698800000,0.0000125
1778702400000,0.0000125
1778706000000,0.0000125
1778709600000,0.0000125
1778713200000,0.0000125
1778716800000,0.0000125
1778720400000,0.0000125
1778724000000,0.0000125
1778727600000,0.0000125
1778731200000,0.0000125
1778734800000,0.0000125
1778738400000,0.0000125
1778742000000,0.0000125
1778745600000,0.0000125
1778749200000,0.0000125
1778752800000,0.0000125
1778756400000,0.0000080856
1778760000000,-0.0000046274
1778763600000,0.0000073818
1778767200000,0.0000125
1778770800000,0.0000125
1778774400000,0.0000125
1778778000000,0.0000125
1778781600000,0.0000125
1778785200000,0.0000125
1778788800000,0.0000079014
1778792400000,0.0000041956
1778796000000,0.0000073372
1778799600000,0.0000069058
1778803200000,0.0000054125
1778806800000,0.0000089958
1778810400000,0.0000125
1778814000000,0.000008113
1778817600000,0.000008844
1778821200000,0.0000012584
1778824800000,0.0000022419
1778828400000,0.0000073212
1778832000000,0.0000125
1778835600000,0.0000101889
1778839200000,0.0000094204
1778842800000,0.0000066612
1778846400000,0.0000098255
1778850000000,0.0000068161
1778853600000,-0.0000007695
1778857200000,0.0000125
1778860800000,0.0000125
1778864400000,0.0000023832
1778868000000,-0.0000037856
1778871600000,0.0000014662
1778875200000,0.0000060881
1778878800000,0.0000100124
1778882400000,0.0000048663
1778886000000,0.0000038604
1778889600000,0.0000046945
1778893200000,0.0000073035
1778896800000,0.0000030774
1778900400000,0.0000077983
1778904000000,0.0000046836
1778907600000,-0.0000009455
1778911200000,-0.0000014041
1778914800000,-0.000003802
1778918400000,-0.000006139
1778922000000,0.0000004442
1778925600000,0.0000002847
1778929200000,-0.0000056392
1778932800000,0.0000018178
1778936400000,0.0000125
1778940000000,0.0000125
1778943600000,0.0000125
1778947200000,0.0000123924
1778950800000,0.0000125
1778954400000,0.0000125
1778958000000,0.0000125
1778961600000,0.0000107416
1778965200000,0.0000054075
1778968800000,-0.0000058876
1778972400000,-0.0000048663
1778976000000,-0.0000000025
1778979600000,0.0000049372
1778983200000,-0.0000011981
1778986800000,-0.0000037519
1778990400000,-0.0000035628
1778994000000,-0.0000056113
1778997600000,-0.0000017161
1779001200000,-0.0000103815
1779004800000,-0.0000074054
1779008400000,-0.0000062954
1779012000000,-0.0000024171
1779015600000,-0.0000014647
1779019200000,-0.0000071282
1779022800000,-0.0000021408
1779026400000,-0.0000087148
1779030000000,-0.0000069624
1779033600000,0.0000005257
1779037200000,0.0000024195
1779040800000,0.0000038959
1779044400000,0.0000086052
1779048000000,0.0000047035
1779051600000,-0.000001853
1779055200000,-0.0000038957
1779058800000,0.0000125
1779062400000,0.0000119187
1779066000000,-0.0000002742
1779069600000,0.0000011802
1779073200000,-0.0000021635
1779076800000,-0.0000039553
1779080400000,-0.0000006492
1779084000000,0.0000020569
1779087600000,0.000003094
1779091200000,0.0000007329
1779094800000,-0.0000085436
1779098400000,-0.0000017584
1779102000000,0.0000004354
1779105600000,0.0000014487
1779109200000,0.0000074091
1779112800000,0.0000088824
1779116400000,0.0000071492
1779120000000,0.0000120392
1779123600000,0.0000110726
1779127200000,0.0000125
1779130800000,0.0000083722
1779134400000,0.0000125
1779138000000,0.0000125
1779141600000,0.0000125
1779145200000,0.0000125
1779148800000,0.0000125
1779152400000,0.0000125
1779156000000,0.0000125
1779159600000,0.0000125
1779163200000,0.0000125
1779166800000,0.0000125
1779170400000,0.0000125
1779174000000,0.0000125
1779177600000,0.0000125
1779181200000,0.0000125
1779184800000,0.0000042471
1779188400000,0.0000125
1779192000000,0.0000125
1779195600000,0.0000123483
1779199200000,0.0000125
1779202800000,0.0000125
1779206400000,0.0000125
1779210000000,0.0000125
1779213600000,0.0000125
1779217200000,0.0000125
1779220800000,0.0000125
1779224400000,0.0000125
1779228000000,0.0000125
1779231600000,0.0000125
1779235200000,0.0000125
1779238800000,0.0000125
1779242400000,0.0000125
1779246000000,0.0000103237
1779249600000,0.0000094957
1779253200000,0.0000125
1779256800000,0.0000125
1779260400000,0.0000125
1779264000000,0.0000125
1779267600000,0.0000125
1779271200000,0.0000125
1779274800000,0.0000125
1779278400000,0.0000125
1779282000000,0.0000125
1779285600000,0.0000125
1779289200000,0.0000125
1779292800000,0.0000125
1779296400000,0.0000125
1779300000000,0.0000125
1779303600000,0.0000125
1779307200000,0.0000125
1779310800000,0.0000125
1779314400000,0.0000125
1779318000000,0.0000125
1779321600000,0.0000125
1779325200000,0.0000125
1779328800000,0.0000125
1779332400000,0.0000125
1779336000000,0.0000125
1779339600000,0.0000125
1779343200000,0.0000125
1779346800000,0.0000125
1779350400000,0.0000125
1779354000000,0.0000125
1779357600000,0.0000125
1779361200000,0.0000125
1779364800000,0.0000125
1779368400000,0.0000067716
1779372000000,0.0000125
1779375600000,0.0000125
1779379200000,0.0000125
1779382800000,0.0000125
1779386400000,0.0000125
1779390000000,0.0000125
1779393600000,0.0000125
1779397200000,0.0000125
1779400800000,0.0000125
1779404400000,0.0000125
1779408000000,0.0000125
1779411600000,0.0000125
1779415200000,0.0000125
1779418800000,0.0000125
1779422400000,0.0000125
1779426000000,0.0000125
1779429600000,0.0000125
1779433200000,0.0000125
1779436800000,0.0000125
1779440400000,0.0000125
1779444000000,0.0000125
1779447600000,0.0000125
1779451200000,0.0000125
1779454800000,0.0000125
1779458400000,0.0000125
1779462000000,0.0000125
1779465600000,0.0000125
1779469200000,0.0000125
1779472800000,0.0000125
1779476400000,0.0000125
1779480000000,0.0000009432
1779483600000,0.0000122788
1779487200000,0.0000091664
1779490800000,0.0000049229
1779494400000,0.0000031062
1779498000000,0.0000055109
1779501600000,0.000011398
1779505200000,0.0000066339
1779508800000,0.0000085298
1779512400000,0.0000125
1779516000000,0.0000125
1779519600000,0.0000125
1779523200000,0.0000051882
1779526800000,0.0000044213
1779530400000,0.0000039345
1779534000000,-0.0000043307
1779537600000,-0.0000001889
1779541200000,-0.0000144481
1779544800000,-0.0000055009
1779548400000,-0.000002421
1779552000000,-0.0000029606
1779555600000,-0.0000059403
1779559200000,-0.0000106829
1779562800000,-0.0000033489
1779566400000,-0.0000028118
1779570000000,0.0000075424
1779573600000,-0.0000116387
1779577200000,0.0000039715
1779580800000,0.0000125
1779584400000,0.0000125
1779588000000,0.0000125
1779591600000,0.0000125
1779595200000,0.0000125
1779598800000,0.0000125
1779602400000,0.0000125
1779606000000,0.0000125
1779609600000,0.0000125
1779613200000,0.0000125
1779616800000,0.0000125
1779620400000,0.0000125
1779624000000,0.0000125
1779627600000,0.0000125
1779631200000,0.0000125
1779634800000,0.0000110095
1779638400000,0.0000078615
1779642000000,0.0000125
1779645600000,0.0000116573
1779649200000,0.0000102333
1779652800000,0.0000055839
1779656400000,0.0000018792
1779660000000,-0.0000004949
1779663600000,0.0000037898
1779667200000,0.0000007949
1779670800000,0.0000079412
1779674400000,0.0000043513
1779678000000,-0.000012129
1779681600000,-0.0000133967
1779685200000,-0.0000125571
1779688800000,-0.000007995
1779692400000,-0.0000014655
1779696000000,0.0000056907
1779699600000,0.0000039994
1779703200000,0.0000057154
1779706800000,0.0000046124
1779710400000,0.0000047518
1779714000000,0.0000058387
1779717600000,0.0000051249
1779721200000,0.0000083695
1779724800000,0.0000125
1779728400000,0.0000125
1779732000000,0.0000125
1779735600000,0.0000125
1779739200000,0.0000120176
1779742800000,0.0000035391
1779746400000,-0.00000197
1779750000000,-0.0000030391
1779753600000,-0.0000004141
1779757200000,0.0000125
1779760800000,0.0000125
1779764400000,0.0000125
1779768000000,0.0000125
1779771600000,0.0000125
1779775200000,0.0000125
1779778800000,0.0000125
1779782400000,0.0000125
1779786000000,0.0000125
1779789600000,0.0000125
1779793200000,0.0000125
1779796800000,0.0000125
1779800400000,0.0000109284
1779804000000,0.0000125
1779807600000,0.0000125
1779811200000,0.0000019111
1779814800000,-0.0000028865
1779818400000,0.0000015842
1779822000000,0.0000016629
1779825600000,-0.0000011642
1779829200000,0.0000052451
1779832800000,0.0000053362
1779836400000,-0.000000515
1779840000000,0.0000010863
1779843600000,0.0000058082
1779847200000,-0.0000011502
1779850800000,-0.0000025989
1779854400000,-0.0000013894
1779858000000,-0.0000028448
1779861600000,-0.0000004454
1779865200000,0.0000078107
1779868800000,0.0000088345
1779872400000,0.0000114836
1779876000000,0.0000114639
1779879600000,0.0000125
1779883200000,0.0000125
1779886800000,0.0000125
1779890400000,0.0000125
1779894000000,0.0000125
1779897600000,0.0000125
1779901200000,0.0000125
1779904800000,0.0000125
1779908400000,0.0000056377
1779912000000,0.0000119693
1779915600000,0.0000125
1779919200000,0.0000024438
1779922800000,0.0000031739
1779926400000,0.0000026491
1779930000000,0.0000020654
1779933600000,0.0000020818
1779937200000,0.0000013243
1779940800000,-0.0000000743
1779944400000,0.0000021261
1779948000000,-0.0000048359
1779951600000,-0.0000035206
1779955200000,-0.00000226
1779958800000,-0.0000051456
1779962400000,-0.0000068687
1779966000000,-0.0000049837
1779969600000,-0.0000025652
1779973200000,0.0000032298
1779976800000,0.0000081995
1779980400000,0.0000125
1779984000000,0.0000125
1779987600000,0.0000125
1779991200000,0.0000125
1779994800000,0.0000125
1779998400000,0.0000125
1780002000000,0.0000125
1780005600000,0.0000125
1780009200000,0.0000125
1780012800000,0.0000125
1780016400000,0.0000125
1780020000000,0.0000125
1780023600000,0.0000125
1780027200000,0.0000125
1780030800000,0.0000125
1780034400000,0.0000125
1780038000000,0.0000125
1780041600000,0.0000125
1780045200000,0.0000125
1780048800000,0.0000125
1780052400000,0.0000125
1780056000000,0.0000125
1780059600000,0.0000125
1780063200000,0.0000125
1780066800000,0.0000125
1780070400000,0.0000125
1780074000000,0.0000125
1780077600000,0.0000125
1780081200000,0.0000125
1780084800000,0.0000121204
1780088400000,0.0000125
1780092000000,0.0000125
1780095600000,0.0000125
1780099200000,0.0000125
1780102800000,0.0000125
1780106400000,0.0000125
1780110000000,0.0000125
1780113600000,0.0000125
1780117200000,0.0000125
1780120800000,0.0000125
1780124400000,0.0000125
1780128000000,0.0000101997
1780131600000,0.0000109734
1780135200000,0.0000059199
1780138800000,0.0000125
1780142400000,0.0000125
1780146000000,0.0000125
1780149600000,0.0000125
1780153200000,0.0000125
1780156800000,0.0000125
1780160400000,0.0000125
1780164000000,0.0000125
1780167600000,0.0000125
1780171200000,0.0000125
1780174800000,0.0000125
1780178400000,0.0000125
1780182000000,0.0000125
1780185600000,0.0000125
1780189200000,0.0000125
1780192800000,0.0000125
1780196400000,0.0000125
1780200000000,0.0000125
1780203600000,0.0000125
1780207200000,0.0000125
1780210800000,0.0000125
1780214400000,0.0000125
1780218000000,0.0000125
1780221600000,0.0000125
1780225200000,0.0000125
1780228800000,0.0000125
1780232400000,0.000011584
1780236000000,0.0000118117
1780239600000,0.0000125
1780243200000,0.0000125
1780246800000,0.0000125
1780250400000,0.0000125
1780254000000,0.0000125
1780257600000,0.0000125
1780261200000,0.0000125
1780264800000,0.0000125
1780268400000,0.0000125
1780272000000,0.0000125
1780275600000,0.0000125
1780279200000,0.0000125
1780282800000,0.0000125
1780286400000,0.0000125
1780290000000,0.0000125
1780293600000,0.0000125
1780297200000,0.0000125
1780300800000,0.0000125
1780304400000,0.0000125
1780308000000,0.0000125
1780311600000,0.0000125
1780315200000,0.0000125
1780318800000,0.0000125
1780322400000,0.0000125
1780326000000,0.0000125
1780329600000,0.0000125
1780333200000,0.0000125
1780336800000,0.0000125
1780340400000,0.0000125
1780344000000,0.0000125
1780347600000,0.0000125
1780351200000,0.0000125
1780354800000,0.0000125
1780358400000,0.0000125
1780362000000,0.0000125
1780365600000,0.0000125
1780369200000,0.0000125
1780372800000,0.0000125
1780376400000,0.0000125
1780380000000,0.0000125
1780383600000,0.0000125
1780387200000,0.0000125
1780390800000,0.0000125
1780394400000,0.0000125
1780398000000,0.0000125
1780401600000,0.0000125
1780405200000,0.0000125
1780408800000,0.0000125
1780412400000,0.0000125
1780416000000,0.0000125
1780419600000,0.0000125
1780423200000,0.0000125
1780426800000,0.0000125
1780430400000,0.0000125
1780434000000,0.0000125
1780437600000,0.0000125
1780441200000,0.0000125
1780444800000,0.0000059141
1780448400000,0.0000073499
1780452000000,0.0000077065
1780455600000,0.0000125
1780459200000,0.0000125
1780462800000,0.0000125
1780466400000,0.0000125
1780470000000,0.0000125
1780473600000,0.0000125
1780477200000,0.0000125
1780480800000,0.0000125
1780484400000,0.0000125
1780488000000,0.0000114352
1780491600000,0.0000023936
1780495200000,-0.0000015079
1780498800000,-0.0000053755
1780502400000,-0.0000003193
1780506000000,-0.0000063437
1780509600000,0.0000021289
1780513200000,0.0000052499
1780516800000,-0.0000012845
1780520400000,-0.0000016282
1780524000000,0.0000125
1780527600000,0.0000125
1780531200000,0.0000125
1780534800000,0.0000125
1780538400000,0.0000071128
1780542000000,0.0000060418
1780545600000,0.0000125
1780549200000,0.0000125
1780552800000,0.0000047513
1780556400000,0.0000125
1780560000000,0.0000039125
1780563600000,0.0000034205
1780567200000,0.0000026012
1780570800000,0.0000036851
1780574400000,0.0000096865
1780578000000,0.0000125
1780581600000,0.0000125
1780585200000,0.0000125
1780588800000,0.0000125
1780592400000,0.0000125
1780596000000,0.0000114149
1780599600000,0.0000113358
1780603200000,0.0000125
1780606800000,0.0000125
1780610400000,0.0000125
1780614000000,0.0000125
1780617600000,0.0000125
1780621200000,0.0000125
1780624800000,0.0000080418
1780628400000,0.0000032416
1780632000000,0.0000111705
1780635600000,0.0000112037
1780639200000,0.000007051
1780642800000,-0.0000081077
1780646400000,-0.0000010971
1780650000000,-0.0000050458
1780653600000,0.0000035247
1780657200000,0.0000058843
1780660800000,-0.0000047315
1780664400000,-0.0000128178
1780668000000,-0.000005722
1780671600000,-0.0000108185
1780675200000,-0.0000247718
1780678800000,-0.0000054882
1780682400000,0.0000072521
1780686000000,-0.0000019087
1780689600000,-0.0000015758
1780693200000,0.0000102083
1780696800000,0.0000125
1780700400000,0.0000125
1780704000000,0.000000492
1780707600000,0.0000058667
1780711200000,0.0000018306
1780714800000,-0.0000028776
1780718400000,-0.0000093675
1780722000000,-0.0000271947
1780725600000,-0.0000001867
1780729200000,0.0000038433
1780732800000,0.0000054075
1780736400000,0.0000116347
1780740000000,0.0000092511
1780743600000,-0.0000043464
1780747200000,0.0000028261
1780750800000,-0.000000963
1780754400000,0.0000022177
1780758000000,0.0000125
1780761600000,0.0000066184
1780765200000,0.0000082464
1780768800000,0.0000034112
1780772400000,0.000001273
1780776000000,0.0000081127
1780779600000,-0.0000027918
1780783200000,0.0000022241
1780786800000,-0.0000042415
1780790400000,-0.0000051316
1780794000000,0.000007165
1780797600000,0.000008684
1780801200000,0.0000027363
1780804800000,0.0000039934
1780808400000,0.0000052478
1780812000000,0.0000065601
1780815600000,0.0000023682
1780819200000,-0.0000070147
1780822800000,0.0000042334
1780826400000,-0.0000033294
1780830000000,0.0000011729
1780833600000,0.0000125
1780837200000,0.0000120011
1780840800000,0.0000012695
1780844400000,0.0000125
1780848000000,0.0000078831
1780851600000,0.0000034298
1780855200000,-0.0000070618
1780858800000,-0.0000157455
1780862400000,-0.0000243038
1780866000000,-0.0000088417
1780869600000,-0.0000118605
1780873200000,0.0000046584
1780876800000,0.0000102504
1780880400000,0.0000125
1780884000000,0.0000000733
1780887600000,-0.0000018229
1780891200000,-0.000006508
1780894800000,-0.0000109599
1780898400000,-0.0000114098
1780902000000,-0.0000043283
1780905600000,0.0000075518
1780909200000,0.0000058256
1780912800000,0.000005065
1780916400000,0.0000078147
1780920000000,0.0000125
1780923600000,0.0000120314
1780927200000,0.0000125
1780930800000,0.0000059973
1780934400000,0.0000113354
1780938000000,0.000003517
1780941600000,-0.0000170555
1780945200000,-0.0000178302
1780948800000,-0.0000173501
1780952400000,-0.0000241189
1780956000000,-0.0000032735
1780959600000,-0.0000078944
1780963200000,-0.0000179167
1780966800000,-0.0000069121
1780970400000,0.000003082
1780974000000,0.0000060478
1780977600000,0.0000083477
1780981200000,0.0000125
1780984800000,0.0000114485
1780988400000,0.0000125
1780992000000,0.000011359
1780995600000,0.0000069495
1780999200000,0.0000034915
1781002800000,0.0000108876
1781006400000,0.0000125
1781010000000,0.0000125
1781013600000,0.0000099819
1781017200000,0.0000049635
1781020800000,0.0000104742
1781024400000,-0.0000063941
1781028000000,-0.0000061622
1781031600000,-0.0000045709
1781035200000,-0.0000066482
1781038800000,-0.0000018526
1781042400000,-0.0000046804
1781046000000,-0.0000086468
1781049600000,-0.0000136787
1781053200000,-0.0000150886
1781056800000,-0.0000174948
1781060400000,-0.0000199699
1781064000000,-0.0000115266
1781067600000,0.0000042441
1781071200000,-0.0000099761
1781074800000,-0.0000075776
1781078400000,-0.0000013777
1781082000000,-0.000002191
1781085600000,-0.0000110204
1781089200000,-0.0000035585
1781092800000,-0.0000058959
1781096400000,0.0000095383
1781100000000,0.0000085866
1781103600000,-0.0000009336
1781107200000,-0.0000015605
1781110800000,-0.0000130831
1781114400000,-0.0000108403
1781118000000,-0.0000044066
1781121600000,0.0000009299
1781125200000,0.0000109547
1781128800000,0.000006437
1781132400000,-0.0000025598
1781136000000,-0.0000036202
1781139600000,0.0000076924
1781143200000,0.0000113406
1781146800000,0.0000062499
1781150400000,0.0000066335
1781154000000,-0.000002136
1781157600000,-0.000010507
1781161200000,-0.0000091788
1781164800000,-0.0000021175
1781168400000,0.0000054267
1781172000000,0.000006423
1781175600000,0.0000020535
1781179200000,0.0000057048
1781182800000,-0.0000049477
1781186400000,0.0000042901
1781190000000,0.0000112534
1781193600000,0.0000064763
1781197200000,0.0000023496
1781200800000,0.0000078099
1781204400000,0.0000094438
1781208000000,-0.0000071215
1781211600000,-0.0000075287
1781215200000,0.0000017239
1781218800000,0.0000024414
1781222400000,0.0000036581
1781226000000,0.000004762
1781229600000,-0.0000005816
1781233200000,-0.0000033835
1781236800000,-0.0000088673
1781240400000,-0.0000032713
1781244000000,-0.0000039613
1781247600000,-0.0000085684
1781251200000,-0.0000116952
1781254800000,-0.0000053667
1781258400000,0.000000549
1781262000000,0.0000040591
1781265600000,0.0000062373
1781269200000,0.0000037962
1781272800000,0.0000044794
1781276400000,0.0000125
1781280000000,-0.0000081594
1781283600000,-0.000001755
1781287200000,-0.0000089585
1781290800000,0.0000027685
1781294400000,0.0000113532
1781298000000,-0.0000011047
1781301600000,0.0000073994
1781305200000,0.000006677
1781308800000,0.0000086667
1781312400000,0.0000110158
1781316000000,0.0000118426
1781319600000,0.0000125
1781323200000,0.0000114382
1781326800000,0.0000121367
1781330400000,0.0000123035
1781334000000,0.0000125
1781337600000,0.0000125
1781341200000,0.0000088795
1781344800000,0.0000086446
1781348400000,0.0000125
1781352000000,0.0000125
1781355600000,0.0000125
1781359200000,0.0000125
1781362800000,0.0000125
1781366400000,0.0000125
1781370000000,0.0000103118
1781373600000,0.0000125
1781377200000,0.0000125
1781380800000,0.0000050756
1781384400000,0.0000030591
1781388000000,0.0000115217
1781391600000,0.0000073841
1781395200000,0.0000066912
1781398800000,0.0000125
1781402400000,0.0000125
1781406000000,0.0000125
1781409600000,0.0000125
1781413200000,0.0000115768
1781416800000,0.0000125
1781420400000,0.0000125
1781424000000,0.0000079079
1781427600000,0.0000125
1781431200000,0.0000121475
1781434800000,0.0000125
1781438400000,0.0000125
1781442000000,0.0000125
1781445600000,0.0000116094
1781449200000,0.0000125
1781452800000,0.0000125
1781456400000,0.0000125
1781460000000,0.0000125
1781463600000,0.0000125
1781467200000,0.0000125
1781470800000,0.0000125
1781474400000,0.0000125
1781478000000,0.0000125
1781481600000,0.0000125
1781485200000,0.0000125
1781488800000,0.0000125
1781492400000,0.0000125
1781496000000,0.0000125
1781499600000,0.0000125
1781503200000,0.0000125
1781506800000,0.0000125
1781510400000,0.0000125
1781514000000,0.0000125
1781517600000,0.0000125
1781521200000,0.0000125
1781524800000,0.0000125
1781528400000,0.0000125
1781532000000,0.0000125
1781535600000,0.0000125
1781539200000,0.0000125
1781542800000,0.0000125
1781546400000,0.0000125
1781550000000,0.0000125
1781553600000,0.0000124591
1781557200000,0.0000125
1781560800000,0.0000125
1781564400000,0.0000125
1781568000000,0.0000125
1781571600000,0.0000125
1781575200000,0.0000125
1781578800000,0.000006651
1781582400000,0.0000015425
1781586000000,0.0000029891
1781589600000,0.0000114604
1781593200000,0.0000125
1781596800000,0.0000125
1781600400000,0.0000125
1781604000000,0.0000125
1781607600000,0.0000125
1781611200000,0.0000125
1781614800000,0.0000125
1781618400000,0.0000125
1781622000000,0.0000125
1781625600000,0.0000125
1781629200000,0.0000125
1781632800000,0.0000125
1781636400000,0.0000125
1781640000000,0.0000125
1781643600000,0.0000125
1781647200000,0.0000125
1781650800000,0.0000125
1781654400000,0.0000125
1781658000000,0.0000125
1781661600000,0.0000125
1781665200000,0.0000125
1781668800000,0.0000125
1781672400000,0.0000125
1781676000000,0.0000125
1781679600000,0.0000125
1781683200000,0.0000125
1781686800000,0.0000125
1781690400000,0.0000125
1781694000000,0.0000125
1781697600000,0.0000125
1781701200000,0.0000125
1781704800000,0.0000125
1781708400000,0.0000125
1781712000000,0.0000125
1781715600000,0.0000125
1781719200000,0.0000125
1781722800000,0.0000066447
1781726400000,0.0000009006
1781730000000,0.000007629
1781733600000,0.0000074881
1781737200000,0.0000125
1781740800000,0.0000125
1781744400000,0.0000125
1781748000000,0.0000125
1781751600000,0.0000125
1781755200000,0.0000125
1781758800000,0.0000055256
1781762400000,0.000005835
1781766000000,0.0000125
1781769600000,0.0000125
1781773200000,0.0000125
1781776800000,0.0000125
1781780400000,0.0000125
1781784000000,0.0000125
1781787600000,0.0000125
1781791200000,0.0000125
1781794800000,0.0000125
1781798400000,0.0000125
1781802000000,0.0000125
1781805600000,0.0000125
1781809200000,0.0000125
1781812800000,0.0000125
1781816400000,0.0000125
1781820000000,0.0000125
1781823600000,0.0000125
1781827200000,0.0000125
1781830800000,0.0000125
1781834400000,0.0000125
1781838000000,0.0000125
1781841600000,0.0000125
1781845200000,0.0000125
1781848800000,0.0000125
1781852400000,0.0000125
1781856000000,0.0000125
1781859600000,0.0000125
1781863200000,0.0000125
1781866800000,0.0000125
1781870400000,0.0000125
1781874000000,0.0000125
1781877600000,0.0000125
1781881200000,0.0000125
1781884800000,0.0000125
1781888400000,0.0000125
1781892000000,0.0000125
1781895600000,0.0000125
1781899200000,0.0000125
1781902800000,0.0000125
1781906400000,0.0000125
1781910000000,0.0000125
1781913600000,0.0000125
1781917200000,0.0000125
1781920800000,0.0000125
1781924400000,0.0000125
1781928000000,0.0000125
1781931600000,0.0000125
1781935200000,0.0000125
1781938800000,0.0000125
1781942400000,0.0000125
1781946000000,0.0000125
1781949600000,0.0000125
1781953200000,0.0000125
1781956800000,0.0000125
1781960400000,0.0000125
1781964000000,0.0000125
1781967600000,0.0000125
1781971200000,0.0000125
1781974800000,0.0000125
1781978400000,0.0000110767
1781982000000,0.0000125
1781985600000,0.0000125
1781989200000,0.0000125
1781992800000,0.0000125
1781996400000,0.0000125
1782000000000,0.0000125
1782003600000,0.0000125
1782007200000,0.0000105257
1782010800000,0.0000125
1782014400000,0.0000087979
1782018000000,0.0000109329
1782021600000,0.0000082982
1782025200000,0.0000034556
1782028800000,0.0000015903
1782032400000,0.0000032751
1782036000000,0.0000075956
1782039600000,0.0000007338
1782043200000,0.0000053792
1782046800000,-0.0000031585
1782050400000,-0.0000063084
1782054000000,-0.0000053021
1782057600000,-0.0000049221
1782061200000,-0.0000096037
1782064800000,0.0000001623
1782068400000,-0.0000033173
1782072000000,-0.0000053679
1782075600000,-0.0000089322
1782079200000,-0.0000057331
1782082800000,0.0000125
1782086400000,0.0000125
1782090000000,0.0000125
1782093600000,0.0000097771
1782097200000,0.0000125
1782100800000,0.0000125
1782104400000,0.0000112808
1782108000000,0.0000125
1782111600000,0.0000125
1782115200000,0.0000125
1782118800000,0.0000125
1782122400000,0.0000125
1782126000000,0.0000125
1782129600000,0.0000125
1782133200000,0.0000125
1782136800000,0.0000003414
1782140400000,0.0000033801
1782144000000,-0.0000016105
1782147600000,-0.0000007935
1782151200000,0.0000086721
1782154800000,0.0000041513
1782158400000,0.0000125
1782162000000,0.0000125
1782165600000,0.000003581
1782169200000,0.0000125
1782172800000,0.0000125
1782176400000,0.0000125
1782180000000,0.0000125
1782183600000,0.0000125
1782187200000,0.0000125
1782190800000,0.0000113041
1782194400000,0.0000074056
1782198000000,0.0000090404
1782201600000,-0.0000053335
1782205200000,-0.0000348251
1782208800000,-0.0000262625
1782212400000,-0.0000191916
1782216000000,-0.0000169876
1782219600000,-0.0000151899
1782223200000,-0.0000115094
1782226800000,-0.0000021149
1782230400000,-0.0000035889
1782234000000,0.0000081337
1782237600000,0.0000010346
1782241200000,0.000000852
1782244800000,0.000001572
1782248400000,0.0000029656
1782252000000,0.0000053635
1782255600000,0.0000065466
1782259200000,-0.0000018582
1782262800000,0.0000092555
1782266400000,0.0000123277
1782270000000,0.000000573
1782273600000,0.0000034771
1782277200000,0.0000125
1782280800000,0.0000125
1782284400000,0.0000125
1782288000000,0.0000026033
1782291600000,-0.0000026914
1782295200000,0.0000018146
1782298800000,0.0000125
1782302400000,0.0000125
1782306000000,0.000003031
1782309600000,-0.0000017503
1782313200000,0.000005847
1782316800000,-0.0000020851
1782320400000,-0.0000037794
1782324000000,-0.0000260248
1782327600000,-0.0000225859
1782331200000,-0.0000197808
1782334800000,-0.0000054156
1782338400000,-0.0000026181
1782342000000,-0.0000021975
1782345600000,-0.0000042445
1782349200000,-0.0000069104
1782352800000,-0.0000035738
1782356400000,0.0000007726
1782360000000,0.0000003178
1782363600000,-0.000000707
1782367200000,0.0000007116
1782370800000,0.0000008113
1782374400000,0.0000011437
1782378000000,-0.000000843
1782381600000,0.0000022321
1782385200000,-0.0000059402
1782388800000,-0.0000090033
1782392400000,-0.0000098123
1782396000000,-0.0000149211
1782399600000,-0.0000222049
1782403200000,-0.0000179692
1782406800000,-0.0000162338
1782410400000,-0.0000105946
1782414000000,-0.0000138986
1782417600000,-0.0000159723
1782421200000,-0.0000206327
1782424800000,-0.0000138042
1782428400000,-0.0000196542
1782432000000,-0.0000212831
1782435600000,-0.0000143859
1782439200000,-0.0000199874
1782442800000,-0.0000243502
1782446400000,-0.0000300466
1782450000000,-0.0000245005
1782453600000,-0.0000196846
1782457200000,-0.0000149914
1782460800000,-0.000014448
1782464400000,-0.0000132264
1782468000000,-0.0000047243
1782471600000,-0.0000123862
1782475200000,-0.000001964
1782478800000,-0.0000096944
1782482400000,-0.0000232316
1782486000000,-0.0000153456
1782489600000,-0.000007989
1782493200000,-0.0000057469
1782496800000,-0.0000078369
1782500400000,-0.0000063656
1782504000000,-0.0000085775
1782507600000,-0.000012123
1782511200000,-0.00001636
1782514800000,-0.0000112022
1782518400000,-0.0000066975
1782522000000,-0.0000108376
1782525600000,-0.0000082478
1782529200000,-0.0000119033
1782532800000,-0.0000110416
1782536400000,-0.0000133944
1782540000000,-0.0000143544
1782543600000,-0.0000131608
1782547200000,-0.0000099203
1782550800000,-0.0000169614
1782554400000,-0.000005755
1782558000000,-0.0000140044
1782561600000,-0.0000076073
1782565200000,-0.0000058068
1782568800000,-0.0000049109
1782572400000,-0.0000040755
1782576000000,-0.0000095731
1782579600000,-0.0000078468
1782583200000,-0.0000024557
1782586800000,0.0000013513
1782590400000,-0.0000021451
1782594000000,-0.0000059198
1782597600000,-0.0000061176
1782601200000,-0.0000091201
1782604800000,-0.0000076572
1782608400000,-0.0000153572
1782612000000,-0.0000080342
1782615600000,-0.000006611
1782619200000,-0.0000100894
1782622800000,-0.0000118202
1782626400000,-0.0000126849
1782630000000,-0.0000098101
1782633600000,-0.0000098448
1782637200000,-0.0000146394
1782640800000,-0.0000098128
1782644400000,-0.0000080921
1782648000000,-0.0000089058
1782651600000,-0.0000098531
1782655200000,-0.0000128253
1782658800000,-0.0000105476
1782662400000,-0.0000115682
1782666000000,-0.0000141062
1782669600000,-0.0000055028
1782673200000,-0.000005177
1782676800000,-0.0000147729
1782680400000,-0.000011649
1782684000000,-0.0000139037
1782687600000,-0.0000142056
1782691200000,-0.0000119565
1782694800000,-0.0000170968
1782698400000,-0.000019383
1782702000000,-0.0000176717
1782705600000,-0.0000125765
1782709200000,-0.0000150089
1782712800000,-0.0000126492
1782716400000,-0.0000082811
1782720000000,-0.0000012997
1782723600000,0.0000032697
1782727200000,0.0000039441
1782730800000,0.0000002252
1782734400000,0.000003569
1782738000000,0.0000021846
1782741600000,0.000000959
1782745200000,0.0000049397
1782748800000,-0.0000045371
1782752400000,-0.000002212
1782756000000,0.0000069564
1782759600000,0.0000072273
1782763200000,0.0000103509
1782766800000,0.0000125
1782770400000,0.000010276
1782774000000,0.0000111745
1782777600000,0.0000044522
1782781200000,0.000006904
1782784800000,-0.0000029436
1782788400000,0.0000015268
1782792000000,0.0000002402
1782795600000,0.000009829
1782799200000,0.0000044243
1782802800000,0.0000005663
1782806400000,0.0000008278
1782810000000,0.0000011567
1782813600000,0.0000052148
1782817200000,0.0000100778
1782820800000,0.0000024256
1782824400000,-0.0000070623
1782828000000,0.0000057739
1782831600000,0.0000106495
1782835200000,0.0000103661
1782838800000,0.0000056351
1782842400000,0.0000125
1782846000000,0.0000117812
1782849600000,0.0000125
1782853200000,0.0000125
1782856800000,0.0000098168
1782860400000,0.000009982
1782864000000,0.0000125
1782867600000,0.0000094195
1782871200000,0.0000078637
1782874800000,0.0000017136
1782878400000,0.0000125
1782882000000,0.0000125
1782885600000,0.0000125
1782889200000,0.0000125
1782892800000,0.0000125
1782896400000,0.0000125
1782900000000,0.0000092477
1782903600000,0.0000038506
1782907200000,0.0000046188
1782910800000,0.0000039375
1782914400000,0.0000051685
1782918000000,0.0000040521
1782921600000,0.0000093258
1782925200000,0.0000090097
1782928800000,0.0000123549
1782932400000,0.0000101976
1782936000000,0.0000125
1782939600000,0.0000094571
1782943200000,0.0000104111
1782946800000,0.0000091878
1782950400000,0.0000072625
1782954000000,0.0000125
1782957600000,0.0000125
1782961200000,0.0000125
1782964800000,0.0000125
1782968400000,0.0000125
1782972000000,0.0000125
1782975600000,0.0000125
1782979200000,0.0000125
1782982800000,0.0000125
1782986400000,0.0000125
1782990000000,0.0000125
1782993600000,0.0000125
1782997200000,0.0000125
1783000800000,0.0000125
1783004400000,0.0000125
1783008000000,0.0000125
1783011600000,0.0000125
1783015200000,0.0000125
1783018800000,0.0000125
1783022400000,0.0000125
1783026000000,0.0000125
1783029600000,0.0000125
1783033200000,0.0000125
1783036800000,0.0000125
1783040400000,0.0000125
1783044000000,0.0000125
1783047600000,0.0000125
1783051200000,0.0000125
1783054800000,0.0000125
1783058400000,0.0000125
1783062000000,0.0000125
1783065600000,0.0000125
1783069200000,0.0000125
1783072800000,0.0000125
1783076400000,0.0000125
1783080000000,0.0000125
1783083600000,0.0000125
1783087200000,0.0000125
1783090800000,0.0000125
1783094400000,0.0000125
1783098000000,0.0000125
1783101600000,0.0000125
1783105200000,0.0000125
1783108800000,0.0000125
1783112400000,0.0000125
1783116000000,0.0000125
1783119600000,0.0000125
1783123200000,0.0000125
1783126800000,0.0000125
1783130400000,0.0000125
1783134000000,0.0000125
1783137600000,0.0000125
1783141200000,0.0000125
1783144800000,0.0000125
1783148400000,0.0000125
1783152000000,0.0000125
1783155600000,0.0000125
1783159200000,0.0000125
1783162800000,0.0000125
1783166400000,0.0000125
1783170000000,0.0000125
1783173600000,0.0000125
1783177200000,0.0000125
1783180800000,0.0000125
1783184400000,0.0000125
1783188000000,0.0000125
1783191600000,0.0000125
1783195200000,0.0000125
1783198800000,0.0000125
1783202400000,0.0000125
1783206000000,0.0000125
1783209600000,0.0000125
1783213200000,0.0000125
1783216800000,0.0000125
1783220400000,0.0000125
1783224000000,0.0000125
1783227600000,0.0000125
1783231200000,0.0000125
1783234800000,0.0000125
1783238400000,0.0000125
1783242000000,0.0000125
1783245600000,0.0000125
1783249200000,0.0000125
1783252800000,0.0000125
1783256400000,0.0000125
1783260000000,0.0000125
1783263600000,0.0000125
1783267200000,0.0000125
1783270800000,0.0000125
1783274400000,0.0000125
1783278000000,0.0000125
1783281600000,0.0000125
1783285200000,0.0000125
1783288800000,0.0000125
1783292400000,0.0000125
1783296000000,0.0000125
1783299600000,0.0000125
1783303200000,0.0000125
1783306800000,0.0000125
1783310400000,0.0000125
1783314000000,0.0000125
1783317600000,0.0000125
1783321200000,0.0000125
1783324800000,0.0000125
1783328400000,0.0000125
1783332000000,0.0000125
1783335600000,0.0000125
1783339200000,0.0000125
1783342800000,0.0000125
1783346400000,0.0000125
1783350000000,0.0000125
1783353600000,0.0000125
1783357200000,0.0000125
1783360800000,0.0000125
1783364400000,0.0000125
1783368000000,0.0000125
1783371600000,0.0000125
1783375200000,0.0000125
1783378800000,0.0000125
1783382400000,0.0000125
1783386000000,0.0000125
1783389600000,0.0000125
1783393200000,0.0000125
1783396800000,0.0000125
1783400400000,0.0000125
1783404000000,0.0000125
1783407600000,0.0000125
1783411200000,0.0000125
1783414800000,0.0000125
1783418400000,0.0000125
1783422000000,0.0000125
1783425600000,0.0000125
1783429200000,0.0000125
1783432800000,0.0000125
1783436400000,0.0000125
1783440000000,0.0000125
1783443600000,0.0000125
1783447200000,0.0000125
1783450800000,0.0000125
1783454400000,0.0000125
1783458000000,0.0000125
1783461600000,0.0000125
1783465200000,0.0000125
1783468800000,0.0000125
1783472400000,0.0000125
1783476000000,0.0000125
1783479600000,0.0000125
1783483200000,0.0000125
1783486800000,0.0000125
1783490400000,0.0000125
1783494000000,0.0000125
1783497600000,0.0000125
1783501200000,0.0000125
1783504800000,0.0000125
1783508400000,0.0000125
1783512000000,0.0000125
1783515600000,0.0000125
1783519200000,0.0000125
1783522800000,0.0000125
1783526400000,0.0000125
1783530000000,0.0000125
1783533600000,0.0000125
1783537200000,0.0000125
1783540800000,0.0000125
1783544400000,0.0000125
1783548000000,0.0000125
1783551600000,0.0000125
1783555200000,0.0000125
1783558800000,0.0000125
1783562400000,0.0000125
1783566000000,0.0000125
1783569600000,0.0000125
1783573200000,0.0000125
1783576800000,0.0000125
1783580400000,0.0000125
1783584000000,0.0000125
1783587600000,0.0000125
1783591200000,0.0000125
1783594800000,0.0000125
1783598400000,0.0000125
1783602000000,0.0000125
1783605600000,0.0000125
1783609200000,0.0000125
1783612800000,0.0000125
1783616400000,0.0000125
1783620000000,0.0000125
1783623600000,0.0000125
1783627200000,0.0000125
1783630800000,0.0000125
1783634400000,0.0000125
1783638000000,0.0000125
1783641600000,0.0000125
1783645200000,0.0000125
1783648800000,0.0000125
1783652400000,0.0000125
1783656000000,0.0000125
1783659600000,0.0000125
1783663200000,0.0000125
1783666800000,0.0000125
1783670400000,0.0000125
1783674000000,0.0000125
1783677600000,0.0000125
1783681200000,0.0000125
1783684800000,0.0000125
1783688400000,0.0000125
1783692000000,0.0000125
1783695600000,0.0000125
1783699200000,0.0000125
1783702800000,0.0000125
1783706400000,0.0000125
1783710000000,0.0000125
1783713600000,0.0000125
1783717200000,0.0000125
1783720800000,0.0000125
1783724400000,0.0000125
1783728000000,0.0000125
1783731600000,0.0000125
1783735200000,0.0000125
1783738800000,0.0000125
1783742400000,0.0000125
1783746000000,0.0000125
1783749600000,0.0000125
1783753200000,0.0000125
1783756800000,0.0000125
1783760400000,0.0000125
1783764000000,0.0000125
1783767600000,0.0000125
1783771200000,0.0000125
1783774800000,0.0000114152
1783778400000,0.0000125
1783782000000,0.0000125
1783785600000,0.0000125
1783789200000,0.0000125
1783792800000,0.0000125
1783796400000,0.0000125
1783800000000,0.0000125
1783803600000,0.0000125
1783807200000,0.0000125
1783810800000,0.0000125
1783814400000,0.0000125
1783818000000,0.0000125
1783821600000,0.0000125
1783825200000,0.0000125
1783828800000,0.0000125
1783832400000,0.0000125
1783836000000,0.0000125
1783839600000,0.0000125
1783843200000,0.0000125
1783846800000,0.0000125
1783850400000,0.0000125
1783854000000,0.0000125
1783857600000,0.0000125
1783861200000,0.0000125
1783864800000,0.0000125
1783868400000,0.0000125
1783872000000,0.0000125
1783875600000,0.0000125
1783879200000,0.0000125
1783882800000,0.0000125
1783886400000,0.0000125
1783890000000,0.0000125
1783893600000,0.0000125
1783897200000,0.0000125
1783900800000,0.0000125
1783904400000,0.0000125
1783908000000,0.0000125
1783911600000,0.0000125
1783915200000,0.0000125
1783918800000,0.0000125
1783922400000,0.0000125
1783926000000,0.0000125
1783929600000,0.0000125
1783933200000,0.0000125
1783936800000,0.0000125
1783940400000,0.0000125
1783944000000,0.0000125
1783947600000,0.0000125
1783951200000,0.0000125
1783954800000,0.0000125
1783958400000,0.0000125
1783962000000,0.0000125
1783965600000,0.0000125
1783969200000,0.0000125
1783972800000,0.0000125
1783976400000,0.0000125
1783980000000,0.0000125
1783983600000,0.0000125
1783987200000,0.0000125
1783990800000,0.0000125
1783994400000,0.0000125
1783998000000,0.0000125
1784001600000,0.0000125
1784005200000,0.0000125
1784008800000,0.0000125
1784012400000,0.0000125
1784016000000,0.0000125
1784019600000,0.0000125
1784023200000,0.0000125
1784026800000,0.0000125
1784030400000,0.0000125
1784034000000,0.0000125
1784037600000,0.0000125
1784041200000,0.0000125
1784044800000,0.0000125
1784048400000,0.0000125
1784052000000,0.0000125
1784055600000,0.0000125
1784059200000,0.0000125
1784062800000,0.0000125
1784066400000,0.0000125
1784070000000,0.0000125
1784073600000,0.0000125
1784077200000,0.0000125
1784080800000,0.0000125
1784084400000,0.0000125
1784088000000,0.0000125
1784091600000,0.0000125
1784095200000,0.0000125
1784098800000,0.0000125
1784102400000,0.0000125
1784106000000,0.0000125
1784109600000,0.0000125
1784113200000,0.0000125
1784116800000,0.0000125
1784120400000,0.0000125
1784124000000,0.0000125
1784127600000,0.0000125
1784131200000,0.0000125
1784134800000,0.0000125
1784138400000,0.0000125
1784142000000,0.0000125
1784145600000,0.0000125
1784149200000,0.0000125
1784152800000,0.0000125
1784156400000,0.0000125
1784160000000,0.0000125
1784163600000,0.0000125
1784167200000,0.0000125
1784170800000,0.0000125
1784174400000,0.0000125
1784178000000,0.0000125
1784181600000,0.0000125
1784185200000,0.0000125
1784188800000,0.0000125
1784192400000,0.0000125
1784196000000,0.0000125
1784199600000,0.0000125
1784203200000,0.0000125
1784206800000,0.0000125
1784210400000,0.0000125
1784214000000,0.0000125
1784217600000,0.0000125
1784221200000,0.0000125
1784224800000,0.0000125
1784228400000,0.0000125
1784232000000,0.0000125
1784235600000,0.0000125
1784239200000,0.0000125
1784242800000,0.0000125
1784246400000,0.0000125
1784250000000,0.0000125
1784253600000,0.0000125
1784257200000,0.0000125
1784260800000,0.0000125
1784264400000,0.0000125
1784268000000,0.0000125
1784271600000,0.0000125
1784275200000,0.0000125
1784278800000,0.0000125
1784282400000,0.0000125
1784286000000,0.0000125
1784289600000,0.0000125
1784293200000,0.0000125
1784296800000,0.0000125
1784300400000,0.0000125
1784304000000,0.0000125
1784307600000,0.0000125
1784311200000,0.0000125
1784314800000,0.0000125
1784318400000,0.0000125
1784322000000,0.0000125
1784325600000,0.0000125
1784329200000,0.0000125
1784332800000,0.0000125
1784336400000,0.0000125
1784340000000,0.0000125
1784343600000,0.0000125
1784347200000,0.0000125
1784350800000,0.0000125
1784354400000,0.0000125
1784358000000,0.0000125
1784361600000,0.0000125
1784365200000,0.0000125
1784368800000,0.0000125
1784372400000,0.0000125
1784376000000,0.0000125
1784379600000,0.0000125
1784383200000,0.0000125
1784386800000,0.0000125
1784390400000,0.0000125
1784394000000,0.0000125
1784397600000,0.0000125
1784401200000,0.0000125
1784404800000,0.0000125
1784408400000,0.0000125
1784412000000,0.0000125
1784415600000,0.0000125
1784419200000,0.0000125
1784422800000,0.0000125
1784426400000,0.0000125
1784430000000,0.0000125
1784433600000,0.0000125
1784437200000,0.0000125
1784440800000,0.0000125
1784444400000,0.0000125
1784448000000,0.0000125
1784451600000,0.0000125
1784455200000,0.0000125
1784458800000,0.0000125
1784462400000,0.0000125
1784466000000,0.0000125
1784469600000,0.0000125
1784473200000,0.0000125
1784476800000,0.0000125
1784480400000,0.0000125
1784484000000,0.0000125
1784487600000,0.0000125
1784491200000,0.0000125
1784494800000,0.0000125
1784498400000,0.0000125
1784502000000,0.0000125
1784505600000,0.0000125
1784509200000,0.0000125
1784512800000,0.0000125
1784516400000,0.0000125
1784520000000,0.0000125
1784523600000,0.0000125
1784527200000,0.0000125
1784530800000,0.0000125
1784534400000,0.0000125
1784538000000,0.0000125
1784541600000,0.0000125
1784545200000,0.0000125
1784548800000,0.0000125
1784552400000,0.0000125
1784556000000,0.0000125
1784559600000,0.0000125
1784563200000,0.0000125
1784566800000,0.0000125
1784570400000,0.0000125
1784574000000,0.0000125
1784577600000,0.0000125
1784581200000,0.0000125
1784584800000,0.0000125
1784588400000,0.0000125
1784592000000,0.0000125
1784595600000,0.0000125
1784599200000,0.0000125
1784602800000,0.0000125
1784606400000,0.0000125
1784610000000,0.0000125
1784613600000,0.0000125
1784617200000,0.0000125
1784620800000,0.0000125
1784624400000,0.0000125
1784628000000,0.0000125
1784631600000,0.0000125
1784635200000,0.0000125
1784638800000,0.0000125
1784642400000,0.0000125
1784646000000,0.0000125
1784649600000,0.0000125
1784653200000,0.0000125
1784656800000,0.0000125
1784660400000,0.0000125
1784664000000,0.0000125
1784667600000,0.0000125
1784671200000,0.0000125
1784674800000,0.0000125
1784678400000,0.0000125
1784682000000,0.0000125
1784685600000,0.0000125
1784689200000,0.0000125
1784692800000,0.0000125
1784696400000,0.0000125
1784700000000,0.0000125
1784703600000,0.0000125
1784707200000,0.0000125
1784710800000,0.0000125
1784714400000,0.0000125
1784718000000,0.0000125
1784721600000,0.0000125
1784725200000,0.0000125
1784728800000,0.0000125
1784732400000,0.0000125
1784736000000,0.0000125
1784739600000,0.0000125
1784743200000,0.0000125
1784746800000,0.0000125
1784750400000,0.0000003308
1784754000000,0.0000081863
1784757600000,-0.0000006683
1784761200000,0.0000060959
1784764800000,0.0000125
1784768400000,0.0000125
1784772000000,0.0000125
1784775600000,0.0000125
1784779200000,0.0000125
1784782800000,0.0000125
1784786400000,0.000011966
1784790000000,0.0000125
1784793600000,0.0000125
1784797200000,0.0000125
1784800800000,0.0000125
1784804400000,0.0000125
1784808000000,0.0000125
1784811600000,0.0000111195
1784815200000,0.0000117603
1784818800000,0.0000125
1784822400000,0.0000094575
1784826000000,0.0000125
1784829600000,0.0000125
1784833200000,0.0000125
1784836800000,0.0000125
1784840400000,0.0000125
1784844000000,0.0000075268
1784847600000,0.0000124277
1784851200000,0.0000125
1784854800000,0.0000125
1784858400000,0.0000125
1784862000000,0.0000125
1784865600000,0.0000125
1784869200000,0.0000125
1784872800000,0.0000125
1784876400000,0.0000122549
1784880000000,0.000011676
1784883600000,0.0000062049
1784887200000,0.0000125
1784890800000,0.0000125
1784894400000,0.0000125
1784898000000,0.0000125
1784901600000,0.0000084653
1784905200000,0.0000125
1784908800000,0.0000125
1784912400000,0.0000125
1784916000000,0.0000125
1784919600000,0.0000125
1784923200000,0.0000125
1784926800000,0.0000055543
1784930400000,0.0000033993
1784934000000,0.0000083743
1784937600000,0.0000086357
1784941200000,0.0000047874
1784944800000,0.0000028746
1784948400000,0.0000027752
1784952000000,0.0000042245
1784955600000,0.0000075578
1784959200000,0.0000047867
1784962800000,0.0000061163
1784966400000,0.0000064264
1784970000000,0.0000008153
1784973600000,0.0000055419
1784977200000,0.0000067269
1784980800000,0.0000125
1784984400000,0.0000125
1784988000000,0.0000125
1784991600000,0.0000125
1784995200000,0.0000125
1784998800000,0.0000125
1785002400000,0.0000125
1785006000000,0.0000036594
1785009600000,0.0000124759
1785013200000,0.0000025362
1785016800000,0.0000018859
1785020400000,0.0000116233
1785024000000,0.0000119035
1785027600000,0.0000125
1785031200000,0.0000125
1785034800000,0.0000090729
1785038400000,0.0000125
1785042000000,0.0000125
1785045600000,0.0000125
1785049200000,0.0000121963
1785052800000,0.0000123325
1785056400000,0.0000125
1785060000000,0.0000125
1785063600000,0.0000125
1785067200000,0.0000125
1785070800000,0.0000125
1785074400000,0.0000125
1785078000000,0.0000125
1785081600000,0.0000125
1785085200000,0.0000125
1785088800000,0.0000125
1785092400000,0.0000125
1785096000000,0.0000125
1785099600000,0.0000125
1785103200000,0.0000125
1785106800000,0.0000125
1785110400000,0.0000125
1785114000000,0.0000125
1785117600000,0.0000125
1785121200000,0.0000125
1785124800000,0.0000125
1785128400000,0.0000125
1785132000000,0.0000125
1785135600000,0.0000125
1785139200000,0.0000125
1785142800000,0.0000125
1785146400000,0.0000125
1785150000000,0.0000125
1785153600000,0.0000125
1785157200000,0.0000125
1785160800000,0.0000125
1785164400000,0.0000110134
1785168000000,0.0000108887
1785171600000,0.0000125
1785175200000,0.0000050657
1785178800000,-0.0000024775
1785182400000,0.0000125
1785186000000,0.0000125
1785189600000,0.0000125
1785193200000,-0.0000042306
1785196800000,-0.0000053984
1785200400000,-0.0000043537
1785204000000,0.0000068869
1785207600000,0.0000049289
1785211200000,0.0000051405
1785214800000,0.0000102294
1785218400000,0.0000059903
1785222000000,0.0000064615
1785225600000,-0.0000013705
1785229200000,0.0000000016
1785232800000,0.0000040515
1785236400000,0.0000018632
1785240000000,-0.0000031833
1785243600000,0.0000012866
1785247200000,0.0000015724
1785250800000,0.000005975
1785254400000,0.0000125
1785258000000,0.0000085644
1785261600000,-0.0000017011
1785265200000,-0.0000079565
1785268800000,0.0000036023
1785272400000,0.0000117214
1785276000000,0.0000125
1785279600000,-0.0000006967
1785283200000,0.0000063737
1785286800000,0.000005683
1785290400000,0.0000041348
1785294000000,0.0000094559
1785297600000,0.0000035895
1785301200000,0.0000031405
1785304800000,0.0000113244
1785308400000,0.0000072231
1785312000000,0.0000097715
1785315600000,0.0000105191
1785319200000,0.0000081212
1785322800000,-0.0000015648
1785326400000,0.0000087197
1785330000000,0.0000017235
1785333600000,0.0000071369
1785337200000,0.000003259
1785340800000,-0.0000002492
1785344400000,0.0000079619
1785348000000,0.0000125
1785351600000,0.0000069737
1785355200000,0.0000039978
1785358800000,-0.0000057223
1785362400000,-0.0000082668
1785366000000,0.0000055537
1785369600000,0.0000083847
1785373200000,0.0000107826
1785376800000,0.0000125
1785380400000,0.0000103703
1785384000000,0.0000042858
1785387600000,0.0000014261
1785391200000,0.000006803
1785394800000,0.0000086125
1785398400000,0.0000108957
1785402000000,0.0000125
1785405600000,0.0000125
1785409200000,0.0000042676
1785412800000,0.0000020361
1785416400000,0.0000048497
1785420000000,-0.0000078133
1785423600000,0.0000001555
1785427200000,-0.0000030922
1785430800000,-0.0000079474
1785434400000,0.0000089718
1785438000000,-0.0000049038
1785441600000,0.0000066531
1785445200000,0.0000031063
1785448800000,0.00000412
1785452400000,0.0000125
1785456000000,0.0000125
1785459600000,0.0000125
1785463200000,0.0000104749
1785466800000,0.0000027207
1785470400000,0.0000125
1785474000000,0.0000100939
1785477600000,0.0000011119
1785481200000,0.0000052905
1785484800000,0.0000035996
1785488400000,0.0000088662
1785492000000,-0.0000072206
1785495600000,-0.0000099015
1785499200000,-0.000003017
1785502800000,0.0000034262
1785506400000,0.0000021349
1785510000000,-0.0000044825
1785513600000,-0.0000001461
1785517200000,-0.0000007415
1785520800000,0.0000056272
1785524400000,-0.0000004927
1785528000000,0.0000022451
1785531600000,0.0000033854
1785535200000,0.0000119192
1785538800000,0.0000112919
1785542400000,0.0000122067
1785546000000,0.0000125
1785549600000,0.0000125
1785553200000,0.0000124446
1785556800000,0.0000080877
1785560400000,0.0000016598
1785564000000,0.0000103291
1785567600000,0.0000125
1785571200000,0.0000125
1785574800000,0.0000021262
1785578400000,0.0000080796
1785582000000,0.0000044445
1785585600000,0.0000047193
1785589200000,0.000008602
1785592800000,0.000006387
1785596400000,0.0000019786
1785600000000,0.0000013654
1785603600000,0.0000086894
1785607200000,0.0000096685
1785610800000,0.0000020527
1785614400000,0.0000041764
1785618000000,-0.0000005782
1785621600000,-0.0000027438
1785625200000,-0.0000031988
1785628800000,-0.000005153
1785632400000,0.0000014665
1785636000000,-0.0000063693
1785639600000,0.0000006267
1785643200000,-0.0000022458
1785646800000,0.0000019624
1785650400000,-0.0000031998
1785654000000,-0.0000037661
1785657600000,0.0000025223
1785661200000,0.0000125
1785664800000,0.0000125
1785668400000,0.0000057141
1785672000000,-0.0000022884
1785675600000,0.0000125
1785679200000,0.0000119274
1785682800000,0.0000125
1785686400000,0.0000125
1785690000000,0.0000125
1785693600000,0.0000125
1785697200000,0.0000125
1785700800000,0.0000125
1785704400000,0.0000125
1785708000000,0.0000125
1785711600000,0.0000125
1785715200000,0.0000125
1785718800000,0.0000050669
1785722400000,0.0000072216
1785726000000,0.0000046305
1785729600000,0.0000049343
1785733200000,0.0000124116
1785736800000,0.0000079325
1785740400000,0.0000101036
1785744000000,0.0000032404
1785747600000,0.000007234
1785751200000,0.0000125
1785754800000,0.0000125
1785758400000,0.0000125
1785762000000,0.0000125
1785765600000,0.0000125
1785769200000,0.0000125
1785772800000,0.0000077151
1785776400000,0.000011175
1785780000000,0.0000105344
1785783600000,0.000001306
1785787200000,-0.0000035834
1785790800000,0.0000118029
1785794400000,0.0000067847
1785798000000,0.0000010579
1785801600000,0.0000037916
1785805200000,0.0000059566
1785808800000,0.000007627
1785812400000,0.0000088949
1785816000000,0.000008941
1785819600000,0.0000066733
1785823200000,0.0000016342
1785826800000,-0.0000030101
1785830400000,0.0000125
1785834000000,0.0000098686
1785837600000,0.0000125
1785841200000,0.0000125
1785844800000,-0.0000040656
1785848400000,0.0000010217
1785852000000,0.0000015223
1785855600000,0.0000124533
1785859200000,0.0000125
1785862800000,0.0000119054
1785866400000,0.0000125
1785870000000,0.0000125
1785873600000,0.000007098
1785877200000,0.0000106417
1785880800000,0.0000111135
1785884400000,0.0000114991
1785888000000,0.0000125
1785891600000,0.0000093438
1785895200000,0.0000115821
1785898800000,0.0000050605
1785902400000,0.0000125
1785906000000,0.0000121167
1785909600000,-0.0000022806
1785913200000,-0.0000034744
1785916800000,0.0000041474
1785920400000,0.0000125
1785924000000,0.0000125
1785927600000,0.0000086672
1785931200000,0.0000117133
1785934800000,0.0000125
1785938400000,0.0000125
1785942000000,0.0000125
1785945600000,0.0000125
1785949200000,0.0000125
1785952800000,0.0000125
1785956400000,0.0000125
1785960000000,0.0000123185
1785963600000,0.0000125
1785967200000,0.0000125
1785970800000,0.0000122358
1785974400000,0.0000125
1785978000000,0.0000125
1785981600000,0.0000125
1785985200000,0.0000125
1785988800000,0.000007766
1785992400000,0.0000125
1785996000000,0.0000125
1785999600000,0.0000125
1786003200000,0.0000125
1786006800000,0.0000125
1786010400000,0.0000125
1786014000000,0.0000125
1786017600000,0.0000124925
1786021200000,0.000008057
1786024800000,0.0000125
1786028400000,0.0000122613
1786032000000,0.0000125
1786035600000,0.0000125
1786039200000,0.0000108025
1786042800000,0.0000052803
1786046400000,0.0000066058
1786050000000,0.0000110745
1786053600000,0.0000125
1786057200000,0.0000125
1786060800000,0.0000061698
1786064400000,0.0000113006
1786068000000,0.0000048637
1786071600000,0.0000021789
1786075200000,-0.000004085
1786078800000,0.0000015537
1786082400000,0.0000009638
1786086000000,0.0000014154
1786089600000,0.0000027008
1786093200000,-0.000023125
1786096800000,-0.0000273863
1786100400000,-0.0000020355
1786104000000,0.000003243
1786107600000,-0.0000024076
1786111200000,-0.0000017153
1786114800000,0.0000040079
1786118400000,0.0000047056
1786122000000,-0.000006465
1786125600000,0.0000085467
1786129200000,0.0000035598
1786132800000,0.0000000839
1786136400000,-0.0000027708
1786140000000,0.0000003152
1786143600000,-0.0000016076
1786147200000,0.000002452
1786150800000,0.0000032498
1786154400000,0.0000071016
1786158000000,0.0000060026
1786161600000,0.0000066749
1786165200000,0.0000107593
1786168800000,0.0000110761
1786172400000,0.0000113396
1786176000000,0.0000112566
1786179600000,0.0000046333
1786183200000,0.0000043394
1786186800000,-0.0000005425
1786190400000,0.0000125
1786194000000,0.0000125
1786197600000,0.0000125
1786201200000,0.0000125
1786204800000,0.0000101075
1786208400000,0.0000125
1786212000000,0.0000125
1786215600000,0.0000125
1786219200000,0.0000125
1786222800000,0.0000125
1786226400000,0.0000125
1786230000000,0.0000125
1786233600000,0.0000125
1786237200000,0.0000125
1786240800000,0.0000125
1786244400000,0.0000065529
1786248000000,0.0000125
1786251600000,0.0000125
1786255200000,0.0000125
1786258800000,0.0000125
1786262400000,0.0000125
1786266000000,0.0000125
1786269600000,0.0000125
1786273200000,0.0000125
1786276800000,0.0000125
1786280400000,0.0000125
1786284000000,0.0000125
1786287600000,0.0000125
1786291200000,0.0000125
1786294800000,0.0000125
1786298400000,0.0000125
1786302000000,0.0000125
1786305600000,0.0000125
1786309200000,0.0000125
1786312800000,0.0000125
1786316400000,0.0000125
1786320000000,0.0000125
1786323600000,0.0000125
1786327200000,0.0000107275
1786330800000,0.0000125
1786334400000,0.0000125
1786338000000,0.0000125
1786341600000,0.0000125
1786345200000,0.0000125
1786348800000,0.0000125
1786352400000,0.0000125
1786356000000,0.0000125
1786359600000,0.0000125
1786363200000,0.0000125
1786366800000,0.0000125
1786370400000,0.0000125
1786374000000,0.0000125
1786377600000,0.0000008544
1786381200000,0.0000062049
1786384800000,-0.0000052318
1786388400000,0.0000017354
1786392000000,0.0000098502
1786395600000,0.0000053808
1786399200000,-0.0000023639
1786402800000,-0.0000059911
1786406400000,0.0000035338
1786410000000,0.0000025295
1786413600000,0.0000029149
1786417200000,0.0000004973
1786420800000,0.0000022318
1786424400000,-0.0000027346
1786428000000,0.0000070172
1786431600000,0.0000125
1786435200000,0.0000125
1786438800000,0.0000118226
1786442400000,0.0000125
1786446000000,0.0000125
1786449600000,0.0000072003
1786453200000,0.0000011939
1786456800000,0.0000038209
1786460400000,0.000005527
1786464000000,0.0000029053
1786467600000,0.000011657
1786471200000,0.0000125
1786474800000,0.0000107043
1786478400000,0.0000125
1786482000000,0.000009483
1786485600000,0.0000073909
1786489200000,0.0000125
1786492800000,0.0000125
1786496400000,0.0000125
1786500000000,0.0000125
1786503600000,0.0000125
1786507200000,0.0000125
1786510800000,0.0000125
1786514400000,0.0000125
1786518000000,0.0000125
1786521600000,0.0000125
1786525200000,0.0000125
1786528800000,0.0000125
1786532400000,0.0000125
1786536000000,0.0000125
1786539600000,0.0000125
1786543200000,0.0000125
1786546800000,0.0000125
1786550400000,0.0000125
1786554000000,0.0000125
1786557600000,0.0000125
1786561200000,0.0000125
1786564800000,0.0000125
1786568400000,0.0000125
1786572000000,0.0000125
1786575600000,0.0000125
1786579200000,0.0000125
1786582800000,0.0000125
1786586400000,0.0000125
1786590000000,0.0000125
1786593600000,0.0000125
1786597200000,0.0000120077
1786600800000,0.0000125
1786604400000,0.0000125
1786608000000,0.0000085235
1786611600000,0.0000125
1786615200000,0.0000125
1786618800000,0.0000125
1786622400000,0.0000125
1786626000000,0.0000125
1786629600000,0.0000125
1786633200000,0.0000125
1786636800000,0.000011135
1786640400000,0.0000071695
1786644000000,0.0000125
1786647600000,0.0000125
1786651200000,0.0000104537
1786654800000,0.0000088224
1786658400000,0.0000106715
1786662000000,0.0000114114
1786665600000,0.0000105118
1786669200000,0.0000125
1786672800000,0.0000125
1786676400000,0.0000125
1786680000000,0.0000125
1786683600000,0.0000125
1786687200000,0.0000118934
1786690800000,0.0000111361
1786694400000,0.0000121207
1786698000000,0.0000076592
1786701600000,0.0000125
1786705200000,0.0000125
1786708800000,0.0000125
1786712400000,0.0000125
1786716000000,0.0000120918
1786719600000,0.0000103336
1786723200000,0.0000125
1786726800000,0.0000125
1786730400000,0.0000106408
1786734000000,0.0000120834
1786737600000,0.0000111684
1786741200000,0.0000040976
1786744800000,0.0000041034
1786748400000,0.0000031234
1786752000000,0.0000012944
1786755600000,0.0000060861
1786759200000,0.0000083375
1786762800000,0.000003332
1786766400000,0.0000013989
1786770000000,-0.0000000368
1786773600000,0.0000061801
1786777200000,0.0000080886
1786780800000,0.0000088918
1786784400000,0.0000038451
1786788000000,0.0000125
1786791600000,0.0000125
1786795200000,0.0000125
1786798800000,0.0000125
1786802400000,0.0000037243
1786806000000,0.0000043932
1786809600000,0.0000125
1786813200000,0.000007177
1786816800000,0.0000060961
1786820400000,-0.0000015862
1786824000000,0.0000032023
1786827600000,0.0000014132
1786831200000,-0.0000028164
1786834800000,0.000001736
1786838400000,0.0000091421
1786842000000,0.0000007417
1786845600000,0.0000124703
1786849200000,0.0000125
1786852800000,0.0000091344
1786856400000,0.0000105842
1786860000000,0.0000111665
1786863600000,0.0000125
1786867200000,0.0000099514
1786870800000,0.0000125
1786874400000,0.0000125
1786878000000,0.0000048087
1786881600000,0.0000125
1786885200000,0.0000050472
1786888800000,0.0000080962
1786892400000,0.0000038827
1786896000000,0.0000043492
1786899600000,0.0000125
1786903200000,0.0000125
1786906800000,0.0000125
1786910400000,0.0000125
1786914000000,0.0000107726
1786917600000,0.000009443
1786921200000,0.0000122124
1786924800000,0.0000125
1786928400000,0.0000125
1786932000000,0.0000125
1786935600000,0.0000086431
1786939200000,0.0000114571
1786942800000,0.0000125
1786946400000,0.0000125
1786950000000,0.000008752
1786953600000,0.0000097102
1786957200000,0.0000007535
1786960800000,0.0000077364
1786964400000,0.0000095685
1786968000000,0.0000125
1786971600000,0.0000084811
1786975200000,0.0000100861
1786978800000,0.0000111952
1786982400000,0.0000125
1786986000000,0.0000099174
1786989600000,0.0000125
1786993200000,0.0000125
1786996800000,0.0000070498
1787000400000,0.0000125
1787004000000,0.0000073367
1787007600000,0.0000045859
1787011200000,0.0000125
1787014800000,0.0000125
1787018400000,0.0000111409
1787022000000,0.000004525
1787025600000,0.0000018379
1787029200000,0.0000125
1787032800000,0.0000061963
1787036400000,0.0000076809
1787040000000,0.0000050059
1787043600000,0.0000060038
1787047200000,-0.0000049968
1787050800000,-0.0000037409
1787054400000,0.0000049091
1787058000000,0.000002838
1787061600000,0.0000048053
1787065200000,0.0000071276
1787068800000,0.0000022194
1787072400000,-0.0000063491
1787076000000,0.0000011157
1787079600000,0.0000034377
1787083200000,0.0000074247
1787086800000,0.0000054083
1787090400000,0.0000006488
1787094000000,0.0000053131
1787097600000,0.0000125
1787101200000,0.0000106165
1787104800000,0.0000070013
1787108400000,-0.0000067251
1787112000000,0.0000059745
1787115600000,0.0000114499
1787119200000,-0.0000003458
1787122800000,0.0000046325
1787126400000,0.0000067835
1787130000000,-0.0000061647
1787133600000,-0.0000026699
1787137200000,-0.0000009654
1787140800000,-0.0000019763
1787144400000,-0.0000045018
1787148000000,-0.0000153325
1787151600000,0.0000040671
1787155200000,0.0000125
1787158800000,0.0000125
1787162400000,0.0000125
1787166000000,0.0000114537
1787169600000,0.0000125
1787173200000,0.0000125
1787176800000,0.0000266849
1787180400000,0.0000125
1787184000000,0.0000125
1787187600000,0.0000125
1787191200000,0.0000125
1787194800000,0.0000125
1787198400000,0.0000125
1787202000000,0.0000125
1787205600000,0.0000125
1787209200000,0.0000125
1787212800000,0.0000125
1787216400000,0.0000125
1787220000000,0.0000125
1787223600000,0.0000125
1787227200000,0.0000125
1787230800000,0.0000125
1787234400000,0.0000125
1787238000000,0.0000125
1787241600000,0.0000125
1787245200000,0.0000125
1787248800000,0.0000125
1787252400000,0.0000125
1787256000000,0.0000125
1787259600000,0.0000125
1787263200000,0.0000125
1787266800000,0.0000125
1787270400000,0.0000125
1787274000000,0.0000125
1787277600000,0.0000125
1787281200000,0.0000125
1787284800000,0.0000125
1787288400000,0.0000125
1787292000000,0.0000125
1787295600000,0.0000125
1787299200000,0.0000125
1787302800000,0.0000262703
1787306400000,0.0000125
1787310000000,0.0000125
1787313600000,0.0000125
1787317200000,0.0000125
1787320800000,0.0000125
1787324400000,0.0000125
1787328000000,0.0000125
1787331600000,0.0000125
1787335200000,0.0000125
1787338800000,0.0000125
1787342400000,0.0000125
1787346000000,0.0000125
1787349600000,0.0000129607
1787353200000,0.0000466322
1787356800000,0.0000322318
1787360400000,0.0000279535
1787364000000,0.0000834438
1787367600000,0.0000125
1787371200000,0.0000125
1787374800000,0.0000125
1787378400000,0.0000125
1787382000000,0.0000125
1787385600000,0.0000125
1787389200000,0.0000125
1787392800000,0.0000125
1787396400000,0.0000125
1787400000000,0.0000125
1787403600000,0.0000125
1787407200000,0.0000125
1787410800000,0.0000125
1787414400000,0.0000125
1787418000000,0.0000125
1787421600000,0.0000125
1787425200000,0.0000125
1787428800000,0.0000125
1787432400000,0.0000125
1787436000000,0.0000125
1787439600000,0.0000125
1787443200000,0.0000125
1787446800000,0.0000125
1787450400000,0.0000125
1787454000000,0.0000125
1787457600000,0.0000125
1787461200000,0.0000125
1787464800000,0.0000125
1787468400000,0.0000125
1787472000000,0.0000125
1787475600000,0.0000125
1787479200000,0.0000125
1787482800000,0.0000125
1787486400000,0.0000125
1787490000000,0.0000125
1787493600000,0.0000125
1787497200000,0.0000125
1787500800000,0.0000187317
1787504400000,0.0000126126
1787508000000,0.0000125
1787511600000,0.0000125
1787515200000,0.0000125
1787518800000,0.0000125
1787522400000,0.0000125
1787526000000,0.0000125
1787529600000,0.0000125
1787533200000,0.0000125
1787536800000,0.0000125
1787540400000,0.0000125
1787544000000,0.0000125
1787547600000,0.0000125
1787551200000,0.0000125
1787554800000,0.0000125
1787558400000,0.0000125
1787562000000,0.0000125
1787565600000,0.0000125
1787569200000,0.0000125
1787572800000,0.0000164666
1787576400000,0.0000172622
1787580000000,0.0000125
1787583600000,0.0000125
1787587200000,0.0000125
1787590800000,0.0000125
1787594400000,0.0000125
1787598000000,0.0000125
1787601600000,0.0000125
1787605200000,0.0000125
1787608800000,0.0000125
1787612400000,0.0000125
1787616000000,0.0000125
1787619600000,0.0000125
1787623200000,0.0000125
1787626800000,0.0000125
1787630400000,0.0000125
1787634000000,0.0000125
1787637600000,0.0000125
1787641200000,0.0000125
1787644800000,0.0000125
1787648400000,0.0000125
1787652000000,0.0000125
1787655600000,0.0000125
1787659200000,0.0000125
1787662800000,0.0000125
1787666400000,0.0000067128
1787670000000,0.0000092987
1787673600000,0.0000047021
1787677200000,0.0000091897
1787680800000,0.0000103317
1787684400000,-0.0000002485
1787688000000,-0.0000019007
1787691600000,-0.000000914
1787695200000,-0.0000064487
1787698800000,-0.0000001606
1787702400000,-0.000000119
1787706000000,0.0000041657
1787709600000,0.0000029196
1787713200000,0.0000125
1787716800000,0.0000125
1787720400000,0.0000125
1787724000000,0.0000125
1787727600000,0.0000089235
1787731200000,0.0000125
1787734800000,0.0000125
1787738400000,0.0000125
1787742000000,0.0000125
1787745600000,0.0000125
1787749200000,0.0000125
1787752800000,0.0000125
1787756400000,0.0000118889
1787760000000,0.0000125
1787763600000,0.0000106626
1787767200000,0.0000125
1787770800000,0.0000125
1787774400000,0.0000125
1787778000000,0.0000125
1787781600000,0.0000125
1787785200000,0.0000125
1787788800000,0.0000125
1787792400000,0.0000121997
1787796000000,0.0000099043
1787799600000,0.000005455
1787803200000,0.0000059386
1787806800000,0.0000097295
1787810400000,0.0000064716
1787814000000,0.0000125
1787817600000,0.0000125
1787821200000,0.0000125
1787824800000,0.0000125
1787828400000,0.0000022961
1787832000000,0.0000065132
1787835600000,0.0000059055
1787839200000,0.00000353
1787842800000,0.0000125
1787846400000,0.0000101751
1787850000000,0.0000125
1787853600000,0.0000125
1787857200000,-0.0000036508
1787860800000,0.0000030377
1787864400000,0.0000076989
1787868000000,0.000007916
1787871600000,0.0000110683
1787875200000,0.0000125
1787878800000,0.00001176
1787882400000,0.0000125
1787886000000,0.0000125
1787889600000,0.0000125
1787893200000,0.0000125
1787896800000,0.0000125
1787900400000,0.0000125
1787904000000,0.0000125
1787907600000,0.0000125
1787911200000,0.0000125
1787914800000,0.0000125
1787918400000,0.0000125
1787922000000,0.0000125
1787925600000,0.0000125
1787929200000,0.0000125
1787932800000,0.0000125
1787936400000,0.0000125
1787940000000,0.0000125
1787943600000,0.0000125
1787947200000,0.0000125
1787950800000,0.0000125
1787954400000,0.0000125
1787958000000,0.0000125
1787961600000,0.0000125
1787965200000,0.0000125
1787968800000,0.0000125
1787972400000,0.0000125
1787976000000,0.0000125
1787979600000,0.0000125
1787983200000,0.0000125
1787986800000,0.0000125
1787990400000,0.0000125
1787994000000,0.0000125
1787997600000,0.0000125
1788001200000,0.0000125
1788004800000,0.0000125
1788008400000,0.0000125
1788012000000,0.0000125
1788015600000,0.0000125
1788019200000,0.0000125
1788022800000,0.0000125
1788026400000,0.0000125
1788030000000,0.0000125
1788033600000,0.0000125
1788037200000,0.0000125
1788040800000,0.0000125
1788044400000,0.0000125
1788048000000,0.0000125
1788051600000,0.0000125
1788055200000,0.0000125
1788058800000,0.0000125
1788062400000,0.0000125
1788066000000,0.0000125
1788069600000,0.0000125
1788073200000,0.0000125
1788076800000,0.0000125
1788080400000,0.0000125
1788084000000,0.0000125
1788087600000,0.0000125
1788091200000,0.0000125
1788094800000,0.0000125
1788098400000,0.0000125
1788102000000,0.0000125
1788105600000,0.0000125
1788109200000,0.0000125
1788112800000,0.0000125
1788116400000,0.0000125
1788120000000,0.0000125
1788123600000,0.0000125
1788127200000,0.0000125
1788130800000,0.0000125
1788134400000,0.0000125
1788138000000,0.0000125
1788141600000,0.0000125
1788145200000,0.0000125
1788148800000,0.0000125
1788152400000,0.0000125
1788156000000,0.0000125
1788159600000,0.0000125
1788163200000,0.0000125
1788166800000,0.0000125
1788170400000,0.0000125
1788174000000,0.0000125
1788177600000,0.0000125
1788181200000,0.0000125
1788184800000,0.0000125
1788188400000,0.0000125
1788192000000,0.0000125
1788195600000,0.0000125
1788199200000,0.0000125
1788202800000,0.0000125
1788206400000,0.0000125
1788210000000,0.0000125
1788213600000,0.0000125
1788217200000,0.0000125
1788220800000,0.0000125
1788224400000,0.0000125
1788228000000,0.0000125
1788231600000,0.0000125
1788235200000,0.0000125
1788238800000,0.0000125
1788242400000,0.0000125
1788246000000,0.0000125
1788249600000,0.0000125
1788253200000,0.0000125
1788256800000,0.0000125
1788260400000,0.0000125
1788264000000,0.0000125
1788267600000,0.0000125
1788271200000,0.0000125
1788274800000,0.0000125
1788278400000,0.0000125
1788282000000,0.0000125
1788285600000,0.0000125
1788289200000,0.0000125
1788292800000,0.0000125
1788296400000,0.0000125
1788300000000,0.0000125
1788303600000,0.0000125
1788307200000,0.0000125
1788310800000,0.0000125
1788314400000,0.0000125
1788318000000,0.0000125
1788321600000,0.0000125
1788325200000,0.0000125
1788328800000,0.0000125
1788332400000,0.0000125
1788336000000,0.0000125
1788339600000,0.0000125
1788343200000,0.0000125
1788346800000,0.0000125
1788350400000,0.0000125
1788354000000,0.0000125
1788357600000,0.0000125
1788361200000,0.0000125
1788364800000,0.0000125
1788368400000,0.0000125
1788372000000,0.0000125
1788375600000,0.0000125
1788379200000,0.0000125
1788382800000,0.0000125
1788386400000,0.0000125
1788390000000,0.0000125
1788393600000,0.0000125
1788397200000,0.0000125
1788400800000,0.0000125
1788404400000,0.0000125
1788408000000,0.0000125
1788411600000,0.0000125
1788415200000,0.0000125
1788418800000,0.0000125
1788422400000,0.0000125
1788426000000,0.0000125
1788429600000,0.0000125
1788433200000,0.0000125
1788436800000,0.0000125
1788440400000,0.0000125
1788444000000,0.0000125
1788447600000,0.0000125
1788451200000,0.0000125
1788454800000,0.0000125
1788458400000,0.0000125
1788462000000,0.0000125
1788465600000,0.0000125
1788469200000,0.0000125
1788472800000,0.0000125
1788476400000,0.0000125
1788480000000,0.0000125
1788483600000,0.0000125
1788487200000,0.0000125
1788490800000,0.0000125
1788494400000,0.0000125
1788498000000,0.0000125
1788501600000,0.0000125
1788505200000,0.0000125
1788508800000,0.0000125
1788512400000,0.0000125
1788516000000,0.0000125
1788519600000,0.0000125
1788523200000,0.0000125
1788526800000,0.0000125
1788530400000,0.0000125
1788534000000,0.0000125
1788537600000,0.0000125
1788541200000,0.0000125
1788544800000,0.0000125
1788548400000,0.0000125
1788552000000,0.0000125
1788555600000,0.0000125
1788559200000,0.0000125
1788562800000,0.0000125
1788566400000,0.0000125
1788570000000,0.0000125
1788573600000,0.0000125
1788577200000,0.0000125
1788580800000,0.0000125
1788584400000,0.0000125
1788588000000,0.0000125
1788591600000,0.0000125
1788595200000,0.0000125
1788598800000,0.0000125
1788602400000,0.0000125
1788606000000,0.0000125
1788609600000,0.0000125
1788613200000,0.0000125
1788616800000,0.0000125
1788620400000,0.0000125
1788624000000,0.0000125
1788627600000,0.0000125
1788631200000,0.0000125
1788634800000,0.0000125
1788638400000,0.0000125
1788642000000,0.0000125
1788645600000,0.0000125
1788649200000,0.0000125
1788652800000,0.0000125
1788656400000,0.0000125
1788660000000,0.0000125
1788663600000,0.0000125
1788667200000,0.0000125
1788670800000,0.0000125
1788674400000,0.0000125
1788678000000,0.0000125
1788681600000,0.0000125
1788685200000,0.0000125
1788688800000,0.0000125
1788692400000,0.0000125
1788696000000,0.0000125
1788699600000,0.0000125
1788703200000,0.0000125
1788706800000,0.0000125
1788710400000,0.0000125
1788714000000,0.0000125
1788717600000,0.0000125
1788721200000,0.0000125
1788724800000,0.0000125
1788728400000,0.0000125
1788732000000,0.0000125
1788735600000,0.0000125
1788739200000,0.0000125
1788742800000,0.0000125
1788746400000,0.0000125
1788750000000,0.0000125
1788753600000,0.0000125
1788757200000,0.0000125
1788760800000,0.0000125
1788764400000,0.0000125
1788768000000,0.0000125
1788771600000,0.0000125
1788775200000,0.0000125
1788778800000,0.0000125
1788782400000,0.0000125
1788786000000,0.0000125
1788789600000,0.0000125
1788793200000,0.0000125
1788796800000,0.0000125
1788800400000,0.0000125
1788804000000,0.0000125
1788807600000,0.0000125
1788811200000,0.0000125
1788814800000,0.0000125
1788818400000,0.0000125
1788822000000,0.0000125
1788825600000,0.0000125
1788829200000,0.0000125
1788832800000,0.0000125
1788836400000,0.0000125
1788840000000,0.0000125
1788843600000,0.0000125
1788847200000,0.0000095388
1788850800000,0.0000125
1788854400000,0.0000125
1788858000000,0.0000122348
1788861600000,0.0000125
1788865200000,0.0000125
1788868800000,0.0000125
1788872400000,0.0000125
1788876000000,0.0000120729
1788879600000,0.0000125
1788883200000,0.0000125
1788886800000,0.0000125
1788890400000,0.0000125
1788894000000,0.0000125
1788897600000,0.0000125
1788901200000,0.0000125
1788904800000,0.0000125
1788908400000,0.0000125
1788912000000,0.0000125
1788915600000,0.0000125
1788919200000,0.0000125
1788922800000,0.0000125
1788926400000,0.0000125
1788930000000,0.0000125
1788933600000,0.0000125
1788937200000,0.0000125
1788940800000,0.0000125
1788944400000,0.0000125
1788948000000,0.0000125
1788951600000,0.0000125
1788955200000,0.0000125
1788958800000,0.0000125
1788962400000,0.0000125
1788966000000,0.0000125
1788969600000,0.0000125
1788973200000,0.0000125
1788976800000,0.0000125
1788980400000,0.0000125
1788984000000,-0.0000029042
1788987600000,-0.000005745
1788991200000,-0.0000126612
1788994800000,-0.0000172706
1788998400000,0.0000053293
1789002000000,0.0000022013
1789005600000,0.0000050098
1789009200000,0.0000057831
1789012800000,0.0000028628
1789016400000,0.0000125
1789020000000,0.0000125
1789023600000,0.00001084
1789027200000,0.0000076435
1789030800000,0.0000034604
1789034400000,-0.0000067675
1789038000000,-0.0000056804
1789041600000,0.000004087
1789045200000,-0.0000095497
1789048800000,-0.0000051975
1789052400000,-0.0000013652
1789056000000,-0.0000030256
1789059600000,-0.0000040639
1789063200000,0.0000125
1789066800000,0.0000125
1789070400000,0.0000125
1789074000000,0.0000125
1789077600000,0.0000125
1789081200000,0.0000125
1789084800000,0.0000121774
1789088400000,0.0000125
1789092000000,0.0000125
1789095600000,0.0000125
1789099200000,0.0000125
1789102800000,0.0000125
1789106400000,0.0000125
1789110000000,0.0000125
1789113600000,0.0000125
1789117200000,0.0000125
1789120800000,0.0000125
1789124400000,0.0000125
1789128000000,0.0000125
1789131600000,0.0000125
1789135200000,0.0000125
1789138800000,0.0000125
1789142400000,0.0000125
1789146000000,0.0000125
1789149600000,0.0000110382
1789153200000,0.000001987
1789156800000,0.0000023693
1789160400000,0.0000041919
1789164000000,-0.0000016316
1789167600000,-0.000002585
1789171200000,0.0000013985
1789174800000,0.0000043864
1789178400000,0.0000052386
1789182000000,0.0000077274
1789185600000,0.0000038119
1789189200000,0.0000049747
1789192800000,0.0000034133
1789196400000,-0.0000015789
1789200000000,-0.0000022739
1789203600000,-0.000002144
1789207200000,0.0000091264
1789210800000,0.0000110534
1789214400000,0.0000123541
1789218000000,0.0000125
1789221600000,0.0000103764
1789225200000,0.0000125
1789228800000,0.0000125
1789232400000,0.0000025556
1789236000000,0.0000088475
1789239600000,0.0000096199
1789243200000,0.0000034246
1789246800000,0.0000023311
1789250400000,0.0000125
1789254000000,0.0000125
1789257600000,0.0000125
1789261200000,0.0000125
1789264800000,0.0000125
1789268400000,0.0000125
1789272000000,0.0000125
1789275600000,0.0000125
1789279200000,0.0000125
1789282800000,0.0000125
1789286400000,0.0000120456
1789290000000,0.0000125
1789293600000,-0.0000001854
1789297200000,0.0000098566
1789300800000,0.0000109111
1789304400000,0.0000125
1789308000000,0.0000075177
1789311600000,0.0000125
1789315200000,0.0000098686
1789318800000,0.0000125
1789322400000,0.0000125
1789326000000,0.0000125
1789329600000,0.0000125
1789333200000,0.0000125
1789336800000,0.0000125
1789340400000,0.0000125
1789344000000,0.0000125
1789347600000,0.0000125
1789351200000,0.0000125
1789354800000,0.0000125
1789358400000,0.0000125
1789362000000,0.0000125
1789365600000,0.0000125
1789369200000,0.0000125
1789372800000,0.0000125
1789376400000,0.0000125
1789380000000,0.0000125
1789383600000,0.0000125
1789387200000,0.0000125
1789390800000,0.0000125
1789394400000,0.0000125
1789398000000,0.0000125
1789401600000,0.0000125
1789405200000,0.0000125
1789408800000,0.0000125
1789412400000,0.0000125
1789416000000,0.0000125
1789419600000,0.0000125
1789423200000,0.0000125
1789426800000,0.0000125
1789430400000,0.0000125
1789434000000,0.0000125
1789437600000,0.0000125
1789441200000,0.0000125
1789444800000,0.0000012133
1789448400000,0.000002784
1789452000000,0.0000125
1789455600000,0.0000125
1789459200000,0.0000035369
1789462800000,0.0000078652
1789466400000,0.0000125
1789470000000,0.0000125
1789473600000,0.0000125
1789477200000,0.0000071024
1789480800000,0.0000026357
1789484400000,-0.0000098099
1789488000000,-0.0000068236
1789491600000,-0.0000088279
1789495200000,-0.0000036254
1789498800000,-0.0000067515
1789502400000,-0.0000022255
1789506000000,-0.000008441
1789509600000,-0.0000091173
1789513200000,-0.0000095231
1789516800000,0.0000110409
1789520400000,0.0000094082
1789524000000,0.0000057132
1789527600000,0.0000096403
1789531200000,0.0000099923
1789534800000,0.0000082735
1789538400000,-0.0000013519
1789542000000,-0.0000034703
1789545600000,-0.0000139403
1789549200000,-0.000004877
1789552800000,0.0000084242
1789556400000,0.0000081329
1789560000000,0.0000125
1789563600000,0.0000125
1789567200000,0.0000125
1789570800000,0.0000125
1789574400000,0.0000125
1789578000000,0.0000125
1789581600000,0.0000078249
1789585200000,0.0000125
1789588800000,0.0000026431
1789592400000,0.0000100477
1789596000000,0.0000125
1789599600000,0.0000093647
1789603200000,0.0000125
1789606800000,0.0000125
1789610400000,0.0000125
1789614000000,0.0000125
1789617600000,0.0000125
1789621200000,0.0000125
1789624800000,0.0000125
1789628400000,0.0000125
1789632000000,0.0000125
1789635600000,0.0000125
1789639200000,0.0000125
1789642800000,0.0000048806
1789646400000,0.0000076557
1789650000000,0.0000125
1789653600000,0.0000125
1789657200000,0.0000125
1789660800000,0.0000125
1789664400000,0.0000125
1789668000000,0.0000125
1789671600000,0.0000076284
1789675200000,0.0000040376
1789678800000,0.0000075931
1789682400000,0.0000091247
1789686000000,0.0000081046
1789689600000,0.0000101206
1789693200000,0.00001232
1789696800000,0.0000109182
1789700400000,0.0000109315
1789704000000,0.0000125
1789707600000,0.0000125
1789711200000,0.0000125
1789714800000,0.0000125
1789718400000,0.0000125
1789722000000,0.0000125
1789725600000,0.0000125
1789729200000,0.0000125
1789732800000,0.0000125
1789736400000,0.0000125
1789740000000,0.0000125
1789743600000,0.0000125
1789747200000,0.0000125
1789750800000,0.0000125
1789754400000,0.0000125
1789758000000,0.0000125
1789761600000,0.0000125
1789765200000,0.0000125
1789768800000,0.0000125
1789772400000,0.0000125
1789776000000,0.0000125
1789779600000,0.0000125
1789783200000,0.0000125
1789786800000,0.0000125
1789790400000,0.0000170087
1789794000000,0.0000125
1789797600000,0.0000159725
1789801200000,0.0000125
1789804800000,0.0000153092
1789808400000,0.0000125
1789812000000,0.000018683
1789815600000,0.0000125
1789819200000,0.0000125
1789822800000,0.0000125
1789826400000,0.0000125
1789830000000,0.0000125
1789833600000,0.0000125
1789837200000,0.0000125
1789840800000,0.0000125
1789844400000,0.0000125
1789848000000,0.0000125
1789851600000,0.0000125
1789855200000,0.0000125
1789858800000,0.0000125
1789862400000,0.0000125
1789866000000,0.0000125
1789869600000,0.0000125
1789873200000,0.0000125
1789876800000,0.0000125
1789880400000,0.0000125
1789884000000,0.0000125
1789887600000,0.0000125
1789891200000,0.0000125
1789894800000,0.0000125
1789898400000,0.0000125
1789902000000,0.0000110289
1789905600000,0.0000125
1789909200000,0.0000125
1789912800000,0.0000125
1789916400000,0.0000125
1789920000000,0.0000125
1789923600000,0.0000125
1789927200000,0.0000125
1789930800000,0.0000125
1789934400000,0.0000125
1789938000000,0.0000125
1789941600000,0.0000125
1789945200000,0.0000125
1789948800000,0.0000125
1789952400000,0.0000159983
1789956000000,0.0000125
1789959600000,0.0000125
1789963200000,0.0000125
1789966800000,0.000012701
1789970400000,0.0000131554
1789974000000,0.0000231615
1789977600000,0.0000170234
1789981200000,0.0000280218
1789984800000,0.0000214775
1789988400000,0.000019525
1789992000000,0.0000125
1789995600000,0.0000208498
1789999200000,0.000032522
1790002800000,0.0000198544
1790006400000,0.0000512319
1790010000000,0.0000481688
1790013600000,0.0000125
1790017200000,0.0000125
1790020800000,0.0000125
1790024400000,0.0000181719
1790028000000,0.0000125
1790031600000,0.0000125
1790035200000,0.0000125
1790038800000,0.0000125
1790042400000,0.0000125
1790046000000,0.0000125
1790049600000,0.0000125
1790053200000,0.0000125
1790056800000,0.0000125
1790060400000,0.0000125
1790064000000,0.0000125
1790067600000,0.0000125
1790071200000,0.0000231369
1790074800000,0.0000204467
1790078400000,0.000018798
1790082000000,0.0000212373
1790085600000,0.0000125
1790089200000,0.0000125
1790092800000,0.0000125
1790096400000,0.0000125
1790100000000,0.0000125
1790103600000,0.0000125
1790107200000,0.0000125
1790110800000,0.0000125
1790114400000,0.0000125
1790118000000,0.0000125
1790121600000,0.0000190707
1790125200000,0.0000125
1790128800000,0.0000125
1790132400000,0.0000125
1790136000000,0.0000125
1790139600000,0.0000252714
1790143200000,0.0000261256
1790146800000,0.0000309277
1790150400000,0.0000247733
1790154000000,0.0000125
1790157600000,0.0000125
1790161200000,0.0000125
1790164800000,0.0000125
1790168400000,0.0000125
1790172000000,0.0000125
1790175600000,0.0000125
1790179200000,0.0000125
1790182800000,0.0000125
1790186400000,0.0000125
1790190000000,0.0000125
1790193600000,0.0000125
1790197200000,0.0000125
1790200800000,0.0000125
1790204400000,0.0000125
1790208000000,0.0000125
1790211600000,0.0000125
1790215200000,0.0000125
1790218800000,0.0000125
1790222400000,0.0000125
1790226000000,0.0000125
1790229600000,0.0000125
1790233200000,0.0000125
1790236800000,0.0000125
1790240400000,0.0000125
1790244000000,0.0000125
1790247600000,0.0000125
1790251200000,0.0000125
1790254800000,0.0000125
1790258400000,0.0000125
1790262000000,0.0000125
1790265600000,0.0000125
1790269200000,0.0000125
1790272800000,0.0000125
1790276400000,0.0000125
1790280000000,0.0000125
1790283600000,0.0000125
1790287200000,0.0000125
1790290800000,0.0000125
1790294400000,0.0000125
1790298000000,0.0000125
1790301600000,0.0000125
1790305200000,0.0000125
1790308800000,0.0000125
1790312400000,0.0000125
1790316000000,0.0000125
1790319600000,0.0000125
1790323200000,0.0000125
1790326800000,0.0000125
1790330400000,0.0000125
1790334000000,0.0000125
1790337600000,0.0000125
1790341200000,0.0000125
1790344800000,0.0000125
1790348400000,0.0000125
1790352000000,0.0000125
1790355600000,0.0000125
1790359200000,0.0000125
1790362800000,0.0000125
1790366400000,0.0000125
1790370000000,0.0000125
1790373600000,0.0000125
1790377200000,0.0000125
1790380800000,0.0000125
1790384400000,0.0000125
1790388000000,0.0000125
1790391600000,0.0000125
1790395200000,0.0000125
1790398800000,0.0000125
1790402400000,0.0000125
1790406000000,0.0000125
1790409600000,0.0000125
1790413200000,0.0000125
1790416800000,0.0000125
1790420400000,0.0000125
1790424000000,0.0000125
1790427600000,0.0000125
1790431200000,0.0000125
1790434800000,0.0000125
1790438400000,0.0000125
1790442000000,0.0000125
1790445600000,0.0000125
1790449200000,0.0000125
1790452800000,0.0000125
1790456400000,0.0000125
1790460000000,0.0000125
1790463600000,0.0000125
1790467200000,0.0000125
1790470800000,0.0000125
1790474400000,0.0000125
1790478000000,0.0000125
1790481600000,0.0000125
1790485200000,0.0000125
1790488800000,0.0000125
1790492400000,0.0000125
1790496000000,0.0000125
1790499600000,0.0000125
1790503200000,0.0000125
1790506800000,0.0000125
1790510400000,0.0000125
1790514000000,0.0000125
1790517600000,0.0000125
1790521200000,0.0000125
1790524800000,0.0000125
1790528400000,0.0000125
1790532000000,0.0000125
1790535600000,0.0000125
1790539200000,0.0000125
1790542800000,0.0000125
1790546400000,0.0000125
1790550000000,0.0000125
1790553600000,0.0000125
1790557200000,0.0000125
1790560800000,0.0000125
1790564400000,0.0000125
1790568000000,0.0000125
1790571600000,0.0000125
1790575200000,0.0000125
1790578800000,0.0000125
1790582400000,0.0000125
1790586000000,0.0000125
1790589600000,0.0000125
1790593200000,0.0000125
1790596800000,0.0000125
1790600400000,0.0000125
1790604000000,0.0000125
1790607600000,0.0000125
1790611200000,0.0000125
1790614800000,0.0000125
1790618400000,0.0000125
1790622000000,0.0000125
1790625600000,0.0000125
1790629200000,0.0000125
1790632800000,0.0000125
1790636400000,0.0000125
1790640000000,0.0000125
1790643600000,0.0000125
1790647200000,0.0000125
1790650800000,0.0000125
1790654400000,0.0000125
1790658000000,0.0000125
1790661600000,0.0000125
1790665200000,0.0000125
1790668800000,0.0000125
1790672400000,0.0000125
1790676000000,0.0000125
1790679600000,0.0000125
1790683200000,0.0000125
1790686800000,0.0000125
1790690400000,0.0000125
1790694000000,0.0000125
1790697600000,0.0000125
1790701200000,0.0000125
1790704800000,0.0000125
1790708400000,0.0000125
1790712000000,0.0000125
1790715600000,0.0000125
1790719200000,0.0000125
1790722800000,0.0000125
1790726400000,0.0000125
1790730000000,0.0000125
1790733600000,0.0000125
1790737200000,0.0000125
1790740800000,0.0000125
1790744400000,0.0000125
1790748000000,0.0000125
1790751600000,0.0000125
1790755200000,0.0000125
1790758800000,0.0000125
1790762400000,0.0000125
1790766000000,0.0000125
1790769600000,0.0000125
1790773200000,0.0000125
1790776800000,0.0000125
1790780400000,0.0000125
1790784000000,0.0000125
1790787600000,0.0000125
1790791200000,0.0000125
1790794800000,0.0000125
1790798400000,0.0000125
1790802000000,0.0000125
1790805600000,0.0000125
1790809200000,0.0000125
