time_ms,rate
1683849600000,-0.0006133368
1683878400000,-0.000745027
1683907200000,-0.0008179771
1683936000000,-0.0004403551
1683964800000,-0.0001034319
1683993600000,-0.0001380334
1684022400000,-0.0002227042
1684051200000,-0.0002137192
1684080000000,-0.0001945397
1684108800000,-0.0000782041
1684137600000,-0.0001276332
1684166400000,-0.0001288077
1684195200000,-0.0000253654
1684224000000,-0.000129521
1684252800000,-0.0000462775
1684281600000,-0.0000261481
1684310400000,0.0001
1684339200000,0.0001
1684368000000,0.0001
1684396800000,-0.0000064613
1684425600000,-0.0000067035
1684454400000,0.0000892339
1684483200000,0.0001
1684512000000,0.000091624
1684540800000,0.0000366019
1684569600000,0.000061012
1684598400000,0.0000065076
1684627200000,-0.0002138913
1684656000000,-0.0001202087
1684684800000,-0.0001198537
1684713600000,-0.0001554343
1684742400000,-0.0002855006
1684771200000,-0.000269228
1684800000000,-0.0001899086
1684830180000,-0.0001754061
1684857600000,-0.0001552822
1684886400000,-0.000110501
1684915200000,-0.000180935
1684944000000,-0.0001998793
1684972800000,-0.0001763761
1685001600000,-0.0000740973
1685030400000,-0.0000998004
1685059200000,-0.0000810263
1685088000000,-0.0001183066
1685116800000,-0.0001308069
1685145600000,-0.0000970696
1685174400000,-0.0000823054
1685203200000,-0.000097019
1685232000000,-0.000207327
1685260800000,-0.0003484458
1685289600000,-0.0001325304
1685318400000,-0.0000552924
1685347200000,0.0000441208
1685376000000,-0.000029903
1685404800000,-0.0000151245
1685433600000,0.0001
1685462400000,0.0001
1685491200000,0.0001
1685520000000,0.0001
1685548800000,0.0001
1685577600000,0.0001
1685606400000,0.0001
1685635200000,0.0000306061
1685664000000,-0.0000365626
1685692800000,-0.0000091338
1685721600000,0.000002613
1685750400000,-0.0000530844
1685779200000,-0.0000151792
1685808000000,-0.0000686994
1685836800000,-0.0000733253
1685865600000,-0.0000206972
1685894400000,-0.0000071422
1685923200000,0.000028243
1685952000000,-0.0000177927
1685980800000,-0.0000388377
1686009600000,-0.0001672619
1686038400000,0.0001
1686067200000,0.0001
1686096000000,0.0001
1686124800000,0.0001
1686153600000,0.0001
1686182400000,0.0001
1686186000000,0.0000125
1686189600000,0.0000125
1686193200000,0.0000125
1686196800000,0.0000125
1686200400000,0.0000125
1686204000000,0.0000125
1686207600000,0.0000125
1686211200000,0.0000125
1686214800000,0.0000125
1686218400000,0.0000125
1686222000000,0.0000125
1686225600000,0.0000125
1686229200000,0.0000125
1686232800000,0.0000125
1686236400000,0.0000125
1686240000000,0.0000125
1686243600000,0.0000125
1686247200000,0.0000125
1686250800000,0.0000125
1686254400000,0.0000125
1686258000000,0.0000125
1686261600000,0.0000125
1686265200000,0.0000125
1686268800000,0.0000125
1686272400000,0.0000125
1686276000000,0.0000125
1686279600000,0.0000125
1686283200000,0.0000125
1686286800000,0.0000125
1686290400000,0.0000125
1686294000000,0.0000125
1686297600000,0.0000125
1686301200000,0.0000125
1686304800000,0.0000125
1686308400000,0.0000125
1686312000000,0.0000125
1686315600000,0.0000125
1686319200000,0.0000125
1686322800000,0.0000125
1686326400000,0.0000125
1686330000000,0.0000125
1686333600000,0.0000125
1686337200000,0.0000125
1686340800000,0.0000125
1686344400000,0.0000125
1686348000000,0.0000125
1686351600000,0.0000125
1686355200000,0.0000125
1686358800000,0.0000125
1686362400000,0.0000125
1686366000000,0.0000125
1686369600000,0.0000125
1686373200000,0.0000155544
1686376800000,0.0000433425
1686380400000,0.0000479961
1686384000000,0.0000494176
1686387600000,0.0000373625
1686391200000,0.0000239268
1686394800000,0.0000211591
1686398400000,0.0000191185
1686402000000,0.00003605
1686405600000,0.0000331765
1686409200000,0.0000387226
1686412800000,0.0000367592
1686416400000,0.0000331005
1686420000000,0.0000957744
1686423600000,0.000086884
1686427200000,0.0000471132
1686430800000,0.0000497588
1686434400000,0.0000301659
1686438000000,0.0000280106
1686441600000,0.0000213738
1686445200000,0.0000256264
1686448800000,0.0000125
1686452400000,0.0000125
1686456000000,0.0000150071
1686459600000,0.000015543
1686463200000,0.000015
1686466800000,0.0000228116
1686470400000,0.0000125
1686474000000,0.0000130317
1686477600000,0.0000125
1686481200000,0.0000125
1686484800000,0.0000145404
1686488400000,0.0000142098
1686492000000,0.0000170486
1686495600000,0.0000140736
1686499200000,0.000015952
1686502800000,0.000043373
1686506400000,0.0000612039
1686510000000,0.0000401676
1686513600000,0.0000431598
1686517200000,0.0000399832
1686520800000,0.000036179
1686524400000,0.0000374343
1686528000000,0.0000304198
1686531600000,0.0000295083
1686535200000,0.000037596
1686538800000,0.0000555929
1686542400000,0.0000234327
1686546000000,0.0000215581
1686549600000,0.000012771
1686553200000,0.0000127441
1686556800000,0.0000125
1686560400000,0.0000196143
1686564000000,0.0000352364
1686567600000,0.000031628
1686571200000,0.0000226479
1686574800000,0.0000192607
1686578400000,0.0000442954
1686582000000,0.0000407683
1686585600000,0.0000275502
1686589200000,0.0000170983
1686592800000,0.0000593687
1686596400000,0.0000531883
1686600000000,0.0000376172
1686603600000,0.0000398741
1686607200000,0.0000319933
1686610800000,0.0000326848
1686614400000,0.000026159
1686618000000,0.0000482651
1686621600000,0.000045417
1686625200000,0.0000451174
1686628800000,0.0000306513
1686632400000,0.0000254875
1686636000000,0.000024804
1686639600000,0.0000215002
1686643200000,0.0000172283
1686646800000,0.0000404185
1686650400000,0.0000370868
1686654000000,0.0000266713
1686657600000,0.0000362582
1686661200000,0.0000631709
1686664800000,0.0000623099
1686668400000,0.0000521951
1686672000000,0.0000585779
1686675600000,0.000035946
1686679200000,0.0000281125
1686682800000,0.0000385012
1686686400000,0.0000176186
1686690000000,0.000032638
1686693600000,0.0000177374
1686697200000,0.0000148808
1686700800000,0.0000125
1686704400000,0.0000206488
1686708000000,0.0000183983
1686711600000,0.0000206011
1686715200000,0.0000174623
1686718800000,0.0000130959
1686722400000,0.0000215656
1686726000000,0.0000193682
1686729600000,0.0000161293
1686733200000,0.0000137326
1686736800000,0.0000125
1686740400000,0.0000160624
1686744000000,0.0000141347
1686747600000,0.000024576
1686751200000,0.0000221617
1686754800000,0.0000158195
1686758400000,0.0000125
1686762000000,0.0000186854
1686765600000,0.0000435078
1686769200000,0.0000779958
1686772800000,0.0000426409
1686776400000,0.0001230775
1686780000000,0.000054366
1686783600000,0.0000240445
1686787200000,0.000018929
1686790800000,0.0000204005
1686794400000,0.0000172507
1686798000000,0.0000279991
1686801600000,0.0000246234
1686805200000,0.0000222157
1686808800000,0.0000245906
1686812400000,0.0000400759
1686816000000,0.0000368614
1686819600000,0.0000125
1686823200000,0.0000129103
1686826800000,0.0000251208
1686830400000,0.0000378277
1686834000000,0.0000486641
1686837600000,0.0000363444
1686841200000,0.0000350384
1686844800000,0.0000640361
1686848400000,0.0000564038
1686852000000,0.0000187067
1686855600000,0.0000228433
1686859200000,0.0000224216
1686862800000,0.0000188969
1686866400000,0.0000213272
1686870000000,0.0000125
1686873600000,0.000021106
1686877200000,0.0000891677
1686880800000,0.0000868533
1686884400000,0.0000125
1686888000000,0.0000125
1686891600000,0.0000125
1686895200000,0.0000125
1686898800000,0.0000125
1686902400000,0.0000125
1686906000000,0.0000125
1686909600000,0.0000125
1686913200000,0.0000125
1686916800000,0.0000125
1686920400000,0.0000125
1686924000000,0.0000125
1686927600000,0.0000125
1686931200000,0.0000125
1686934800000,0.0000125
1686938400000,0.0000125
1686942000000,0.0000125
1686945600000,0.0000125
1686949200000,0.0000337451
1686952800000,0.0000394556
1686956400000,0.0000256626
1686960000000,0.0000326933
1686963600000,0.0000223019
1686967200000,0.0000115618
1686970800000,-0.0000257047
1686974400000,-0.0000257438
1686978000000,-0.0000132561
1686981600000,0.0000221042
1686985200000,0.0000118262
1686988800000,-0.0000009433
1686992400000,-0.0000010145
1686996000000,-0.000005933
1686999600000,-0.000007851
1687003200000,0.0000008992
1687006800000,0.000009834
1687010400000,-0.0000080466
1687014000000,-0.0000051428
1687017600000,0.0000055097
1687021200000,-0.0000035747
1687024800000,-0.0000039357
1687028400000,-0.000001487
1687032000000,-0.0000155527
1687035600000,-0.0000071843
1687039200000,-0.0000054747
1687042800000,-0.0000179934
1687046400000,-0.0000125218
1687050000000,0.0000020725
1687053600000,0.0000002531
1687057200000,-0.0000056505
1687060800000,-0.0000020123
1687064400000,0.0000015255
1687068000000,-0.0000062605
1687071600000,-0.0000044056
1687075200000,-0.0000087601
1687078800000,-0.0000077664
1687082400000,-0.0000039398
1687086000000,-0.0000081065
1687089600000,-0.0000029641
1687093200000,-0.0000070732
1687096800000,-0.0000039312
1687100400000,-0.0000048837
1687104000000,-0.000002528
1687107600000,-0.0000055641
1687111200000,-0.0000048757
1687114800000,-0.0000095036
1687118400000,0.0000014399
1687122000000,0.0000110881
1687125600000,-0.0000056563
1687129200000,0.000002253
1687132800000,0.0000147926
1687136400000,0.0000063613
1687140000000,0.0000012722
1687143600000,-0.0000058744
1687147200000,-0.0000017203
1687150800000,-0.0000010466
1687154400000,-0.000005807
1687158000000,-0.0000096581
1687161600000,-0.0000121357
1687165200000,-0.0000101856
1687168800000,-0.0000081396
1687172400000,-0.0000097856
1687176000000,-0.0000099358
1687179600000,-0.0000024063
1687183200000,-0.0000066966
1687186800000,-0.000002541
1687190400000,-0.0000119137
1687194000000,-0.0000085423
1687197600000,0.0000101576
1687201200000,0.0000403705
1687204800000,0.0000130944
1687208400000,0.0000072679
1687212000000,-0.0000086568
1687215600000,-0.000012223
1687219200000,-0.000017595
1687222800000,0.0000097498
1687226400000,0.0000315664
1687230000000,0.0000178501
1687233600000,0.0000018856
1687237200000,0.0000022919
1687240800000,0.000012059
1687244400000,-0.0000031364
1687248000000,-0.0000132405
1687251600000,0.0000075566
1687255200000,0.0000100906
1687258800000,0.000005833
1687262400000,0.000005521
1687266000000,0.0000196163
1687269600000,0.0000085515
1687273200000,0.0000267963
1687276800000,0.0000203463
1687280400000,0.0000353658
1687284000000,0.00007878
1687287600000,0.0000718293
1687291200000,0.0000566143
1687294800000,0.0000620703
1687298400000,0.0000586241
1687302000000,0.0000444834
1687305600000,0.0000374648
1687309200000,0.0000371709
1687312800000,0.0001359822
1687316400000,0.0000422163
1687320000000,0.0000457759
1687323600000,0.0000524054
1687327200000,0.0000451102
1687330800000,0.0000383574
1687334400000,0.0000197688
1687338000000,0.0000288429
1687341600000,0.0000257815
1687345200000,0.0000330657
1687348800000,0.0000285135
1687352400000,0.000033419
1687356000000,0.000038812
1687359600000,0.0000482366
1687363200000,0.0000631787
1687366800000,0.000131792
1687370400000,0.0001171214
1687374000000,0.0000725312
1687377600000,0.000068921
1687381200000,0.0000510611
1687384800000,0.000059433
1687388400000,0.0000494863
1687392000000,0.0000363655
1687395600000,0.0000492274
1687399200000,0.000045147
1687402800000,0.0000361946
1687406400000,0.0000299035
1687410000000,0.0000275903
1687413600000,0.0000202867
1687417200000,0.0000387691
1687420800000,0.0000355426
1687424400000,0.0000267482
1687428000000,0.0000146294
1687431600000,0.0000082535
1687435200000,0.0000194968
1687438800000,0.0000099601
1687442400000,0.0000187303
1687446000000,0.0000418977
1687449600000,0.0000254655
1687453200000,0.000011359
1687456800000,0.0000136881
1687460400000,0.0000243336
1687464000000,0.0000229203
1687467600000,-0.0000014876
1687471200000,-0.0000289581
1687474800000,0.0000036916
1687478400000,0.0000051876
1687482000000,-0.000000644
1687485600000,-0.0000050911
1687489200000,-0.0000015034
1687492800000,0.0000034093
1687496400000,-0.0000030375
1687500000000,-0.0000097427
1687503600000,-0.0000032867
1687507200000,0.0000015131
1687510800000,-0.0000031796
1687514400000,-0.0000106756
1687518000000,-0.0000024168
1687521600000,-0.0000076639
1687525200000,-0.0000018692
1687528800000,-0.0000069119
1687532400000,0.0000122625
1687536000000,0.0000749636
1687539600000,0.000037114
1687543200000,0.0000523359
1687546800000,0.0000525741
1687550400000,0.0000539994
1687554000000,0.0000381074
1687557600000,0.0000319346
1687561200000,0.0000341282
1687564800000,0.0000260105
1687568400000,0.0000302323
1687572000000,0.0000440634
1687575600000,0.0000429073
1687579200000,0.0000288888
1687582800000,0.0000365016
1687586400000,0.0000289789
1687590000000,0.0000368217
1687593600000,0.0000386167
1687597200000,0.0000489206
1687600800000,0.000049069
1687604400000,0.0000402546
1687608000000,0.0000411558
1687611600000,0.0000427268
1687615200000,0.0000311228
1687618800000,0.0000296942
1687622400000,0.0000436689
1687626000000,0.0000339171
1687629600000,0.0000391963
1687633200000,0.0000300648
1687636800000,0.0000241431
1687640400000,0.0000314092
1687644000000,0.0000250051
1687647600000,0.000025165
1687651200000,0.000023574
1687654800000,0.0000338568
1687658400000,0.0000323075
1687662000000,0.0000237759
1687665600000,0.0000266796
1687669200000,0.000047891
1687672800000,0.0000315041
1687676400000,0.0000338987
1687680000000,0.0000177533
1687683600000,0.0000144762
1687687200000,0.0000197945
1687690800000,0.000014425
1687694400000,0.0000276612
1687698000000,0.0000256722
1687701600000,0.0000343767
1687705200000,0.0000318112
1687708800000,0.0000145814
1687712400000,0.0000213107
1687716000000,0.0000231968
1687719600000,0.0000293273
1687723200000,0.0000327421
1687726800000,0.000036431
1687730400000,0.0000324265
1687734000000,0.0000258348
1687737600000,0.0000277737
1687741200000,0.0000398218
1687744800000,0.0000566199
1687748400000,0.0000294027
1687752000000,0.0000243269
1687755600000,0.0000153088
1687759200000,0.0000250215
1687762800000,0.0000296526
1687766400000,0.0000439672
1687770000000,0.0000381436
1687773600000,0.0000255772
1687777200000,0.0000198397
1687780800000,0.0000083939
1687784400000,0.0000068446
1687788000000,0.000015404
1687791600000,0.0000368566
1687795200000,0.0000290457
1687798800000,0.0000364199
1687802400000,0.0000414731
1687806000000,0.0000226806
1687809600000,0.0000189059
1687813200000,0.0000180763
1687816800000,0.0000228854
1687820400000,0.0000250498
1687824000000,0.0000195499
1687827600000,0.0000243863
1687831200000,0.0000215571
1687834800000,0.0000214438
1687838400000,0.0000368196
1687842000000,0.0000330287
1687845600000,0.0000348198
1687849200000,0.0000410502
1687852800000,0.0000377986
1687856400000,0.0000493973
1687860000000,0.0000425224
1687863600000,0.0000508102
1687867200000,0.0000397934
1687870800000,0.0000436958
1687874400000,0.000077424
1687878000000,0.0000891851
1687881600000,0.0000606811
1687885200000,0.0000420234
1687888800000,0.0000367473
1687892400000,0.000030219
1687896000000,0.0000331555
1687899600000,0.0000360089
1687903200000,0.0000583966
1687906800000,0.0000416191
1687910400000,0.0000346273
1687914000000,0.0000397236
1687917600000,0.0000192546
1687921200000,0.0000186266
1687924800000,0.0000158059
1687928400000,0.0000132486
1687932000000,0.0000063018
1687935600000,0.0000096676
1687939200000,0.0000109746
1687942800000,0.0000061842
1687946400000,0.0000028857
1687950000000,-0.000009759
1687953600000,-0.0000079744
1687957200000,0.0000171436
1687960800000,0.0000196301
1687964400000,0.0000101639
1687968000000,0.000005078
1687971600000,0.000009984
1687975200000,0.0000112424
1687978800000,0.0000071748
1687982400000,0.0000248874
1687986000000,0.0000106364
1687989600000,0.0000106825
1687993200000,0.0000104219
1687996800000,0.0000040895
1688000400000,0.000019763
1688004000000,0.0000068235
1688007600000,0.0000143537
1688011200000,0.0000163966
1688014800000,-0.0000023858
1688018400000,-0.0000061438
1688022000000,-0.0000074022
1688025600000,0.0000077753
1688029200000,0.0000019198
1688032800000,0.000007678
1688036400000,0.0000206259
1688040000000,0.0000267882
1688043600000,0.0000164188
1688047200000,0.0000294713
1688050800000,0.0000201518
1688054400000,0.0000087947
1688058000000,0.0000111897
1688061600000,0.0000340413
1688065200000,0.0000224204
1688068800000,0.0000258021
1688072400000,0.0000301667
1688076000000,0.0000289822
1688079600000,0.0000163816
1688083200000,0.0000101458
1688086800000,0.0000161253
1688090400000,0.0000162613
1688094000000,0.0000231169
1688097600000,0.0000314544
1688101200000,0.0000542146
1688104800000,0.0000612009
1688108400000,0.0000346508
1688112000000,0.000039755
1688115600000,0.0000402313
1688119200000,0.0000338473
1688122800000,0.0000305282
1688126400000,0.0000226012
1688130000000,0.0000463598
1688133600000,0.0001089142
1688137200000,0.0001160851
1688140800000,0.0000430865
1688144400000,0.0000652117
1688148000000,0.0000938348
1688151600000,0.000075193
1688155200000,0.0000678403
1688158800000,0.0000670702
1688162400000,0.0000551123
1688166000000,0.0000500378
1688169600000,0.0000508721
1688173200000,0.000057907
1688176800000,0.0000487348
1688180400000,0.0000451181
1688184000000,0.0000399011
1688187600000,0.0000554294
1688191200000,0.0000405873
1688194800000,0.0000347078
1688198400000,0.0000393432
1688202000000,0.0000351307
1688205600000,0.0000397473
1688209200000,0.0000412598
1688212800000,0.0000481806
1688216400000,0.0000511933
1688220000000,0.0000524053
1688223600000,0.000055821
1688227200000,0.0000646388
1688230800000,0.000062217
1688234400000,0.0000479142
1688238000000,0.0000475937
1688241600000,0.0000453652
1688245200000,0.000042181
1688248800000,0.0000390848
1688252400000,0.0000437794
1688256000000,0.0000454504
1688259600000,0.0000626746
1688263200000,0.000062003
1688266800000,0.0000797685
1688270400000,0.0000671674
1688274000000,0.0000734503
1688277600000,0.0000711613
1688281200000,0.0000725217
1688284800000,0.0000639858
1688288400000,0.0000647763
1688292000000,0.0000613012
1688295600000,0.0000702582
1688299200000,0.0000715509
1688302800000,0.0000601904
1688306400000,0.0000647453
1688310000000,0.0000880742
1688313600000,0.0000981653
1688317200000,0.0000791788
1688320800000,0.0000586976
1688324400000,0.0000714831
1688331600000,0.0000473405
1688335200000,0.0000531633
1688338800000,0.0000916306
1688342400000,0.0000778376
1688346000000,0.0000526932
1688349600000,0.0000558204
1688353200000,0.0000529532
1688356800000,0.0000463114
1688360400000,0.0000547109
1688364000000,0.0000494566
1688367600000,0.000064497
1688371200000,0.0000708471
1688374800000,0.0001197763
1688378400000,0.0000979533
1688382000000,0.0001089694
1688385600000,0.0001279054
1688389200000,0.0001252222
1688392800000,0.0001101545
1688396400000,0.0001043663
1688400000000,0.0001036911
1688403600000,0.0000954792
1688407200000,0.0000818667
1688410800000,0.0000868987
1688414400000,0.0001161341
1688418000000,0.0000908096
1688421600000,0.0000898856
1688425200000,0.0000730338
1688428800000,0.000059167
1688432400000,0.0000570893
1688436000000,0.0000696
1688439600000,0.0000522901
1688443200000,0.0000499259
1688446800000,0.0000571243
1688450400000,0.0000548768
1688454000000,0.000051555
1688457600000,0.0000418194
1688461200000,0.00004207
1688464800000,0.0000588899
1688468400000,0.0000561187
1688472000000,0.0000497434
1688475600000,0.0000622608
1688479200000,0.0000636302
1688482800000,0.0000631097
1688486400000,0.0000740908
1688490000000,0.0000907946
1688493600000,0.0000739671
1688497200000,0.0000664662
1688500800000,0.0000429747
1688504400000,0.0000218899
1688508000000,0.0000162502
1688511600000,0.000026087
1688515200000,0.0000270701
1688518800000,0.0000232286
1688522400000,0.000016031
1688526000000,0.0000178793
1688529600000,0.0000124465
1688533200000,0.0000102175
1688536800000,0.0000022096
1688540400000,0.0000067586
1688544000000,0.0000120979
1688547600000,0.0000370073
1688551200000,0.000025596
1688554800000,0.0000388303
1688558400000,0.0000326064
1688562000000,0.0000377589
1688565600000,0.0000526691
1688569200000,0.0000341808
1688572800000,0.0000278271
1688576400000,0.0000184615
1688580000000,0.0000252059
1688583600000,0.0000230581
1688587200000,0.0000200278
1688590800000,0.0000231983
1688594400000,0.0000188287
1688598000000,0.0000276431
1688601600000,0.0000229456
1688605200000,0.0000249814
1688608800000,0.0000206402
1688612400000,0.0000253804
1688616000000,0.0000104662
1688619600000,0.0000008451
1688623200000,0.0000163766
1688626800000,0.0000216223
1688630400000,0.0000045725
1688634000000,0.0000416752
1688637600000,0.0000872293
1688641200000,0.000047867
1688644800000,0.0000335119
1688648400000,0.0000289174
1688652000000,0.0000140102
1688655600000,0.0000737928
1688659200000,0.0000576581
1688662800000,0.0000646036
1688666400000,0.000056032
1688670000000,0.0000540998
1688673600000,0.0000581888
1688677200000,0.0000485031
1688680800000,0.0000595172
1688684400000,0.0000416172
1688688000000,0.000090385
1688691600000,0.000114384
1688695200000,0.0000654807
1688698800000,0.0000562858
1688702400000,0.000069763
1688706000000,0.0000709189
1688709600000,0.0000989998
1688713200000,0.0000962785
1688716800000,0.0000907059
1688720400000,0.0000859673
1688724000000,0.0000685792
1688727600000,0.0000708328
1688731200000,0.0000748433
1688734800000,0.0001167556
1688738400000,0.0000990252
1688742000000,0.0000787118
1688745600000,0.0000554285
1688749200000,0.0000463967
1688752800000,0.0000081507
1688756400000,0.0000688484
1688760000000,0.0000573615
1688763600000,0.0000586188
1688767200000,0.0000597984
1688770800000,0.0000496645
1688774400000,0.0000364211
1688778000000,0.0000399164
1688781600000,0.0000419826
1688785200000,0.0000572487
1688788800000,0.0000457973
1688792400000,0.0000534968
1688796000000,0.0000355634
1688799600000,0.000025654
1688803200000,0.0000175503
1688806800000,0.0000361057
1688810400000,0.0000301209
1688814000000,0.0000260987
1688817600000,0.0000279067
1688821200000,0.0000209792
1688824800000,0.0000142266
1688828400000,0.0000129115
1688832000000,0.0000227061
1688835600000,0.0000325979
1688839200000,0.0000258565
1688842800000,0.0000242315
1688846400000,0.00004277
1688850000000,0.0000340059
1688853600000,0.0000187845
1688857200000,0.0000284468
1688860800000,0.0000344096
1688864400000,0.0000390785
1688868000000,0.0000420999
1688871600000,0.0000309057
1688875200000,0.0000286207
1688878800000,0.0000233157
1688882400000,0.0000184398
1688886000000,0.0000244326
1688889600000,0.0000272594
1688893200000,0.0000167838
1688896800000,0.0000223632
1688900400000,0.000014881
1688904000000,0.0000181888
1688907600000,0.0000244605
1688911200000,0.0000261674
1688914800000,0.0000522282
1688918400000,0.0000474946
1688922000000,0.0000334813
1688925600000,0.0000208603
1688929200000,0.0000245219
1688932800000,0.000023642
1688936400000,0.0000210507
1688940000000,0.0000250114
1688943600000,0.000029267
1688947200000,0.0000186806
1688950800000,0.0000548146
1688954400000,0.0000419434
1688958000000,0.0000356891
1688961600000,0.0000282926
1688965200000,0.0000295802
1688968800000,0.0000305865
1688972400000,0.0000271976
1688976000000,0.000022781
1688979600000,0.0000336657
1688983200000,0.0000315466
1688986800000,0.0000302492
1688990400000,0.0000245043
1688994000000,0.0000235315
1688997600000,0.0000306705
1689001200000,0.0000488228
1689004800000,0.0000395979
1689008400000,0.000033955
1689012000000,0.0000337804
1689015600000,0.0000426062
1689019200000,0.0000629461
1689022800000,0.0000939956
1689026400000,0.0000825694
1689030000000,0.0000639209
1689033600000,0.0000208323
1689037200000,0.0000288606
1689040800000,0.0000294112
1689044400000,0.0000307854
1689048000000,0.0000282928
1689051600000,0.0000221767
1689055200000,0.0000182397
1689058800000,0.0000376033
1689062400000,0.0000430796
1689066000000,0.0000264758
1689069600000,0.0000243311
1689073200000,0.0000230526
1689076800000,0.000024215
1689080400000,0.0000317728
1689084000000,0.0000378938
1689087600000,0.0000355964
1689091200000,0.0000528565
1689094800000,0.0000406837
1689098400000,0.0000365314
1689102000000,0.000019952
1689105600000,0.0000209489
1689109200000,0.000025054
1689112800000,0.0000248399
1689116400000,0.0000396192
1689120000000,0.0000344862
1689123600000,0.0000383411
1689127200000,0.0000230914
1689130800000,0.0000395712
1689134400000,0.0000348338
1689138000000,0.000031773
1689141600000,0.0000202812
1689145200000,0.0000376393
1689148800000,0.0000462113
1689152400000,0.0000204474
1689156000000,-0.0000140404
1689159600000,0.0000123149
1689163200000,0.0000218458
1689166800000,0.0000561262
1689170400000,0.0000778302
1689174000000,0.0000340361
1689177600000,0.0000320585
1689181200000,0.0000434053
1689184800000,0.0000417253
1689188400000,0.0000266105
1689192000000,0.0000521527
1689195600000,0.00003276
1689199200000,0.0000266376
1689202800000,0.0000240854
1689206400000,0.000026972
1689210000000,0.0000273785
1689213600000,0.0000399173
1689217200000,0.0000346817
1689220800000,0.0000308024
1689224400000,0.0000373697
1689228000000,0.0000369968
1689231600000,0.0000374325
1689235200000,0.0000225968
1689238800000,0.0000329473
1689242400000,0.0000431831
1689246000000,0.0000292387
1689249600000,0.0000226363
1689253200000,0.0000396652
1689256800000,0.0000358334
1689260400000,0.0000316844
1689264000000,0.0000715954
1689267600000,0.0000715545
1689271200000,0.0000499483
1689274800000,0.0000891191
1689278400000,0.000105026
1689282000000,0.0000890582
1689285600000,0.0000770783
1689289200000,0.0000261665
1689292800000,0.0000231104
1689296400000,0.0000509104
1689300000000,0.0000549825
1689303600000,0.0000347687
1689307200000,0.0000605933
1689310800000,0.0000339874
1689314400000,0.0000426026
1689318000000,0.0000513359
1689321600000,0.0000692313
1689325200000,0.000058328
1689328800000,0.0000717988
1689332400000,0.0000718703
1689336000000,0.0000668003
1689339600000,0.0000617011
1689343200000,0.0000813557
1689346800000,0.0000405641
1689350400000,0.0000458901
1689354000000,0.0000539417
1689357600000,0.0000500397
1689361200000,0.0000514664
1689364800000,0.000036972
1689368400000,0.0000226198
1689372000000,0.0000190167
1689375600000,0.000020263
1689379200000,0.0000218726
1689382800000,0.0000371628
1689386400000,0.0000352297
1689390000000,0.0000125
1689393600000,0.0000125
1689397200000,0.0000125
1689400800000,0.0000125
1689404400000,0.0000125
1689408000000,0.0000125
1689411600000,0.0000125
1689415200000,0.0000125
1689418800000,0.0000125
1689422400000,0.0000125
1689426000000,0.0000125
1689429600000,0.0000125
1689433200000,0.0000125
1689436800000,0.0000125
1689440400000,0.0000125
1689444000000,0.0000125
1689447600000,0.0000125
1689451200000,0.0000125
1689454800000,0.0000125
1689458400000,0.0000125
1689462000000,0.0000125
1689465600000,0.0000125
1689469200000,0.0000162259
1689472800000,0.0000125
1689476400000,0.0000125
1689480000000,0.0000125
1689483600000,0.0000125
1689487200000,0.0000125
1689490800000,0.0000125
1689494400000,0.0000125
1689498000000,0.0000125
1689501600000,0.0000125
1689505200000,0.0000125
1689508800000,0.0000125
1689512400000,0.0000125
1689516000000,0.0000125
1689519600000,0.0000125
1689523200000,0.0000125
1689526800000,0.0000125
1689530400000,0.0000125
1689534000000,0.0000125
1689537600000,0.0000125
1689541200000,0.0000125
1689544800000,0.0000125
1689548400000,0.0000125
1689552000000,0.0000125
1689555600000,0.0000125
1689559200000,0.0000125
1689562800000,0.0000125
1689566400000,0.0000125
1689570000000,0.0000125
1689573600000,0.0000125
1689577200000,0.0000125
1689580800000,0.0000125
1689584400000,0.0000125
1689588000000,0.0000125
1689591600000,0.0000125
1689595200000,0.0000125
1689598800000,0.0000125
1689602400000,0.0000125
1689606000000,0.0000125
1689609600000,0.0000125
1689613200000,0.0000125
1689616800000,0.0000125
1689620400000,0.0000125
1689624000000,0.0000125
1689627600000,0.0000125
1689631200000,0.0000125
1689634800000,0.0000125
1689638400000,0.0000125
1689642000000,0.0000125
1689645600000,0.0000125
1689649200000,0.0000125
1689652800000,0.0000125
1689656400000,0.0000125
1689660000000,0.0000125
1689663600000,0.0000125
1689667200000,0.0000125
1689670800000,0.0000125
1689674400000,0.0000125
1689678000000,0.0000125
1689681600000,0.0000125
1689685200000,0.0000125
1689688800000,0.0000125
1689692400000,0.0000125
1689696000000,0.0000125
1689699600000,0.0000125
1689703200000,0.0000125
1689706800000,0.0000125
1689710400000,0.0000125
1689714000000,0.0000125
1689717600000,0.0000125
1689721200000,0.0000125
1689724800000,0.0000125
1689728400000,0.0000125
1689732000000,0.0000121829
1689735600000,0.0000125
1689739200000,0.0000025079
1689742800000,-0.0000058051
1689746400000,0.0000035952
1689750000000,0.0000007719
1689753600000,0.0000023229
1689757200000,0.0000078945
1689760800000,0.0000072833
1689764400000,0.0000077504
1689768000000,0.0000110759
1689771600000,0.0000064711
1689775200000,0.0000057211
1689778800000,0.0000066239
1689782400000,0.0000098735
1689786000000,0.0000094791
1689789600000,0.0000075672
1689793200000,0.0000125
1689796800000,-0.0000009177
1689800400000,0.0000045554
1689804000000,0.0000032396
1689807600000,-0.0000010859
1689811200000,-0.0000031347
1689814800000,0.0000004691
1689818400000,0.0000005806
1689822000000,0.0000080737
1689825600000,0.0000099664
1689829200000,0.0000109154
1689832800000,0.0000125
1689836400000,0.0000125
1689840000000,0.0000084963
1689843600000,0.0000085088
1689847200000,0.0000060247
1689850800000,0.0000075053
1689854400000,0.0000125
1689858000000,0.0000108084
1689861600000,0.000007185
1689865200000,-0.0000020348
1689868800000,0.0000066353
1689872400000,0.0000072422
1689876000000,0.0000110906
1689879600000,0.0000117351
1689883200000,0.0000123015
1689886800000,0.0000113201
1689890400000,0.000007474
1689894000000,0.0000087968
1689897600000,-0.0000020775
1689901200000,0.0000042223
1689904800000,0.0000116741
1689908400000,0.0000115058
1689912000000,0.0000049189
1689915600000,0.0000077658
1689919200000,0.0000099472
1689922800000,0.0000032856
1689926400000,0.0000080964
1689930000000,0.0000125
1689933600000,0.0000125
1689937200000,0.0000125
1689940800000,0.0000110705
1689944400000,0.0000054454
1689948000000,0.0000048267
1689951600000,0.0000125
1689955200000,0.0000064143
1689958800000,0.0000044756
1689962400000,-0.0000019533
1689966000000,0.000009423
1689969600000,0.0000125
1689973200000,0.0000125
1689976800000,0.0000005477
1689980400000,0.000000361
1689984000000,0.0000074967
1689987600000,0.0000100558
1689991200000,0.0000017536
1689994800000,0.0000075152
1689998400000,0.0000002184
1690002000000,0.0000040142
1690005600000,-0.0000055915
1690009200000,-0.000002987
1690012800000,0.0000102958
1690016400000,0.0000125
1690020000000,0.0000125
1690023600000,0.0000125
1690027200000,0.000006171
1690030800000,-0.0000030694
1690034400000,-0.00000247
1690038000000,-0.0000005628
1690041600000,-0.0000056975
1690045200000,-0.0000032174
1690048800000,0.000003386
1690052400000,0.0000033657
1690056000000,-0.0000029445
1690059600000,0.0000110038
1690063200000,0.0000037593
1690066800000,0.000002249
1690070400000,0.0000096989
1690074000000,0.0000125
1690077600000,0.0000125
1690081200000,0.0000125
1690084800000,0.0000121646
1690088400000,-0.0000077415
1690092000000,-0.0000233939
1690095600000,-0.0000308489
1690099200000,-0.0000360749
1690102800000,-0.0000351791
1690106400000,-0.0000325349
1690110000000,-0.0000303916
1690113600000,-0.0000287876
1690117200000,-0.0000269965
1690120800000,-0.0000025514
1690124400000,0.0000015252
1690128000000,-0.0000044639
1690131600000,0.0000067862
1690135200000,0.0000125
1690138800000,0.0000125
1690142400000,0.0000125
1690146000000,0.0000125
1690149600000,0.0000019174
1690153200000,0.0000010274
1690156800000,0.0000028789
1690160400000,0.0000054974
1690164000000,-0.0000007452
1690167600000,-0.0000117803
1690171200000,-0.0000098091
1690174800000,-0.0000062796
1690178400000,-0.0000041907
1690182000000,-0.0000027884
1690185600000,0.0000060685
1690189200000,0.0000032562
1690192800000,0.0000000894
1690196400000,0.0000120826
1690200000000,0.0000092437
1690203600000,-0.0000026743
1690207200000,-0.0000107712
1690210800000,-0.0000023449
1690214400000,0.0000122176
1690218000000,0.0000125
1690221600000,0.0000066801
1690225200000,0.0000075434
1690228800000,-0.0000023003
1690232400000,-0.0000012628
1690236000000,-0.0000052688
1690239600000,-0.0000056526
1690243200000,-0.0000011027
1690246800000,-0.0000015754
1690250400000,-0.000003079
1690254000000,-0.0000040884
1690257600000,-0.0000121034
1690261200000,-0.0000028523
1690264800000,-0.0000124509
1690268400000,-0.0000055923
1690272000000,-0.0000036443
1690275600000,0.0000016611
1690279200000,-0.0000035128
1690282800000,-0.0000055914
1690286400000,-0.0000018196
1690290000000,-0.0000017268
1690293600000,0.0000078084
1690297200000,-0.0000037532
1690300800000,-0.000004206
1690304400000,-0.0000065727
1690308000000,-0.0000016095
1690311600000,-0.0000015949
1690315200000,0.0000014101
1690318800000,0.0000019058
1690322400000,0.0000008705
1690326000000,0.0000005116
1690329600000,-0.0000014536
1690333200000,0.0000016491
1690336800000,0.0000030653
1690340400000,0.0000015937
1690344000000,0.0000037533
1690347600000,-0.0000006327
1690351200000,0.0000067229
1690354800000,0.0000020222
1690358400000,-0.0000031354
1690362000000,-0.0000059384
1690365600000,-0.0000066746
1690369200000,-0.0000045496
1690372800000,-0.0000053586
1690376400000,-0.0000024266
1690380000000,-0.0000032633
1690383600000,-0.0000141717
1690387200000,-0.0000108923
1690390800000,-0.0000117728
1690394400000,-0.0000130543
1690398000000,-0.0000112544
1690401600000,-0.0000126897
1690405200000,-0.0000109687
1690408800000,-0.0000069196
1690412400000,-0.0000026834
1690416000000,-0.0000048325
1690419600000,-0.0000037354
1690423200000,0.0000000761
1690426800000,0.0000025996
1690430400000,-0.0000040714
1690434000000,-0.000001599
1690437600000,0.0000077443
1690441200000,0.0000040182
1690444800000,-0.0000008945
1690448400000,-0.0000051225
1690452000000,0.0000046945
1690455600000,-0.0000022838
1690459200000,0.000007229
1690462800000,0.0000022133
1690466400000,0.0000033346
1690470000000,0.0000038326
1690473600000,0.0000085053
1690477200000,0.0000009954
1690480800000,-0.0000071763
1690484400000,-0.0000028346
1690488000000,-0.0000114132
1690491600000,-0.0000159056
1690495200000,-0.0000164624
1690498800000,-0.0000094483
1690502400000,0.0000003218
1690506000000,-0.0000026984
1690509600000,-0.0000093203
1690513200000,-0.0000042395
1690516800000,-0.000002859
1690520400000,0.0000008566
1690524000000,-0.0000037341
1690527600000,0.0000007544
1690531200000,0.0000053122
1690534800000,0.0000042585
1690538400000,0.0000057166
1690542000000,0.0000078485
1690545600000,0.0000125
1690549200000,0.0000068807
1690552800000,0.0000019764
1690556400000,0.0000093722
1690560000000,0.0000058304
1690563600000,-0.0000012678
1690567200000,0.0000008503
1690570800000,-0.0000046341
1690574400000,0.000002585
1690578000000,-0.000004113
1690581600000,0.0000018587
1690585200000,-0.0000014652
1690588800000,0.0000073061
1690592400000,0.0000034152
1690596000000,0.0000005018
1690599600000,-0.0000077878
1690603200000,-0.0000057912
1690606800000,-0.0000085731
1690610400000,-0.0000041108
1690614000000,0.0000006104
1690617600000,0.0000015079
1690621200000,0.0000005539
1690624800000,0.0000000471
1690628400000,-0.0000022299
1690632000000,-0.0000010819
1690635600000,-0.0000098934
1690639200000,0.0000057804
1690642800000,0.0000026884
1690646400000,0.0000023247
1690650000000,0.000001975
1690653600000,-0.0000015699
1690657200000,-0.000006054
1690660800000,0.0000034047
1690664400000,0.0000002494
1690668000000,0.0000000618
1690671600000,0.0000058664
1690675200000,0.0000014691
1690678800000,-0.000000818
1690682400000,0.0000023008
1690686000000,-0.0000005373
1690689600000,0.0000013581
1690693200000,-0.0000023107
1690696800000,-0.0000066938
1690700400000,-0.0000072792
1690704000000,-0.000003392
1690707600000,0.0000043299
1690711200000,-0.0000030657
1690714800000,-0.0000031167
1690718400000,0.0000083613
1690722000000,-0.0000049652
1690725600000,-0.0000121114
1690729200000,-0.0000004583
1690732800000,-0.0000064241
1690736400000,0.0000042887
1690740000000,-0.0000028929
1690743600000,-0.0000135004
1690747200000,-0.0000142793
1690750800000,-0.0000113954
1690754400000,-0.0000050317
1690758000000,-0.0000043407
1690761600000,-0.0000037195
1690765200000,0.0000012972
1690768800000,-0.0000002398
1690772400000,-0.0000034484
1690776000000,-0.0000027688
1690779600000,-0.0000074742
1690783200000,-0.0000067833
1690786800000,0.0000001504
1690790400000,0.0000008104
1690794000000,0.0000045004
1690797600000,0.0000013661
1690801200000,-0.0000008219
1690804800000,-0.0000018947
1690808400000,-0.0000035387
1690812000000,-0.0000080391
1690815600000,-0.0000027999
1690819200000,0.0000038811
1690822800000,-0.0000064898
1690826400000,-0.0000071141
1690830000000,-0.0000105416
1690833600000,-0.000002702
1690837200000,-0.0000000142
1690840800000,-0.0000021931
1690844400000,0.0000055618
1690848000000,-0.0000017677
1690851600000,0.0000078043
1690855200000,-0.000007024
1690858800000,-0.0000064197
1690862400000,-0.000001188
1690866000000,0.0000086097
1690869600000,0.0000070567
1690873200000,-0.0000072256
1690876800000,-0.0000090689
1690880400000,-0.0000030237
1690884000000,-0.000004852
1690887600000,-0.0000057897
1690891200000,-0.0000093278
1690894800000,-0.0000020281
1690898400000,0.0000047674
1690902000000,-0.0000010957
1690905600000,0.0000022567
1690909200000,-0.0000020328
1690912800000,-0.000000158
1690916400000,-0.0000009701
1690920000000,0.000011886
1690923600000,0.0000125
1690927200000,0.0000125
1690930800000,0.0000124207
1690934400000,0.0000125
1690938000000,0.0000125
1690941600000,0.0000124734
1690945200000,0.0000125
1690948800000,0.0000066381
1690952400000,-0.0000054363
1690956000000,-0.0000047071
1690959600000,0.0000102176
1690963200000,0.0000125
1690966800000,0.0000076962
1690970400000,0.0000031187
1690974000000,0.0000120755
1690977600000,0.0000036643
1690981200000,0.0000008244
1690984800000,0.0000125
1690988400000,0.0000050518
1690992000000,0.0000041111
1690995600000,0.0000063588
1690999200000,0.0000076065
1691002800000,0.0000104658
1691006400000,0.0000064435
1691010000000,0.0000125
1691013600000,0.0000119687
1691017200000,0.0000058628
1691020800000,0.0000006169
1691024400000,0.0000045328
1691028000000,0.0000084751
1691031600000,-0.0000055189
1691035200000,0.0000017201
1691038800000,0.0000015366
1691042400000,0.0000021442
1691046000000,-0.0000002353
1691049600000,0.0000079066
1691053200000,0.0000125
1691056800000,0.0000107125
1691060400000,0.0000103141
1691064000000,0.0000029581
1691067600000,0.0000076664
1691071200000,0.0000005597
1691074800000,-0.0000048256
1691078400000,-0.0000066184
1691082000000,-0.0000089669
1691085600000,-0.000008003
1691089200000,-0.0000040077
1691092800000,-0.0000049547
1691096400000,-0.0000085439
1691100000000,-0.0000019194
1691103600000,0.0000018716
1691107200000,-0.0000085858
1691110800000,-0.0000009142
1691114400000,-0.0000021306
1691118000000,-0.0000055165
1691121600000,-0.0000057646
1691125200000,0.0000035358
1691128800000,0.0000006751
1691132400000,-0.0000088281
1691136000000,-0.0000044103
1691139600000,-0.0000083836
1691143200000,0.0000002063
1691146800000,0.0000014762
1691150400000,0.0000014213
1691154000000,0.0000044329
1691157600000,-0.000007931
1691161200000,-0.0000067142
1691164800000,-0.000020409
1691168400000,-0.0000194656
1691172000000,-0.0000210723
1691175600000,-0.0000167059
1691179200000,-0.0000153203
1691182800000,-0.0000194715
1691186400000,-0.0000084711
1691190000000,-0.0000193516
1691193600000,-0.0000169727
1691197200000,-0.0000156926
1691200800000,-0.0000147471
1691204400000,-0.0000084443
1691208000000,-0.000013396
1691211600000,-0.000016227
1691215200000,-0.0000061354
1691218800000,-0.0000095156
1691222400000,-0.0000118274
1691226000000,0.0000004794
1691229600000,-0.0000091161
1691233200000,0.0000072468
1691236800000,-0.0000049373
1691240400000,-0.0000093018
1691244000000,-0.0000092046
1691247600000,-0.0000061253
1691251200000,-0.0000116796
1691254800000,-0.0000079838
1691258400000,0.000000459
1691262000000,-0.0000099866
1691265600000,-0.0000126417
1691269200000,-0.0000103152
1691272800000,-0.0000050476
1691276400000,-0.0000088995
1691280000000,-0.0000169462
1691283600000,-0.0000160937
1691287200000,-0.000011698
1691290800000,-0.0000032133
1691294400000,-0.0000087126
1691298000000,-0.0000107181
1691301600000,-0.0000109569
1691305200000,-0.0000243798
1691308800000,-0.000013791
1691312400000,-0.0000181023
1691316000000,-0.0000096092
1691319600000,-0.0000070865
1691323200000,0.0000060182
1691326800000,-0.0000071274
1691330400000,-0.0000037533
1691334000000,-0.0000093436
1691337600000,-0.0000024069
1691341200000,0.0000064481
1691344800000,0.0000003389
1691348400000,-0.0000165176
1691352000000,-0.0000185335
1691355600000,-0.0000124177
1691359200000,0.0000025738
1691362800000,-0.0000018045
1691366400000,-0.0000061131
1691370000000,-0.0000061672
1691373600000,-0.0000050568
1691377200000,-0.0000159597
1691380800000,-0.0000162953
1691384400000,-0.0000085296
1691388000000,-0.0000098851
1691391600000,-0.000010485
1691395200000,-0.0000084044
1691398800000,-0.0000105407
1691402400000,0.0000032601
1691406000000,0.0000125
1691409600000,0.0000078119
1691413200000,-0.0000010756
1691416800000,0.0000006337
1691420400000,0.0000103973
1691424000000,0.0000125
1691427600000,0.0000125
1691431200000,-0.0000008188
1691434800000,0.0000007219
1691438400000,-0.0000042729
1691442000000,-0.0000048493
1691445600000,0.0000072806
1691449200000,0.000002017
1691452800000,0.0000077045
1691456400000,-0.0000058835
1691460000000,-0.000004613
1691463600000,-0.0000058014
1691467200000,-0.0000107347
1691470800000,-0.0000025764
1691474400000,-0.0000057431
1691478000000,-0.0000097497
1691481600000,-0.0000031466
1691485200000,-0.0000029233
1691488800000,0.0000022921
1691492400000,0.0000051038
1691496000000,0.0000038271
1691499600000,-0.000006514
1691503200000,-0.0000079829
1691506800000,-0.0000140016
1691510400000,-0.0000149984
1691514000000,-0.0000078223
1691517600000,-0.0000106462
1691521200000,-0.0000220294
1691524800000,-0.0000168077
1691528400000,-0.0000149926
1691532000000,0.0000019058
1691535600000,0.0000073996
1691539200000,-0.0000003813
1691542800000,-0.0000135711
1691546400000,-0.0000110274
1691550000000,-0.0000118255
1691553600000,0.000002178
1691557200000,0.0000038384
1691560800000,-0.0000048224
1691564400000,-0.0000075728
1691568000000,-0.0000080462
1691571600000,-0.0000090816
1691575200000,-0.0000159138
1691578800000,-0.0000140083
1691582400000,-0.0000144728
1691586000000,-0.0000031352
1691589600000,-0.0000162012
1691593200000,-0.0000093073
1691596800000,0.0000012294
1691600400000,-0.0000086742
1691604000000,-0.0000105468
1691607600000,-0.000009092
1691611200000,-0.0000144729
1691614800000,-0.0000014098
1691618400000,-0.0000059231
1691622000000,-0.0000097266
1691625600000,-0.0000145659
1691629200000,-0.0000163942
1691632800000,-0.0000129109
1691636400000,-0.0000170858
1691640000000,-0.0000142606
1691643600000,-0.0000094602
1691647200000,0.0000020429
1691650800000,-0.000003979
1691654400000,-0.0000033033
1691658000000,-0.0000031766
1691661600000,0.0000026642
1691665200000,-0.0000009909
1691668800000,-0.0000021873
1691672400000,-0.0000094359
1691676000000,-0.0000088661
1691679600000,-0.0000131872
1691683200000,-0.0000185963
1691686800000,-0.0000100502
1691690400000,-0.0000049647
1691694000000,-0.0000025262
1691697600000,0.0000050334
1691701200000,0.0000051827
1691704800000,0.0000083469
1691708400000,-0.0000070371
1691712000000,-0.0000133626
1691715600000,-0.0000007918
1691719200000,-0.0000056828
1691722800000,-0.0000034019
1691726400000,0.000007544
1691730000000,-0.0000016663
1691733600000,0.0000072757
1691737200000,-0.0000042279
1691740800000,0.0000000555
1691744400000,0.0000035124
1691748000000,0.0000017257
1691751600000,-0.0000011606
1691755200000,-0.0000040896
1691758800000,-0.0000118133
1691762400000,-0.0000091588
1691766000000,-0.0000158807
1691769600000,-0.000005853
1691773200000,-0.0000082237
1691776800000,-0.0000006887
1691780400000,-0.0000021166
1691784000000,-0.0000027407
1691787600000,-0.000004216
1691791200000,0.0000009382
1691794800000,-0.0000002454
1691798400000,-0.0000055623
1691802000000,-0.0000061
1691805600000,-0.0000125959
1691809200000,0.0000014055
1691812800000,-0.0000067983
1691816400000,0.0000004847
1691820000000,-0.0000056018
1691823600000,0.0000030983
1691827200000,0.0000090298
1691830800000,-0.0000030913
1691834400000,-0.0000040524
1691838000000,0.0000034096
1691841600000,-0.0000046067
1691845200000,-0.0000068884
1691848800000,-0.0000026968
1691852400000,-0.0000008569
1691856000000,-0.0000098003
1691859600000,-0.0000094225
1691863200000,-0.0000104284
1691866800000,0.0000015543
1691870400000,-0.0000011519
1691874000000,0.0000055157
1691877600000,0.0000045261
1691881200000,-0.0000005046
1691884800000,-0.0000002978
1691888400000,0.0000030111
1691892000000,0.0000005675
1691895600000,0.0000047726
1691899200000,-0.0000158316
1691902800000,-0.0000184299
1691906400000,-0.0000151841
1691910000000,-0.0000081972
1691913600000,-0.0000117045
1691917200000,-0.0000062268
1691920800000,0.0000016669
1691924400000,-0.0000031702
1691928000000,-0.0000032487
1691931600000,-0.0000003847
1691935200000,-0.0000002197
1691938800000,0.000004108
1691942400000,0.0000022865
1691946000000,-0.0000009911
1691949600000,0.0000039582
1691953200000,0.0000026673
1691956800000,-0.0000051867
1691960400000,-0.0000022603
1691964000000,-0.0000009426
1691967600000,-0.0000016147
1691971200000,0.00000702
1691974800000,0.0000116748
1691978400000,0.0000123122
1691982000000,-0.0000048706
1691985600000,0.0000017482
1691989200000,-0.0000033033
1691992800000,0.0000025078
1691996400000,0.00000043
1692000000000,-0.0000048173
1692003600000,-0.0000036715
1692007200000,-0.0000106117
1692010800000,-0.0000064539
1692014400000,-0.0000087216
1692018000000,-0.0000039114
1692021600000,0.0000081197
1692025200000,0.0000024432
1692028800000,0.0000054124
1692032400000,-0.0000027608
1692036000000,0.0000028082
1692039600000,-0.0000066297
1692043200000,0.0000045609
1692046800000,0.0000017788
1692050400000,-0.0000072653
1692054000000,-0.0000088233
1692057600000,-0.0000036424
1692061200000,-0.0000074449
1692064800000,-0.0000092836
1692068400000,-0.0000127044
1692072000000,-0.0000137086
1692075600000,-0.0000036737
1692079200000,0.0000023642
1692082800000,-0.0000016202
1692086400000,0.0000010028
1692090000000,0.000002602
1692093600000,0.000007916
1692097200000,0.0000059309
1692100800000,0.0000100346
1692104400000,0.0000032257
1692108000000,-0.0000014487
1692111600000,-0.0000075308
1692115200000,-0.0000193118
1692118800000,-0.0000124717
1692122400000,-0.0000036164
1692126000000,0.0000003215
1692129600000,0.0000009007
1692133200000,0.0000083605
1692136800000,-0.0000030864
1692140400000,-0.0000101353
1692144000000,-0.000011188
1692147600000,-0.0000030549
1692151200000,-0.0000018676
1692154800000,0.0000063166
1692158400000,0.0000041895
1692162000000,0.0000016099
1692165600000,0.0000041809
1692169200000,0.0000008918
1692172800000,-0.0000039362
1692176400000,0.0000041044
1692180000000,0.0000098053
1692183600000,0.0000125
1692187200000,0.0000056821
1692190800000,0.0000103752
1692194400000,0.0000125
1692198000000,0.0000125
1692201600000,0.0000118602
1692205200000,0.0000125
1692208800000,0.0000125
1692212400000,0.0000115214
1692216000000,0.0000039106
1692219600000,0.0000013461
1692223200000,-0.0000053597
1692226800000,-0.0000120004
1692230400000,-0.0000201985
1692234000000,0.0000125
1692237600000,0.0000125
1692241200000,0.0000125
1692244800000,0.0000125
1692248400000,0.0000125
1692252000000,0.0000125
1692255600000,0.0000125
1692259200000,0.0000125
1692262800000,0.0000125
1692266400000,0.0000125
1692270000000,0.0000125
1692273600000,0.0000125
1692277200000,0.0000125
1692280800000,0.0000125
1692284400000,0.0000125
1692288000000,0.0000125
1692291600000,0.0000090088
1692295200000,-0.0000264
1692298800000,-0.0000158141
1692302400000,-0.0000143942
1692306000000,-0.0000206119
1692309600000,-0.000074287
1692313200000,-0.0000436702
1692316800000,-0.000045863
1692320400000,-0.000043105
1692324000000,-0.0000357044
1692327600000,-0.000042326
1692331200000,-0.0000399497
1692334800000,-0.0000456931
1692338400000,-0.0000438227
1692342000000,-0.0000524246
1692345600000,-0.0000502272
1692349200000,-0.000047212
1692352800000,-0.0000486074
1692356400000,-0.0000418999
1692360000000,-0.0000481918
1692363600000,-0.00004288
1692367200000,-0.0000366523
1692370800000,-0.0000364201
1692374400000,-0.0000449801
1692378000000,-0.0000366279
1692381600000,-0.0000405256
1692385200000,-0.0000488628
1692388800000,-0.0000449519
1692392400000,-0.0000297482
1692396000000,-0.0000265566
1692399600000,-0.000028591
1692403200000,-0.0000234643
1692406800000,-0.0000186952
1692410400000,-0.0000331451
1692414000000,-0.0000287207
1692417600000,-0.0000197466
1692421200000,-0.0000180958
1692424800000,-0.000020601
1692428400000,-0.000019539
1692432000000,-0.0000227469
1692435600000,-0.0000226152
1692439200000,-0.0000223177
1692442800000,-0.000026248
1692446400000,-0.0000262187
1692450000000,-0.0000245175
1692453600000,-0.0000288249
1692457200000,-0.0000320141
1692460800000,-0.0000287619
1692464400000,-0.000033116
1692468000000,-0.0000417534
1692471600000,-0.0000402389
1692475200000,-0.0000340818
1692478800000,-0.0000314436
1692482400000,-0.0000312515
1692486000000,-0.0000347048
1692489600000,-0.0000256835
1692493200000,-0.0000286815
1692496800000,-0.0000320097
1692500400000,-0.0000321108
1692504000000,-0.0000248203
1692507600000,-0.0000344117
1692511200000,-0.000030605
1692514800000,-0.0000256226
1692518400000,-0.0000319183
1692522000000,-0.0000307056
1692525600000,-0.000027657
1692529200000,-0.0000221226
1692532800000,-0.0000239631
1692536400000,-0.0000203976
1692540000000,-0.0000205079
1692543600000,-0.0000177141
1692547200000,-0.0000217601
1692550800000,-0.000022459
1692554400000,-0.0000273657
1692558000000,-0.0000269619
1692561600000,-0.0000255574
1692565200000,-0.0000214071
1692568800000,-0.0000265057
1692572400000,-0.0000274483
1692576000000,-0.0000221464
1692579600000,-0.0000225081
1692583200000,-0.000027711
1692586800000,-0.0000198195
1692590400000,-0.0000243235
1692594000000,-0.0000200464
1692597600000,-0.00001878
1692601200000,-0.0000115009
1692604800000,-0.0000118313
1692608400000,-0.000013481
1692612000000,-0.0000043413
1692615600000,-0.0000110353
1692619200000,-0.0000125168
1692622800000,-0.0000221673
1692626400000,-0.0000248842
1692630000000,-0.0000234141
1692633600000,-0.0000203003
1692637200000,0.0000023848
1692640800000,0.0000066786
1692644400000,-0.0000007319
1692648000000,-0.0000168619
1692651600000,-0.0000194339
1692655200000,-0.0000155805
1692658800000,-0.000013524
1692662400000,-0.0000181065
1692666000000,-0.0000164213
1692669600000,-0.0000188001
1692673200000,-0.0000115525
1692676800000,-0.0000231897
1692680400000,-0.0000223441
1692684000000,-0.0000190869
1692687600000,-0.0000186901
1692691200000,-0.0000092139
1692694800000,-0.0000193133
1692698400000,-0.000013679
1692702000000,-0.0000114742
1692705600000,-0.0000080125
1692709200000,-0.0000122808
1692712800000,-0.0000060231
1692716400000,-0.000010177
1692720000000,-0.0000046551
1692723600000,-0.0000038884
1692727200000,0.0000017531
1692730800000,0.0000048689
1692734400000,-0.0000011278
1692738000000,-0.0000031815
1692741600000,-0.0000084467
1692745200000,-0.0000072836
1692748800000,-0.0000121804
1692752400000,-0.0000234675
1692756000000,-0.0000173455
1692759600000,-0.0000223633
1692763200000,-0.000024612
1692766800000,-0.0000168786
1692770400000,-0.0000175255
1692774000000,-0.0000207312
1692777600000,-0.0000204762
1692781200000,-0.0000198105
1692784800000,-0.0000085662
1692788400000,-0.0000116417
1692792000000,-0.0000094796
1692795600000,-0.0000091041
1692799200000,-0.0000065067
1692802800000,-0.0000177549
1692806400000,-0.0000153364
1692810000000,-0.0000182847
1692813600000,-0.0000272586
1692817200000,-0.0000241672
1692824400000,0.0000125
1692828000000,0.0000125
1692831600000,0.0000125
1692835200000,0.0000125
1692838800000,0.0000125
1692842400000,0.0000125
1692846000000,0.0000125
1692849600000,0.0000125
1692853200000,0.0000125
1692856800000,0.0000125
1692860400000,0.0000125
1692864000000,0.0000125
1692867600000,0.0000125
1692871200000,0.0000125
1692874800000,0.0000125
1692878400000,0.0000125
1692882000000,0.0000125
1692885600000,0.0000125
1692889200000,0.0000125
1692892800000,0.0000125
1692896400000,-0.0000055217
1692900000000,-0.0000215628
1692903600000,-0.0000253434
1692907200000,-0.0000263799
1692910800000,-0.0000351823
1692914400000,-0.0000291018
1692918000000,-0.0000309982
1692921600000,-0.0000261982
1692925200000,-0.0000227416
1692928800000,-0.0000236848
1692932400000,-0.0000253065
1692936000000,-0.0000233876
1692939600000,-0.0000206104
1692943200000,-0.0000197762
1692946800000,-0.0000224135
1692950400000,-0.0000268493
1692954000000,-0.0000248573
1692957600000,-0.0000270074
1692961200000,-0.0000177302
1692964800000,-0.0000213581
1692968400000,-0.0000260883
1692972000000,-0.0000299603
1692975600000,-0.0000224698
1692979200000,-0.0000227736
1692982800000,-0.0000178214
1692986400000,-0.0000146549
1692990000000,-0.000015427
1692993600000,-0.0000157293
1692997200000,-0.000017556
1693000800000,-0.0000187807
1693004400000,-0.0000186544
1693008000000,-0.000022658
1693011600000,-0.0000158249
1693015200000,-0.0000180871
1693018800000,-0.0000159403
1693022400000,-0.0000073648
1693026000000,-0.0000136424
1693029600000,-0.0000125685
1693033200000,-0.0000157302
1693036800000,-0.0000159531
1693040400000,-0.0000158899
1693044000000,-0.0000127347
1693047600000,-0.0000114555
1693051200000,-0.000015119
1693054800000,-0.0000200934
1693058400000,-0.0000151878
1693062000000,-0.0000151183
1693065600000,-0.0000225034
1693069200000,-0.0000250072
1693072800000,-0.0000178555
1693076400000,-0.0000195007
1693080000000,-0.0000153365
1693083600000,-0.000022378
1693087200000,-0.0000158361
1693090800000,-0.0000196188
1693094400000,-0.0000205033
1693098000000,-0.0000169086
1693101600000,-0.0000165489
1693105200000,-0.000020808
1693108800000,-0.0000156535
1693112400000,-0.0000154664
1693116000000,-0.0000224848
1693119600000,-0.0000122249
1693123200000,-0.0000197937
1693126800000,-0.0000159869
1693130400000,-0.0000196236
1693134000000,-0.0000184012
1693137600000,-0.000016281
1693141200000,-0.0000124391
1693144800000,-0.0000138537
1693148400000,-0.0000180056
1693152000000,-0.0000251273
1693155600000,-0.0000159105
1693159200000,-0.0000218887
1693162800000,-0.0000116228
1693166400000,-0.000014787
1693170000000,-0.0000134129
1693173600000,-0.0000167736
1693177200000,-0.0000222121
1693180800000,-0.0000272696
1693184400000,-0.0000274605
1693188000000,-0.0000175242
1693191600000,-0.0000099255
1693195200000,-0.0000105425
1693198800000,-0.0000163982
1693202400000,-0.000019608
1693206000000,-0.0000174993
1693209600000,-0.000015603
1693213200000,-0.0000183849
1693216800000,-0.000012457
1693220400000,-0.0000121598
1693224000000,-0.0000147385
1693227600000,-0.0000149608
1693231200000,-0.0000167836
1693234800000,-0.0000178455
1693238400000,-0.0000155766
1693242000000,-0.0000168459
1693245600000,-0.0000237233
1693249200000,-0.0000267483
1693252800000,-0.0000407615
1693256400000,-0.0000363114
1693260000000,-0.0000382871
1693263600000,-0.0000337003
1693267200000,-0.0000101316
1693270800000,-0.0000106922
1693274400000,-0.0000112788
1693278000000,-0.0000114856
1693281600000,-0.0000079274
1693285200000,-0.0000187015
1693288800000,-0.0000131166
1693292400000,-0.0000077343
1693296000000,-0.0000129727
1693299600000,-0.0000193863
1693303200000,-0.0000182386
1693306800000,-0.0000215352
1693310400000,-0.0000074181
1693314000000,-0.0000124804
1693317600000,-0.0000167769
1693321200000,0.0000125
1693324800000,-0.0000019093
1693328400000,-0.0000031796
1693332000000,-0.0000181408
1693335600000,-0.0000176191
1693339200000,-0.0000198014
1693342800000,-0.000022793
1693346400000,-0.0000300276
1693350000000,-0.0000320005
1693353600000,-0.0000339957
1693357200000,-0.000036513
1693360800000,-0.0000232335
1693364400000,-0.0000260491
1693368000000,-0.0000293742
1693371600000,-0.0000178804
1693375200000,-0.0000127311
1693378800000,-0.0000064745
1693382400000,0.0000031293
1693386000000,-0.0000029648
1693389600000,-0.0000108082
1693393200000,-0.0000121618
1693396800000,-0.000009747
1693400400000,-0.0000097108
1693404000000,-0.0000121657
1693407600000,-0.0000165182
1693411200000,-0.0000081513
1693414800000,-0.0000051507
1693418400000,-0.0000106691
1693422000000,-0.0000099592
1693425600000,-0.0000181567
1693429200000,-0.0000118105
1693432800000,-0.0000157183
1693436400000,-0.0000143177
1693440000000,-0.0000124372
1693443600000,-0.0000076878
1693447200000,-0.0000061234
1693450800000,-0.0000068474
1693454400000,-0.0000099141
1693458000000,-0.0000052301
1693461600000,0.0000052151
1693465200000,-0.0000074721
1693468800000,-0.0000125158
1693472400000,-0.000007156
1693476000000,-0.0000099041
1693479600000,-0.0000022174
1693483200000,-0.0000045357
1693486800000,-0.000008199
1693490400000,-0.0000053925
1693494000000,-0.0000080413
1693497600000,-0.0000112265
1693501200000,-0.0000222015
1693504800000,-0.0000163777
1693508400000,-0.0000007608
1693512000000,-0.0000219379
1693515600000,-0.0000197695
1693519200000,-0.0000191625
1693522800000,-0.0000160369
1693526400000,-0.0000229207
1693530000000,-0.0000178326
1693533600000,-0.0000229647
1693537200000,-0.0000136002
1693540800000,-0.000006357
1693544400000,-0.0000146985
1693548000000,-0.0000119155
1693551600000,-0.0000181667
1693555200000,-0.0000246516
1693558800000,-0.0000207156
1693562400000,-0.0000216932
1693566000000,-0.000020775
1693569600000,-0.0000139292
1693573200000,-0.0000206997
1693576800000,-0.0000170922
1693580400000,-0.0000145656
1693584000000,0.0000011972
1693587600000,0.0000015988
1693591200000,-0.0000187233
1693594800000,-0.0000090921
1693598400000,-0.0000189597
1693602000000,-0.0000126989
1693605600000,-0.0000161406
1693609200000,-0.0000183201
1693612800000,-0.0000173749
1693616400000,-0.0000160306
1693620000000,-0.0000227067
1693623600000,-0.0000226394
1693627200000,-0.0000126092
1693630800000,-0.0000157294
1693634400000,-0.0000222444
1693638000000,-0.0000190372
1693641600000,-0.000024846
1693645200000,-0.0000282667
1693648800000,-0.000024268
1693652400000,-0.0000244657
1693656000000,-0.000029837
1693659600000,-0.0000328388
1693663200000,-0.0000276663
1693666800000,-0.0000192102
1693670400000,-0.00001319
1693674000000,0.0000011676
1693677600000,0.0000035704
1693681200000,0.0000044832
1693684800000,0.0000060046
1693688400000,0.0000091337
1693692000000,0.0000039694
1693695600000,-0.000004203
1693699200000,-0.0000032311
1693702800000,0.0000022627
1693706400000,-0.000003877
1693710000000,-0.000010009
1693713600000,-0.0000139269
1693717200000,-0.0000044574
1693720800000,-0.0000054769
1693724400000,-0.0000107355
1693728000000,-0.0000048358
1693731600000,-0.0000099988
1693735200000,-0.0000115386
1693738800000,-0.0000064469
1693742400000,-0.0000023603
1693746000000,-0.0000025281
1693749600000,0.0000024956
1693753200000,0.000000435
1693756800000,-0.0000018911
1693760400000,-0.0000058293
1693764000000,-0.0000054645
1693767600000,0.000003543
1693771200000,0.0000045337
1693774800000,0.0000060922
1693778400000,0.0000015725
1693782000000,-0.0000059071
1693785600000,-0.000004182
1693789200000,-0.0000000909
1693792800000,-0.0000028409
1693796400000,-0.0000065389
1693800000000,-0.0000054514
1693803600000,-0.000010797
1693807200000,-0.0000105634
1693810800000,-0.0000087155
1693814400000,-0.0000065605
1693818000000,-0.0000035647
1693821600000,-0.0000084433
1693825200000,-0.0000051792
1693828800000,-0.0000115363
1693832400000,-0.0000086602
1693836000000,-0.0000093174
1693839600000,-0.0000112427
1693843200000,-0.0000099462
1693846800000,-0.0000079766
1693850400000,-0.000005122
1693854000000,-0.0000110238
1693857600000,-0.0000132202
1693861200000,-0.0000076856
1693864800000,-0.000013084
1693868400000,-0.000012323
1693872000000,-0.0000141433
1693875600000,-0.0000089279
1693879200000,-0.0000170437
1693882800000,-0.0000093621
1693886400000,-0.0000033369
1693890000000,-0.0000095251
1693893600000,-0.0000147333
1693897200000,-0.0000092928
1693900800000,-0.0000065363
1693904400000,-0.0000099431
1693908000000,-0.0000070392
1693911600000,-0.0000082524
1693915200000,-0.0000073475
1693918800000,-0.0000037631
1693922400000,0.0000018079
1693926000000,-0.0000003244
1693929600000,0.0000116252
1693933200000,0.0000117296
1693936800000,0.0000073915
1693940400000,0.0000117737
1693944000000,0.0000065665
1693947600000,0.0000065655
1693951200000,0.0000099958
1693954800000,0.0000089022
1693958400000,0.0000064068
1693962000000,0.0000057293
1693965600000,0.000010549
1693969200000,0.0000125
1693972800000,0.0000083361
1693976400000,0.0000035481
1693980000000,0.000000132
1693983600000,0.0000021407
1693987200000,0.0000026529
1693990800000,0.0000125
1693994400000,0.0000094921
1693998000000,-0.0000034124
1694001600000,-0.0000006999
1694005200000,0.0000021331
1694008800000,-0.0000038259
1694012400000,-0.0000008463
1694016000000,-0.0000011624
1694019600000,0.0000030204
1694023200000,0.000001153
1694026800000,0.0000088726
1694030400000,0.0000109595
1694034000000,0.0000125
1694037600000,0.0000074704
1694041200000,-0.0000061289
1694044800000,-0.0000039629
1694048400000,-0.0000048139
1694052000000,-0.0000011763
1694055600000,-0.000008597
1694059200000,-0.0000020401
1694062800000,-0.0000052348
1694066400000,-0.0000052999
1694070000000,0.0000001744
1694073600000,0.0000125
1694077200000,0.0000125
1694080800000,0.0000125
1694084400000,0.0000125
1694088000000,0.0000125
1694091600000,0.0000125
1694095200000,0.0000125
1694098800000,0.0000125
1694102400000,0.0000125
1694106000000,0.0000125
1694109600000,0.0000125
1694113200000,0.0000125
1694116800000,0.0000125
1694120400000,0.0000125
1694124000000,0.0000125
1694127600000,0.0000125
1694131200000,0.0000125
1694134800000,-0.0000033867
1694138400000,0.0000125
1694142000000,0.0000125
1694145600000,0.0000125
1694149200000,0.0000125
1694152800000,0.0000125
1694156400000,0.0000125
1694160000000,0.0000125
1694163600000,0.0000125
1694167200000,0.0000125
1694170800000,0.0000125
1694174400000,0.0000125
1694178000000,0.0000125
1694181600000,0.0000125
1694185200000,0.0000125
1694188800000,0.0000125
1694192400000,0.0000125
1694196000000,0.0000125
1694199600000,0.0000125
1694203200000,0.0000125
1694206800000,0.0000125
1694210400000,0.0000125
1694214000000,0.0000125
1694217600000,0.0000125
1694221200000,0.0000125
1694224800000,0.0000125
1694228400000,0.0000125
1694232000000,0.0000125
1694235600000,0.0000125
1694239200000,0.0000125
1694242800000,0.0000125
1694246400000,0.0000125
1694250000000,0.0000125
1694253600000,0.0000125
1694257200000,0.0000125
1694260800000,0.0000125
1694264400000,0.0000125
1694268000000,0.0000125
1694271600000,0.0000125
1694275200000,0.0000125
1694278800000,0.0000125
1694282400000,0.0000125
1694286000000,0.0000125
1694289600000,0.0000125
1694293200000,0.0000125
1694296800000,0.0000125
1694300400000,0.0000125
1694304000000,0.0000125
1694307600000,0.0000125
1694311200000,0.0000125
1694314800000,0.0000125
1694318400000,0.0000125
1694322000000,-0.0000218663
1694325600000,-0.0000218854
1694329200000,-0.0000210872
1694332800000,-0.0000275226
1694336400000,-0.000018231
1694340000000,-0.0000274893
1694343600000,-0.0000242466
1694347200000,-0.0000247625
1694350800000,-0.0000240979
1694354400000,-0.0000306246
1694358000000,-0.000046364
1694361600000,-0.0000389009
1694365200000,-0.0000398684
1694368800000,-0.0000397241
1694372400000,-0.0000370487
1694376000000,-0.0000430303
1694379600000,-0.0000508983
1694383200000,-0.0000461284
1694386800000,-0.0000426774
1694390400000,-0.0000364709
1694394000000,-0.0000354018
1694397600000,-0.0000277773
1694401200000,-0.0000031271
1694404800000,-0.000025268
1694408400000,-0.0000242772
1694412000000,-0.0000200023
1694415600000,-0.0000120397
1694419200000,-0.0000141215
1694422800000,-0.0000220845
1694426400000,-0.0000201268
1694430000000,-0.0000186399
1694433600000,-0.0000187785
1694437200000,-0.0000312166
1694440800000,-0.0000290769
1694444400000,-0.0000218897
1694448000000,0.0000125
1694451600000,0.0000125
1694455200000,0.0000125
1694458800000,0.0000125
1694462400000,0.0000125
1694466000000,-0.000048759
1694469600000,-0.0001191005
1694473200000,-0.0000808399
1694476800000,-0.0000518934
1694480400000,-0.0000488407
1694484000000,-0.0000596749
1694487600000,-0.0000465116
1694491200000,-0.0000142963
1694494800000,-0.000029939
1694498400000,-0.0000502399
1694502000000,-0.0000537109
1694505600000,-0.0000268383
1694509200000,-0.0000270164
1694512800000,-0.0000534038
1694516400000,-0.000054784
1694520000000,-0.000062766
1694523600000,-0.0000655865
1694527200000,-0.0000638154
1694530800000,-0.0000854807
1694534400000,-0.0000646782
1694538000000,-0.0000481142
1694541600000,-0.0000314751
1694545200000,-0.0000220282
1694548800000,-0.0000257337
1694552400000,-0.0000259097
1694556000000,-0.0000261954
1694559600000,-0.0000468074
1694563200000,-0.0000548042
1694566800000,-0.0000572644
1694570400000,-0.0000462182
1694574000000,-0.0000485604
1694577600000,-0.0000425612
1694581200000,-0.0000399061
1694584800000,-0.0000405674
1694588400000,-0.0000304948
1694592000000,-0.0000375678
1694595600000,-0.00003166
1694599200000,-0.0000283926
1694602800000,-0.0000217895
1694606400000,-0.000027369
1694610000000,-0.0000306683
1694613600000,-0.0000333747
1694617200000,-0.0000126301
1694620800000,-0.0000158106
1694624400000,0.0000074826
1694628000000,0.0000086216
1694631600000,0.0000125
1694635200000,0.0000078775
1694638800000,-0.0000093475
1694642400000,-0.0000169867
1694646000000,-0.0000196789
1694649600000,-0.0000106981
1694653200000,0.0000011832
1694656800000,0.0000088447
1694660400000,0.0000125
1694664000000,0.0000125
1694667600000,0.0000125
1694671200000,0.0000125
1694674800000,0.0000125
1694678400000,0.0000125
1694682000000,0.0000125
1694685600000,0.0000099568
1694689200000,0.000011971
1694692800000,0.0000125
1694696400000,0.0000125
1694700000000,0.0000125
1694703600000,0.0000125
1694707200000,0.0000125
1694710800000,0.0000125
1694714400000,0.0000056767
1694718000000,-0.0000053795
1694721600000,0.0000047567
1694725200000,-0.0000036515
1694728800000,0.0000053571
1694732400000,0.0000125
1694736000000,0.0000000926
1694739600000,-0.0000038719
1694743200000,0.0000050049
1694746800000,0.000003486
1694750400000,0.0000062303
1694754000000,0.0000064547
1694757600000,0.0000025809
1694761200000,0.0000125
1694764800000,0.0000125
1694768400000,0.0000095922
1694772000000,0.0000003095
1694775600000,0.0000125
1694779200000,0.0000092345
1694782800000,0.0000125
1694786400000,0.0000106005
1694790000000,0.0000002442
1694793600000,-0.0000186297
1694797200000,0.0000069055
1694800800000,0.0000041564
1694804400000,0.0000062391
1694808000000,0.0000069683
1694811600000,0.0000084173
1694815200000,0.0000006956
1694818800000,0.0000120992
1694822400000,0.0000125
1694826000000,0.0000125
1694829600000,0.0000125
1694833200000,0.0000125
1694836800000,0.0000088228
1694840400000,0.0000093681
1694844000000,0.0000125
1694847600000,0.0000111326
1694851200000,0.0000125
1694854800000,0.0000125
1694858400000,0.0000056667
1694862000000,-0.0000140024
1694865600000,-0.0000225044
1694869200000,-0.0000058609
1694872800000,-0.0000213509
1694876400000,-0.0000233727
1694880000000,-0.0000136378
1694883600000,-0.0000175993
1694887200000,-0.0000130023
1694890800000,-0.0000114917
1694894400000,-0.0000195844
1694898000000,-0.0000128605
1694901600000,-0.0000120139
1694905200000,-0.0000147069
1694908800000,-0.0000214089
1694912400000,-0.0000164241
1694916000000,-0.0000227628
1694919600000,-0.0000531391
1694923200000,-0.000011383
1694926800000,-0.0000124914
1694930400000,-0.0000122501
1694934000000,-0.0000155454
1694937600000,-0.0000189635
1694941200000,-0.0000239786
1694944800000,-0.0000225773
1694948400000,-0.0000184592
1694952000000,-0.0000246626
1694955600000,-0.0000239436
1694959200000,-0.0000180869
1694962800000,-0.0000211649
1694966400000,-0.0000216309
1694970000000,-0.0000193072
1694973600000,-0.0000175053
1694977200000,-0.0000136582
1694980800000,-0.0000225837
1694984400000,-0.0000306621
1694988000000,-0.0000162319
1694991600000,-0.0000184392
1694995200000,-0.0000536509
1694998800000,-0.000029962
1695002400000,-0.0000225208
1695006000000,-0.000018579
1695009600000,-0.0000702313
1695013200000,-0.0000715713
1695016800000,-0.0000388169
1695020400000,-0.0000361221
1695024000000,-0.0000284786
1695027600000,-0.0000169542
1695031200000,-0.0000062798
1695034800000,0.0000125
1695038400000,0.0000161545
1695042000000,0.0000125
1695045600000,0.0000125
1695049200000,0.0000125
1695052800000,0.0000125
1695056400000,0.0000125
1695060000000,0.0000125
1695063600000,0.0000125
1695067200000,0.0000125
1695070800000,0.0000125
1695074400000,0.0000125
1695078000000,0.0000125
1695081600000,0.0000125
1695085200000,0.0000125
1695088800000,0.0000125
1695092400000,0.0000125
1695096000000,0.0000125
1695099600000,0.0000125
1695103200000,0.0000125
1695106800000,0.0000125
1695110400000,0.0000125
1695114000000,0.0000125
1695117600000,0.0000125
1695121200000,0.0000125
1695124800000,0.0000125
1695128400000,0.0000125
1695132000000,0.0000125
1695135600000,0.0000125
1695139200000,0.0000125
1695142800000,0.0000125
1695146400000,0.0000125
1695150000000,0.0000209171
1695153600000,0.0000288128
1695157200000,0.0000565686
1695160800000,0.0000379775
1695164400000,0.0000179778
1695168000000,0.0000156207
1695171600000,0.0000125
1695175200000,0.0000140312
1695178800000,0.000012557
1695182400000,0.0000202006
1695186000000,0.0000238555
1695189600000,0.0000125
1695193200000,0.0000125
1695196800000,0.0000125
1695200400000,0.0000125
1695204000000,0.0000125
1695207600000,0.0000125
1695211200000,0.0000125
1695214800000,0.0000125
1695218400000,0.0000272523
1695222000000,0.0000342937
1695225600000,0.0000455575
1695229200000,0.0000125
1695232800000,0.0000125
1695236400000,0.0000175992
1695240000000,0.0000125
1695243600000,0.0000125
1695247200000,0.0000163578
1695250800000,0.0000125
1695254400000,0.0000125
1695258000000,0.0000125
1695261600000,0.0000127861
1695265200000,0.0000125
1695268800000,0.0000125
1695272400000,0.0000125
1695276000000,0.0000125
1695279600000,0.0000125
1695283200000,0.0000125
1695286800000,0.0000125
1695290400000,0.0000125
1695294000000,0.0000125
1695297600000,0.0000125
1695301200000,0.0000125
1695304800000,0.0000125
1695308400000,0.0000125
1695312000000,0.0000125
1695315600000,0.0000125
1695319200000,0.0000125
1695322800000,0.0000125
1695326400000,0.0000125
1695330000000,0.0000125
1695333600000,0.0000125
1695337200000,0.0000125
1695340800000,0.0000125
1695344400000,0.0000125
1695348000000,0.0000125
1695351600000,0.0000125
1695355200000,0.0000125
1695358800000,0.0000125
1695362400000,0.0000125
1695366000000,0.0000125
1695369600000,0.0000125
1695373200000,0.0000125
1695376800000,0.0000125
1695380400000,0.0000125
1695384000000,0.0000125
1695387600000,0.0000125
1695391200000,0.0000125
1695394800000,0.0000125
1695398400000,0.0000125
1695402000000,0.0000125
1695405600000,0.0000125
1695409200000,0.0000125
1695412800000,0.0000125
1695416400000,0.0000125
1695420000000,0.0000125
1695423600000,0.0000125
1695427200000,0.0000125
1695430800000,0.0000125
1695434400000,0.0000125
1695438000000,0.0000125
1695441600000,0.0000125
1695445200000,0.0000125
1695448800000,0.0000125
1695452400000,0.0000125
1695456000000,0.0000125
1695459600000,0.0000125
1695463200000,0.0000125
1695466800000,0.0000125
1695470400000,0.0000125
1695474000000,0.0000125
1695477600000,0.0000125
1695481200000,0.0000125
1695484800000,0.0000125
1695488400000,0.0000125
1695492000000,0.0000125
1695495600000,0.0000125
1695499200000,0.0000125
1695502800000,0.0000125
1695506400000,0.0000125
1695510000000,0.0000125
1695513600000,0.0000125
1695517200000,0.0000125
1695520800000,0.0000125
1695524400000,0.0000125
1695528000000,0.0000125
1695531600000,0.0000125
1695535200000,0.0000125
1695538800000,0.0000125
1695542400000,0.0000125
1695546000000,0.0000125
1695549600000,0.0000125
1695553200000,0.0000125
1695556800000,0.0000125
1695560400000,0.0000125
1695564000000,0.0000125
1695567600000,0.0000125
1695571200000,0.0000125
1695574800000,0.0000125
1695578400000,0.0000125
1695582000000,0.0000125
1695585600000,0.0000125
1695589200000,0.0000125
1695592800000,0.0000125
1695596400000,0.0000125
1695600000000,0.0000125
1695603600000,0.0000073109
1695607200000,0.0000013275
1695610800000,0.0000125
1695614400000,0.0000125
1695618000000,0.0000125
1695621600000,0.0000125
1695625200000,0.0000125
1695628800000,0.0000125
1695632400000,0.0000125
1695636000000,0.0000125
1695639600000,0.0000125
1695643200000,0.0000125
1695646800000,0.0000125
1695650400000,0.0000125
1695654000000,0.0000125
1695657600000,0.0000125
1695661200000,0.0000125
1695664800000,0.0000125
1695668400000,0.0000125
1695672000000,0.0000125
1695675600000,0.0000125
1695679200000,0.0000125
1695682800000,0.0000125
1695686400000,0.0000125
1695690000000,0.0000125
1695693600000,0.0000125
1695697200000,0.0000125
1695700800000,0.0000125
1695704400000,0.0000125
1695708000000,0.0000125
1695711600000,0.0000125
1695715200000,0.0000125
1695718800000,0.0000125
1695722400000,0.0000125
1695726000000,-0.000001808
1695729600000,-0.0000103921
1695733200000,0.0000115475
1695736800000,0.0000125
1695740400000,0.000006909
1695744000000,0.0000075512
1695747600000,0.0000087536
1695751200000,0.0000057233
1695754800000,0.0000059849
1695758400000,0.0000125
1695762000000,0.000006926
1695765600000,-0.0000031808
1695769200000,-0.0000052148
1695772800000,-0.0000063091
1695776400000,-0.0000041196
1695780000000,-0.0000019264
1695783600000,-0.0000057137
1695787200000,-0.0000057428
1695790800000,-0.0000096844
1695794400000,-0.0000055049
1695798000000,-0.000003725
1695801600000,0.0000054792
1695805200000,0.0000125
1695808800000,0.0000081348
1695812400000,-0.0000090132
1695816000000,-0.0000282569
1695819600000,-0.0000027505
1695823200000,0.0000015808
1695826800000,0.0000073176
1695830400000,0.0000111825
1695834000000,0.0000102684
1695837600000,0.0000125
1695841200000,0.0000125
1695844800000,0.0000125
1695848400000,0.0000125
1695852000000,0.0000089266
1695855660000,-0.0000012668
1695859200000,-0.0000080347
1695862800000,0.0000036737
1695866400000,0.0000038619
1695870000000,0.0000037485
1695873600000,0.0000047275
1695877200000,-0.000000019
1695880800000,-0.000005797
1695884400000,-0.0000012313
1695888000000,-0.0000098507
1695891600000,0.0000125
1695895200000,0.0000125
1695898800000,0.0000125
1695902400000,0.0000125
1695906000000,0.0000125
1695909600000,0.0000125
1695913200000,0.0000125
1695916800000,0.0000125
1695920400000,-0.0000183372
1695924000000,-0.0000128853
1695927600000,0.0000125
1695931200000,0.0000125
1695934800000,0.0000125
1695938400000,0.0000125
1695942000000,0.0000125
1695945600000,0.0000125
1695949200000,0.0000125
1695952800000,0.0000125
1695956400000,0.0000125
1695960000000,0.0000125
1695963600000,0.0000125
1695967200000,0.0000125
1695970800000,0.0000125
1695974400000,0.0000125
1695978000000,0.0000125
1695981600000,0.0000125
1695985200000,0.0000125
1695988800000,0.0000125
1695992400000,0.0000125
1695996000000,0.0000125
1695999600000,0.0000125
1696003200000,0.0000125
1696006800000,0.0000125
1696010400000,0.0000125
1696014000000,0.0000125
1696017600000,0.0000125
1696021200000,0.0000125
1696024800000,0.0000125
1696028400000,0.0000125
1696032000000,0.0000125
1696035600000,0.0000125
1696039200000,0.0000125
1696042800000,0.0000125
1696046400000,0.0000125
1696050000000,0.0000125
1696053600000,0.0000125
1696057200000,0.0000125
1696060800000,0.0000125
1696064400000,0.0000125
1696068000000,0.0000125
1696071600000,0.0000125
1696075200000,0.0000125
1696078800000,0.0000125
1696082400000,0.0000125
1696086000000,0.0000125
1696089600000,0.0000125
1696093200000,0.0000125
1696096800000,0.0000125
1696100400000,0.0000125
1696104000000,0.0000125
1696107600000,0.0000125
1696111200000,0.0000125
1696114800000,0.0000125
1696118400000,0.0000125
1696122000000,0.0000125
1696125600000,0.0000125
1696129200000,0.0000125
1696132800000,0.0000125
1696136400000,0.0000125
1696140000000,0.0000125
1696143600000,0.0000125
1696147200000,0.0000125
1696150800000,0.0000125
1696154400000,0.0000125
1696158000000,0.0000125
1696161600000,0.0000125
1696165200000,0.0000125
1696168800000,0.0000125
1696172400000,0.0000125
1696176000000,0.0000125
1696179600000,0.0000125
1696183200000,0.0000125
1696186800000,0.0000125
1696190400000,0.0000125
1696194000000,0.0000125
1696197600000,0.0000125
1696201200000,0.0000125
1696204800000,0.0000125
1696208400000,0.0000125
1696212000000,0.0000125
1696215600000,0.0000041714
1696219200000,0.0000043774
1696222800000,0.0000125
1696226400000,0.0000125
1696230000000,0.0000125
1696233600000,0.0000125
1696237200000,0.0000125
1696240800000,0.0000125
1696244400000,0.0000125
1696248000000,0.0000125
1696251600000,0.0000100515
1696255200000,0.0000117155
1696258800000,0.0000125
1696262400000,-0.0000036629
1696266000000,0.0000125
1696269600000,0.0000125
1696273200000,0.0000125
1696276800000,0.0000014949
1696280400000,0.0000122147
1696284000000,-0.0000019897
1696287600000,0.0000079237
1696291200000,0.0000063849
1696294800000,0.0000125
1696298400000,0.0000125
1696302000000,0.0000125
1696305600000,0.0000125
1696309200000,0.0000125
1696312800000,0.0000125
1696316400000,0.0000125
1696320000000,0.0000125
1696323600000,0.0000125
1696327200000,0.0000125
1696330800000,0.0000125
1696334400000,0.0000125
1696338000000,0.0000125
1696341600000,0.0000125
1696345200000,0.0000125
1696348800000,0.0000125
1696352400000,0.0000125
1696356000000,0.0000125
1696359600000,0.0000125
1696363200000,0.0000125
1696366800000,0.0000125
1696370400000,0.0000125
1696374000000,0.0000125
1696377600000,0.0000125
1696381200000,0.0000125
1696384800000,0.0000125
1696388400000,0.0000125
1696392000000,0.0000125
1696395600000,0.0000125
1696399200000,0.0000125
1696402800000,0.0000125
1696406400000,0.0000125
1696410000000,0.0000125
1696413600000,-0.0000121319
1696417200000,-0.0000186258
1696420800000,-0.0000159424
1696424400000,0.0000125
1696428000000,0.0000125
1696431600000,0.0000125
1696435200000,0.0000125
1696438800000,0.0000125
1696442400000,0.0000125
1696446000000,0.0000125
1696449600000,0.0000125
1696453200000,0.0000125
1696456800000,0.0000125
1696460400000,0.0000125
1696464000000,0.0000125
1696467600000,0.0000125
1696471200000,0.0000125
1696474800000,0.0000125
1696478400000,0.0000125
1696482000000,0.0000040292
1696485600000,0.0000013504
1696489200000,0.0000125
1696492800000,0.0000125
1696496400000,0.0000122099
1696500000000,0.0000125
1696503600000,0.0000125
1696507200000,0.0000125
1696510800000,0.0000125
1696514400000,0.0000125
1696518000000,0.0000125
1696521600000,0.0000125
1696525200000,0.0000125
1696528800000,0.0000125
1696532400000,0.0000125
1696536000000,0.0000125
1696539600000,0.0000125
1696543200000,0.0000125
1696546800000,0.0000125
1696550400000,0.0000125
1696554000000,0.0000125
1696557600000,0.0000125
1696561200000,0.0000125
1696564800000,0.0000125
1696568400000,0.0000125
1696572000000,0.0000125
1696575600000,0.0000125
1696579200000,0.0000125
1696582800000,0.0000125
1696586400000,0.0000125
1696590000000,0.0000125
1696593600000,0.0000125
1696597200000,0.0000125
1696600800000,0.0000125
1696604400000,0.0000125
1696608000000,0.0000125
1696611600000,0.0000125
1696615200000,0.0000125
1696618800000,0.0000125
1696622400000,0.0000125
1696626000000,0.0000125
1696629600000,0.0000125
1696633200000,0.0000125
1696636800000,0.0000125
1696640400000,0.0000125
1696644000000,0.0000125
1696647600000,0.0000125
1696651200000,0.0000125
1696654800000,0.0000125
1696658400000,0.0000125
1696662000000,0.0000125
1696665600000,0.0000125
1696669200000,0.0000125
1696672800000,0.0000125
1696676400000,0.0000125
1696680000000,0.0000125
1696683600000,0.0000125
1696687200000,0.0000125
1696690800000,0.0000125
1696694400000,0.0000125
1696698000000,0.0000125
1696701600000,0.0000125
1696705200000,0.0000118748
1696708800000,0.0000104328
1696712400000,0.0000102665
1696716000000,0.0000086543
1696719600000,0.000010922
1696723200000,0.0000089017
1696726800000,0.0000125
1696730400000,0.0000107638
1696734000000,0.0000093429
1696737600000,0.0000071868
1696741200000,0.0000045182
1696744800000,0.0000066097
1696748400000,0.0000052046
1696752000000,0.0000125
1696755600000,0.0000125
1696759200000,0.0000125
1696762800000,0.0000125
1696766400000,0.0000125
1696770000000,0.0000125
1696773600000,0.0000090782
1696777200000,0.0000068097
1696780800000,0.0000125
1696784400000,0.0000125
1696788000000,0.0000125
1696791600000,0.0000125
1696795200000,0.0000125
1696798800000,0.0000125
1696802400000,0.000010484
1696806000000,0.0000125
1696809600000,0.0000125
1696813200000,0.0000125
1696816800000,0.0000125
1696820400000,0.0000125
1696824000000,0.0000125
1696827600000,0.0000125
1696831200000,0.0000125
1696834800000,0.0000125
1696838400000,0.0000125
1696842000000,0.0000125
1696845600000,0.0000125
1696849200000,0.0000125
1696852800000,0.0000125
1696856400000,0.0000125
1696860000000,0.0000125
1696863600000,0.0000125
1696867200000,0.0000089745
1696870800000,-0.0000063626
1696874400000,-0.0000128538
1696878000000,-0.0000124361
1696881600000,-0.0000092147
1696885200000,-0.0000113801
1696888800000,-0.0000137795
1696892400000,-0.0000162711
1696896000000,-0.000020021
1696899600000,-0.0000082841
1696903200000,-0.0000114813
1696906800000,-0.0000147952
1696910400000,-0.0000196648
1696914000000,-0.0000122292
1696917600000,-0.000006065
1696921200000,-0.0000129689
1696924800000,-0.000015091
1696928400000,0.0000008134
1696932000000,-0.0000011586
1696935600000,-0.0000045485
1696939200000,-0.0000050769
1696942800000,-0.0000074067
1696946400000,-0.0000049654
1696950000000,-0.0000046003
1696953600000,-0.0000030703
1696957200000,0.0000032015
1696960800000,0.0000125
1696964400000,0.0000125
1696968000000,0.0000125
1696971600000,0.0000125
1696975200000,0.0000125
1696978800000,0.0000125
1696982400000,0.0000125
1696986000000,0.0000125
1696989600000,0.0000125
1696993200000,0.0000125
1696996800000,0.0000125
1697000400000,0.0000125
1697004000000,0.0000125
1697007600000,0.0000125
1697011200000,0.0000125
1697014800000,0.0000125
1697018400000,0.0000125
1697022000000,0.0000125
1697025600000,0.0000125
1697029200000,0.0000125
1697032800000,0.0000125
1697036400000,0.0000125
1697040000000,0.0000125
1697043600000,0.0000125
1697047200000,0.0000125
1697050800000,0.0000125
1697054400000,0.0000125
1697058000000,0.0000125
1697061600000,0.0000125
1697065200000,0.0000125
1697068800000,0.0000152731
1697072400000,0.0000125
1697076000000,0.0000125
1697079600000,0.0000125
1697083200000,0.0000125
1697086800000,0.0000125
1697090400000,0.0000125
1697094000000,0.0000125
1697097600000,0.0000125
1697101200000,0.0000125
1697104800000,0.0000125
1697108400000,0.0000125
1697112000000,0.0000125
1697115600000,0.0000125
1697119200000,0.0000125
1697122800000,0.0000125
1697126400000,0.0000125
1697130000000,0.0000125
1697133600000,0.0000125
1697137200000,0.0000125
1697140800000,0.0000125
1697144400000,0.0000125
1697148000000,0.0000125
1697151600000,0.0000125
1697155200000,0.0000125
1697158800000,0.0000125
1697162400000,0.0000125
1697166000000,0.0000125
1697169600000,0.0000125
1697173200000,0.0000125
1697176800000,0.0000125
1697180400000,0.0000125
1697184000000,0.0000125
1697187600000,0.0000125
1697191200000,0.0000125
1697194800000,0.0000125
1697198400000,0.0000125
1697202000000,0.0000125
1697205600000,0.0000125
1697209200000,0.0000125
1697212800000,0.0000125
1697216400000,0.0000125
1697220000000,0.0000125
1697223600000,0.0000125
1697227200000,0.0000125
1697230800000,0.0000125
1697234400000,0.0000125
1697238000000,0.0000125
1697241600000,0.0000125
1697245200000,0.0000125
1697248800000,0.0000125
1697252400000,0.0000125
1697256000000,0.0000125
1697259600000,0.0000125
1697263200000,0.0000125
1697266800000,0.0000125
1697270400000,0.0000125
1697274000000,0.0000125
1697277600000,0.0000125
1697281200000,0.0000125
1697284800000,0.0000125
1697288400000,0.0000125
1697292000000,0.0000125
1697295600000,0.0000125
1697299200000,0.0000125
1697302800000,0.0000125
1697306400000,0.0000125
1697310000000,0.0000125
1697313600000,0.0000125
1697317200000,0.0000125
1697320800000,0.0000125
1697324400000,0.0000125
1697328000000,0.0000125
1697331600000,0.0000125
1697335200000,0.0000125
1697338800000,0.0000125
1697342400000,0.0000125
1697346000000,0.0000125
1697349600000,0.0000125
1697353200000,0.0000125
1697356800000,0.0000125
1697360400000,0.0000125
1697364000000,0.0000125
1697367600000,0.0000125
1697371200000,0.0000125
1697374800000,0.0000125
1697378400000,0.0000125
1697382000000,0.0000125
1697385600000,0.0000125
1697389200000,0.0000125
1697392800000,0.0000125
1697396400000,0.0000125
1697400000000,0.0000125
1697403600000,0.0000125
1697407200000,0.0000125
1697410800000,0.0000125
1697414400000,0.0000125
1697418000000,0.0000125
1697421600000,0.0000125
1697425200000,0.0000125
1697428800000,0.0000125
1697432400000,0.0000125
1697436000000,0.0000125
1697439600000,0.000008784
1697443200000,0.0000059527
1697446800000,0.000008499
1697450400000,0.000010578
1697454000000,0.0000054026
1697457600000,0.0000033491
1697461200000,-0.00000176
1697464800000,0.0000917186
1697468400000,0.0000313927
1697472000000,0.0000125
1697475600000,0.0000125
1697479200000,0.0000125
1697482800000,0.0000125
1697486400000,0.0000125
1697490000000,0.0000125
1697493600000,0.0000125
1697497200000,0.0000125
1697500800000,0.0000125
1697504400000,0.0000125
1697508000000,0.0000125
1697511600000,0.0000125
1697515200000,0.0000125
1697518800000,0.0000125
1697522400000,0.0000125
1697526000000,0.0000125
1697529600000,0.0000125
1697533200000,0.0000125
1697536800000,0.0000125
1697540400000,0.0000125
1697544000000,0.0000125
1697547600000,0.0000125
1697551200000,0.0000125
1697554800000,0.0000125
1697558400000,0.0000125
1697562000000,0.0000125
1697565600000,0.0000125
1697569200000,0.0000125
1697572800000,0.0000125
1697576400000,0.0000125
1697580000000,0.0000125
1697583600000,0.0000125
1697587200000,0.0000125
1697590800000,0.0000125
1697594400000,0.0000125
1697598000000,0.0000125
1697601600000,0.0000125
1697605200000,0.0000085436
1697608800000,0.0000125
1697612400000,0.0000125
1697616000000,0.0000125
1697619600000,0.0000125
1697623200000,0.0000125
1697626800000,0.0000125
1697630400000,0.0000125
1697634000000,0.0000125
1697637600000,0.0000125
1697641200000,0.0000125
1697644800000,0.0000125
1697648400000,0.0000125
1697652000000,0.0000125
1697655600000,0.0000125
1697659200000,0.0000125
1697662800000,0.0000004341
1697666400000,-0.0000030321
1697670000000,-0.0000028761
1697673600000,-0.0000032343
1697677200000,0.000001014
1697680800000,0.0000007352
1697684400000,0.0000043281
1697688000000,0.0000088149
1697691600000,0.0000063996
1697695200000,0.000001939
1697698800000,0.0000088326
1697702400000,0.0000022115
1697706000000,0.0000033584
1697709600000,0.000003193
1697713200000,0.0000015318
1697716800000,-0.0000051923
1697720400000,0.0000125
1697724000000,0.0000125
1697727600000,0.0000125
1697731200000,0.0000125
1697734800000,0.0000125
1697738400000,0.0000125
1697742000000,0.0000125
1697745600000,0.000012283
1697749200000,0.0000103716
1697752800000,0.0000125
1697756400000,0.0000084705
1697760000000,0.0000088099
1697763600000,0.0000064387
1697767200000,0.0000125
1697770800000,0.0000125
1697774400000,0.0000125
1697778000000,0.0000125
1697781600000,0.0000088123
1697785200000,0.0000053861
1697788800000,0.0000089492
1697792400000,0.0000125
1697796000000,0.0000125
1697799600000,0.0000581962
1697803200000,0.0000352876
1697806800000,0.0000389195
1697810400000,0.0000280789
1697814000000,0.0000280432
1697817600000,0.0000289819
1697821200000,0.0000125
1697824800000,0.000012509
1697828400000,0.0000125
1697832000000,0.0000125
1697835600000,0.0000125
1697839200000,0.0000125
1697842800000,0.0000125
1697846400000,0.0000222995
1697850000000,0.0000125
1697853600000,0.0000125
1697857200000,0.0000125
1697860800000,0.0000125
1697864400000,0.0000125
1697868000000,0.0000129405
1697871600000,0.0000247476
1697875200000,0.0000206866
1697878800000,0.0000125
1697882400000,0.0000209628
1697886000000,0.0000205647
1697889600000,0.0000207824
1697893200000,0.0000153942
1697896800000,0.0000201444
1697900400000,0.0000270398
1697904000000,0.0000334496
1697907600000,0.0000125
1697911200000,0.0000177895
1697914800000,0.0000281891
1697918400000,0.0000200487
1697922000000,0.0000178287
1697925600000,0.0000125
1697929200000,0.0000125
1697932800000,0.0000145366
1697936400000,0.0000125
1697940000000,0.0000125
1697943600000,0.0000125
1697947200000,0.0000125
1697950800000,0.0000125
1697954400000,0.0000315423
1697958000000,0.0000335266
1697961600000,0.0000328592
1697965200000,0.000017178
1697968800000,0.0000125
1697972400000,0.0000133416
1697976000000,0.0000148343
1697979600000,0.0000149499
1697983200000,0.0000132651
1697986800000,0.0000146015
1697990400000,0.0000255852
1697994000000,0.0000125
1697997600000,0.0000125
1698001200000,0.0000125
1698004800000,0.0000147966
1698008400000,0.0000172911
1698012000000,0.0000260666
1698015600000,0.0000249712
1698019200000,0.0000311966
1698022800000,0.0000189462
1698026400000,0.0000433905
1698030000000,0.0000183363
1698033600000,0.0000377105
1698037200000,0.0000281774
1698040800000,0.0000332492
1698044400000,0.0000125
1698048000000,0.0000125
1698051600000,0.0000125
1698055200000,0.0000125
1698058800000,0.0000125
1698062400000,0.0000125
1698066000000,0.0000125
1698069600000,0.0000125
1698073200000,0.0000125
1698076800000,0.0000125
1698080400000,0.0000394819
1698084000000,0.0000659082
1698087600000,0.0000612322
1698091200000,0.0000760294
1698094800000,0.0001027025
1698098400000,0.0000777495
1698102000000,0.0004531579
1698105600000,0.0003668668
1698109200000,0.0001282343
1698112800000,0.0001001772
1698116400000,0.0001541778
1698120000000,0.0001323674
1698123600000,0.0001246499
1698127200000,0.0001230757
1698130800000,0.0001515902
1698134400000,0.000098803
1698138000000,0.0000345468
1698141600000,0.0000392488
1698145200000,0.0000337239
1698148800000,0.0000647705
1698152400000,0.0000668913
1698156000000,0.0000541736
1698159600000,0.0000452746
1698163200000,0.0000745454
1698166800000,0.0000342905
1698170400000,0.0000271728
1698174000000,0.0000164414
1698177600000,0.0000125
1698181200000,0.0000125
1698184800000,0.0000226322
1698188400000,0.0000125
1698192000000,0.0000125
1698195600000,0.0000125
1698199200000,0.0000167193
1698202800000,0.0000125
1698206400000,0.0000155256
1698210000000,0.0000125
1698213600000,0.0000125
1698217200000,0.0000125
1698220800000,0.0000136873
1698224400000,0.0000125
1698228000000,0.0000125
1698231600000,0.0000125
1698235200000,0.0000178739
1698238800000,0.0000265993
1698242400000,0.0000492804
1698246000000,0.0000357113
1698249600000,0.0000884829
1698253200000,0.0000682557
1698256800000,0.0000603411
1698260400000,0.0000614823
1698264000000,0.0000640435
1698267600000,0.0000972571
1698271200000,0.0000735712
1698274800000,0.0000637724
1698278400000,0.0000347089
1698282000000,0.0000298699
1698285600000,0.0000384556
1698289200000,0.0000393049
1698292800000,0.0000435137
1698296400000,0.0000496626
1698300000000,0.0000594349
1698303600000,0.0000654933
1698307200000,0.0000957037
1698310800000,0.0000464798
1698314400000,0.0000444027
1698318000000,0.0000529749
1698321600000,0.0000648746
1698325200000,0.0000513286
1698328800000,0.000046095
1698332400000,0.000056746
1698336000000,0.000033592
1698339600000,0.0000125
1698343200000,0.0000177736
1698346800000,0.000012706
1698350400000,0.0000181057
1698354000000,0.0000180604
1698357600000,0.0000221919
1698361200000,0.0000206496
1698364800000,0.0000382698
1698368400000,0.0000238382
1698372000000,0.0000191432
1698375600000,0.0000307732
1698379200000,0.0000351929
1698382800000,0.0000418559
1698386400000,0.0000243939
1698390000000,0.0000380969
1698393600000,0.0000673322
1698397200000,0.0000298841
1698400800000,0.0000300802
1698404400000,0.0000312128
1698408000000,0.0000304803
1698411600000,0.0000431658
1698415200000,0.0000510882
1698418800000,0.0000449772
1698422400000,0.0000468166
1698426000000,0.0000205317
1698429600000,0.0000185354
1698433200000,0.0000202904
1698436800000,0.0000222623
1698440400000,0.0000198085
1698444000000,0.0000186519
1698447600000,0.0000136666
1698451200000,0.0000408717
1698454800000,0.0000232999
1698458400000,0.0000288241
1698462000000,0.0000350667
1698465600000,0.0000532156
1698469200000,0.0000478834
1698472800000,0.0000591732
1698476400000,0.0000487751
1698480000000,0.0000333182
1698483600000,0.0000293588
1698487200000,0.0000346531
1698490800000,0.0000338969
1698494400000,0.0000486133
1698498000000,0.0000448097
1698501600000,0.0000461574
1698505200000,0.000052532
1698508800000,0.0000610972
1698512400000,0.0000281098
1698516000000,0.000030521
1698519600000,0.0000355183
1698523200000,0.0000375996
1698526800000,0.0000433401
1698530400000,0.0000412668
1698534000000,0.0000406403
1698537600000,0.0000490462
1698541200000,0.0000330953
1698544800000,0.0000154237
1698548400000,0.0000152295
1698552000000,0.0000153695
1698555600000,0.0000200025
1698559200000,0.0000230924
1698562800000,0.0000230942
1698566400000,0.0000262405
1698570000000,0.0000152625
1698573600000,0.0000219454
1698577200000,0.0000216062
1698580800000,0.0000240266
1698584400000,0.0000313355
1698588000000,0.0000471298
1698591600000,0.0000570265
1698595200000,0.0000911372
1698598800000,0.0000427628
1698602400000,0.0000564065
1698606000000,0.0000478612
1698609600000,0.0000319587
1698613200000,0.0000289542
1698616800000,0.0000226797
1698620400000,0.0000341861
1698624000000,0.0000340397
1698627600000,0.0000167028
1698631200000,0.0000186088
1698634800000,0.0000187195
1698638400000,0.0000157648
1698642000000,0.00002573
1698645600000,0.0000352958
1698649200000,0.0000320527
1698652800000,0.0000297799
1698656400000,0.000013556
1698660000000,0.0000423961
1698663600000,0.000039509
1698667200000,0.0000477322
1698670800000,0.0000788212
1698674400000,0.000072831
1698678000000,0.0000861372
1698681600000,0.0000938315
1698685200000,0.0000369008
1698688800000,0.0000208849
1698692400000,0.0000203611
1698696000000,0.000021059
1698699600000,0.0000251261
1698703200000,0.0000355211
1698706800000,0.0000313739
1698710400000,0.0000417002
1698714000000,0.0000316889
1698717600000,0.0000281145
1698721200000,0.0000356662
1698724800000,0.0000355582
1698728400000,0.0000396639
1698732000000,0.0000408329
1698735600000,0.0000503536
1698739200000,0.0000528505
1698742800000,0.0000441433
1698746400000,0.0000497602
1698750000000,0.0000534646
1698753600000,0.000065602
1698757200000,0.0000683889
1698760800000,0.0000585059
1698764400000,0.0000513511
1698768000000,0.0000641745
1698771600000,0.0000430083
1698775200000,0.0000360663
1698778800000,0.0000338093
1698782400000,0.0000505874
1698786000000,0.0000451547
1698789600000,0.0000425449
1698793200000,0.0000345823
1698796800000,0.0000504879
1698800400000,0.0000241169
1698804000000,0.0000235202
1698807600000,0.0000251058
1698811200000,0.0000262112
1698814800000,0.0000359689
1698818400000,0.0000421322
1698822000000,0.0000469202
1698825600000,0.0000515666
1698829200000,0.0000276013
1698832800000,0.0000304144
1698836400000,0.0000296465
1698840000000,0.0000296307
1698843600000,0.0000586615
1698847200000,0.0000844588
1698850800000,0.000047745
1698854400000,0.0000505738
1698858000000,0.0000329032
1698861600000,0.0000326562
1698865200000,0.0000391083
1698868800000,0.0000271102
1698872400000,0.0000635218
1698876000000,0.0001290625
1698879600000,0.0001010617
1698883200000,0.0001085207
1698886800000,0.0000454685
1698890400000,0.0000356012
1698894000000,0.0000244828
1698897600000,0.0000125
1698901200000,0.0000263915
1698904800000,0.0000125
1698908400000,0.0000125
1698912000000,0.0000125
1698915600000,0.0000125
1698919200000,0.0000125
1698922800000,0.0000147472
1698926400000,0.0000306378
1698930000000,0.0000393932
1698933600000,0.0000456074
1698937200000,0.0000310089
1698940800000,0.00002751
1698944400000,0.0000165701
1698948000000,0.0000125
1698951600000,0.0000125
1698955200000,0.0000211045
1698958800000,0.0000436908
1698962400000,0.000030926
1698966000000,0.0000374194
1698969600000,0.0000472596
1698973200000,0.0000212351
1698976800000,0.0000271046
1698980400000,0.0000231295
1698984000000,0.0000290697
1698987600000,0.0000317242
1698991200000,0.0000360622
1698994800000,0.0000403332
1698998400000,0.0000553045
1699002000000,0.0000365256
1699005600000,0.0000377857
1699009200000,0.0000486618
1699012800000,0.000059649
1699016400000,0.0000639524
1699020000000,0.0000559167
1699023600000,0.000052469
1699027200000,0.0000383046
1699030800000,0.0000125
1699034400000,0.0000125
1699038000000,0.0000125
1699041600000,0.0000125
1699045200000,0.0000125
1699048800000,0.0000125
1699052400000,0.0000125
1699056000000,0.0000125
1699059600000,0.0000125
1699063200000,0.0000125
1699066800000,0.0000125
1699070400000,0.0000125
1699074000000,0.000033728
1699077600000,0.0000542556
1699081200000,0.000043222
1699084800000,0.0000125
1699088400000,0.0000125
1699092000000,0.0000177429
1699095600000,0.0000150536
1699099200000,0.0000200734
1699102800000,0.0000335068
1699106400000,0.0000445962
1699110000000,0.0000212157
1699113600000,0.0000178578
1699117200000,0.0000125
1699120800000,0.0000125
1699124400000,0.0000125
1699128000000,0.0000125
1699131600000,0.0000125
1699135200000,0.0000256655
1699138800000,0.0000888676
1699142400000,0.0000666629
1699146000000,0.0000217854
1699149600000,0.0000255187
1699153200000,0.0000526444
1699156800000,0.0000593737
1699160400000,0.000075174
1699164000000,0.0000665569
1699167600000,0.0000747126
1699171200000,0.0000715718
1699174800000,0.0000418771
1699178400000,0.0000467443
1699182000000,0.0000470415
1699185600000,0.0000515821
1699189200000,0.0000573596
1699192800000,0.0000617489
1699196400000,0.0000544093
1699200000000,0.000073454
1699203600000,0.0000382688
1699207200000,0.0000293752
1699210800000,0.0000335811
1699214400000,0.0000371218
1699218000000,0.000040859
1699221600000,0.0000357678
1699225200000,0.0000654117
1699228800000,0.0001029269
1699232400000,0.000047241
1699236000000,0.0000412937
1699239600000,0.0000329432
1699243200000,0.0000361065
1699246800000,0.0000284449
1699250400000,0.0000152769
1699254000000,0.0000332044
1699257600000,0.0000496932
1699261200000,0.0000230459
1699264800000,0.0000340776
1699268400000,0.0000404036
1699272000000,0.0000224904
1699275600000,0.0000278643
1699279200000,0.000022586
1699282800000,0.0000354077
1699286400000,0.0000286574
1699290000000,0.0000125
1699293600000,0.0000125
1699297200000,0.0000125
1699300800000,0.0000147089
1699304400000,0.0000381101
1699308000000,0.0000304593
1699311600000,0.0000199663
1699315200000,0.0000175468
1699318800000,0.0000125
1699322400000,0.0000125
1699326000000,0.0000168053
1699329600000,0.0000204986
1699333200000,0.0000340282
1699336800000,0.000036067
1699340400000,0.0000338657
1699344000000,0.0000362269
1699347600000,0.0000125
1699351200000,0.0000125
1699354800000,0.0000125
1699358400000,0.0000125
1699362000000,0.0000125
1699365600000,0.0000125
1699369200000,0.0000125
1699372800000,0.0000125
1699376400000,0.0000125
1699380000000,0.0000125
1699383600000,0.0000162958
1699387200000,0.0000192998
1699390800000,0.000028457
1699394400000,0.000032508
1699398000000,0.0000385633
1699401600000,0.0000449532
1699405200000,0.0000327683
1699408800000,0.0000283748
1699412400000,0.0000316048
1699416000000,0.0000391731
1699419600000,0.0000589022
1699423200000,0.0000838789
1699426800000,0.0000889829
1699430400000,0.0001027433
1699434000000,0.0000462207
1699437600000,0.0000430045
1699441200000,0.0000482953
1699444800000,0.0000538244
1699448400000,0.0000450374
1699452000000,0.0000421341
1699455600000,0.0000518044
1699459200000,0.000066668
1699462800000,0.0000424215
1699466400000,0.0000307571
1699470000000,0.0000582566
1699473600000,0.0000961059
1699477200000,0.0000946995
1699480800000,0.0001170391
1699484400000,0.0001994576
1699488000000,0.0001916207
1699491600000,0.0001014617
1699495200000,0.0001126596
1699498800000,0.0000268985
1699502400000,0.0000125
1699506000000,0.0000297817
1699509600000,0.0000338011
1699513200000,0.0000156839
1699516800000,0.0000423459
1699520400000,0.0000252763
1699524000000,0.0000125
1699527600000,0.0000125
1699531200000,0.0000125
1699534800000,0.0000435619
1699538400000,0.0000524042
1699542000000,0.0001168326
1699545600000,0.000150392
1699549200000,0.0000732442
1699552800000,0.0000593381
1699556400000,0.000063613
1699560000000,0.0000650585
1699563600000,0.0000963299
1699567200000,0.0000950803
1699570800000,0.0000963805
1699574400000,0.0001007037
1699578000000,0.000041554
1699581600000,0.000047466
1699585200000,0.0000518048
1699588800000,0.0000546319
1699592400000,0.0000722321
1699596000000,0.0000897915
1699599600000,0.0000598323
1699603200000,0.0000556783
1699606800000,0.0000441119
1699610400000,0.0000380605
1699614000000,0.0000340525
1699617600000,0.0000276461
1699621200000,0.0000371691
1699624800000,0.0000390298
1699628400000,0.0000451639
1699632000000,0.0000295515
1699635600000,0.0000299275
1699639200000,0.0000470421
1699642800000,0.0000472766
1699646400000,0.000052079
1699650000000,0.0000730285
1699653600000,0.0000742979
1699657200000,0.0000864887
1699660800000,0.0001025402
1699664400000,0.0000505813
1699668000000,0.0000600304
1699671600000,0.0000564122
1699675200000,0.0000567741
1699678800000,0.0000705741
1699682400000,0.0001034586
1699686000000,0.0001131633
1699689600000,0.0001324165
1699693200000,0.000066578
1699696800000,0.0000769394
1699700400000,0.0000826074
1699704000000,0.000098633
1699707600000,0.0001022004
1699711200000,0.000065556
1699714800000,0.0000930595
1699718400000,0.0001250658
1699722000000,0.0000627483
1699725600000,0.0000609149
1699729200000,0.0000597433
1699732800000,0.000059752
1699736400000,0.0000556562
1699740000000,0.0000879159
1699743600000,0.0000856008
1699747200000,0.0001015945
1699750800000,0.0000575674
1699754400000,0.0000583621
1699758000000,0.0000617571
1699761600000,0.0000635797
1699765200000,0.0000640909
1699768800000,0.0000726403
1699772400000,0.0000801517
1699776000000,0.0001237009
1699779600000,0.0000737326
1699783200000,0.0000827337
1699786800000,0.0000929955
1699790400000,0.0001152399
1699794000000,0.0001193806
1699797600000,0.0001097735
1699801200000,0.0000457735
1699804800000,0.0000492969
1699808400000,0.0000244763
1699812000000,0.0000231717
1699815600000,0.0000355875
1699819200000,0.0000338591
1699822800000,0.0000350211
1699826400000,0.0000389898
1699830000000,0.0000406308
1699833600000,0.0000301084
1699837200000,0.0000133448
1699840800000,0.0000276113
1699844400000,0.0000443136
1699848000000,0.0000384767
1699851600000,0.0000352344
1699855200000,0.0000375546
1699858800000,0.0000465515
1699862400000,0.0000747299
1699866000000,0.0000470162
1699869600000,0.0000274247
1699873200000,0.0000344199
1699876800000,0.0000291379
1699880400000,0.0000516259
1699884000000,0.000083527
1699887600000,0.0000858848
1699891200000,0.0000647761
1699894800000,0.0000448879
1699898400000,0.0000355548
1699902000000,0.0000232188
1699905600000,0.0000265751
1699909200000,0.0000217949
1699912800000,0.0000125
1699916400000,0.0000125
1699920000000,0.0000125
1699923600000,0.0000125
1699927200000,0.0000125
1699930800000,0.0000125
1699934400000,0.0000125
1699938000000,0.0000125
1699941600000,0.0000125
1699945200000,0.0000125
1699948800000,0.0000125
1699952400000,0.0000125
1699956000000,0.0000360938
1699959600000,0.0000395657
1699963200000,0.000044654
1699966800000,0.0000436676
1699970400000,0.0000474156
1699974000000,0.0000388793
1699977600000,0.0000450184
1699981200000,0.000030124
1699984800000,0.000029365
1699988400000,0.0000125
1699992000000,0.00003683
1699995600000,0.0000471127
1699999200000,0.0000609644
1700002800000,0.0000711168
1700006400000,0.0000923582
1700010000000,0.0000601001
1700013600000,0.0000714857
1700017200000,0.0000561998
1700020800000,0.0000366081
1700024400000,0.0000348073
1700028000000,0.0000365144
1700031600000,0.0000444491
1700035200000,0.0000444098
1700038800000,0.0000190639
1700042400000,0.00001332
1700046000000,0.0000150631
1700049600000,0.0000239115
1700053200000,0.000020723
1700056800000,0.0000146862
1700060400000,0.0000125
1700064000000,0.0000125
1700067600000,0.0000125
1700071200000,0.0000125
1700074800000,0.0000363982
1700078400000,0.000044624
1700082000000,0.000030533
1700085600000,0.0000251027
1700089200000,0.0000430653
1700092800000,0.0000459285
1700096400000,0.0000260483
1700100000000,0.0000125
1700103600000,0.0000125
1700107200000,0.0000127801
1700110800000,0.0000125
1700114400000,0.0000125
1700118000000,0.0000125
1700121600000,0.0000125
1700125200000,0.0000125
1700128800000,0.0000125
1700132400000,0.0000125
1700136000000,-0.0000091584
1700139600000,0.0000060313
1700143200000,0.0000125
1700146800000,0.0000348804
1700150400000,0.0000125
1700154000000,0.0000125
1700157600000,0.0000177263
1700161200000,0.0000297041
1700164800000,0.0000228371
1700168400000,0.0000176801
1700172000000,0.0000136077
1700175600000,0.0000125
1700179200000,0.0000449283
1700182800000,0.0000125
1700186400000,0.0000125
1700190000000,0.0000125
1700193600000,0.0000089363
1700197200000,0.0000125
1700200800000,0.0000125
1700204400000,0.0000125
1700208000000,0.0000125
1700211600000,0.0000125
1700215200000,0.0000125
1700218800000,0.0000125
1700222400000,0.0000125
1700226000000,0.0000125
1700229600000,0.0000125
1700233200000,0.0000125
1700236800000,0.0000125
1700240400000,0.0000125
1700244000000,0.0000127607
1700247600000,0.0000129066
1700251200000,0.0000239351
1700254800000,0.0000125
1700258400000,0.0000125
1700262000000,0.0000125
1700265600000,0.0000136533
1700269200000,0.0000125
1700272800000,0.0000125
1700276400000,0.0000125
1700280000000,0.0000125
1700283600000,0.0000125
1700287200000,0.0000125
1700290800000,0.0000125
1700294400000,0.0000125
1700298000000,0.0000125
1700301600000,0.0000125
1700305200000,0.0000125
1700308800000,0.0000125
1700312400000,0.0000125
1700316000000,0.0000125
1700319600000,0.0000125
1700323200000,0.0000125
1700326800000,0.0000125
1700330400000,0.0000125
1700334000000,0.0000125
1700337600000,0.0000125
1700341200000,0.0000125
1700344800000,0.0000125
1700348400000,0.0000125
1700352000000,0.0000125
1700355600000,0.0000125
1700359200000,0.0000125
1700362800000,0.0000125
1700366400000,0.0000125
1700370000000,0.0000125
1700373600000,0.0000125
1700377200000,0.0000125
1700380800000,0.0000125
1700384400000,0.0000125
1700388000000,0.0000125
1700391600000,0.0000125
1700395200000,0.0000125
1700398800000,0.0000125
1700402400000,0.0000125
1700406000000,0.0000125
1700409600000,0.0000137297
1700413200000,0.0000125
1700416800000,0.0000125
1700420400000,0.0000125
1700424000000,0.0000125
1700427600000,0.0000125
1700431200000,0.0000125
1700434800000,0.0000125
1700438400000,0.0000228281
1700442000000,0.0000125
1700445600000,0.0000125
1700449200000,0.0000125
1700452800000,0.0000125
1700456400000,0.0000125
1700460000000,0.0000125
1700463600000,0.0000125
1700467200000,0.0000125
1700470800000,0.0000125
1700474400000,0.0000125
1700478000000,0.0000125
1700481600000,0.0000125
1700485200000,0.0000125
1700488800000,0.0000125
1700492400000,0.0000125
1700496000000,0.0000125
1700499600000,0.0000125
1700503200000,0.0000125
1700506800000,0.0000125
1700510400000,0.0000183002
1700514000000,0.0000213467
1700517600000,0.0000321102
1700521200000,0.0000307531
1700524800000,0.0000238312
1700528400000,0.0000125
1700532000000,0.0000125
1700535600000,0.0000125
1700539200000,0.0000190043
1700542800000,0.0000225373
1700546400000,0.0000305111
1700550000000,0.0000262524
1700553600000,0.0000184615
1700557200000,0.0000125
1700560800000,0.0000125
1700564400000,0.0000125
1700568000000,0.0000125
1700571600000,0.0000125
1700575200000,0.0000125
1700578800000,0.0000125
1700582400000,0.0000125
1700586000000,0.0000125
1700589600000,0.0000125
1700593200000,0.0000125
1700596800000,-0.0000002567
1700600400000,0.0000125
1700604000000,0.0000125
1700607600000,0.0000125
1700611200000,0.0000125
1700614800000,0.0000125
1700618400000,0.0000125
1700622000000,0.0000125
1700625600000,0.0000125
1700629200000,0.0000125
1700632800000,0.0000125
1700636400000,0.0000125
1700640000000,0.0000125
1700643600000,0.0000125
1700647200000,0.0000125
1700650800000,0.0000125
1700654400000,0.0000125
1700658000000,0.0000125
1700661600000,0.0000125
1700665200000,0.0000125
1700668800000,0.0000125
1700672400000,0.0000125
1700676000000,0.0000125
1700679600000,0.0000125
1700683200000,0.0000125
1700686800000,0.0000125
1700690400000,0.0000125
1700694000000,0.0000354455
1700697600000,0.0000125
1700701200000,0.0000125
1700704800000,0.0000125
1700708400000,0.0000125
1700712000000,0.0000125
1700715600000,0.0000125
1700719200000,0.0000125
1700722800000,0.0000125
1700726400000,0.0000125
1700730000000,0.0000125
1700733600000,0.0000125
1700737200000,0.0000125
1700740800000,0.0000125
1700744400000,0.0000125
1700748000000,0.0000125
1700751600000,0.0000125
1700755200000,0.0000125
1700758800000,0.0000109672
1700762400000,0.00001129
1700766000000,0.0000067994
1700769600000,0.0000010447
1700773200000,-0.000002875
1700776800000,0.0000125
1700780400000,0.0000125
1700784000000,0.0000125
1700787600000,0.0000125
1700791200000,0.0000125
1700794800000,0.0000125
1700798400000,0.0000125
1700802000000,0.0000125
1700805600000,0.0000125
1700809200000,0.0000125
1700812800000,0.0000125
1700816400000,0.0000125
1700820000000,0.0000125
1700823600000,0.0000125
1700827200000,0.0000159452
1700830800000,0.0000125
1700834400000,0.0000125
1700838000000,0.0000227405
1700841600000,0.0000241499
1700845200000,0.0000125
1700848800000,0.0000125
1700852400000,0.0000125
1700856000000,0.0000125
1700859600000,0.0000125
1700863200000,0.0000125
1700866800000,0.0000125
1700870400000,0.0000125
1700874000000,0.0000125
1700877600000,0.0000125
1700881200000,0.0000141264
1700884800000,0.0000125
1700888400000,0.0000125
1700892000000,0.0000156286
1700895600000,0.0000256836
1700899200000,0.0000246356
1700902800000,0.0000125
1700906400000,0.0000125
1700910000000,0.0000125
1700913600000,0.0000125
1700917200000,0.0000125
1700920800000,0.0000125
1700924400000,0.0000125
1700928000000,0.0000190291
1700931600000,0.0000125
1700935200000,0.0000125
1700938800000,0.0000125
1700942400000,0.0000125
1700946000000,0.0000125
1700949600000,0.0000125
1700953200000,0.0000125
1700956800000,0.0000125
1700960400000,0.0000125
1700964000000,0.0000125
1700967600000,0.0000125
1700971200000,0.0000126404
1700974800000,0.0000194363
1700978400000,0.0000295282
1700982000000,0.0000331671
1700985600000,0.0000394282
1700989200000,0.0000164349
1700992800000,0.0000125
1700996400000,0.0000125
1701000000000,0.0000125
1701003600000,0.0000125
1701007200000,0.0000125
1701010800000,0.0000125
1701014400000,0.0000125
1701018000000,0.0000125
1701021600000,0.0000125
1701025200000,0.0000125
1701028800000,0.0000125
1701032400000,0.0000125
1701036000000,0.0000125
1701039600000,0.0000125
1701043200000,0.0000125
1701046800000,0.0000125
1701050400000,0.0000125
1701054000000,0.0000125
1701057600000,0.0000074414
1701061200000,0.0000034084
1701064800000,0.0000066216
1701068400000,0.0000125
1701072000000,0.0000125
1701075600000,0.0000125
1701079200000,0.0000125
1701082800000,0.0000125
1701086400000,0.0000125
1701090000000,0.0000125
1701093600000,0.0000125
1701097200000,0.000025605
1701100800000,0.0000283201
1701104400000,0.0000199851
1701108000000,0.0000212983
1701111600000,0.0000177395
1701115200000,0.000019272
1701118800000,0.0000125
1701122400000,0.0000125
1701126000000,0.0000125
1701129600000,0.0000125
1701133200000,0.0000125
1701136800000,0.0000125
1701140400000,0.0000125
1701144000000,0.0000125
1701147600000,0.0000125
1701151200000,0.0000109069
1701154800000,-0.0000043329
1701158400000,-0.000003238
1701162000000,0.0000120168
1701165600000,0.0000125
1701169200000,0.0000125
1701172800000,0.0000125
1701176400000,0.0000125
1701180000000,0.0000125
1701183600000,0.0000125
1701187200000,0.0000125
1701190800000,0.0000125
1701194400000,0.0000125
1701198000000,0.0000125
1701201600000,0.0000045652
1701205200000,0.0000125
1701208800000,0.0000125
1701212400000,0.0000125
1701216000000,0.0000125
1701219600000,0.0000125
1701223200000,0.0000125
1701226800000,0.0000125
1701230400000,0.0000125
1701234000000,0.0000209439
1701237600000,0.0000213139
1701241200000,0.000026632
1701244800000,0.0000329976
1701248400000,0.0000219934
1701252000000,0.0000176217
1701255600000,0.0000125968
1701259200000,0.0000125
1701262800000,0.0000125
1701266400000,0.0000125
1701270000000,0.0000125
1701273600000,0.0000125
1701277200000,0.0000125
1701280800000,0.0000125
1701284400000,0.0000125
1701288000000,0.0000125
1701291600000,0.0000125
1701295200000,0.0000125
1701298800000,0.0000125
1701302400000,0.0000125
1701306000000,0.0000125
1701309600000,0.0000125
1701313200000,0.0000125
1701316800000,0.0000125
1701320400000,0.0000125
1701324000000,0.0000125
1701327600000,0.0000125
1701331200000,0.0000125
1701334800000,0.0000125
1701338400000,0.0000125
1701342000000,0.0000125
1701345600000,0.0000125
1701349200000,0.0000125704
1701352800000,0.0000126892
1701356400000,0.0000125
1701360000000,0.0000125
1701363600000,0.0000125
1701367200000,0.0000125
1701370800000,0.0000125
1701374400000,0.0000282527
1701378000000,0.0000402238
1701381600000,0.0000190057
1701385200000,0.0000145367
1701388800000,0.0000251025
1701392400000,0.0000125
1701396000000,0.0000125
1701399600000,0.0000125
1701403200000,0.0000125
1701406800000,0.0000229543
1701410400000,0.000030524
1701414000000,0.0000245644
1701417600000,0.0000337356
1701421200000,0.0000146281
1701424800000,0.0000321987
1701428400000,0.0000169439
1701432000000,0.0000227375
1701435600000,0.0000125
1701439200000,0.0000125
1701442800000,0.0000125
1701446400000,0.0000125
1701450000000,0.0000125
1701453600000,0.0000235168
1701457200000,0.0000242454
1701460800000,0.0000292086
1701464400000,0.0000343891
1701468000000,0.0000373402
1701471600000,0.0000125
1701475200000,0.0000153928
1701478800000,0.0000125
1701482400000,0.0000125
1701486000000,0.0000125
1701489600000,0.0000125
1701493200000,0.0000245912
1701496800000,0.0000465424
1701500400000,0.0000505719
1701504000000,0.0000682839
1701507600000,0.0000349489
1701511200000,0.0000426576
1701514800000,0.0000485723
1701518400000,0.0000524618
1701522000000,0.0000623023
1701525600000,0.0000624098
1701529200000,0.0000625489
1701532800000,0.0000590093
1701536400000,0.0000360507
1701540000000,0.0000348971
1701543600000,0.0000437749
1701547200000,0.0000622358
1701550800000,0.0000321609
1701554400000,0.0000199752
1701558000000,0.0000232119
1701561600000,0.0000343872
1701565200000,0.0000125
1701568800000,0.0000168452
1701572400000,0.000016612
1701576000000,0.0000376666
1701579600000,0.0000489804
1701583200000,0.0000773369
1701586800000,0.0000917486
1701590400000,0.0001129468
1701594000000,0.0000551793
1701597600000,0.0000331131
1701601200000,0.0000455936
1701604800000,0.0000378604
1701608400000,0.0000370018
1701612000000,0.000042047
1701615600000,0.0000483824
1701619200000,0.0000466458
1701622800000,0.0000367242
1701626400000,0.0000323383
1701630000000,0.0000353267
1701633600000,0.0000293221
1701637200000,0.0000125
1701640800000,0.0000125
1701644400000,0.0000918521
1701648000000,0.0000583717
1701651600000,0.000050673
1701655200000,0.00008687
1701658800000,0.0000891908
1701662400000,0.0000712512
1701666000000,0.0000870155
1701669600000,0.0001364294
1701673200000,0.0001749342
1701676800000,0.0001741484
1701680400000,0.0000977202
1701684000000,0.0000726001
1701687600000,0.0000713674
1701691200000,0.0000545297
1701694800000,0.0000283352
1701698400000,0.0000144909
1701702000000,0.000036406
1701705600000,0.0000133256
1701709200000,0.0000227632
1701712800000,0.0000125
1701716400000,0.0000313327
1701720000000,0.000038127
1701723600000,0.0000346717
1701727200000,0.0000502591
1701730800000,0.0000481449
1701734400000,0.0000214882
1701738000000,0.0000125
1701741600000,0.0000125
1701745200000,0.0000195324
1701748800000,0.000017889
1701752400000,0.000018394
1701756000000,0.0000223375
1701759600000,0.000032376
1701763200000,0.0000271466
1701766800000,0.0000195997
1701770400000,0.0000125
1701774000000,0.0000208939
1701777600000,0.0000242429
1701781200000,0.0000445431
1701784800000,0.0000514603
1701788400000,0.0000533115
1701792000000,0.0000619032
1701795600000,0.0000370671
1701799200000,0.0000437543
1701802800000,0.0000126082
1701806400000,0.0000125
1701810000000,0.0000125
1701813600000,0.0000125
1701817200000,-0.0000998169
1701820800000,-0.0001655753
1701824400000,-0.0000318548
1701828000000,-0.0000312151
1701831600000,-0.000011421
1701835200000,0.0000125
1701838800000,0.0000125
1701842400000,0.0000125
1701846000000,0.0000125
1701849600000,-0.000016305
1701853200000,-0.0000087151
1701856800000,-0.0000048612
1701860400000,-0.0000250619
1701864000000,-0.0000578058
1701867600000,-0.0000020377
1701871200000,0.0000035285
1701874800000,0.0000113903
1701878400000,0.0000113826
1701882000000,0.0000125
1701885600000,0.0000125
1701889200000,0.0000125
1701892800000,0.0000125
1701896400000,0.0000125
1701900000000,0.0000125
1701903600000,0.0000125
1701907200000,0.0000125
1701910800000,0.0000125
1701914400000,0.0000125
1701918000000,0.0000125
1701921600000,0.0000125
1701925200000,0.0000125
1701928800000,0.0000197237
1701932400000,0.0000125
1701936000000,0.0000125
1701939600000,0.0000125
1701943200000,0.0000125
1701946800000,0.0000212953
1701950400000,0.0000303691
1701954000000,0.000041076
1701957600000,0.0000404564
1701961200000,0.0000419005
1701964800000,0.0000458307
1701968400000,0.0000125
1701972000000,0.0000125
1701975600000,0.0000125
1701979200000,0.0000125
1701982800000,0.0000125
1701986400000,0.0000125
1701990000000,0.0000125
1701993600000,0.0000125
1701997200000,0.0000125
1702000800000,0.0000125
1702004400000,0.0000125
1702008000000,0.0000125
1702011600000,0.0000252258
1702015200000,0.0000125
1702018800000,0.0000125
1702022400000,0.0000137604
1702026000000,0.0000125
1702029600000,0.0000159303
1702033200000,0.0000137401
1702036800000,0.0000900321
1702040400000,0.0000772437
1702044000000,0.00007129
1702047600000,0.000091711
1702051200000,0.0000956785
1702054800000,0.0000293701
1702058400000,0.000025123
1702062000000,0.0000340936
1702065600000,0.0000171039
1702069200000,0.0000422676
1702072800000,0.00010468
1702076400000,0.0001319161
1702080000000,0.0001017393
1702083600000,0.000029485
1702087200000,0.0000289656
1702090800000,0.0000323191
1702094400000,0.0000437564
1702098000000,0.0000630796
1702101600000,0.0000742698
1702105200000,0.0000926023
1702108800000,0.0000947853
1702112400000,0.0000213811
1702116000000,0.0000125
1702119600000,0.0000125
1702123200000,0.0000125
1702126800000,0.0000125
1702130400000,0.0000125
1702134000000,0.0000125
1702137600000,0.0000125
1702141200000,0.0000274026
1702144800000,0.0000125
1702148400000,0.0000125
1702152000000,0.0000125
1702155600000,0.0000125
1702159200000,0.0000439772
1702162800000,0.0000533471
1702166400000,0.0000125
1702170000000,0.0000125
1702173600000,0.0000125
1702177200000,0.0000125
1702180800000,0.0000125
1702184400000,0.0000125
1702188000000,0.0000125
1702191600000,0.0000125
1702195200000,0.0000125
1702198800000,0.0000482996
1702202400000,0.0000125
1702206000000,0.0000125
1702209600000,0.0000260556
1702213200000,0.0000155293
1702216800000,0.0000125
1702220400000,0.0000284386
1702224000000,0.0000602039
1702227600000,0.0000156244
1702231200000,0.0000125
1702234800000,0.0000207279
1702238400000,0.000042476
1702242000000,0.0000572106
1702245600000,0.0000713901
1702249200000,0.0000567372
1702252800000,0.0000496206
1702256400000,0.0000248244
1702260000000,0.0000241892
1702263600000,0.0001188407
1702267200000,0.0000580247
1702270800000,0.0000710058
1702274400000,0.000080465
1702278000000,0.0001098245
1702281600000,0.0000877824
1702285200000,0.0000713268
1702288800000,0.0000773836
1702292400000,0.0000856503
1702296000000,0.0001020282
1702299600000,0.0001005044
1702303200000,0.0000930102
1702306800000,0.0001509045
1702310400000,0.000168021
1702314000000,0.0001058794
1702317600000,0.0001120408
1702321200000,0.0000774351
1702324800000,0.0000566395
1702328400000,0.000077539
1702332000000,0.0001387592
1702335600000,0.0001092655
1702339200000,0.0000421215
1702342800000,0.0000699665
1702346400000,0.0000779591
1702350000000,0.0000971124
1702353600000,0.0001002655
1702357200000,0.0000859383
1702360800000,0.0000635763
1702364400000,0.0000637384
1702368000000,0.0000407297
1702371600000,0.0000125
1702375200000,0.0000125
1702378800000,0.0000135571
1702382400000,0.0000257355
1702386000000,0.0000426493
1702389600000,0.0000410386
1702393200000,0.0000444345
1702396800000,0.0000416694
1702400400000,0.0000486795
1702404000000,0.0000615136
1702407600000,0.0000403152
1702411200000,0.0000684852
1702414800000,0.0000782111
1702418400000,0.0000769589
1702422000000,0.000083533
1702425600000,0.0001012803
1702429200000,0.0000571145
1702432800000,0.0000703828
1702436400000,0.0000814164
1702440000000,0.0000638715
1702443600000,0.0000598964
1702447200000,0.0000413569
1702450800000,0.0000130137
1702454400000,0.0000540254
1702458000000,0.0000184412
1702461600000,0.0000213829
1702465200000,0.0000313649
1702468800000,0.0000318202
1702472400000,0.0000393685
1702476000000,0.0000538329
1702479600000,0.000071012
1702483200000,0.0000281806
1702486800000,0.0000125
1702490400000,0.0000125
1702494000000,0.0000125
1702497600000,0.0000125
1702501200000,0.0000125
1702504800000,0.0000248259
1702508400000,0.000026347
1702512000000,0.0000125
1702515600000,0.0000125
1702519200000,0.0000125
1702522800000,0.0000125
1702526400000,0.0000125
1702530000000,0.0000125
1702533600000,0.0000125
1702537200000,0.0000125
1702540800000,0.0000125
1702544400000,0.0000125
1702548000000,0.0000125
1702551600000,0.0000125
1702555200000,0.0000125
1702558800000,0.0000125
1702562400000,0.0000125
1702566000000,0.0000125
1702569600000,0.0000125
1702573200000,0.0000125
1702576800000,0.0000125
1702580400000,0.0000176633
1702584000000,0.0000163928
1702587600000,0.0000187387
1702591200000,0.0000125
1702594800000,0.0000125
1702598400000,0.0000311704
1702602000000,0.0000298074
1702605600000,0.0000375456
1702609200000,0.0000459744
1702612800000,0.0000125
1702616400000,0.0000125
1702620000000,0.0000161174
1702623600000,0.0000418765
1702627200000,0.0000306814
1702630800000,0.0000125
1702634400000,0.0000267047
1702638000000,0.0000309134
1702641600000,0.00004395
1702645200000,0.0000506871
1702648800000,0.0000202688
1702652400000,0.0000125
1702656000000,0.0000268977
1702659600000,0.0000190935
1702663200000,0.0000125
1702666800000,0.0000127378
1702670400000,0.0000125
1702674000000,0.0000125
1702677600000,0.0000125
1702681200000,0.0000125
1702684800000,0.0000125
1702688400000,0.0000125
1702692000000,0.0000125
1702695600000,0.0000125
1702699200000,0.0000125
1702702800000,0.000013566
1702706400000,0.0000125
1702710000000,0.0000125
1702713600000,0.0000125
1702717200000,0.0000125
1702720800000,0.0000125
1702724400000,0.0000125
1702728000000,0.0000125
1702731600000,0.0000125
1702735200000,0.0000125
1702738800000,0.0000125
1702742400000,0.0000125
1702746000000,0.0000125
1702749600000,0.0000125
1702753200000,0.0000125
1702756800000,0.0000125
1702760400000,0.0000125
1702764000000,0.0000125
1702767600000,0.0000125
1702771200000,0.0000043636
1702774800000,0.0000089454
1702778400000,0.0000120297
1702782000000,0.0000125
1702785600000,0.0000125
1702789200000,0.0000125
1702792800000,0.0000125
1702796400000,0.0000125
1702800000000,0.0000125
1702803600000,0.0000125
1702807200000,0.0000125
1702810800000,0.0000125
1702814400000,0.0000125
1702818000000,0.0000125
1702821600000,0.0000125
1702825200000,0.0000125
1702828800000,0.0000125
1702832400000,0.0000125
1702836000000,0.0000125
1702839600000,0.0000125
1702843200000,0.0000125
1702846800000,0.0000125
1702850640000,0.0000125
1702854000000,0.0000125
1702857600000,0.0000125
1702861200000,0.0000125
1702864800000,0.0000125
1702868400000,0.0000125
1702872000000,0.0000125
1702875600000,0.0000125
1702879200000,0.0000125
1702882800000,0.0000226091
1702886400000,0.0000359196
1702890000000,0.0000125
1702893600000,0.0000125
1702897200000,0.0000125
1702900800000,0.0000125
1702904400000,0.0000125
1702908000000,0.0000125
1702911600000,0.0000369732
1702915200000,0.0000523067
1702918800000,0.0000125
1702922400000,0.0000125
1702926000000,0.0000125
1702929600000,0.0000125
1702933200000,0.0000125
1702936800000,0.000014679
1702940400000,0.0000529947
1702944000000,0.0000536441
1702947600000,0.0000408287
1702951200000,0.0000473191
1702954800000,0.0000720361
1702958400000,0.00007333
1702962000000,0.0000487625
1702965600000,0.0000163647
1702969200000,0.0000248793
1702972800000,0.0000223792
1702976400000,0.0000226134
1702980000000,0.0000247356
1702983600000,0.0000309064
1702987200000,0.0000463754
1702990800000,0.0000364222
1702994400000,0.0000416783
1702998000000,0.0000379941
1703001600000,0.0000581969
1703005200000,0.0000351877
1703008800000,0.0000466706
1703012400000,0.0000472816
1703016000000,0.0000549693
1703019600000,0.0000547436
1703023200000,0.0000601574
1703026800000,0.0000515406
1703030400000,0.0000534773
1703034000000,0.0000278072
1703037600000,0.0000314339
1703041200000,0.0000420137
1703044800000,0.000052119
1703048400000,0.0000622521
1703052000000,0.0000656158
1703055600000,0.0000662763
1703059200000,0.0000781762
1703062800000,0.0000488557
1703066400000,0.0000617644
1703070000000,0.0000657804
1703073600000,0.0000775002
1703077200000,0.0000893085
1703080800000,0.0000838029
1703084400000,0.0000361334
1703088000000,0.0000522859
1703091600000,0.000022624
1703095200000,0.0000470824
1703098800000,0.0000534369
1703102400000,0.0000391827
1703106000000,0.0000125
1703109600000,0.0000221576
1703113200000,0.0000496847
1703116800000,0.0000573346
1703120400000,0.0000355747
1703124000000,0.0000449174
1703127600000,0.0000570527
1703131200000,0.0000853264
1703134800000,0.0000963624
1703138400000,0.0001006752
1703142000000,0.000116602
1703145600000,0.0001106496
1703149200000,0.000065758
1703152800000,0.0000712421
1703156400000,0.0000723252
1703160000000,0.000086983
1703163600000,0.0000764469
1703167200000,0.0000683928
1703170800000,0.0000652519
1703174400000,0.0000749285
1703178000000,0.0000344076
1703181600000,0.0000545696
1703185200000,0.0000671748
1703188800000,0.0000789854
1703192400000,0.0000836387
1703196000000,0.0001186437
1703199600000,0.0000887698
1703203200000,0.0001116215
1703206800000,0.0000786148
1703210400000,0.0000775817
1703214000000,0.0000778118
1703217600000,0.0000578683
1703221200000,0.0000793409
1703224800000,0.0001056902
1703228400000,0.0000972758
1703232000000,0.0000913788
1703235600000,0.0000506301
1703239200000,0.0000383783
1703242800000,0.000067491
1703246400000,0.0000500366
1703250000000,0.0000378455
1703253600000,0.0000857352
1703257200000,0.0000469094
1703260800000,0.0000790126
1703264400000,0.0000326068
1703268000000,0.0000449901
1703271600000,0.0000751272
1703275200000,0.0000675284
1703278800000,0.0000771842
1703282400000,0.0000919311
1703286000000,0.0001280635
1703289600000,0.0001236197
1703293200000,0.0000683853
1703296800000,0.0000674675
1703300400000,0.0000616974
1703304000000,0.0000393056
1703307600000,0.0000718443
1703311200000,0.000090036
1703314800000,0.000089467
1703318400000,0.0000793343
1703322000000,0.0000522977
1703325600000,0.0000587608
1703329200000,0.000069652
1703332800000,0.0000648168
1703336400000,0.0000724762
1703340000000,0.0000962885
1703343600000,0.0001141211
1703347200000,0.000115938
1703350800000,0.0000654268
1703354400000,0.0000589027
1703358000000,0.0000605134
1703361600000,0.0000655532
1703365200000,0.0000467062
1703368800000,0.0000491788
1703372400000,0.000040159
1703376000000,0.0000596038
1703379600000,0.0000394753
1703383200000,0.000040577
1703386800000,0.0000492257
1703390400000,0.0000550265
1703394000000,0.00007787
1703397600000,0.0001158049
1703401200000,0.0001607012
1703404800000,0.0001768696
1703408400000,0.0001006756
1703412000000,0.000107868
1703415600000,0.0000920729
1703419200000,0.0000882214
1703422800000,0.0000887548
1703426400000,0.0000662167
1703430000000,0.0000783749
1703433600000,0.0000543286
1703437200000,0.0000340273
1703440800000,0.0000394819
1703444400000,0.0000503988
1703448000000,0.0000576311
1703451600000,0.000062295
1703455200000,0.0000598312
1703458800000,0.0000740407
1703462400000,0.0000716373
1703466000000,0.0000370603
1703469600000,0.0000499084
1703473200000,0.0000564776
1703476800000,0.0000642731
1703480400000,0.0000688884
1703484000000,0.0000766875
1703487600000,0.0000795035
1703491200000,0.0000803609
1703494800000,0.0000491528
1703498400000,0.0000581078
1703502000000,0.0000480629
1703505600000,0.0000480359
1703509200000,0.0000587353
1703512800000,0.000065417
1703516400000,0.0000762892
1703520000000,0.000089704
1703523600000,0.0000765135
1703527200000,0.000086342
1703530800000,0.0000969593
1703534400000,0.0001019774
1703538000000,0.0000744709
1703541600000,0.0001117129
1703545200000,0.0001588864
1703548800000,0.0001883676
1703552400000,0.0000610701
1703556000000,0.0000539976
1703559600000,0.0000632509
1703563200000,0.0000623139
1703566800000,0.0000734532
1703570400000,0.0000715832
1703574000000,0.0000819091
1703577600000,0.0000572992
1703581200000,0.0000312149
1703584800000,0.0000454582
1703588400000,0.0000645743
1703592000000,0.0000924276
1703595600000,0.0000685125
1703599200000,0.0000475427
1703602800000,0.0000659862
1703606400000,0.0001216378
1703610000000,0.0000815068
1703613600000,0.0001024411
1703617200000,0.000114879
1703620800000,0.000125195
1703624400000,0.0001361779
1703628000000,0.0000705184
1703631600000,0.0001204573
1703635200000,0.0001449172
1703638800000,0.0000876286
1703642400000,0.0000901812
1703646000000,0.0000881267
1703649600000,0.0000938849
1703653200000,0.0000774691
1703656800000,0.0001003174
1703660400000,0.0001266093
1703664000000,0.000136408
1703667600000,0.0000881375
1703671200000,0.000079235
1703674800000,0.0000866331
1703678400000,0.0001240303
1703682000000,0.0001157766
1703685600000,0.0001200801
1703689200000,0.0000906908
1703692800000,0.0001013147
1703696400000,0.0000424647
1703700000000,0.0000647974
1703703600000,0.0000852249
1703707200000,0.0000870786
1703710800000,0.000037386
1703714400000,0.0000125
1703718000000,0.0000125
1703721600000,0.0000125
1703725200000,0.0000127516
1703728800000,0.0000233552
1703732400000,0.0000125
1703736000000,0.0000125
1703739600000,0.0000155541
1703743200000,0.0000290141
1703746800000,0.0000456754
1703750400000,0.0000371427
1703754000000,0.0000125
1703757600000,0.0000125
1703761200000,0.0000261056
1703764800000,0.0000394843
1703768400000,0.0000390631
1703772000000,0.0000350817
1703775600000,0.0000618577
1703779200000,0.0000908404
1703782800000,0.0000705246
1703786400000,0.0000854633
1703790000000,0.0000978596
1703793600000,0.0001130338
1703797200000,0.0001125746
1703800800000,0.0001020792
1703804400000,0.000082483
1703808000000,0.000091681
1703811600000,0.0000447289
1703815200000,0.0000644207
1703818800000,0.0000899584
1703822400000,0.0001008767
1703826000000,0.000082179
1703829600000,0.0000692244
1703833200000,0.0000785733
1703836800000,0.0000856236
1703840400000,0.0000538218
1703844000000,0.0000771175
1703847600000,0.0001025979
1703851200000,0.0001523152
1703854800000,0.0001687254
1703858400000,0.0001724906
1703862000000,0.0001359546
1703865600000,0.0001345425
1703869200000,0.0000972321
1703872800000,0.0000414093
1703876400000,0.0000313388
1703880000000,0.0000534264
1703883600000,0.0000718423
1703887200000,0.0000697748
1703890800000,0.0000766539
1703894400000,0.0000897495
1703898000000,0.0000730887
1703901600000,0.0000762894
1703905200000,0.0000684449
1703908800000,0.0000294002
1703912400000,0.0000179144
1703916000000,0.0000251247
1703919600000,0.0000231074
1703923200000,0.0000303136
1703926800000,0.0000302248
1703930400000,0.0000294185
1703934000000,0.0000231673
1703937600000,0.0000153921
1703941200000,0.0000125
1703944800000,0.0000125
1703948400000,0.0000125
1703952000000,0.000029655
1703955600000,0.0000125
1703959200000,0.0000299138
1703962800000,0.0000436039
1703966400000,0.000049626
1703970000000,0.0000493204
1703973600000,0.0000574537
1703977200000,0.0000659804
1703980800000,0.0000617981
1703984400000,0.0000299437
1703988000000,0.0000285518
1703991600000,0.000032155
1703995200000,0.0000403484
1703998800000,0.0000552235
1704002400000,0.0000641855
1704006000000,0.0000721167
1704009600000,0.0000346314
1704013200000,0.0000125
1704016800000,0.0000136905
1704020400000,0.0000141849
1704024000000,0.0000194016
1704027600000,0.0000125
1704031200000,0.0000125
1704034800000,0.0000259381
1704038400000,0.0000366047
1704042000000,0.000020519
1704045600000,0.0000202365
1704049200000,0.0000214522
1704052800000,0.0000556347
1704056400000,0.0000550429
1704060000000,0.0000751435
1704063600000,0.0000744726
1704067200000,0.0000617991
1704070800000,0.0000400063
1704074400000,0.0000433791
1704078000000,0.0000501325
1704081600000,0.0000502852
1704085200000,0.0000574541
1704088800000,0.0000615383
1704092400000,0.0000682294
1704096000000,0.0000786741
1704099600000,0.0000439524
1704103200000,0.00005465
1704106800000,0.0000617813
1704110400000,0.0000513592
1704114000000,0.000065474
1704117600000,0.0001020285
1704121200000,0.0001170856
1704124800000,0.0001208635
1704128400000,0.0000607689
1704132000000,0.0000760053
1704135600000,0.0000884071
1704139200000,0.0000967688
1704142800000,0.0001085031
1704146400000,0.0001117335
1704150000000,0.0001126788
1704153600000,0.000116788
1704157200000,0.0001506149
1704160800000,0.0001875633
1704164400000,0.0001672121
1704168000000,0.0001555138
1704171600000,0.0001405183
1704175200000,0.0001553303
1704178800000,0.0001103552
1704182400000,0.0001085123
1704186000000,0.0000463007
1704189600000,0.0000605821
1704193200000,0.0001121537
1704196800000,0.0001379283
1704200400000,0.0001631998
1704204000000,0.0001511239
1704207600000,0.0001108483
1704211200000,0.000083608
1704214800000,0.0000501684
1704218400000,0.0000414819
1704222000000,0.0000189242
1704225600000,0.0000125
1704229200000,0.0000125
1704232800000,0.0000125
1704236400000,0.0000125
1704240000000,0.0000220254
1704243600000,0.0000254754
1704247200000,0.0000666534
1704250800000,0.0000800914
1704254400000,0.0000902586
1704258000000,0.0000590757
1704261600000,0.0000554709
1704265200000,0.0000461514
1704268800000,0.0001324768
1704272400000,0.0000758877
1704276000000,0.0000842096
1704279600000,0.0000858123
1704283200000,0.000023947
1704286800000,0.0000865128
1704290400000,0.0001353993
1704294000000,0.00015267
1704297600000,0.0001462109
1704301200000,0.0000790037
1704304800000,0.0000728127
1704308400000,0.0000782119
1704312000000,0.000083202
1704315600000,0.000097914
1704319200000,0.0001170387
1704322800000,0.0000971525
1704326400000,0.0000582469
1704330000000,0.0000195771
1704333600000,0.000017114
1704337200000,0.0000685524
1704340800000,0.0000997446
1704344400000,0.0000860658
1704348000000,0.0000762619
1704351600000,0.0000814292
1704355200000,0.0000712119
1704358800000,0.000036647
1704362400000,0.0000584109
1704366000000,0.0000389649
1704369600000,0.0000464977
1704373200000,0.000055692
1704376800000,0.0000815853
1704380400000,0.000143404
1704384000000,0.0001609293
1704387600000,0.0000597134
1704391200000,0.0000484112
1704394800000,0.0000494868
1704398400000,0.0000755134
1704402000000,0.0000980157
1704405600000,0.0001228116
1704409200000,0.0001416398
1704412800000,0.0001331951
1704416400000,0.0000566577
1704420000000,0.000081444
1704423600000,0.0000865959
1704427200000,0.0001003394
1704430800000,0.000118539
1704434400000,0.0001177292
1704438000000,0.0001117048
1704441600000,0.0000281653
1704445200000,0.0000125
1704448800000,0.0000715609
1704452400000,0.0000439356
1704456000000,0.0000125
1704459600000,0.0000125
1704463200000,0.0000125
1704466800000,0.0000125
1704470400000,0.0000125
1704474000000,0.0000125
1704477600000,0.0000125
1704481200000,0.0000125
1704484800000,0.0000125
1704488400000,0.0000127967
1704492000000,0.0000132016
1704495600000,0.0000294717
1704499200000,0.000046226
1704502800000,0.0000247711
1704506400000,0.0000280053
1704510000000,0.0000269027
1704513600000,0.0000196739
1704517200000,0.0000215872
1704520800000,0.0000143612
1704524400000,0.0000126344
1704528000000,0.0000487874
1704531600000,0.0000125
1704535200000,0.0000125
1704538800000,0.0000125
1704542400000,0.0000125
1704546000000,0.0000125
1704549600000,0.0000125
1704553200000,0.0000257913
1704556800000,0.0000366684
1704560400000,0.0000173971
1704564000000,0.0000284066
1704567600000,0.0000390056
1704571200000,0.0000397465
1704574800000,0.0000291555
1704578400000,0.0000279382
1704582000000,0.000043664
1704585600000,0.0000500746
1704589200000,0.0000160213
1704592800000,0.0000205129
1704596400000,0.0000279906
1704600000000,0.0000320818
1704603600000,0.0000271896
1704607200000,0.0000329577
1704610800000,0.0000384349
1704614400000,0.0000458826
1704618000000,0.0000215953
1704621600000,0.0000260885
1704625200000,0.0000283688
1704628800000,0.0000397707
1704632400000,0.0000507039
1704636000000,0.000078108
1704639600000,0.0000759872
1704643200000,0.0000762819
1704646800000,0.0000318344
1704650400000,0.0000374407
1704654000000,0.0000503337
1704657600000,0.0000614426
1704661200000,0.0000747434
1704664800000,0.0000789621
1704668400000,0.0000766985
1704672000000,0.00009047
1704675600000,0.000051339
1704679200000,0.0000558902
1704682800000,0.000049604
1704686400000,0.0000574145
1704690000000,0.0000708521
1704693600000,0.000064743
1704697200000,0.0000979697
1704700800000,0.0001160298
1704704400000,0.0000631397
1704708000000,0.0000583293
1704711600000,0.0000867311
1704715200000,0.0001095124
1704718800000,0.0000966168
1704722400000,0.0001173925
1704726000000,0.0001047516
1704729600000,0.0000567422
1704733200000,0.000075062
1704736800000,0.0000895236
1704740400000,0.0001356721
1704744000000,0.0001017049
1704747600000,0.000104049
1704751200000,0.0001032299
1704754800000,0.0001330456
1704758400000,0.0001091107
1704762000000,0.000037402
1704765600000,0.0000125
1704769200000,0.0000788658
1704772800000,0.0000871257
1704776400000,0.0000984205
1704780000000,0.0001145239
1704783600000,0.0001580972
1704787200000,0.000172268
1704790800000,0.000090131
1704794400000,0.0000635289
1704798000000,0.0000674616
1704801600000,0.0000517593
1704805200000,0.0000720478
1704808800000,0.0001294971
1704812400000,0.0001555428
1704816000000,0.0001493904
1704819600000,0.0000813979
1704823200000,0.0000870867
1704826800000,0.0000947076
1704830400000,0.0000975931
1704834000000,0.0000708895
1704837600000,0.0000257684
1704841200000,0.0000388923
1704844800000,0.0000886518
1704848400000,0.0000520864
1704852000000,0.0000763745
1704855600000,0.0000823107
1704859200000,0.0000945928
1704862800000,0.0000526622
1704866400000,0.0000605463
1704870000000,0.000102097
1704873600000,0.0001039705
1704877200000,0.000052047
1704880800000,0.0000470888
1704884400000,0.0000688596
1704888000000,0.0000769809
1704891600000,0.0000578589
1704895200000,0.0000302383
1704898800000,0.0000525477
1704902400000,0.0000605649
1704906000000,0.0000637076
1704909600000,0.0000818956
1704913200000,0.0001624553
1704916800000,0.0001857358
1704920400000,0.0002189027
1704924000000,0.0002105561
1704927600000,0.0001032753
1704931200000,0.0000773308
1704934800000,0.0000270365
1704938400000,0.0000371618
1704942000000,0.0000459175
1704945600000,0.0000243808
1704949200000,0.000048429
1704952800000,0.0000225639
1704956400000,0.0000159902
1704960000000,0.0000787216
1704963600000,0.0000519764
1704967200000,0.0000527818
1704970800000,0.0000637772
1704974400000,0.0000984315
1704978000000,0.0001316796
1704981600000,0.0001133731
1704985200000,0.0001699154
1704988800000,0.0000538187
1704992400000,0.0000125
1704996000000,0.0000475521
1704999600000,0.0000202858
1705003200000,0.0000184288
1705006800000,0.0000268742
1705010400000,0.0000125
1705014000000,0.0000125
1705017600000,0.0000125
1705021200000,0.0000125
1705024800000,0.0000125
1705028400000,0.0000239614
1705032000000,0.0000296081
1705035600000,0.0000312414
1705039200000,0.0000306849
1705042800000,0.0000278644
1705046400000,0.0000415277
1705050000000,0.0000166715
1705053600000,0.0000158565
1705057200000,0.0000242204
1705060800000,0.0000125
1705064400000,0.0000177493
1705068000000,0.0000175471
1705071600000,0.0000380107
1705075200000,0.0000227974
1705078800000,0.0000125
1705082400000,0.0000235109
1705086000000,0.0000422361
1705089600000,0.0000565708
1705093200000,0.0000471524
1705096800000,0.0000426501
1705100400000,0.0000125
1705104000000,0.0000125
1705107600000,0.0000125
1705111200000,0.0000125
1705114800000,0.0000055175
1705118400000,0.0000040039
1705122000000,0.0000125
1705125600000,0.0000125
1705129200000,0.0000022232
1705132800000,0.0000104633
1705136400000,0.0000125
1705140000000,0.0000125
1705143600000,0.0000125
1705147200000,0.0000125
1705150800000,0.0000144326
1705154400000,0.0000304461
1705158000000,0.0000313255
1705161600000,0.0000371158
1705165200000,0.0000294622
1705168800000,0.0000415236
1705172400000,0.0000457284
1705176000000,0.00005707
1705179600000,0.0000382576
1705183200000,0.0000179322
1705186800000,0.0000415056
1705190400000,0.0000898964
1705194000000,0.0000424662
1705197600000,0.0000536772
1705201200000,0.0000522847
1705204800000,0.0000500454
1705208400000,0.0000150652
1705212000000,0.0000204712
1705215600000,0.0000168333
1705219200000,0.0000125
1705222800000,0.0000125
1705226400000,0.0000125
1705230000000,0.0000159599
1705233600000,0.0000230941
1705237200000,0.0000125
1705240800000,0.0000125
1705244400000,0.0000163585
1705248000000,0.0000415492
1705251600000,0.0000158681
1705255200000,0.000017873
1705258800000,0.000017533
1705262400000,0.0000346124
1705266000000,0.0000326104
1705269600000,0.0000460809
1705273200000,0.0000165192
1705276800000,0.0000254946
1705280400000,0.000035788
1705284000000,0.0000319548
1705287600000,0.0000350363
1705291200000,0.0000410407
1705294800000,0.0000490011
1705298400000,0.0000125
1705302000000,0.0000125
1705305600000,0.0000196469
1705309200000,0.0000125
1705312800000,0.0000125
1705316400000,0.0000151175
1705320000000,0.0000125
1705323600000,0.0000125
1705327200000,0.0000125
1705330800000,0.0000125
1705334400000,0.0000125
1705338000000,0.0000125
1705341600000,0.0000125
1705345200000,0.0000125
1705348800000,0.0000049499
1705352400000,-0.0000077004
1705356000000,-0.0000127699
1705359600000,-0.0000216992
1705363200000,0.0000125
1705366800000,0.0000125
1705370400000,0.0000125
1705374000000,0.0000125
1705377600000,0.0000125
1705381200000,0.0000125
1705384800000,0.0000023087
1705388400000,0.0000114136
1705392000000,-0.0000015416
1705395600000,0.0000059099
1705399200000,0.0000060138
1705402800000,0.0000022326
1705406400000,-0.0000032426
1705410000000,0.0000125
1705413600000,0.0000125
1705417200000,-0.0000029848
1705420800000,0.0000125
1705424400000,0.0000125
1705428000000,0.0000125
1705431600000,0.0000125
1705435200000,0.0000125
1705438800000,0.0000125
1705442400000,0.0000125
1705446000000,0.0000125
1705449600000,0.0000125
1705453200000,0.0000125
1705456800000,0.0000125
1705460400000,0.0000125
1705464000000,0.0000125
1705467600000,0.0000125
1705471200000,0.0000125
1705474800000,0.0000125
1705478400000,0.0000125
1705482000000,0.0000125
1705485600000,0.0000125
1705489200000,0.0000125
1705492800000,0.0000125
1705496400000,0.0000125
1705500000000,0.0000125
1705503600000,0.0000125
1705507200000,0.0000125
1705510800000,0.0000125
1705514400000,0.0000125
1705518000000,0.0000243339
1705521600000,0.0000125
1705525200000,0.0000125
1705528800000,0.00002166
1705532400000,0.0000260746
1705536000000,0.0000411218
1705539600000,0.0000125
1705543200000,0.0000125
1705546800000,0.0000125
1705550400000,0.0000204666
1705554000000,0.0000274007
1705557600000,0.0000254221
1705561200000,0.0000377294
1705564800000,0.0000246545
1705568400000,0.0000125
1705572000000,0.0000162123
1705575600000,0.0000254522
1705579200000,0.0000335979
1705582800000,0.0000205729
1705586400000,0.0000195043
1705590000000,0.0000125
1705593600000,0.0000125
1705597200000,0.0000125
1705600800000,0.0000377518
1705604400000,0.0000397475
1705608000000,0.0000125
1705611600000,0.0000299696
1705615200000,0.000037372
1705618800000,0.0000125
1705622400000,0.0000195329
1705626000000,0.0000125
1705629600000,0.0000125
1705633200000,0.0000125
1705636800000,0.0000125
1705640400000,0.0000125
1705644000000,0.0000125
1705647600000,0.0000125
1705651200000,0.0000125
1705654800000,0.0000125
1705658400000,0.0000125
1705662000000,0.0000125
1705665600000,0.0000125
1705669200000,0.0000125
1705672800000,0.0000125
1705676400000,0.0000125
1705680000000,0.0000125
1705683600000,0.0000125
1705687200000,0.0000125
1705690800000,0.0000125
1705694400000,0.0000125
1705698000000,0.0000125
1705701600000,0.0000125
1705705200000,0.0000125
1705708800000,0.0000125
1705712400000,0.0000125
1705716000000,0.0000125
1705719600000,0.0000125
1705723200000,0.0000125
1705726800000,0.0000125
1705730400000,0.0000125
1705734000000,0.0000125
1705737600000,0.0000125
1705741200000,0.0000125
1705744800000,0.0000125
1705748400000,0.0000125
1705752000000,0.0000125
1705755600000,0.0000125
1705759200000,0.0000125
1705762800000,0.0000125
1705766400000,0.0000125
1705770000000,0.0000125
1705773600000,0.0000125
1705777200000,0.0000125
1705780800000,0.0000125
1705784400000,0.0000125
1705788000000,0.0000076495
1705791600000,0.0000042198
1705795200000,0.0000007583
1705798800000,0.0000115594
1705802400000,0.0000117342
1705806000000,0.0000105503
1705809600000,0.0000125
1705813200000,0.0000125
1705816800000,0.0000125
1705820400000,0.0000125
1705824000000,0.0000125
1705827600000,0.0000125
1705831200000,0.0000125
1705834800000,0.0000125
1705838400000,0.0000125
1705842000000,0.0000125
1705845600000,0.0000125
1705849200000,0.0000125
1705852800000,0.0000125
1705856400000,0.0000125
1705860000000,0.0000125
1705863600000,0.0000125
1705867200000,0.0000125
1705870800000,0.0000125
1705874400000,0.0000125
1705878000000,0.0000125
1705881600000,0.0000125
1705885200000,0.0000125
1705888800000,0.0000125
1705892400000,0.0000125
1705896000000,0.0000125
1705899600000,0.0000125
1705903200000,0.0000059799
1705906800000,-0.0000077499
1705910400000,-0.0000124219
1705914000000,-0.0000038556
1705917600000,-0.0000098014
1705921200000,-0.0000119913
1705924800000,-0.0000222615
1705928400000,0.0000125
1705932000000,0.0000125
1705935600000,0.0000125
1705939200000,0.0000082488
1705942800000,0.0000125
1705946400000,0.0000125
1705950000000,0.0000125
1705953600000,0.0000125
1705957200000,0.0000125
1705960800000,0.0000125
1705964400000,0.0000125
1705968000000,0.0000125
1705971600000,0.0000125
1705975200000,0.0000125
1705978800000,0.0000125
1705982400000,0.0000125
1705986000000,0.0000344234
1705989600000,0.0000498197
1705993200000,0.0000715858
1705996800000,0.0000125
1706000400000,0.0000125
1706004000000,0.0000125
1706007600000,0.0000125
1706011200000,0.0000125
1706014800000,0.0000125
1706018400000,0.0000125
1706022000000,0.0000125
1706025600000,0.0000129154
1706029200000,0.0000302314
1706032800000,0.0000697316
1706036400000,0.0000682469
1706040000000,0.0000651457
1706043600000,0.0000258538
1706047200000,0.0000125
1706050800000,0.0000125
1706054400000,0.0000125
1706058000000,0.0000125
1706061600000,0.0000125
1706065200000,0.0000125
1706068800000,0.0000125
1706072400000,0.0000125
1706076000000,0.0000276335
1706079600000,0.00002394
1706083200000,0.0000164343
1706086800000,0.0000125
1706090400000,0.0000125
1706094000000,0.0000125
1706097600000,0.0000125
1706101200000,0.0000125
1706104800000,0.0000125
1706108400000,0.0000715017
1706112000000,0.0000933987
1706115600000,0.0000486151
1706119200000,0.0000411159
1706122800000,0.0000542649
1706126400000,0.0000623322
1706130000000,0.000057971
1706133600000,0.0000555084
1706137200000,0.0000512701
1706140800000,0.0000511126
1706144400000,0.0000294833
1706148000000,0.0000169285
1706151600000,0.0000125
1706155200000,0.0000125
1706158800000,0.0000125
1706162400000,0.0000125
1706166000000,0.0000125
1706169600000,0.0000221801
1706173200000,0.0000125
1706176800000,0.0000125
1706180400000,0.0000125
1706184000000,0.0000125
1706187600000,0.0000125
1706191200000,0.0000125
1706194800000,0.0000125
1706198400000,0.0000125
1706202000000,0.0000125
1706205600000,0.0000125
1706209200000,0.0000125
1706212800000,0.0000125
1706216400000,0.0000125
1706220000000,0.0000125
1706223600000,0.0000219232
1706227200000,0.0000279038
1706230800000,0.0000125
1706234400000,0.0000125
1706238000000,0.0000125
1706241600000,0.0000125
1706245200000,0.0000125
1706248800000,0.0000125
1706252400000,0.0000125
1706256000000,0.0000125
1706259600000,0.0000125
1706263200000,0.0000125
1706266800000,0.0000125
1706270400000,0.0000125
1706274000000,0.0000125
1706277600000,0.0000125
1706281200000,0.0000127296
1706284800000,0.0000125
1706288400000,0.0000001916
1706292000000,0.0000093757
1706295600000,-0.0000027901
1706299200000,-0.0000226765
1706302800000,-0.0000140988
1706306400000,-0.000024816
1706310000000,-0.0000134364
1706313600000,-0.0000171197
1706317200000,0.0000125
1706320800000,0.0000125
1706324400000,0.0000125
1706328000000,0.0000125
1706331600000,0.0000125
1706335200000,0.0000125
1706338800000,0.0000125
1706342400000,-0.0000164065
1706346000000,0.0000033252
1706349600000,0.0000125
1706353200000,0.0000125
1706356800000,0.0000125
1706360400000,0.0000125
1706364000000,0.0000125
1706367600000,0.0000125
1706371200000,0.0000125
1706374800000,0.0000125
1706378400000,0.0000125
1706382000000,0.0000125
1706385600000,0.0000125
1706389200000,0.0000125
1706392800000,0.0000125
1706396400000,-0.000003132
1706400000000,-0.0000146886
1706403600000,0.0000125
1706407200000,0.0000125
1706410800000,0.0000125
1706414400000,0.0000125
1706418000000,-0.0000074662
1706421600000,-0.0000166977
1706425200000,-0.0000218497
1706428800000,-0.0000392578
1706432400000,-0.0000092416
1706436000000,-0.0000094388
1706439600000,-0.0000120806
1706443200000,-0.0000079394
1706446800000,-0.000010589
1706450400000,-0.0000057257
1706454000000,-0.0000166444
1706457600000,0.0000103552
1706461200000,0.0000100258
1706464800000,0.0000036096
1706468400000,0.0000118072
1706472000000,0.0000125
1706475600000,0.0000125
1706479200000,0.0000125
1706482800000,0.0000125
1706486400000,0.0000125
1706490000000,0.0000125
1706493600000,0.0000125
1706497200000,0.0000064778
1706500800000,0.0000092578
1706504400000,0.0000125
1706508000000,0.0000125
1706511600000,0.0000081993
1706515200000,0.0000085433
1706518800000,0.0000125
1706522400000,0.0000125
1706526000000,0.0000115357
1706529600000,0.0000092052
1706533200000,0.0000125
1706536800000,0.0000125
1706540400000,0.0000125
1706544000000,0.0000125
1706547600000,0.0000125
1706551200000,0.0000061168
1706554800000,-0.0000101345
1706558400000,-0.0000166854
1706562000000,-0.0000302706
1706565600000,-0.0000523254
1706569200000,-0.0000553464
1706572800000,-0.0000918081
1706576400000,-0.0000456671
1706580000000,-0.0000267976
1706583600000,0.0000007912
1706587200000,-0.0000255142
1706590800000,-0.0000410696
1706594400000,-0.0000347785
1706598000000,-0.0000085106
1706601600000,-0.0000190524
1706605200000,-0.0000129981
1706608800000,-0.0000064149
1706612400000,0.0000125
1706616000000,0.0000125
1706619600000,0.0000117228
1706623200000,-0.000022977
1706626800000,-0.000034443
1706630400000,0.0000000092
1706634000000,-0.0000228069
1706637600000,-0.0000048436
1706641200000,-0.0000012854
1706644800000,-0.0000146723
1706648400000,-0.0000041402
1706652000000,0.0000125
1706655600000,-0.0000080703
1706659200000,-0.0000118151
1706662800000,-0.0000136174
1706666400000,-0.0000213794
1706670000000,-0.0000229676
1706673600000,-0.0000142471
1706677200000,-0.0000119986
1706680800000,-0.000004907
1706684400000,0.00000202
1706688000000,-0.0000390607
1706691600000,-0.0000153357
1706695200000,-0.0000301115
1706698800000,-0.0000024141
1706702400000,0.000004138
1706706000000,-0.0000198897
1706709600000,-0.0000070922
1706713200000,-0.0000056159
1706716800000,-0.000003025
1706720400000,-0.0000202991
1706724000000,-0.0000118801
1706727600000,0.0000125
1706731200000,0.0000125
1706734800000,0.0000125
1706738400000,0.0000095081
1706742000000,-0.0000023547
1706745600000,-0.0000135224
1706749200000,-0.0000086506
1706752800000,0.0000125
1706756400000,0.0000021699
1706760000000,-0.0000043029
1706763600000,-0.0000113742
1706767200000,-0.0000129717
1706770800000,-0.0000124906
1706774400000,-0.0000005404
1706778000000,0.0000125
1706781600000,0.0000125
1706785200000,0.0000125
1706788800000,0.0000125
1706792400000,0.0000125
1706796000000,0.0000125
1706799600000,-0.0000077625
1706803200000,0.0000125
1706806800000,0.0000125
1706810400000,0.0000125
1706814000000,0.0000125
1706817600000,0.0000125
1706821200000,0.0000125
1706824800000,0.0000125
1706828400000,0.0000125
1706832000000,0.0000125
1706835600000,0.0000125
1706839200000,0.0000125
1706842800000,0.0000125
1706846400000,0.0000125
1706850000000,0.0000125
1706853600000,0.0000125
1706857200000,0.0000125
1706860800000,0.0000125
1706864400000,0.0000125
1706868000000,0.0000125
1706871600000,0.0000125
1706875200000,0.0000125
1706878800000,0.0000125
1706882400000,0.0000125
1706886000000,0.0000062372
1706889600000,0.0000125
1706893200000,0.0000125
1706896800000,0.0000106672
1706900400000,0.0000125
1706904000000,0.0000125
1706907600000,0.0000125
1706911200000,0.0000125
1706914800000,0.0000125
1706918400000,0.0000125
1706922000000,0.0000125
1706925600000,0.0000125
1706929200000,0.0000097751
1706932800000,0.0000043066
1706936400000,-0.0000006486
1706940000000,-0.0000025659
1706943600000,0.0000067668
1706947200000,0.0000019754
1706950800000,0.0000125
1706954400000,0.0000125
1706958000000,0.0000125
1706961600000,-0.0000024791
1706965200000,-0.0000028183
1706968800000,0.0000014749
1706972400000,0.0000096017
1706976000000,-0.0000038379
1706979600000,-0.0000068196
1706983200000,-0.000021224
1706986800000,-0.0000185915
1706990400000,-0.0000172338
1706994000000,-0.0000253442
1706997600000,-0.0000328236
1707001200000,-0.0000190465
1707004800000,-0.000023557
1707008400000,0.0000007896
1707012000000,-0.0000028369
1707015600000,0.0000125
1707019200000,0.0000125
1707022800000,0.0000125
1707026400000,0.0000125
1707030000000,0.0000125
1707033600000,0.0000125
1707037200000,0.0000125
1707040800000,0.0000125
1707044400000,0.0000092061
1707048000000,0.0000125
1707051600000,0.0000125
1707055200000,0.0000109025
1707058800000,0.0000103964
1707062400000,0.0000125
1707066000000,0.0000125
1707069600000,0.0000125
1707073200000,0.0000125
1707076800000,0.0000125
1707080400000,0.0000125
1707084000000,-0.0000017444
1707087600000,0.0000088722
1707091200000,0.0000124816
1707094800000,0.0000032601
1707098400000,0.0000125
1707102000000,0.000009137
1707105600000,0.0000078038
1707109200000,0.0000095506
1707112800000,0.0000010158
1707116400000,0.0000101468
1707120000000,-0.0000004511
1707123600000,0.0000125
1707127200000,0.0000125
1707130800000,0.0000125
1707134400000,0.0000125
1707138000000,0.0000125
1707141600000,0.0000125
1707145200000,0.0000125
1707148800000,0.0000125
1707152400000,0.0000125
1707156000000,0.0000125
1707159600000,0.0000125
1707163200000,0.0000125
1707166800000,0.0000125
1707170400000,0.0000125
1707174000000,0.0000125
1707177600000,0.0000184393
1707181200000,0.0000125
1707184800000,0.0000125
1707188400000,0.0000130001
1707192000000,0.0000125
1707195600000,0.0000125
1707199200000,0.0000125
1707202800000,0.0000125
1707206400000,0.0000125
1707210000000,0.0000125
1707213600000,0.0000125
1707217200000,0.0000125
1707220800000,0.0000125
1707224400000,0.0000125
1707228000000,0.0000125
1707231600000,0.0000125
1707235200000,0.0000119734
1707238800000,0.0000125
1707242400000,0.0000015612
1707246000000,-0.0000054207
1707249600000,-0.0000176794
1707253200000,-0.0000153848
1707256800000,-0.0000008365
1707260400000,0.0000125
1707264000000,0.0000125
1707267600000,0.0000125
1707271200000,0.0000125
1707274800000,0.0000125
1707278400000,0.0000125
1707282000000,0.0000125
1707285600000,0.0000125
1707289200000,0.0000125
1707292800000,0.0000125
1707296400000,0.0000125
1707300000000,0.0000125
1707303600000,0.0000125
1707307200000,0.0000125
1707310800000,0.0000125
1707314400000,0.0000125
1707318000000,0.0000125
1707321600000,0.0000125
1707325200000,0.0000125
1707328800000,0.0000125
1707332400000,0.0000125315
1707336000000,0.0000203104
1707339600000,0.0000125
1707343200000,0.0000125
1707346800000,0.0000125
1707350400000,0.0000125
1707354000000,0.0000125
1707357600000,0.0000125
1707361200000,0.0000125
1707364800000,0.0000125
1707368400000,0.0000125
1707372000000,0.0000125
1707375600000,0.0000125
1707379200000,0.0000125
1707382800000,0.0000125
1707386400000,0.0000125
1707390000000,0.0000125
1707393600000,0.0000127798
1707397200000,0.0000222591
1707400800000,0.0000135676
1707404400000,0.0000367747
1707408000000,0.0000786731
1707411600000,0.0000515336
1707415200000,0.0000687035
1707418800000,0.0000747836
1707422400000,0.0000808887
1707426000000,0.0000874587
1707429600000,0.0001131155
1707433200000,0.0001325791
1707436800000,0.0001024479
1707440400000,0.0000125
1707444000000,0.0000125
1707447600000,0.0000642197
1707451200000,0.0000428251
1707454800000,0.0000125
1707458400000,0.0000679379
1707462000000,0.000092561
1707465600000,0.0000993837
1707469200000,0.0000540727
1707472800000,0.0000738467
1707476400000,0.0000760457
1707480000000,0.0000944046
1707483600000,0.0000260225
1707487200000,0.0000315638
1707490800000,0.0001049269
1707494400000,0.0000852241
1707498000000,0.0000125
1707501600000,0.0000125
1707505200000,0.0000197174
1707508800000,0.0000172593
1707512400000,0.0000628777
1707516000000,0.0000612848
1707519600000,0.000029784
1707523200000,0.0000144215
1707526800000,0.0000241611
1707530400000,0.0000368237
1707534000000,0.0000558582
1707537600000,0.0000817041
1707541200000,0.0000756993
1707544800000,0.0000770527
1707548400000,0.0000583972
1707552000000,0.0000558366
1707555600000,0.0000161929
1707559200000,0.0000548452
1707562800000,0.0000208257
1707566400000,0.0000250755
1707570000000,0.0000471901
1707573600000,0.000064396
1707577200000,0.0000231014
1707580800000,0.0000274811
1707584400000,0.0000155533
1707588000000,0.0000125
1707591600000,0.0000262419
1707595200000,0.0000125
1707598800000,0.0000125
1707602400000,0.0000125
1707606000000,0.0000125
1707609600000,0.0000128493
1707613200000,0.0000125
1707616800000,0.0000125
1707620400000,0.0000125
1707624000000,0.0000125
1707627600000,0.0000125
1707631200000,0.0000125
1707634800000,0.0000259328
1707638400000,0.000042299
1707642000000,0.0000142694
1707645600000,0.0000264346
1707649200000,0.0000256282
1707652800000,0.0000163107
1707656400000,0.0000479413
1707660000000,0.0000297824
1707663600000,0.0000125
1707667200000,0.0000125
1707670800000,0.0000125
1707674400000,0.0000162221
1707678000000,0.0000291763
1707681600000,0.0000578037
1707685200000,0.0000649946
1707688800000,0.0000125
1707692400000,0.0000125
1707696000000,0.0000125
1707699600000,0.0000226004
1707703200000,0.0000481558
1707706800000,0.0000179598
1707710400000,0.0000430079
1707714000000,0.0000809754
1707717600000,0.0000247632
1707721200000,0.0000125
1707724800000,0.0000170632
1707728400000,0.0000173897
1707732000000,0.0000125
1707735600000,0.0000125
1707739200000,0.0000125
1707742800000,0.0000199358
1707746400000,0.0000214969
1707750000000,0.0000197261
1707753600000,0.000142029
1707757200000,0.0001206341
1707760800000,0.0005980828
1707764400000,0.0000706163
1707768000000,0.0000799151
1707771600000,0.0000705613
1707775200000,0.0000758346
1707778800000,0.0000323136
1707782400000,0.0000354244
1707786000000,0.0000262476
1707789600000,0.0000545848
1707793200000,0.0000810055
1707796800000,0.0000545169
1707800400000,0.0000617049
1707804000000,0.0000832542
1707807600000,0.0000988587
1707811200000,0.0000627976
1707814800000,0.0000633871
1707818400000,0.0000505881
1707822000000,0.0000223378
1707825600000,0.0000201104
1707829200000,0.0000443228
1707832800000,0.0000125
1707836400000,0.0000125
1707840000000,0.0000306032
1707843600000,0.0000125
1707847200000,0.0000193286
1707850800000,0.0000340451
1707854400000,0.0000365441
1707858000000,0.0000438788
1707861600000,0.0000719987
1707865200000,0.0000753683
1707868800000,0.0000229245
1707872400000,0.0000125
1707876000000,0.0000125
1707879600000,0.0000125
1707883200000,0.0000385935
1707886800000,0.0000449197
1707890400000,0.0000540871
1707894000000,0.0000438442
1707897600000,0.0001211841
1707901200000,0.0000887972
1707904800000,0.0001045914
1707908400000,0.0000828953
1707912000000,0.0000935184
1707915600000,0.0000744045
1707919200000,0.0000716012
1707922800000,0.0001001076
1707926400000,0.0000222137
1707930000000,0.0000125
1707933600000,0.0000125
1707937200000,0.0000125
1707940800000,0.0000125
1707944400000,0.0000125
1707948000000,0.000024883
1707951600000,0.0000470119
1707955200000,0.0000643911
1707958800000,0.0000490588
1707962400000,0.0000440293
1707966000000,0.0000700139
1707969600000,0.0000991494
1707973200000,0.0000852461
1707976800000,0.0000440646
1707980400000,0.0000125
1707984000000,0.0000179803
1707987600000,0.0000218739
1707991200000,0.0000402371
1707994800000,0.0000567629
1707998400000,0.0000618625
1708002000000,0.0000152316
1708005600000,0.0000125
1708009200000,0.0000552335
1708012800000,0.000039365
1708016400000,0.0000125
1708020000000,0.0000125
1708023600000,0.0000165301
1708027200000,0.0000261266
1708030800000,0.0000144618
1708034400000,0.0000168452
1708038000000,0.0000125
1708041600000,0.0000125
1708045200000,0.0000125
1708048800000,0.0000125
1708052400000,0.0000125
1708056000000,0.0000209111
1708059600000,0.0000198107
1708063200000,0.0000335812
1708066800000,0.0000125
1708070400000,0.0000125
1708074000000,0.0000125
1708077600000,0.0000230469
1708081200000,0.0000125
1708084800000,0.0000125
1708088400000,0.0000125
1708092000000,0.0000395214
1708095600000,0.0000125
1708099200000,0.0000125
1708102800000,0.0000125
1708106400000,0.0000125
1708110000000,0.0000125
1708113600000,0.0000125
1708117200000,0.0000125
1708120800000,0.0000125
1708124400000,0.0000125
1708128000000,0.0000299151
1708131600000,0.0000170141
1708135200000,0.000026491
1708138800000,0.0000462767
1708142400000,0.0000456734
1708146000000,0.0000562161
1708149600000,0.0000726369
1708153200000,0.000084364
1708156800000,0.0000769126
1708160400000,0.0000226488
1708164000000,0.0000125
1708167600000,0.0000125
1708171200000,0.0000125
1708174800000,0.0000125
1708178400000,0.0000125
1708182000000,0.0000435355
1708185600000,0.0000654007
1708189200000,0.0000327884
1708192800000,0.0000338257
1708196400000,0.0000125
1708200000000,0.0000125
1708203600000,0.000016493
1708207200000,0.0000328611
1708210800000,0.0000374892
1708214400000,0.000019971
1708218000000,0.0000125
1708221600000,0.0000149986
1708225200000,0.0000220417
1708228800000,0.0000365368
1708232400000,0.0000434264
1708236000000,0.0000476276
1708239600000,0.0000498084
1708243200000,0.000058957
1708246800000,0.0000198745
1708250400000,0.0000125
1708254000000,0.0000125
1708257600000,0.0000125
1708261200000,0.0000196611
1708264800000,0.0000240931
1708268400000,0.0000232618
1708272000000,0.0000235152
1708275600000,0.0000125
1708279200000,0.0000125
1708282800000,0.0000171527
1708286400000,0.0000223678
1708290000000,0.0000274063
1708293600000,0.0000352486
1708297200000,0.0000280098
1708300800000,0.0000587495
1708304400000,0.0000328686
1708308000000,0.000026829
1708311600000,0.0000312763
1708315200000,0.0000277209
1708318800000,0.0000147226
1708322400000,0.0000125
1708326000000,0.000034315
1708329600000,0.0000524093
1708333200000,0.0000125
1708336800000,0.0000125
1708340400000,0.0000150535
1708344000000,0.0000264091
1708347600000,0.0000354872
1708351200000,0.0000164233
1708354800000,0.0000125
1708358400000,0.0000159931
1708362000000,0.0000125
1708365600000,0.0000125
1708369200000,0.0000125
1708372800000,0.000017984
1708376400000,0.0000223526
1708380000000,0.0000203911
1708383600000,0.0000282504
1708387200000,0.0000276405
1708390800000,0.0000125
1708394400000,0.0000125
1708398000000,0.0000125
1708401600000,0.0000125
1708405200000,0.0000125
1708408800000,0.0000230742
1708412400000,0.0000276436
1708416000000,0.0000173922
1708419600000,0.0000125
1708423200000,0.0000125
1708426800000,0.0000125
1708430400000,0.0000363319
1708434000000,0.000035181
1708437600000,0.0000447518
1708441200000,0.0000125
1708444800000,0.0000125
1708448400000,0.0000125
1708452000000,0.0000125
1708455600000,0.0000125
1708459200000,0.0000138128
1708462800000,0.0000158952
1708466400000,0.0000314857
1708470000000,0.0000409691
1708473600000,0.0000691345
1708477200000,0.0000378789
1708480800000,0.0000338623
1708484400000,0.0000348221
1708488000000,0.0000365323
1708491600000,0.0000125
1708495200000,0.0000125
1708498800000,0.0000125
1708502400000,0.0000125
1708506000000,0.0000125
1708509600000,0.0000125
1708513200000,0.0000125
1708516800000,0.0000125
1708520400000,0.0000125
1708524000000,0.0000125
1708527600000,0.0000125
1708531200000,0.0000125
1708534800000,0.0000125
1708538400000,0.0000125
1708542000000,0.0000125
1708545600000,0.0000125
1708549200000,0.0000125
1708552800000,0.0000125
1708556400000,0.0000262833
1708560000000,0.0000484072
1708563600000,0.0000125
1708567200000,0.0000125
1708570800000,0.0000125
1708574400000,0.0000125
1708578000000,0.0000125
1708581600000,0.0000125
1708585200000,0.0000125
1708588800000,0.0000279283
1708592400000,0.0000125
1708596000000,0.0000125
1708599600000,0.0000125
1708603200000,0.0000125
1708606800000,0.0000125
1708610400000,0.0000125
1708614000000,0.0000125
1708617600000,0.0000125
1708621200000,0.0000125
1708624800000,0.0000125
1708628400000,0.0000125
1708632000000,0.0000125
1708635600000,0.0000125
1708639200000,0.0000125
1708642800000,0.0000125
1708646400000,0.0000125
1708650000000,0.0000125
1708653600000,0.0000125
1708657200000,0.0000125
1708660800000,0.0000125
1708664400000,0.0000125
1708668000000,0.0000125
1708671600000,0.0000188327
1708675200000,0.0000300513
1708678800000,0.0000257323
1708682400000,0.0000246327
1708686000000,0.0000271339
1708689600000,0.0000288696
1708693200000,0.0000243915
1708696800000,0.0000125
1708700400000,0.0000125
1708704000000,0.0000125
1708707600000,0.0000125
1708711200000,0.0000125
1708714800000,0.0000125
1708718400000,0.0000125
1708722000000,0.0000125
1708725600000,0.0000125
1708729200000,0.0000125
1708732800000,0.0000125
1708736400000,0.0000125
1708740000000,0.0000125
1708743600000,0.0000125
1708747200000,0.0000125
1708750800000,0.0000125
1708754400000,0.0000125
1708758000000,0.0000125
1708761600000,0.0000125
1708765200000,0.0000125
1708768800000,0.0000125
1708772400000,0.0000125
1708776000000,0.0000125
1708779600000,0.0000125
1708783200000,0.0000125
1708786800000,0.0000125
1708790400000,0.0000125
1708794000000,0.0000125
1708797600000,0.000021163
1708801200000,0.0000276253
1708804800000,0.0000309365
1708808400000,0.0000452488
1708812000000,0.00005494
1708815600000,0.0000770303
1708819200000,0.0000900056
1708822800000,0.000044918
1708826400000,0.0000328723
1708830000000,0.0000323871
1708833600000,0.0000125
1708837200000,0.0000125
1708840800000,0.0000125
1708844400000,0.0000125
1708848000000,0.0000170062
1708851600000,0.0000125
1708855200000,0.0000125
1708858800000,0.0000125
1708862400000,0.0000125
1708866000000,0.0000125
1708869600000,0.0000125
1708873200000,0.0000125
1708876800000,0.0000125
1708880400000,0.0000125
1708884000000,0.0000125
1708887600000,0.0000125
1708891200000,0.0000125
1708894800000,0.0000195338
1708898400000,0.0000211176
1708902000000,0.0000258579
1708905600000,0.0000250341
1708909200000,0.0000125
1708912800000,0.0000125
1708916400000,0.0000125
1708920000000,0.0000125
1708923600000,0.0000125
1708927200000,0.0000183218
1708930800000,0.0000276667
1708934400000,0.0000424754
1708938000000,0.0000244445
1708941600000,0.0000131294
1708945200000,0.0000223177
1708948800000,0.000029023
1708952400000,0.0000357328
1708956000000,0.0000295758
1708959600000,0.0000337133
1708963200000,0.0000509306
1708966800000,0.0000331233
1708970400000,0.0000360821
1708974000000,0.0000125
1708977600000,0.0000598426
1708981200000,0.000085236
1708984800000,0.0000839138
1708988400000,0.0000523107
1708992000000,0.000043537
1708995600000,0.0000125
1708999200000,0.000034036
1709002800000,0.0001427808
1709006400000,0.0001519669
1709010000000,0.0001058481
1709013600000,0.0001028742
1709017200000,0.0000514664
1709020800000,0.0000149749
1709024400000,0.0000406651
1709028000000,0.0000546258
1709031600000,0.0000434464
1709035200000,0.0000537521
1709038800000,0.0000730478
1709042400000,0.0000707653
1709046000000,0.0000718893
1709049600000,0.0000999649
1709053200000,0.0000125
1709056800000,0.0000125
1709060400000,0.0000125
1709064000000,0.0000125
1709067600000,0.0000294672
1709071200000,0.0000995202
1709074800000,0.0001247709
1709078400000,0.0001611488
1709082000000,0.0001116817
1709085600000,0.0001011199
1709089200000,0.0001432109
1709092800000,0.0001697774
1709096400000,0.0001643102
1709100000000,0.000167753
1709103600000,0.0001913803
1709107200000,0.0002294481
1709110800000,0.0001612374
1709114400000,0.0001552094
1709118000000,0.0001768707
1709121600000,0.0001955485
1709125200000,0.000177525
1709128800000,0.0002045422
1709132400000,0.0002311056
1709136000000,0.0002095313
1709139600000,0.0001278628
1709143200000,0.0002491113
1709146800000,0.0001825241
1709150400000,0.0001695039
1709154000000,0.0001131677
1709157600000,0.0001007904
1709161200000,0.0001598943
1709164800000,0.0002258819
1709168400000,0.0001148297
1709172000000,0.0000908204
1709175600000,0.0001100884
1709179200000,0.0001082711
1709182800000,0.000132161
1709186400000,0.0001275735
1709190000000,0.000177417
1709193600000,0.0001495319
1709197200000,0.0001105234
1709200800000,0.0001178908
1709204400000,0.0000988386
1709208000000,0.0001414262
1709211600000,0.0001224884
1709215200000,0.0001021806
1709218800000,0.0000956975
1709222400000,0.0000766359
1709226000000,0.0000681191
1709229600000,0.0001211792
1709233200000,0.0001747491
1709236800000,0.000188917
1709240400000,0.0001013813
1709244000000,0.0000734362
1709247600000,0.0000791932
1709251200000,0.0000710629
1709254800000,0.0000378266
1709258400000,0.0000347568
1709262000000,0.0000559358
1709265600000,0.0000703555
1709269200000,0.000082536
1709272800000,0.0001153048
1709276400000,0.0001124765
1709280000000,0.0000960819
1709283600000,0.0000652104
1709287200000,0.0000991489
1709290800000,0.0001030881
1709294400000,0.0000756275
1709298000000,0.0000627903
1709301600000,0.0000734349
1709305200000,0.0000679654
1709308800000,0.0000929884
1709312400000,0.000058795
1709316000000,0.0000797484
1709319600000,0.0000918119
1709323200000,0.0001026437
1709326800000,0.0000886383
1709330400000,0.0000984065
1709334000000,0.0000575728
1709337600000,0.000045614
1709341200000,0.0000343371
1709344800000,0.0000442036
1709348400000,0.0000605523
1709352000000,0.0000851114
1709355600000,0.0000844856
1709359200000,0.0000798274
1709362800000,0.0001003381
1709366400000,0.0001299768
1709370000000,0.000077754
1709373600000,0.000086202
1709377200000,0.0000990973
1709380800000,0.0000766741
1709384400000,0.0000754156
1709388000000,0.0000648716
1709391600000,0.0000379345
1709395200000,0.000013774
1709398800000,0.0000265324
1709402400000,0.0000588054
1709406000000,0.0000905081
1709409600000,0.000106458
1709413200000,0.0001008315
1709416800000,0.0001083797
1709420400000,0.0001090324
1709424000000,0.0001038339
1709427600000,0.0000703726
1709431200000,0.0000898422
1709434800000,0.0001002274
1709438400000,0.00013699
1709442000000,0.0001603293
1709445600000,0.0001667611
1709449200000,0.000152737
1709452800000,0.0001459423
1709456400000,0.0001074651
1709460000000,0.0001108679
1709463600000,0.0001142198
1709467200000,0.0001273148
1709470800000,0.0001630879
1709474400000,0.0001283271
1709478000000,0.0001280927
1709481600000,0.0000574857
1709485200000,0.000045255
1709488800000,0.000068301
1709492400000,0.0000874268
1709496000000,0.0001107181
1709499600000,0.0001207562
1709503200000,0.0001379675
1709506800000,0.0001975361
1709510400000,0.0001189508
1709514000000,0.0001187549
1709517600000,0.0001362042
1709521200000,0.000130663
1709524800000,0.0001281257
1709528400000,0.0000872846
1709532000000,0.0000607948
1709535600000,0.0000730908
1709539200000,0.0001109928
1709542800000,0.0001070935
1709546400000,0.0001407283
1709550000000,0.0001453305
1709553600000,0.0001647301
1709557200000,0.0001529625
1709560800000,0.0001758603
1709564400000,0.0002164955
1709568000000,0.0002426275
1709571600000,0.0000764964
1709575200000,0.0000810667
1709578800000,0.0001176618
1709582400000,0.0001443597
1709586000000,0.0001716373
1709589600000,0.0001449086
1709593200000,0.0001651213
1709596800000,0.0000884051
1709600400000,0.000101452
1709604000000,0.0001380528
1709607600000,0.000072193
1709611200000,0.0000965605
1709614800000,0.0001462498
1709618400000,0.00025983
1709622000000,0.0003212728
1709625600000,0.0003780583
1709629200000,0.0002249991
1709632800000,0.0002705648
1709636400000,0.00029722
1709640000000,0.0002756492
1709643600000,0.0002674025
1709647200000,0.0002960339
1709650800000,0.0002820568
1709654400000,0.0003768682
1709658000000,0.0002663002
1709661600000,0.0003011272
1709665200000,0.0003093135
1709668800000,0.000322203
1709672400000,0.0003557563
1709676000000,0.0003617158
1709679600000,0.0003205716
1709683200000,0.0002998675
1709686800000,0.0002088893
1709690400000,0.0001795628
1709694000000,0.0001537759
1709697600000,0.0001336384
1709701200000,0.0001489928
1709704800000,0.0002927505
1709708400000,0.0002964643
1709712000000,0.0002627041
1709715600000,0.0001697368
1709719200000,0.0001234221
1709722800000,0.0001028909
1709726400000,0.0001296931
1709730000000,0.0001514497
1709733600000,0.0001666046
1709737200000,0.0001669445
1709740800000,0.0001151574
1709744400000,0.000087758
1709748000000,0.000083787
1709751600000,0.0000962416
1709755200000,0.0001260201
1709758800000,0.0001309676
1709762400000,0.0001587775
1709766000000,0.0001602948
1709769600000,0.0001374974
1709773200000,0.0000961489
1709776800000,0.000099294
1709780400000,0.0000999935
1709784000000,0.0001041454
1709787600000,0.0000863893
1709791200000,0.0000872543
1709794800000,0.0000800445
1709798400000,0.0001087162
1709802000000,0.0000688104
1709805600000,0.0000828261
1709809200000,0.0000939646
1709812800000,0.000100116
1709816400000,0.0001096111
1709820000000,0.0001068558
1709823600000,0.0001170982
1709827200000,0.000129295
1709830800000,0.0000461307
1709834400000,0.0000645636
1709838000000,0.0000773928
1709841600000,0.0000827346
1709845200000,0.0000818805
1709848800000,0.0000860684
1709852400000,0.0001055721
1709856000000,0.0000988092
1709859600000,0.0000549301
1709863200000,0.0000726092
1709866800000,0.0000882507
1709870400000,0.0001092373
1709874000000,0.0001103786
1709877600000,0.0001039627
1709881200000,0.0001137462
1709884800000,0.0001069609
1709888400000,0.00007383
1709892000000,0.0000882187
1709895600000,0.0000909068
1709899200000,0.0001043236
1709902800000,0.0001222272
1709906400000,0.0001263227
1709910000000,0.0001700232
1709913600000,0.0002441181
1709917200000,0.0000917228
1709920800000,0.0001223912
1709924400000,0.0001285023
1709928000000,0.000089119
1709931600000,0.000132949
1709935200000,0.0001339733
1709938800000,0.0000977062
1709942400000,0.000072519
1709946000000,0.0000526209
1709949600000,0.0000543246
1709953200000,0.0000797
1709956800000,0.0000863261
1709960400000,0.0000842164
1709964000000,0.0000899376
1709967600000,0.0001052622
1709971200000,0.0001186136
1709974800000,0.0000785429
1709978400000,0.0000800467
1709982000000,0.0000731076
1709985600000,0.0000716054
1709989200000,0.0000758686
1709992800000,0.0000797412
1709996400000,0.0000785883
1710000000000,0.0000808075
1710003600000,0.0000329532
1710007200000,0.0000411282
1710010800000,0.0000635585
1710014400000,0.0000854592
1710018000000,0.0000949148
1710021600000,0.0001072833
1710025200000,0.0001247937
1710028800000,0.0001278995
1710032400000,0.0000545805
1710036000000,0.0000890229
1710039600000,0.0001032682
1710043200000,0.0001185853
1710046800000,0.0001287883
1710050400000,0.0001009418
1710054000000,0.000103003
1710057600000,0.0001092081
1710061200000,0.0000731609
1710064800000,0.0000840828
1710068400000,0.0000915241
1710072000000,0.0000752358
1710075600000,0.0000798162
1710079200000,0.0000783914
1710082800000,0.0000766715
1710086400000,0.0000788255
1710090000000,0.0000425735
1710093600000,0.0000287601
1710097200000,0.0000314876
1710100800000,0.0000665535
1710104400000,0.0000680783
1710108000000,0.0000791286
1710111600000,0.0000989492
1710115200000,0.0000790364
1710118800000,0.0000125
1710122400000,0.0000458012
1710126000000,0.0000618539
1710129600000,0.000073549
1710133200000,0.000081327
1710136800000,0.0000934613
1710140400000,0.0001092655
1710144000000,0.0002506175
1710147600000,0.0001140747
1710151200000,0.0000823077
1710154800000,0.0000534804
1710158400000,0.0000125
1710162000000,0.0000424764
1710165600000,0.0000401524
1710169200000,0.0000251733
1710172800000,0.0000557588
1710176400000,0.0000433162
1710180000000,0.0000448592
1710183600000,0.0000283848
1710187200000,0.0000302493
1710190800000,0.0000438008
1710194400000,0.0000125
1710198000000,0.0000187417
1710201600000,0.0000343075
1710205200000,0.0000594188
1710208800000,0.0000812573
1710212400000,0.0001032102
1710216000000,0.0000778468
1710219600000,0.0000788775
1710223200000,0.000093819
1710226800000,0.0000936225
1710230400000,0.0000883228
1710234000000,0.0000514879
1710237600000,0.0000642481
1710241200000,0.0000754327
1710244800000,0.0000805211
1710248400000,0.0001125833
1710252000000,0.0001217203
1710255600000,0.0001107949
1710259200000,0.0001167166
1710262800000,0.0000750066
1710266400000,0.0000885446
1710270000000,0.0001090942
1710273600000,0.0001108284
1710277200000,0.0001240296
1710280800000,0.0001320745
1710284400000,0.0001189694
1710288000000,0.0001181596
1710291600000,0.0000759732
1710295200000,0.0001025903
1710298800000,0.0001288514
1710302400000,0.000142209
1710306000000,0.0001584137
1710309600000,0.0001714759
1710313200000,0.0001857344
1710316800000,0.0001929692
1710320400000,0.0001139789
1710324000000,0.0001229425
1710327600000,0.0001274913
1710331200000,0.0001133796
1710334800000,0.0001100492
1710338400000,0.0000804946
1710342000000,0.0000742654
1710345600000,0.0000557367
1710349200000,0.0000331641
1710352800000,0.0000199668
1710356400000,0.0000288508
1710360000000,0.0000189376
1710363600000,0.0000248026
1710367200000,0.000029308
1710370800000,0.0000310721
1710374400000,0.0000329416
1710378000000,0.000027702
1710381600000,0.0000409649
1710385200000,0.0000619771
1710388800000,0.0000718011
1710392400000,0.0000970595
1710396000000,0.0001001964
1710399600000,0.000127234
1710403200000,0.0001477311
1710406800000,0.0000800211
1710410400000,0.0000885105
1710414000000,0.0000538224
1710417600000,0.0000218625
1710421200000,0.0000196382
1710424800000,0.000074912
1710428400000,0.0001240169
1710432000000,0.0001465932
1710435600000,0.0000846762
1710439200000,0.0001047684
1710442800000,0.0001006261
1710446400000,0.0001199618
1710450000000,0.0001435334
1710453600000,0.0001752057
1710457200000,0.0001801636
1710460800000,0.0001195952
1710464400000,0.000045508
1710468000000,0.0000450035
1710471600000,0.0000597315
1710475200000,0.000096894
1710478800000,0.0001195174
1710482400000,0.0001490664
1710486000000,0.0001758768
1710489600000,0.0001562009
1710493200000,0.0000565942
1710496800000,0.0000455938
1710500400000,0.0000551327
1710504000000,0.0000674823
1710507600000,0.0000761446
1710511200000,0.0000920476
1710514800000,0.0000125
1710518400000,0.000100884
1710522000000,0.0000125
1710525600000,0.0000125
1710529200000,0.0000507973
1710532800000,0.0000125
1710536400000,0.0000298068
1710540000000,0.0000546932
1710543600000,0.0000125
1710547200000,0.0000125
1710550800000,0.0000125
1710554400000,0.0000125
1710558000000,0.0000125
1710561600000,0.0000125
1710565200000,0.0000174862
1710568800000,0.0000241061
1710572400000,0.0000402448
1710576000000,0.000070719
1710579600000,0.0000380812
1710583200000,0.0000333327
1710586800000,0.0000132102
1710590400000,0.0000125
1710594000000,0.0000141188
1710597600000,0.0000218865
1710601200000,0.000026778
1710604800000,0.0000387309
1710608400000,0.0000125
1710612000000,0.0000125
1710615600000,0.0000125
1710619200000,0.0000125
1710622800000,0.0000125
1710626400000,0.0000125
1710630000000,0.0000322615
1710633600000,0.000023546
1710637200000,0.0000125
1710640800000,0.0000154889
1710644400000,0.0000433772
1710648000000,0.000039836
1710651600000,0.0000520729
1710655200000,0.0000606839
1710658800000,0.0000676201
1710662400000,0.000090882
1710666000000,0.0000469918
1710669600000,0.0000581392
1710673200000,0.0000992232
1710676800000,0.0001070328
1710680400000,0.0000704867
1710684000000,0.0000280456
1710687600000,0.0000264333
1710691200000,0.0000393074
1710694800000,0.0000483394
1710698400000,0.0000511038
1710702000000,0.0000517602
1710705600000,0.0000215609
1710709200000,0.0000234833
1710712800000,0.0000314327
1710716400000,0.0000287446
1710720000000,0.0000435907
1710723600000,0.0000125
1710727200000,0.0000125
1710730800000,0.0000336915
1710734400000,0.0000429965
1710738000000,0.0000569475
1710741600000,0.0000684055
1710745200000,0.0000581154
1710748800000,0.0000558131
1710752400000,0.0000155064
1710756000000,0.0000131433
1710759600000,0.000019266
1710763200000,0.0000378836
1710766800000,0.000031691
1710770400000,0.0000328151
1710774000000,0.0000436283
1710777600000,0.000021502
1710781200000,0.0000125
1710784800000,0.0000194008
1710788400000,0.0000141626
1710792000000,0.0000125
1710795600000,0.000017868
1710799200000,0.0000133075
1710802800000,0.0000170232
1710806400000,0.0000125
1710810000000,0.0000125
1710813600000,0.0000125
1710817200000,0.0000386649
1710820800000,0.0000231717
1710824400000,0.0000237837
1710828000000,0.0000238578
1710831600000,0.0000294197
1710835200000,0.0000580821
1710838800000,0.0000303078
1710842400000,0.0000458457
1710846000000,0.0000551251
1710849600000,0.0000629568
1710853200000,0.00007344
1710856800000,0.0000766607
1710860400000,0.0000910896
1710864000000,0.0001051765
1710867600000,0.0000125
1710871200000,0.0000187687
1710874800000,0.0000125
1710878400000,0.0000125
1710882000000,0.0000224759
1710885600000,0.0000602749
1710889200000,0.0000740646
1710892800000,0.0000840636
1710896400000,0.0000513208
1710900000000,0.0000511745
1710903600000,0.0000456382
1710907200000,0.0000255636
1710910800000,0.0000125
1710914400000,0.0000125
1710918000000,0.0000125
1710921600000,-0.000016868
1710925200000,0.0000072044
1710928800000,-0.0000049288
1710932400000,-0.0000040881
1710936000000,0.0000007546
1710939600000,0.0000125
1710943200000,0.0000125
1710946800000,0.0000125
1710950400000,0.0000270134
1710954000000,0.0000125
1710957600000,0.0000125
1710961200000,0.0000195058
1710964800000,0.0000128693
1710968400000,0.0000125
1710972000000,0.0000125
1710975600000,0.0000125
1710979200000,0.0000125
1710982800000,0.0000179435
1710986400000,0.0000264946
1710990000000,0.0000415605
1710993600000,0.0000333077
1710997200000,0.0000125
1711000800000,0.0000125
1711004400000,0.0000125
1711008000000,0.0000125
1711011600000,0.0000125
1711015200000,0.0000125
1711018800000,0.0000125
1711022400000,0.0000125
1711026000000,0.0000125
1711029600000,0.0000125
1711033200000,0.0000125
1711036800000,0.0000125
1711040400000,0.0000125
1711044000000,0.0000125
1711047600000,0.0000125
1711051200000,0.0000125
1711054800000,0.0000125
1711058400000,0.0000125
1711062000000,0.0000125
1711065600000,0.0000125
1711069200000,0.0000125
1711072800000,0.0000125
1711076400000,0.0000125
1711080000000,0.0000215977
1711083600000,0.0000236749
1711087200000,0.000025231
1711090800000,0.0000174093
1711094400000,0.0000207484
1711098000000,0.0000125
1711101600000,0.0000207207
1711105200000,0.000014964
1711108800000,0.000015614
1711112400000,0.000022333
1711116000000,0.0000125
1711119600000,0.0000125
1711123200000,0.0000125
1711126800000,0.0000125
1711130400000,0.0000125
1711134000000,0.0000125
1711137600000,0.0000125
1711141200000,0.0000125
1711144800000,0.0000125
1711148400000,0.0000125
1711152000000,0.0000125
1711155600000,0.0000125
1711159200000,0.0000125
1711162800000,0.0000125
1711166400000,0.0000125
1711170000000,0.0000125
1711173600000,0.0000125
1711177200000,0.0000125
1711180800000,0.0000125
1711184400000,0.0000125
1711188000000,0.0000125
1711191600000,0.0000125
1711195200000,0.0000125
1711198800000,0.0000125
1711202400000,0.0000125
1711206000000,0.0000125
1711209600000,0.0000125
1711213200000,0.0000125
1711216800000,0.0000125
1711220400000,0.0000164079
1711224000000,0.0000125
1711227600000,0.0000125
1711231200000,0.0000125
1711234800000,0.0000125
1711238400000,0.0000125
1711242000000,0.0000125
1711245600000,0.0000125
1711249200000,0.0000125
1711252800000,0.0000125
1711256400000,0.0000208213
1711260000000,0.0000234775
1711263600000,0.0000125
1711267200000,0.0000125
1711270800000,0.0000125
1711274400000,0.0000125
1711278000000,0.0000125
1711281600000,0.0000125
1711285200000,0.0000125
1711288800000,0.0000164349
1711292400000,0.0000227487
1711296000000,0.0000329159
1711299600000,0.000024214
1711303200000,0.0000125
1711306800000,0.0000352748
1711310400000,0.0000616334
1711314000000,0.0000771167
1711317600000,0.0000715832
1711321200000,0.0001310684
1711324800000,0.0001920919
1711328400000,0.0001109631
1711332000000,0.0001259659
1711335600000,0.0001238891
1711339200000,0.0001273709
1711342800000,0.0001391706
1711346400000,0.0001140828
1711350000000,0.0000268841
1711353600000,0.0000125
1711357200000,0.0000157704
1711360800000,0.0000328517
1711364400000,0.0000498163
1711368000000,0.0000358747
1711371600000,0.0000636832
1711375200000,0.0000599424
1711378800000,0.0000862158
1711382400000,0.0000561202
1711386000000,0.0000315114
1711389600000,0.0000376644
1711393200000,0.000037803
1711396800000,0.0000877834
1711400400000,0.0000318798
1711404000000,0.000050929
1711407600000,0.0001047765
1711411200000,0.0000830317
1711414800000,0.000053599
1711418400000,0.0000788215
1711422000000,0.0000555154
1711425600000,0.0000894181
1711429200000,0.0000989117
1711432800000,0.0000414742
1711436400000,0.0000125
1711440000000,0.000017624
1711443600000,0.0000125
1711447200000,0.000033047
1711450800000,0.0000457915
1711454400000,0.0000417742
1711458000000,0.0000353338
1711461600000,0.0000199719
1711465200000,0.0000147923
1711468800000,0.00005695
1711472400000,0.0000292293
1711476000000,0.0000600513
1711479600000,0.000062858
1711483200000,0.0000298586
1711486800000,0.0000125
1711490400000,0.0000538337
1711494000000,0.0000554913
1711497600000,0.0000515084
1711501200000,0.0000427891
1711504800000,0.0000475569
1711508400000,0.0000843341
1711512000000,0.0000759301
1711515600000,0.0000806931
1711519200000,0.0001032831
1711522800000,0.0001198901
1711526400000,0.0001045156
1711530000000,0.0000506325
1711533600000,0.000059206
1711537200000,0.0000465888
1711540800000,0.0000395849
1711544400000,0.0000513579
1711548000000,0.0000499823
1711551600000,0.0001137335
1711555200000,0.0001331152
1711558800000,0.0000725331
1711562400000,0.0000897456
1711566000000,0.0000855403
1711569600000,0.0001043517
1711573200000,0.0001211408
1711576800000,0.0001198747
1711580400000,0.0001076949
1711584000000,0.0000679721
1711587600000,0.0000688569
1711591200000,0.0000929885
1711594800000,0.0000626008
1711598400000,0.0000414987
1711602000000,0.0000172929
1711605600000,0.0000221158
1711609200000,0.0000317957
1711612800000,0.0000537724
1711616400000,0.0000125
1711620000000,0.0000158579
1711623600000,0.000014239
1711627200000,0.0000312506
1711630800000,0.0000427751
1711634400000,0.0000597969
1711638000000,0.0000689483
1711641600000,0.0000792841
1711645200000,0.0000632655
1711648800000,0.0000711958
1711652400000,0.0000910515
1711656000000,0.0000910313
1711659600000,0.0000948846
1711663200000,0.0001123483
1711666800000,0.0001405799
1711670400000,0.0001545887
1711674000000,0.0000874972
1711677600000,0.0000902217
1711681200000,0.0000850503
1711684800000,0.0000915876
1711688400000,0.0000815849
1711692000000,0.0000887657
1711695600000,0.0000774658
1711699200000,0.0000809036
1711702800000,0.0000618588
1711706400000,0.0000848498
1711710000000,0.0000848811
1711713600000,0.0000527395
1711717200000,0.0001025347
1711720800000,0.0001131313
1711724400000,0.0001255788
1711728000000,0.0001704406
1711731600000,0.0000997825
1711735200000,0.0001019313
1711738800000,0.0001087767
1711742400000,0.0001205851
1711746000000,0.0001312533
1711749600000,0.0001378028
1711753200000,0.000150344
1711756800000,0.0001553111
1711760400000,0.0000872627
1711764000000,0.0001283568
1711767600000,0.0001342426
1711771200000,0.0001598581
1711774800000,0.0001686067
1711778400000,0.0001514164
1711782000000,0.0001254061
1711785600000,0.0001308378
1711789200000,0.0000125
1711792800000,0.0000414199
1711796400000,0.0000601707
1711800000000,0.0000666163
1711803600000,0.0000689512
1711807200000,0.0000524671
1711810800000,0.0000540908
1711814400000,0.0000550599
1711818000000,0.0000338949
1711821600000,0.0000324661
1711825200000,0.0000389312
1711828800000,0.0000498348
1711832400000,0.0000635017
1711836000000,0.0000719642
1711839600000,0.000078479
1711843200000,0.0000876315
1711846800000,0.0000396839
1711850400000,0.0000295593
1711854000000,0.0000251754
1711857600000,0.0000500519
1711861200000,0.0000599255
1711864800000,0.0000678047
1711868400000,0.0000668777
1711872000000,0.0000729622
1711875600000,0.0001161888
1711879200000,0.0000949319
1711882800000,0.0001116708
1711886400000,0.0001301954
1711890000000,0.0001547833
1711893600000,0.0001293712
1711897200000,0.000100989
1711900800000,0.0000859927
1711904400000,0.0000502752
1711908000000,0.000057705
1711911600000,0.000061037
1711915200000,0.0000778274
1711918800000,0.0001112383
1711922400000,0.0001268903
1711926000000,0.0001341404
1711929600000,0.0001441786
1711933200000,0.0000825882
1711936800000,0.0000763874
1711940400000,0.0000750167
1711944000000,0.0000744954
1711947600000,0.0000923376
1711951200000,0.0000771707
1711954800000,0.0000891391
1711958400000,0.0001106625
1711962000000,0.0000614696
1711965600000,0.0000741016
1711969200000,0.0000737494
1711972800000,0.0000785263
1711976400000,0.0000609588
1711980000000,0.0001022578
1711983600000,0.0000790748
1711987200000,0.0000373409
1711990800000,0.0000564441
1711994400000,0.0000451138
1711998000000,0.0000541852
1712001600000,0.0000575701
1712005200000,0.0000538972
1712008800000,0.0001105143
1712012400000,0.0001237463
1712016000000,0.0001436218
1712019600000,0.0000125
1712023200000,0.0000125
1712026800000,0.0000125
1712030400000,0.0000125
1712034000000,0.0000125
1712037600000,0.0000125
1712041200000,0.0000733897
1712044800000,0.0000884435
1712048400000,0.0000523684
1712052000000,0.0000378395
1712055600000,0.0000329331
1712059200000,0.0000489587
1712062800000,0.0000247303
1712066400000,0.0000277439
1712070000000,0.0000125
1712073600000,0.0000125
1712077200000,0.0000125
1712080800000,0.0000125
1712084400000,0.0000125
1712088000000,0.0000246617
1712091600000,0.0000159704
1712095200000,0.0000138742
1712098800000,0.0000271818
1712102400000,0.0000210806
1712106000000,0.0000125
1712109600000,0.0000468386
1712113200000,0.0000680574
1712116800000,0.000080833
1712120400000,0.0000872802
1712124000000,0.0000848899
1712127600000,0.0000575328
1712131200000,0.0000648113
1712134800000,0.0000258614
1712138400000,0.0000291318
1712142000000,0.0000283561
1712145600000,0.0000125
1712149200000,0.0000125
1712152800000,0.0000125
1712156400000,0.0000125
1712160000000,0.0000125
1712163600000,0.0000125
1712167200000,0.0000125
1712170800000,0.0000125
1712174400000,0.0000125
1712178000000,0.0000125
1712181600000,0.0000125
1712185200000,0.0000125
1712188800000,0.0000146349
1712192400000,0.0000125
1712196000000,0.0000125
1712199600000,0.0000125
1712203200000,0.0000125
1712206800000,0.0000125
1712210400000,0.0000125
1712214000000,0.0000125
1712217600000,0.0000125
1712221200000,0.0000125
1712224800000,0.0000125
1712228400000,0.0000125
1712232000000,0.0000125
1712235600000,0.0000125
1712239200000,0.0000127796
1712242800000,0.0000214798
1712246400000,0.0000450106
1712250000000,0.0000209125
1712253600000,0.0000156318
1712257200000,0.0000125
1712260800000,0.0000125
1712264400000,0.0000125
1712268000000,0.0000125
1712271600000,0.0000125
1712275200000,0.0000125
1712278800000,0.0000125
1712282400000,0.0000125
1712286000000,0.0000125
1712289600000,0.0000125
1712293200000,0.0000125
1712296800000,0.0000125
1712300400000,0.0000125
1712304000000,0.0000125
1712307600000,0.0000125
1712311200000,0.0000125
1712314800000,0.0000125
1712318400000,0.0000125
1712322000000,0.0000125
1712325600000,0.0000140923
1712329200000,0.0000125
1712332800000,0.0000243069
1712336400000,0.0000208937
1712340000000,0.0000194709
1712343600000,0.0000257445
1712347200000,0.0000135784
1712350800000,0.000045804
1712354400000,0.0000461575
1712358000000,0.0000510566
1712361600000,0.0000643095
1712365200000,0.0000440557
1712368800000,0.0000431085
1712372400000,0.0000342713
1712376000000,0.0000139099
1712379600000,0.000076925
1712383200000,0.0000766142
1712386800000,0.0000867146
1712390400000,0.0000711685
1712394000000,0.0000249006
1712397600000,0.0000326724
1712401200000,0.0000461598
1712404800000,0.0000558167
1712408400000,0.0000532398
1712412000000,0.0000508395
1712415600000,0.0000410218
1712419200000,0.0000280054
1712422800000,0.0000125
1712426400000,0.0000125
1712430000000,0.0000125
1712433600000,0.0000175202
1712437200000,0.0000125
1712440800000,0.0000183569
1712444400000,0.0000125
1712448000000,0.0000125
1712451600000,0.0000125
1712455200000,0.0000125
1712458800000,0.0000125
1712462400000,0.0000125
1712466000000,0.0000125
1712469600000,0.0000125
1712473200000,0.0000125
1712476800000,0.0000125
1712480400000,0.0000125
1712484000000,0.0000232531
1712487600000,0.0000209297
1712491200000,0.0000319903
1712494800000,0.0000268427
1712498400000,0.0000332263
1712502000000,0.0000428641
1712505600000,0.0000656421
1712509200000,0.0000380537
1712512800000,0.0000484389
1712516400000,0.0000268469
1712520000000,0.0000180302
1712523600000,0.0000125
1712527200000,0.0000138265
1712530800000,0.0000125
1712534400000,0.0000608097
1712538000000,0.0000297597
1712541600000,0.0000317853
1712545200000,0.0000255701
1712548800000,0.0000607893
1712552400000,0.0000125
1712556000000,0.0000125
1712559600000,0.0000125
1712563200000,0.0000125
1712566800000,0.0000125
1712570400000,0.0000125
1712574000000,0.0000125
1712577600000,0.0000143368
1712581200000,0.0000234649
1712584800000,0.0000149234
1712588400000,0.0000365997
1712592000000,0.0000710335
1712595600000,0.0000622889
1712599200000,0.0000224982
1712602800000,0.0000404629
1712606400000,0.0000304546
1712610000000,0.0000476991
1712613600000,0.0000575745
1712617200000,0.0000931899
1712620800000,0.0000909401
1712624400000,0.0000510945
1712628000000,0.0000311819
1712631600000,0.0000771575
1712635200000,0.0000634429
1712638800000,0.0000751716
1712642400000,0.0000910974
1712646000000,0.0000747241
1712649600000,0.0000150411
1712653200000,0.0000125
1712656800000,0.0000125
1712660400000,0.0000125
1712664000000,0.0000174661
1712667600000,0.0000287266
1712671200000,0.0000293149
1712674800000,0.0000417507
1712678400000,0.0000281778
1712682000000,0.0000283102
1712685600000,0.0000311221
1712689200000,0.0000397724
1712692800000,0.0000431702
1712696400000,0.0001118226
1712700000000,0.0001116057
1712703600000,0.0001002365
1712707200000,0.0000328647
1712710800000,0.0000125
1712714400000,0.0000125
1712718000000,0.0000125
1712721600000,0.0000125
1712725200000,0.0000529026
1712728800000,0.0000661076
1712732400000,0.000069064
1712736000000,0.0000793392
1712739600000,0.000056101
1712743200000,0.0000659807
1712746800000,0.0000703913
1712750400000,0.0000775927
1712754000000,0.0000317197
1712757600000,0.0000125
1712761200000,0.0000125
1712764800000,0.0000125
1712768400000,0.0000125
1712772000000,0.0000125
1712775600000,0.0000125
1712779200000,0.0000125
1712782800000,0.0000125
1712786400000,0.0000125
1712790000000,0.0000125
1712793600000,0.0000125
1712797200000,0.0000125
1712800800000,0.0000125
1712804400000,0.0000125
1712808000000,0.0000227363
1712811600000,0.0000125
1712815200000,0.0000125
1712818800000,0.0000125
1712822400000,0.000024634
1712826000000,0.0000125
1712829600000,0.0000125
1712833200000,0.0000125
1712836800000,0.0000125
1712840400000,0.0000125
1712844000000,0.0000588166
1712847600000,0.0000605394
1712851200000,0.000067463
1712854800000,0.0000356462
1712858400000,0.00004621
1712862000000,0.0000538702
1712865600000,0.0000292069
1712869200000,0.0000362408
1712872800000,0.0000599811
1712876400000,0.0000182578
1712880000000,0.0000475475
1712883600000,0.0000125
1712887200000,0.0000125
1712890800000,0.0000125
1712894400000,0.0000495775
1712898000000,0.0000567895
1712901600000,0.0000290969
1712905200000,0.0000341534
1712908800000,0.000053764
1712912400000,0.0000425432
1712916000000,0.0000499398
1712919600000,0.0000478656
1712923200000,0.0000484099
1712926800000,0.0000164374
1712930400000,0.0000125
1712934000000,0.0000125
1712937600000,0.0000125
1712941200000,0.000029703
1712944800000,0.0000516281
1712948400000,0.0000348476
1712952000000,0.0000125
1712955600000,0.0000371464
1712959200000,0.0000248464
1712962800000,0.0000170856
1712966400000,0.0000344036
1712970000000,0.0000189077
1712973600000,0.0000171595
1712977200000,0.0000215553
1712980800000,0.000025208
1712984400000,0.0000362988
1712988000000,0.0000598593
1712991600000,0.0000508057
1712995200000,0.0000385741
1712998800000,0.0000173251
1713002400000,0.0000230406
1713006000000,0.0000182347
1713009600000,0.0000278028
1713013200000,0.000025006
1713016800000,0.0000234528
1713020400000,0.0000258173
1713024000000,0.0000268768
1713027600000,0.0000125
1713031200000,0.0000199738
1713034800000,0.0000125
1713038400000,0.0000125
1713042000000,0.0000125
1713045600000,0.0000280712
1713049200000,0.0000754264
1713052800000,0.0001442333
1713056400000,0.0000125
1713060000000,0.0000125
1713063600000,0.0000125
1713067200000,0.0000125
1713070800000,0.0000260375
1713074400000,0.0001036092
1713078000000,0.0000519508
1713081600000,0.0000471867
1713085200000,0.0000125
1713088800000,0.0000125
1713092400000,0.0000125
1713096000000,0.0000246518
1713099600000,0.0000530366
1713103200000,0.0000702577
1713106800000,0.0000125
1713110400000,0.0000125
1713114000000,0.0000643934
1713117600000,0.0000264957
1713121200000,0.0000380204
1713124800000,0.0000133285
1713128400000,0.0000257396
1713132000000,0.0000125
1713135600000,0.0000125
1713139200000,0.0000125
1713142800000,0.0000125
1713146400000,0.0000201371
1713150000000,0.0000125
1713153600000,0.0000125
1713157200000,0.0000125
1713160800000,0.0000125
1713164400000,0.0000161775
1713168000000,0.0000156507
1713171600000,0.0000194344
1713175200000,0.0000469521
1713178800000,0.0000138503
1713182400000,0.0000125
1713186000000,0.0000125
1713189600000,0.0000125
1713193200000,0.0000125
1713196800000,0.0000125
1713200400000,0.0000125
1713204000000,0.0000125
1713207600000,0.0000125
1713211200000,0.0000125
1713214800000,0.0000125
1713218400000,-0.0000074821
1713222000000,0.0000125
1713225600000,0.0000125
1713229200000,0.0000125
1713232800000,0.0000125
1713236400000,0.0000125
1713240000000,0.0000125
1713243600000,0.0000125
1713247200000,0.0000177305
1713250800000,0.0000181083
1713254400000,0.0000318753
1713258000000,0.0000125
1713261600000,0.0000167286
1713265200000,0.0000125
1713268800000,0.0000125
1713272400000,0.000016435
1713276000000,0.0000125
1713279600000,0.0000125
1713283200000,0.0000125
1713286800000,0.0000125
1713290400000,0.0000125
1713294000000,0.0000125
1713297600000,0.0000125
1713301200000,0.0000125
1713304800000,0.0000284567
1713308400000,0.000027853
1713312000000,0.0000638468
1713315600000,0.0000340381
1713319200000,0.0000537236
1713322800000,0.0000395774
1713326400000,0.0000193752
1713330000000,0.0000125
1713333600000,0.0000125
1713337200000,0.0000125
1713340800000,0.0000125
1713344400000,0.0000125
1713348000000,0.0000125
1713351600000,0.0000125
1713355200000,0.0000125
1713358800000,0.0000125
1713362400000,0.0000125
1713366000000,0.0000125
1713369600000,0.0000254278
1713373200000,0.0000658439
1713376800000,0.0000763854
1713380400000,0.0000357967
1713384000000,0.0000125
1713387600000,0.0000125
1713391200000,0.0000125
1713394800000,0.0000125
1713398400000,-0.0000073677
1713402000000,0.0000036865
1713405600000,0.0000125
1713409200000,0.0000125
1713412800000,0.0000125
1713416400000,0.0000125
1713420000000,0.0000059765
1713423600000,-0.0000255582
1713427200000,-0.0000404462
1713430800000,-0.000024606
1713434400000,-0.0000132425
1713438000000,0.0000125
1713441600000,-0.0000196826
1713445200000,-0.0000036167
1713448800000,-0.0000684073
1713452400000,-0.0000144449
1713456000000,-0.0000002726
1713459600000,0.0000125
1713463200000,-0.0000359513
1713466800000,-0.0000290753
1713470400000,0.0000023298
1713474000000,-0.000001794
1713477600000,0.0000125
1713481200000,0.0000125
1713484800000,0.0000125
1713488400000,0.0000125
1713492000000,0.0000040766
1713495600000,0.0000125
1713499200000,0.0000163608
1713502800000,0.0000259428
1713506400000,0.0000125
1713510000000,0.0000125
1713513600000,0.0000125
1713517200000,0.0000125
1713520800000,0.0000125
1713524400000,0.0000071993
1713528000000,0.0000125
1713531600000,0.0000125
1713535200000,0.0000125
1713538800000,0.0000125
1713542400000,0.0000068981
1713546000000,0.0000013519
1713549600000,0.000010372
1713553200000,0.0000125
1713556800000,0.0000125
1713560400000,0.0000125
1713564000000,0.0000125
1713567600000,0.0000125
1713571200000,0.000007848
1713574800000,0.0000125
1713578400000,0.0000125
1713582000000,0.0000125
1713585600000,0.0000125
1713589200000,0.0000162618
1713592800000,0.0000125
1713596400000,0.0000125
1713600000000,0.0000125
1713603600000,0.0000125
1713607200000,0.0000125
1713610800000,0.0000125
1713614400000,0.0000125
1713618000000,0.0000125
1713621600000,0.0000125
1713625200000,0.0000125
1713628800000,0.0000125
1713632400000,0.0000125
1713636000000,0.0000125
1713639600000,-0.0000048274
1713643200000,0.0000125
1713646800000,0.0000125
1713650400000,-0.0000107177
1713654000000,0.0000125
1713657600000,0.0000125
1713661200000,0.0000125
1713664800000,0.0000125
1713668400000,0.0000125
1713672000000,0.0000125
1713675600000,0.0000103887
1713679200000,0.0000125
1713682800000,-0.0000115477
1713686400000,-0.0000106155
1713690000000,0.0000125
1713693600000,0.0000125
1713697200000,0.0000125
1713700800000,0.0000125
1713704400000,-0.0000068361
1713708000000,0.0000125
1713711600000,0.0000125
1713715200000,0.0000125
1713718800000,0.0000125
1713722400000,0.0000125
1713726000000,0.0000125
1713729600000,0.0000125
1713733200000,0.0000125
1713736800000,0.0000125
1713740400000,0.0000125
1713744000000,0.000009938
1713747600000,0.0000125
1713751200000,0.0000125
1713754800000,0.0000052141
1713758400000,0.0000125
1713762000000,0.0000079501
1713765600000,0.0000125
1713769200000,0.0000125
1713772800000,0.0000051035
1713776400000,0.0000125
1713780000000,0.000003125
1713783600000,-0.0000174483
1713787200000,-0.0000054011
1713790800000,0.0000030145
1713794400000,0.0000094369
1713798000000,-0.000016538
1713801600000,0.0000125
1713805200000,0.0000125
1713808800000,0.0000125
1713812400000,0.0000125
1713816000000,0.0000125
1713819600000,0.0000125
1713823200000,0.0000125
1713826800000,0.0000125
1713830400000,0.0000125
1713834000000,0.0000125
1713837600000,0.0000125
1713841200000,0.0000125
1713844800000,0.0000071311
1713848400000,0.0000125
1713852000000,0.0000125
1713855600000,0.0000125
1713859200000,0.0000125
1713862800000,0.0000125
1713866400000,0.0000125
1713870000000,0.0000125
1713873600000,0.0000125
1713877200000,0.0000125
1713880800000,0.0000125
1713884400000,0.0000125
1713888000000,0.0000125
1713891600000,0.0000125
1713895200000,0.0000125
1713898800000,0.0000125
1713902400000,0.0000125
1713906000000,0.0000123074
1713909600000,0.0000125
1713913200000,-0.0000137973
1713916800000,-0.0000081411
1713920400000,0.0000125
1713924000000,0.0000125
1713927600000,0.0000125
1713931200000,0.0000125
1713934800000,0.0000125
1713938400000,0.0000125
1713942000000,0.0000125
1713945600000,-0.0000054409
1713949200000,0.0000125
1713952800000,0.0000125
1713956400000,0.0000125
1713960000000,0.0000125
1713963600000,0.0000125
1713967200000,0.0000125
1713970800000,0.0000125
1713974400000,0.0000125
1713978000000,0.0000125
1713981600000,0.0000125
1713985200000,0.0000115609
1713988800000,0.0000125
1713992400000,0.0000125
1713996000000,0.0000078172
1713999600000,0.0000125
1714003200000,0.0000067902
1714006800000,0.0000125
1714010400000,0.0000125
1714014000000,0.0000125
1714017600000,0.0000125
1714021200000,0.0000125
1714024800000,-0.0000426747
1714028400000,-0.0000016104
1714032000000,0.0000046363
1714035600000,0.0000055947
1714039200000,0.0000125
1714042800000,0.0000054286
1714046400000,-0.0000181744
1714050000000,-0.0000037208
1714053600000,-0.0000155264
1714057200000,0.0000090235
1714060800000,0.0000125
1714064400000,0.0000125
1714068000000,0.0000125
1714071600000,0.0000125
1714075200000,0.0000125
1714078800000,0.0000125
1714082400000,0.0000125
1714086000000,0.0000125
1714089600000,0.0000125
1714093200000,0.0000125
1714096800000,0.0000125
1714100400000,0.0000125
1714104000000,0.0000125
1714107600000,0.0000125
1714111200000,0.0000023596
1714114800000,0.000000144
1714118400000,-0.0000008576
1714122000000,0.0000125
1714125600000,0.0000125
1714129200000,0.0000125
1714132800000,0.0000125
1714136400000,0.0000125
1714140000000,0.0000125
1714143600000,0.0000125
1714147200000,0.0000125
1714150800000,0.0000125
1714154400000,0.0000125
1714158000000,0.0000125
1714161600000,0.0000125
1714165200000,0.0000125
1714168800000,0.0000125
1714172400000,0.0000125
1714176000000,0.0000125
1714179600000,0.0000125
1714183200000,0.0000125
1714186800000,0.0000125
1714190400000,0.0000125
1714194000000,0.0000125
1714197600000,0.0000125
1714201200000,0.0000125
1714204800000,0.0000125
1714208400000,0.0000125
1714212000000,0.0000125
1714215600000,0.0000125
1714219200000,0.0000125
1714222800000,0.0000125
1714226400000,0.0000125
1714230000000,0.0000125
1714233600000,0.0000125
1714237200000,0.0000125
1714240800000,0.0000125
1714244400000,0.0000125
1714248000000,0.0000125
1714251600000,0.0000125
1714255200000,0.0000125
1714258800000,0.0000125
1714262400000,0.0000125
1714266000000,0.0000125
1714269600000,0.0000125
1714273200000,0.0000125
1714276800000,0.0000125
1714280400000,0.0000125
1714284000000,0.0000125
1714287600000,0.0000125
1714291200000,0.0000125
1714294800000,0.0000075264
1714298400000,0.000006004
1714302000000,0.0000006197
1714305600000,0.0000125
1714309200000,0.0000125
1714312800000,0.0000096385
1714316400000,0.0000125
1714320000000,0.0000125
1714323600000,0.0000125
1714327200000,0.0000125
1714330800000,0.0000125
1714334400000,0.0000125
1714338000000,0.0000125
1714341600000,0.0000125
1714345200000,0.0000125
1714348800000,0.0000125
1714352400000,0.0000125
1714356000000,0.0000125
1714359600000,0.0000125
1714363200000,0.0000125
1714366800000,0.0000125
1714370400000,0.0000125
1714374000000,0.0000125
1714377600000,0.0000125
1714381200000,0.0000125
1714384800000,0.0000125
1714388400000,0.0000125
1714392000000,0.0000125
1714395600000,0.0000125
1714399200000,0.0000125
1714402800000,0.0000125
1714406400000,0.0000125
1714410000000,0.0000125
1714413600000,0.0000125
1714417200000,0.0000065421
1714420800000,-0.0000004084
1714424400000,-0.0000023803
1714428000000,-0.0000041159
1714431600000,0.0000043797
1714435200000,0.0000053915
1714438800000,0.0000125
1714442400000,0.0000132136
1714446000000,0.0000125
1714449600000,0.0000125
1714453200000,0.0000125
1714456800000,0.0000119049
1714460400000,0.0000125
1714464000000,0.0000125
1714467600000,0.0000076573
1714471200000,-0.0000004136
1714474800000,-0.0000008833
1714478400000,0.0000125
1714482000000,0.0000125
1714485600000,0.0000125
1714489200000,0.0000125
1714492800000,0.0000101064
1714496400000,0.0000078764
1714500000000,0.0000125
1714503600000,0.0000125
1714507200000,0.0000125
1714510800000,0.0000125
1714514400000,0.0000125
1714518000000,0.0000125
1714521600000,0.0000125
1714525200000,0.0000125
1714528800000,0.0000125
1714532400000,0.0000020264
1714536000000,0.0000125
1714539600000,0.0000044242
1714543200000,0.000002919
1714546800000,0.0000067306
1714550400000,0.0000125
1714554000000,0.0000125
1714557600000,0.0000240749
1714561200000,0.0000338834
1714564800000,0.0000371768
1714568400000,0.0000794989
1714572000000,0.0000341666
1714575600000,0.0000125
1714579200000,0.0000125
1714582800000,0.0000125
1714586400000,0.0000125
1714590000000,0.0000125
1714593600000,0.0000125
1714597200000,0.0000125
1714600800000,0.0000125
1714604400000,0.0000125
1714608000000,0.0000125
1714611600000,0.0000125
1714615200000,0.0000125
1714618800000,0.0000125
1714622400000,0.0000125
1714626000000,0.0000125
1714629600000,0.0000125
1714633200000,0.0000125
1714636800000,0.0000125
1714640400000,0.0000125
1714644000000,0.0000125
1714647600000,0.0000125
1714651200000,0.0000125
1714654800000,0.0000125
1714658400000,0.0000125
1714662000000,0.0000125
1714665600000,0.0000125
1714669200000,-0.0000063916
1714672800000,0.0000045504
1714676400000,0.0000125
1714680000000,0.0000125
1714683600000,0.0000125
1714687200000,0.000009802
1714690800000,0.0000125
1714694400000,0.0000125
1714698000000,0.0000125
1714701600000,0.0000125
1714705200000,0.0000125
1714708800000,0.0000125
1714712400000,0.0000125
1714716000000,0.0000125
1714719600000,0.0000125
1714723200000,0.0000125
1714726800000,-0.0000013104
1714730400000,0.0000125
1714734000000,0.0000125
1714737600000,0.0000125
1714741200000,-0.0000053411
1714744800000,-0.0000741215
1714748400000,-0.0000301865
1714752000000,-0.0000538314
1714755600000,0.0000003449
1714759200000,-0.0000398658
1714762800000,-0.0000216702
1714766400000,0.0000125
1714770000000,0.0000125
1714773600000,0.0000125
1714777200000,0.0000125
1714780800000,0.0000125
1714784400000,0.0000125
1714788000000,0.0000125
1714791600000,0.0000125
1714795200000,0.0000125
1714798800000,0.0000125
1714802400000,0.0000125
1714806000000,0.0000125
1714809600000,0.0000125
1714813200000,0.0000125
1714816800000,0.0000125
1714820400000,0.0000125
1714824000000,0.0000125
1714827600000,0.0000125
1714831200000,0.0000125
1714834800000,0.0000125
1714838400000,0.0000125
1714842000000,0.0000125
1714845600000,0.0000125
1714849200000,0.0000125
1714852800000,0.0000125
1714856400000,0.0000125
1714860000000,0.0000050932
1714863600000,-0.0000011727
1714867200000,0.0000108961
1714870800000,0.0000125
1714874400000,0.0000125
1714878000000,0.0000125
1714881600000,0.0000125
1714885200000,0.0000125
1714888800000,0.0000125
1714892400000,0.0000125
1714896000000,0.0000125
1714899600000,0.0000125
1714903200000,0.0000125
1714906800000,0.0000125
1714910400000,0.0000125
1714914000000,0.0000125
1714917600000,0.0000125
1714921200000,0.0000125
1714924800000,0.0000312098
1714928400000,0.0000147239
1714932000000,0.0000162686
1714935600000,0.0000125
1714939200000,0.0000125
1714942800000,0.0000040432
1714946400000,0.0000125
1714950000000,0.0000125
1714953600000,0.0000125
1714957200000,0.0000125
1714960800000,0.0000125
1714964400000,0.0000125
1714968000000,0.0000125
1714971600000,0.0000125
1714975200000,0.0000125
1714978800000,0.0000125
1714982400000,0.0000125
1714986000000,0.0000125
1714989600000,0.0000125
1714993200000,0.0000125
1714996800000,0.0000125
1715000400000,0.0000125
1715004000000,0.0000297824
1715007600000,0.0000406545
1715011200000,0.0000420631
1715014800000,0.0000125
1715018400000,0.0000125
1715022000000,0.0000562115
1715025600000,0.0000545165
1715029200000,0.0000766728
1715032800000,0.0000800363
1715036400000,0.0000525244
1715040000000,0.0000890549
1715043600000,0.0000321372
1715047200000,0.0000125
1715050800000,0.0000125
1715054400000,0.0000125
1715058000000,0.0000125
1715061600000,0.0000125
1715065200000,0.0000320001
1715068800000,0.0000561849
1715072400000,0.0000321958
1715076000000,0.0000229645
1715079600000,0.0000125
1715083200000,0.0000125
1715086800000,0.0000235936
1715090400000,0.0000587454
1715094000000,0.0000835136
1715097600000,0.0000188102
1715101200000,0.0000125
1715104800000,0.0000125
1715108400000,0.0000125
1715112000000,0.0000125
1715115600000,0.0000125
1715119200000,0.0000125
1715122800000,0.0000125
1715126400000,0.0000125
1715130000000,0.0000125
1715133600000,0.0000125
1715137200000,0.0000125
1715140800000,0.0000159463
1715144400000,0.0000125
1715148000000,0.0000125
1715151600000,0.0000125
1715155200000,0.0000125
1715158800000,0.0000125
1715162400000,0.0000125
1715166000000,0.0000125
1715169600000,0.0000125
1715173200000,0.0000125
1715176800000,0.0000125
1715180400000,0.0000125
1715184000000,0.0000125
1715187600000,0.0000125
1715191200000,0.0000125
1715194800000,0.0000125
1715198400000,0.0000125
1715202000000,0.0000125
1715205600000,0.0000125
1715209200000,0.0000125
1715212800000,0.000010049
1715216400000,0.0000125
1715220000000,0.0000050079
1715223600000,0.0000125
1715227200000,0.0000125
1715230800000,-0.0000107591
1715234400000,-0.0000177993
1715238000000,-0.0000239353
1715241600000,-0.0000348403
1715245200000,-0.0000160148
1715248800000,-0.0000180465
1715252400000,-0.0000178867
1715256000000,0.0000125
1715259600000,0.0000125
1715263200000,0.0000125
1715266800000,0.0000125
1715270400000,0.0000125
1715274000000,0.0000125
1715277600000,0.0000125
1715281200000,0.0000125
1715284800000,0.000030136
1715288400000,0.0000125
1715292000000,0.0000125
1715295600000,0.0000125
1715299200000,0.0000125
1715302800000,0.0000125
1715306400000,0.0000125
1715310000000,0.0000125
1715313600000,0.0000125
1715317200000,0.0000125
1715320800000,0.0000125
1715324400000,0.0000125
1715328000000,0.0000366416
1715331600000,0.0000125
1715335200000,0.0000125
1715338800000,0.0000125
1715342400000,0.0000125
1715346000000,0.0000251005
1715349600000,0.0000125
1715353200000,0.0000125
1715356800000,0.0000125
1715360400000,0.0000125
1715364000000,0.0000125
1715367600000,0.0000127332
1715371200000,0.0000125
1715374800000,0.0000125
1715378400000,0.0000357527
1715382000000,0.0000412129
1715385600000,0.000036847
1715389200000,0.0000161437
1715392800000,0.0000125
1715396400000,0.0000125
1715400000000,0.0000125
1715403600000,0.0000125
1715407200000,0.0000125
1715410800000,0.0000148741
1715414400000,0.0000165738
1715418000000,0.0000125
1715421600000,0.0000125
1715425200000,0.0000141664
1715428800000,0.0000125
1715432400000,0.0000125
1715436000000,0.0000125
1715439600000,0.0000180753
1715443200000,0.0000125
1715446800000,0.0000125
1715450400000,0.0000125
1715454000000,0.0000125
1715457600000,0.0000125
1715461200000,0.0000125
1715464800000,0.0000125
1715468400000,0.0000125
1715472000000,0.0000125
1715475600000,0.0000137423
1715479200000,0.0000125
1715482800000,0.0000125
1715486400000,0.0000125
1715490000000,0.0000125
1715493600000,0.000017629
1715497200000,0.0000125
1715500800000,0.0000125
1715504400000,0.0000125
1715508000000,0.0000125
1715511600000,0.0000125
1715515200000,0.0000125
1715518800000,0.0000125
1715522400000,0.0000125
1715526000000,0.0000125
1715529600000,0.0000125
1715533200000,0.0000125
1715536800000,0.0000125
1715540400000,0.0000125
1715544000000,0.0000125
1715547600000,0.0000125
1715551200000,0.0000125
1715554800000,0.0000125
1715558400000,0.0000125
1715562000000,0.0000125
1715565600000,0.0000125
1715569200000,0.0000125
1715572800000,0.0000125
1715576400000,0.000007367
1715580000000,0.0000024527
1715583600000,0.0000125
1715587200000,0.0000125
1715590800000,0.0000125
1715594400000,0.0000125
1715598000000,0.0000125
1715601600000,0.0000125
1715605200000,0.0000125
1715608800000,0.0000125
1715612400000,0.0000125
1715616000000,0.0000125
1715619600000,0.0000125
1715623200000,0.0000125
1715626800000,0.0000125
1715630400000,0.0000125
1715634000000,0.0000125
1715637600000,0.0000125
1715641200000,0.0000125
1715644800000,0.0000125
1715648400000,0.0000125
1715652000000,0.0000125
1715655600000,0.0000125
1715659200000,0.0000125
1715662800000,0.0000125
1715666400000,0.0000125
1715670000000,0.0000125
1715673600000,0.0000125
1715677200000,0.0000125
1715680800000,0.0000125
1715684400000,0.0000125
1715688000000,0.0000125
1715691600000,0.0000125
1715695200000,0.0000125
1715698800000,0.0000125
1715702400000,0.0000125
1715706000000,0.0000125
1715709600000,0.0000125
1715713200000,0.0000125
1715716800000,0.0000125
1715720400000,0.0000300143
1715724000000,0.0000293582
1715727600000,0.0000417732
1715731200000,0.0000737797
1715734800000,0.0000328169
1715738400000,0.0000125
1715742000000,0.0000286293
1715745600000,0.0000476058
1715749200000,0.0000125
1715752800000,0.0000363045
1715756400000,0.00004004
1715760000000,0.0000577833
1715763600000,0.0000362483
1715767200000,0.0000402485
1715770800000,0.0000299449
1715774400000,0.0000125
1715778000000,0.0000125
1715781600000,0.0000125
1715785200000,0.0000125
1715788800000,0.0000078052
1715792400000,0.0000125
1715796000000,0.0000125
1715799600000,0.0000125
1715803200000,0.0000013488
1715806800000,0.0000125
1715810400000,0.0000125
1715814000000,0.0000125
1715817600000,0.0000125
1715821200000,0.0000125
1715824800000,0.0000125
1715828400000,0.0000125
1715832000000,0.0000125
1715835600000,0.0000125
1715839200000,0.0000125
1715842800000,0.0000125
1715846400000,-0.0000059942
1715850000000,0.0000125
1715853600000,0.0000125
1715857200000,0.0000125
1715860800000,0.0000125
1715864400000,0.0000125
1715868000000,0.0000125
1715871600000,0.0000125
1715875200000,0.0000125
1715878800000,0.0000066138
1715882400000,0.0000004428
1715886000000,-0.0000072555
1715889600000,0.0000125
1715893200000,0.0000125
1715896800000,0.0000125
1715900400000,0.0000165098
1715904000000,0.0000334826
1715907600000,0.0000239219
1715911200000,0.0000125
1715914800000,0.0000125
1715918400000,0.0000125
1715922000000,0.0000125
1715925600000,0.0000125
1715929200000,0.0000125
1715932800000,0.0000125
1715936400000,0.0000125
1715940000000,0.0000125
1715943600000,0.0000125
1715947200000,0.0000125
1715950800000,0.0000125
1715954400000,0.0000125
1715958000000,0.0000125
1715961600000,0.0000125
1715965200000,0.0000125
1715968800000,0.0000125
1715972400000,0.0000125
1715976000000,0.0000142485
1715979600000,0.0000125
1715983200000,0.0000125
1715986800000,0.0000125
1715990400000,0.0000125
1715994000000,0.0000125
1715997600000,0.0000125
1716001200000,0.0000125
1716004800000,0.0000125
1716008400000,0.0000125
1716012000000,0.0000125
1716015600000,0.0000125
1716019200000,0.0000125
1716022800000,0.0000125
1716026400000,0.0000125
1716030000000,0.0000125
1716033600000,0.0000125
1716037200000,0.0000125
1716040800000,0.0000125
1716044400000,0.0000045108
1716048000000,0.0000125
1716051600000,0.0000125
1716055200000,0.0000125
1716058800000,0.0000125
1716062400000,0.0000125
1716066000000,0.0000125
1716069600000,0.0000125
1716073200000,0.0000125
1716076800000,0.0000125
1716080400000,0.0000125
1716084000000,0.0000125
1716087600000,0.0000125
1716091200000,0.0000125
1716094800000,0.0000125
1716098400000,0.0000125
1716102000000,0.0000125
1716105600000,0.0000125
1716109200000,0.0000125
1716112800000,0.0000125
1716116400000,0.0000125
1716120000000,0.0000125
1716123600000,0.0000125
1716127200000,0.0000125
1716130800000,0.0000095148
1716134400000,0.0000125
1716138000000,0.0000108438
1716141600000,0.0000125
1716145200000,-0.0000106556
1716148800000,-0.000002058
1716152400000,-0.0000060401
1716156000000,0.0000076263
1716159600000,0.0000125
1716163200000,0.0000125
1716166800000,0.0000125
1716170400000,0.0000125
1716174000000,0.0000125
1716177600000,0.000018396
1716181200000,0.0000125
1716184800000,0.0000125
1716188400000,0.0000125
1716192000000,0.0000125
1716195600000,0.0000125
1716199200000,0.0000125
1716202800000,0.0000125
1716206400000,0.0000125
1716210000000,0.0000125
1716213600000,0.0000125
1716217200000,0.0000024012
1716220800000,0.0000125
1716224400000,0.0000125
1716228000000,-0.0000208092
1716231600000,-0.0000219048
1716235200000,0.0000090724
1716238800000,0.0000125
1716242400000,0.0000125
1716246000000,-0.0000401939
1716249600000,0.0000125
1716253200000,0.0000125
1716256800000,0.0000125
1716260400000,0.0000125
1716264000000,0.0000125
1716267600000,0.0000125
1716271200000,0.0000125
1716274800000,0.0000125
1716278400000,0.0000125
1716282000000,0.0000125
1716285600000,0.0000125
1716289200000,0.0000125
1716292800000,0.0000125
1716296400000,0.0000125
1716300000000,0.0000098984
1716303600000,-0.0000137274
1716307200000,0.0000125
1716310800000,0.0000125
1716314400000,0.0000180438
1716318000000,0.0000125
1716321600000,0.0000125
1716325200000,0.0000125
1716328800000,0.0000125
1716332400000,0.0000125
1716336000000,0.0000134301
1716339600000,0.0000125
1716343200000,0.0000125
1716346800000,0.0000125
1716350400000,0.0000197496
1716354000000,0.0000125
1716357600000,0.0000125
1716361200000,0.0000125
1716364800000,0.0000125
1716368400000,0.0000125
1716372000000,0.0000125
1716375600000,0.0000125
1716379200000,0.0000191597
1716382800000,0.0000125
1716386400000,0.0000125
1716390000000,0.0000148693
1716393600000,0.0000411157
1716397200000,0.0000125
1716400800000,0.0000125
1716404400000,0.0000177569
1716408000000,0.0000365663
1716411600000,0.0000635887
1716415200000,0.0000125
1716418800000,0.0000130078
1716422400000,0.0000167429
1716426000000,0.0000296664
1716429600000,0.0000125
1716433200000,0.0000125
1716436800000,0.0000125
1716440400000,0.0000125
1716444000000,0.0000125
1716447600000,0.0000125
1716451200000,0.0000125
1716454800000,0.0000295921
1716458400000,0.0000125
1716462000000,0.0000125
1716465600000,0.0000125
1716469200000,0.0000125
1716472800000,0.0000125
1716476400000,0.0000125
1716480000000,0.0000125
1716483600000,0.0000125
1716487200000,0.0000125
1716490800000,0.0000125
1716494400000,0.0000125
1716498000000,0.0000125
1716501600000,0.0000125
1716505200000,0.0000125
1716508800000,0.0000196656
1716512400000,0.0000177036
1716516000000,0.0000125
1716519600000,0.0000125
1716523200000,0.0000125
1716526800000,0.0000125
1716530400000,0.0000125
1716534000000,0.0000125
1716537600000,0.0000125
1716541200000,0.0000125
1716544800000,0.0000125
1716548400000,0.0000125
1716552000000,0.0000125
1716555600000,0.0000125
1716559200000,0.0000125
1716562800000,0.0000125
1716566400000,0.0000125
1716570000000,0.0000125
1716573600000,0.0000125
1716577200000,0.0000125
1716580800000,0.0000125
1716584400000,0.0000125
1716588000000,0.0000125
1716591600000,0.0000125
1716595200000,0.0000125
1716598800000,0.0000125
1716602400000,0.0000125
1716606000000,0.0000125
1716609600000,0.0000125
1716613200000,0.0000125
1716616800000,0.0000125
1716620400000,0.0000125
1716624000000,0.0000125
1716627600000,0.0000125
1716631200000,0.0000125
1716634800000,0.0000125
1716638400000,0.0000125
1716642000000,0.0000125
1716645600000,0.0000125
1716649200000,0.0000125
1716652800000,0.0000125
1716656400000,0.0000125
1716660000000,0.0000125
1716663600000,0.0000125
1716667200000,0.0000125
1716670800000,0.0000125
1716674400000,0.0000125
1716678000000,0.0000125
1716681600000,0.0000125
1716685200000,0.0000125
1716688800000,0.0000125
1716692400000,0.0000125
1716696000000,0.0000125
1716699600000,0.0000125
1716703200000,0.0000125
1716706800000,0.0000125
1716710400000,0.0000125
1716714000000,0.0000125
1716717600000,0.0000125
1716721200000,0.0000125
1716724800000,0.0000125
1716728400000,0.0000231119
1716732000000,0.00005028
1716735600000,0.0000323045
1716739200000,0.0000384382
1716742800000,0.000055786
1716746400000,0.0000466717
1716750000000,0.0000606476
1716753600000,0.0000701623
1716757200000,0.0000652909
1716760800000,0.0000462214
1716764400000,0.0000414269
1716768000000,0.000036722
1716771600000,0.0000573579
1716775200000,0.0000565757
1716778800000,0.0000334393
1716782400000,0.0000537566
1716786000000,0.0000543315
1716789600000,0.0000470649
1716793200000,0.0000601132
1716796800000,0.0000760963
1716800400000,0.0000562049
1716804000000,0.0000484968
1716807600000,0.0000510481
1716811200000,0.0000625838
1716814800000,0.0000770327
1716818400000,0.0001029518
1716822000000,0.0000497912
1716825600000,0.0000373628
1716829200000,0.0000206349
1716832800000,0.0000241896
1716836400000,0.0000429239
1716840000000,0.0000190708
1716843600000,0.0000588331
1716847200000,0.0000689288
1716850800000,0.0000633211
1716854400000,0.0000472602
1716858000000,0.000046318
1716861600000,0.0000218349
1716865200000,0.0000174513
1716868800000,0.0000125
1716872400000,0.0000125
1716876000000,0.0000125
1716879600000,0.0000125
1716883200000,0.0000125
1716886800000,0.0000125
1716890400000,0.0000160391
1716894000000,0.0000169371
1716897600000,0.0000125
1716901200000,0.0000206215
1716904800000,0.0000450625
1716908400000,0.0000410096
1716912000000,0.000057584
1716915600000,0.0000420574
1716919200000,0.0000539533
1716922800000,0.0000563723
1716926400000,0.0000997105
1716930000000,0.0000753838
1716933600000,0.0000766783
1716937200000,0.0001249756
1716940800000,0.0000390825
1716944400000,0.0000779224
1716948000000,0.0000970057
1716951600000,0.0001040007
1716955200000,0.0001112952
1716958800000,0.0001280296
1716962400000,0.000029227
1716966000000,0.0000412355
1716969600000,0.000022628
1716973200000,0.0000352361
1716976800000,0.0000183018
1716980400000,0.0000500535
1716984000000,0.0000390182
1716987600000,0.0000542745
1716991200000,0.0000647985
1716994800000,0.0000358336
1716998400000,0.0000131006
1717002000000,0.0000278297
1717005600000,0.0000526746
1717009200000,0.0000659008
1717012800000,0.0000672518
1717016400000,0.0000880816
1717020000000,0.0000811493
1717023600000,0.0000657639
1717027200000,0.0000698257
1717030800000,0.0000396635
1717034400000,0.0000495982
1717038000000,0.0000788871
1717041600000,0.0000305627
1717045200000,0.0000510027
1717048800000,0.0000290973
1717052400000,0.0000186577
1717056000000,0.0000126379
1717059600000,0.0000125
1717063200000,0.0000291924
1717066800000,0.0000378108
1717070400000,0.0000125
1717074000000,0.0000298859
1717077600000,0.0000262793
1717081200000,0.0000125
1717084800000,0.0000125
1717088400000,0.0000125
1717092000000,0.0000125
1717095600000,0.0000125
1717099200000,0.0000125
1717102800000,0.0000266973
1717106400000,0.0000125
1717110000000,0.0000125
1717113600000,0.0000125
1717117200000,0.0000125
1717120800000,0.0000125
1717124400000,0.0000174896
1717128000000,0.0000125
1717131600000,0.0000194289
1717135200000,0.0000196624
1717138800000,0.0000125
1717142400000,0.0000125
1717146000000,0.0000125
1717149600000,0.0000125
1717153200000,0.0000125
1717156800000,0.0000125
1717160400000,0.0000290303
1717164000000,0.0000409866
1717167600000,0.0000125
1717171200000,0.0000648839
1717174800000,0.0000582299
1717178400000,0.0000643432
1717182000000,0.0000478361
1717185600000,0.0000222453
1717189200000,0.0000125
1717192800000,0.0000125
1717196400000,0.0000210657
1717200000000,0.0000200073
1717203600000,0.0000300994
1717207200000,0.0000339201
1717210800000,0.0000434533
1717214400000,0.0000475573
1717218000000,0.0000570376
1717221600000,0.0000530236
1717225200000,0.0000396906
1717228800000,0.0000607276
1717232400000,0.0000493363
1717236000000,0.0000380164
1717239600000,0.000045025
1717243200000,0.0000581982
1717246800000,0.0000518163
1717250400000,0.0000595688
1717254000000,0.0000298899
1717257600000,0.0000305979
1717261200000,0.0000125
1717264800000,0.0000125
1717268400000,0.0000125
1717272000000,0.0000212895
1717275600000,0.0000317243
1717279200000,0.0000188179
1717282800000,0.000015821
1717286400000,0.0000296385
1717290000000,0.0000125
1717293600000,0.0000125
1717297200000,0.0000125
1717300800000,0.0000125
1717304400000,0.0000125
1717308000000,0.0000125
1717311600000,0.0000125
1717315200000,0.0000125
1717318800000,0.0000125
1717322400000,0.0000125
1717326000000,0.0000125
1717329600000,0.0000195499
1717333200000,0.0000125
1717336800000,0.0000125
1717340400000,0.0000212814
1717344000000,0.0000354963
1717347600000,0.0000125
1717351200000,0.0000125
1717354800000,0.0000125
1717358400000,0.0000284146
1717362000000,0.0000268571
1717365600000,0.0000136582
1717369200000,0.0000340843
1717372800000,0.0000345249
1717376400000,0.0000125
1717380000000,0.0000268792
1717383600000,0.0000534152
1717387200000,0.0000688953
1717390800000,0.0000699317
1717394400000,0.0000733333
1717398000000,0.0001123955
1717401600000,0.0000657064
1717405200000,0.0000373436
1717408800000,0.0000341445
1717412400000,0.000028334
1717416000000,0.000079003
1717419600000,0.0000991834
1717423200000,0.0000918994
1717426800000,0.0000703432
1717430400000,0.0001042901
1717434000000,0.0000274016
1717437600000,0.0000125
1717441200000,0.0000619909
1717444800000,0.0000277395
1717448400000,0.0000672641
1717452000000,0.0000201407
1717455600000,0.0000179066
1717459200000,0.0000125
1717462800000,0.0000239428
1717466400000,0.000029081
1717470000000,0.0000480434
1717473600000,0.000065947
1717477200000,0.0000787166
1717480800000,0.0000841728
1717484400000,0.0000412054
1717488000000,0.000076557
1717491600000,0.0000571641
1717495200000,0.0000125
1717498800000,0.0000125
1717502400000,0.0000321053
1717506000000,0.000048634
1717509600000,0.0000393101
1717513200000,0.0000284362
1717516800000,0.0000147386
1717520400000,0.0000331481
1717524000000,0.0000374898
1717527600000,0.0000296528
1717531200000,0.000031838
1717534800000,0.0000388837
1717538400000,0.0000557717
1717542000000,0.0000171175
1717545600000,0.0000165451
1717549200000,0.00005153
1717552800000,0.0000619543
1717556400000,0.000044088
1717560000000,0.0000496201
1717563600000,0.0000567375
1717567200000,0.0000150303
1717570800000,0.0000247437
1717574400000,0.0000492361
1717578000000,0.0000125
1717581600000,0.0000125
1717585200000,0.0000125
1717588800000,0.0000125
1717592400000,0.0000125
1717596000000,0.0000125
1717599600000,0.0000125
1717603200000,0.0000125
1717606800000,0.0000125
1717610400000,0.0000125
1717614000000,0.0000125
1717617600000,0.0000125
1717621200000,0.0000125
1717624800000,0.0000125
1717628400000,0.0000125
1717632000000,0.0000125
1717635600000,0.0000125
1717639200000,0.0000125
1717642800000,0.0000125
1717646400000,0.0000125
1717650000000,0.0000125
1717653600000,0.0000125
1717657200000,0.0000125
1717660800000,0.0000125
1717664400000,0.0000125
1717668000000,0.0000125
1717671600000,0.0000126582
1717675200000,0.0000177196
1717678800000,0.0000178958
1717682400000,0.0000125
1717686000000,0.0000125
1717689600000,0.0000125
1717693200000,0.0000125
1717696800000,0.0000125
1717700400000,0.0000125
1717704000000,0.0000125
1717707600000,0.0000125
1717711200000,0.0000133534
1717714800000,0.0000137628
1717718400000,0.0000125
1717722000000,0.0000125
1717725600000,0.0000125
1717729200000,0.0000125
1717732800000,0.0000125
1717736400000,0.0000125
1717740000000,0.000034681
1717743600000,0.0000514998
1717747200000,0.0000385441
1717750800000,0.0000125
1717754400000,0.0000125
1717758000000,0.0000516539
1717761600000,0.0000476051
1717765200000,0.0000125
1717768800000,0.0000125
1717772400000,0.0000125
1717776000000,0.0000125
1717779600000,0.0000125
1717783200000,0.0000125
1717786800000,0.0000812426
1717790400000,0.0000733797
1717794000000,0.0000966241
1717797600000,0.0001116674
1717801200000,0.0000804124
1717804800000,0.0000593129
1717808400000,0.0000481872
1717812000000,0.0000320936
1717815600000,0.0000394599
1717819200000,0.0000502274
1717822800000,0.0000620332
1717826400000,0.0000414123
1717830000000,0.0000459167
1717833600000,0.0000594214
1717837200000,0.0000417584
1717840800000,0.0000251717
1717844400000,0.0000232134
1717848000000,0.0000220196
1717851600000,0.0000218027
1717855200000,0.0000250065
1717858800000,0.0000208909
1717862400000,0.0000218573
1717866000000,0.0000125
1717869600000,0.000015963
1717873200000,0.0000293855
1717876800000,0.0000301022
1717880400000,0.0000240584
1717884000000,0.0000339955
1717887600000,0.0000125
1717891200000,0.0000138156
1717894800000,0.0000125
1717898400000,0.0000125
1717902000000,0.0000125
1717905600000,0.0000125
1717909200000,0.0000129969
1717912800000,0.0000125
1717916400000,0.0000125
1717920000000,0.0000441012
1717923600000,0.0000405982
1717927200000,0.000046583
1717930800000,0.0000417831
1717934400000,0.0000469969
1717938000000,0.00005499
1717941600000,0.0000483134
1717945200000,0.0000419223
1717948800000,0.0000204558
1717952400000,0.0000125
1717956000000,0.0000125
1717959600000,0.0000125
1717963200000,0.0000202766
1717966800000,0.0000125
1717970400000,0.0000161105
1717974000000,0.0000125
1717977600000,0.0000125
1717981200000,0.0000125
1717984800000,0.0000125
1717988400000,0.0000125
1717992000000,0.0000125
1717995600000,0.0000125
1717999200000,0.0000125
1718002800000,0.0000125
1718006400000,0.0000125
1718010000000,0.0000125
1718013600000,0.0000125
1718017200000,0.0000125
1718020800000,0.0000125
1718024400000,0.0000125
1718028000000,0.0000125
1718031600000,0.0000209552
1718035200000,0.0000418888
1718038800000,0.0000125
1718042400000,0.0000125
1718046000000,0.0000125
1718049600000,0.0000125
1718053200000,0.0000236341
1718056800000,0.0000169677
1718060400000,0.0000125
1718064000000,0.0000186873
1718067600000,0.0000125
1718071200000,0.0000125
1718074800000,0.0000125
1718078400000,0.0000125
1718082000000,0.0000125
1718085600000,0.0000125
1718089200000,0.0000125
1718092800000,0.0000125
1718096400000,0.0000125
1718100000000,0.0000125
1718103600000,0.0000206675
1718107200000,0.0000528183
1718110800000,0.0000530092
1718114400000,0.0000367544
1718118000000,0.0000433427
1718121600000,0.0000562219
1718125200000,0.0000599967
1718128800000,0.0000442895
1718132400000,0.0000832061
1718136000000,0.0000964106
1718139600000,0.0001106762
1718143200000,0.0001100749
1718146800000,0.0001192257
1718150400000,0.0000539257
1718154000000,0.0000331802
1718157600000,0.0000325941
1718161200000,0.0000620447
1718164800000,0.0000197491
1718168400000,0.0000485887
1718172000000,0.0000310615
1718175600000,0.0000277869
1718179200000,0.0000156974
1718182800000,0.0000126003
1718186400000,0.0000312085
1718190000000,0.0000461407
1718193600000,0.0000343556
1718197200000,0.0000125
1718200800000,0.0000125
1718204400000,0.0000125
1718208000000,0.0000125
1718211600000,0.0000125
1718215200000,0.0000125
1718218800000,0.0000125
1718222400000,0.0000125
1718226000000,0.0000464394
1718229600000,0.0000476584
1718233200000,0.0000125
1718236800000,0.0000125
1718240400000,0.0000125
1718244000000,0.0000125
1718247600000,0.0000125
1718251200000,0.0000125
1718254800000,0.0000125
1718258400000,0.0000139262
1718262000000,0.0000150419
1718265600000,0.0000350783
1718269200000,0.0000170459
1718272800000,0.0000125
1718276400000,0.0000125
1718280000000,0.0000125
1718283600000,0.0000219579
1718287200000,0.0000453969
1718290800000,0.0000686496
1718294400000,0.0000125
1718298000000,0.0000178828
1718301600000,0.0000345738
1718305200000,0.0000438659
1718308800000,0.00005716
1718312400000,0.0000754643
1718316000000,0.0000893022
1718319600000,0.000108574
1718323200000,0.0000711216
1718326800000,0.0000316015
1718330400000,0.0000125
1718334000000,0.0000125
1718337600000,0.0000125
1718341200000,0.0000186496
1718344800000,0.0000125
1718348400000,0.0000125
1718352000000,0.0000125
1718355600000,0.0000125
1718359200000,0.0000125
1718362800000,0.0000125
1718366400000,0.0000125
1718370000000,0.0000200907
1718373600000,0.0000258812
1718377200000,0.0000125
1718380800000,0.0000125
1718384400000,0.0000125
1718388000000,0.0000125
1718391600000,0.0000125
1718395200000,0.0000125
1718398800000,0.0000125
1718402400000,0.0000125
1718406000000,0.0000125
1718409600000,0.0000125
1718413200000,0.0000125
1718416800000,0.0000125
1718420400000,0.0000125
1718424000000,0.0000125
1718427600000,0.0000125
1718431200000,0.0000125
1718434800000,0.0000125
1718438400000,0.0000125
1718442000000,0.0000125
1718445600000,0.0000125
1718449200000,0.0000125
1718452800000,0.0000125
1718456400000,0.0000125
1718460000000,0.0000125
1718463600000,0.0000125
1718467200000,0.0000125
1718470800000,0.0000125
1718474400000,0.0000125
1718478000000,0.0000125
1718481600000,0.0000125
1718485200000,0.0000125
1718488800000,0.0000125
1718492400000,0.0000125
1718496000000,0.0000125
1718499600000,0.0000125
1718503200000,0.0000125
1718506800000,0.0000125
1718510400000,0.0000125
1718514000000,0.0000125
1718517600000,0.0000125
1718521200000,0.0000125
1718524800000,0.0000125
1718528400000,0.0000125
1718532000000,0.0000125
1718535600000,0.0000125
1718539200000,0.0000125
1718542800000,0.0000125
1718546400000,0.0000125
1718550000000,0.0000125
1718553600000,0.0000125
1718557200000,0.0000125
1718560800000,0.0000125
1718564400000,0.0000125
1718568000000,0.0000125
1718571600000,0.0000125
1718575200000,0.0000125
1718578800000,0.0000125
1718582400000,0.0000125
1718586000000,0.0000137528
1718589600000,0.0000125
1718593200000,0.0000125
1718596800000,0.0000125
1718600400000,0.0000125
1718604000000,0.0000125
1718607600000,0.0000220938
1718611200000,0.0000125
1718614800000,0.0000125
1718618400000,0.0000989677
1718622000000,0.0000125
1718625600000,0.0000125
1718629200000,0.0000166884
1718632800000,0.0000125
1718636400000,0.0000331953
1718640000000,0.0000356809
1718643600000,0.0000125
1718647200000,0.0000234771
1718650800000,0.0000501007
1718654400000,0.0000869711
1718658000000,0.0000125
1718661600000,0.0000125
1718665200000,0.0000155825
1718668800000,0.00002095
1718672400000,0.0000125
1718676000000,0.0000125
1718679600000,0.0000125
1718683200000,0.0000201671
1718686800000,0.0000295097
1718690400000,0.0000365948
1718694000000,0.0000373181
1718697600000,0.0000589054
1718701200000,0.0000336233
1718704800000,0.0000384252
1718708400000,0.0000317162
1718712000000,0.0000548322
1718715600000,0.0000125
1718719200000,0.0000286695
1718722800000,0.0000125
1718726400000,0.0000125
1718730000000,0.0000125
1718733600000,0.0000211257
1718737200000,0.0000125
1718740800000,0.0000125
1718744400000,0.000014802
1718748000000,0.0000413189
1718751600000,0.0000427894
1718755200000,0.0000174023
1718758800000,0.0000303715
1718762400000,0.0000125
1718766000000,0.0000125
1718769600000,0.0000125
1718773200000,0.0000125
1718776800000,0.0000125
1718780400000,0.0000332491
1718784000000,0.0000247339
1718787600000,0.0000125
1718791200000,0.0000125
1718794800000,0.0000125
1718798400000,0.0000169101
1718802000000,0.0000125
1718805600000,0.0000125
1718809200000,0.0000125
1718812800000,0.0000125
1718816400000,0.0000125
1718820000000,0.0000281979
1718823600000,0.0000317414
1718827200000,0.0000329281
1718830800000,0.0000358496
1718834400000,0.0000729402
1718838000000,0.0000527414
1718841600000,0.0000125
1718845200000,0.0000271902
1718848800000,0.0000397695
1718852400000,0.0000552303
1718856000000,0.0000676586
1718859600000,0.000048605
1718863200000,0.0000473099
1718866800000,0.000030042
1718870400000,0.0000125
1718874000000,0.0000125
1718877600000,0.0000125
1718881200000,0.0000125
1718884800000,0.0000125
1718888400000,0.0000125
1718892000000,0.0000125
1718895600000,0.0000125
1718899200000,0.0000125
1718902800000,0.0000125
1718906400000,0.0000125
1718910000000,0.0000125
1718913600000,0.0000178436
1718917200000,0.0000422949
1718920800000,0.0000227057
1718924400000,0.000039899
1718928000000,0.0000172986
1718931600000,0.0000125
1718935200000,0.0000267438
1718938800000,0.0000324196
1718942400000,0.0000125
1718946000000,0.0000125
1718949600000,0.0000335694
1718953200000,0.0000292452
1718956800000,0.0000125
1718960400000,0.0000125
1718964000000,0.0000125
1718967600000,0.0000125
1718971200000,0.0000125
1718974800000,0.0000125
1718978400000,0.0000125
1718982000000,0.0000125
1718985600000,0.0000125
1718989200000,0.0000125
1718992800000,0.0000125
1718996400000,0.0000125
1719000000000,0.0000125
1719003600000,0.0000125
1719007200000,0.0000125
1719010800000,0.0000125
1719014400000,0.0000125
1719018000000,0.0000125
1719021600000,0.0000125
1719025200000,0.0000125
1719028800000,0.0000125
1719032400000,0.0000125
1719036000000,0.0000125
1719039600000,0.0000125
1719043200000,0.0000125
1719046800000,0.0000125
1719050400000,0.0000125
1719054000000,0.0000125
1719057600000,0.0000125
1719061200000,0.0000125
1719064800000,0.0000125
1719068400000,0.0000125
1719072000000,0.0000125
1719075600000,0.0000125
1719079200000,0.0000125
1719082800000,0.0000125
1719086400000,0.0000125
1719090000000,0.0000125
1719093600000,0.0000125
1719097200000,0.0000125
1719100800000,0.0000125
1719104400000,0.0000125
1719108000000,0.0000125
1719111600000,0.0000125
1719115200000,0.0000125
1719118800000,0.0000169229
1719122400000,0.0000255847
1719126000000,0.000029893
1719129600000,0.0000277538
1719133200000,0.0000265987
1719136800000,0.0000125
1719140400000,0.0000125
1719144000000,0.0000125
1719147600000,0.0000125
1719151200000,0.0000125
1719154800000,0.0000125
1719158400000,0.0000125
1719162000000,0.0000053068
1719165600000,0.0000125
1719169200000,0.0000125
1719172800000,0.0000125
1719176400000,0.0000045772
1719180000000,-0.0000054606
1719183600000,0.0000003484
1719187200000,-0.0000091716
1719190800000,-0.0000088575
1719194400000,0.0000008813
1719198000000,-0.0000041453
1719201600000,0.0000110461
1719205200000,0.0000125
1719208800000,0.0000053922
1719212400000,0.0000125
1719216000000,0.0000125
1719219600000,0.0000125
1719223200000,-0.0000440166
1719226800000,-0.0000076151
1719230400000,-0.0000216768
1719234000000,0.0000080751
1719237600000,0.0000125
1719241200000,0.0000125
1719244800000,0.0000125
1719248400000,0.0000125
1719252000000,0.0000125
1719255600000,0.0000118695
1719259200000,0.0000125
1719262800000,0.0000125
1719266400000,0.0000125
1719270000000,0.0000125
1719273600000,0.0000125
1719277200000,0.0000125
1719280800000,0.0000125
1719284400000,0.0000125
1719288000000,0.0000144219
1719291600000,0.0000125
1719295200000,0.0000125
1719298800000,0.0000125
1719302400000,0.0000175061
1719306000000,0.0000125
1719309600000,0.0000125
1719313200000,0.0000125
1719316800000,0.0000125
1719320400000,0.0000125
1719324000000,0.0000125
1719327600000,0.0000125
1719331200000,0.0000125
1719334800000,0.0000125
1719338400000,0.0000125
1719342000000,0.0000125
1719345600000,0.0000125
1719349200000,0.0000125
1719352800000,0.0000125
1719356400000,0.0000125
1719360000000,0.0000125
1719363600000,0.0000125
1719367200000,0.0000125
1719370800000,0.0000125
1719374400000,0.0000125
1719378000000,0.0000125
1719381600000,0.0000125
1719385200000,0.0000125
1719388800000,0.0000125
1719392400000,0.0000125
1719396000000,0.0000125
1719399600000,0.0000125
1719403200000,0.0000125
1719406800000,0.0000125
1719410400000,0.0000125
1719414000000,0.0000125
1719417600000,0.0000125
1719421200000,0.0000125
1719424800000,0.0000125
1719428400000,0.0000125
1719432000000,0.0000125
1719435600000,0.0000125
1719439200000,0.0000125
1719442800000,0.0000125
1719446400000,0.0000125
1719450000000,0.0000125
1719453600000,0.0000125
1719457200000,0.0000125
1719460800000,0.0000125
1719464400000,0.0000125
1719468000000,0.0000125
1719471600000,0.0000125
1719475200000,0.0000125
1719478800000,0.0000125
1719482400000,0.0000125
1719486000000,0.0000125
1719489600000,0.0000125
1719493200000,0.0000125
1719496800000,0.0000125
1719500400000,0.0000125
1719504000000,0.0000125
1719507600000,0.0000125
1719511200000,0.0000125
1719514800000,0.0000125
1719518400000,0.0000354573
1719522000000,0.0000513105
1719525600000,0.0000814692
1719529200000,0.0000651089
1719532800000,0.000053479
1719536400000,0.0000248298
1719540000000,0.0000551316
1719543600000,0.0000170093
1719547200000,0.000039968
1719550800000,0.0000125
1719554400000,0.0000125
1719558000000,0.0000125
1719561600000,0.0000125
1719565200000,0.0000125
1719568800000,0.0000125
1719572400000,0.0000125
1719576000000,0.0000125
1719579600000,0.0000125
1719583200000,0.0000363127
1719586800000,0.0000125
1719590400000,0.0000125
1719594000000,0.0000125
1719597600000,0.0000125
1719601200000,0.0000125
1719604800000,0.0000125
1719608400000,0.0000125
1719612000000,0.0000125
1719615600000,0.0000125
1719619200000,0.0000125
1719622800000,0.0000431434
1719626400000,0.0000260045
1719630000000,0.000032684
1719633600000,0.0000125
1719637200000,0.0000125
1719640800000,0.0000125
1719644400000,0.0000125
1719648000000,0.0000294287
1719651600000,0.0000157349
1719655200000,0.0000338549
1719658800000,0.0000264069
1719662400000,0.0000415937
1719666000000,0.0000425084
1719669600000,0.0000139463
1719673200000,0.0000155419
1719676800000,0.0000125
1719680400000,0.0000125
1719684000000,0.0000125
1719687600000,0.0000125
1719691200000,0.0000125
1719694800000,0.0000125
1719698400000,0.0000125
1719702000000,0.0000125
1719705600000,0.0000125
1719709200000,0.0000125
1719712800000,0.0000125
1719716400000,0.0000125
1719720000000,0.0000125
1719723600000,0.0000125
1719727200000,0.0000125
1719730800000,0.0000125
1719734400000,0.0000125
1719738000000,0.0000125
1719741600000,0.0000125
1719745200000,0.0000125
1719748800000,0.0000125
1719752400000,0.0000125
1719756000000,0.0000125
1719759600000,0.0000125
1719763200000,0.0000125
1719766800000,0.000005417
1719770400000,0.0000125
1719774000000,0.0000125
1719777600000,0.0000125
1719781200000,0.0000125
1719784800000,0.0000125
1719788400000,0.0000125
1719792000000,0.000001412
1719795600000,0.0000125
1719799200000,0.0000125
1719802800000,0.0000125
1719806400000,0.0000125
1719810000000,0.0000125
1719813600000,0.0000125
1719817200000,0.0000125
1719820800000,0.0000125
1719824400000,0.0000125
1719828000000,0.0000125
1719831600000,0.0000125
1719835200000,0.0000125
1719838800000,0.0000125
1719842400000,0.0000125
1719846000000,0.0000125
1719849600000,0.0000125
1719853200000,0.0000125
1719856800000,0.0000125
1719860400000,0.0000125
1719864000000,0.0000125
1719867600000,0.0000125
1719871200000,0.0000125
1719874800000,0.0000125
1719878400000,0.0000125
1719882000000,0.0000125
1719885600000,0.0000125
1719889200000,0.0000125
1719892800000,0.0000125
1719896400000,0.0000125
1719900000000,0.0000125
1719903600000,0.0000125
1719907200000,0.0000125
1719910800000,0.0000125
1719914400000,0.0000125
1719918000000,0.0000125
1719921600000,0.0000125
1719925200000,0.0000125
1719928800000,0.0000125
1719932400000,0.0000125
1719936000000,0.0000125
1719939600000,0.0000125
1719943200000,0.0000125
1719946800000,0.0000125
1719950400000,0.0000125
1719954000000,0.0000125
1719957600000,0.0000125
1719961200000,0.0000125
1719964800000,0.0000125
1719968400000,0.0000125
1719972000000,0.0000125
1719975600000,0.0000125
1719979200000,0.0000125
1719982800000,0.0000125
1719986400000,0.0000125
1719990000000,0.0000125
1719993600000,0.0000125
1719997200000,0.0000125
1720000800000,0.0000169261
1720004400000,0.0000125
1720008000000,0.0000082625
1720011600000,0.0000034837
1720015200000,-0.0000049572
1720018800000,0.0000125
1720022400000,0.0000125
1720026000000,0.0000125
1720029600000,0.0000125
1720033200000,0.0000125
1720036800000,-0.00000706
1720040400000,0.0000023473
1720044000000,-0.0000223113
1720047600000,-0.0000483989
1720051200000,-0.0000421106
1720054800000,0.0000125
1720058400000,0.0000125
1720062000000,0.0000125
1720065600000,0.0000125
1720069200000,0.0000125
1720072800000,0.0000027189
1720076400000,0.0000125
1720080000000,0.0000125
1720083600000,0.0000125
1720087200000,0.0000125
1720090800000,0.0000044553
1720094400000,0.0000125
1720098000000,-0.0000001407
1720101600000,0.0000125
1720105200000,0.0000125
1720108800000,0.0000125
1720112400000,0.0000125
1720116000000,0.0000125
1720119600000,0.0000125
1720123200000,0.0000125
1720126800000,0.0000125
1720130400000,0.0000125
1720134000000,0.0000125
1720137600000,0.0000010505
1720141200000,-0.0000050366
1720144800000,0.0000005796
1720148400000,-0.0000131161
1720152000000,-0.000018404
1720155600000,0.0000125
1720159200000,0.0000125
1720162800000,0.0000125
1720166400000,0.0000125
1720170000000,0.0000125
1720173600000,0.0000125
1720177200000,0.0000125
1720180800000,0.0000125
1720184400000,0.0000125
1720188000000,0.0000125
1720191600000,0.0000125
1720195200000,0.0000125
1720198800000,0.0000004053
1720202400000,0.0000125
1720206000000,0.0000125
1720209600000,0.0000122883
1720213200000,-0.0000085882
1720216800000,0.0000125
1720220400000,0.0000090596
1720224000000,-0.0000047066
1720227600000,-0.0000095399
1720231200000,-0.0000090076
1720234800000,-0.0000288883
1720238400000,-0.0000351752
1720242000000,-0.0000336188
1720245600000,-0.0000223797
1720249200000,-0.0000245526
1720252800000,-0.0000188727
1720256400000,0.000004878
1720260000000,-0.0000056178
1720263600000,0.0000002655
1720267200000,0.0000125
1720270800000,0.0000125
1720274400000,0.0000125
1720278000000,0.0000125
1720281600000,0.0000125
1720285200000,0.0000125
1720288800000,0.0000125
1720292400000,0.0000025894
1720296000000,0.0000125
1720299600000,0.0000125
1720303200000,0.0000125
1720306800000,0.0000125
1720310400000,0.0000125
1720314000000,-0.0000044
1720317600000,-0.0000102999
1720321200000,-0.0000015362
1720324800000,0.0000046719
1720328400000,-0.0000073488
1720332000000,-0.0000041227
1720335600000,0.0000125
1720339200000,-0.0000098491
1720342800000,-0.0000107927
1720346400000,-0.0000256388
1720350000000,-0.0000255746
1720353600000,-0.000031787
1720357200000,-0.0000289809
1720360800000,-0.0000235404
1720364400000,0.00000622
1720368000000,0.0000021656
1720371600000,0.0000093438
1720375200000,0.0000125
1720378800000,0.0000125
1720382400000,-0.0000008878
1720386000000,0.00001092
1720389600000,-0.0000295094
1720393200000,-0.0000344226
1720396800000,-0.0000318618
1720400400000,-0.0000060099
1720404000000,-0.0000355916
1720407600000,-0.0000432906
1720411200000,-0.000049588
1720414800000,-0.0000333709
1720418400000,-0.0000512905
1720422000000,0.0000125
1720425600000,0.0000125
1720429200000,0.0000125
1720432800000,0.0000125
1720436400000,-0.0000003305
1720440000000,0.0000097111
1720443600000,0.0000064149
1720447200000,0.0000125
1720450800000,0.0000125
1720454400000,0.0000125
1720458000000,0.0000125
1720461600000,0.0000125
1720465200000,0.0000125
1720468800000,0.0000125
1720472400000,0.0000125
1720476000000,0.0000125
1720479600000,0.000015342
1720483200000,0.0000125
1720486800000,0.0000125
1720490400000,0.0000125
1720494000000,0.0000125
1720497600000,0.0000125
1720501200000,0.0000125
1720504800000,0.0000125
1720508400000,0.0000125
1720512000000,0.0000125
1720515600000,0.0000125
1720519200000,0.0000125
1720522800000,0.0000125
1720526400000,0.0000125
1720530000000,0.0000125
1720533600000,0.0000125
1720537200000,0.0000125
1720540800000,0.0000125
1720544400000,0.0000125
1720548000000,0.0000125
1720551600000,0.0000125
1720555200000,0.0000125
1720558800000,0.0000125
1720562400000,0.0000125
1720566000000,0.0000125
1720569600000,0.0000125
1720573200000,0.0000125
1720576800000,0.0000125
1720580400000,0.0000125
1720584000000,0.0000125
1720587600000,0.0000125
1720591200000,0.0000125
1720594800000,0.0000125
1720598400000,0.0000125
1720602000000,0.0000125
1720605600000,0.0000125
1720609200000,0.0000000593
1720612800000,0.0000125
1720616400000,0.0000042088
1720620000000,-0.0000084398
1720623600000,0.0000110304
1720627200000,0.0000039566
1720630800000,0.0000125
1720634400000,0.0000125
1720638000000,0.0000125
1720641600000,0.0000125
1720645200000,0.0000125
1720648800000,-0.0000010139
1720652400000,0.0000125
1720656000000,0.0000125
1720659600000,-0.0000063716
1720663200000,-0.0000052348
1720666800000,-0.0000136388
1720670400000,-0.0000284398
1720674000000,-0.000001817
1720677600000,0.0000125
1720681200000,-0.0000222572
1720684800000,0.0000125
1720688400000,0.0000125
1720692000000,0.0000125
1720695600000,0.0000125
1720699200000,0.0000125
1720702800000,0.0000125
1720706400000,0.0000125
1720710000000,-0.0000012256
1720713600000,0.0000030582
1720717200000,0.0000125
1720720800000,0.0000125
1720724400000,0.0000125
1720728000000,0.0000125
1720731600000,-0.0000010466
1720735200000,0.0000059971
1720738800000,0.0000033702
1720742400000,-0.0000136866
1720746000000,0.0000094465
1720749600000,-0.0000126159
1720753200000,0.0000036798
1720756800000,-0.0000235914
1720760400000,-0.0000285576
1720764000000,0.000003935
1720767600000,0.0000125
1720771200000,-0.0000118499
1720774800000,0.0000125
1720778400000,0.0000123358
1720782000000,-0.000000572
1720785600000,0.0000085862
1720789200000,0.0000052979
1720792800000,0.0000125
1720796400000,0.0000125
1720800000000,0.0000125
1720803600000,0.0000125
1720807200000,0.0000125
1720810800000,0.0000125
1720814400000,0.0000125
1720818000000,0.0000125
1720821600000,0.0000125
1720825200000,0.0000125
1720828800000,0.0000125
1720832400000,0.0000125
1720836000000,0.0000125
1720839600000,0.000009585
1720843200000,0.0000125
1720846800000,0.0000119802
1720850400000,0.0000125
1720854000000,0.0000125
1720857600000,0.0000125
1720861200000,0.0000125
1720864800000,0.0000125
1720868400000,0.0000125
1720872000000,0.0000125
1720875600000,0.0000125
1720879200000,0.0000125
1720882800000,0.0000125
1720886400000,0.0000125
1720890000000,0.0000125
1720893600000,0.0000125
1720897200000,0.0000125
1720900800000,0.0000125
1720904400000,0.0000125
1720908000000,0.0000125
1720911600000,0.0000125
1720915200000,0.0000125
1720918800000,0.0000125
1720922400000,0.0000125
1720926000000,0.0000125
1720929600000,0.0000125
1720933200000,0.0000125
1720936800000,0.0000125
1720940400000,0.0000125
1720944000000,0.0000125
1720947600000,0.0000125
1720951200000,0.0000125
1720954800000,0.0000125
1720958400000,0.0000125
1720962000000,0.0000125
1720965600000,0.0000125
1720969200000,0.0000125
1720972800000,0.0000125
1720976400000,0.0000125
1720980000000,0.0000125
1720983600000,0.0000125
1720987200000,0.0000125
1720990800000,0.0000125
1720994400000,0.0000125
1720998000000,0.0000125
1721001600000,0.0000125
1721005200000,0.0000125
1721008800000,0.0000125
1721012400000,0.0000125
1721016000000,0.0000125
1721019600000,0.0000125
1721023200000,0.0000125
1721026800000,0.0000125
1721030400000,0.0000125
1721034000000,0.0000125
1721037600000,0.0000125
1721041200000,0.0000125
1721044800000,0.0000125
1721048400000,0.0000194669
1721052000000,0.0000274513
1721055600000,0.0000125
1721059200000,0.0000125
1721062800000,0.0000125
1721066400000,0.0000125
1721070000000,0.0000125
1721073600000,0.0000125
1721077200000,0.0000125
1721080800000,0.0000125
1721084400000,0.0000125
1721088000000,0.0000125
1721091600000,0.0000125
1721095200000,0.0000125
1721098800000,0.0000125
1721102400000,0.0000125
1721106000000,0.0000125
1721109600000,0.0000125
1721113200000,0.0000125
1721116800000,0.0000125
1721120400000,0.0000125
1721124000000,0.0000125
1721127600000,0.0000125
1721131200000,0.0000125
1721134800000,0.0000125
1721138400000,0.0000125
1721142000000,0.0000125
1721145600000,0.0000216028
1721149200000,0.0000365341
1721152800000,0.0000196646
1721156400000,0.0000429236
1721160000000,0.0000201875
1721163600000,0.0000125
1721167200000,0.0000125
1721170800000,0.0000125
1721174400000,0.0000125
1721178000000,0.0000125
1721181600000,0.0000368804
1721185200000,0.0000125
1721188800000,0.0000125
1721192400000,0.0000125
1721196000000,0.0000125
1721199600000,0.0000125
1721203200000,0.0000125
1721206800000,0.0000125
1721210400000,0.00001334
1721214000000,0.0000125
1721217600000,0.0000125
1721221200000,0.0000125
1721224800000,0.0000125
1721228400000,0.0000125
1721232000000,0.0000125
1721235600000,0.0000125
1721239200000,0.0000125
1721242800000,0.0000125
1721246400000,0.0000125
1721250000000,0.0000125
1721253600000,0.0000125
1721257200000,0.0000125
1721260800000,0.0000125
1721264400000,0.0000125
1721268000000,0.0000125
1721271600000,0.0000125
1721275200000,0.0000125
1721278800000,0.0000125
1721282400000,0.0000125
1721286000000,0.0000242692
1721289600000,0.000029928
1721293200000,0.0000293142
1721296800000,0.0000455437
1721300400000,0.0000125
1721304000000,0.0000125
1721307600000,0.0000125
1721311200000,0.0000125
1721314800000,0.0000125
1721318400000,0.0000125
1721322000000,0.0000125
1721325600000,0.0000125
1721329200000,0.0000125
1721332800000,0.0000125
1721336400000,0.0000125
1721340000000,0.0000125
1721343600000,0.0000143478
1721347200000,0.0000383133
1721350800000,0.0000125
1721354400000,0.0000125
1721358000000,0.0000125
1721361600000,0.0000125
1721365200000,0.0000183732
1721368800000,0.0000261872
1721372400000,0.0000125
1721376000000,0.0000125
1721379600000,0.0000125
1721383200000,0.0000125
1721386800000,0.0000125
1721390400000,0.0000125
1721394000000,0.0000125
1721397600000,0.0000166515
1721401200000,0.0000125
1721404800000,0.0000125
1721408400000,0.0000125
1721412000000,0.0000125
1721415600000,0.0000125
1721419200000,0.0000125
1721422800000,0.0000190468
1721426400000,0.0000328229
1721430000000,0.0000354073
1721433600000,0.0000125
1721437200000,0.0000125
1721440800000,0.0000276806
1721444400000,0.0000268908
1721448000000,0.0000347311
1721451600000,0.000027157
1721455200000,0.0000125
1721458800000,0.0000125
1721462400000,0.0000133012
1721466000000,0.0000125
1721469600000,0.0000234824
1721473200000,0.0000239391
1721476800000,0.0000192839
1721480400000,0.0000185296
1721484000000,0.0000144174
1721487600000,0.0000186654
1721491200000,0.0000125
1721494800000,0.0000230488
1721498400000,0.0000125
1721502000000,0.0000261977
1721505600000,0.0000426991
1721509200000,0.0000538859
1721512800000,0.0000641276
1721516400000,0.0000229596
1721520000000,0.0000565358
1721523600000,0.0000395634
1721527200000,0.0000518234
1721530800000,0.0000486271
1721534400000,0.0000368576
1721538000000,0.0000216955
1721541600000,0.0000192942
1721545200000,0.0000225485
1721548800000,0.0000205759
1721552400000,0.0000193123
1721556000000,0.000026649
1721559600000,0.000030162
1721563200000,0.0000133327
1721566800000,0.0000309448
1721570400000,0.0000132266
1721574000000,0.0000355907
1721577600000,0.0000467137
1721581200000,0.000054358
1721584800000,0.0000505602
1721588400000,0.0000600591
1721592000000,0.0000658979
1721595600000,0.0000761628
1721599200000,0.0000878065
1721602800000,0.0000851202
1721606400000,0.0000307281
1721610000000,0.0000363638
1721613600000,0.0000159656
1721617200000,0.0000125
1721620800000,0.0000212459
1721624400000,0.0000286284
1721628000000,0.0000274971
1721631600000,0.0000236155
1721635200000,0.0000294388
1721638800000,0.0000125
1721642400000,0.0000125
1721646000000,0.0000125
1721649600000,0.0000207849
1721653200000,0.0000295383
1721656800000,0.0000198998
1721660400000,0.0000125
1721664000000,0.0000192318
1721667600000,0.0000278166
1721671200000,0.0000365079
1721674800000,0.0000144279
1721678400000,0.0000328459
1721682000000,0.0000199502
1721685600000,0.0000128475
1721689200000,0.0000125
1721692800000,0.0000125
1721696400000,0.0000201089
1721700000000,0.0000125
1721703600000,0.000015791
1721707200000,0.0000270892
1721710800000,0.0000125
1721714400000,0.0000125
1721718000000,0.0000125
1721721600000,0.0000125
1721725200000,0.0000125
1721728800000,0.0000125
1721732400000,0.0000125
1721736000000,0.0000125
1721739600000,0.0000125
1721743200000,0.0000125
1721746800000,0.0000125
1721750400000,0.0000125
1721754000000,0.0000125
1721757600000,0.0000125
1721761200000,0.0000125
1721764800000,0.0000125
1721768400000,0.0000125
1721772000000,0.0000125
1721775600000,0.0000260599
1721779200000,0.0000275313
1721782800000,0.0000245054
1721786400000,0.0000243997
1721790000000,0.0000125
1721793600000,0.0000125
1721797200000,0.0000125
1721800800000,0.0000125
1721804400000,0.0000125
1721808000000,0.0000125
1721811600000,0.0000125
1721815200000,0.0000125
1721818800000,0.0000125
1721822400000,0.0000125
1721826000000,0.0000125
1721829600000,0.0000125
1721833200000,0.0000289558
1721836800000,0.0000161512
1721840400000,0.0000325508
1721844000000,0.000039885
1721847600000,0.0000125
1721851200000,0.0000125
1721854800000,0.0000125
1721858400000,0.0000125
1721862000000,0.0000125
1721865600000,0.0000125
1721869200000,0.0000125
1721872800000,0.0000125
1721876400000,0.0000125
1721880000000,0.0000125
1721883600000,0.0000125
1721887200000,0.0000125
1721890800000,0.0000125
1721894400000,0.0000157572
1721898000000,0.0000125
1721901600000,0.0000125
1721905200000,0.0000125
1721908800000,0.0000125
1721912400000,0.0000125
1721916000000,0.0000125
1721919600000,0.0000125
1721923200000,0.0000125
1721926800000,0.0000166784
1721930400000,0.0000125
1721934000000,0.0000125
1721937600000,0.0000125
1721941200000,0.0000125
1721944800000,0.0000125
1721948400000,0.0000125
1721952000000,0.0000125
1721955600000,0.0000311595
1721959200000,0.0000200077
1721962800000,0.0000125
1721966400000,0.0000125
1721970000000,0.0000323801
1721973600000,0.0000226915
1721977200000,0.0000125
1721980800000,0.0000125
1721984400000,0.0000125
1721988000000,0.0000125
1721991600000,0.0000125
1721995200000,0.0000125
1721998800000,0.0000125
1722002400000,0.0000125
1722006000000,0.0000125
1722009600000,0.0000125
1722013200000,0.0000125
1722016800000,0.0000125
1722020400000,0.0000125
1722024000000,0.0000125
1722027600000,0.0000209955
1722031200000,0.0000125
1722034800000,0.0000125
1722038400000,0.0000125
1722042000000,0.0000125
1722045600000,0.0000130806
1722049200000,0.0000125
1722052800000,0.0000157739
1722056400000,0.0000325985
1722060000000,0.0000496879
1722063600000,0.0000557387
1722067200000,0.0000606051
1722070800000,0.0000327527
1722074400000,0.0000461924
1722078000000,0.0000125
1722081600000,0.0000125
1722085200000,0.0000125
1722088800000,0.0000125
1722092400000,0.0000125
1722096000000,0.0000125
1722099600000,0.0000125
1722103200000,0.0000125
1722106800000,0.0000125
1722110400000,0.0000125
1722114000000,0.0000125
1722117600000,0.000040289
1722121200000,0.0000464427
1722124800000,0.0000143069
1722128400000,0.000023848
1722132000000,0.000061399
1722135600000,0.0000620024
1722139200000,0.0000376354
1722142800000,0.0000250977
1722146400000,0.0000125
1722150000000,0.0000132013
1722153600000,0.0000125
1722157200000,0.0000125
1722160800000,0.0000125
1722164400000,0.0000125
1722168000000,0.0000125
1722171600000,0.0000232918
1722175200000,0.0000302256
1722178800000,0.0000125
1722182400000,0.0000125
1722186000000,0.0000125
1722189600000,0.0000182655
1722193200000,0.0000552913
1722196800000,0.0000377611
1722200400000,0.0000155994
1722204000000,0.0000317679
1722207600000,0.0000508412
1722211200000,0.0000789477
1722214800000,0.0000932984
1722218400000,0.0000944571
1722222000000,0.0000789057
1722225600000,0.0000622053
1722229200000,0.00007
1722232800000,0.0000809705
1722236400000,0.0000517332
1722240000000,0.0000269121
1722243600000,0.0000125
1722247200000,0.0000125
1722250800000,0.0000125
1722254400000,0.0000134262
1722258000000,0.0000169247
1722261600000,0.0000125
1722265200000,0.0000241403
1722268800000,0.0000319949
1722272400000,0.0000303346
1722276000000,0.0000555265
1722279600000,0.0001045349
1722283200000,0.0000961306
1722286800000,0.00007412
1722290400000,0.0000264018
1722294000000,0.0000125
1722297600000,0.0000125
1722301200000,0.0000125
1722304800000,0.0000125
1722308400000,0.0000125
1722312000000,0.0000125
1722315600000,0.0000259433
1722319200000,0.0000125
1722322800000,0.0000125
1722326400000,0.0000125
1722330000000,0.0000133704
1722333600000,0.0000125
1722337200000,0.0000125
1722340800000,0.0000125
1722344400000,0.0000125
1722348000000,0.0000125
1722351600000,0.0000125
1722355200000,0.0000125
1722358800000,0.0000125
1722362400000,0.0000125
1722366000000,0.0000125
1722369600000,0.0000125
1722373200000,0.0000125
1722376800000,0.0000125
1722380400000,0.0000125
1722384000000,0.0000125
1722387600000,0.0000125
1722391200000,0.0000125
1722394800000,0.0000125
1722398400000,0.0000125
1722402000000,0.0000125
1722405600000,0.0000125
1722409200000,0.0000125
1722412800000,0.0000125
1722416400000,0.0000125
1722420000000,0.0000125
1722423600000,0.0000125
1722427200000,0.0000125
1722430800000,0.0000125
1722434400000,0.0000125
1722438000000,0.0000125
1722441600000,0.0000125
1722445200000,0.0000125
1722448800000,0.0000125
1722452400000,0.0000125
1722456000000,0.0000125
1722459600000,0.0000125
1722463200000,0.0000125
1722466800000,0.0000125
1722470400000,0.0000125
1722474000000,0.0000125
1722477600000,0.0000125
1722481200000,0.0000125
1722484800000,0.0000125
1722488400000,0.0000125
1722492000000,0.0000125
1722495600000,0.0000125
1722499200000,0.0000125
1722502800000,0.000012974
1722506400000,0.0000125
1722510000000,0.0000131894
1722513600000,0.0000156722
1722517200000,0.0000266158
1722520800000,0.0000125
1722524400000,0.0000125
1722528000000,0.000024733
1722531600000,0.0000490869
1722535200000,0.0000332674
1722538800000,0.0000501467
1722542400000,0.0000542708
1722546000000,0.000056755
1722549600000,0.0000142969
1722553200000,0.0000125
1722556800000,0.0000125
1722560400000,0.0000125
1722564000000,0.0000125
1722567600000,0.0000125
1722571200000,0.0000125
1722574800000,0.0000125
1722578400000,0.0000125
1722582000000,0.0000125
1722585600000,0.0000125
1722589200000,0.0000125
1722592800000,0.0000125
1722596400000,0.0000125
1722600000000,0.0000125
1722603600000,0.0000125
1722607200000,0.0000125
1722610800000,0.0000125
1722614400000,0.0000125
1722618000000,0.0000125
1722621600000,0.0000125
1722625200000,0.0000143242
1722628800000,0.0000125
1722632400000,0.0000125
1722636000000,0.0000125
1722639600000,0.0000125
1722643200000,0.0000125
1722646800000,0.0000125
1722650400000,0.0000125
1722654000000,0.0000125
1722657600000,0.0000125
1722661200000,0.0000125
1722664800000,0.0000125
1722668400000,0.000021946
1722672000000,0.0000192178
1722675600000,0.0000125
1722679200000,0.0000125
1722682800000,0.0000340263
1722686400000,0.0000338329
1722690000000,0.0000125
1722693600000,0.0000125
1722697200000,0.0000125
1722700800000,0.0000125
1722704400000,0.0000125
1722708000000,0.0000125
1722711600000,0.0000125
1722715200000,0.0000125
1722718800000,0.0000125
1722722400000,0.0000125
1722726000000,0.0000125
1722729600000,0.0000125
1722733200000,0.0000125
1722736800000,0.0000125
1722740400000,0.0000125
1722744000000,0.0000125
1722747600000,0.0000125
1722751200000,0.0000125
1722754800000,0.0000125
1722758400000,0.0000125
1722762000000,0.0000125
1722765600000,0.0000125
1722769200000,0.0000125
1722772800000,0.0000125
1722776400000,0.0000143187
1722780000000,0.000019242
1722783600000,0.0000125
1722787200000,0.0000229253
1722790800000,0.0000125
1722794400000,0.0000286744
1722798000000,0.0000416752
1722801600000,0.0000219946
1722805200000,0.0000172728
1722808800000,0.0000134679
1722812400000,0.0000184295
1722816000000,0.0000125
1722819600000,0.0000125
1722823200000,0.0000125
1722826800000,0.0000125
1722830400000,0.0000125
1722834000000,0.0000125
1722837600000,0.0000125
1722841200000,0.0000125
1722844800000,0.0000243376
1722848400000,0.0000126759
1722852000000,0.0000138413
1722855600000,0.0000125
1722859200000,0.0000125
1722862800000,0.0000125
1722866400000,0.0000125
1722870000000,0.0000125
1722873600000,0.0000125
1722877200000,0.0000125
1722880800000,0.0000125
1722884400000,0.0000125
1722888000000,0.0000125
1722891600000,0.0000125
1722895200000,0.0000125
1722898800000,0.0000125
1722902400000,0.0000125
1722906000000,0.0000125
1722909600000,0.0000125
1722913200000,0.0000125
1722916800000,0.0000125
1722920400000,0.0000125
1722924000000,0.0000125
1722927600000,0.0000125
1722931200000,0.0000125
1722934800000,0.0000125
1722938400000,0.0000125
1722942000000,0.0000125
1722945600000,0.0000125
1722949200000,0.0000125
1722952800000,0.0000125
1722956400000,0.0000125
1722960000000,0.0000125
1722963600000,0.0000125
1722967200000,0.0000125
1722970800000,0.0000125
1722974400000,0.0000125
1722978000000,0.0000125
1722981600000,0.0000125
1722985200000,0.0000125
1722988800000,0.0000090122
1722992400000,0.0000125
1722996000000,0.0000125
1722999600000,0.0000125
1723003200000,0.0000125
1723006800000,0.0000125
1723010400000,0.0000125
1723014000000,0.0000125
1723017600000,0.0000125
1723021200000,0.0000125
1723024800000,0.0000125
1723028400000,0.0000125
1723032000000,0.0000125
1723035600000,0.0000125
1723039200000,0.0000125
1723042800000,0.0000125
1723046400000,-0.0000002973
1723050000000,0.0000105573
1723053600000,-0.0000101817
1723057200000,0.0000085659
1723060800000,0.0000125
1723064400000,0.0000125
1723068000000,0.0000054475
1723071600000,0.0000080464
1723075200000,0.0000125
1723078800000,0.0000030431
1723082400000,0.0000125
1723086000000,0.0000125
1723089600000,0.0000125
1723093200000,0.0000125
1723096800000,0.0000125
1723100400000,0.0000125
1723104000000,0.0000125
1723107600000,0.0000125
1723111200000,0.0000125
1723114800000,0.0000125
1723118400000,0.0000125
1723122000000,0.0000050606
1723125600000,0.0000033134
1723129200000,0.0000065873
1723132800000,-0.0000182522
1723136400000,-0.0000164483
1723140000000,-0.0000031669
1723143600000,0.0000061585
1723147200000,-0.0000109354
1723150800000,-0.0000067167
1723154400000,0.0000073557
1723158000000,0.0000125
1723161600000,-0.0000072717
1723165200000,-0.000005038
1723168800000,-0.0000172528
1723172400000,-0.0000242
1723176000000,-0.0000095989
1723179600000,0.0000003032
1723183200000,0.0000052896
1723186800000,-0.0000054669
1723190400000,0.0000088057
1723194000000,0.0000048906
1723197600000,-0.0000218996
1723201200000,-0.0000009922
1723204800000,0.0000125
1723208400000,-0.0000016357
1723212000000,0.0000102346
1723215600000,-0.0000193809
1723219200000,-0.0000200334
1723222800000,0.0000125
1723226400000,0.0000125
1723230000000,0.0000089711
1723233600000,0.0000125
1723237200000,-0.0000001195
1723240800000,0.0000125
1723244400000,0.0000125
1723248000000,0.0000125
1723251600000,0.0000125
1723255200000,0.0000125
1723258800000,0.0000125
1723262400000,0.0000125
1723266000000,0.0000125
1723269600000,0.0000125
1723273200000,0.0000055178
1723276800000,0.0000125
1723280400000,0.0000125
1723284000000,0.0000125
1723287600000,0.0000125
1723291200000,0.0000125
1723294800000,0.0000125
1723298400000,0.0000125
1723302000000,0.0000125
1723305600000,0.0000125
1723309200000,0.0000125
1723312800000,0.0000125
1723316400000,0.0000125
1723320000000,0.0000125
1723323600000,0.0000125
1723327200000,0.0000125
1723330800000,0.0000125
1723334400000,0.0000125
1723338000000,0.0000125
1723341600000,0.0000125
1723345200000,0.0000136609
1723348800000,0.0000280237
1723352400000,0.0000125
1723356000000,0.0000125
1723359600000,0.0000125
1723363200000,0.0000125
1723366800000,0.0000125
1723370400000,0.0000125
1723374000000,0.0000125
1723377600000,0.0000125
1723381200000,0.0000153266
1723384800000,0.0000166494
1723388400000,0.0000125
1723392000000,0.0000125
1723395600000,0.0000125
1723399200000,0.0000125
1723402800000,0.0000135403
1723406400000,0.0000125
1723410000000,0.0000125
1723413600000,0.0000125
1723417200000,0.0000125
1723420800000,0.0000125
1723424400000,0.0000125
1723428000000,0.0000125
1723431600000,0.0000125
1723435200000,0.0000125
1723438800000,0.0000125
1723442400000,0.0000125
1723446000000,0.0000125
1723449600000,0.0000125
1723453200000,0.0000125
1723456800000,0.0000125
1723460400000,0.0000125
1723464000000,0.0000125
1723467600000,0.0000125
1723471200000,0.0000125
1723474800000,0.0000125
1723478400000,0.0000125
1723482000000,0.0000125
1723485600000,0.0000125
1723489200000,0.0000125
1723492800000,0.0000125
1723496400000,0.0000125
1723500000000,0.0000125
1723503600000,0.0000125
1723507200000,0.0000125
1723510800000,0.0000125
1723514400000,0.0000125
1723518000000,0.0000125
1723521600000,0.0000125
1723525200000,0.0000125
1723528800000,0.0000125
1723532400000,0.0000125
1723536000000,0.0000125
1723539600000,0.0000125
1723543200000,0.0000125
1723546800000,0.0000125
1723550400000,0.0000125
1723554000000,0.0000125
1723557600000,0.0000125
1723561200000,0.0000125
1723564800000,0.0000125
1723568400000,0.0000125
1723572000000,0.0000125
1723575600000,0.0000125
1723579200000,0.0000125
1723582800000,0.0000125
1723586400000,0.0000125
1723590000000,0.0000125
1723593600000,0.0000125
1723597200000,0.0000125
1723600800000,0.0000125
1723604400000,0.0000125
1723608000000,0.0000125
1723611600000,0.0000125
1723615200000,0.0000125
1723618800000,0.0000125
1723622400000,0.0000125
1723626000000,0.0000125
1723629600000,0.0000125
1723633200000,0.0000125
1723636800000,0.0000125
1723640400000,0.0000125
1723644000000,0.0000125
1723647600000,0.0000125
1723651200000,0.0000125
1723654800000,0.0000125
1723658400000,0.0000125
1723662000000,0.0000280245
1723665600000,0.000017866
1723669200000,0.000035269
1723672800000,0.0000248876
1723676400000,0.0000151326
1723680000000,0.0000292589
1723683600000,0.0000273397
1723687200000,0.0000214085
1723690800000,0.0000125
1723694400000,0.0000200985
1723698000000,0.0000125
1723701600000,0.0000125
1723705200000,0.0000125
1723708800000,0.0000125
1723712400000,0.0000125
1723716000000,0.0000125
1723719600000,0.0000125
1723723200000,0.0000125
1723730400000,0.0000125
1723734000000,0.0000125
1723737600000,0.0000125
1723741200000,0.0000125
1723744800000,0.0000125
1723748400000,0.0000125
1723752000000,0.0000125
1723755600000,0.0000125
1723759200000,0.0000125
1723762800000,0.0000125
1723766400000,0.0000125
1723770000000,0.0000125
1723773600000,0.0000125
1723777200000,0.0000125
1723780800000,0.0000125
1723784400000,0.0000125
1723788000000,0.0000125
1723791600000,0.0000125
1723795200000,0.0000125
1723798800000,0.0000125
1723802400000,0.0000125
1723806000000,0.0000125
1723809600000,0.0000125
1723813200000,-0.0000487743
1723816800000,-0.0000292105
1723820400000,-0.0000190278
1723824000000,-0.0000217168
1723827600000,-0.0000044284
1723831200000,0.0000098515
1723834800000,0.0000125
1723838400000,0.0000125
1723842000000,0.0000068351
1723845600000,0.0000125
1723849200000,0.0000125
1723852800000,0.0000125
1723856400000,0.0000125
1723860000000,0.0000125
1723863600000,0.0000125
1723867200000,0.0000125
1723870800000,0.0000125
1723874400000,0.0000125
1723878000000,0.0000125
1723881600000,0.0000125
1723885200000,0.0000125
1723888800000,0.0000125
1723892400000,0.0000125
1723896000000,0.0000125
1723899600000,0.0000125
1723903200000,0.0000125
1723906800000,0.0000125
1723910400000,0.0000125
1723914000000,0.0000125
1723917600000,0.0000125
1723921200000,0.0000125
1723924800000,0.0000125
1723928400000,-0.0000087822
1723932000000,-0.0000131276
1723935600000,-0.0000085603
1723939200000,0.0000125
1723942800000,0.0000125
1723946400000,0.0000125
1723950000000,0.0000125
1723953600000,0.0000125
1723957200000,0.0000009162
1723960800000,0.0000125
1723964400000,0.0000125
1723968000000,0.0000125
1723971600000,0.0000125
1723975200000,0.0000125
1723978800000,0.0000125
1723982400000,0.0000125
1723986000000,0.0000125
1723989600000,0.0000125
1723993200000,0.0000125
1723996800000,0.0000125
1724000400000,0.0000125
1724004000000,0.0000125
1724007600000,0.0000125
1724011200000,0.0000125
1724014800000,0.0000125
1724018400000,0.0000125
1724022000000,0.0000113855
1724025600000,0.0000079823
1724029200000,0.0000125
1724032800000,0.0000106033
1724036400000,0.0000125
1724040000000,0.0000125
1724043600000,0.0000125
1724047200000,0.0000097772
1724050800000,-0.0000052617
1724054400000,0.0000033393
1724058000000,-0.0000030281
1724061600000,-0.0000053921
1724065200000,0.0000125
1724068800000,0.0000125
1724072400000,0.0000125
1724076000000,0.0000125
1724079600000,0.0000125
1724083200000,0.0000125
1724086800000,0.0000125
1724090400000,0.0000125
1724094000000,0.0000108526
1724097600000,0.0000104948
1724101200000,0.0000125
1724104800000,0.0000125
1724108400000,0.0000125
1724112000000,0.0000125
1724115600000,0.0000125
1724119200000,0.0000067726
1724122800000,0.0000062174
1724126400000,0.0000125
1724130000000,0.0000125
1724133600000,0.0000125
1724137200000,0.0000125
1724140800000,0.0000086927
1724144400000,0.0000051183
1724148000000,0.0000089643
1724151600000,0.0000125
1724155200000,0.0000063483
1724158800000,0.0000125
1724162400000,0.0000102652
1724166000000,0.0000044845
1724169600000,0.0000125
1724173200000,0.0000125
1724176800000,0.0000125
1724180400000,0.0000125
1724184000000,0.0000125
1724187600000,0.0000125
1724191200000,-0.0000060371
1724194800000,0.0000051626
1724198400000,-0.000001844
1724202000000,-0.0000058299
1724205600000,-0.0000026121
1724209200000,0.0000067275
1724212800000,0.0000125
1724216400000,0.0000125
1724220000000,0.0000125
1724223600000,0.0000125
1724227200000,0.0000125
1724230800000,0.0000125
1724234400000,0.0000125
1724238000000,0.0000125
1724241600000,0.0000125
1724245200000,0.0000125
1724248800000,0.0000125
1724252400000,0.0000125
1724256000000,0.0000125
1724259600000,0.0000125
1724263200000,0.0000125
1724266800000,0.0000125
1724270400000,0.0000125
1724274000000,0.0000125
1724277600000,0.0000125
1724281200000,0.0000125
1724284800000,0.0000125
1724288400000,0.0000125
1724292000000,0.0000125
1724295600000,0.0000125
1724299200000,0.0000125
1724302800000,0.0000125
1724306400000,0.0000125
1724310000000,0.0000125
1724313600000,0.0000125
1724317200000,0.0000125
1724320800000,0.0000125
1724324400000,0.0000125
1724328000000,0.0000125
1724331600000,0.0000125
1724335200000,0.0000125
1724338800000,0.0000125
1724342400000,0.0000125
1724346000000,0.0000125
1724349600000,0.0000125
1724353200000,0.0000223634
1724356800000,0.0000125
1724360400000,0.0000125
1724364000000,0.0000125
1724367600000,0.0000125
1724371200000,0.0000125
1724374800000,0.0000125
1724378400000,0.0000125
1724382000000,0.0000125
1724385600000,0.0000125
1724389200000,0.0000125
1724392800000,0.0000125
1724396400000,0.0000125
1724400000000,0.0000125
1724403600000,0.0000125
1724407200000,0.0000125
1724410800000,0.0000125
1724414400000,0.0000125
1724418000000,0.0000125
1724421600000,0.0000125
1724425200000,0.0000125
1724428800000,0.0000125
1724432400000,0.0000125
1724436000000,0.0000125
1724439600000,0.0000125
1724443200000,0.0000272291
1724446800000,0.000027791
1724450400000,0.0000295103
1724454000000,0.0000447618
1724457600000,0.0000125
1724461200000,0.000016216
1724464800000,0.0000144333
1724468400000,0.0000125
1724472000000,0.0000222792
1724475600000,0.0000125
1724479200000,0.0000378921
1724482800000,0.0000441247
1724486400000,0.000039985
1724490000000,0.0000359343
1724493600000,0.00003741
1724497200000,0.0000168598
1724500800000,0.0000132724
1724504400000,0.0000125
1724508000000,0.0000125
1724511600000,0.0000125
1724515200000,0.0000125
1724518800000,0.0000125
1724522400000,0.0000125
1724526000000,0.0000125
1724529600000,0.0000463528
1724533200000,0.0000207464
1724536800000,0.0000263961
1724540400000,0.0000150045
1724544000000,0.0000125
1724547600000,0.0000196152
1724551200000,0.0000416261
1724554800000,0.0000188186
1724558400000,0.0000125
1724562000000,0.0000125
1724565600000,0.0000367727
1724569200000,0.0000125
1724572800000,0.0000125
1724576400000,0.0000125
1724580000000,0.0000125
1724583600000,0.0000125
1724587200000,0.0000125
1724590800000,0.0000125
1724594400000,0.0000125
1724598000000,0.0000207601
1724601600000,0.0000294913
1724605200000,0.0000125
1724608800000,0.0000125
1724612400000,0.0000316324
1724616000000,0.0000519539
1724619600000,0.000066092
1724623200000,0.0000967907
1724626800000,0.0000684473
1724630400000,0.000070082
1724634000000,0.0000668719
1724637600000,0.0000693409
1724641200000,0.0000928588
1724644800000,0.000089942
1724648400000,0.0000423459
1724652000000,0.0000285253
1724655600000,0.0000234959
1724659200000,0.0000244482
1724662800000,0.0000133244
1724666400000,0.0000308419
1724670000000,0.0000522001
1724673600000,0.0000686237
1724677200000,0.0000361
1724680800000,0.0000496962
1724684400000,0.0000125
1724688000000,0.0000125
1724691600000,0.0000125
1724695200000,0.0000125
1724698800000,0.0000125
1724702400000,0.0000125
1724706000000,0.0000125
1724709600000,0.0000125
1724713200000,0.0000125
1724716800000,0.0000125
1724720400000,0.0000125
1724724000000,0.0000125
1724727600000,0.0000125
1724731200000,0.0000125
1724734800000,0.0000125
1724738400000,0.0000125
1724742000000,0.0000125
1724745600000,0.0000125
1724749200000,0.0000125
1724752800000,0.0000125
1724756400000,0.0000125
1724760000000,0.0000125
1724763600000,0.0000125
1724767200000,0.0000125
1724770800000,0.0000125
1724774400000,0.0000125
1724778000000,0.0000125
1724781600000,0.0000125
1724785200000,0.0000194603
1724788800000,0.0000125
1724792400000,0.0000125
1724796000000,0.0000125
1724799600000,0.0000125
1724803200000,0.0000125
1724806800000,0.0000125
1724810400000,0.0000125
1724814000000,0.0000125
1724817600000,0.0000125
1724821200000,0.0000125
1724824800000,0.0000125
1724828400000,0.0000125
1724832000000,0.0000125
1724835600000,0.0000125
1724839200000,0.0000125
1724842800000,0.0000125
1724846400000,0.0000125
1724850000000,0.0000125
1724853600000,0.0000125
1724857200000,0.0000125
1724860800000,0.0000125
1724864400000,0.0000125
1724868000000,0.0000125
1724871600000,0.0000125
1724875200000,0.0000125
1724878800000,0.0000125
1724882400000,0.0000125
1724886000000,0.0000125
1724889600000,0.0000125
1724893200000,0.0000125
1724896800000,0.000011798
1724900400000,0.0000125
1724904000000,0.0000125
1724907600000,0.0000125
1724911200000,0.0000125
1724914800000,0.0000125
1724918400000,0.0000125
1724922000000,0.0000125
1724925600000,0.0000125
1724929200000,0.0000125
1724932800000,0.0000125
1724936400000,0.0000125
1724940000000,0.0000125
1724943600000,0.0000125
1724947200000,0.0000125
1724950800000,0.0000125
1724954400000,0.0000125
1724958000000,0.0000125
1724961600000,0.0000125
1724965200000,0.0000125
1724968800000,0.0000125
1724972400000,0.0000125
1724976000000,0.0000125
1724979600000,0.0000125
1724983200000,0.0000125
1724986800000,0.0000125
1724990400000,0.0000125
1724994000000,0.0000125
1724997600000,0.0000125
1725001200000,0.0000125
1725004800000,0.0000125
1725008400000,0.0000125
1725012000000,0.0000125
1725015600000,0.0000125
1725019200000,0.0000125
1725022800000,0.0000125
1725026400000,0.0000125
1725030000000,0.0000125
1725033600000,0.0000106651
1725037200000,0.0000125
1725040800000,0.0000125
1725044400000,0.0000125
1725048000000,0.0000125
1725051600000,0.0000125
1725055200000,0.0000125
1725058800000,0.0000125
1725062400000,0.0000125
1725066000000,0.0000125
1725069600000,0.0000078343
1725073200000,0.0000006648
1725076800000,0.0000092011
1725080400000,0.0000125
1725084000000,0.0000125
1725087600000,-0.0000146959
1725091200000,-0.0000135851
1725094800000,-0.0000041929
1725098400000,0.0000008899
1725102000000,0.0000125
1725105600000,0.0000125
1725109200000,0.0000125
1725112800000,0.0000125
1725116400000,0.0000125
1725120000000,0.0000125
1725123600000,0.0000125
1725127200000,0.0000125
1725130800000,0.0000125
1725134400000,0.0000125
1725138000000,0.0000125
1725141600000,0.0000125
1725145200000,0.0000125
1725148800000,0.0000125
1725152400000,0.0000125
1725156000000,0.0000125
1725159600000,0.0000125
1725163200000,0.0000125
1725166800000,0.0000125
1725170400000,0.0000125
1725174000000,0.0000125
1725177600000,0.0000125
1725181200000,0.0000125
1725184800000,0.0000125
1725188400000,0.0000125
1725192000000,0.0000125
1725195600000,0.0000125
1725199200000,0.0000125
1725202800000,0.0000125
1725206400000,0.0000125
1725210000000,0.0000125
1725213600000,0.0000125
1725217200000,0.0000125
1725220800000,0.0000125
1725224400000,0.0000125
1725228000000,0.0000125
1725231600000,0.0000125
1725235200000,0.0000125
1725238800000,0.0000125
1725242400000,0.0000125
1725246000000,0.0000125
1725249600000,0.0000125
1725253200000,0.0000125
1725256800000,0.0000125
1725260400000,0.0000125
1725264000000,0.0000119002
1725267600000,0.0000125
1725271200000,0.0000125
1725274800000,0.0000125
1725278400000,0.0000125
1725282000000,0.0000125
1725285600000,0.00000848
1725289200000,0.0000029327
1725292800000,0.0000120547
1725296400000,-0.0000147431
1725300000000,-0.0000083096
1725303600000,0.0000069918
1725307200000,-0.0000003001
1725310800000,0.0000109514
1725314400000,-0.0000046927
1725318000000,-0.0000008958
1725321600000,0.0000003517
1725325200000,0.0000022163
1725328800000,-0.000011208
1725332400000,0.0000125
1725336000000,-0.000026064
1725339600000,-0.0000081381
1725343200000,0.0000004207
1725346800000,0.0000111443
1725350400000,0.0000106444
1725354000000,0.0000044701
1725357600000,-0.0000334123
1725361200000,-0.0000061894
1725364800000,-0.0000083718
1725368400000,0.000006789
1725372000000,-0.000005449
1725375600000,0.0000125
1725379200000,0.0000082287
1725382800000,0.0000060656
1725386400000,0.0000012323
1725390000000,0.0000074897
1725393600000,0.0000125
1725397200000,0.000011866
1725400800000,-0.0000034583
1725404400000,-0.0000060749
1725408000000,-0.0000121396
1725411600000,0.0000094657
1725415200000,0.0000125
1725418800000,0.0000125
1725422400000,0.0000125
1725426000000,0.0000125
1725429600000,0.0000125
1725433200000,0.0000125
1725436800000,0.0000125
1725440400000,0.0000125
1725444000000,0.0000125
1725447600000,0.0000125
1725451200000,0.0000125
1725454800000,0.0000125
1725458400000,0.0000125
1725462000000,0.0000125
1725465600000,0.0000125
1725469200000,0.0000125
1725472800000,0.0000125
1725476400000,0.0000125
1725480000000,0.0000125
1725483600000,0.0000125
1725487200000,0.0000125
1725490800000,0.0000125
1725494400000,0.0000125
1725498000000,0.0000125
1725501600000,0.0000125
1725505200000,0.0000125
1725508800000,0.0000125
1725512400000,0.0000125
1725516000000,0.0000125
1725519600000,0.0000125
1725523200000,0.0000125
1725526800000,0.0000125
1725530400000,0.0000125
1725534000000,0.0000125
1725537600000,0.0000125
1725541200000,0.0000125
1725544800000,0.0000125
1725548400000,0.0000125
1725552000000,0.0000125
1725555600000,0.0000125
1725559200000,0.0000125
1725562800000,0.0000125
1725566400000,0.0000125
1725570000000,0.0000125
1725573600000,0.0000125
1725577200000,0.0000125
1725580800000,0.0000125
1725584400000,0.0000125
1725588000000,0.0000125
1725591600000,0.0000125
1725595200000,0.0000125
1725598800000,0.0000106161
1725602400000,0.0000125
1725606000000,0.0000079579
1725609600000,0.0000125
1725613200000,0.0000125
1725616800000,0.0000125
1725620400000,0.0000125
1725624000000,0.0000087428
1725627600000,0.0000125
1725631200000,0.0000069665
1725634800000,0.0000054094
1725638400000,0.0000125
1725642000000,0.0000125
1725645600000,0.0000125
1725649200000,0.0000125
1725652800000,0.0000125
1725656400000,0.0000125
1725660000000,0.000008891
1725663600000,0.0000125
1725667200000,0.0000125
1725670800000,0.0000125
1725674400000,0.0000125
1725678000000,0.0000125
1725681600000,0.0000125
1725685200000,0.0000125
1725688800000,0.0000125
1725692400000,0.0000125
1725696000000,0.0000125
1725699600000,0.0000125
1725703200000,0.0000125
1725706800000,0.0000125
1725710400000,0.0000125
1725714000000,0.0000125
1725717600000,0.0000125
1725721200000,0.0000125
1725724800000,0.0000125
1725728400000,0.0000125
1725732000000,0.0000125
1725735600000,0.0000125
1725739200000,0.0000125
1725742800000,0.0000125
1725746400000,0.0000125
1725750000000,0.0000125
1725753600000,0.0000125
1725757200000,0.0000125
1725760800000,0.0000125
1725764400000,0.0000125
1725768000000,0.0000125
1725771600000,0.0000125
1725775200000,0.0000125
1725778800000,0.0000125
1725782400000,0.0000125
1725786000000,0.0000125
1725789600000,0.0000125
1725793200000,0.0000125
1725796800000,0.0000125
1725800400000,0.0000125
1725804000000,0.0000125
1725807600000,0.0000125
1725811200000,0.0000125
1725814800000,0.0000125
1725818400000,0.0000125
1725822000000,0.0000101877
1725825600000,0.0000005186
1725829200000,-0.0000081355
1725832800000,-0.0000071177
1725836400000,0.0000098768
1725840000000,0.0000125
1725843600000,0.0000021766
1725847200000,0.0000125
1725850800000,-0.0000063815
1725854400000,-0.0000048656
1725858000000,-0.0000044225
1725861600000,-0.0000116766
1725865200000,0.0000012882
1725868800000,0.0000120511
1725872400000,0.0000103374
1725876000000,0.0000059577
1725879600000,-0.0000058738
1725883200000,-0.0000052328
1725886800000,-0.0000042828
1725890400000,0.0000018255
1725894000000,0.0000098683
1725897600000,-0.0000032592
1725901200000,-0.0000135914
1725904800000,-0.0000092998
1725908400000,-0.0000238427
1725912000000,0.000008416
1725915600000,0.0000125
1725919200000,0.0000030233
1725922800000,-0.0000062006
1725926400000,0.0000054035
1725930000000,0.0000083022
1725933600000,0.0000068701
1725937200000,0.0000070059
1725940800000,0.0000084386
1725944400000,0.0000125
1725948000000,0.0000125
1725951600000,0.0000125
1725955200000,0.0000125
1725958800000,0.0000125
1725962400000,0.0000125
1725966000000,0.0000125
1725969600000,0.0000125
1725973200000,0.0000125
1725976800000,0.0000125
1725980400000,0.0000125
1725984000000,0.0000125
1725987600000,0.0000125
1725991200000,0.0000125
1725994800000,0.0000125
1725998400000,0.0000125
1726002000000,0.0000125
1726005600000,-0.0000166638
1726009200000,-0.000025123
1726012800000,0.0000073377
1726016400000,-0.0000047928
1726020000000,-0.000001343
1726023600000,-0.0000094458
1726027200000,-0.0000132287
1726030800000,0.0000047255
1726034400000,-0.0000062353
1726038000000,-0.0000069599
1726041600000,-0.0000047122
1726045200000,-0.0000103856
1726048800000,-0.0000018724
1726052400000,-0.000000401
1726056000000,0.0000076597
1726059600000,-0.0000030397
1726063200000,0.0000081952
1726066800000,0.0000030313
1726070400000,0.0000060512
1726074000000,0.0000125
1726077600000,0.0000125
1726081200000,0.0000125
1726084800000,0.0000125
1726088400000,0.0000125
1726092000000,0.0000099109
1726095600000,-0.0000013332
1726099200000,-0.0000110399
1726102800000,0.0000125
1726106400000,0.0000125
1726110000000,0.0000125
1726113600000,0.0000125
1726117200000,0.0000125
1726120800000,0.0000125
1726124400000,0.0000125
1726128000000,0.0000125
1726131600000,0.0000125
1726135200000,0.0000047245
1726138800000,0.0000125
1726142400000,0.0000125
1726146000000,0.0000125
1726149600000,0.0000125
1726153200000,0.0000125
1726156800000,0.0000125
1726160400000,0.0000125
1726164000000,0.0000125
1726167600000,0.0000125
1726171200000,0.0000125
1726174800000,0.0000125
1726178400000,0.0000125
1726182000000,0.0000125
1726185600000,0.0000125
1726189200000,0.0000125
1726192800000,0.0000125
1726196400000,0.0000125
1726200000000,0.0000125
1726203600000,0.0000125
1726207200000,0.0000125
1726210800000,0.0000125
1726214400000,0.0000010701
1726218000000,0.0000059302
1726221600000,0.0000125
1726225200000,0.0000125
1726228800000,0.0000125
1726232400000,0.0000081873
1726236000000,0.0000100523
1726239600000,0.0000125
1726243200000,0.0000125
1726246800000,-0.0000139714
1726250400000,0.000004966
1726254000000,0.0000125
1726257600000,0.0000125
1726261200000,0.0000125
1726264800000,0.0000125
1726268400000,0.0000125
1726272000000,0.0000125
1726275600000,0.0000125
1726279200000,0.0000125
1726282800000,0.0000125
1726286400000,0.0000125
1726290000000,0.0000125
1726293600000,0.0000125
1726297200000,0.0000125
1726300800000,0.0000125
1726304400000,0.0000125
1726308000000,0.0000125
1726311600000,0.0000125
1726315200000,0.0000125
1726318800000,0.0000125
1726322400000,0.0000125
1726326000000,0.0000125
1726329600000,0.0000125
1726333200000,0.0000125
1726336800000,0.0000125
1726340400000,0.0000125
1726344000000,0.0000125
1726347600000,0.0000125
1726351200000,0.0000125
1726354800000,0.0000125
1726358400000,0.0000125
1726362000000,0.0000125
1726365600000,0.0000125
1726369200000,0.0000125
1726372800000,0.0000125
1726376400000,0.0000125
1726380000000,0.0000125
1726383600000,0.0000125
1726387200000,0.0000125
1726390800000,0.0000125
1726394400000,0.0000125
1726398000000,0.0000125
1726401600000,0.0000125
1726405200000,0.0000125
1726408800000,0.0000125
1726412400000,0.0000125
1726416000000,0.0000125
1726419600000,0.0000125
1726423200000,0.0000125
1726426800000,0.0000125
1726430400000,0.0000125
1726434000000,0.0000125
1726437600000,0.0000125
1726441200000,0.0000125
1726444800000,0.0000125
1726448400000,0.0000125
1726452000000,0.0000125
1726455600000,0.0000125
1726459200000,0.0000125
1726462800000,0.0000125
1726466400000,0.0000125
1726470000000,0.0000125
1726473600000,0.0000125
1726477200000,0.0000125
1726480800000,0.0000125
1726484400000,0.0000125
1726488000000,0.0000125
1726491600000,0.0000125
1726495200000,0.0000125
1726498800000,0.0000125
1726502400000,0.0000125
1726506000000,0.0000125
1726509600000,0.0000125
1726513200000,0.0000125
1726516800000,0.0000125
1726520400000,0.0000125
1726524000000,0.0000125
1726527600000,0.0000125
1726531200000,0.0000125
1726534800000,0.0000125
1726538400000,0.0000125
1726542000000,0.0000125
1726545600000,0.0000125
1726549200000,0.0000125
1726552800000,0.0000125
1726556400000,0.0000125
1726560000000,0.0000125
1726563600000,0.0000125
1726567200000,0.0000125
1726570800000,0.0000079517
1726574400000,-0.0000027246
1726578000000,0.0000125
1726581600000,0.0000125
1726585200000,0.0000125
1726588800000,0.000004435
1726592400000,0.0000072035
1726596000000,-0.0000017281
1726599600000,0.0000125
1726603200000,0.0000125
1726606800000,0.0000125
1726610400000,0.0000125
1726614000000,-0.000004823
1726617600000,0.0000081556
1726621200000,0.0000033286
1726624800000,-0.0000029658
1726628400000,0.0000039531
1726632000000,0.0000117118
1726635600000,0.0000043004
1726639200000,0.0000027511
1726642800000,0.0000125
1726646400000,0.0000125
1726650000000,0.0000125
1726653600000,-0.0000006056
1726657200000,0.0000125
1726660800000,0.0000125
1726664400000,0.0000125
1726668000000,0.0000125
1726671600000,0.0000125
1726675200000,0.0000125
1726678800000,0.0000125
1726682400000,0.0000125
1726686000000,0.0000125
1726689600000,0.0000125
1726693200000,0.0000125
1726696800000,0.0000125
1726700400000,0.0000125
1726704000000,0.0000125
1726707600000,0.0000677221
1726711200000,0.0000164987
1726714800000,0.0000125
1726718400000,0.0000125
1726722000000,0.0000125
1726725600000,0.0000125
1726729200000,0.0000125
1726732800000,0.0000171709
1726736400000,0.0000125
1726740000000,0.0000125
1726743600000,0.0000353797
1726747200000,0.0000381748
1726750800000,0.0000773196
1726754400000,0.0001019636
1726758000000,0.0000607722
1726761600000,0.0000311076
1726765200000,0.0000156625
1726768800000,0.0000199724
1726772400000,0.0000497139
1726776000000,0.0000387494
1726779600000,0.0000125
1726783200000,0.0000125
1726786800000,0.0000125
1726790400000,0.0000245455
1726794000000,0.0000125
1726797600000,0.0000125
1726801200000,0.0000125
1726804800000,0.0000125
1726808400000,0.0000125
1726812000000,0.0000125
1726815600000,0.0000125
1726819200000,0.0000125
1726822800000,0.0000125
1726826400000,0.0000125
1726830000000,0.0000125
1726833600000,0.0000125
1726837200000,0.0000125
1726840800000,0.0000125
1726844400000,0.0000125
1726848000000,0.0000125
1726851600000,0.0000125
1726855200000,0.0000125
1726858800000,0.0000125
1726862400000,0.0000125
1726866000000,0.0000125
1726869600000,0.0000125
1726873200000,0.0000125
1726876800000,0.0000125
1726880400000,0.0000125
1726884000000,0.0000125
1726887600000,0.0000125
1726891200000,0.0000125
1726894800000,0.0000125
1726898400000,0.0000125
1726902000000,0.0000125
1726905600000,0.0000125
1726909200000,0.0000125
1726912800000,0.0000125
1726916400000,0.0000125
1726920000000,0.0000125
1726923600000,0.0000125
1726927200000,0.0000125
1726930800000,0.0000125
1726934400000,0.0000125
1726938000000,0.0000125
1726941600000,0.0000125
1726945200000,0.0000125
1726948800000,0.0000125
1726952400000,0.0000125
1726956000000,0.0000125
1726959600000,0.0000125
1726963200000,0.0000125
1726966800000,0.0000125
1726970400000,0.0000125
1726974000000,0.0000125
1726977600000,0.0000125
1726981200000,0.0000125
1726984800000,0.0000125
1726988400000,0.0000125
1726992000000,0.0000125
1726995600000,0.0000125
1726999200000,0.0000125
1727002800000,0.0000125
1727006400000,0.0000125
1727010000000,0.0000125
1727013600000,0.0000125
1727017200000,0.0000125
1727020800000,0.0000125
1727024400000,0.0000125
1727028000000,0.0000125
1727031600000,0.0000125
1727035200000,0.0000125
1727038800000,0.0000125
1727042400000,0.0000125
1727046000000,0.0000125
1727049600000,0.0000125
1727053200000,0.0000125
1727056800000,0.0000125
1727060400000,0.0000125
1727064000000,0.0000125
1727067600000,0.0000190323
1727071200000,0.0000125
1727074800000,0.0000125
1727078400000,0.0000125
1727082000000,0.0000125
1727085600000,0.0000125
1727089200000,0.0000125
1727092800000,0.0000125
1727096400000,0.0000125
1727100000000,0.0000125
1727103600000,0.0000354462
1727107200000,0.0000125
1727110800000,0.0000125
1727114400000,0.0000125
1727118000000,0.0000125
1727121600000,0.0000125
1727125200000,0.0000125
1727128800000,0.0000125
1727132400000,0.0000125
1727136000000,0.0000125
1727139600000,0.0000125
1727143200000,0.0000125
1727146800000,0.0000125
1727150400000,0.0000125
1727154000000,0.0000149275
1727157600000,0.0000168529
1727161200000,0.0000226137
1727164800000,0.0000265335
1727168400000,0.0000224983
1727172000000,0.0000189623
1727175600000,0.0000264245
1727179200000,0.0000290783
1727182800000,0.0000277717
1727186400000,0.0000269292
1727190000000,0.0000252311
1727193600000,0.0000184996
1727197200000,0.0000125
1727200800000,0.0000125
1727204400000,0.0000125
1727208000000,0.0000244887
1727211600000,0.0000329511
1727215200000,0.000017902
1727218800000,0.0000217675
1727222400000,0.0000296569
1727226000000,0.0000152561
1727229600000,0.0000140106
1727233200000,0.0000176601
1727236800000,0.0000125
1727240400000,0.0000125
1727244000000,0.0000125
1727247600000,0.0000125
1727251200000,0.0000263963
1727254800000,0.0000270821
1727258400000,0.0000230957
1727262000000,0.0000125
1727265600000,0.0000125
1727269200000,0.0000144951
1727272800000,0.0000165157
1727276400000,0.000025407
1727280000000,0.0000323877
1727283600000,0.0000174911
1727287200000,0.0000219714
1727290800000,0.000039773
1727294400000,0.0000468781
1727298000000,0.0000434657
1727301600000,0.0000672423
1727305200000,0.0000486957
1727308800000,0.0000186968
1727312400000,0.0000125
1727316000000,0.0000125
1727319600000,0.0000125
1727323200000,0.0000125
1727326800000,0.0000125
1727330400000,0.0000125
1727334000000,0.0000320987
1727337600000,0.0000382652
1727341200000,0.0000189628
1727344800000,0.0000125
1727348400000,0.0000238245
1727352000000,0.0000336503
1727355600000,0.0000320092
1727359200000,0.0000515881
1727362800000,0.0000327004
1727366400000,0.0000260432
1727370000000,0.0000684073
1727373600000,0.0000682265
1727377200000,0.0000285062
1727380800000,0.0000125
1727384400000,0.0000125
1727388000000,0.0000195048
1727391600000,0.0000362994
1727395200000,0.0000145725
1727398800000,0.0000422926
1727402400000,0.0000422529
1727406000000,0.0000201919
1727409600000,0.0000350037
1727413200000,0.0000395267
1727416800000,0.0000405424
1727420400000,0.0000541714
1727424000000,0.0000371955
1727427600000,0.0000481541
1727431200000,0.0000887736
1727434800000,0.0000650374
1727438400000,0.0000329155
1727442000000,0.0000521707
1727445600000,0.0000748335
1727449200000,0.0000292692
1727452800000,0.0000132058
1727456400000,0.0000125
1727460000000,0.0000125
1727463600000,0.0000125
1727467200000,0.0000125
1727470800000,0.0000125
1727474400000,0.0000125
1727478000000,0.0000125
1727481600000,0.0000125
1727485200000,0.0000125
1727488800000,0.0000125
1727492400000,0.0000125
1727496000000,0.0000125
1727499600000,0.0000125
1727503200000,0.0000125
1727506800000,0.0000125
1727510400000,0.0000125
1727514000000,0.0000125
1727517600000,0.0000125
1727521200000,0.0000125
1727524800000,0.0000125
1727528400000,0.0000125
1727532000000,0.0000125
1727535600000,0.0000125
1727539200000,0.0000125
1727542800000,0.0000125
1727546400000,0.0000125
1727550000000,0.0000125
1727553600000,0.0000125
1727557200000,0.0000125
1727560800000,0.0000125
1727564400000,0.0000125
1727568000000,0.0000125
1727571600000,0.0000125
1727575200000,0.0000125
1727578800000,0.0000125
1727582400000,0.0000125
1727586000000,0.0000125
1727589600000,0.0000125
1727593200000,0.0000125
1727596800000,0.0000125
1727600400000,0.0000125
1727604000000,0.0000125
1727607600000,0.0000125
1727611200000,0.0000125
1727614800000,0.0000125
1727618400000,0.0000125
1727622000000,0.0000125
1727625600000,0.0000125
1727629200000,0.0000146118
1727632800000,0.0000386021
1727636400000,0.0000387419
1727640000000,0.000077197
1727643600000,0.0000916599
1727647200000,0.0000824675
1727650800000,0.0000647583
1727654400000,0.0000463915
1727658000000,0.000021639
1727661600000,0.000052557
1727665200000,0.0000956655
1727668800000,0.000108986
1727672400000,0.0001131391
1727676000000,0.0000909219
1727679600000,0.0000948859
1727683200000,0.0000968391
1727686800000,0.0000651089
1727690400000,0.0000215137
1727694000000,0.0000210798
1727697600000,0.0000251927
1727701200000,0.0000279579
1727704800000,0.0000381965
1727708400000,0.0000368828
1727712000000,0.0000350594
1727715600000,0.0000227134
1727719200000,0.0000221589
1727722800000,0.0000368104
1727726400000,0.0000398927
1727730000000,0.0000465755
1727733600000,0.00004444
1727737200000,0.000026559
1727740800000,0.0000312418
1727744400000,0.000029826
1727748000000,0.0000345371
1727751600000,0.0000282192
1727755200000,0.0000415363
1727758800000,0.0000508724
1727762400000,0.0000417834
1727766000000,0.0000564235
1727769600000,0.0000634096
1727773200000,0.0000446688
1727776800000,0.000036074
1727780400000,0.0000340333
1727784000000,0.0000323678
1727787600000,0.0000151133
1727791200000,0.0000135745
1727794800000,0.0000346043
1727798400000,0.0000333693
1727802000000,0.0000461438
1727805600000,0.0000125
1727809200000,0.0000125
1727812800000,0.0000125
1727816400000,0.0000125
1727820000000,0.0000125
1727823600000,0.0000125
1727827200000,0.0000125
1727830800000,0.0000125
1727834400000,0.0000125
1727838000000,0.0000125
1727841600000,0.0000125
1727845200000,0.0000125
1727848800000,0.0000125
1727852400000,0.0000125
1727856000000,0.0000125
1727859600000,0.0000125
1727863200000,0.0000125
1727866800000,0.0000125
1727870400000,0.0000125
1727874000000,0.0000125
1727877600000,0.0000125
1727881200000,0.0000125
1727884800000,0.0000125
1727888400000,0.0000125
1727892000000,0.0000125
1727895600000,0.0000125
1727899200000,0.0000125
1727902800000,0.0000125
1727906400000,0.0000125
1727910000000,0.0000125
1727913600000,0.0000125
1727917200000,0.0000125
1727920800000,0.0000125
1727924400000,0.0000125
1727928000000,0.0000125
1727931600000,0.0000125
1727935200000,0.0000125
1727938800000,0.0000125
1727942400000,0.0000125
1727946000000,0.0000125
1727949600000,0.0000125
1727953200000,0.0000125
1727956800000,0.0000125
1727960400000,0.0000125
1727964000000,0.0000125
1727967600000,0.0000125
1727971200000,0.0000125
1727974800000,0.0000125
1727978400000,0.0000125
1727982000000,0.0000125
1727985600000,0.0000125
1727989200000,0.0000125
1727992800000,0.0000125
1727996400000,0.0000125
1728000000000,0.0000125
1728003600000,0.0000125
1728007200000,0.0000125
1728010800000,0.0000125
1728014400000,0.0000125
1728018000000,0.0000125
1728021600000,0.0000125
1728025200000,0.0000125
1728028800000,0.0000125
1728032400000,0.0000125
1728036000000,0.0000125
1728039600000,0.0000125
1728043200000,0.0000125
1728046800000,0.0000125
1728050400000,0.0000125
1728054000000,0.0000125
1728057600000,0.0000125
1728061200000,0.0000125
1728064800000,0.0000125
1728068400000,0.0000125
1728072000000,0.0000125
1728075600000,0.0000125
1728079200000,0.0000125
1728082800000,0.0000125
1728086400000,0.0000125
1728090000000,0.0000125
1728093600000,0.0000125
1728097200000,0.0000125
1728100800000,0.0000125
1728104400000,0.0000125
1728108000000,0.0000125
1728111600000,0.0000125
1728115200000,0.0000125
1728118800000,0.0000125
1728122400000,0.0000125
1728126000000,0.0000125
1728129600000,0.0000125
1728133200000,0.0000125
1728136800000,0.0000125
1728140400000,0.0000125
1728144000000,0.0000125
1728147600000,0.0000125
1728151200000,0.0000125
1728154800000,0.0000125
1728158400000,0.0000125
1728162000000,0.0000125
1728165600000,0.0000125
1728169200000,0.0000125
1728172800000,0.0000125
1728176400000,0.0000125
1728180000000,0.0000125
1728183600000,0.0000125
1728187200000,0.0000125
1728190800000,0.0000125
1728194400000,0.0000125
1728198000000,0.0000125
1728201600000,0.0000125
1728205200000,0.0000125
1728208800000,0.0000125
1728212400000,0.0000125
1728216000000,0.0000125
1728219600000,0.0000125
1728223200000,0.0000125
1728226800000,0.0000125
1728230400000,0.0000125
1728234000000,0.0000125
1728237600000,0.0000125
1728241200000,0.0000125
1728244800000,0.0000125
1728248400000,0.0000125
1728252000000,0.0000125
1728255600000,0.0000125
1728259200000,0.0000125
1728262800000,0.0000125
1728266400000,0.0000125
1728270000000,0.0000125
1728273600000,0.0000125
1728277200000,0.0000125
1728280800000,0.0000125
1728284400000,0.0000125
1728288000000,0.0000125
1728291600000,0.0000125
1728295200000,0.0000125
1728298800000,0.0000125
1728302400000,0.0000125
1728306000000,0.0000125
1728309600000,0.0000125
1728313200000,0.0000125
1728316800000,0.0000125
1728320400000,0.0000125
1728324000000,0.0000125
1728327600000,0.0000125
1728331200000,0.0000125
1728334800000,0.0000125
1728338400000,0.0000125
1728342000000,0.0000125
1728345600000,0.0000125
1728349200000,0.0000125
1728352800000,0.0000125
1728356400000,0.0000125
1728360000000,0.0000125
1728363600000,0.0000125
1728367200000,0.0000125
1728370800000,0.0000125
1728374400000,0.0000125
1728378000000,0.0000125
1728381600000,0.0000125
1728385200000,0.0000125
1728388800000,0.0000125
1728392400000,0.0000125
1728396000000,0.0000125
1728399600000,0.0000125
1728403200000,0.0000125
1728406800000,0.0000125
1728410400000,0.0000125
1728414000000,0.0000125
1728417600000,0.0000125
1728421200000,0.0000125
1728424800000,0.0000125
1728428400000,0.0000125
1728432000000,0.0000125
1728435600000,0.0000125
1728439200000,0.0000125
1728442800000,0.0000125
1728446400000,0.0000125
1728450000000,0.0000125
1728453600000,0.0000125
1728457200000,0.0000125
1728460800000,0.0000125
1728464400000,0.0000125
1728468000000,0.0000125
1728471600000,0.0000125
1728475200000,0.0000125
1728478800000,0.0000125
1728482400000,0.0000125
1728486000000,0.0000125
1728489600000,0.0000125
1728493200000,0.0000125
1728496800000,0.0000125
1728500400000,0.0000125
1728504000000,0.0000125
1728507600000,0.0000125
1728511200000,0.0000125
1728514800000,0.0000125
1728518400000,0.0000125
1728522000000,0.0000125
1728525600000,0.0000125
1728529200000,0.0000125
1728532800000,0.0000125
1728536400000,0.0000125
1728540000000,0.0000125
1728543600000,0.0000125
1728547200000,0.0000125
1728550800000,0.0000125
1728554400000,0.0000125
1728558000000,0.0000125
1728561600000,0.0000125
1728565200000,0.0000125
1728568800000,0.0000125
1728572400000,0.0000125
1728576000000,0.0000125
1728579600000,0.0000125
1728583200000,0.0000093106
1728586800000,-0.0000087384
1728590400000,0.0000029024
1728594000000,0.0000125
1728597600000,0.0000020549
1728601200000,-0.0000114558
1728604800000,0.0000044942
1728608400000,0.0000125
1728612000000,-0.0000006759
1728615600000,0.000001301
1728619200000,-0.0000045182
1728622800000,-0.0000165653
1728626400000,-0.000011354
1728630000000,0.0000022157
1728633600000,-0.0000000018
1728637200000,-0.000013274
1728640800000,-0.0000069747
1728644400000,0.0000125
1728648000000,0.0000125
1728651600000,0.0000125
1728655200000,0.0000125
1728658800000,0.0000049207
1728662400000,0.0000125
1728666000000,0.0000125
1728669600000,0.0000125
1728673200000,0.0000125
1728676800000,0.0000125
1728680400000,0.0000125
1728684000000,0.0000125
1728687600000,0.0000125
1728691200000,0.0000125
1728694800000,0.0000125
1728698400000,0.0000125
1728702000000,0.0000063753
1728705600000,0.0000013245
1728709200000,0.0000125
1728712800000,0.0000125
1728716400000,0.0000125
1728720000000,0.0000110216
1728723600000,0.0000125
1728727200000,0.0000125
1728730800000,0.0000125
1728734400000,0.0000125
1728738000000,0.0000125
1728741600000,0.0000125
1728745200000,0.0000125
1728748800000,0.0000125
1728752400000,0.0000125
1728756000000,0.0000125
1728759600000,0.0000125
1728763200000,0.0000125
1728766800000,0.0000070818
1728770400000,-0.0000027046
1728774000000,0.0000125
1728777600000,0.0000125
1728781200000,0.0000125
1728784800000,0.0000125
1728788400000,0.0000125
1728792000000,0.0000125
1728795600000,0.0000106957
1728799200000,0.0000125
1728802800000,0.0000069883
1728806400000,0.0000125
1728810000000,0.0000125
1728813600000,0.0000114548
1728817200000,0.0000125
1728820800000,0.0000125
1728824400000,0.0000125
1728828000000,0.0000125
1728831600000,0.0000125
1728835200000,-0.0000169945
1728838800000,-0.0000063293
1728842400000,0.0000007722
1728846000000,0.0000030414
1728849600000,0.0000125
1728853200000,0.0000000562
1728856800000,0.0000125
1728860400000,0.0000125
1728864000000,0.0000125
1728867600000,0.0000125
1728871200000,-0.0000036162
1728874800000,-0.0000023706
1728878400000,0.0000125
1728882000000,0.0000125
1728885600000,0.0000125
1728889200000,0.0000125
1728892800000,0.0000125
1728896400000,0.0000125
1728900000000,0.0000125
1728903600000,0.0000125
1728907200000,0.0000125
1728910800000,0.0000125
1728914400000,0.0000125
1728918000000,0.0000125
1728921600000,0.0000125
1728925200000,0.0000125
1728928800000,0.0000125
1728932400000,0.0000125
1728936000000,0.0000125
1728939600000,0.0000125
1728943200000,0.0000125
1728946800000,0.0000125
1728950400000,0.0000125
1728954000000,0.0000125
1728957600000,0.0000125
1728961200000,0.0000125
1728964800000,0.0000125
1728968400000,0.0000125
1728972000000,0.0000125
1728975600000,0.0000125
1728979200000,0.0000125
1728982800000,0.0000125
1728986400000,0.0000125
1728990000000,0.0000125
1728993600000,0.0000125
1728997200000,0.0000125
1729000800000,0.0000125
1729004400000,0.0000125
1729008000000,0.0000125
1729011600000,0.0000125
1729015200000,0.0000125
1729018800000,0.0000125
1729022400000,0.0000125
1729026000000,0.000003786
1729029600000,-0.0000146848
1729033200000,0.0000125
1729036800000,0.0000125
1729040400000,0.0000125
1729044000000,0.0000125
1729047600000,0.0000125
1729051200000,0.0000125
1729054800000,0.0000125
1729058400000,0.0000125
1729062000000,0.0000125
1729065600000,0.0000125
1729069200000,0.0000125
1729072800000,0.0000125
1729076400000,0.0000125
1729080000000,0.0000125
1729083600000,0.0000125
1729087200000,0.0000125
1729090800000,0.0000125
1729094400000,0.0000125
1729098000000,0.0000125
1729101600000,0.0000125
1729105200000,0.0000125
1729108800000,0.0000125
1729112400000,0.0000125
1729116000000,0.0000125
1729119600000,0.0000125
1729123200000,0.0000125
1729126800000,0.0000125
1729130400000,0.0000125
1729134000000,0.0000125
1729137600000,0.0000125
1729141200000,0.0000125
1729144800000,0.0000125
1729148400000,0.0000125
1729152000000,0.0000125
1729155600000,0.0000125
1729159200000,0.0000125
1729162800000,0.0000125
1729166400000,0.0000125
1729170000000,0.0000125
1729173600000,0.0000125
1729177200000,0.0000125
1729180800000,0.0000125
1729184400000,0.0000125
1729188000000,0.0000125
1729191600000,0.0000125
1729195200000,0.0000125
1729198800000,0.0000125
1729202400000,0.0000125
1729206000000,0.0000125
1729209600000,0.0000125
1729213200000,0.0000125
1729216800000,0.0000125
1729220400000,0.0000125
1729224000000,0.0000125
1729227600000,0.0000125
1729231200000,0.0000125
1729234800000,0.0000251809
1729238400000,0.0000354058
1729242000000,0.0000153373
1729245600000,0.0000186391
1729249200000,0.0000125
1729252800000,0.0000125
1729256400000,0.0000125
1729260000000,0.0000125
1729263600000,0.0000125
1729267200000,0.0000125
1729270800000,0.0000125
1729274400000,0.0000125
1729278000000,0.0000125
1729281600000,0.0000125
1729285200000,0.0000125
1729288800000,0.0000125
1729292400000,0.0000125
1729296000000,0.0000125
1729299600000,0.0000125
1729303200000,0.0000125
1729306800000,0.0000125
1729310400000,0.0000125
1729314000000,0.0000125
1729317600000,0.0000125
1729321200000,0.0000125
1729324800000,0.0000125
1729328400000,0.0000125
1729332000000,0.0000125
1729335600000,0.0000125
1729339200000,0.0000125
1729342800000,0.0000125
1729346400000,0.0000125
1729350000000,0.0000125
1729353600000,0.0000125
1729357200000,0.0000125
1729360800000,0.0000125
1729364400000,0.0000125
1729368000000,0.0000125
1729371600000,0.0000125
1729375200000,0.0000125
1729378800000,0.0000125
1729382400000,0.0000125
1729386000000,0.0000125
1729389600000,0.0000125
1729393200000,0.0000125
1729396800000,0.0000125
1729400400000,0.0000125
1729404000000,0.0000125
1729407600000,0.0000125
1729411200000,0.0000125
1729414800000,0.0000125
1729418400000,0.0000125
1729422000000,0.0000125
1729425600000,0.0000125
1729429200000,0.0000125
1729432800000,0.0000125
1729436400000,0.0000125
1729440000000,0.0000125
1729443600000,0.0000125
1729447200000,0.0000125
1729450800000,0.0000125
1729454400000,0.0000125
1729458000000,0.0000125
1729461600000,0.0000125
1729465200000,0.0000145578
1729468800000,0.0000209556
1729472400000,0.0000278549
1729476000000,0.0000212871
1729479600000,0.0000136714
1729483200000,0.0000145709
1729486800000,0.0000125
1729490400000,0.0000125
1729494000000,0.0000125
1729497600000,0.0000125
1729501200000,0.0000125
1729504800000,0.0000125
1729508400000,0.0000153335
1729512000000,0.0000141221
1729515600000,0.0000153015
1729519200000,0.0000125
1729522800000,0.0000125
1729526400000,0.0000210596
1729530000000,0.0000151129
1729533600000,0.0000335985
1729537200000,0.0000125
1729540800000,0.0000205424
1729544400000,0.0000125
1729548000000,0.0000125
1729551600000,0.0000125
1729555200000,0.0000125
1729558800000,0.0000125
1729562400000,0.0000125
1729566000000,0.0000125
1729569600000,0.0000125
1729573200000,0.0000125
1729576800000,0.0000125
1729580400000,0.0000125
1729584000000,0.0000125
1729587600000,0.0000125
1729591200000,0.0000125
1729594800000,0.0000125
1729598400000,0.0000125
1729602000000,0.0000125
1729605600000,0.0000125
1729609200000,0.0000125
1729612800000,0.0000125
1729616400000,0.0000125
1729620000000,0.0000125
1729623600000,0.0000125
1729627200000,0.0000125
1729630800000,0.0000125
1729634400000,0.0000125
1729638000000,0.0000125
1729641600000,0.0000125
1729645200000,0.0000125
1729648800000,0.0000125
1729652400000,0.0000125
1729656000000,0.0000125
1729659600000,0.0000125
1729663200000,0.0000125
1729666800000,0.0000125
1729670400000,0.0000125
1729674000000,0.0000125
1729677600000,0.0000125
1729681200000,0.0000125
1729684800000,0.0000125
1729688400000,0.0000125
1729692000000,0.0000125
1729695600000,0.0000125
1729699200000,0.0000125
1729702800000,0.0000125
1729706400000,0.0000183395
1729710000000,0.0000631685
1729713600000,0.000071561
1729717200000,0.0000680069
1729720800000,0.0000619436
1729724400000,0.0000460856
1729728000000,0.0000391742
1729731600000,0.0000220512
1729735200000,0.0000236138
1729738800000,0.0000249869
1729742400000,0.0000287712
1729746000000,0.0000125
1729749600000,0.0000125
1729753200000,0.0000125
1729756800000,0.0000125
1729760400000,0.0000125
1729764000000,0.0000125
1729767600000,0.0000125
1729771200000,0.0000125
1729774800000,0.0000125
1729778400000,0.0000125
1729782000000,0.0000125
1729785600000,0.0000125
1729789200000,0.0000125
1729792800000,0.0000125
1729796400000,0.0000125
1729800000000,0.0000125
1729803600000,0.0000125
1729807200000,0.0000125
1729810800000,0.0000125
1729814400000,0.0000125
1729818000000,0.0000125
1729821600000,0.0000125
1729825200000,0.0000125
1729828800000,0.0000125
1729832400000,0.0000125
1729836000000,0.0000125
1729839600000,0.0000125
1729843200000,-0.0000034125
1729846800000,0.0000094941
1729850400000,0.0000125
1729854000000,0.0000125
1729857600000,0.0000125
1729861200000,0.0000125
1729864800000,0.0000125
1729868400000,0.0000125
1729872000000,0.0000125
1729875600000,0.0000125
1729879200000,0.0000125
1729882800000,0.0000125
1729886400000,0.0000125
1729890000000,0.0000125
1729893600000,0.0000125
1729897200000,0.0000125
1729900800000,0.0000125
1729904400000,0.0000125
1729908000000,0.0000125
1729911600000,0.0000125
1729915200000,0.0000125
1729918800000,0.0000125
1729922400000,0.0000125
1729926000000,0.0000125
1729929600000,0.0000125
1729933200000,0.0000125
1729936800000,0.0000125
1729940400000,0.0000125
1729944000000,0.0000125
1729947600000,0.0000125
1729951200000,0.0000125
1729954800000,0.0000125
1729958400000,0.0000125
1729962000000,0.0000125
1729965600000,0.0000125
1729969200000,0.0000125
1729972800000,0.0000125
1729976400000,0.0000125
1729980000000,0.0000125
1729983600000,0.0000125
1729987200000,0.0000125
1729990800000,0.0000125
1729994400000,0.0000125
1729998000000,0.0000125
1730001600000,0.0000125
1730005200000,0.0000125
1730008800000,0.0000125
1730012400000,0.0000125
1730016000000,0.0000125
1730019600000,0.0000125
1730023200000,0.0000125
1730026800000,0.0000125
1730030400000,0.0000125
1730034000000,0.0000125
1730037600000,0.0000125
1730041200000,0.0000125
1730044800000,0.0000125
1730048400000,0.0000125
1730052000000,0.0000125
1730055600000,0.0000125
1730059200000,0.0000125
1730062800000,0.0000125
1730066400000,0.0000125
1730070000000,0.0000125
1730073600000,0.0000125
1730077200000,0.0000125
1730080800000,0.0000125
1730084400000,0.0000125
1730088000000,0.0000125
1730091600000,0.0000125
1730095200000,0.0000125
1730098800000,0.0000125
1730102400000,0.0000125
1730106000000,0.0000125
1730109600000,0.0000125
1730113200000,0.0000125
1730116800000,0.0000125
1730120400000,0.0000125
1730124000000,0.0000125
1730127600000,0.0000125
1730131200000,0.0000125
1730134800000,0.0000125
1730138400000,0.0000125
1730142000000,0.0000125
1730145600000,0.0000125
1730149200000,0.0000125
1730152800000,0.0000125
1730156400000,0.0000125
1730160000000,0.0000125
1730163600000,0.0000125
1730167200000,0.0000125
1730170800000,0.0000125
1730174400000,0.0000166455
1730178000000,0.0000159979
1730181600000,0.0000125
1730185200000,0.0000125
1730188800000,0.0000125
1730192400000,0.0000125
1730196000000,0.0000125
1730199600000,0.0000125
1730203200000,0.0000141286
1730206800000,0.0000186594
1730210400000,0.0000125
1730214000000,0.0000125
1730217600000,0.0000261234
1730221200000,0.0000203362
1730224800000,0.0000252269
1730228400000,0.0000338586
1730232000000,0.0000432251
1730235600000,0.0000375319
1730239200000,0.0000383796
1730242800000,0.0000484852
1730246400000,0.0000478473
1730250000000,0.0000382699
1730253600000,0.0000296296
1730257200000,0.0000374894
1730260800000,0.0000281936
1730264400000,0.0000297421
1730268000000,0.0000266436
1730271600000,0.0000276514
1730275200000,0.0000125
1730278800000,0.0000125
1730282400000,0.0000125
1730286000000,0.0000162307
1730289600000,0.0000125
1730293200000,0.0000125
1730296800000,0.0000125
1730300400000,0.0000125
1730304000000,0.0000125
1730307600000,0.0000125
1730311200000,0.0000125
1730314800000,0.0000169826
1730318400000,0.0000163559
1730322000000,0.0000138147
1730325600000,0.0000312803
1730329200000,0.0000224553
1730332800000,0.0000257861
1730336400000,0.0000125
1730340000000,0.0000125
1730343600000,0.0000210393
1730347200000,0.0000125
1730350800000,0.0000125
1730354400000,0.0000125
1730358000000,0.0000181292
1730361600000,0.0000144368
1730365200000,0.0000125
1730368800000,0.0000125
1730372400000,0.0000125
1730376000000,0.0000125
1730379600000,0.0000125
1730383200000,0.0000125
1730386800000,0.0000125
1730390400000,0.0000125
1730394000000,0.0000125
1730397600000,0.0000125
1730401200000,0.0000125
1730404800000,0.0000125
1730408400000,0.0000125
1730412000000,0.0000431095
1730415600000,0.0000417356
1730419200000,0.0000541318
1730422800000,0.0000274232
1730426400000,0.000022013
1730430000000,0.0000520843
1730433600000,0.0000451626
1730437200000,0.0000438661
1730440800000,0.0000355419
1730444400000,0.0000125
1730448000000,0.0000125
1730451600000,0.0000125
1730455200000,0.0000125
1730458800000,0.0000257682
1730462400000,0.0000410499
1730466000000,0.0000323098
1730469600000,0.0000389777
1730473200000,0.0000125
1730476800000,0.0000125
1730480400000,0.0000125
1730484000000,0.0000125
1730487600000,0.0000125
1730491200000,0.0000125
1730494800000,0.0000125
1730498400000,0.0000125
1730502000000,0.0000125
1730505600000,0.0000125
1730509200000,0.0000125
1730512800000,0.0000125
1730516400000,0.0000125
1730520000000,0.0000125
1730523600000,0.0000125
1730527200000,0.0000125
1730530800000,0.0000125
1730534400000,0.0000125
1730538000000,0.0000125
1730541600000,0.0000125
1730545200000,0.0000125
1730548800000,0.0000125
1730552400000,0.0000125
1730556000000,0.0000125
1730559600000,0.0000125
1730563200000,0.0000125
1730566800000,0.0000125
1730570400000,0.0000125
1730574000000,0.0000125
1730577600000,0.0000125
1730581200000,0.0000125
1730584800000,0.0000125
1730588400000,0.0000125
1730592000000,0.0000125
1730595600000,0.0000125
1730599200000,0.0000125
1730602800000,0.0000125
1730606400000,0.0000125
1730610000000,0.0000125
1730613600000,0.0000125
1730617200000,0.0000125
1730620800000,0.0000125
1730624400000,0.0000125
1730628000000,0.0000125
1730631600000,0.0000125
1730635200000,0.0000125
1730638800000,0.0000125
1730642400000,0.0000125
1730646000000,0.0000125
1730649600000,0.0000125
1730653200000,0.0000125
1730656800000,0.0000125
1730660400000,0.0000125
1730664000000,0.0000125
1730667600000,0.0000125
1730671200000,0.0000125
1730674800000,0.0000125
1730678400000,0.0000125
1730682000000,0.0000125
1730685600000,0.0000125
1730689200000,0.0000125
1730692800000,0.0000125
1730696400000,0.0000125
1730700000000,0.0000125
1730703600000,0.0000125
1730707200000,0.0000125
1730710800000,0.0000125
1730714400000,0.0000125
1730718000000,0.0000125
1730721600000,0.0000125
1730725200000,0.0000125
1730728800000,0.0000125
1730732400000,0.0000125
1730736000000,0.0000125
1730739600000,0.0000125
1730743200000,0.0000125
1730746800000,0.0000125
1730750400000,0.0000125
1730754000000,0.0000125
1730757600000,0.0000125
1730761200000,0.0000168247
1730764800000,0.0000125
1730768400000,0.0000125
1730772000000,0.0000125
1730775600000,0.0000125
1730779200000,0.0000128211
1730782800000,0.0000132937
1730786400000,0.0000230566
1730790000000,0.0000125
1730793600000,0.0000125
1730797200000,0.0000125
1730800800000,0.0000125
1730804400000,0.0000125
1730808000000,0.0000205209
1730811600000,0.0000219721
1730815200000,0.0000224657
1730818800000,0.0000182044
1730822400000,0.0000125
1730826000000,0.0000125
1730829600000,0.0000125
1730833200000,0.0000125
1730836800000,0.0000125
1730840400000,0.0000125
1730844000000,0.0000125
1730847600000,0.0000125
1730851200000,0.0000125
1730854800000,0.0000125
1730858400000,0.0000125
1730862000000,0.0000613811
1730865600000,0.0001255304
1730869200000,0.0000637666
1730872800000,0.0000512416
1730876400000,0.0000560047
1730880000000,0.0000539959
1730883600000,0.0000738277
1730887200000,0.0000455341
1730890800000,0.0000490019
1730894400000,0.0000555382
1730898000000,0.0000478369
1730901600000,0.0000545049
1730905200000,0.0000556488
1730908800000,0.0000461357
1730912400000,0.0000450674
1730916000000,0.0000523023
1730919600000,0.0000697038
1730923200000,0.0000717165
1730926800000,0.0000575111
1730930400000,0.0000560942
1730934000000,0.0000472604
1730937600000,0.0000346742
1730941200000,0.0000157151
1730944800000,0.0000364502
1730948400000,0.00005455
1730952000000,0.000023917
1730955600000,0.0000125
1730959200000,0.0000125
1730962800000,0.0000125
1730966400000,0.0000174473
1730970000000,0.0000319581
1730973600000,0.0000467717
1730977200000,0.0000313723
1730980800000,0.0000152889
1730984400000,0.000037216
1730988000000,0.0000240935
1730991600000,0.000022946
1730995200000,0.0000237749
1730998800000,0.0000251319
1731002400000,0.0000498503
1731006000000,0.0000125
1731009600000,0.0000125
1731013200000,0.0000125
1731016800000,0.0000125
1731020400000,0.0000125
1731024000000,0.0000426389
1731027600000,0.0000320487
1731031200000,0.0000209258
1731034800000,0.0000125
1731038400000,0.0000134048
1731042000000,0.0000291233
1731045600000,0.0000286503
1731049200000,0.0000125
1731052800000,0.0000367129
1731056400000,0.0000350504
1731060000000,0.0000280577
1731063600000,0.0000289268
1731067200000,0.0000299393
1731070800000,0.0000542432
1731074400000,0.0000604737
1731078000000,0.0000524594
1731081600000,0.0000414642
1731085200000,0.0000302712
1731088800000,0.00002883
1731092400000,0.0000591318
1731096000000,0.0000253778
1731099600000,0.0000125
1731103200000,0.0000125
1731106800000,0.0000125
1731110400000,0.0000125
1731114000000,0.0000125
1731117600000,0.0000125
1731121200000,0.0000125
1731124800000,0.0000125
1731128400000,0.0000125
1731132000000,0.0000125
1731135600000,0.0000125
1731139200000,0.0000125
1731142800000,0.0000125
1731146400000,0.0000125
1731150000000,0.0000125
1731153600000,0.0000125
1731157200000,0.000015521
1731160800000,0.0000125
1731164400000,0.0000125
1731168000000,0.0000125
1731171600000,0.0000125
1731175200000,0.0000125
1731178800000,0.0000125
1731182400000,0.0000125
1731186000000,0.00007693
1731189600000,0.0000643548
1731193200000,0.0000470818
1731196800000,0.0000766086
1731200400000,0.0000441752
1731204000000,0.0000400801
1731207600000,0.0000395895
1731211200000,0.0000436831
1731214800000,0.000064206
1731218400000,0.0000938788
1731222000000,0.0000439776
1731225600000,0.0000361791
1731229200000,0.0000388742
1731232800000,0.0000541115
1731236400000,0.000063223
1731240000000,0.0000594498
1731243600000,0.0000622501
1731247200000,0.0000526268
1731250800000,0.000062075
1731254400000,0.00003797
1731258000000,0.0000315259
1731261600000,0.000064841
1731265200000,0.0000816042
1731268800000,0.0000613552
1731272400000,0.0000445426
1731276000000,0.0000679993
1731279600000,0.0000754054
1731283200000,0.0000655298
1731286800000,0.0000648553
1731290400000,0.0000829798
1731294000000,0.0000858099
1731297600000,0.0000606527
1731301200000,0.0000587326
1731304800000,0.0000444175
1731308400000,0.0000146045
1731312000000,0.0000408021
1731315600000,0.0000308043
1731319200000,0.0000309927
1731322800000,0.0000307648
1731326400000,0.0000125
1731330000000,0.0000125
1731333600000,0.0000125
1731337200000,0.0000125
1731340800000,0.000022915
1731344400000,0.0000406
1731348000000,0.0000424665
1731351600000,0.0000648863
1731355200000,0.0000943937
1731358800000,0.0000772558
1731362400000,0.0000681487
1731366000000,0.0000831542
1731369600000,0.0001248826
1731373200000,0.0000967859
1731376800000,0.0001044957
1731380400000,0.0000955087
1731384000000,0.0000864032
1731387600000,0.0001050068
1731391200000,0.0001062821
1731394800000,0.0001169388
1731398400000,0.0001178988
1731402000000,0.0001311829
1731405600000,0.0001271231
1731409200000,0.0001368552
1731412800000,0.0001119091
1731416400000,0.0000604135
1731420000000,0.0000905439
1731423600000,0.0001419151
1731427200000,0.0001003092
1731430800000,0.0000459907
1731434400000,0.0000687155
1731438000000,0.0000705859
1731441600000,0.0000683603
1731445200000,0.0000597688
1731448800000,0.0000125
1731452400000,0.0000597754
1731456000000,0.0000447177
1731459600000,0.0000405991
1731463200000,0.0000155597
1731466800000,0.0000125
1731470400000,0.0000428565
1731474000000,0.0000571143
1731477600000,0.0000473073
1731481200000,0.0000335868
1731484800000,0.0000444847
1731488400000,0.0000336621
1731492000000,0.0000466021
1731495600000,0.0000427837
1731499200000,0.0000539445
1731502800000,0.0000582268
1731506400000,0.0000759546
1731510000000,0.0001050898
1731513600000,0.0001074714
1731517200000,0.0001003213
1731520800000,0.0000828269
1731524400000,0.0000573853
1731528000000,0.000037762
1731531600000,0.0000410479
1731535200000,0.0000200839
1731538800000,0.000021678
1731542400000,0.0000125
1731546000000,0.0000125
1731549600000,0.0000125
1731553200000,0.0000125
1731556800000,0.0000125
1731560400000,0.0000336301
1731564000000,0.0000206755
1731567600000,0.000017905
1731571200000,0.0000295971
1731574800000,0.0000396992
1731578400000,0.0000286193
1731582000000,0.0000545288
1731585600000,0.0000183192
1731589200000,0.0000396776
1731592800000,0.0000318473
1731596400000,0.0000125
1731600000000,0.0000125
1731603600000,0.0000377329
1731607200000,0.0000320794
1731610800000,0.0000173027
1731614400000,0.0000308218
1731618000000,0.000026984
1731621600000,0.000022967
1731625200000,0.0000175849
1731628800000,0.0000125
1731632400000,0.0000544799
1731636000000,0.0000125
1731639600000,0.0000125
1731643200000,0.0000146123
1731646800000,0.0000125
1731650400000,0.0000125
1731654000000,0.0000368753
1731657600000,0.0000759484
1731661200000,0.000055849
1731664800000,0.0000688467
1731668400000,0.0000240673
1731672000000,0.0000135306
1731675600000,0.0000564289
1731679200000,0.0000641963
1731682800000,0.0000208856
1731686400000,0.0000139598
1731690000000,0.0000291316
1731693600000,0.0000299811
1731697200000,0.0000125
1731700800000,0.0000195673
1731704400000,0.0000566866
1731708000000,0.0000412424
1731711600000,0.0000336099
1731715200000,0.0000305065
1731718800000,0.0000217
1731722400000,0.0000362503
1731726000000,0.00003424
1731729600000,0.0000341742
1731733200000,0.0000306173
1731736800000,0.0000171444
1731740400000,0.0000235387
1731744000000,0.0000307576
1731747600000,0.0000265171
1731751200000,0.0000286808
1731754800000,0.0000346531
1731758400000,0.0000284595
1731762000000,0.0000286631
1731765600000,0.0000295904
1731769200000,0.0000302765
1731772800000,0.0000242887
1731776400000,0.0000125
1731780000000,0.0000354894
1731783600000,0.0000582203
1731787200000,0.0000616475
1731790800000,0.0000521382
1731794400000,0.0000495695
1731798000000,0.0000457797
1731801600000,0.0000297927
1731805200000,0.0000342763
1731808800000,0.0000141608
1731812400000,0.000016041
1731816000000,0.0000458845
1731819600000,0.0000421907
1731823200000,0.0000424867
1731826800000,0.0000422567
1731830400000,0.0000463353
1731834000000,0.0000395345
1731837600000,0.000052423
1731841200000,0.0000497056
1731844800000,0.0000284451
1731848400000,0.0000266454
1731852000000,0.0000574534
1731855600000,0.0000694055
1731859200000,0.0000500883
1731862800000,0.0000291992
1731866400000,0.0000466172
1731870000000,0.0000479512
1731873600000,0.0000528665
1731877200000,0.000040716
1731880800000,0.0000603462
1731884400000,0.0000333471
1731888000000,0.0000616862
1731891600000,0.0000454313
1731895200000,0.0000420371
1731898800000,0.0000571542
1731902400000,0.0000804818
1731906000000,0.0000825843
1731909600000,0.0000895718
1731913200000,0.0001038089
1731916800000,0.0001041016
1731920400000,0.0000688557
1731924000000,0.0000703319
1731927600000,0.0000752879
1731931200000,0.0000417644
1731934800000,0.0000330838
1731938400000,0.000059486
1731942000000,0.0000879358
1731945600000,0.0000644519
1731949200000,0.0000625631
1731952800000,0.0000752325
1731956400000,0.0000302566
1731960000000,0.0000529181
1731963600000,0.0000868448
1731967200000,0.0000736859
1731970800000,0.0000731585
1731974400000,0.000052195
1731978000000,0.0000300946
1731981600000,0.0000461264
1731985200000,0.0000582928
1731988800000,0.0000654582
1731992400000,0.0000556936
1731996000000,0.0000654942
1731999600000,0.0000887585
1732003200000,0.0000937759
1732006800000,0.0000786925
1732010400000,0.0000558246
1732014000000,0.0000590236
1732017600000,0.0000557678
1732021200000,0.0000784159
1732024800000,0.0000828794
1732028400000,0.0000643567
1732032000000,0.0000651224
1732035600000,0.0000642045
1732039200000,0.0000777074
1732042800000,0.0000912606
1732046400000,0.0000591954
1732050000000,0.0000491368
1732053600000,0.0000277083
1732057200000,0.0000280215
1732060800000,0.000035744
1732064400000,0.0000310681
1732068000000,0.0000368771
1732071600000,0.0000523311
1732075200000,0.0000425212
1732078800000,0.0000546522
1732082400000,0.0000784053
1732086000000,0.0000787217
1732089600000,0.0000619655
1732093200000,0.0000924953
1732096800000,0.000068381
1732100400000,0.0000585107
1732104000000,0.000055788
1732107600000,0.0000618208
1732111200000,0.0000698151
1732114800000,0.0000610837
1732118400000,0.0000293825
1732122000000,0.0000125
1732125600000,0.0000125
1732129200000,0.0000125
1732132800000,0.0000125
1732136400000,0.0000125
1732140000000,0.0000125
1732143600000,0.0000125
1732147200000,0.0000125
1732150800000,0.0000125
1732154400000,0.0000140049
1732158000000,0.0000125
1732161600000,0.0000334717
1732165200000,0.0000347111
1732168800000,0.0000238414
1732172400000,0.0000288351
1732176000000,0.0000428213
1732179600000,0.0000232875
1732183200000,0.0000307132
1732186800000,0.0000353226
1732190400000,0.0000367566
1732194000000,0.000041209
1732197600000,0.0000509548
1732201200000,0.0000554089
1732204800000,0.0000213949
1732208400000,0.0000378686
1732212000000,0.0000414539
1732215600000,0.0000142125
1732219200000,0.000048857
1732222800000,0.0000454425
1732226400000,0.0000379985
1732230000000,0.0000563095
1732233600000,0.0000516612
1732237200000,0.0000365681
1732240800000,0.0000456513
1732244400000,0.0000600496
1732248000000,0.0000715037
1732251600000,0.0000702891
1732255200000,0.0000680565
1732258800000,0.0000635496
1732262400000,0.0000669612
1732266000000,0.000075054
1732269600000,0.0000680988
1732273200000,0.0000656593
1732276800000,0.0000619291
1732280400000,0.0000782597
1732284000000,0.0000598842
1732287600000,0.0000625978
1732291200000,0.0000601626
1732294800000,0.000050601
1732298400000,0.0000597943
1732302000000,0.0000262075
1732305600000,0.0000518794
1732309200000,0.0000444832
1732312800000,0.0000125
1732316400000,0.0000541382
1732320000000,0.0000379347
1732323600000,0.0000531778
1732327200000,0.0000368798
1732330800000,0.0000131742
1732334400000,0.0000246519
1732338000000,0.0000303705
1732341600000,0.0000363966
1732345200000,0.0000448171
1732348800000,0.00004027
1732352400000,0.000040421
1732356000000,0.0000279584
1732359600000,0.0000300842
1732363200000,0.0000301917
1732366800000,0.0000341145
1732370400000,0.0000449491
1732374000000,0.0000564415
1732377600000,0.0000520241
1732381200000,0.0000286661
1732384800000,0.0000579059
1732388400000,0.0000501359
1732392000000,0.0000473548
1732395600000,0.0000417684
1732399200000,0.0000560118
1732402800000,0.0000515212
1732406400000,0.0000490384
1732410000000,0.0000488085
1732413600000,0.0000522761
1732417200000,0.0000607998
1732420800000,0.000050165
1732424400000,0.0000564747
1732428000000,0.0000618688
1732431600000,0.000055494
1732435200000,0.0000460347
1732438800000,0.0000294234
1732442400000,0.000027167
1732446000000,0.0000335486
1732449600000,0.0000307463
1732453200000,0.0000371458
1732456800000,0.0000402799
1732460400000,0.0000681239
1732464000000,0.0000635932
1732467600000,0.0000703682
1732471200000,0.0000832232
1732474800000,0.0000874109
1732478400000,0.000068031
1732482000000,0.0000816332
1732485600000,0.000044523
1732489200000,0.0000896954
1732492800000,0.0000977972
1732496400000,0.0000851458
1732500000000,0.0000812469
1732503600000,0.0000812984
1732507200000,0.0000758741
1732510800000,0.0000741041
1732514400000,0.0000737142
1732518000000,0.0000802599
1732521600000,0.000071022
1732525200000,0.000071919
1732528800000,0.0000796829
1732532400000,0.0000848447
1732536000000,0.0000814035
1732539600000,0.0000755594
1732543200000,0.0000125
1732546800000,0.0000125
1732550400000,0.0000125
1732554000000,0.0000125
1732557600000,0.0000125
1732561200000,0.0000125
1732564800000,0.0000125
1732568400000,0.0000125
1732572000000,0.0000125
1732575600000,0.0000125
1732579200000,0.0000184427
1732582800000,0.0000125
1732586400000,0.0000125
1732590000000,0.0000125
1732593600000,0.0000125
1732597200000,0.0000125
1732600800000,0.0000125
1732604400000,0.0000125
1732608000000,0.0000125
1732611600000,0.0000125
1732615200000,0.0000125
1732618800000,0.0000125
1732622400000,0.0000222177
1732626000000,0.0000125
1732629600000,0.0000155999
1732633200000,0.0000125
1732636800000,0.0000125
1732640400000,0.0000125
1732644000000,0.0000125
1732647600000,0.0000125
1732651200000,0.0000304166
1732654800000,0.0000401901
1732658400000,0.0000413663
1732662000000,0.0000426231
1732665600000,0.0000384694
1732669200000,0.0000353587
1732672800000,0.0000423915
1732676400000,0.000020635
1732680000000,0.0000148908
1732683600000,0.0000367271
1732687200000,0.0000433533
1732690800000,0.0000407292
1732694400000,0.0000492471
1732698000000,0.000027093
1732701600000,0.0000253854
1732705200000,0.0000125
1732708800000,0.0000125
1732712400000,0.0000125
1732716000000,0.0000228113
1732719600000,0.0000386003
1732723200000,0.0000250724
1732726800000,0.0000311179
1732730400000,0.0000135359
1732734000000,0.0000380513
1732737600000,0.0000206436
1732741200000,0.0000125
1732744800000,0.0000125
1732748400000,0.0000145245
1732752000000,0.0000125
1732755600000,0.0000136409
1732759200000,0.0000227552
1732762800000,0.0000356387
1732766400000,0.0000125
1732770000000,0.0000125
1732773600000,0.0000125
1732777200000,0.0000125
1732780800000,0.0000125
1732784400000,0.0000125
1732788000000,0.0000125
1732791600000,0.0000125
1732795200000,0.0000125
1732798800000,0.0000125
1732802400000,0.0000125
1732806000000,0.0000125
1732809600000,0.0000125
1732813200000,0.0000125
1732816800000,0.0000125
1732820400000,0.0000125
1732824000000,0.0000172144
1732827600000,0.0000125
1732831200000,0.0000246079
1732834800000,0.0000190139
1732838400000,0.0000155138
1732842000000,0.0000199832
1732845600000,0.0000293936
1732849200000,0.0000526233
1732852800000,0.0000496278
1732856400000,0.0000251785
1732860000000,0.0000429586
1732863600000,0.0000228855
1732867200000,0.0000252972
1732870800000,0.0000319116
1732874400000,0.0000339528
1732878000000,0.0000565685
1732881600000,0.0000517523
1732885200000,0.0000198321
1732888800000,0.0000125
1732892400000,0.0000337534
1732896000000,0.0000591122
1732899600000,0.0000318136
1732903200000,0.0000220249
1732906800000,0.0000270226
1732910400000,0.0000125
1732914000000,0.0000312659
1732917600000,0.0000354316
1732921200000,0.0000312096
1732924800000,0.000032759
1732928400000,0.0000211129
1732932000000,0.0000219778
1732935600000,0.0000404332
1732939200000,0.0000341293
1732942800000,0.0000343705
1732946400000,0.000028087
1732950000000,0.0000293052
1732953600000,0.0000195735
1732957200000,0.0000225014
1732960800000,0.0000218789
1732964400000,0.0000163283
1732968000000,0.0000374008
1732971600000,0.0000438622
1732975200000,0.000026266
1732978800000,0.0000337801
1732982400000,0.0000319996
1732986000000,0.0000203359
1732989600000,0.0000294853
1732993200000,0.0000343426
1732996800000,0.000019089
1733000400000,0.0000270479
1733004000000,0.0000345629
1733007600000,0.0000291249
1733011200000,0.0000315702
1733014800000,0.0000288797
1733018400000,0.0000260341
1733022000000,0.0000154165
1733025600000,0.0000125
1733029200000,0.0000125
1733032800000,0.0000125
1733036400000,0.0000200319
1733040000000,0.0000179517
1733043600000,0.0000169144
1733047200000,0.0000154063
1733050800000,0.0000125
1733054400000,0.000021721
1733058000000,0.0000144629
1733061600000,0.0000297485
1733065200000,0.0000407188
1733068800000,0.0000285568
1733072400000,0.0000252996
1733076000000,0.0000343245
1733079600000,0.0000350789
1733083200000,0.0000167514
1733086800000,0.000021453
1733090400000,0.000034035
1733094000000,0.0000467459
1733097600000,0.0000536179
1733101200000,0.0000397646
1733104800000,0.0000645604
1733108400000,0.000039446
1733112000000,0.0000268274
1733115600000,0.0000125
1733119200000,0.0000152708
1733122800000,0.0000125
1733126400000,0.0000125
1733130000000,0.0000125
1733133600000,0.0000125
1733137200000,0.0000125
1733140800000,0.0000125
1733144400000,0.0000125
1733148000000,0.0000125
1733151600000,0.0000125
1733155200000,0.0000352688
1733158800000,0.0000125
1733162400000,0.0000125
1733166000000,0.0000125
1733169600000,0.0000125
1733173200000,0.0000134787
1733176800000,0.0000412017
1733180400000,0.0000342569
1733184000000,0.0000508782
1733187600000,0.0000460341
1733191200000,0.0000353351
1733194800000,0.000049768
1733198400000,0.0000468933
1733202000000,0.0000469175
1733205600000,0.000038348
1733209200000,0.0000685428
1733212800000,0.0000454998
1733216400000,0.0000374925
1733220000000,0.0000405528
1733223600000,0.0000429901
1733227200000,0.0000440643
1733230800000,0.0000417295
1733234400000,0.0000250596
1733238000000,0.0000527339
1733241600000,0.000051384
1733245200000,0.0000435305
1733248800000,0.0000260227
1733252400000,0.0000206533
1733256000000,0.0000584038
1733259600000,0.0000533081
1733263200000,0.0000754681
1733266800000,0.0000648108
1733270400000,0.0000471735
1733274000000,0.0000436995
1733277600000,0.0000552048
1733281200000,0.0000634583
1733284800000,0.0000654441
1733288400000,0.0000701567
1733292000000,0.0000532468
1733295600000,0.000051348
1733299200000,0.0000537782
1733302800000,0.0000416674
1733306400000,0.0000561504
1733310000000,0.0000449982
1733313600000,0.0000629501
1733317200000,0.0000395901
1733320800000,0.0000520289
1733324400000,0.0000687107
1733328000000,0.0000637621
1733331600000,0.0000302821
1733335200000,0.0000528507
1733338800000,0.0000453089
1733342400000,0.000110744
1733346000000,0.0001118169
1733349600000,0.0000673935
1733353200000,0.0000696843
1733356800000,0.0000585201
1733360400000,0.0000324214
1733364000000,0.0000273276
1733367600000,0.000240871
1733371200000,0.0003102826
1733374800000,0.0001549224
1733378400000,0.0001498587
1733382000000,0.000139605
1733385600000,0.000168235
1733389200000,0.0001296507
1733392800000,0.0001934556
1733396400000,0.0001262496
1733400000000,0.0001206624
1733403600000,0.0002426554
1733407200000,0.0001730833
1733410800000,0.0001493905
1733414400000,0.0001016656
1733418000000,0.0000673818
1733421600000,0.000054766
1733425200000,0.0000631057
1733428800000,0.0000622396
1733432400000,0.0000241683
1733436000000,0.0000125
1733439600000,0.0001055294
1733443200000,0.0001023558
1733446800000,0.0001147599
1733450400000,0.0001187944
1733454000000,0.0000901889
1733457600000,0.000060577
1733461200000,0.0000697731
1733464800000,0.0000605581
1733468400000,0.000074672
1733472000000,0.0000699264
1733475600000,0.0000798578
1733479200000,0.0000655172
1733482800000,0.0000600729
1733486400000,0.0000453419
1733490000000,0.0000457247
1733493600000,0.0000567314
1733497200000,0.0000592405
1733500800000,0.0000601231
1733504400000,0.0000400449
1733508000000,0.0000736243
1733511600000,0.0001100898
1733515200000,0.0000894444
1733518800000,0.0000770557
1733522400000,0.0000710881
1733526000000,0.0000738102
1733529600000,0.0000525491
1733533200000,0.0000740561
1733536800000,0.0000600268
1733540400000,0.0000605687
1733544000000,0.0000293984
1733547600000,0.0000440539
1733551200000,0.0000359614
1733554800000,0.0000339259
1733558400000,0.0000422697
1733562000000,0.0000472934
1733565600000,0.0000464589
1733569200000,0.000021445
1733572800000,0.0000330055
1733576400000,0.0000369419
1733580000000,0.0000184299
1733583600000,0.000056276
1733587200000,0.0000554553
1733590800000,0.000052882
1733594400000,0.0000516851
1733598000000,0.0000587005
1733601600000,0.000081076
1733605200000,0.0000976958
1733608800000,0.0000930437
1733612400000,0.0000709432
1733616000000,0.0000769104
1733619600000,0.0000677725
1733623200000,0.0000614516
1733626800000,0.0000810465
1733630400000,0.000064733
1733634000000,0.0000698014
1733637600000,0.0000469367
1733641200000,0.0000542374
1733644800000,0.0000606224
1733648400000,0.0000239797
1733652000000,0.0000239561
1733655600000,0.0000379235
1733659200000,0.0000577277
1733662800000,0.0000714493
1733666400000,0.0000882005
1733670000000,0.0000791634
1733673600000,0.0000758896
1733677200000,0.0000748245
1733680800000,0.0000743905
1733684400000,0.0000702964
1733688000000,0.0000587477
1733691600000,0.0000658621
1733695200000,0.0000576557
1733698800000,0.0000657802
1733702400000,0.0000840306
1733706000000,0.0000677761
1733709600000,0.0000611535
1733713200000,0.0000382307
1733716800000,0.0000275509
1733720400000,0.0000331048
1733724000000,0.0000331333
1733727600000,0.0000125
1733731200000,0.0000125
1733734800000,0.0000125
1733738400000,0.0000125
1733742000000,0.0000125
1733745600000,0.0000125
1733749200000,0.0000125
1733752800000,0.0000125
1733756400000,0.0000340848
1733760000000,0.0000330768
1733763600000,0.0000565536
1733767200000,0.0000386013
1733770800000,0.0000364219
1733774400000,0.0000125
1733778000000,0.0000125
1733781600000,0.0000488758
1733785200000,0.0000325216
1733788800000,0.0000516037
1733792400000,0.0000576059
1733796000000,0.0000365019
1733799600000,0.0000268841
1733803200000,0.0000125
1733806800000,0.0000125
1733810400000,0.0000182364
1733814000000,0.0000271209
1733817600000,0.0000125
1733821200000,0.0000125
1733824800000,0.0000125
1733828400000,0.0000219751
1733832000000,0.0000166482
1733835600000,0.0000125
1733839200000,0.0000125
1733842800000,0.0000245272
1733846400000,0.0000125
1733850000000,0.0000125
1733853600000,0.0000151208
1733857200000,0.0000405427
1733860800000,0.0000460193
1733864400000,0.0000442438
1733868000000,0.0000500307
1733871600000,0.0000383349
1733875200000,0.0000569786
1733878800000,0.0000274443
1733882400000,0.0000125
1733886000000,0.0000125
1733889600000,0.0000125
1733893200000,0.0000125
1733896800000,0.0000125
1733900400000,0.0000125
1733904000000,0.0000125
1733907600000,0.0000125
1733911200000,0.0000125
1733914800000,0.0000125
1733918400000,0.000019085
1733922000000,0.0000125
1733925600000,0.0000201131
1733929200000,0.0000488005
1733932800000,0.0000634055
1733936400000,0.0000464859
1733940000000,0.0000292086
1733943600000,0.000031689
1733947200000,0.0000229886
1733950800000,0.0000150817
1733954400000,0.0000176072
1733958000000,0.0000213064
1733961600000,0.0000125
1733965200000,0.0000125
1733968800000,0.0000125
1733972400000,0.0000125
1733976000000,0.0000125
1733979600000,0.0000125
1733983200000,0.0000165773
1733986800000,0.0000259856
1733990400000,0.0000300093
1733994000000,0.0000220755
1733997600000,0.0000207347
1734001200000,0.0000192708
1734004800000,0.0000125
1734008400000,0.0000125
1734012000000,0.000056192
1734015600000,0.000022617
1734019200000,0.0000341473
1734022800000,0.0000430809
1734026400000,0.0000453891
1734030000000,0.0000384474
1734033600000,0.0000372607
1734037200000,0.0000443669
1734040800000,0.0000397608
1734044400000,0.0000353375
1734048000000,0.0000256785
1734051600000,0.0000234427
1734055200000,0.0000125
1734058800000,0.0000265105
1734062400000,0.0000360156
1734066000000,0.0000296646
1734069600000,0.0000220531
1734073200000,0.0000168577
1734076800000,0.0000125
1734080400000,0.0000125
1734084000000,0.0000125
1734087600000,0.0000125
1734091200000,0.0000306551
1734094800000,0.0000256758
1734098400000,0.0000224904
1734102000000,0.0000404385
1734105600000,0.0000125
1734109200000,0.0000125
1734112800000,0.0000125
1734116400000,0.0000125
1734120000000,0.0000125
1734123600000,0.0000125
1734127200000,0.0000125
1734130800000,0.0000125
1734134400000,0.0000125
1734138000000,0.0000215781
1734141600000,0.0000561212
1734145200000,0.0000411649
1734148800000,0.0000590439
1734152400000,0.0000320059
1734156000000,0.0000501512
1734159600000,0.0000410717
1734163200000,0.0000411269
1734166800000,0.000040584
1734170400000,0.0000345656
1734174000000,0.0000245112
1734177600000,0.0000333045
1734181200000,0.0000294492
1734184800000,0.0000201521
1734188400000,0.000032991
1734192000000,0.0000239771
1734195600000,0.0000249176
1734199200000,0.0000313688
1734202800000,0.0000137644
1734206400000,0.0000257616
1734210000000,0.0000125
1734213600000,0.0000125
1734217200000,0.0000130216
1734220800000,0.0000184891
1734224400000,0.0000250788
1734228000000,0.0000426109
1734231600000,0.0000221185
1734235200000,0.0000125
1734238800000,0.0000125
1734242400000,0.0000125
1734246000000,0.0000125
1734249600000,0.0000357358
1734253200000,0.0000307298
1734256800000,0.0000551575
1734260400000,0.0000980657
1734264000000,0.000110857
1734267600000,0.0000837085
1734271200000,0.0000785392
1734274800000,0.0000958548
1734278400000,0.0000718297
1734282000000,0.0000933214
1734285600000,0.000146205
1734289200000,0.0001032644
1734292800000,0.0001031716
1734296400000,0.0000797506
1734300000000,0.0000915984
1734303600000,0.000059925
1734307200000,0.0001362994
1734310800000,0.000175647
1734314400000,0.0001124093
1734318000000,0.000080003
1734321600000,0.0000755512
1734325200000,0.0000515323
1734328800000,0.0000505384
1734332400000,0.0000527164
1734336000000,0.0000485057
1734339600000,0.0000402688
1734343200000,0.00004963
1734346800000,0.0000264495
1734350400000,0.0000125
1734354000000,0.0000180998
1734357600000,0.0000706784
1734361200000,0.0000888496
1734364800000,0.000089885
1734368400000,0.000053015
1734372000000,0.0000228453
1734375600000,0.000026441
1734379200000,0.0000412155
1734382800000,0.0000187906
1734386400000,0.0000223032
1734390000000,0.0000369911
1734393600000,0.0000335809
1734397200000,0.0000387752
1734400800000,0.0000493628
1734404400000,0.0000443605
1734408000000,0.0000391041
1734411600000,0.0000157962
1734415200000,0.0000125
1734418800000,0.0000125
1734422400000,0.0000252223
1734426000000,0.0000427773
1734429600000,0.0000279424
1734433200000,0.0000487711
1734436800000,0.0000434306
1734440400000,0.0000379267
1734444000000,0.0000266925
1734447600000,0.000049441
1734451200000,0.0000309759
1734454800000,0.0000346713
1734458400000,0.0000269191
1734462000000,0.0000214485
1734465600000,0.0000220173
1734469200000,0.00002179
1734472800000,0.0000125
1734476400000,0.0000125
1734480000000,0.0000125
1734483600000,0.0000125
1734487200000,0.0000125
1734490800000,0.0000125
1734494400000,0.0000125
1734498000000,0.0000125
1734501600000,0.0000125
1734505200000,0.0000125
1734508800000,0.0000125
1734512400000,0.0000266248
1734516000000,0.0000442973
1734519600000,0.0000702105
1734523200000,0.0000943209
1734526800000,0.000100916
1734530400000,0.0000601069
1734534000000,0.0000306574
1734537600000,0.0000125
1734541200000,0.0000245425
1734544800000,0.0000598424
1734548400000,0.0000276467
1734552000000,0.000033927
1734555600000,0.0000125
1734559200000,0.0000756493
1734562800000,0.0000125
1734566400000,0.0000125
1734570000000,0.0000125
1734573600000,0.0000125
1734577200000,0.0000125
1734580800000,0.0000395094
1734584400000,0.0000201376
1734588000000,0.0000335628
1734591600000,0.0000372565
1734595200000,0.0000396915
1734598800000,0.0000182333
1734602400000,0.0000215468
1734606000000,0.0000125
1734609600000,0.0000217314
1734613200000,0.0000244919
1734616800000,0.0000125
1734620400000,0.0000125
1734624000000,0.0000125
1734627600000,0.0000125
1734631200000,0.0000125
1734634800000,0.0000125
1734638400000,0.0000125
1734642000000,0.0000125
1734645600000,0.0000341329
1734649200000,0.0000125
1734652800000,0.0000125
1734656400000,0.0000125
1734660000000,0.0000125
1734663600000,0.0000125
1734667200000,0.0000125
1734670800000,0.0000125
1734674400000,0.0000125
1734678000000,0.0000125
1734681600000,0.0000125
1734685200000,0.0000125
1734688800000,0.0000125
1734692400000,0.0000125
1734696000000,0.0000125
1734699600000,0.0000125
1734703200000,0.0000261367
1734706800000,0.0000125
1734710400000,0.0000125
1734714000000,0.000018781
1734717600000,0.0000125
1734721200000,0.0000125
1734724800000,0.0000125
1734728400000,0.0000125
1734732000000,0.0000125
1734735600000,0.0000125
1734739200000,0.0000125
1734742800000,0.0000125
1734746400000,0.0000125
1734750000000,0.0000125
1734753600000,0.0000125
1734757200000,0.0000125
1734760800000,0.0000125
1734764400000,0.0000233389
1734768000000,0.0000235088
1734771600000,0.0000137966
1734775200000,0.000021983
1734778800000,0.0000125
1734782400000,0.0000125879
1734786000000,0.0000125
1734789600000,0.0000125
1734793200000,0.0000125
1734796800000,0.0000125
1734800400000,0.0000125
1734804000000,0.0000125
1734807600000,0.0000125
1734811200000,0.0000125
1734814800000,0.0000206387
1734818400000,0.0000125
1734822000000,0.0000125
1734825600000,0.0000125
1734829200000,0.0000125
1734832800000,0.0000125
1734836400000,0.0000125
1734840000000,0.0000125
1734843600000,0.0000125
1734847200000,0.0000125
1734850800000,0.0000125
1734854400000,0.0000125
1734858000000,0.0000125
1734861600000,0.0000125
1734865200000,0.0000125
1734868800000,0.0000087032
1734872400000,0.0000125
1734876000000,0.0000125
1734879600000,0.0000125
1734883200000,0.0000125
1734886800000,0.0000125
1734890400000,0.0000125
1734894000000,0.0000125
1734897600000,0.0000125
1734901200000,0.0000125
1734904800000,0.0000125
1734908400000,0.0000125
1734912000000,0.0000125
1734915600000,0.0000125
1734919200000,0.0000125
1734922800000,0.0000125
1734926400000,0.0000125
1734930000000,0.0000125
1734933600000,-0.0000003161
1734937200000,-0.0000322795
1734940800000,-0.0000095318
1734944400000,0.0000064073
1734948000000,0.0000125
1734951600000,0.0000125
1734955200000,0.0000125
1734958800000,0.0000125
1734962400000,0.0000125
1734966000000,0.0000125
1734969600000,0.0000125
1734973200000,0.0000125
1734976800000,0.0000125
1734980400000,0.0000125
1734984000000,0.0000125
1734987600000,0.0000125
1734991200000,0.0000146495
1734994800000,0.0000248967
1734998400000,0.0000125
1735002000000,0.0000125
1735005600000,0.0000125
1735009200000,0.0000125
1735012800000,0.0000125
1735016400000,0.0000125
1735020000000,0.0000125
1735023600000,0.0000125
1735027200000,0.0000125
1735030800000,0.0000125
1735034400000,0.0000125
1735038000000,0.0000125
1735041600000,0.0000125
1735045200000,0.0000125
1735048800000,0.0000198542
1735052400000,0.0000352985
1735056000000,0.0000125
1735059600000,0.0000125
1735063200000,0.0000092522
1735066800000,-0.000026016
1735070400000,-0.0000201301
1735074000000,0.0000125
1735077600000,0.0000125
1735081200000,0.0000125
1735084800000,0.0000125
1735088400000,0.0000097176
1735092000000,0.0000008337
1735095600000,0.0000125
1735099200000,0.0000125
1735102800000,0.0000125
1735106400000,0.0000125
1735110000000,0.0000125
1735113600000,0.0000125
1735117200000,0.0000125
1735120800000,0.0000125
1735124400000,0.0000125
1735128000000,0.0000125
1735131600000,0.0000125
1735135200000,0.0000125
1735138800000,0.0000125
1735142400000,0.0000125
1735146000000,0.0000125
1735149600000,0.0000125
1735153200000,0.0000125
1735156800000,0.0000125
1735160400000,0.0000125
1735164000000,0.0000125
1735167600000,0.0000125
1735171200000,0.0000125
1735174800000,0.0000125
1735178400000,0.0000125
1735182000000,0.0000125
1735185600000,0.0000125
1735189200000,0.0000125
1735192800000,0.0000125
1735196400000,0.0000125
1735200000000,0.0000099745
1735203600000,0.0000125
1735207200000,0.0000125
1735210800000,0.0000125
1735214400000,0.0000243181
1735218000000,0.0000125
1735221600000,0.000017783
1735225200000,0.0000131327
1735228800000,0.0000125
1735232400000,0.0000125
1735236000000,0.000024322
1735239600000,0.0000125
1735243200000,0.0000125
1735246800000,0.0000186004
1735250400000,0.0000281322
1735254000000,0.0000504655
1735257600000,0.0000510474
1735261200000,0.0000263396
1735264800000,0.0000224478
1735268400000,0.0000385901
1735272000000,0.0000289524
1735275600000,0.0000146279
1735279200000,0.0000125
1735282800000,0.0000125
1735286400000,0.0000125
1735290000000,0.0000125
1735293600000,0.0000125
1735297200000,0.0000125
1735300800000,0.0000125
1735304400000,0.0000402342
1735308000000,0.0000160684
1735311600000,0.0000125
1735315200000,0.0000125
1735318800000,0.0000125
1735322400000,0.0000125
1735326000000,0.0000125
1735329600000,0.0000125
1735333200000,0.0000125
1735336800000,0.0000125
1735340400000,0.0000125
1735344000000,0.0000125
1735347600000,0.0000125
1735351200000,0.0000125
1735354800000,0.0000125
1735358400000,0.0000125
1735362000000,0.0000125
1735365600000,0.0000125
1735369200000,0.0000125
1735372800000,0.0000125
1735376400000,0.0000125
1735380000000,0.0000125
1735383600000,0.0000125
1735387200000,0.0000125
1735390800000,0.0000125
1735394400000,0.0000125
1735398000000,0.0000193278
1735401600000,0.0000222785
1735405200000,0.0000207298
1735408800000,0.0000208415
1735412400000,0.0000125
1735416000000,0.0000177335
1735419600000,0.0000125
1735423200000,0.0000125
1735426800000,0.0000125
1735430400000,0.0000229007
1735434000000,0.0000125
1735437600000,0.0000125
1735441200000,0.0000125
1735444800000,0.0000125
1735448400000,0.0000125
1735452000000,0.0000125
1735455600000,0.0000125
1735459200000,0.0000125
1735462800000,0.0000125
1735466400000,0.0000125
1735470000000,0.0000125
1735473600000,0.0000125
1735477200000,0.0000125
1735480800000,0.0000125
1735484400000,0.0000125
1735488000000,0.0000125
1735491600000,0.0000125
1735495200000,0.0000125
1735498800000,0.0000125
1735502400000,0.0000125
1735506000000,0.0000125
1735509600000,0.0000125
1735513200000,0.0000125
1735516800000,0.0000125
1735520400000,0.0000125
1735524000000,0.0000133961
1735527600000,0.0000506256
1735531200000,0.0000305834
1735534800000,0.000041758
1735538400000,0.0000327709
1735542000000,0.0000135987
1735545600000,0.0000125
1735549200000,0.0000147812
1735552800000,0.0000125
1735556400000,0.0000125
1735560000000,0.0000125
1735563600000,0.0000148215
1735567200000,0.0000125
1735570800000,0.0000125
1735574400000,0.0000125
1735578000000,0.0000125
1735581600000,0.0000125
1735585200000,0.0000331496
1735588800000,0.0000125
1735592400000,0.0000125
1735596000000,0.0000125
1735599600000,0.0000125
1735603200000,0.0000125
1735606800000,0.0000125
1735610400000,0.0000125
1735614000000,0.0000125
1735617600000,0.0000125
1735621200000,0.0000125
1735624800000,0.0000125
1735628400000,0.0000125
1735632000000,0.0000125
1735635600000,0.0000545464
1735639200000,0.0000240244
1735642800000,0.0000138039
1735646400000,0.0000125
1735650000000,0.0000163843
1735653600000,0.0000315644
1735657200000,0.0000253336
1735660800000,0.0000125
1735664400000,0.0000125
1735668000000,0.0000125
1735671600000,0.0000125
1735675200000,0.0000133681
1735678800000,0.0000129198
1735682400000,0.000019994
1735686000000,0.0000125
1735689600000,0.0000125
1735693200000,0.0000181785
1735696800000,0.0000342325
1735700400000,0.000044799
1735704000000,0.0000519877
1735707600000,0.0000448671
1735711200000,0.0000540558
1735714800000,0.0000596337
1735718400000,0.0000618781
1735722000000,0.0000445835
1735725600000,0.0000125
1735729200000,0.000023271
1735732800000,0.000036664
1735736400000,0.0000384887
1735740000000,0.0000467339
1735743600000,0.0000193354
1735747200000,0.0000513749
1735750800000,0.0000357195
1735754400000,0.0000140523
1735758000000,0.0000466916
1735761600000,0.0000565034
1735765200000,0.0000624829
1735768800000,0.0000708017
1735772400000,0.0000451486
1735776000000,0.0000274845
1735779600000,0.0000125
1735783200000,0.0000125
1735786800000,0.0000125
1735790400000,0.0000125
1735794000000,0.0000125
1735797600000,0.0000125
1735801200000,0.000025002
1735804800000,0.0000367324
1735808400000,0.0000208376
1735812000000,0.000028833
1735815600000,0.0000303936
1735819200000,0.0000155111
1735822800000,0.0000125
1735826400000,0.0000139711
1735830000000,0.0000129305
1735833600000,0.0000262306
1735837200000,0.0000125
1735840800000,0.0000125
1735844400000,0.0000125
1735848000000,0.0000125
1735851600000,0.0000125
1735855200000,0.0000125
1735858800000,0.0000125
1735862400000,0.0000125
1735866000000,0.0000125
1735869600000,0.0000125
1735873200000,0.0000125
1735876800000,0.0000125
1735880400000,0.0000125
1735884000000,0.0000125
1735887600000,0.0000125
1735891200000,0.0000125
1735894800000,0.0000125
1735898400000,0.0000125
1735902000000,0.0000125
1735905600000,0.0000125
1735909200000,0.0000125
1735912800000,0.0000125
1735916400000,0.0000125
1735920000000,0.0000125
1735923600000,0.0000125
1735927200000,0.0000125
1735930800000,0.0000125
1735934400000,0.0000125
1735938000000,0.0000125
1735941600000,0.0000125
1735945200000,0.0000125
1735948800000,0.0000125
1735952400000,0.0000125
1735956000000,0.0000125
1735959600000,0.0000125
1735963200000,0.0000125
1735966800000,0.0000125
1735970400000,0.0000125
1735974000000,0.0000125
1735977600000,0.0000125
1735981200000,0.0000125
1735984800000,0.0000125
1735988400000,0.0000125
1735992000000,0.0000125
1735995600000,0.0000125
1735999200000,0.0000125
1736002800000,0.0000125
1736006400000,0.0000125
1736010000000,0.0000125
1736013600000,0.0000125
1736017200000,0.0000125
1736020800000,0.0000125
1736024400000,0.0000125
1736028000000,0.0000125
1736031600000,0.0000125
1736035200000,0.0000125
1736038800000,0.0000125
1736042400000,0.0000125
1736046000000,0.0000125
1736049600000,0.0000125
1736053200000,0.0000125
1736056800000,0.0000125
1736060400000,0.0000125
1736064000000,0.0000125
1736067600000,0.0000125
1736071200000,0.0000125
1736074800000,0.0000125
1736078400000,0.0000125
1736082000000,0.0000125
1736085600000,0.0000125
1736089200000,0.0000125
1736092800000,0.0000125
1736096400000,0.0000125
1736100000000,0.0000125
1736103600000,0.0000125
1736107200000,0.0000125
1736110800000,0.0000125
1736114400000,0.0000125
1736118000000,0.0000125
1736121600000,0.0000125
1736125200000,0.0000125
1736128800000,0.0000125
1736132400000,0.0000125
1736136000000,0.0000130784
1736139600000,0.0000182349
1736143200000,0.0000125
1736146800000,0.0000125
1736150400000,0.0000125
1736154000000,0.0000125
1736157600000,0.0000125
1736161200000,0.0000125
1736164800000,0.0000125
1736168400000,0.0000125
1736172000000,0.0000125
1736175600000,0.0000125
1736179200000,0.0000125
1736182800000,0.0000125
1736186400000,0.0000125
1736190000000,0.0000125
1736193600000,0.0000125
1736197200000,0.0000125
1736200800000,0.0000125
1736204400000,0.0000125
1736208000000,0.0000125
1736211600000,0.0000125
1736215200000,0.0000125
1736218800000,0.0000125
1736222400000,0.0000125
1736226000000,0.0000125
1736229600000,0.0000125
1736233200000,0.0000125
1736236800000,0.0000125
1736240400000,0.0000125
1736244000000,0.0000125
1736247600000,0.0000125
1736251200000,0.0000125
1736254800000,0.0000125
1736258400000,0.0000125
1736262000000,0.0000125
1736265600000,0.000122767
1736269200000,0.0000804842
1736272800000,0.0000193388
1736276400000,0.0000125
1736280000000,0.0000125
1736283600000,0.0000342457
1736287200000,0.0001307891
1736290800000,0.0001050585
1736294400000,0.0000404375
1736298000000,0.0000316914
1736301600000,0.0000125
1736305200000,0.0000125
1736308800000,0.0000125
1736312400000,0.0000125
1736316000000,0.0000125
1736319600000,0.0000125
1736323200000,0.0000125
1736326800000,0.0000125
1736330400000,0.0000125
1736334000000,0.0000125
1736337600000,0.0000125
1736341200000,0.0000125
1736344800000,0.0000125
1736348400000,0.0000125
1736352000000,0.0000261815
1736355600000,0.0000212059
1736359200000,0.0000125
1736362800000,0.0000547142
1736366400000,0.0000934098
1736370000000,0.0001233542
1736373600000,0.0000993965
1736377200000,0.0000999515
1736380800000,0.0000238238
1736384400000,0.0000193181
1736388000000,0.0000523754
1736391600000,0.0000125
1736395200000,0.0000125
1736398800000,0.0000125
1736402400000,0.0000125
1736406000000,0.0000125
1736409600000,0.0000125
1736413200000,0.0000125
1736416800000,0.0000125
1736420400000,0.0000125
1736424000000,0.0000125
1736427600000,0.0000125
1736431200000,0.0000091037
1736434800000,0.0000063813
1736438400000,0.0000125
1736442000000,0.0000125
1736445600000,0.0000125
1736449200000,0.0000125
1736452800000,0.0000125
1736456400000,0.0000125
1736460000000,0.0000125
1736463600000,0.0000125
1736467200000,0.0000125
1736470800000,0.0000125
1736474400000,0.0000125
1736478000000,0.0000125
1736481600000,0.0000125
1736485200000,0.0000125
1736488800000,0.0000125
1736492400000,0.0000125
1736496000000,0.0000125
1736499600000,0.0000125
1736503200000,0.0000125
1736506800000,0.0000125
1736510400000,0.0000125
1736514000000,0.0000125
1736517600000,0.000004968
1736521200000,0.0000064248
1736524800000,0.0000125
1736528400000,0.0000125
1736532000000,0.0000125
1736535600000,0.0000125
1736539200000,0.0000125
1736542800000,0.0000125
1736546400000,0.000018195
1736550000000,0.0000151314
1736553600000,0.0000125
1736557200000,0.0000149826
1736560800000,0.0000125
1736564400000,0.0000125
1736568000000,0.0000125
1736571600000,0.0000125
1736575200000,0.0000125
1736578800000,0.0000125
1736582400000,0.0000125
1736586000000,0.0000125
1736589600000,0.0000125
1736593200000,0.0000125
1736596800000,0.0000125
1736600400000,0.0000125
1736604000000,0.0000125
1736607600000,0.0000125
1736611200000,0.0000125
1736614800000,0.0000125
1736618400000,0.0000125
1736622000000,0.0000125
1736625600000,0.0000125
1736629200000,0.0000125
1736632800000,0.0000125
1736636400000,0.0000125
1736640000000,0.0000125
1736643600000,0.0000125
1736647200000,0.0000125
1736650800000,0.0000125
1736654400000,0.0000125
1736658000000,0.0000125
1736661600000,0.0000125
1736665200000,0.0000125
1736668800000,0.0000125
1736672400000,0.0000125
1736676000000,0.0000125
1736679600000,0.0000125
1736683200000,0.0000125
1736686800000,0.0000125
1736690400000,0.0000125
1736694000000,0.0000125
1736697600000,0.0000133369
1736701200000,0.000022583
1736704800000,0.0000198524
1736708400000,0.000029016
1736712000000,0.0000258468
1736715600000,0.0000326025
1736719200000,0.000018281
1736722800000,0.0000217493
1736726400000,0.0000191522
1736730000000,0.0000128146
1736733600000,0.0000125
1736737200000,0.0000162867
1736740800000,0.0000125
1736744400000,0.0000125
1736748000000,0.0000125
1736751600000,0.0000125
1736755200000,0.0000125
1736758800000,0.0000125
1736762400000,0.0000125
1736766000000,0.0000125
1736769600000,0.0000125
1736773200000,0.000012941
1736776800000,0.0000172555
1736780400000,0.0000125
1736784000000,0.0000125
1736787600000,0.0000125
1736791200000,0.0000125
1736794800000,0.0000125
1736798400000,0.0000125
1736802000000,0.0000125
1736805600000,0.0000114611
1736809200000,0.0000085679
1736812800000,0.0000123966
1736816400000,0.000009748
1736820000000,0.0000125
1736823600000,0.0000125
1736827200000,0.0000125
1736830800000,0.0000125
1736834400000,0.0000125
1736838000000,0.0000125
1736841600000,0.0000125
1736845200000,0.0000125
1736848800000,0.0000125
1736852400000,0.0000125
1736856000000,0.0000125
1736859600000,0.0000125
1736863200000,0.0000125
1736866800000,0.0000125
1736870400000,0.0000125
1736874000000,0.0000125
1736877600000,0.0000125
1736881200000,0.0000125
1736884800000,0.0000125
1736888400000,0.0000125
1736892000000,0.0000125
1736895600000,0.0000125
1736899200000,0.0000125
1736902800000,0.0000046335
1736906400000,0.000012197
1736910000000,-0.0000132726
1736913600000,-0.0000035518
1736917200000,0.0000075242
1736920800000,0.0000033173
1736924400000,0.0000120355
1736928000000,0.0000055702
1736931600000,0.0000087437
1736935200000,-0.0000023373
1736938800000,0.0000012719
1736942400000,0.0000115945
1736946000000,0.0000125
1736949600000,0.0000125
1736953200000,0.0000125
1736956800000,0.0000125
1736960400000,0.0000125
1736964000000,0.0000125
1736967600000,0.0000125
1736971200000,0.0000125
1736974800000,0.0000125
1736978400000,0.0000125
1736982000000,0.0000125
1736985600000,0.0000125
1736989200000,0.0000125
1736992800000,0.0000125
1736996400000,0.0000125
1737000000000,0.0000125
1737003600000,0.0000125
1737007200000,0.0000125
1737010800000,0.0000125
1737014400000,0.0000125
1737018000000,0.0000125
1737021600000,0.0000125
1737025200000,0.0000125
1737028800000,0.0000125
1737032400000,0.0000125
1737036000000,0.0000125
1737039600000,0.0000125
1737043200000,0.0000125
1737046800000,0.0000125
1737050400000,0.0000125
1737054000000,0.0000125
1737057600000,0.0000125
1737061200000,0.0000159998
1737064800000,0.0000125
1737068400000,0.0000125
1737072000000,0.0000125
1737075600000,0.0000125
1737079200000,0.0000125
1737082800000,0.0000158777
1737086400000,0.0000197914
1737090000000,0.0000142458
1737093600000,0.0000212092
1737097200000,0.0000161441
1737100800000,0.0000159232
1737104400000,0.0000212
1737108000000,0.0000168005
1737111600000,0.000021403
1737115200000,0.0000222166
1737118800000,0.0000236795
1737122400000,0.0000180215
1737126000000,0.0000227603
1737129600000,0.0000158694
1737133200000,0.0000125
1737136800000,0.0000125
1737140400000,0.0000125
1737144000000,0.0000125
1737147600000,0.0000125
1737151200000,0.0000125
1737154800000,0.0000125
1737158400000,0.0000125
1737162000000,0.0000125
1737165600000,0.0000125
1737169200000,0.0000125
1737172800000,0.0000125
1737176400000,0.0000125
1737180000000,0.0000125
1737183600000,0.0000125
1737187200000,0.0000125
1737190800000,0.0000125
1737194400000,0.0000125
1737198000000,0.0000125
1737201600000,0.0000125
1737205200000,0.0000125
1737208800000,0.0000125
1737212400000,0.0000125
1737216000000,0.0000155614
1737219600000,0.0000125
1737223200000,0.0000125
1737226800000,0.0000125
1737230400000,0.0000125
1737234000000,0.000012793
1737237600000,0.0000125
1737241200000,0.0000160773
1737244800000,0.0000125
1737248400000,0.0000129524
1737252000000,0.0000131063
1737255600000,0.0000390406
1737259200000,0.00003904
1737262800000,0.0000209958
1737266400000,0.0000334553
1737270000000,0.0000255211
1737273600000,0.0000242257
1737277200000,0.000023956
1737280800000,0.0000213967
1737284400000,0.0000180095
1737288000000,0.000025604
1737291600000,0.0000243979
1737295200000,0.0000275475
1737298800000,0.0000334731
1737302400000,0.0000409043
1737306000000,0.0000422971
1737309600000,0.0000525332
1737313200000,0.0000577891
1737316800000,0.0000882277
1737320400000,0.0001409507
1737324000000,0.0000379111
1737327600000,0.0000125
1737331200000,0.0000125
1737334800000,0.0000125
1737338400000,0.0000148916
1737342000000,0.0000415009
1737345600000,0.0000525141
1737349200000,0.0000671494
1737352800000,0.0000549412
1737356400000,0.0001544409
1737360000000,0.0003392506
1737363600000,0.000160057
1737367200000,0.0001040447
1737370800000,0.000086017
1737374400000,0.0000706457
1737378000000,0.0000912513
1737381600000,0.000114158
1737385200000,0.000069584
1737388800000,0.000080675
1737392400000,0.0000594814
1737396000000,0.0000346814
1737399600000,0.0000865801
1737403200000,0.0000514592
1737406800000,0.0000942107
1737410400000,0.0000640516
1737414000000,0.0000839151
1737417600000,0.000017564
1737421200000,0.0000125
1737424800000,0.0000125
1737428400000,0.0000125
1737432000000,0.0000326577
1737435600000,0.0000212812
1737439200000,0.0000145781
1737442800000,0.0000314895
1737446400000,0.0000524921
1737450000000,0.0000512792
1737453600000,0.0000529975
1737457200000,0.0000556988
1737460800000,0.0000791702
1737464400000,0.0000211278
1737468000000,0.0000135489
1737471600000,0.0000324526
1737475200000,0.0000276815
1737478800000,0.0000125
1737482400000,0.0000543415
1737486000000,0.0000825305
1737489600000,0.0000368535
1737493200000,0.0000158901
1737496800000,0.0000290344
1737500400000,0.0000186429
1737504000000,0.0000155035
1737507600000,0.0000125
1737511200000,0.0000125
1737514800000,0.0000202345
1737518400000,0.0000294432
1737522000000,0.0000181516
1737525600000,0.0000199523
1737529200000,0.0000169061
1737532800000,0.0000125
1737536400000,0.0000125
1737540000000,0.0000125
1737543600000,0.0000125
1737547200000,0.0000170988
1737550800000,0.0000215877
1737554400000,0.0000160439
1737558000000,0.0000358516
1737561600000,0.0000179121
1737565200000,0.0000229375
1737568800000,0.0000471641
1737572400000,0.0000303952
1737576000000,0.0000373116
1737579600000,0.0000352571
1737583200000,0.0000125
1737586800000,0.0000125
1737590400000,0.0000125
1737594000000,0.0000125
1737597600000,0.0000125
1737601200000,0.0000125
1737604800000,0.0000125
1737608400000,0.0000125
1737612000000,0.0000125
1737615600000,0.0000125
1737619200000,0.0000125
1737622800000,0.0000125
1737626400000,0.0000125
1737630000000,0.0000125
1737633600000,0.0000125
1737637200000,0.0000125
1737640800000,0.0000125
1737644400000,0.0000125
1737648000000,0.0000125
1737651600000,0.0000125
1737655200000,0.0000125
1737658800000,0.0000125
1737662400000,0.0000125
1737666000000,0.0000125
1737669600000,0.0000125
1737673200000,0.0000125
1737676800000,0.0000125
1737680400000,0.0000125
1737684000000,0.0000125
1737687600000,0.0000125
1737691200000,0.0000125
1737694800000,0.0000125
1737698400000,0.0000125
1737702000000,0.0000125
1737705600000,0.0000125
1737709200000,0.0000125
1737712800000,0.0000125
1737716400000,0.0000125
1737720000000,0.0000125
1737723600000,0.0000125
1737727200000,0.0000125
1737730800000,0.0000125
1737734400000,0.0000125
1737738000000,0.0000125
1737741600000,0.0000125
1737745200000,0.0000125
1737748800000,0.0000125
1737752400000,0.0000125
1737756000000,0.0000125
1737759600000,0.0000125
1737763200000,0.0000125
1737766800000,0.0000125
1737770400000,0.0000125
1737774000000,0.0000125
1737777600000,0.0000125
1737781200000,0.0000125
1737784800000,0.0000125
1737788400000,0.0000125
1737792000000,0.0000125
1737795600000,0.0000125
1737799200000,0.0000125
1737802800000,0.0000125
1737806400000,0.0000125
1737810000000,0.0000125
1737813600000,0.0000125
1737817200000,0.0000125
1737820800000,0.0000125
1737824400000,0.0000125
1737828000000,0.0000125
1737831600000,0.0000125
1737835200000,0.0000125
1737838800000,0.0000125
1737842400000,0.0000125
1737846000000,0.0000125
1737849600000,0.0000125
1737853200000,0.0000125
1737856800000,0.0000125
1737860400000,0.0000125
1737864000000,0.0000125
1737867600000,0.0000125
1737871200000,0.0000125
1737874800000,0.0000125
1737878400000,0.0000125
1737882000000,0.0000125
1737885600000,0.0000125
1737889200000,0.0000125
1737892800000,0.0000125
1737896400000,0.0000125
1737900000000,0.0000125
1737903600000,0.0000125
1737907200000,0.0000125
1737910800000,0.0000125
1737914400000,0.0000125
1737918000000,0.0000125
1737921600000,0.0000125
1737925200000,0.0000125
1737928800000,0.0000125
1737932400000,0.0000125
1737936000000,0.0000125
1737939600000,0.0000125
1737943200000,0.0000021639
1737946800000,-0.0000047093
1737950400000,0.0000125
1737954000000,-0.0000082361
1737957600000,0.0000020192
1737961200000,-0.0000020552
1737964800000,0.0000125
1737968400000,0.0000125
1737972000000,0.0000125
1737975600000,0.0000125
1737979200000,0.0000125
1737982800000,0.0000125
1737986400000,0.000035634
1737990000000,0.0000187516
1737993600000,0.0000125
1737997200000,0.0000125
1738000800000,0.0000125
1738004400000,0.0000125
1738008000000,0.0000125
1738011600000,0.0000125
1738015200000,0.0000125
1738018800000,0.0000125
1738022400000,0.0000125
1738026000000,0.0000125
1738029600000,0.0000125
1738033200000,0.0000125
1738036800000,0.0000125
1738040400000,0.0000125
1738044000000,0.0000125
1738047600000,0.0000125
1738051200000,0.0000125
1738054800000,0.0000125
1738058400000,0.0000125
1738062000000,0.0000125
1738065600000,0.0000125
1738069200000,0.0000125
1738072800000,0.0000125
1738076400000,0.0000125
1738080000000,0.0000125
1738083600000,0.0000125
1738087200000,0.0000125
1738090800000,0.0000125
1738094400000,0.0000125
1738098000000,0.0000125
1738101600000,0.0000125
1738105200000,0.0000097789
1738108800000,-0.0000166555
1738112400000,0.0000125
1738116000000,0.0000125
1738119600000,0.0000125
1738123200000,0.0000125
1738126800000,0.0000125
1738130400000,0.0000125
1738134000000,0.0000125
1738137600000,0.0000125
1738141200000,0.0000125
1738144800000,0.0000125
1738148400000,0.0000125
1738152000000,0.0000125
1738155600000,0.0000125
1738159200000,0.0000095703
1738162800000,0.0000066726
1738166400000,0.0000036561
1738170000000,-0.0000048114
1738173600000,0.0000125
1738177200000,0.0000084437
1738180800000,0.0000072181
1738184400000,0.0000015989
1738188000000,0.0000010295
1738191600000,0.0000017166
1738195200000,0.0000125
1738198800000,0.0000125
1738202400000,0.0000125
1738206000000,0.0000125
1738209600000,0.0000125
1738213200000,0.0000125
1738216800000,0.0000125
1738220400000,0.0000125
1738224000000,0.0000125
1738227600000,0.0000125
1738231200000,0.0000125
1738234800000,0.0000125
1738238400000,0.0000125
1738242000000,0.0000103589
1738245600000,0.0000053166
1738249200000,0.0000125
1738252800000,0.0000125
1738256400000,0.0000125
1738260000000,0.0000125
1738263600000,0.0000125
1738267200000,0.0000123934
1738270800000,0.0000125
1738274400000,0.0000125
1738278000000,0.0000125
1738281600000,0.0000125
1738285200000,0.0000125
1738288800000,0.0000125
1738292400000,0.0000125
1738296000000,0.0000096792
1738299600000,0.0000125
1738303200000,0.0000125
1738306800000,0.0000125
1738310400000,0.0000125
1738314000000,0.0000125
1738317600000,0.0000125
1738321200000,0.0000125
1738324800000,0.0000125
1738328400000,0.0000125
1738332000000,0.0000125
1738335600000,0.0000125
1738339200000,0.0000125
1738342800000,0.0000125
1738346400000,0.0000125
1738350000000,0.0000125
1738353600000,0.000037331
1738357200000,0.000064654
1738360800000,0.0000446042
1738364400000,0.0000733064
1738368000000,0.0000189096
1738371600000,0.0000125
1738375200000,0.0000125
1738378800000,0.0000125
1738382400000,0.0000125
1738386000000,0.0000125
1738389600000,0.0000125
1738393200000,0.0000125
1738396800000,0.0000125
1738400400000,0.0000125
1738404000000,0.0000125
1738407600000,0.0000125
1738411200000,0.0000125
1738414800000,0.0000125
1738418400000,0.0000125
1738422000000,0.0000125
1738425600000,0.0000125
1738429200000,0.0000125
1738432800000,0.0000125
1738436400000,0.0000125
1738440000000,0.0000125
1738443600000,0.0000054723
1738447200000,0.0000125
1738450800000,0.0000125
1738454400000,0.0000125
1738458000000,0.0000125
1738461600000,0.0000125
1738465200000,0.0000125
1738468800000,0.0000125
1738472400000,0.0000125
1738476000000,0.0000125
1738479600000,0.0000125
1738483200000,0.0000125
1738486800000,0.0000125
1738490400000,0.0000125
1738494000000,0.0000125
1738497600000,0.0000125
1738501200000,0.0000125
1738504800000,0.0000125
1738508400000,0.0000125
1738512000000,0.0000125
1738515600000,0.0000125
1738519200000,0.0000125
1738522800000,0.0000125
1738526400000,0.0000125
1738530000000,0.0000125
1738533600000,0.0000125
1738537200000,0.0000125
1738540800000,0.0000227986
1738544400000,0.0000127489
1738548000000,0.0000642261
1738551600000,0.0000554485
1738555200000,0.0000125
1738558800000,0.0000125
1738562400000,0.0000125
1738566000000,0.0000125
1738569600000,0.0000125
1738573200000,0.0000125
1738576800000,0.0000125
1738580400000,0.0000125
1738584000000,0.0000125
1738587600000,0.0000125
1738591200000,0.0000125
1738594800000,0.0000125
1738598400000,0.0000208875
1738602000000,0.0000125
1738605600000,0.0000125
1738609200000,0.0000125
1738612800000,0.0000125
1738616400000,0.0000125
1738620000000,0.0000125
1738623600000,0.0000125
1738627200000,0.0000125
1738630800000,0.0000125
1738634400000,0.0000125
1738638000000,0.0000125
1738641600000,0.0000125
1738645200000,0.0000125
1738648800000,0.0000125
1738652400000,0.0000125
1738656000000,0.0000125
1738659600000,0.0000125
1738663200000,0.0000125
1738666800000,0.0000125
1738670400000,0.0000125
1738674000000,0.0000172977
1738677600000,0.0000237382
1738681200000,0.0000194493
1738684800000,0.0000299428
1738688400000,0.0000125
1738692000000,0.0000143665
1738695600000,0.0000237039
1738699200000,0.0000138082
1738702800000,0.0000125
1738706400000,0.0000125
1738710000000,0.000012524
1738713600000,0.0000125
1738717200000,0.0000125
1738720800000,0.0000125
1738724400000,0.0000125
1738728000000,0.0000125
1738731600000,0.0000125
1738735200000,0.0000125
1738738800000,0.0000125
1738742400000,0.0000125
1738746000000,0.0000125
1738749600000,0.0000125
1738753200000,0.0000125
1738756800000,0.0000145195
1738760400000,0.0000125
1738764000000,0.0000182023
1738767600000,0.0000174722
1738771200000,0.0000141896
1738774800000,0.0000125
1738778400000,0.000012762
1738782000000,0.0000125
1738785600000,0.0000125
1738789200000,0.0000125
1738792800000,0.0000125
1738796400000,0.0000125
1738800000000,0.0000125
1738803600000,0.0000125
1738807200000,0.0000125
1738810800000,0.0000125
1738814400000,0.0000125
1738818000000,0.0000125
1738821600000,0.0000125
1738825200000,0.0000125
1738828800000,0.0000125
1738832400000,0.0000125
1738836000000,0.0000125
1738839600000,0.0000125
1738843200000,0.0000125
1738846800000,0.0000125
1738850400000,0.0000125
1738854000000,0.0000125
1738857600000,0.0000125
1738861200000,0.0000125
1738864800000,0.0000125
1738868400000,0.0000125
1738872000000,0.0000125
1738875600000,0.0000125
1738879200000,0.0000125
1738882800000,0.0000125
1738886400000,0.0000125
1738890000000,0.0000125
1738893600000,0.0000125
1738897200000,0.0000125
1738900800000,0.0000125
1738904400000,0.0000125
1738908000000,0.0000125
1738911600000,0.0000125
1738915200000,0.0000125
1738918800000,0.0000125
1738922400000,0.0000125
1738926000000,0.0000125
1738929600000,0.0000125
1738933200000,0.0000125
1738936800000,0.0000125
1738940400000,0.0000125
1738944000000,0.0000125
1738947600000,0.0000125
1738951200000,0.0000125
1738954800000,0.0000125
1738958400000,0.0000125
1738962000000,0.0000125
1738965600000,0.0000125
1738969200000,0.0000125
1738972800000,0.0000125
1738976400000,0.0000125
1738980000000,0.0000125
1738983600000,0.0000125
1738987200000,0.0000125
1738990800000,0.0000125
1738994400000,0.0000125
1738998000000,0.0000125
1739001600000,0.0000125
1739005200000,0.0000125
1739008800000,0.0000125
1739012400000,0.0000125
1739016000000,0.0000125
1739019600000,0.0000125
1739023200000,0.0000125
1739026800000,0.0000125
1739030400000,0.0000125
1739034000000,0.0000125
1739037600000,0.0000025036
1739041200000,0.0000125
1739044800000,0.0000125
1739048400000,0.0000125
1739052000000,0.0000125
1739055600000,0.0000125
1739059200000,0.0000125
1739062800000,0.0000074495
1739066400000,0.0000125
1739070000000,0.0000125
1739073600000,0.0000125
1739077200000,0.0000082962
1739080800000,0.0000125
1739084400000,-0.0000006807
1739088000000,0.000003243
1739091600000,0.0000125
1739095200000,0.0000125
1739098800000,0.0000116636
1739102400000,-0.0000026773
1739106000000,0.0000106676
1739109600000,0.0000088382
1739113200000,0.0000125
1739116800000,0.0000125
1739120400000,0.0000125
1739124000000,0.0000125
1739127600000,0.0000125
1739131200000,0.0000125
1739134800000,0.0000125
1739138400000,0.0000125
1739142000000,0.0000125
1739145600000,0.0000125
1739149200000,0.0000125
1739152800000,0.0000125
1739156400000,0.0000125
1739160000000,0.0000125
1739163600000,0.0000125
1739167200000,0.0000125
1739170800000,0.0000125
1739174400000,0.0000125
1739178000000,0.0000125
1739181600000,0.0000125
1739185200000,0.0000125
1739188800000,0.0000125
1739192400000,0.0000125
1739196000000,0.0000125
1739199600000,0.0000125
1739203200000,0.0000125
1739206800000,0.0000125
1739210400000,0.0000125
1739214000000,0.0000125
1739217600000,0.0000125
1739221200000,0.0000125
1739224800000,0.0000125
1739228400000,0.0000125
1739232000000,0.0000125
1739235600000,0.0000125
1739239200000,0.0000125
1739242800000,0.0000125
1739246400000,0.0000125
1739250000000,0.0000125
1739253600000,0.0000125
1739257200000,0.0000125
1739260800000,0.0000125
1739264400000,0.0000125
1739268000000,0.0000125
1739271600000,0.0000125
1739275200000,0.0000125
1739278800000,0.0000125
1739282400000,0.0000125
1739286000000,0.0000125
1739289600000,0.0000125
1739293200000,0.0000125
1739296800000,0.0000125
1739300400000,0.0000125
1739304000000,0.0000125
1739307600000,0.0000178752
1739311200000,0.0000125
1739314800000,0.0000125
1739318400000,0.0000125
1739322000000,0.0000125
1739325600000,0.0000125
1739329200000,0.0000125
1739332800000,0.0000125
1739336400000,0.0000125
1739340000000,0.0000125
1739343600000,0.0000125
1739347200000,0.0000125
1739350800000,0.0000125
1739354400000,0.0000125
1739358000000,0.0000125
1739361600000,0.0000125
1739365200000,0.0000125
1739368800000,0.0000125
1739372400000,0.0000125
1739376000000,0.0000125
1739379600000,0.0000125
1739383200000,0.0000125
1739386800000,0.0000125
1739390400000,0.0000125
1739394000000,0.0000125
1739397600000,0.0000125
1739401200000,0.0000125
1739404800000,0.0000125
1739408400000,0.0000125
1739412000000,0.0000125
1739415600000,0.0000125
1739419200000,0.0000125
1739422800000,0.0000125
1739426400000,0.0000125
1739430000000,0.0000125
1739433600000,0.0000165782
1739437200000,0.0000129711
1739440800000,0.0000156387
1739444400000,0.0000125
1739448000000,0.0000125
1739451600000,0.0000125
1739455200000,0.0000125
1739458800000,0.0000125
1739462400000,0.0000125
1739466000000,0.0000125
1739469600000,0.0000125
1739473200000,0.0000125
1739476800000,0.0000125
1739480400000,0.0000125
1739484000000,0.0000125
1739487600000,0.0000125
1739491200000,0.0000125
1739494800000,0.0000125
1739498400000,0.0000125
1739502000000,0.0000125
1739505600000,0.0000125
1739509200000,0.0000125
1739512800000,0.0000125
1739516400000,0.0000125
1739520000000,0.0000125
1739523600000,0.0000125
1739527200000,0.0000125
1739530800000,0.0000125
1739534400000,0.0000125
1739538000000,0.0000125
1739541600000,0.0000125
1739545200000,0.0000125
1739548800000,0.0000250966
1739552400000,0.0000259885
1739556000000,0.0000329604
1739559600000,0.0000125
1739563200000,0.0000125
1739566800000,0.0000125
1739570400000,0.0000125
1739574000000,0.0000125
1739577600000,0.0000125
1739581200000,0.0000125
1739584800000,0.0000125
1739588400000,0.0000125
1739592000000,0.0000125
1739595600000,0.0000125
1739599200000,0.0000125
1739602800000,0.0000125
1739606400000,0.0000125
1739610000000,0.0000125
1739613600000,0.0000125
1739617200000,0.0000125
1739620800000,0.0000125
1739624400000,0.0000125
1739628000000,0.0000125
1739631600000,0.0000125
1739635200000,0.0000125
1739638800000,0.0000125
1739642400000,0.0000125
1739646000000,0.0000125
1739649600000,0.0000125
1739653200000,0.0000125
1739656800000,0.0000125
1739660400000,0.0000125
1739664000000,0.0000125
1739667600000,0.0000125
1739671200000,0.0000125
1739674800000,0.0000125
1739678400000,0.0000125
1739682000000,0.0000125
1739685600000,0.0000125
1739689200000,0.0000125
1739692800000,0.0000125
1739696400000,0.0000125
1739700000000,0.0000125
1739703600000,0.0000125
1739707200000,0.0000125
1739710800000,0.0000125
1739714400000,0.0000125
1739718000000,0.0000125
1739721600000,0.0000125
1739725200000,0.0000125
1739728800000,0.0000125
1739732400000,0.0000125
1739736000000,0.0000125
1739739600000,0.0000125
1739743200000,0.0000125
1739746800000,0.0000125
1739750400000,0.0000125
1739754000000,0.0000125
1739757600000,0.0000125
1739761200000,0.0000125
1739764800000,0.0000125
1739768400000,0.0000125
1739772000000,0.0000125
1739775600000,0.0000125
1739779200000,0.0000125
1739782800000,0.0000125
1739786400000,0.0000125
1739790000000,0.0000125
1739793600000,0.0000125
1739797200000,0.0000125
1739800800000,0.0000125
1739804400000,0.0000125
1739808000000,0.0000125
1739811600000,0.0000125
1739815200000,0.0000125
1739818800000,0.0000125
1739822400000,0.0000125
1739826000000,0.0000125
1739829600000,0.0000125
1739833200000,0.0000125
1739836800000,0.0000125
1739840400000,0.0000125
1739844000000,0.0000125
1739847600000,0.0000125
1739851200000,0.0000125
1739854800000,0.0000125
1739858400000,0.0000125
1739862000000,0.0000096022
1739865600000,0.0000125
1739869200000,0.0000125
1739872800000,0.0000125
1739876400000,0.0000125
1739880000000,0.0000125
1739883600000,0.0000125
1739887200000,0.0000125
1739890800000,0.0000125
1739894400000,0.0000125
1739898000000,0.0000125
1739901600000,0.0000125
1739905200000,0.0000125
1739908800000,0.0000125
1739912400000,0.0000125
1739916000000,0.0000125
1739919600000,0.0000125
1739923200000,0.0000125
1739926800000,0.0000125
1739930400000,0.0000125
1739934000000,0.0000125
1739937600000,0.0000125
1739941200000,0.0000125
1739944800000,0.0000125
1739948400000,0.0000125
1739952000000,0.0000125
1739955600000,0.0000125
1739959200000,0.0000125
1739962800000,0.0000125
1739966400000,0.0000125
1739970000000,0.0000125
1739973600000,0.0000125
1739977200000,0.0000125
1739980800000,0.0000125
1739984400000,0.0000125
1739988000000,0.0000125
1739991600000,0.0000125
1739995200000,0.0000125
1739998800000,0.0000125
1740002400000,0.0000125
1740006000000,0.0000125
1740009600000,0.0000125
1740013200000,0.0000125
1740016800000,0.0000146138
1740020400000,0.0000187455
1740024000000,0.0000251841
1740027600000,0.000021809
1740031200000,0.0000125
1740034800000,0.0000125
1740038400000,0.0000125
1740042000000,0.0000125
1740045600000,0.0000125
1740049200000,0.0000125
1740052800000,0.0000157248
1740056400000,0.0000125
1740060000000,0.0000125
1740063600000,0.0000125
1740067200000,0.0000125
1740070800000,0.0000125
1740074400000,0.0000125
1740078000000,0.0000125
1740081600000,-0.0000048539
1740085200000,-0.0000102703
1740088800000,-0.0000365771
1740092400000,0.0000007933
1740096000000,0.0000125
1740099600000,0.0000076288
1740103200000,0.0000121832
1740106800000,0.0000125
1740110400000,0.0000125
1740114000000,0.0000125
1740117600000,0.0000125
1740121200000,0.0000125
1740124800000,-0.000016283
1740128400000,0.0000039051
1740132000000,0.0000125
1740135600000,0.0000125
1740139200000,-0.0000202116
1740142800000,-0.0000364348
1740146400000,0.0000024228
1740150000000,0.0000041462
1740153600000,0.0000075422
1740157200000,0.0000125
1740160800000,-0.00000332
1740164400000,0.0000125
1740168000000,0.0000125
1740171600000,0.0000125
1740175200000,0.0000881249
1740178800000,0.0000858737
1740182400000,0.0000824019
1740186000000,0.0000838611
1740189600000,0.0000827898
1740193200000,0.0000362969
1740196800000,0.0000373013
1740200400000,0.0000412567
1740204000000,0.0000125
1740207600000,0.0000125
1740211200000,0.0000125
1740214800000,0.0000125
1740218400000,0.0000125
1740222000000,0.0000125
1740225600000,0.0000125
1740229200000,0.0000125
1740232800000,0.0000125
1740236400000,0.0000125
1740240000000,0.0000125
1740243600000,0.0000125
1740247200000,0.0000125
1740250800000,0.0000125
1740254400000,0.0000125
1740258000000,0.0000125
1740261600000,-0.0000003047
1740265200000,0.0000125
1740268800000,0.0000125
1740272400000,0.0000125
1740276000000,-0.0000069535
1740279600000,-0.0000037156
1740283200000,0.000007747
1740286800000,0.0000099982
1740290400000,-0.0000171839
1740294000000,-0.0000029966
1740297600000,0.0000125
1740301200000,-0.0000108995
1740304800000,-0.0000109497
1740308400000,-0.0000253608
1740312000000,-0.0000134125
1740315600000,-0.0000159735
1740319200000,0.0000005816
1740322800000,-0.0000114399
1740326400000,-0.0000028675
1740330000000,0.0000115098
1740333600000,0.0000125
1740337200000,0.0000125
1740340800000,0.0000125
1740344400000,0.0000125
1740348000000,0.0000125
1740351600000,0.0000125
1740355200000,0.0000125
1740358800000,0.0000125
1740362400000,0.0000125
1740366000000,0.0000125
1740369600000,0.0000125
1740373200000,0.0000047302
1740376800000,0.0000013725
1740380400000,0.0000102202
1740384000000,0.0000125
1740387600000,0.0000125
1740391200000,0.0000125
1740394800000,0.0000125
1740398400000,0.0000125
1740402000000,0.0000125
1740405600000,0.0000125
1740409200000,0.0000000809
1740412800000,0.0000030328
1740416400000,0.0000125
1740420000000,0.0000125
1740423600000,0.0000125
1740427200000,0.0000125
1740430800000,0.0000125
1740434400000,0.0000125
1740438000000,0.0000125
1740441600000,0.0000125
1740445200000,0.0000125
1740448800000,0.0000125
1740452400000,0.0000125
1740456000000,0.0000125
1740459600000,0.0000125
1740463200000,0.0000125
1740466800000,0.0000125
1740470400000,0.0000125
1740474000000,0.0000125
1740477600000,0.0000125
1740481200000,0.0000125
1740484800000,0.0000125
1740488400000,0.0000125
1740492000000,0.0000125
1740495600000,0.0000125
1740499200000,0.0000125
1740502800000,0.0000125
1740506400000,0.000037608
1740510000000,0.0000125
1740513600000,0.0000125
1740517200000,0.0000125
1740520800000,0.0000125
1740524400000,0.0000125
1740528000000,0.0000125
1740531600000,0.0000125
1740535200000,0.0000125
1740538800000,0.0000125
1740542400000,0.0000125
1740546000000,0.0000125
1740549600000,0.0000125
1740553200000,0.0000125
1740556800000,0.0000125
1740560400000,0.0000125
1740564000000,0.0000125
1740567600000,0.0000125
1740571200000,0.0000125
1740574800000,0.0000125
1740578400000,0.0000125
1740582000000,0.0000125
1740585600000,0.0000125
1740589200000,0.0000125
1740592800000,0.0000125
1740596400000,0.0000125
1740600000000,0.0000125
1740603600000,0.0000125
1740607200000,0.0000125
1740610800000,0.0000125
1740614400000,0.0000125
1740618000000,0.0000125
1740621600000,0.0000125
1740625200000,0.0000125
1740628800000,0.0000125
1740632400000,0.0000125
1740636000000,0.0000125
1740639600000,0.0000125
1740643200000,0.0000125
1740646800000,0.0000125
1740650400000,0.0000125
1740654000000,0.0000125
1740657600000,0.0000125
1740661200000,0.0000125
1740664800000,0.0000111926
1740668400000,0.0000087839
1740672000000,0.0000125
1740675600000,0.0000125
1740679200000,0.0000097515
1740682800000,0.0000074287
1740686400000,0.0000092806
1740690000000,0.0000125
1740693600000,0.0000125
1740697200000,0.0000125
1740700800000,0.0000125
1740704400000,0.0000125
1740708000000,0.0000125
1740711600000,0.0000125
1740715200000,0.0000125
1740718800000,0.0000125
1740722400000,0.0000125
1740726000000,0.0000125
1740729600000,0.0000125
1740733200000,0.0000125
1740736800000,0.0000125
1740740400000,0.0000125
1740744000000,0.0000125
1740747600000,0.0000125
1740751200000,0.0000125
1740754800000,0.0000125
1740758400000,0.0000125
1740762000000,0.0000125
1740765600000,0.0000065803
1740769200000,-0.0000154769
1740772800000,-0.0000115492
1740776400000,-0.0000113187
1740780000000,-0.000010807
1740783600000,-0.0000098058
1740787200000,-0.0000126746
1740790800000,-0.0000122834
1740794400000,-0.0000025338
1740798000000,0.0000125
1740801600000,0.0000125
1740805200000,0.0000010243
1740808800000,0.0000059597
1740812400000,-0.0000001239
1740816000000,-0.0000214076
1740819600000,-0.0000147067
1740823200000,-0.000017581
1740826800000,-0.0000441958
1740830400000,-0.000043231
1740834000000,-0.0000205661
1740837600000,-0.0000384707
1740841200000,-0.0000252872
1740844800000,-0.0000001064
1740848400000,-0.0000013713
1740852000000,0.0000010514
1740855600000,-0.0000086788
1740859200000,-0.000005815
1740862800000,-0.0000025076
1740866400000,-0.0000060371
1740870000000,0.0000125
1740873600000,0.0000125
1740877200000,0.0000125
1740880800000,0.0000125
1740884400000,0.0000125
1740888000000,0.0000125
1740891600000,0.0000062004
1740895200000,-0.0000005787
1740898800000,0.0000116268
1740902400000,0.0000125
1740906000000,0.0000066046
1740909600000,0.0000125
1740913200000,0.0000125
1740916800000,0.0000125
1740920400000,0.0000125
1740924000000,0.0000013884
1740927600000,0.0000114099
1740931200000,0.0000125
1740934800000,0.0000125
1740938400000,0.0000125
1740942000000,0.0000125
1740945600000,0.0000077988
1740949200000,0.0000114304
1740952800000,0.0000027677
1740956400000,0.0000019958
1740960000000,0.0000018745
1740963600000,-0.0000036122
1740967200000,-0.0000124113
1740970800000,-0.0000078886
1740974400000,0.0000025639
1740978000000,0.0000125
1740981600000,0.0000125
1740985200000,0.0000125
1740988800000,0.0000125
1740992400000,0.0000125
1740996000000,0.0000125
1740999600000,0.0000125
1741003200000,0.0000125
1741006800000,0.0000125
1741010400000,0.0000125
1741014000000,0.0000125
1741017600000,0.0000125
1741021200000,0.0000125
1741024800000,0.0000125
1741028400000,0.0000125
1741032000000,0.0000125
1741035600000,0.0000125
1741039200000,0.0000125
1741042800000,0.0000107291
1741046400000,0.0000125
1741050000000,0.0000125
1741053600000,-0.0000001499
1741057200000,-0.0000087683
1741060800000,-0.0000078052
1741064400000,0.0000054121
1741068000000,0.0000014218
1741071600000,-0.0000086703
1741075200000,-0.0000056639
1741078800000,-0.0000096731
1741082400000,-0.0000104155
1741086000000,-0.0000124657
1741089600000,-0.0000158831
1741093200000,-0.0000271606
1741096800000,-0.0000151457
1741100400000,-0.0000215757
1741104000000,-0.0000273437
1741107600000,-0.0000222147
1741111200000,-0.0000020445
1741114800000,0.0000035165
1741118400000,-0.0000034651
1741122000000,-0.0000239821
1741125600000,0.0000061891
1741129200000,0.0000114338
1741132800000,0.0000079717
1741136400000,0.0000125
1741140000000,0.0000125
1741143600000,0.0000125
1741147200000,0.0000104209
1741150800000,0.0000125
1741154400000,0.000007839
1741158000000,0.0000125
1741161600000,0.0000125
1741165200000,0.0000114967
1741168800000,0.0000125
1741172400000,0.0000125
1741176000000,0.0000125
1741179600000,0.0000125
1741183200000,0.0000062718
1741186800000,0.0000093039
1741190400000,0.0000125
1741194000000,0.0000059486
1741197600000,0.0000125
1741201200000,0.0000125
1741204800000,0.0000125
1741208400000,0.0000125
1741212000000,0.0000125
1741215600000,0.0000097869
1741219200000,0.0000125
1741222800000,0.0000060467
1741226400000,0.0000025414
1741230000000,0.0000122789
1741233600000,0.0000125
1741237200000,0.0000125
1741240800000,0.0000125
1741244400000,0.0000125
1741248000000,0.0000125
1741251600000,0.0000125
1741255200000,0.0000105921
1741258800000,0.0000125
1741262400000,0.0000125
1741266000000,0.0000035767
1741269600000,0.0000019207
1741273200000,0.0000008045
1741276800000,0.0000074725
1741280400000,0.0000002721
1741284000000,0.0000038589
1741287600000,0.0000125
1741291200000,0.0000094365
1741294800000,0.0000125
1741298400000,0.0000064943
1741302000000,0.0000125
1741305600000,0.0000125
1741309200000,-0.0000145629
1741312800000,0.0000084599
1741316400000,0.0000075804
1741320000000,0.0000060645
1741323600000,0.0000057721
1741327200000,0.0000104869
1741330800000,0.0000125
1741334400000,0.0000125
1741338000000,0.0000125
1741341600000,0.0000125
1741345200000,0.0000125
1741348800000,0.0000125
1741352400000,0.0000125
1741356000000,0.0000125
1741359600000,0.0000125
1741363200000,0.0000125
1741366800000,0.0000125
1741370400000,0.0000125
1741374000000,0.0000125
1741377600000,0.0000125
1741381200000,0.0000125
1741384800000,0.0000125
1741388400000,0.0000125
1741392000000,0.0000125
1741395600000,0.0000125
1741399200000,0.0000125
1741402800000,0.0000125
1741406400000,0.0000125
1741410000000,0.0000125
1741413600000,0.0000125
1741417200000,0.0000125
1741420800000,0.0000125
1741424400000,0.0000125
1741428000000,0.0000125
1741431600000,0.0000125
1741435200000,0.0000125
1741438800000,0.0000125
1741442400000,0.0000125
1741446000000,0.0000125
1741449600000,0.0000125
1741453200000,0.0000125
1741456800000,0.0000125
1741460400000,0.0000125
1741464000000,0.0000125
1741467600000,0.0000125
1741471200000,0.0000125
1741474800000,0.0000125
1741478400000,0.0000125
1741482000000,0.0000125
1741485600000,0.0000125
1741489200000,0.0000125
1741492800000,0.0000125
1741496400000,0.0000125
1741500000000,0.0000125
1741503600000,0.0000125
1741507200000,0.0000125
1741510800000,0.0000125
1741514400000,0.0000125
1741518000000,0.0000125
1741521600000,0.0000125
1741525200000,0.0000125
1741528800000,0.0000125
1741532400000,0.0000125
1741536000000,0.0000125
1741539600000,0.0000125
1741543200000,0.0000125
1741546800000,0.0000125
1741550400000,0.0000125
1741554000000,0.0000125
1741557600000,0.0000125
1741561200000,0.0000125
1741564800000,0.0000125
1741568400000,0.0000125
1741572000000,0.0000125
1741575600000,0.0000125
1741579200000,0.0000125
1741582800000,0.0000125
1741586400000,0.0000125
1741590000000,0.0000125
1741593600000,0.0000125
1741597200000,0.0000125
1741600800000,0.0000125
1741604400000,0.0000125
1741608000000,0.0000125
1741611600000,0.0000125
1741615200000,0.0000125
1741618800000,0.0000125
1741622400000,0.0000125
1741626000000,0.0000125
1741629600000,0.0000124153
1741633200000,0.0000125
1741636800000,0.0000125
1741640400000,0.0000125
1741644000000,0.0000125
1741647600000,0.0000125
1741651200000,0.0000125
1741654800000,0.0000125
1741658400000,0.0000034266
1741662000000,0.0000062807
1741665600000,0.000007359
1741669200000,0.0000125
1741672800000,0.0000125
1741676400000,0.0000125
1741680000000,0.0000125
1741683600000,0.0000125
1741687200000,0.0000125
1741690800000,0.0000125
1741694400000,0.0000125
1741698000000,0.0000125
1741701600000,0.0000125
1741705200000,0.000004631
1741708800000,-0.0000025044
1741712400000,-0.000000853
1741716000000,0.000000553
1741719600000,0.0000125
1741723200000,0.0000125
1741726800000,0.0000071147
1741730400000,0.0000057457
1741734000000,0.000002791
1741737600000,0.0000019609
1741741200000,-0.0000004497
1741744800000,0.0000016087
1741748400000,0.0000024166
1741752000000,0.0000038402
1741755600000,0.0000004612
1741759200000,0.0000047983
1741762800000,-0.0000037488
1741766400000,0.0000021851
1741770000000,0.0000121083
1741773600000,0.0000104053
1741777200000,0.0000055821
1741780800000,0.0000118574
1741784400000,0.0000125
1741788000000,0.0000125
1741791600000,0.0000118267
1741795200000,0.0000030437
1741798800000,0.0000064345
1741802400000,0.0000124347
1741806000000,0.0000125
1741809600000,0.0000095438
1741813200000,0.0000124867
1741816800000,0.0000069636
1741820400000,0.0000066659
1741824000000,0.000004676
1741827600000,0.0000083176
1741831200000,0.0000063316
1741834800000,0.0000125
1741838400000,0.0000125
1741842000000,0.0000032276
1741845600000,0.0000007067
1741849200000,0.0000099507
1741852800000,0.0000106441
1741856400000,0.0000079622
1741860000000,0.0000125
1741863600000,0.000004025
1741867200000,0.0000009755
1741870800000,0.0000045358
1741874400000,0.0000097202
1741878000000,0.0000125
1741881600000,0.0000125
1741885200000,0.0000125
1741888800000,0.0000048603
1741892400000,0.0000086157
1741896000000,0.000011528
1741899600000,0.0000125
1741903200000,0.0000086518
1741906800000,0.0000125
1741910400000,0.0000125
1741914000000,0.0000125
1741917600000,0.0000125
1741921200000,0.0000125
1741924800000,0.0000125
1741928400000,0.0000125
1741932000000,0.0000125
1741935600000,0.0000125
1741939200000,0.0000125
1741942800000,0.0000125
1741946400000,0.0000125
1741950000000,0.0000125
1741953600000,0.0000125
1741957200000,0.0000125
1741960800000,0.0000125
1741964400000,0.0000125
1741968000000,0.0000125
1741971600000,0.0000125
1741975200000,0.0000125
1741978800000,0.0000125
1741982400000,-0.0000032421
1741986000000,-0.0000450082
1741989600000,-0.0000366297
1741993200000,-0.0000150521
1741996800000,-0.000022525
1742000400000,-0.0000158291
1742004000000,-0.0000093793
1742007600000,-0.0000064721
1742011200000,-0.0000133086
1742014800000,-0.0000270603
1742018400000,-0.000036298
1742022000000,-0.0000431795
1742025600000,-0.0000167607
1742029200000,-0.0000212838
1742032800000,-0.0000050499
1742036400000,-0.0000800143
1742040000000,-0.0000588574
1742043600000,-0.0000340992
1742047200000,-0.0000294097
1742050800000,-0.0000168831
1742054400000,-0.0000151312
1742058000000,-0.0000093242
1742061600000,-0.0000141123
1742065200000,-0.000013853
1742068800000,-0.0000213161
1742072400000,-0.0000081081
1742076000000,-0.0000201066
1742079600000,-0.0000034478
1742083200000,-0.000002215
1742086800000,-0.0000031576
1742090400000,-0.0000065804
1742094000000,0.0000004237
1742097600000,-0.000006931
1742101200000,-0.000010011
1742104800000,-0.0000126911
1742108400000,-0.0000044257
1742112000000,-0.0000045854
1742115600000,-0.0000087034
1742119200000,-0.0000255129
1742122800000,-0.000019825
1742126400000,-0.0000258344
1742130000000,-0.0000275325
1742133600000,-0.0000214026
1742137200000,-0.0000308543
1742140800000,-0.0000084273
1742144400000,-0.0000056762
1742148000000,-0.000021062
1742151600000,-0.0000281965
1742155200000,-0.0000504451
1742158800000,-0.0000551675
1742162400000,-0.000090995
1742166000000,-0.0000656972
1742169600000,-0.0000136612
1742173200000,0.0000013637
1742176800000,-0.0000029163
1742180400000,0.0000017947
1742184000000,0.000006306
1742187600000,0.0000070642
1742191200000,0.0000034563
1742194800000,0.0000045305
1742198400000,0.0000063182
1742202000000,0.0000058785
1742205600000,-0.0000016463
1742209200000,-0.0000072641
1742212800000,-0.0000018094
1742216400000,-0.0000181471
1742220000000,-0.0000221251
1742223600000,-0.0000172288
1742227200000,-0.0000112079
1742230800000,-0.0000155834
1742234400000,-0.0000082929
1742238000000,-0.0000036755
1742241600000,-0.0000142483
1742245200000,-0.0000329956
1742248800000,-0.000030279
1742252400000,-0.0000127314
1742256000000,-0.0000378348
1742259600000,-0.0000332468
1742263200000,-0.0000253736
1742266800000,0.0000018897
1742270400000,0.0000042068
1742274000000,0.0000006034
1742277600000,0.0000008359
1742281200000,-0.0000109803
1742284800000,0.0000125
1742288400000,0.0000125
1742292000000,0.0000125
1742295600000,0.0000125
1742299200000,0.0000125
1742302800000,0.0000125
1742306400000,0.0000125
1742310000000,0.0000125
1742313600000,0.0000125
1742317200000,0.0000125
1742320800000,0.0000125
1742324400000,0.0000125
1742328000000,0.0000125
1742331600000,0.0000125
1742335200000,0.0000125
1742338800000,0.0000125
1742342400000,0.0000125
1742346000000,0.0000125
1742349600000,0.0000125
1742353200000,0.0000125
1742356800000,0.0000125
1742360400000,0.0000125
1742364000000,0.0000125
1742367600000,0.0000125
1742371200000,0.0000125
1742374800000,0.0000125
1742378400000,0.0000125
1742382000000,0.0000125
1742385600000,0.0000125
1742389200000,0.0000125
1742392800000,0.0000125
1742396400000,0.0000125
1742400000000,0.0000125
1742403600000,0.0000125
1742407200000,0.0000125
1742410800000,0.0000125
1742414400000,0.0000125
1742418000000,0.0000125
1742421600000,0.0000125
1742425200000,0.0000125
1742428800000,0.0000125
1742432400000,0.0000125
1742436000000,0.0000058369
1742439600000,0.0000079514
1742443200000,0.0000015115
1742446800000,0.000001647
1742450400000,0.0000125
1742454000000,0.0000125
1742457600000,0.0000125
1742461200000,0.0000125
1742464800000,0.0000125
1742468400000,0.000004556
1742472000000,0.0000087086
1742475600000,0.0000000757
1742479200000,-0.0000072525
1742482800000,0.0000044093
1742486400000,-0.0000022705
1742490000000,0.0000062185
1742493600000,0.0000125
1742497200000,0.0000125
1742500800000,0.0000125
1742504400000,0.0000125
1742508000000,0.0000125
1742511600000,0.0000112635
1742515200000,0.0000091988
1742518800000,0.0000082478
1742522400000,0.0000052722
1742526000000,0.0000059325
1742529600000,0.0000049897
1742533200000,0.0000095465
1742536800000,0.0000125
1742540400000,0.0000125
1742544000000,0.0000077011
1742547600000,0.000004546
1742551200000,0.0000108251
1742554800000,0.0000028992
1742558400000,-0.0000015525
1742562000000,-0.0000026981
1742565600000,-0.0000175663
1742569200000,-0.0000085792
1742572800000,0.0000000491
1742576400000,0.000006321
1742580000000,0.0000125
1742583600000,0.0000125
1742587200000,0.0000125
1742590800000,0.0000125
1742594400000,0.0000122401
1742598000000,0.0000125
1742601600000,0.0000033981
1742605200000,0.0000125
1742608800000,0.0000125
1742612400000,0.0000125
1742616000000,0.0000125
1742619600000,0.0000125
1742623200000,0.0000125
1742626800000,0.0000125
1742630400000,0.0000125
1742634000000,0.0000125
1742637600000,0.0000125
1742641200000,0.0000125
1742644800000,0.0000125
1742648400000,0.0000125
1742652000000,0.0000076541
1742655600000,0.0000070039
1742659200000,0.0000125
1742662800000,0.0000125
1742666400000,0.0000125
1742670000000,0.0000125
1742673600000,0.0000125
1742677200000,0.0000125
1742680800000,0.0000046242
1742684400000,0.0000027181
1742688000000,0.0000030885
1742691600000,0.0000060848
1742695200000,0.0000047029
1742698800000,0.0000071265
1742702400000,0.0000099516
1742706000000,-0.000009873
1742709600000,-0.000013481
1742713200000,-0.0000088962
1742716800000,-0.0000136177
1742720400000,-0.0000000883
1742724000000,-0.0000023211
1742727600000,-0.0000000812
1742731200000,0.0000035389
1742734800000,0.000001233
1742738400000,-0.0000011373
1742742000000,-0.0000013855
1742745600000,0.0000038961
1742749200000,0.0000015696
1742752800000,-0.0000101414
1742756400000,-0.0000120833
1742760000000,-0.0000110784
1742763600000,-0.0000140032
1742767200000,-0.0000135251
1742770800000,-0.0000099227
1742774400000,-0.0000053933
1742778000000,-0.0000155863
1742781600000,-0.0000155617
1742785200000,-0.0000119483
1742788800000,0.0000087852
1742792400000,0.0000049428
1742796000000,0.000004513
1742799600000,-0.0000012521
1742803200000,-0.0000032184
1742806800000,0.0000027592
1742810400000,0.000011297
1742814000000,0.0000125
1742817600000,0.0000125
1742821200000,0.0000125
1742824800000,0.0000125
1742828400000,0.0000125
1742832000000,0.0000125
1742835600000,0.0000125
1742839200000,0.0000125
1742842800000,0.0000031581
1742846400000,0.0000028263
1742850000000,-0.0000094791
1742853600000,0.0000026795
1742857200000,0.0000085087
1742860800000,0.0000050673
1742864400000,0.0000112194
1742868000000,0.0000053292
1742871600000,-0.0000036444
1742875200000,-0.0000039265
1742878800000,0.0000086381
1742882400000,0.0000099237
1742886000000,0.0000068113
1742889600000,0.000008186
1742893200000,0.0000109475
1742896800000,0.0000086753
1742900400000,0.000010359
1742904000000,0.0000125
1742907600000,0.000002212
1742911200000,0.0000092904
1742914800000,-0.0000043136
1742918400000,-0.0000147744
1742922000000,-0.0000208937
1742925600000,-0.0000258128
1742929200000,-0.0000320698
1742932800000,-0.0000315549
1742936400000,-0.0000281621
1742940000000,-0.000040529
1742943600000,-0.0000354416
1742947200000,-0.0000145392
1742950800000,-0.0000083285
1742954400000,-0.0000092851
1742958000000,-0.0000060946
1742961600000,-0.0000104688
1742965200000,-0.0000025041
1742968800000,-0.0000031765
1742972400000,-0.0000016384
1742976000000,0.0000033396
1742979600000,0.0000002056
1742983200000,0.0000016697
1742986800000,0.0000027581
1742990400000,-0.0000034292
1742994000000,-0.000001136
1742997600000,-0.0000038651
1743001200000,-0.0000047309
1743004800000,0.0000034078
1743008400000,0.0000063695
1743012000000,0.0000077747
1743015600000,0.0000081174
1743019200000,0.0000120427
1743022800000,0.0000125
1743026400000,0.0000125
1743030000000,0.0000113897
1743033600000,0.0000112023
1743037200000,0.0000125
1743040800000,0.0000060473
1743044400000,0.0000089542
1743048000000,0.0000080635
1743051600000,0.0000089708
1743055200000,0.0000077831
1743058800000,0.0000125
1743062400000,0.0000054841
1743066000000,0.0000060783
1743069600000,0.0000070009
1743073200000,0.000005939
1743076800000,0.0000025958
1743080400000,0.0000017981
1743084000000,0.0000012494
1743087600000,0.0000004575
1743091200000,0.0000043807
1743094800000,0.0000044722
1743098400000,-0.0000028968
1743102000000,-0.0000045056
1743105600000,-0.0000056052
1743109200000,-0.0000055127
1743112800000,-0.0000103873
1743116400000,-0.0000076596
1743120000000,-0.0000094466
1743123600000,-0.0000041066
1743127200000,-0.0000012254
1743130800000,0.0000004057
1743134400000,0.0000005499
1743138000000,0.0000002849
1743141600000,0.0000052264
1743145200000,0.0000106343
1743148800000,0.0000106424
1743152400000,0.0000125
1743156000000,0.0000119819
1743159600000,0.0000125
1743163200000,-0.0000022132
1743166800000,0.0000010462
1743170400000,-0.000000015
1743174000000,0.0000059378
1743177600000,0.0000125
1743181200000,0.0000125
1743184800000,0.0000125
1743188400000,0.0000125
1743192000000,0.0000125
1743195600000,0.0000125
1743199200000,0.0000125
1743202800000,0.0000125
1743206400000,0.0000119945
1743210000000,0.0000093764
1743213600000,0.0000068775
1743217200000,0.000004086
1743220800000,0.0000096257
1743224400000,0.0000043432
1743228000000,0.0000063123
1743231600000,0.0000029178
1743235200000,0.0000019414
1743238800000,0.0000038562
1743242400000,0.0000019139
1743246000000,-0.0000032102
1743249600000,-0.0000083955
1743253200000,-0.0000051995
1743256800000,-0.0000007259
1743260400000,-0.000002162
1743264000000,-0.0000036615
1743267600000,0.0000025916
1743271200000,0.0000050771
1743274800000,0.0000089583
1743278400000,0.0000079703
1743282000000,0.000008747
1743285600000,0.0000074868
1743289200000,0.0000036194
1743292800000,0.0000066758
1743296400000,0.000007891
1743300000000,0.0000117361
1743303600000,0.0000075844
1743307200000,0.0000044572
1743310800000,0.0000080765
1743314400000,0.000003653
1743318000000,0.0000033633
1743321600000,-0.000003209
1743325200000,-0.0000005329
1743328800000,0.0000039842
1743332400000,0.0000125
1743336000000,0.0000123018
1743339600000,0.0000087165
1743343200000,0.0000081469
1743346800000,0.000011943
1743350400000,0.0000083851
1743354000000,0.0000031982
1743357600000,0.0000044767
1743361200000,0.0000125
1743364800000,0.0000125
1743368400000,0.0000125
1743372000000,0.0000125
1743375600000,0.0000023577
1743379200000,0.0000030351
1743382800000,-0.0000038947
1743386400000,0.0000052865
1743390000000,0.0000097524
1743393600000,0.0000033727
1743397200000,0.000004142
1743400800000,0.0000093571
1743404400000,0.0000109781
1743408000000,0.0000125
1743411600000,0.0000125
1743415200000,0.0000123647
1743418800000,0.0000089501
1743422400000,0.0000017451
1743426000000,-0.0000017695
1743429600000,-0.0000082853
1743433200000,-0.0000016903
1743436800000,-0.0000000152
1743440400000,0.0000071568
1743444000000,0.0000031104
1743447600000,0.0000077858
1743451200000,0.0000125
1743454800000,0.0000123276
1743458400000,0.0000118193
1743462000000,0.0000072746
1743465600000,0.0000125
1743469200000,0.0000125
1743472800000,0.0000125
1743476400000,0.0000125
1743480000000,0.0000125
1743483600000,0.0000125
1743487200000,0.0000125
1743490800000,0.0000125
1743494400000,0.0000125
1743498000000,0.0000125
1743501600000,0.0000125
1743505200000,0.0000085133
1743508800000,0.0000125
1743512400000,0.0000125
1743516000000,0.0000125
1743519600000,0.0000125
1743523200000,0.0000039157
1743526800000,-0.0000031258
1743530400000,-0.0000191261
1743534000000,-0.0000212615
1743537600000,-0.0000294876
1743541200000,-0.0000236804
1743544800000,-0.0000155354
1743548400000,0.0000001739
1743552000000,-0.0000018352
1743555600000,-0.000001456
1743559200000,-0.0000053244
1743562800000,-0.0000037643
1743566400000,-0.0000008139
1743570000000,-0.0000039274
1743573600000,-0.0000062153
1743577200000,-0.0000094268
1743580800000,0.0000031322
1743584400000,0.0000010407
1743588000000,0.0000106507
1743591600000,0.0000087632
1743595200000,0.0000125
1743598800000,0.0000125
1743602400000,0.0000125
1743606000000,0.0000102441
1743609600000,0.0000062859
1743613200000,-0.0000046045
1743616800000,-0.0000088159
1743620400000,-0.00000638
1743624000000,-0.0000138545
1743627600000,0.0000045513
1743631200000,-0.0000117816
1743634800000,-0.0000130704
1743638400000,0.0000038226
1743642000000,0.0000069849
1743645600000,0.0000055599
1743649200000,0.0000081258
1743652800000,0.0000125
1743656400000,0.0000125
1743660000000,0.0000054346
1743663600000,0.0000003642
1743667200000,0.0000071465
1743670800000,0.0000066442
1743674400000,-0.0000007061
1743678000000,-0.0000095363
1743681600000,-0.0000062858
1743685200000,-0.0000063804
1743688800000,-0.0000072416
1743692400000,-0.0000086233
1743696000000,0.0000077222
1743699600000,0.0000114405
1743703200000,0.0000125
1743706800000,0.0000125
1743710400000,0.0000125
1743714000000,0.0000109524
1743717600000,0.0000123437
1743721200000,0.0000125
1743724800000,0.0000125
1743728400000,0.0000125
1743732000000,0.0000125
1743735600000,0.0000110627
1743739200000,0.0000060427
1743742800000,-0.0000037151
1743746400000,0.0000021951
1743750000000,0.0000006494
1743753600000,0.0000125
1743757200000,0.0000091356
1743760800000,0.0000125
1743764400000,0.0000125
1743768000000,0.0000125
1743771600000,0.0000125
1743775200000,0.0000125
1743778800000,0.0000125
1743782400000,0.0000125
1743786000000,0.0000125
1743789600000,0.0000125
1743793200000,0.0000125
1743796800000,0.0000125
1743800400000,0.0000125
1743804000000,0.0000125
1743807600000,0.0000125
1743811200000,0.0000125
1743814800000,0.0000125
1743818400000,0.0000125
1743822000000,0.0000125
1743825600000,0.0000125
1743829200000,0.0000125
1743832800000,0.0000125
1743836400000,0.0000125
1743840000000,0.0000125
1743843600000,0.0000125
1743847200000,0.0000125
1743850800000,0.0000125
1743854400000,0.0000125
1743858000000,0.0000125
1743861600000,0.0000125
1743865200000,0.0000125
1743868800000,0.0000125
1743872400000,0.0000121649
1743876000000,0.0000125
1743879600000,0.0000125
1743883200000,0.0000125
1743886800000,0.0000125
1743890400000,0.0000125
1743894000000,0.0000125
1743897600000,0.0000125
1743901200000,0.0000125
1743904800000,0.0000125
1743908400000,0.0000125
1743912000000,0.0000125
1743915600000,0.0000125
1743919200000,0.0000125
1743922800000,0.0000125
1743926400000,0.0000125
1743930000000,0.0000104237
1743933600000,0.0000070432
1743937200000,0.0000012393
1743940800000,-0.0000016754
1743944400000,-0.0000054823
1743948000000,-0.0000068435
1743951600000,0.0000046364
1743955200000,0.0000125
1743958800000,0.0000125
1743962400000,0.0000018468
1743966000000,-0.0000182821
1743969600000,-0.0000002999
1743973200000,0.0000100346
1743976800000,0.0000108632
1743980400000,0.0000125
1743984000000,0.0000119242
1743987600000,0.0000110718
1743991200000,0.0000125
1743994800000,0.0000125
1743998400000,0.0000125
1744002000000,0.000010405
1744005600000,0.0000003141
1744009200000,-0.000009787
1744012800000,0.000001901
1744016400000,0.0000125
1744020000000,0.0000125
1744023600000,0.0000125
1744027200000,0.0000125
1744030800000,0.0000125
1744034400000,0.0000125
1744038000000,0.0000125
1744041600000,0.0000125
1744045200000,0.0000125
1744048800000,0.0000125
1744052400000,0.0000125
1744056000000,0.0000125
1744059600000,0.0000125
1744063200000,0.0000125
1744066800000,0.0000125
1744070400000,0.0000125
1744074000000,0.0000125
1744077600000,0.0000125
1744081200000,0.0000125
1744084800000,0.0000125
1744088400000,0.0000125
1744092000000,0.0000125
1744095600000,0.0000125
1744099200000,0.0000125
1744102800000,0.0000125
1744106400000,0.0000125
1744110000000,0.0000125
1744113600000,0.0000125
1744117200000,0.0000125
1744120800000,0.0000125
1744124400000,0.0000125
1744128000000,0.0000125
1744131600000,0.0000125
1744135200000,0.0000125
1744138800000,0.0000125
1744142400000,0.0000125
1744146000000,0.0000125
1744149600000,0.0000125
1744153200000,0.0000125
1744156800000,0.0000035881
1744160400000,0.0000086132
1744164000000,0.0000004411
1744167600000,0.0000003831
1744171200000,-0.0000016692
1744174800000,0.0000125
1744178400000,0.0000125
1744182000000,0.0000125
1744185600000,0.0000125
1744189200000,0.0000125
1744192800000,0.0000125
1744196400000,0.0000125
1744200000000,0.0000125
1744203600000,0.0000125
1744207200000,0.0000125
1744210800000,0.0000125
1744214400000,0.0000125
1744218000000,0.0000125
1744221600000,0.000152408
1744225200000,0.0000125
1744228800000,0.0000125
1744232400000,0.0000125
1744236000000,0.0000125
1744239600000,0.0000125
1744243200000,0.0000125
1744246800000,0.0000125
1744250400000,0.0000125
1744254000000,0.0000125
1744257600000,0.0000125
1744261200000,0.0000125
1744264800000,0.0000125
1744268400000,0.0000125
1744272000000,0.0000125
1744275600000,0.0000125
1744279200000,0.0000125
1744282800000,0.0000125
1744286400000,0.0000125
1744290000000,0.0000125
1744293600000,0.0000125
1744297200000,0.0000125
1744300800000,0.0000125
1744304400000,0.0000125
1744308000000,0.0000125
1744311600000,0.0000125
1744315200000,0.0000125
1744318800000,0.0000125
1744322400000,0.0000125
1744326000000,0.0000125
1744329600000,0.0000125
1744333200000,0.0000125
1744336800000,0.0000125
1744340400000,0.0000125
1744344000000,0.0000125
1744347600000,0.0000125
1744351200000,0.0000125
1744354800000,0.0000125
1744358400000,0.0000125
1744362000000,0.0000125
1744365600000,0.0000125
1744369200000,0.0000125
1744372800000,0.0000125
1744376400000,0.0000125
1744380000000,0.0000125
1744383600000,0.0000125
1744387200000,0.0000125
1744390800000,0.0000125
1744394400000,0.0000125
1744398000000,0.0000125
1744401600000,0.0000125
1744405200000,0.0000125
1744408800000,0.0000125
1744412400000,0.0000125
1744416000000,0.0000125
1744419600000,0.0000125
1744423200000,0.0000125
1744426800000,0.0000125
1744430400000,0.0000125
1744434000000,0.0000125
1744437600000,0.0000125
1744441200000,0.0000125
1744444800000,0.0000125
1744448400000,0.0000125
1744452000000,0.0000125
1744455600000,0.0000125
1744459200000,0.0000125
1744462800000,0.0000125
1744466400000,0.0000125
1744470000000,0.0000125
1744473600000,0.0000125
1744477200000,0.0000125
1744480800000,0.0000125
1744484400000,0.0000125
1744488000000,0.0000125
1744491600000,0.0000205732
1744495200000,0.0000166385
1744498800000,0.0000125
1744502400000,0.0000146261
1744506000000,0.0000125
1744509600000,0.0000125
1744513200000,0.0000125
1744516800000,0.0000125
1744520400000,0.0000125
1744524000000,0.0000125
1744527600000,0.0000125
1744531200000,0.0000125
1744534800000,0.0000125
1744538400000,0.0000125
1744542000000,0.0000125
1744545600000,0.0000125
1744549200000,0.0000125
1744552800000,0.0000125
1744556400000,0.0000125
1744560000000,0.0000125
1744563600000,0.0000125
1744567200000,0.0000125
1744570800000,0.0000125
1744574400000,0.0000125
1744578000000,0.0000125
1744581600000,0.0000125
1744585200000,0.0000056725
1744588800000,0.0000068168
1744592400000,0.0000125
1744596000000,0.0000125
1744599600000,0.0000047676
1744603200000,0.0000087333
1744606800000,0.0000125
1744610400000,0.0000125
1744614000000,0.0000125
1744617600000,0.0000125
1744621200000,0.0000125
1744624800000,0.0000125
1744628400000,0.0000125
1744632000000,0.0000125
1744635600000,0.0000125
1744639200000,0.0000046385
1744642800000,0.0000047502
1744646400000,0.000009782
1744650000000,0.0000125
1744653600000,0.0000097196
1744657200000,0.0000040173
1744660800000,-0.0000017943
1744664400000,-0.0000164584
1744668000000,-0.0000068022
1744671600000,-0.0000093047
1744675200000,-0.000006361
1744678800000,-0.0000036261
1744682400000,0.0000025982
1744686000000,0.0000061288
1744689600000,0.0000004125
1744693200000,-0.0000003322
1744696800000,0.0000041544
1744700400000,0.000002393
1744704000000,0.0000125
1744707600000,0.0000125
1744711200000,0.0000087074
1744714800000,0.0000006901
1744718400000,0.0000016743
1744722000000,-0.0000029928
1744725600000,0.0000025319
1744729200000,0.00000006
1744732800000,-0.0000011122
1744736400000,-0.0000020701
1744740000000,-0.0000046144
1744743600000,-0.0000078955
1744747200000,0.0000069828
1744750800000,0.0000125
1744754400000,0.0000125
1744758000000,0.0000125
1744761600000,0.0000125
1744765200000,0.0000084029
1744768800000,0.0000125
1744772400000,0.0000125
1744776000000,0.0000125
1744779600000,0.0000125
1744783200000,0.0000125
1744786800000,0.0000125
1744790400000,0.0000125
1744794000000,0.0000125
1744797600000,0.0000125
1744801200000,0.0000125
1744804800000,0.0000125
1744808400000,0.0000125
1744812000000,0.0000085031
1744815600000,0.0000125
1744819200000,0.0000100617
1744822800000,0.000005303
1744826400000,0.0000040728
1744830000000,-0.0000044616
1744833600000,-0.0000158001
1744837200000,-0.0000008585
1744840800000,-0.0000107874
1744844400000,0.0000012203
1744848000000,-0.0000150946
1744851600000,-0.0000168112
1744855200000,-0.0000119686
1744858800000,-0.0000230296
1744862400000,-0.0000155327
1744866000000,-0.0000008502
1744869600000,0.0000068391
1744873200000,0.0000086235
1744876800000,0.0000027722
1744880400000,-0.0000004624
1744884000000,0.0000018643
1744887600000,0.0000011621
1744891200000,0.0000071861
1744894800000,0.000005873
1744898400000,0.0000017074
1744902000000,0.0000057236
1744905600000,0.0000125
1744909200000,0.0000125
1744912800000,0.0000125
1744916400000,0.0000121936
1744920000000,-0.0000016
1744923600000,-0.0000023789
1744927200000,-0.0000010789
1744930800000,-0.0000038425
1744934400000,-0.0000069323
1744938000000,-0.0000126158
1744941600000,-0.0000104109
1744945200000,0.0000006208
1744948800000,-0.0000007617
1744952400000,0.0000019531
1744956000000,0.0000082103
1744959600000,0.0000047086
1744963200000,0.0000017728
1744966800000,0.0000061265
1744970400000,0.0000083661
1744974000000,0.0000125
1744977600000,-0.0000089835
1744981200000,-0.0000092617
1744984800000,-0.0000082854
1744988400000,-0.0000148083
1744992000000,-0.0000178251
1744995600000,-0.0000126225
1744999200000,-0.0000068509
1745002800000,-0.0000089956
1745006400000,-0.0000129374
1745010000000,-0.0000243802
1745013600000,-0.0000255122
1745017200000,-0.0000187572
1745020800000,-0.0000198819
1745024400000,-0.000017104
1745028000000,-0.0000097526
1745031600000,0.0000066517
1745035200000,0.0000125
1745038800000,0.0000125
1745042400000,0.0000125
1745046000000,0.0000125
1745049600000,0.0000125
1745053200000,0.0000125
1745056800000,0.0000125
1745060400000,0.0000125
1745064000000,0.0000125
1745067600000,0.0000125
1745071200000,0.0000125
1745074800000,0.0000125
1745078400000,0.0000125
1745082000000,0.0000125
1745085600000,0.0000125
1745089200000,0.0000125
1745092800000,0.0000125
1745096400000,0.0000125
1745100000000,0.0000125
1745103600000,0.0000125
1745107200000,0.0000125
1745110800000,0.0000125
1745114400000,0.0000125
1745118000000,0.0000125
1745121600000,0.0000125
1745125200000,0.0000125
1745128800000,0.0000125
1745132400000,0.0000056922
1745136000000,-0.0000142043
1745139600000,-0.0000415456
1745143200000,-0.0000641778
1745146800000,-0.0000454864
1745150400000,-0.000023691
1745154000000,-0.0000129769
1745157600000,-0.0000058509
1745161200000,0.0000051124
1745164800000,0.0000100387
1745168400000,0.0000082794
1745172000000,-0.0000039398
1745175600000,-0.0000025481
1745179200000,-0.0000025264
1745182800000,0.0000125
1745186400000,0.0000125
1745190000000,0.0000125
1745193600000,0.0000125
1745197200000,0.0000125
1745200800000,0.000000659
1745204400000,0.0000028717
1745208000000,-0.0000025257
1745211600000,-0.0000022685
1745215200000,-0.0000009732
1745218800000,-0.0000143025
1745222400000,-0.0000059895
1745226000000,0.0000049332
1745229600000,-0.0000016002
1745233200000,-0.0000066296
1745236800000,0.0000053692
1745240400000,0.0000125
1745244000000,0.0000125
1745247600000,-0.0000074004
1745251200000,-0.0000294812
1745254800000,-0.0000315861
1745258400000,-0.0000060665
1745262000000,0.0000105846
1745265600000,0.0000125
1745269200000,0.0000125
1745272800000,0.0000125
1745276400000,0.0000125
1745280000000,0.0000125
1745283600000,0.0000125
1745287200000,0.0000125
1745290800000,0.0000125
1745294400000,0.0000125
1745298000000,0.0000125
1745301600000,0.0000121681
1745305200000,0.0000125
1745308800000,0.0000125
1745312400000,0.0000125
1745316000000,0.0000125
1745319600000,0.0000080717
1745323200000,0.0000015948
1745326800000,0.0000092091
1745330400000,0.0000125
1745334000000,0.0000011983
1745337600000,0.0000125
1745341200000,0.0000074661
1745344800000,0.0000007769
1745348400000,-0.0000026047
1745352000000,-0.0000097404
1745355600000,-0.0000108967
1745359200000,0.0000003124
1745362800000,0.0000045553
1745366400000,0.0000125
1745370000000,0.0000125
1745373600000,0.0000125
1745377200000,0.0000125
1745380800000,0.0000125
1745384400000,0.0000125
1745388000000,0.0000125
1745391600000,0.0000125
1745395200000,0.0000125
1745398800000,0.0000125
1745402400000,0.0000125
1745406000000,0.0000125
1745409600000,0.0000125
1745413200000,0.0000125
1745416800000,0.0000125
1745420400000,0.0000125
1745424000000,0.0000125
1745427600000,0.0000125
1745431200000,0.0000125
1745434800000,0.0000113314
1745438400000,-0.0000086573
1745442000000,-0.0000040321
1745445600000,-0.0000017579
1745449200000,-0.0000133191
1745452800000,-0.0000071135
1745456400000,-0.0000069623
1745460000000,-0.0000075451
1745463600000,-0.0000129214
1745467200000,-0.0000172393
1745470800000,-0.0000236679
1745474400000,-0.0000133787
1745478000000,-0.0000141624
1745481600000,-0.0000121304
1745485200000,-0.0000095756
1745488800000,0.0000064616
1745492400000,0.0000041334
1745496000000,0.0000112474
1745499600000,0.0000125
1745503200000,0.0000125
1745506800000,0.0000125
1745510400000,0.0000125
1745514000000,0.0000125
1745517600000,0.0000125
1745521200000,0.0000125
1745524800000,0.0000125
1745528400000,0.0000125
1745532000000,0.0000125
1745535600000,0.0000125
1745539200000,0.0000125
1745542800000,0.0000125
1745546400000,0.0000125
1745550000000,0.0000125
1745553600000,0.0000125
1745557200000,0.0000125
1745560800000,0.0000125
1745564400000,0.0000125
1745568000000,0.0000125
1745571600000,0.0000125
1745575200000,0.0000125
1745578800000,0.0000125
1745582400000,0.0000125
1745586000000,0.0000125
1745589600000,0.0000125
1745593200000,0.0000111706
1745596800000,-0.0000072837
1745600400000,-0.0000089527
1745604000000,-0.0000130071
1745607600000,-0.0000289381
1745611200000,-0.0000384595
1745614800000,-0.0000280323
1745618400000,-0.000030464
1745622000000,-0.0000224516
1745625600000,-0.0000280249
1745629200000,-0.0000073052
1745632800000,0.0000000205
1745636400000,-0.0000217463
1745640000000,-0.0000314601
1745643600000,-0.0000263846
1745647200000,-0.0000135945
1745650800000,-0.0000112655
1745654400000,-0.0000063844
1745658000000,-0.0000225626
1745661600000,-0.0000275233
1745665200000,-0.0000273742
1745668800000,-0.0000311686
1745672400000,-0.000022761
1745676000000,-0.0000146727
1745679600000,-0.0000108678
1745683200000,-0.0000055088
1745686800000,-0.0000077723
1745690400000,-0.0000106541
1745694000000,-0.0000023849
1745697600000,-0.0000015439
1745701200000,-0.0000021332
1745704800000,-0.0000034194
1745708400000,-0.0000057887
1745712000000,-0.0000108459
1745715600000,0.0000003587
1745719200000,-0.0000033295
1745722800000,-0.0000075825
1745726400000,-0.000004128
1745730000000,-0.0000051375
1745733600000,-0.0000134964
1745737200000,-0.0000076827
1745740800000,-0.0000020909
1745744400000,0.0000073667
1745748000000,0.0000055132
1745751600000,0.0000006616
1745755200000,-0.0000094294
1745758800000,-0.0000167234
1745762400000,-0.0000056643
1745766000000,-0.0000025353
1745769600000,0.0000046069
1745773200000,0.0000026727
1745776800000,-0.0000019013
1745780400000,0.0000007374
1745784000000,0.0000083933
1745787600000,0.0000034727
1745791200000,0.0000125
1745794800000,0.0000093463
1745798400000,0.000011435
1745802000000,0.0000056182
1745805600000,0.0000076349
1745809200000,0.0000114298
1745812800000,0.000001664
1745816400000,-0.0000218933
1745820000000,-0.0000134179
1745823600000,-0.0000118667
1745827200000,0.0000125
1745830800000,0.0000125
1745834400000,0.0000125
1745838000000,0.0000106411
1745841600000,0.0000125
1745845200000,0.0000125
1745848800000,0.0000125
1745852400000,0.0000125
1745856000000,0.0000125
1745859600000,0.0000125
1745863200000,0.0000125
1745866800000,0.0000125
1745870400000,0.0000125
1745874000000,0.0000065895
1745877600000,0.0000115888
1745881200000,0.0000125
1745884800000,0.0000125
1745888400000,0.0000125
1745892000000,0.0000125
1745895600000,0.0000125
1745899200000,0.0000125
1745902800000,0.0000125
1745906400000,0.0000125
1745910000000,0.0000125
1745913600000,0.0000125
1745917200000,0.0000125
1745920800000,0.0000125
1745924400000,0.0000125
1745928000000,0.0000125
1745931600000,0.0000125
1745935200000,0.0000125
1745938800000,0.0000125
1745942400000,0.0000125
1745946000000,0.0000125
1745949600000,0.0000125
1745953200000,0.0000125
1745956800000,0.0000125
1745960400000,0.0000125
1745964000000,0.0000125
1745967600000,0.0000125
1745971200000,0.0000125
1745974800000,0.0000125
1745978400000,0.0000125
1745982000000,0.0000125
1745985600000,0.0000125
1745989200000,0.0000125
1745992800000,0.0000125
1745996400000,0.0000125
1746000000000,0.0000125
1746003600000,0.0000125
1746007200000,0.0000125
1746010800000,0.0000125
1746014400000,0.0000125
1746018000000,0.0000125
1746021600000,0.0000125
1746025200000,0.0000125
1746028800000,0.0000125
1746032400000,0.0000125
1746036000000,0.0000125
1746039600000,0.0000125
1746043200000,0.0000125
1746046800000,0.0000125
1746050400000,0.0000125
1746054000000,0.0000125
1746057600000,0.0000125
1746061200000,0.0000125
1746064800000,0.0000125
1746068400000,0.0000125
1746072000000,0.0000125
1746075600000,0.0000125
1746079200000,0.0000125
1746082800000,0.0000125
1746086400000,0.0000125
1746090000000,0.0000125
1746093600000,0.0000125
1746097200000,0.0000125
1746100800000,0.0000125
1746104400000,0.0000125
1746108000000,0.0000125
1746111600000,0.0000125
1746115200000,0.0000125
1746118800000,0.0000125
1746122400000,0.0000125
1746126000000,0.0000125
1746129600000,0.0000125
1746133200000,0.0000125
1746136800000,0.0000125
1746140400000,0.0000125
1746144000000,0.0000125
1746147600000,0.0000125
1746151200000,0.0000125
1746154800000,0.0000125
1746158400000,0.0000125
1746162000000,0.0000125
1746165600000,0.0000125
1746169200000,0.0000125
1746172800000,0.0000125
1746176400000,0.0000125
1746180000000,0.0000125
1746183600000,0.0000125
1746187200000,0.0000125
1746190800000,0.0000125
1746194400000,0.0000125
1746198000000,0.0000125
1746201600000,0.0000125
1746205200000,0.0000125
1746208800000,0.0000125
1746212400000,0.0000125
1746216000000,0.0000125
1746219600000,0.0000125
1746223200000,0.0000125
1746226800000,0.0000125
1746230400000,0.0000125
1746234000000,0.0000125
1746237600000,0.0000125
1746241200000,0.0000125
1746244800000,0.0000125
1746248400000,0.0000125
1746252000000,0.0000125
1746255600000,0.0000125
1746259200000,0.0000125
1746262800000,0.0000125
1746266400000,0.0000125
1746270000000,0.0000125
1746273600000,0.0000125
1746277200000,0.0000125
1746280800000,0.0000125
1746284400000,0.0000125
1746288000000,0.0000125
1746291600000,0.0000125
1746295200000,0.0000125
1746298800000,0.0000125
1746302400000,0.0000125
1746306000000,0.0000125
1746309600000,0.0000125
1746313200000,0.0000125
1746316800000,0.0000125
1746320400000,0.0000125
1746324000000,0.0000125
1746327600000,0.0000125
1746331200000,0.0000125
1746334800000,0.0000125
1746338400000,0.0000125
1746342000000,0.0000125
1746345600000,0.0000125
1746349200000,0.0000125
1746352800000,0.0000125
1746356400000,0.0000125
1746360000000,0.0000125
1746363600000,0.0000125
1746367200000,0.0000125
1746370800000,0.0000125
1746374400000,0.0000125
1746378000000,-0.0000099542
1746381600000,-0.0000167417
1746385200000,-0.0000185436
1746388800000,-0.00001969
1746392400000,-0.0000091259
1746396000000,-0.0000105761
1746399600000,0.0000005865
1746403200000,0.0000125
1746406800000,0.0000125
1746410400000,0.0000125
1746414000000,0.0000125
1746417600000,0.0000125
1746421200000,0.0000125
1746424800000,0.0000125
1746428400000,0.0000125
1746432000000,0.0000125
1746435600000,0.0000125
1746439200000,0.0000125
1746442800000,0.0000125
1746446400000,0.0000125
1746450000000,0.0000125
1746453600000,0.0000125
1746457200000,0.0000125
1746460800000,0.0000125
1746464400000,0.0000125
1746468000000,0.0000125
1746471600000,0.0000125
1746475200000,0.0000125
1746478800000,-0.0000093501
1746482400000,0.0000125
1746486000000,0.0000124309
1746489600000,0.0000007116
1746493200000,0.0000034841
1746496800000,0.0000021653
1746500400000,0.0000011426
1746504000000,0.0000125
1746507600000,0.0000125
1746511200000,0.0000125
1746514800000,0.0000125
1746518400000,0.0000125
1746522000000,0.0000125
1746525600000,0.0000024982
1746529200000,0.00000443
1746532800000,-0.0000159784
1746536400000,-0.0000163596
1746540000000,-0.0000133734
1746543600000,0.0000125
1746547200000,0.0000125
1746550800000,0.0000125
1746554400000,0.0000125
1746558000000,0.0000125
1746561600000,0.0000125
1746565200000,0.0000125
1746568800000,0.0000125
1746572400000,0.0000125
1746576000000,0.0000125
1746579600000,0.0000125
1746583200000,0.0000099749
1746586800000,-0.0000032219
1746590400000,0.0000011216
1746594000000,0.000006339
1746597600000,0.0000017153
1746601200000,-0.0000044206
1746604800000,0.0000037381
1746608400000,0.0000031865
1746612000000,0.0000125
1746615600000,0.0000125
1746619200000,0.0000125
1746622800000,0.0000125
1746626400000,0.0000125
1746630000000,0.0000125
1746633600000,0.0000125
1746637200000,0.0000125
1746640800000,0.0000125
1746644400000,0.0000125
1746648000000,0.0000125
1746651600000,0.0000125
1746655200000,0.0000125
1746658800000,0.0000125
1746662400000,0.0000125
1746666000000,0.0000125
1746669600000,0.0000125
1746673200000,0.0000125
1746676800000,0.0000125
1746680400000,0.0000125
1746684000000,0.0000125
1746687600000,0.0000125
1746691200000,0.0000125
1746694800000,0.0000125
1746698400000,0.0000125
1746702000000,0.0000125
1746705600000,0.0000125
1746709200000,0.0000125
1746712800000,0.0000125
1746716400000,0.0000125
1746720000000,0.0000125
1746723600000,0.0000427979
1746727200000,0.0000540498
1746730800000,0.0000453649
1746734400000,0.0000401973
1746738000000,0.0000526427
1746741600000,0.0000635151
1746745200000,0.0000512551
1746748800000,0.0000364118
1746752400000,0.0000228324
1746756000000,0.0000156966
1746759600000,0.0000217464
1746763200000,0.0000201166
1746766800000,0.0000229387
1746770400000,0.0000348092
1746774000000,0.0000367157
1746777600000,0.0000478111
1746781200000,0.0000493275
1746784800000,0.0000170577
1746788400000,0.0000165613
1746792000000,0.0000125
1746795600000,0.0000125
1746799200000,0.0000176
1746802800000,0.0000125
1746806400000,0.0000125
1746810000000,0.0000125
1746813600000,0.0000125
1746817200000,0.0000159723
1746820800000,0.0000125
1746824400000,0.0000125
1746828000000,0.0000125
1746831600000,0.0000125
1746835200000,0.0000125
1746838800000,0.0000125
1746842400000,0.0000125
1746846000000,0.0000125
1746849600000,0.0000125
1746853200000,0.0000125
1746856800000,0.0000125
1746860400000,0.0000125
1746864000000,0.000013896
1746867600000,0.0000131634
1746871200000,0.00001681
1746874800000,0.00001647
1746878400000,0.0000125
1746882000000,0.0000125
1746885600000,0.0000125
1746889200000,0.0000125
1746892800000,0.0000125
1746896400000,0.0000125
1746900000000,0.0000125
1746903600000,0.0000125
1746907200000,0.0000125
1746910800000,0.0000130767
1746914400000,0.0000165754
1746918000000,0.0000208391
1746921600000,0.0000368036
1746925200000,0.0000467096
1746928800000,0.0000381473
1746932400000,0.0000456517
1746936000000,0.0000492327
1746939600000,0.0000611319
1746943200000,0.000062328
1746946800000,0.0000457662
1746950400000,0.0000362717
1746954000000,0.0000357239
1746957600000,0.0000775049
1746961200000,0.0000761812
1746964800000,0.000064238
1746968400000,0.0000577983
1746972000000,0.0000483449
1746975600000,0.0000707484
1746979200000,0.0000727564
1746982800000,0.0000575212
1746986400000,0.0000478826
1746990000000,0.0000445727
1746993600000,0.0000341256
1746997200000,0.0000375099
1747000800000,0.0000562248
1747004400000,0.0000572389
1747008000000,0.0000409353
1747011600000,0.0000711471
1747015200000,0.000057543
1747018800000,0.00005253
1747022400000,0.0000549966
1747026000000,0.0000391012
1747029600000,0.0000233725
1747033200000,0.0000378904
1747036800000,0.0000489225
1747040400000,0.0000326449
1747044000000,0.0000424106
1747047600000,0.0000407845
1747051200000,0.0000368837
1747054800000,0.0000223165
1747058400000,0.000019512
1747062000000,0.0000448805
1747065600000,0.0001064706
1747069200000,0.0000984984
1747072800000,0.000059682
1747076400000,0.0000577686
1747080000000,0.0000368173
1747083600000,0.0000450636
1747087200000,0.0000432172
1747090800000,0.0000338563
1747094400000,0.000031087
1747098000000,0.0000245384
1747101600000,0.0000125
1747105200000,0.0000125
1747108800000,0.0000125
1747112400000,0.0000125
1747116000000,0.0000125
1747119600000,0.0000125
1747123200000,0.0000125
1747126800000,0.0000125
1747130400000,0.0000125
1747134000000,0.0000125
1747137600000,0.0000125
1747141200000,0.0000125
1747144800000,0.0000157371
1747148400000,0.0000125
1747152000000,0.0000125
1747155600000,0.0000125
1747159200000,0.0000125
1747162800000,0.0000125
1747166400000,0.0000125
1747170000000,0.0000125
1747173600000,0.0000125
1747177200000,0.0000125
1747180800000,0.0000125
1747184400000,0.0000125
1747188000000,0.0000125
1747191600000,0.0000125
1747195200000,0.0000125
1747198800000,0.0000125
1747202400000,0.0000125
1747206000000,0.0000125
1747209600000,0.0000125
1747213200000,0.0000125
1747216800000,0.0000125
1747220400000,0.0000125
1747224000000,0.0000125
1747227600000,0.0000125
1747231200000,0.0000125
1747234800000,0.0000125
1747238400000,0.0000125
1747242000000,0.0000125
1747245600000,0.0000125
1747249200000,0.0000125
1747252800000,0.0000125
1747256400000,0.0000125
1747260000000,0.0000125
1747263600000,0.0000125
1747267200000,0.0000125
1747270800000,0.0000125
1747274400000,0.0000125
1747278000000,0.0000125
1747281600000,0.0000125
1747285200000,0.0000125
1747288800000,0.0000125
1747292400000,0.0000125
1747296000000,0.0000125
1747299600000,0.0000125
1747303200000,0.0000125
1747306800000,0.0000117596
1747310400000,0.0000125
1747314000000,0.0000125
1747317600000,0.0000125
1747321200000,0.0000125
1747324800000,0.0000125
1747328400000,0.0000125
1747332000000,0.0000125
1747335600000,0.0000125
1747339200000,0.0000125
1747342800000,0.0000125
1747346400000,0.0000125
1747350000000,0.0000125
1747353600000,0.0000125
1747357200000,0.0000125
1747360800000,0.0000125
1747364400000,0.0000125
1747368000000,0.0000125
1747371600000,0.000007152
1747375200000,0.0000090534
1747378800000,0.0000032285
1747382400000,0.0000082981
1747386000000,0.0000125
1747389600000,0.0000125
1747393200000,0.0000078366
1747396800000,0.0000119866
1747400400000,0.0000123638
1747404000000,0.0000045003
1747407600000,0.0000070418
1747411200000,0.0000125
1747414800000,0.0000125
1747418400000,0.0000125
1747422000000,0.0000125
1747425600000,0.0000125
1747429200000,0.0000125
1747432800000,0.0000125
1747436400000,0.0000125
1747440000000,0.0000125
1747443600000,0.0000125
1747447200000,0.0000125
1747450800000,0.0000125
1747454400000,0.0000125
1747458000000,0.0000125
1747461600000,0.0000125
1747465200000,0.0000125
1747468800000,0.0000125
1747472400000,0.0000125
1747476000000,0.0000125
1747479600000,0.0000125
1747483200000,0.0000125
1747486800000,0.0000125
1747490400000,0.0000125
1747494000000,0.0000125
1747497600000,0.0000125
1747501200000,0.0000125
1747504800000,0.0000125
1747508400000,0.0000125
1747512000000,0.0000125
1747515600000,0.0000125
1747519200000,0.0000125
1747522800000,0.0000125
1747526400000,0.0000125
1747530000000,0.0000125
1747533600000,0.0000125
1747537200000,0.0000125
1747540800000,0.0000125
1747544400000,0.0000125
1747548000000,0.0000142869
1747551600000,0.0000152685
1747555200000,0.0000176277
1747558800000,0.0000125
1747562400000,0.0000125
1747566000000,0.0000125
1747569600000,0.0000125
1747573200000,0.0000125
1747576800000,0.0000125
1747580400000,0.0000125
1747584000000,0.0000128625
1747587600000,0.0000130252
1747591200000,0.0000125
1747594800000,0.0000125
1747598400000,0.0000125
1747602000000,0.0000125
1747605600000,0.0000125
1747609200000,0.0000125
1747612800000,0.0000125
1747616400000,0.0000125
1747620000000,0.0000125
1747623600000,0.0000125
1747627200000,0.0000125
1747630800000,0.0000125
1747634400000,0.0000125
1747638000000,0.0000125
1747641600000,0.0000459011
1747645200000,0.0000723813
1747648800000,0.0000607843
1747652400000,0.0000408201
1747656000000,0.0000376462
1747659600000,0.0000470669
1747663200000,0.0000769583
1747666800000,0.0000829157
1747670400000,0.000066038
1747674000000,0.0000318809
1747677600000,0.0000192732
1747681200000,0.0000125
1747684800000,0.0000125
1747688400000,0.0000147333
1747692000000,0.0000125
1747695600000,0.0000199816
1747699200000,0.0000184207
1747702800000,0.0000166183
1747706400000,0.000019822
1747710000000,0.0000141525
1747713600000,0.0000125
1747717200000,0.0000125
1747720800000,0.0000125
1747724400000,0.0000125
1747728000000,0.0000015627
1747731600000,-0.0000219033
1747735200000,-0.0000012076
1747738800000,0.0000008192
1747742400000,0.0000125
1747746000000,0.0000047812
1747749600000,0.0000108813
1747753200000,0.0000125
1747756800000,0.0000125
1747760400000,0.0000125
1747764000000,0.0000125
1747767600000,0.0000125
1747771200000,0.0000249846
1747774800000,0.0000125
1747778400000,0.0000125
1747782000000,0.0000125
1747785600000,0.0000125
1747789200000,0.0000125
1747792800000,0.0000125
1747796400000,0.0000125
1747800000000,0.0000125
1747803600000,0.0000125
1747807200000,0.0000476615
1747810800000,0.0000293432
1747814400000,0.0000125
1747818000000,-0.0000058048
1747821600000,-0.0000096738
1747825200000,-0.0000083153
1747828800000,0.0000053017
1747832400000,0.0000048243
1747836000000,0.0000037528
1747839600000,0.0000125
1747843200000,0.0000631061
1747846800000,0.0000851413
1747850400000,0.0000125
1747854000000,0.0000125
1747857600000,0.000029419
1747861200000,0.0000384439
1747864800000,0.0000357251
1747868400000,0.0000472187
1747872000000,0.0001843704
1747875600000,0.0001625875
1747879200000,0.000138389
1747882800000,0.000083105
1747886400000,0.0000886491
1747890000000,0.0000976197
1747893600000,0.0000573896
1747897200000,0.0000149343
1747900800000,0.0000125
1747904400000,0.0000125
1747908000000,0.0000125
1747911600000,0.0000125
1747915200000,0.0000125
1747918800000,0.0000290144
1747922400000,0.000014417
1747926000000,0.0000125
1747929600000,0.0000137828
1747933200000,0.0000437019
1747936800000,0.0000646909
1747940400000,0.0000748892
1747944000000,0.0000651138
1747947600000,0.0000762685
1747951200000,0.0000609428
1747954800000,0.0000719149
1747958400000,0.0000865146
1747962000000,0.0000739253
1747965600000,0.0000721844
1747969200000,0.0000804954
1747972800000,0.000060594
1747976400000,0.000043343
1747980000000,0.000036008
1747983600000,0.0000239864
1747987200000,0.0000458892
1747990800000,0.00004082
1747994400000,0.0000411211
1747998000000,0.0000406263
1748001600000,0.0000368366
1748005200000,0.0000422484
1748008800000,0.0000636862
1748012400000,0.000048461
1748016000000,0.0000539406
1748019600000,0.0000611639
1748023200000,0.0001787853
1748026800000,0.0000732102
1748030400000,0.000051644
1748034000000,0.0000452498
1748037600000,0.0000461491
1748041200000,0.0000470155
1748044800000,0.0000125
1748048400000,0.0000125
1748052000000,0.0000125
1748055600000,0.0000125
1748059200000,0.0000355159
1748062800000,0.000016166
1748066400000,0.0000125
1748070000000,0.0000125
1748073600000,0.0000125
1748077200000,0.0000125
1748080800000,0.0000203884
1748084400000,0.0000218751
1748088000000,0.0000125
1748091600000,0.0000125
1748095200000,0.0000125
1748098800000,0.0000125
1748102400000,0.0000186436
1748106000000,0.0000125
1748109600000,0.0000130106
1748113200000,0.0000125
1748116800000,0.0000125
1748120400000,0.0000125
1748124000000,0.0000125
1748127600000,0.0000125
1748131200000,-0.0000633842
1748134800000,-0.0000090843
1748138400000,0.0000021845
1748142000000,0.0000041475
1748145600000,0.0000059262
1748149200000,0.0000125
1748152800000,0.0000125
1748156400000,0.0000125
1748160000000,-0.0000121033
1748163600000,-0.0000256905
1748167200000,-0.0000333674
1748170800000,-0.0000116669
1748174400000,-0.0000443762
1748178000000,-0.0000328828
1748181600000,0.0000084703
1748185200000,-0.0000179182
1748188800000,-0.0000155939
1748192400000,0.0000035097
1748196000000,0.0000059999
1748199600000,0.000012113
1748203200000,0.0000125
1748206800000,-0.0000015301
1748210400000,-0.0000067729
1748214000000,0.0000125
1748217600000,0.0000125
1748221200000,0.0000125
1748224800000,0.0000125
1748228400000,0.0000125
1748232000000,0.0000125
1748235600000,0.0000125
1748239200000,0.0000125
1748242800000,0.0000125
1748246400000,0.0000125
1748250000000,0.0000125
1748253600000,0.0000125
1748257200000,0.0000125
1748260800000,0.0000125
1748264400000,0.0000125
1748268000000,0.0000125
1748271600000,0.0000125
1748275200000,0.0000194733
1748278800000,0.0000125
1748282400000,0.0000125
1748286000000,0.0000125
1748289600000,0.0000125
1748293200000,0.0000125
1748296800000,0.0000125
1748300400000,0.0000125
1748304000000,0.0000125
1748307600000,0.0000125
1748311200000,0.0000125
1748314800000,0.0000125
1748318400000,0.0000125
1748322000000,0.0000125
1748325600000,0.0000125
1748329200000,0.0000125
1748332800000,0.0000125
1748336400000,0.0000125
1748340000000,0.0000125
1748343600000,0.0000141344
1748347200000,0.0000125
1748350800000,0.0000125
1748354400000,0.000049432
1748358000000,0.0000125
1748361600000,0.0000125
1748365200000,0.000016031
1748368800000,0.0000181663
1748372400000,0.000015304
1748376000000,0.0000226063
1748379600000,0.0000125
1748383200000,0.0000125
1748386800000,0.0000125
1748390400000,0.0000125
1748394000000,0.0000125
1748397600000,0.0000125
1748401200000,0.0000125
1748404800000,0.0000125
1748408400000,0.0000136722
1748412000000,0.0000125
1748415600000,0.0000125
1748419200000,0.0000125
1748422800000,0.0000125
1748426400000,0.0000125
1748430000000,0.0000125
1748433600000,0.0000125
1748437200000,0.0000125
1748440800000,0.0000125
1748444400000,0.0000125
1748448000000,0.0000125
1748451600000,0.0000125
1748455200000,0.0000125
1748458800000,0.0000125
1748462400000,0.0000125
1748466000000,0.0000125
1748469600000,0.0000125
1748473200000,0.0000125
1748476800000,0.0000125
1748480400000,0.0000125
1748484000000,0.0000125
1748487600000,0.0000396357
1748491200000,0.0000263842
1748494800000,0.0000125
1748498400000,0.0000125
1748502000000,0.0000125
1748505600000,0.0000125
1748509200000,0.0000125
1748512800000,0.000027317
1748516400000,0.0000571209
1748520000000,0.0000715763
1748523600000,0.0000216951
1748527200000,0.0000125
1748530800000,0.0000125
1748534400000,0.0000151942
1748538000000,0.0000125
1748541600000,0.0000125
1748545200000,0.0000125
1748548800000,0.0000125
1748552400000,0.0000125
1748556000000,0.0000125
1748559600000,0.0000125
1748563200000,0.0000125
1748566800000,0.0000125
1748570400000,0.0000125
1748574000000,0.0000125
1748577600000,0.0000125
1748581200000,0.0000121549
1748584800000,0.0000123094
1748588400000,0.0000030816
1748592000000,0.0000107245
1748595600000,0.0000040664
1748599200000,0.0000041287
1748602800000,0.0000069014
1748606400000,0.0000125
1748610000000,0.0000075048
1748613600000,0.0000125
1748617200000,0.0000125
1748620800000,0.0000125
1748624400000,0.0000125
1748628000000,0.0000125
1748631600000,0.0000125
1748635200000,0.0000125
1748638800000,0.0000125
1748642400000,0.0000125
1748646000000,0.0000125
1748649600000,0.0000125
1748653200000,0.0000125
1748656800000,0.0000125
1748660400000,0.0000125
1748664000000,0.0000125
1748667600000,0.0000125
1748671200000,0.0000125
1748674800000,0.0000125
1748678400000,0.0000125
1748682000000,0.0000125
1748685600000,0.0000125
1748689200000,0.0000125
1748692800000,0.0000125
1748696400000,0.0000125
1748700000000,0.0000125
1748703600000,0.0000125
1748707200000,0.0000125
1748710800000,0.0000125
1748714400000,0.0000125
1748718000000,0.0000125
1748721600000,0.0000125
1748725200000,0.0000125
1748728800000,0.0000125
1748732400000,0.0000125
1748736000000,0.0000125
1748739600000,0.0000125
1748743200000,0.0000125
1748746800000,0.0000125
1748750400000,0.0000125
1748754000000,0.0000125
1748757600000,0.0000125
1748761200000,0.0000125
1748764800000,0.0000125
1748768400000,0.0000125
1748772000000,0.0000125
1748775600000,0.0000125
1748779200000,0.0000125
1748782800000,0.0000125
1748786400000,0.0000125
1748790000000,0.0000125
1748793600000,0.0000125
1748797200000,0.0000125
1748800800000,0.0000125
1748804400000,0.0000125
1748808000000,0.0000125
1748811600000,0.0000125
1748815200000,0.0000125
1748818800000,0.0000125
1748822400000,0.0000125
1748826000000,0.0000125
1748829600000,0.0000125
1748833200000,0.0000125
1748836800000,0.0000125
1748840400000,0.0000125
1748844000000,0.0000125
1748847600000,0.0000125
1748851200000,0.0000125
1748854800000,0.0000125
1748858400000,0.0000125
1748862000000,0.0000153838
1748865600000,0.0000125
1748869200000,0.0000125
1748872800000,0.0000125
1748876400000,0.0000125
1748880000000,0.0000125
1748883600000,0.0000125
1748887200000,0.0000125
1748890800000,0.0000125
1748894400000,0.0000125
1748898000000,0.0000125
1748901600000,0.0000125
1748905200000,0.0000125
1748908800000,0.0000125
1748912400000,0.0000125
1748916000000,0.0000125
1748919600000,0.0000125
1748923200000,0.0000125
1748926800000,0.0000125
1748930400000,0.0000125
1748934000000,0.0000125
1748937600000,0.0000125
1748941200000,0.0000125
1748944800000,0.0000125
1748948400000,0.0000125
1748952000000,0.0000125
1748955600000,0.0000176012
1748959200000,0.0000162163
1748962800000,0.0000125
1748966400000,0.0000125
1748970000000,0.0000125
1748973600000,-0.0000214656
1748977200000,0.0000032913
1748980800000,0.0000125
1748984400000,-0.0000086082
1748988000000,-0.0000006878
1748991600000,0.000008987
1748995200000,-0.0000015474
1748998800000,0.0000086889
1749002400000,0.0000026544
1749006000000,0.0000018137
1749009600000,0.0000028191
1749013200000,0.0000095899
1749016800000,0.0000125
1749020400000,0.0000101614
1749024000000,0.0000125
1749027600000,0.0000125
1749031200000,0.0000125
1749034800000,0.0000125
1749038400000,0.0000120184
1749042000000,0.0000125
1749045600000,0.0000105904
1749049200000,0.0000042693
1749052800000,0.0000125
1749056400000,0.0000125
1749060000000,0.0000125
1749063600000,0.0000125
1749067200000,0.0000125
1749070800000,0.0000125
1749074400000,0.0000125
1749078000000,0.0000125
1749081600000,0.0000125
1749085200000,0.0000125
1749088800000,0.0000125
1749092400000,0.0000125
1749096000000,0.0000125
1749099600000,0.0000125
1749103200000,0.0000063638
1749106800000,0.0000125
1749110400000,0.0000125
1749114000000,0.0000125
1749117600000,0.0000125
1749121200000,0.0000125
1749124800000,0.0000125
1749128400000,0.0000125
1749132000000,0.0000125
1749135600000,0.0000125
1749139200000,0.0000125
1749142800000,0.0000125
1749146400000,0.0000125
1749150000000,0.0000125
1749153600000,0.0000125
1749157200000,0.0000125
1749160800000,0.0000125
1749164400000,0.0000125
1749168000000,0.0000125
1749171600000,0.0000125
1749175200000,0.0000125
1749178800000,0.0000125
1749182400000,0.0000125
1749186000000,0.0000125
1749189600000,0.0000125
1749193200000,0.0000125
1749196800000,0.0000125
1749200400000,0.0000125
1749204000000,0.0000125
1749207600000,0.0000112024
1749211200000,0.0000054147
1749214800000,0.0000077384
1749218400000,0.0000047647
1749222000000,-0.0000097027
1749225600000,-0.0000230165
1749229200000,-0.0000150339
1749232800000,-0.0000014552
1749236400000,-0.0000035089
1749240000000,-0.0000100448
1749243600000,0.0000020174
1749247200000,0.0000047814
1749250800000,0.000001426
1749254400000,0.0000045896
1749258000000,-0.0000013106
1749261600000,-0.000003987
1749265200000,-0.0000047479
1749268800000,0.0000125
1749272400000,0.0000071793
1749276000000,0.000008647
1749279600000,0.0000125
1749283200000,0.0000125
1749286800000,0.0000125
1749290400000,0.0000125
1749294000000,0.0000112377
1749297600000,0.0000125
1749301200000,0.0000091328
1749304800000,0.0000125
1749308400000,0.0000107768
1749312000000,0.0000106525
1749315600000,0.0000125
1749319200000,0.0000002278
1749322800000,0.0000055629
1749326400000,0.0000035964
1749330000000,0.0000041405
1749333600000,0.000000179
1749337200000,0.0000024748
1749340800000,0.0000039515
1749344400000,0.0000015218
1749348000000,0.0000125
1749351600000,0.0000086909
1749355200000,0.0000106214
1749358800000,0.0000125
1749362400000,0.0000125
1749366000000,0.0000125
1749369600000,0.0000125
1749373200000,0.0000125
1749376800000,0.0000125
1749380400000,0.0000082341
1749384000000,0.0000125
1749387600000,0.0000122663
1749391200000,0.0000037681
1749394800000,0.0000094414
1749398400000,0.0000125
1749402000000,0.0000125
1749405600000,0.0000125
1749409200000,-0.000007251
1749412800000,-0.000003149
1749416400000,-0.0000032243
1749420000000,-0.0000118154
1749423600000,-0.000015272
1749427200000,-0.0000151772
1749430800000,-0.0000190156
1749434400000,-0.0000023212
1749438000000,0.0000125
1749441600000,0.0000125
1749445200000,0.0000008379
1749448800000,0.0000125
1749452400000,0.0000125
1749456000000,0.0000125
1749459600000,0.0000125
1749463200000,0.0000125
1749466800000,0.0000125
1749470400000,0.0000125
1749474000000,0.0000125
1749477600000,0.0000125
1749481200000,0.0000125
1749484800000,0.0000125
1749488400000,0.0000125
1749492000000,0.0000125
1749495600000,0.0000125
1749499200000,0.0000125
1749502800000,0.0000125
1749506400000,0.0000125
1749510000000,0.0000125
1749513600000,0.0000125
1749517200000,0.0000259969
1749520800000,0.0000125
1749524400000,0.0000125
1749528000000,0.0000125
1749531600000,0.000015021
1749535200000,0.0000204292
1749538800000,0.0000333146
1749542400000,0.0000273499
1749546000000,0.0000197157
1749549600000,0.0000265158
1749553200000,0.000029932
1749556800000,0.0000450744
1749560400000,0.0000368336
1749564000000,0.0000458885
1749567600000,0.0000255664
1749571200000,0.0000255016
1749574800000,0.000025067
1749578400000,0.000020504
1749582000000,0.0000125
1749585600000,0.0000298827
1749589200000,0.0000435872
1749592800000,0.0000288983
1749596400000,0.0000337117
1749600000000,0.0000355058
1749603600000,0.0000333262
1749607200000,0.0000228974
1749610800000,0.0000218156
1749614400000,0.0000125897
1749618000000,0.0000144733
1749621600000,0.0000125
1749625200000,0.0000125
1749628800000,0.0000261881
1749632400000,0.0000229087
1749636000000,0.0000202126
1749639600000,0.0000125
1749643200000,0.0000125
1749646800000,0.0000227936
1749650400000,0.0000576133
1749654000000,0.0000380877
1749657600000,0.0000338804
1749661200000,0.0000239467
1749664800000,0.0000125
1749668400000,0.0000142113
1749672000000,0.0000125
1749675600000,0.0000125
1749679200000,0.0000125
1749682800000,0.0000125
1749686400000,0.0000125
1749690000000,0.0000125
1749693600000,0.0000125
1749697200000,0.0000125
1749700800000,0.0000125
1749704400000,0.0000125
1749708000000,0.0000125
1749711600000,0.0000125
1749715200000,0.0000125
1749718800000,0.0000125
1749722400000,0.0000125
1749726000000,0.0000125
1749729600000,0.0000125
1749733200000,0.0000125
1749736800000,0.0000125
1749740400000,0.0000125
1749744000000,0.0000209869
1749747600000,0.0000320281
1749751200000,0.0000205652
1749754800000,0.0000175242
1749758400000,0.0000125
1749762000000,0.0000125
1749765600000,0.0000125
1749769200000,0.0000125
1749772800000,0.0000125
1749776400000,0.0000125
1749780000000,0.0000125
1749783600000,0.0000125
1749787200000,0.0000125
1749790800000,0.0000125
1749794400000,0.0000088157
1749798000000,-0.0000019939
1749801600000,0.0000052072
1749805200000,0.0000125
1749808800000,0.0000125
1749812400000,0.0000125
1749816000000,0.0000099113
1749819600000,0.0000098253
1749823200000,0.0000125
1749826800000,0.0000125
1749830400000,0.0000125
1749834000000,-0.0000018528
1749837600000,-0.000004081
1749841200000,-0.0000059656
1749844800000,-0.0000042175
1749848400000,0.000005105
1749852000000,0.0000041878
1749855600000,0.0000092441
1749859200000,0.0000105444
1749862800000,-0.0000017124
1749866400000,-0.000002543
1749870000000,0.0000030452
1749873600000,-0.0000118441
1749877200000,-0.0000050165
1749880800000,0.0000000033
1749884400000,-0.0000068321
1749888000000,-0.0000031566
1749891600000,-0.0000015783
1749895200000,-0.0000051781
1749898800000,-0.0000020013
1749902400000,0.0000010738
1749906000000,-0.0000040491
1749909600000,-0.0000026979
1749913200000,0.0000013783
1749916800000,0.0000015985
1749920400000,-0.0000031138
1749924000000,0.0000022419
1749927600000,0.0000103288
1749931200000,-0.000006229
1749934800000,0.0000092651
1749938400000,0.0000125
1749942000000,0.0000125
1749945600000,0.0000125
1749949200000,0.0000125
1749952800000,0.0000125
1749956400000,0.0000125
1749960000000,0.0000125
1749963600000,0.0000031265
1749967200000,0.0000125
1749970800000,0.0000125
1749974400000,0.0000125
1749978000000,0.0000125
1749981600000,0.0000125
1749985200000,0.0000125
1749988800000,0.0000125
1749992400000,0.0000125
1749996000000,0.0000125
1749999600000,0.0000125
1750003200000,0.0000125
1750006800000,0.0000125
1750010400000,0.0000125
1750014000000,0.0000125
1750017600000,0.0000125
1750021200000,0.0000125
1750024800000,0.0000125
1750028400000,0.0000125
1750032000000,0.0000125
1750035600000,0.0000125
1750039200000,0.0000125
1750042800000,0.0000125
1750046400000,0.0000125
1750050000000,0.0000125
1750053600000,0.0000290152
1750057200000,0.0000209928
1750060800000,0.0000125
1750064400000,0.0000125
1750068000000,0.0000125
1750071600000,0.0000134329
1750075200000,0.0000202584
1750078800000,0.0000125
1750082400000,0.0000125
1750086000000,0.0000202078
1750089600000,0.0000125
1750093200000,0.0000125
1750096800000,0.0000125
1750100400000,0.0000125
1750104000000,0.0000125
1750107600000,0.0000125
1750111200000,0.0000125
1750114800000,0.0000125
1750118400000,0.0000125
1750122000000,0.0000125
1750125600000,0.0000125
1750129200000,0.0000125
1750132800000,0.0000125
1750136400000,0.0000125
1750140000000,0.0000125
1750143600000,0.0000125
1750147200000,0.0000125
1750150800000,0.0000125
1750154400000,0.0000125
1750158000000,0.0000125
1750161600000,0.0000125
1750165200000,0.0000125
1750168800000,0.00000861
1750172400000,0.0000125
1750176000000,0.0000125
1750179600000,0.0000125
1750183200000,0.0000125
1750186800000,0.0000125
1750190400000,0.0000125
1750194000000,0.0000066978
1750197600000,0.0000010535
1750201200000,0.0000019861
1750204800000,0.0000056921
1750208400000,0.0000052974
1750212000000,0.0000125
1750215600000,0.0000123106
1750219200000,0.0000125
1750222800000,0.0000125
1750226400000,0.0000125
1750230000000,0.0000071155
1750233600000,-0.0000018705
1750237200000,-0.0000026348
1750240800000,0.0000006275
1750244400000,-0.0000019859
1750248000000,-0.0000072607
1750251600000,-0.0000010149
1750255200000,-0.0000025886
1750258800000,0.0000125
1750262400000,0.0000125
1750266000000,0.0000125
1750269600000,0.0000125
1750273200000,0.0000125
1750276800000,0.0000125
1750280400000,0.0000098276
1750284000000,-0.0000018419
1750287600000,0.0000078115
1750291200000,0.0000078164
1750294800000,0.0000125
1750298400000,0.0000125
1750302000000,0.0000052175
1750305600000,0.0000098689
1750309200000,0.0000106558
1750312800000,0.0000125
1750316400000,0.0000125
1750320000000,0.0000098506
1750323600000,-0.0000031958
1750327200000,0.000010846
1750330800000,0.0000125
1750334400000,0.0000125
1750338000000,0.0000125
1750341600000,0.0000099362
1750345200000,0.0000125
1750348800000,-0.000010842
1750352400000,-0.0000186643
1750356000000,-0.0000061808
1750359600000,-0.0000045018
1750363200000,0.0000041858
1750366800000,0.0000075451
1750370400000,0.0000053822
1750374000000,0.0000078359
1750377600000,0.0000125
1750381200000,0.0000125
1750384800000,0.0000125
1750388400000,0.0000125
1750392000000,0.0000125
1750395600000,0.0000125
1750399200000,0.0000125
1750402800000,0.0000125
1750406400000,0.0000125
1750410000000,0.0000125
1750413600000,0.0000125
1750417200000,0.0000125
1750420800000,0.0000125
1750424400000,0.0000125
1750428000000,0.0000125
1750431600000,0.0000125
1750435200000,0.0000125
1750438800000,0.0000125
1750442400000,0.0000125
1750446000000,0.0000125
1750449600000,0.0000125
1750453200000,0.0000125
1750456800000,0.0000125
1750460400000,0.0000125
1750464000000,0.0000125
1750467600000,0.0000125
1750471200000,0.0000125
1750474800000,0.0000125
1750478400000,0.000008412
1750482000000,0.0000125
1750485600000,0.0000125
1750489200000,0.0000125
1750492800000,0.0000125
1750496400000,0.0000125
1750500000000,0.0000122197
1750503600000,0.0000125
1750507200000,0.0000125
1750510800000,0.0000125
1750514400000,0.0000007644
1750518000000,-0.0000040438
1750521600000,-0.0000092053
1750525200000,-0.0000026444
1750528800000,-0.0000005367
1750532400000,-0.0000039773
1750536000000,0.0000013393
1750539600000,0.0000120167
1750543200000,0.0000125
1750546800000,0.0000125
1750550400000,0.0000125
1750554000000,0.0000125
1750557600000,0.0000125
1750561200000,0.0000125
1750564800000,0.0000125
1750568400000,0.0000125
1750572000000,0.0000125
1750575600000,0.0000125
1750579200000,0.0000125
1750582800000,0.0000125
1750586400000,0.0000125
1750590000000,0.0000125
1750593600000,0.0000125
1750597200000,0.0000125
1750600800000,0.000001419
1750604400000,-0.0000019346
1750608000000,0.0000125
1750611600000,0.0000125
1750615200000,0.0000125
1750618800000,0.0000125
1750622400000,0.0000125
1750626000000,0.0000125
1750629600000,0.0000123979
1750633200000,0.0000125
1750636800000,0.000007876
1750640400000,0.0000042416
1750644000000,0.0000040332
1750647600000,-0.0000010091
1750651200000,-0.0000028689
1750654800000,0.0000008221
1750658400000,-0.0000015601
1750662000000,0.0000026228
1750665600000,-0.0000025741
1750669200000,-0.0000025805
1750672800000,-0.0000031846
1750676400000,0.0000005105
1750680000000,-0.0000016329
1750683600000,0.0000049452
1750687200000,-0.0000015866
1750690800000,-0.000025239
1750694400000,-0.0000194615
1750698000000,-0.0000242318
1750701600000,0.0000125
1750705200000,0.0000125
1750708800000,0.0000118842
1750712400000,0.0000125
1750716000000,0.0000112474
1750719600000,0.0000125
1750723200000,0.0000125
1750726800000,0.0000125
1750730400000,0.0000125
1750734000000,0.0000107253
1750737600000,0.0000092475
1750741200000,0.0000036677
1750744800000,0.0000125
1750748400000,0.0000125
1750752000000,0.0000125
1750755600000,-0.0000052154
1750759200000,0.0000125
1750762800000,0.0000125
1750766400000,0.0000125
1750770000000,0.0000125
1750773600000,0.0000094252
1750777200000,-0.0000110404
1750780800000,-0.0000124009
1750784400000,0.0000053664
1750788000000,0.0000069568
1750791600000,-0.0000037184
1750795200000,-0.00000269
1750798800000,0.00001031
1750802400000,0.0000036058
1750806000000,-0.0000032096
1750809600000,-0.0000030005
1750813200000,0.0000019394
1750816800000,0.000006029
1750820400000,0.0000099574
1750824000000,0.0000066792
1750827600000,0.0000125
1750831200000,0.0000125
1750834800000,0.0000125
1750838400000,0.0000125
1750842000000,0.0000125
1750845600000,0.0000125
1750849200000,0.0000125
1750852800000,0.0000125
1750856400000,0.0000125
1750860000000,0.0000125
1750863600000,0.0000125
1750867200000,0.0000125
1750870800000,0.0000079101
1750874400000,-0.000002891
1750878000000,0.0000071099
1750881600000,0.0000069813
1750885200000,0.0000125
1750888800000,0.0000125
1750892400000,0.0000125
1750896000000,0.0000039892
1750899600000,-0.0000025071
1750903200000,0.0000012994
1750906800000,0.0000125
1750910400000,0.0000125
1750914000000,0.0000125
1750917600000,0.0000125
1750921200000,0.0000125
1750924800000,0.0000125
1750928400000,0.0000125
1750932000000,0.0000125
1750935600000,0.0000125
1750939200000,0.0000125
1750942800000,0.0000125
1750946400000,0.0000125
1750950000000,0.0000125
1750953600000,0.000003411
1750957200000,-0.0000017533
1750960800000,-0.0000031315
1750964400000,0.0000079779
1750968000000,0.0000113084
1750971600000,0.0000125
1750975200000,-0.0000193145
1750978800000,-0.0000254375
1750982400000,-0.0000229354
1750986000000,-0.0000268806
1750989600000,-0.0000236375
1750993200000,-0.0000215474
1750996800000,-0.0000190708
1751000400000,-0.0000122498
1751004000000,-0.0000079174
1751007600000,-0.000004292
1751011200000,0.0000018793
1751014800000,-0.0000126845
1751018400000,0.0000125
1751022000000,0.0000040396
1751025600000,-0.0000063647
1751029200000,0.0000051494
1751032800000,0.0000081021
1751036400000,0.0000125
1751040000000,0.0000125
1751043600000,0.0000125
1751047200000,0.0000125
1751050800000,0.0000125
1751054400000,0.0000125
1751058000000,0.0000125
1751061600000,0.0000125
1751065200000,0.0000125
1751068800000,0.0000125
1751072400000,0.0000125
1751076000000,0.0000125
1751079600000,0.0000125
1751083200000,0.0000125
1751086800000,0.0000125
1751090400000,0.0000117692
1751094000000,0.0000125
1751097600000,0.0000110867
1751101200000,0.0000092881
1751104800000,0.000004623
1751108400000,0.000006478
1751112000000,0.0000057544
1751115600000,0.0000037979
1751119200000,0.0000125
1751122800000,0.0000125
1751126400000,0.0000123249
1751130000000,0.0000125
1751133600000,0.0000125
1751137200000,0.0000125
1751140800000,0.0000125
1751144400000,0.0000125
1751148000000,0.0000125
1751151600000,0.0000125
1751155200000,0.0000125
1751158800000,0.0000125
1751162400000,0.0000125
1751166000000,0.0000125
1751169600000,0.0000125
1751173200000,0.0000125
1751176800000,0.0000125
1751180400000,0.0000125
1751184000000,0.0000125
1751187600000,0.0000125
1751191200000,0.0000125
1751194800000,0.0000125
1751198400000,0.0000125
1751202000000,0.0000125
1751205600000,0.0000125
1751209200000,0.0000125
1751212800000,0.0000125
1751216400000,0.0000098393
1751220000000,0.0000001104
1751223600000,-0.0000010248
1751227200000,0.0000016461
1751230800000,0.0000125
1751234400000,0.0000114811
1751238000000,0.0000125
1751241600000,0.0000125
1751245200000,0.0000125
1751248800000,0.0000125
1751252400000,0.0000125
1751256000000,0.0000125
1751259600000,0.0000125
1751263200000,0.0000125
1751266800000,0.0000125
1751270400000,-0.0000031811
1751274000000,0.0000059406
1751277600000,0.0000119742
1751281200000,0.0000125
1751284800000,0.0000125
1751288400000,0.0000125
1751292000000,0.0000125
1751295600000,0.0000125
1751299200000,0.0000125
1751302800000,0.0000125
1751306400000,0.0000125
1751310000000,0.0000125
1751313600000,0.0000125
1751317200000,0.0000125
1751320800000,0.0000125
1751324400000,0.0000125
1751328000000,0.0000125
1751331600000,0.0000125
1751335200000,0.0000125
1751338800000,0.0000125
1751342400000,0.0000125
1751346000000,0.0000105637
1751349600000,0.0000125
1751353200000,0.0000125
1751356800000,0.0000125
1751360400000,0.0000125
1751364000000,0.0000031339
1751367600000,-0.0000077336
1751371200000,-0.0000004223
1751374800000,0.0000000281
1751378400000,0.0000036862
1751382000000,-0.000004787
1751385600000,0.0000096092
1751389200000,0.0000125
1751392800000,0.0000068556
1751396400000,0.0000003699
1751400000000,0.000011024
1751403600000,0.0000016494
1751407200000,0.0000048235
1751410800000,0.0000057925
1751414400000,0.0000081005
1751418000000,0.0000100038
1751421600000,0.0000120141
1751425200000,0.0000125
1751428800000,0.0000125
1751432400000,0.0000063311
1751436000000,0.0000125
1751439600000,0.0000125
1751443200000,0.0000125
1751446800000,0.0000125
1751450400000,0.0000027866
1751454000000,0.0000051894
1751457600000,-0.0000063605
1751461200000,0.0000125
1751464800000,0.0000125
1751468400000,0.0000125
1751472000000,0.0000125
1751475600000,0.0000125
1751479200000,0.0000046176
1751482800000,0.0000114613
1751486400000,-0.0000035645
1751490000000,0.0000125
1751493600000,0.0000114215
1751497200000,0.0000125
1751500800000,0.0000125
1751504400000,0.0000125
1751508000000,0.0000125
1751511600000,0.0000125
1751515200000,0.0000125
1751518800000,0.0000125
1751522400000,0.0000125
1751526000000,0.0000125
1751529600000,0.0000125
1751533200000,0.0000125
1751536800000,0.0000125
1751540400000,0.0000125
1751544000000,0.0000125
1751547600000,0.0000125
1751551200000,0.0000125
1751554800000,0.0000125
1751558400000,0.0000125
1751562000000,0.0000125
1751565600000,0.0000125
1751569200000,0.0000087458
1751572800000,0.0000125
1751576400000,0.0000125
1751580000000,0.0000125
1751583600000,0.0000125
1751587200000,0.0000125
1751590800000,0.0000125
1751594400000,0.0000125
1751598000000,0.0000104007
1751601600000,0.0000094067
1751605200000,0.0000005625
1751608800000,0.0000107349
1751612400000,0.0000125
1751616000000,0.0000125
1751619600000,0.0000032851
1751623200000,0.0000030647
1751626800000,0.0000087587
1751630400000,0.0000103802
1751634000000,0.0000060274
1751637600000,0.0000034814
1751641200000,0.0000125
1751644800000,0.0000125
1751648400000,0.0000125
1751652000000,0.0000125
1751655600000,0.0000125
1751659200000,0.0000125
1751662800000,0.0000125
1751666400000,0.0000125
1751670000000,0.0000125
1751673600000,0.0000125
1751677200000,0.0000125
1751680800000,0.0000125
1751684400000,0.0000125
1751688000000,0.0000125
1751691600000,0.0000125
1751695200000,0.0000125
1751698800000,0.0000125
1751702400000,0.0000125
1751706000000,0.0000125
1751709600000,0.0000125
1751713200000,0.0000125
1751716800000,0.0000125
1751720400000,0.0000125
1751724000000,0.0000125
1751727600000,0.0000125
1751731200000,0.0000125
1751734800000,0.0000125
1751738400000,0.0000125
1751742000000,0.0000125
1751745600000,0.0000125
1751749200000,0.0000125
1751752800000,0.0000125
1751756400000,0.0000125
1751760000000,0.0000125
1751763600000,0.0000125
1751767200000,0.0000125
1751770800000,0.0000125
1751774400000,0.0000125
1751778000000,0.0000125
1751781600000,0.0000125
1751785200000,0.0000125
1751788800000,0.0000125
1751792400000,0.0000125
1751796000000,0.0000125
1751799600000,0.0000125
1751803200000,0.0000125
1751806800000,0.0000125
1751810400000,0.0000125
1751814000000,0.0000125
1751817600000,0.0000125
1751821200000,0.0000125
1751824800000,0.0000125
1751828400000,0.0000125
1751832000000,0.0000125
1751835600000,0.0000125
1751839200000,0.0000125
1751842800000,0.0000125
1751846400000,0.0000125
1751850000000,0.0000125
1751853600000,0.0000125
1751857200000,0.0000125
1751860800000,0.0000125
1751864400000,0.0000125
1751868000000,0.0000125
1751871600000,0.0000125
1751875200000,0.0000125
1751878800000,0.0000125
1751882400000,0.0000125
1751886000000,0.0000125
1751889600000,0.0000125
1751893200000,0.0000125
1751896800000,0.0000125
1751900400000,0.0000125
1751904000000,0.0000125
1751907600000,0.0000125
1751911200000,0.0000125
1751914800000,0.0000125
1751918400000,0.0000125
1751922000000,0.0000125
1751925600000,0.0000125
1751929200000,0.0000125
1751932800000,0.0000125
1751936400000,0.0000125
1751940000000,0.0000125
1751943600000,0.0000125
1751947200000,0.0000125
1751950800000,0.0000125
1751954400000,0.0000125
1751958000000,0.0000125
1751961600000,0.0000125
1751965200000,0.0000125
1751968800000,0.0000125
1751972400000,0.0000125
1751976000000,0.0000125
1751979600000,0.0000125
1751983200000,0.0000125
1751986800000,0.0000125
1751990400000,0.0000125
1751994000000,0.0000125
1751997600000,0.0000125
1752001200000,0.0000125
1752004800000,0.0000125
1752008400000,0.0000125
1752012000000,0.0000125
1752015600000,0.0000125
1752019200000,0.0000125
1752022800000,0.0000125
1752026400000,0.0000125
1752030000000,0.0000125
1752033600000,0.0000125
1752037200000,0.0000125
1752040800000,0.0000125
1752044400000,0.0000125
1752048000000,0.0000125
1752051600000,0.0000125
1752055200000,0.0000125
1752058800000,0.0000125
1752062400000,0.0000125
1752066000000,0.0000125
1752069600000,0.0000125
1752073200000,0.0000125
1752076800000,0.0000125
1752080400000,0.0000125
1752084000000,0.0000125
1752087600000,0.0000125
1752091200000,0.0000125
1752094800000,0.0000125
1752098400000,0.0000125
1752102000000,0.0000125
1752105600000,0.0000125
1752109200000,0.0000125
1752112800000,0.0000125
1752116400000,0.0000125
1752120000000,0.0000125
1752123600000,0.0000125
1752127200000,0.0000125
1752130800000,0.0000125
1752134400000,0.0000125
1752138000000,0.0000125
1752141600000,0.0000125
1752145200000,0.0000125
1752148800000,0.0000125
1752152400000,0.0000125
1752156000000,0.0000125
1752159600000,0.0000125
1752163200000,0.0000125
1752166800000,0.0000125
1752170400000,0.0000125
1752174000000,0.0000125
1752177600000,0.0000125
1752181200000,0.0000125
1752184800000,0.0000125
1752188400000,0.0000125
1752192000000,0.0000125
1752195600000,0.0000125
1752199200000,0.0000125
1752202800000,0.0000125
1752206400000,0.0000125
1752210000000,0.0000125
1752213600000,0.0000125
1752217200000,0.000025682
1752220800000,0.0000402512
1752224400000,0.0000368977
1752228000000,0.0000372991
1752231600000,0.0000360939
1752235200000,0.0000221747
1752238800000,0.0000125
1752242400000,0.0000132544
1752246000000,0.0000267921
1752249600000,0.0000420047
1752253200000,0.0000703289
1752256800000,0.0000687271
1752260400000,0.0000671521
1752264000000,0.0000753256
1752267600000,0.0000494705
1752271200000,0.0000465182
1752274800000,0.0000370307
1752278400000,0.0000293806
1752282000000,0.0000277902
1752285600000,0.0000251678
1752289200000,0.0000301008
1752292800000,0.000022715
1752296400000,0.000019671
1752300000000,0.0000146482
1752303600000,0.0000251799
1752307200000,0.0000375489
1752310800000,0.0000423709
1752314400000,0.0000400812
1752318000000,0.0000352095
1752321600000,0.0000175229
1752325200000,0.0000125
1752328800000,0.0000125
1752332400000,0.0000125
1752336000000,0.0000125
1752339600000,0.0000125
1752343200000,0.0000125
1752346800000,0.0000125
1752350400000,0.0000125
1752354000000,0.0000125
1752357600000,0.0000125
1752361200000,0.0000125
1752364800000,0.0000125
1752368400000,0.0000125
1752372000000,0.0000127206
1752375600000,0.0000125
1752379200000,0.0000208541
1752382800000,0.0000298318
1752386400000,0.0000292588
1752390000000,0.0000267355
1752393600000,0.0000318775
1752397200000,0.0000172984
1752400800000,0.0000198476
1752404400000,0.0000255391
1752408000000,0.0000312764
1752411600000,0.0000426262
1752415200000,0.0000328564
1752418800000,0.0000172965
1752422400000,0.0000180187
1752426000000,0.0000206533
1752429600000,0.0000125
1752433200000,0.0000125
1752436800000,0.0000181284
1752440400000,0.0000204777
1752444000000,0.0000201519
1752447600000,0.0000125
1752451200000,0.0000125
1752454800000,0.0000125
1752458400000,0.0000125
1752462000000,0.0000137344
1752465600000,0.0000389974
1752469200000,0.0000497279
1752472800000,0.0000583666
1752476400000,0.0000434735
1752480000000,0.0000517587
1752483600000,0.000054459
1752487200000,0.0000301539
1752490800000,0.0000447294
1752494400000,0.0000391045
1752498000000,0.0000578247
1752501600000,0.000053759
1752505200000,0.0000704821
1752508800000,0.0000457446
1752512400000,0.0001201701
1752516000000,0.0001053438
1752519600000,0.0000891339
1752523200000,0.0000642682
1752526800000,0.0000667673
1752530400000,0.0000626512
1752534000000,0.0000762033
1752537600000,0.0000655451
1752541200000,0.000054796
1752544800000,0.0000559711
1752548400000,0.0001501336
1752552000000,0.0001309732
1752555600000,0.0001175303
1752559200000,0.0000616286
1752562800000,0.0000352998
1752566400000,0.0000308558
1752570000000,0.0000125
1752573600000,0.0000172904
1752577200000,0.0000565762
1752580800000,0.0000358233
1752584400000,0.000020684
1752588000000,0.000061753
1752591600000,0.0000131139
1752595200000,0.0000125
1752598800000,0.0000145684
1752602400000,0.0000627871
1752606000000,0.0000639249
1752609600000,0.0000157304
1752613200000,0.0000125
1752616800000,0.0000125
1752620400000,0.0000125
1752624000000,0.0000125
1752627600000,0.000028121
1752631200000,0.0000572182
1752634800000,0.0000685575
1752638400000,0.0000780813
1752642000000,0.0000867921
1752645600000,0.0000977399
1752649200000,0.0000826903
1752652800000,0.0001022088
1752656400000,0.0001073619
1752660000000,0.0001070537
1752663600000,0.0000746177
1752667200000,0.0000455399
1752670800000,0.0000407586
1752674400000,0.0000213294
1752678000000,0.0000345407
1752681600000,0.0000125
1752685200000,0.0000230797
1752688800000,0.0000270377
1752692400000,0.0000334048
1752696000000,0.0000394823
1752699600000,0.0000468354
1752703200000,0.0000313406
1752706800000,0.0000252295
1752710400000,0.0000252346
1752714000000,0.0000319419
1752717600000,0.0000194092
1752721200000,0.0000125
1752724800000,0.0000125
1752728400000,0.0000125
1752732000000,0.0000125
1752735600000,0.0000125
1752739200000,0.0000125
1752742800000,0.0000206218
1752746400000,0.0000396744
1752750000000,0.0000270946
1752753600000,0.0000191213
1752757200000,0.0000390511
1752760800000,0.0000533745
1752764400000,0.0000343898
1752768000000,0.0000407921
1752771600000,0.000020925
1752775200000,0.0000278684
1752778800000,0.0000365509
1752782400000,0.0000379208
1752786000000,0.0000201174
1752789600000,0.0000783345
1752793200000,0.0000651993
1752796800000,0.0000600661
1752800400000,0.0000351221
1752804000000,0.0000451031
1752807600000,0.0000425114
1752811200000,0.000037905
1752814800000,0.0000375533
1752818400000,0.0000279913
1752822000000,0.0000388026
1752825600000,0.0000447736
1752829200000,0.000047022
1752832800000,0.0000432593
1752836400000,0.0000382123
1752840000000,0.0000409624
1752843600000,0.0000408823
1752847200000,0.0000125
1752850800000,0.0000125
1752854400000,0.0000125
1752858000000,0.0000125
1752861600000,0.0000125
1752865200000,0.0000125
1752868800000,0.0000125
1752872400000,0.0000125
1752876000000,0.0000125
1752879600000,0.0000125
1752883200000,0.0000125
1752886800000,0.0000125
1752890400000,0.0000125
1752894000000,0.0000125
1752897600000,0.0000125
1752901200000,0.0000125
1752904800000,0.0000125
1752908400000,0.0000125
1752912000000,0.0000125
1752915600000,0.0000125
1752920040000,0.0000125
1752922800000,0.0000125
1752926400000,0.0000125
1752930000000,0.0000125
1752933600000,0.0000125
1752937200000,0.0000125
1752940800000,0.0000125
1752944400000,0.0000125
1752948000000,0.0000125
1752951600000,0.0000125
1752955200000,0.0000125
1752958800000,0.0000125
1752962400000,0.0000125
1752966000000,0.0000125
1752969600000,0.0000125
1752973200000,0.0000125
1752976800000,0.0000125
1752980400000,0.0000125
1752984000000,0.0000125
1752987600000,0.0000125
1752991200000,0.0000125
1752994800000,0.0000125
1752998400000,0.0000125
1753002000000,0.0000125
1753005600000,0.0000125
1753009200000,0.0000125
1753012800000,0.0000125
1753016400000,0.0000125
1753020000000,0.0000125
1753023600000,0.0000125
1753027200000,0.0000173475
1753030800000,0.0000171702
1753034400000,0.0000186928
1753038000000,0.0000228254
1753041600000,0.0000342499
1753045200000,0.0000261151
1753048800000,0.0000151191
1753052400000,0.0000157589
1753056000000,0.0000125
1753059600000,0.0000125
1753063200000,0.0000125
1753066800000,0.0000125
1753070400000,0.0000125
1753074000000,0.0000125
1753077600000,0.0000125
1753081200000,0.0000125
1753084800000,0.0000192018
1753088400000,0.0000209247
1753092000000,0.0000275141
1753095600000,0.0000268239
1753099200000,0.0000284323
1753102800000,0.0000290844
1753106400000,0.0000348601
1753110000000,0.0000160659
1753113600000,0.00002054
1753117200000,0.0000273207
1753120800000,0.0000147797
1753124400000,0.0000125
1753128000000,0.0000125
1753131600000,0.0000125
1753135200000,0.0000125
1753138800000,0.0000125
1753142400000,0.0000125
1753146000000,0.0000125
1753149600000,0.0000125
1753153200000,0.0000156502
1753156800000,0.0000162958
1753160400000,0.0000125
1753164000000,0.0000125
1753167600000,0.0000125
1753171200000,0.0000278757
1753174800000,0.0000125
1753178400000,0.0000154487
1753182000000,0.0000325296
1753185600000,0.0000400372
1753189200000,0.0000291949
1753192800000,0.0000179093
1753196400000,0.000013784
1753200000000,0.0000495445
1753203600000,0.0000453263
1753207200000,0.0000421149
1753210800000,0.000051891
1753214400000,0.0000418026
1753218000000,0.0000449526
1753221600000,0.0000501453
1753225200000,0.0000614922
1753228800000,0.0000816324
1753232400000,0.0000673849
1753236000000,0.0000606153
1753239600000,0.0000447129
1753243200000,0.0000381105
1753246800000,0.0000411647
1753250400000,0.0000407273
1753254000000,0.0000286033
1753257600000,0.000038852
1753261200000,0.0000208036
1753264800000,0.0000182223
1753268400000,0.0000327214
1753272000000,0.0000492105
1753275600000,0.0000448282
1753279200000,0.0000494084
1753282800000,0.0000376845
1753286400000,0.0000400027
1753290000000,0.0000342368
1753293600000,0.0000328703
1753297200000,0.000030902
1753300800000,0.0000262304
1753304400000,0.0000273192
1753308000000,0.0000350724
1753311600000,0.0000419258
1753315200000,0.0000223701
1753318800000,0.0000275027
1753322400000,0.0000353384
1753326000000,0.0000318168
1753329600000,0.0000346653
1753333200000,0.0000421816
1753336800000,0.0000268035
1753340400000,0.0000125
1753344000000,0.0000125
1753347600000,0.0000125
1753351200000,0.0000125
1753354800000,0.0000125
1753358400000,0.0000125
1753362000000,0.0000125
1753365600000,0.0000125
1753369200000,0.0000125
1753372800000,0.0000333012
1753376400000,0.0000191349
1753380000000,0.0000265088
1753383600000,0.0000218269
1753387200000,0.0000171387
1753390800000,0.0000247742
1753394400000,0.0000278071
1753398000000,0.000021179
1753401600000,0.0000125
1753405200000,0.0000125
1753408800000,0.000018732
1753412400000,0.0000334427
1753416000000,0.000016055
1753419600000,0.0000656338
1753423200000,0.0000635811
1753426800000,0.0000769975
1753430400000,0.0000751558
1753434000000,0.0001017221
1753437600000,0.0000514612
1753441200000,0.0000287923
1753444800000,0.000014972
1753448400000,0.0000125
1753452000000,0.0000178764
1753455600000,0.0000311662
1753459200000,0.0000459251
1753462800000,0.000029571
1753466400000,0.0000125
1753470000000,0.0000163851
1753473600000,0.0000125
1753477200000,0.0000188189
1753480800000,0.0000338657
1753484400000,0.0000599605
1753488000000,0.0000497065
1753491600000,0.0000355666
1753495200000,0.0000303944
1753498800000,0.0000309605
1753502400000,0.0000200894
1753506000000,0.0000125
1753509600000,0.0000211384
1753513200000,0.000029458
1753516800000,0.0000367248
1753520400000,0.0000314394
1753524000000,0.0000300119
1753527600000,0.0000413062
1753531200000,0.0000326121
1753534800000,0.0000276145
1753538400000,0.0000297584
1753542000000,0.0000336586
1753545600000,0.0000289349
1753549200000,0.0000232867
1753552800000,0.0000130435
1753556400000,0.0000125
1753560000000,0.0000125
1753563600000,0.0000125
1753567200000,0.0000125
1753570800000,0.0000125
1753574400000,0.0000125
1753578000000,0.0000125
1753581600000,0.0000125
1753585200000,0.0000125
1753588800000,0.0000125
1753592400000,0.0000125
1753596000000,0.0000143494
1753599600000,0.0000202332
1753603200000,0.0000264255
1753606800000,0.0000303198
1753610400000,0.0000342872
1753614000000,0.0000125
1753617660000,0.0000125
1753621200000,0.0000125
1753624800000,0.0000125
1753628400000,0.0000125
1753632000000,0.0000125
1753635600000,0.0000166022
1753639200000,0.0000125
1753642800000,0.0000238635
1753646400000,0.0000229554
1753650000000,0.0000304529
1753653600000,0.0000294257
1753657200000,0.0000251245
1753660800000,0.0000238727
1753664400000,0.0000280518
1753668000000,0.0000301888
1753671600000,0.000038904
1753675200000,0.0000338686
1753678800000,0.0000322122
1753682400000,0.0000327022
1753686000000,0.0000302324
1753689600000,0.0000221544
1753693200000,0.0000200205
1753696800000,0.0000230907
1753700400000,0.0000225414
1753704000000,0.0000125
1753707600000,0.0000186467
1753711200000,0.0000216487
1753714800000,0.0000313354
1753718400000,0.0000365177
1753722000000,0.0000284235
1753725600000,0.0000217855
1753729200000,0.0000279166
1753732800000,0.000025009
1753736400000,0.0000125
1753740000000,0.0000209009
1753743600000,0.0000125
1753747200000,0.0000125
1753750800000,0.0000125
1753754400000,0.0000125
1753758000000,0.0000125
1753761600000,0.0000125
1753765200000,0.0000125
1753768800000,0.0000125
1753772400000,0.0000125
1753776000000,0.0000125
1753779600000,0.0000125
1753783200000,0.0000125
1753786800000,0.0000125
1753790400000,0.0000125
1753794000000,0.0000125
1753797600000,0.0000125
1753801200000,0.0000125
1753804800000,0.0000144137
1753808400000,0.0000125
1753812000000,0.0000193992
1753815600000,0.0000225068
1753819200000,0.0000240956
1753822800000,0.0000125
1753826400000,0.0000125
1753830000000,0.0000125
1753833600000,0.0000125
1753837200000,0.0000125
1753840800000,0.0000125
1753844400000,0.0000125
1753848000000,0.0000125
1753851600000,0.0000125
1753855200000,0.0000125
1753858800000,0.0000125
1753862400000,0.0000125
1753866000000,0.0000125
1753869600000,0.0000125
1753873200000,0.0000125
1753876800000,0.0000125
1753880400000,0.0000125
1753884000000,0.0000125
1753887600000,0.0000125
1753891200000,0.0000125
1753894800000,0.0000125
1753898400000,0.0000125
1753902000000,0.0000125
1753905600000,0.0000205406
1753909200000,0.0000132315
1753912800000,0.0000225876
1753916400000,0.0000125
1753920000000,0.0000161078
1753923600000,0.0000182862
1753927200000,0.0000167072
1753930800000,0.0000251246
1753934400000,0.0000370429
1753938000000,0.0000392285
1753941600000,0.0000278833
1753945200000,0.0000208634
1753948800000,0.0000229754
1753952400000,0.0000166051
1753956000000,0.0000149544
1753959600000,0.0000143059
1753963200000,0.0000125
1753966800000,0.0000125
1753970400000,0.0000125
1753974000000,0.0000125
1753977600000,0.0000125
1753981200000,0.0000125
1753984800000,0.0000125
1753988400000,0.0000125
1753992000000,0.0000125
1753995600000,0.0000125
1753999200000,0.0000125
1754002800000,0.0000125
1754006400000,0.0000125
1754010000000,0.0000063735
1754013600000,0.0000125
1754017200000,0.0000125
1754020800000,0.0000125
1754024400000,0.0000125
1754028000000,0.0000125
1754031600000,0.0000125
1754035200000,0.0000069365
1754038800000,0.0000125
1754042400000,0.0000125
1754046000000,0.000010621
1754049600000,0.0000125
1754053200000,0.0000125
1754056800000,0.0000082891
1754060400000,0.0000125
1754064000000,0.0000125
1754067600000,0.0000125
1754071200000,0.0000125
1754074800000,0.0000064853
1754078400000,-0.0000051628
1754082000000,-0.0000026679
1754085600000,0.0000090683
1754089200000,-0.0000126583
1754092800000,-0.0000139771
1754096400000,-0.0000088439
1754100000000,-0.0000080919
1754103600000,-0.0000032618
1754107200000,0.0000039576
1754110800000,0.0000092688
1754114400000,0.0000125
1754118000000,0.0000125
1754121600000,0.0000047644
1754125200000,0.0000047621
1754128800000,0.0000102361
1754132400000,0.0000046493
1754136000000,0.0000125
1754139600000,0.0000125
1754143200000,0.0000125
1754146800000,0.0000125
1754150400000,0.0000125
1754154000000,0.0000099736
1754157600000,0.0000023958
1754161200000,-0.0000082254
1754164800000,0.0000033561
1754168400000,-0.0000002546
1754172000000,0.0000025759
1754175600000,0.0000125
1754179200000,0.0000125
1754182800000,0.0000109576
1754186400000,0.0000065528
1754190000000,0.0000066867
1754193600000,0.0000125
1754197200000,0.0000125
1754200800000,0.0000125
1754204400000,0.0000125
1754208000000,0.0000123023
1754211600000,0.0000013243
1754215200000,-0.0000066485
1754218800000,-0.0000075937
1754222400000,-0.0000007669
1754226000000,0.000000914
1754229600000,0.0000074984
1754233200000,-0.000004428
1754236800000,-0.0000107276
1754240400000,-0.0000026574
1754244000000,0.0000070918
1754247600000,0.0000125
1754251200000,0.0000125
1754254800000,0.0000125
1754258400000,0.0000125
1754262000000,0.0000125
1754265600000,0.0000125
1754269200000,0.0000125
1754272800000,0.0000125
1754276400000,0.0000125
1754280000000,0.0000125
1754283600000,0.0000090147
1754287200000,0.0000077923
1754290800000,0.0000125
1754294400000,0.0000125
1754298000000,0.0000107191
1754301600000,0.0000021185
1754305200000,-0.0000031771
1754308800000,-0.0000018163
1754312400000,-0.0000021222
1754316000000,0.0000092811
1754319600000,0.0000125
1754323200000,0.0000125
1754326800000,0.0000125
1754330400000,0.0000125
1754334000000,0.0000116679
1754337600000,0.000006501
1754341200000,0.0000125
1754344800000,0.0000125
1754348400000,0.0000125
1754352000000,0.0000125
1754355600000,0.0000125
1754359200000,0.0000125
1754362800000,0.0000125
1754366400000,0.0000125
1754370000000,0.0000125
1754373600000,0.0000125
1754377200000,0.0000125
1754380800000,0.0000125
1754384400000,0.0000125
1754388000000,0.0000125
1754391600000,0.0000125
1754395200000,0.0000125
1754398800000,0.0000121415
1754402400000,0.0000015818
1754406000000,-0.000014891
1754409600000,-0.000011109
1754413200000,-0.0000003325
1754416800000,0.0000029388
1754420400000,0.0000005254
1754424000000,-0.0000013861
1754427600000,-0.0000055074
1754431200000,-0.0000091368
1754434800000,-0.0000111297
1754438400000,-0.0000044265
1754442000000,-0.0000099178
1754445600000,-0.0000120657
1754449200000,0.0000016461
1754452800000,0.0000098285
1754456400000,0.0000125
1754460000000,0.0000125
1754463600000,0.0000039619
1754467200000,0.0000005739
1754470800000,0.0000084519
1754474400000,0.0000125
1754478000000,0.000010291
1754481600000,0.0000125
1754485200000,0.0000121268
1754488800000,0.0000125
1754492400000,0.0000125
1754496000000,0.0000125
1754499600000,0.0000125
1754503200000,0.0000125
1754506800000,0.0000125
1754510400000,0.0000125
1754514000000,0.0000125
1754517600000,0.0000125
1754521200000,0.0000125
1754524800000,0.0000125
1754528400000,0.0000125
1754532000000,0.0000125
1754535600000,0.0000125
1754539200000,0.0000125
1754542800000,0.0000125
1754546400000,0.0000125
1754550000000,0.0000125
1754553600000,0.0000125
1754557200000,0.0000125
1754560800000,0.0000125
1754564400000,0.0000125
1754568000000,0.0000125
1754571600000,0.0000125
1754575200000,0.0000125
1754578800000,0.0000125
1754582400000,0.0000125
1754586000000,0.0000125
1754589600000,0.0000125
1754593200000,0.0000125
1754596800000,0.0000125
1754600400000,0.0000125
1754604000000,0.0000125
1754607600000,0.0000125
1754611200000,0.0000125
1754614800000,0.0000125
1754618400000,0.0000125
1754622000000,0.0000125
1754625600000,0.0000125
1754629200000,0.0000125
1754632800000,0.0000125
1754636400000,0.0000125
1754640000000,0.0000125
1754643600000,0.0000125
1754647200000,0.0000125
1754650800000,0.0000125
1754654400000,0.0000125
1754658000000,0.0000125
1754661600000,0.0000125
1754665200000,0.0000125
1754668800000,0.0000125
1754672400000,0.0000125
1754676000000,0.0000125
1754679600000,0.0000125
1754683200000,0.0000125
1754686800000,0.0000125
1754690400000,0.0000125
1754694000000,0.0000125
1754697600000,0.0000125
1754701200000,0.0000125
1754704800000,0.0000125
1754708400000,0.0000125
1754712000000,0.0000125
1754715600000,0.0000125
1754719200000,0.0000125
1754722800000,0.0000125
1754726400000,0.0000125
1754730000000,0.0000125
1754733600000,0.0000125
1754737200000,0.0000125
1754740800000,0.0000125
1754744400000,0.0000125
1754748000000,0.0000125
1754751600000,0.0000125
1754755200000,0.0000125
1754758800000,0.0000125
1754762400000,0.0000125
1754766000000,0.0000125
1754769600000,0.0000193887
1754773200000,0.0000189997
1754776800000,0.0000221912
1754780400000,0.0000290856
1754784000000,0.0000201307
1754787600000,0.0000204332
1754791200000,0.0000262258
1754794800000,0.0000242881
1754798400000,0.0000198933
1754802000000,0.0000125
1754805600000,0.0000125
1754809200000,0.0000125
1754812800000,0.0000125
1754816400000,0.0000125
1754820000000,0.0000125
1754823600000,0.0000125
1754827200000,0.0000125
1754830800000,0.0000125
1754834400000,0.0000125
1754838000000,0.0000125
1754841600000,0.0000125
1754845200000,0.0000125
1754848800000,0.0000125
1754852400000,0.0000125
1754856000000,0.000013028
1754859600000,0.0000125
1754863200000,0.0000125
1754866800000,0.0000125274
1754870400000,0.000015874
1754874000000,0.0000206005
1754877600000,0.0000280878
1754881200000,0.0000129149
1754884800000,0.0000125
1754888400000,0.0000125
1754892000000,0.0000125
1754895600000,0.0000125
1754899200000,0.0000125
1754902800000,0.0000125
1754906400000,0.0000125
1754910000000,0.0000125
1754913600000,0.0000125
1754917200000,0.0000125
1754920800000,0.0000125
1754924400000,0.0000125287
1754928000000,0.000026047
1754931600000,0.0000284705
1754935200000,0.0000125
1754938800000,0.0000125
1754942400000,0.0000125
1754946000000,0.0000125
1754949600000,0.0000125
1754953200000,0.0000125
1754956800000,0.0000125
1754960400000,0.0000125
1754964000000,0.0000125
1754967600000,0.0000125
1754971200000,0.0000125
1754974800000,0.0000125
1754978400000,0.0000125
1754982000000,0.0000125
1754985600000,0.0000125
1754989200000,0.0000125
1754992800000,0.0000125
1754996400000,0.0000125
1755000000000,0.0000125
1755003600000,0.0000125
1755007200000,0.0000125
1755010800000,0.0000238496
1755014400000,0.0000216901
1755018000000,0.0000125
1755021600000,0.0000125
1755025200000,0.0000125
1755028800000,0.0000125
1755032400000,0.0000125
1755036000000,0.000012777
1755039600000,0.0000125
1755043200000,0.0000326882
1755046800000,0.0000326289
1755050400000,0.0000240566
1755054000000,0.0000267397
1755057600000,0.0000343149
1755061200000,0.0000352728
1755064800000,0.0000308004
1755068400000,0.0000288303
1755072000000,0.0000363641
1755075600000,0.0000366769
1755079200000,0.0000396747
1755082800000,0.000054208
1755086400000,0.0000591846
1755090000000,0.0000440633
1755093600000,0.0000505187
1755097200000,0.0000400204
1755100800000,0.0000319854
1755104400000,0.0000358229
1755108000000,0.0000309612
1755111600000,0.0000284442
1755115200000,0.0000281538
1755118800000,0.00005362
1755122400000,0.0000555606
1755126000000,0.0000611714
1755129600000,0.0000697422
1755133200000,0.0000544091
1755136800000,0.0000428302
1755140400000,0.0000584292
1755144000000,0.0000570024
1755147600000,0.0000548776
1755151200000,0.0000420643
1755154800000,0.0000419225
1755158400000,0.0000324999
1755162000000,0.0000176033
1755165600000,0.0000203537
1755169200000,0.0000157115
1755172800000,0.0000180285
1755176400000,0.0000125
1755180000000,0.0000125
1755183600000,0.0000382203
1755187200000,0.0000259042
1755190800000,0.000015774
1755194400000,0.0000125
1755198000000,0.0000125
1755201600000,0.0000125
1755205200000,0.0000125
1755208800000,0.0000125
1755212400000,0.0000125
1755216000000,0.0000125
1755219600000,0.0000125
1755223200000,0.0000125
1755226800000,0.0000125
1755230400000,0.0000125
1755234000000,0.0000125
1755237600000,0.0000125
1755241200000,0.0000125
1755244800000,0.0000125
1755248400000,0.0000125
1755252000000,0.0000125
1755255600000,0.0000125
1755259200000,0.0000125
1755262800000,0.0000125
1755266400000,0.0000125
1755270000000,0.0000125
1755273600000,0.0000125
1755277200000,0.0000125
1755280800000,0.0000125
1755284400000,0.0000125
1755288000000,0.0000125
1755291600000,0.0000125
1755295200000,0.0000125
1755298800000,0.0000125
1755302400000,0.0000125
1755306000000,0.0000125
1755309600000,0.0000125
1755313200000,0.0000125
1755316800000,0.0000125
1755320400000,0.0000125
1755324000000,0.0000125
1755327600000,0.0000125
1755331200000,0.0000125
1755334800000,0.0000125
1755338400000,0.0000125
1755342000000,0.0000125
1755345600000,0.0000125
1755349200000,0.0000125
1755352800000,0.0000125
1755356400000,0.0000125
1755360000000,0.0000125
1755363600000,0.0000125
1755367200000,0.0000125
1755370800000,0.0000125
1755374400000,0.0000125
1755378000000,0.0000125
1755381600000,0.0000125
1755385200000,0.0000125
1755388800000,0.0000125
1755392400000,0.0000125
1755396000000,0.0000125
1755399600000,0.0000125
1755403200000,0.0000125
1755406800000,0.0000125
1755410400000,0.0000125
1755414000000,0.0000125
1755417600000,0.0000125
1755421200000,0.0000125
1755424800000,0.0000125
1755428400000,0.0000125
1755432000000,0.0000125
1755435600000,0.0000125
1755439200000,0.0000125
1755442800000,0.0000125
1755446400000,0.0000125
1755450000000,0.0000125
1755453600000,0.0000125
1755457200000,0.0000125
1755460800000,0.0000125
1755464400000,0.0000125
1755468000000,0.0000125
1755471600000,0.0000125
1755475200000,0.0000125
1755478800000,0.0000125
1755482400000,0.0000125
1755486000000,0.0000125
1755489600000,0.0000125
1755493200000,0.0000125
1755496800000,0.0000125
1755500400000,0.0000125
1755504000000,-0.0000006982
1755507600000,0.0000011208
1755511200000,-0.0000033467
1755514800000,0.0000050912
1755518400000,0.0000102241
1755522000000,0.0000125
1755525600000,0.0000125
1755529200000,0.0000125
1755532800000,0.0000125
1755536400000,0.0000125
1755540000000,0.0000100309
1755543600000,-0.0000030562
1755547200000,-0.0000045494
1755550800000,-0.000007558
1755554400000,-0.0000000265
1755558000000,-0.0000163668
1755561600000,-0.0000129197
1755565200000,0.0000017259
1755568800000,-0.0000052074
1755572400000,-0.0000072834
1755576000000,-0.0000141448
1755579600000,-0.0000106214
1755583200000,-0.0000028734
1755586800000,-0.000014977
1755590400000,-0.0000010858
1755594000000,0.0000060565
1755597600000,0.0000125
1755601200000,0.0000125
1755604800000,0.0000125
1755608400000,0.0000092217
1755612000000,0.0000052082
1755615600000,-0.000002095
1755619200000,0.0000004299
1755622800000,0.0000121347
1755626400000,0.0000125
1755630000000,0.0000125
1755633600000,0.0000125
1755637200000,0.0000125
1755640800000,0.0000125
1755644400000,0.0000125
1755648000000,0.0000125
1755651600000,0.0000125
1755655200000,0.0000081615
1755658800000,0.0000125
1755662400000,0.0000125
1755666000000,0.0000125
1755669600000,0.0000125
1755673200000,0.0000125
1755676800000,0.0000125
1755680400000,0.0000125
1755684000000,0.0000125
1755687600000,0.0000125
1755691200000,0.0000125
1755694800000,0.0000125
1755698400000,0.000003831
1755702000000,0.0000125
1755705600000,0.0000125
1755709200000,0.0000125
1755712800000,0.0000125
1755716400000,0.0000125
1755720000000,0.0000125
1755723600000,0.0000125
1755727200000,0.0000125
1755730800000,0.0000125
1755734400000,0.0000125
1755738000000,0.0000125
1755741600000,0.0000125
1755745200000,0.0000125
1755748800000,0.0000125
1755752400000,0.0000125
1755756000000,0.0000125
1755759600000,0.0000125
1755763200000,0.0000125
1755766800000,0.0000125
1755770400000,0.0000125
1755774000000,0.0000125
1755777600000,0.0000125
1755781200000,0.0000048147
1755784800000,0.0000125
1755788400000,0.0000125
1755792000000,0.0000125
1755795600000,0.0000125
1755799200000,0.0000125
1755802800000,0.0000125
1755806400000,0.0000125
1755810000000,0.0000027492
1755813600000,0.0000125
1755817200000,0.0000125
1755820800000,0.0000077492
1755824400000,0.0000125
1755828000000,0.0000125
1755831600000,0.0000125
1755835200000,0.0000125
1755838800000,0.0000125
1755842400000,0.0000125
1755846000000,0.0000125
1755849600000,0.0000125
1755853200000,0.0000125
1755856800000,0.0000125
1755860400000,0.0000125
1755864000000,0.0000125
1755867600000,0.0000125
1755871200000,0.0000125
1755874800000,0.0000125
1755878400000,0.0000125
1755882000000,0.0000125
1755885600000,0.0000125
1755889200000,0.0000125
1755892800000,0.0000125
1755896400000,0.0000125
1755900000000,0.0000125
1755903600000,0.0000125
1755907200000,0.0000125
1755910800000,0.0000125
1755914400000,0.0000125
1755918000000,0.0000125
1755921600000,0.0000125
1755925200000,0.0000125
1755928800000,0.0000125
1755932400000,0.0000125
1755936000000,0.0000125
1755939600000,0.0000125
1755943200000,0.0000125
1755946800000,0.0000125
1755950400000,0.0000125
1755954000000,0.0000125
1755957600000,0.0000125
1755961200000,0.0000125
1755964800000,0.0000125
1755968400000,0.000029353
1755972000000,0.000040714
1755975600000,0.0000240674
1755979200000,0.0000239168
1755982800000,0.0000262352
1755986400000,0.0000174695
1755990000000,0.0000125
1755993600000,0.0000125
1755997200000,0.0000125
1756000800000,0.0000125
1756004400000,0.0000125
1756008000000,0.0000125
1756011600000,0.0000125
1756015200000,0.0000125
1756018800000,0.0000125
1756022400000,0.0000125
1756026000000,0.0000125
1756029600000,0.0000174204
1756033200000,0.0000125
1756036800000,0.0000125
1756040400000,0.0000125
1756044000000,0.0000191751
1756047600000,0.0000373551
1756051200000,0.0000341291
1756054800000,0.0000448798
1756058400000,0.0000440292
1756062000000,0.0000323979
1756065600000,0.0000359195
1756069200000,0.0000503497
1756072800000,0.0000631792
1756076400000,0.000043901
1756080000000,0.0000406693
1756083600000,0.0000351709
1756087200000,0.0000305578
1756090800000,0.0000427837
1756094400000,0.0000327893
1756098000000,0.0000240627
1756101600000,0.0000182458
1756105200000,0.0000125
1756108800000,0.0000125
1756112400000,0.0000125
1756116000000,0.0000125
1756119600000,0.0000125
1756123200000,0.0000125
1756126800000,0.0000125
1756130400000,0.0000125
1756134000000,0.0000125
1756137600000,0.0000125
1756141200000,0.0000125
1756144800000,0.0000125
1756148400000,0.0000125
1756152000000,0.0000125
1756155600000,0.0000125
1756159200000,0.0000125
1756162800000,0.0000125
1756166400000,0.0000125
1756170000000,0.0000125
1756173600000,0.0000125
1756177200000,0.0000125
1756180800000,0.0000125
1756184400000,0.0000125
1756188000000,0.0000125
1756191600000,0.0000125
1756195200000,0.0000125
1756198800000,0.0000125
1756202400000,0.0000125
1756206000000,0.0000125
1756209600000,0.0000125
1756213200000,0.0000125
1756216800000,0.0000125
1756220400000,0.0000125
1756224000000,0.0000125
1756227600000,0.0000125
1756231200000,0.0000125
1756234800000,0.0000125
1756238400000,0.0000125
1756242000000,0.0000125
1756245600000,0.0000125
1756249200000,0.0000125
1756252800000,0.0000125
1756256400000,0.0000125
1756260000000,0.0000125
1756263600000,0.0000125
1756267200000,0.0000125
1756270800000,0.0000125
1756274400000,0.0000125
1756278000000,0.0000125
1756281600000,0.0000125
1756285200000,0.0000125
1756288800000,0.0000125
1756292400000,0.0000125
1756296000000,0.0000125
1756299600000,0.0000125
1756303200000,0.0000125
1756306800000,0.0000125
1756310400000,0.0000125
1756314000000,0.0000125
1756317600000,0.0000125
1756321200000,0.0000125
1756324800000,0.0000125
1756328400000,0.0000165882
1756332000000,0.0000125
1756335600000,0.0000125
1756339200000,0.0000125
1756342800000,0.0000125
1756346400000,0.0000125
1756350000000,0.0000125
1756353600000,0.0000125
1756357200000,0.0000125
1756360800000,0.0000125
1756364400000,0.0000125
1756368000000,0.0000125
1756371600000,0.0000125
1756375200000,0.0000125
1756378800000,0.0000125
1756382400000,0.0000125
1756386000000,0.0000125
1756389600000,0.0000125
1756393200000,0.0000125
1756396800000,0.0000125
1756400400000,0.0000125
1756404000000,0.0000125
1756407600000,0.0000125
1756411200000,0.0000125
1756414800000,0.0000125
1756418400000,0.0000125
1756422000000,0.0000125
1756425600000,0.0000125
1756429200000,0.0000125
1756432800000,0.0000125
1756436400000,0.0000125
1756440000000,0.0000125
1756443600000,0.0000125
1756447200000,0.0000125
1756450800000,0.0000125
1756454400000,0.0000125
1756458000000,0.0000125
1756461600000,0.0000125
1756465200000,0.0000125
1756468800000,0.0000125
1756472400000,0.0000125
1756476000000,0.0000125
1756479600000,0.0000125
1756483200000,0.0000125
1756486800000,0.0000125
1756490400000,0.0000125
1756494000000,0.0000125
1756497600000,0.0000125
1756501200000,0.0000125
1756504800000,0.0000056634
1756508400000,0.0000040473
1756512000000,0.0000080793
1756515600000,0.0000073633
1756519200000,0.0000016543
1756522800000,-0.0000150485
1756526400000,-0.0000235435
1756530000000,-0.0000278266
1756533600000,-0.0000124049
1756537200000,0.0000023805
1756540800000,0.0000079896
1756544400000,0.0000125
1756548000000,0.0000125
1756551600000,0.0000125
1756555200000,0.0000125
1756558800000,0.0000125
1756562400000,0.0000125
1756566000000,0.0000125
1756569600000,0.0000125
1756573200000,0.0000125
1756576800000,0.0000125
1756580400000,0.0000125
1756584000000,0.0000125
1756587600000,0.0000125
1756591200000,0.0000125
1756594800000,0.0000125
1756598400000,0.0000125
1756602000000,0.0000125
1756605600000,0.0000125
1756609200000,0.0000125
1756612800000,0.0000125
1756616400000,0.0000125
1756620000000,0.0000125
1756623600000,0.0000125
1756627200000,0.0000125
1756630800000,0.0000125
1756634400000,0.0000125
1756638000000,0.0000125
1756641600000,0.0000125
1756645200000,0.0000125
1756648800000,0.0000125
1756652400000,0.0000125
1756656000000,0.0000125
1756659600000,0.0000125
1756663200000,0.0000125
1756666800000,0.0000125
1756670400000,0.0000125
1756674000000,0.0000125
1756677600000,0.0000125
1756681200000,0.0000125
1756684800000,0.0000125
1756688400000,0.0000125
1756692000000,0.0000125
1756695600000,0.0000125
1756699200000,0.0000125
1756702800000,0.0000125
1756706400000,0.0000125
1756710000000,0.0000125
1756713600000,0.0000125
1756717200000,0.0000125
1756720800000,0.0000125
1756724400000,0.0000125
1756728000000,0.0000125
1756731600000,0.0000125
1756735200000,0.0000125
1756738800000,0.0000125
1756742400000,0.0000125
1756746000000,0.0000125
1756749600000,0.0000125
1756753200000,0.0000125
1756756800000,0.0000125
1756760400000,0.0000125
1756764000000,0.0000125
1756767600000,0.0000125
1756771200000,0.0000125
1756774800000,0.0000125
1756778400000,0.0000125
1756782000000,0.0000125
1756785600000,0.0000125
1756789200000,0.0000125
1756792800000,0.0000125
1756796400000,0.0000125
1756800000000,0.0000125
1756803600000,0.0000125
1756807200000,0.0000125
1756810800000,0.0000125
1756814400000,0.0000125
1756818000000,0.0000112704
1756821600000,0.0000125
1756825200000,0.0000125
1756828800000,0.0000125
1756832400000,0.0000125
1756836000000,0.0000125
1756839600000,0.0000125
1756843200000,0.0000125
1756846800000,0.0000125
1756850400000,0.0000125
1756854000000,0.0000125
1756857600000,0.0000125
1756861200000,0.0000125
1756864800000,0.0000125
1756868400000,0.0000125
1756872000000,0.0000125
1756875600000,0.0000125
1756879200000,0.0000125
1756882800000,0.0000125
1756886400000,0.0000125
1756890000000,0.0000125
1756893600000,0.0000125
1756897200000,0.0000125
1756900800000,0.0000125
1756904400000,0.0000125
1756908000000,0.0000125
1756911600000,0.0000125
1756915200000,0.0000125
1756918800000,0.0000125
1756922400000,0.0000125
1756926000000,0.0000125
1756929600000,0.0000125
1756933200000,0.0000125
1756936800000,0.0000125
1756940400000,0.0000125
1756944000000,0.0000125
1756947600000,0.0000125
1756951200000,0.0000125
1756954800000,0.0000125
1756958400000,0.0000125
1756962000000,0.0000125
1756965600000,0.0000125
1756969200000,0.0000125
1756972800000,0.0000125
1756976400000,0.0000125
1756980000000,0.0000125
1756983600000,0.0000125
1756987200000,0.0000125
1756990800000,0.0000125
1756994400000,0.0000125
1756998000000,0.0000125
1757001600000,0.0000125
1757005200000,0.0000125
1757008800000,0.0000125
1757012400000,0.0000125
1757016000000,0.0000125
1757019600000,0.0000125
1757023200000,0.0000125
1757026800000,0.0000125
1757030400000,0.0000125
1757034000000,0.0000125
1757037600000,0.0000125
1757041200000,0.0000125
1757044800000,0.0000125
1757048400000,0.0000125
1757052000000,0.0000125
1757055600000,0.0000125
1757059200000,0.0000125
1757062800000,0.0000125
1757066400000,0.0000125
1757070000000,0.0000125
1757073600000,0.0000125
1757077200000,0.0000125
1757080800000,0.0000125
1757084400000,0.0000125
1757088000000,0.0000125
1757091600000,0.0000125
1757095200000,0.0000125
1757098800000,0.0000125
1757102400000,0.0000125
1757106000000,0.0000125
1757109600000,0.0000125
1757113200000,0.0000125
1757116800000,0.0000125
1757120400000,0.0000125
1757124000000,0.0000125
1757127600000,0.0000125
1757131200000,0.0000125
1757134800000,0.0000125
1757138400000,0.0000125
1757142000000,0.0000125
1757145600000,0.0000125
1757149200000,0.0000125
1757152800000,0.0000125
1757156400000,0.0000125
1757160000000,0.0000125
1757163600000,0.0000125
1757167200000,0.0000125
1757170800000,0.0000125
1757174400000,0.0000125
1757178000000,0.0000125
1757181600000,0.0000125
1757185200000,0.0000125
1757188800000,0.0000055718
1757192400000,0.0000093303
1757196000000,0.0000079906
1757199600000,0.0000049015
1757203200000,0.0000072091
1757206800000,0.0000103026
1757210400000,0.0000125
1757214000000,0.0000101603
1757217600000,0.0000125
1757221200000,0.0000089901
1757224800000,0.0000116211
1757228400000,0.0000124525
1757232000000,0.0000125
1757235600000,0.0000125
1757239200000,0.0000125
1757242800000,0.0000125
1757246400000,0.0000125
1757250000000,0.0000100209
1757253600000,0.0000082429
1757257200000,0.0000011386
1757260800000,0.0000108461
1757264400000,0.0000103211
1757268000000,0.0000094764
1757271600000,0.0000101717
1757275200000,0.0000125
1757278800000,0.0000125
1757282400000,0.0000125
1757286000000,0.0000125
1757289600000,0.0000125
1757293200000,0.0000125
1757296800000,0.0000125
1757300400000,0.0000125
1757304000000,0.0000125
1757307600000,0.0000017691
1757311200000,0.0000033566
1757314800000,0.0000017056
1757318400000,0.0000092798
1757322000000,0.0000125
1757325600000,0.0000125
1757329200000,0.0000125
1757332800000,0.0000125
1757336400000,0.0000125
1757340000000,0.0000125
1757343600000,0.0000125
1757347200000,0.0000125
1757350800000,0.0000125
1757354400000,0.0000125
1757358000000,0.0000125
1757361600000,0.0000125
1757365200000,0.0000125
1757368800000,0.0000125
1757372400000,0.0000125
1757376000000,0.0000125
1757379600000,0.0000125
1757383200000,0.0000125
1757386800000,0.0000125
1757390400000,0.0000125
1757394000000,0.0000125
1757397600000,0.0000125
1757401200000,0.0000125
1757404800000,0.0000125
1757408400000,0.0000125
1757412000000,0.0000125
1757415600000,0.0000125
1757419200000,0.0000125
1757422800000,0.0000125
1757426400000,0.0000125
1757430000000,0.0000125
1757433600000,0.0000125
1757437200000,0.0000125
1757440800000,0.0000125
1757444400000,0.0000125
1757448000000,0.0000125
1757451600000,0.0000125
1757455200000,0.0000125
1757458800000,0.0000125
1757462400000,0.0000125
1757466000000,0.0000125
1757469600000,0.0000125
1757473200000,0.0000125
1757476800000,0.0000125
1757480400000,0.0000125
1757484000000,0.0000125
1757487600000,0.0000125
1757491200000,0.0000125
1757494800000,0.0000125
1757498400000,0.0000125
1757502000000,0.0000125
1757505600000,0.0000125
1757509200000,0.0000125
1757512800000,0.0000125
1757516400000,0.0000125
1757520000000,0.0000125
1757523600000,0.0000125
1757527200000,0.0000125
1757530800000,0.0000125
1757534400000,0.0000125
1757538000000,0.0000125
1757541600000,0.0000125
1757545200000,0.0000125
1757548800000,0.0000125
1757552400000,0.0000125
1757556000000,0.0000125
1757559600000,0.0000125
1757563200000,0.0000125
1757566800000,0.0000125
1757570400000,0.0000125
1757574000000,0.0000125
1757577600000,0.0000125
1757581200000,0.0000125
1757584800000,0.0000125
1757588400000,0.0000125
1757592000000,0.0000125
1757595600000,0.0000125
1757599200000,0.0000125
1757602800000,0.0000125
1757606400000,0.0000125
1757610000000,0.0000125
1757613600000,0.0000125
1757617200000,0.0000125
1757620800000,0.0000125
1757624400000,0.0000125
1757628000000,0.0000125
1757631600000,0.0000125
1757635200000,0.0000125
1757638800000,0.0000125
1757642400000,0.0000125
1757646000000,0.0000125
1757649600000,0.0000125
1757653200000,0.0000125
1757656800000,0.0000125
1757660400000,0.0000125
1757664000000,0.0000125
1757667600000,0.0000125
1757671200000,0.0000125
1757674800000,0.0000125
1757678400000,0.0000125
1757682000000,0.0000125
1757685600000,0.0000125
1757689200000,0.0000125
1757692800000,0.0000125
1757696400000,0.0000125
1757700000000,0.0000125
1757703600000,0.0000125
1757707200000,0.0000125
1757710800000,0.0000125
1757714400000,0.0000125
1757718000000,0.0000125
1757721600000,0.0000125
1757725200000,0.0000125
1757728800000,0.0000125
1757732400000,0.0000125
1757736000000,0.0000125
1757739600000,0.0000125
1757743200000,0.0000125
1757746800000,0.0000125
1757750400000,0.0000125
1757754000000,0.0000125
1757757600000,0.0000125
1757761200000,0.0000125
1757764800000,0.0000125
1757768400000,0.0000125
1757772000000,0.0000125
1757775600000,0.0000125
1757779200000,0.0000125
1757782800000,0.0000125
1757786400000,0.0000125
1757790000000,0.0000125
1757793600000,0.0000125
1757797200000,0.0000125
1757800800000,0.0000125
1757804400000,0.0000125
1757808000000,0.0000125
1757811600000,0.0000125
1757815200000,0.0000125
1757818800000,0.0000125
1757822400000,0.0000125
1757826000000,0.0000125
1757829600000,0.0000125
1757833200000,0.0000125
1757836800000,0.0000125
1757840400000,0.0000125
1757844000000,0.0000125
1757847600000,0.0000125
1757851200000,0.0000125
1757854800000,0.0000125
1757858400000,0.0000125
1757862000000,0.0000125
1757865600000,0.0000125
1757869200000,0.0000125
1757872800000,0.0000125
1757876400000,0.0000125
1757880000000,0.0000125
1757883600000,0.0000125
1757887200000,0.0000125
1757890800000,0.0000125
1757894400000,0.0000125
1757898000000,0.0000125
1757901600000,0.0000125
1757905200000,0.0000125
1757908800000,0.0000125
1757912400000,0.0000125
1757916000000,0.0000125
1757919600000,0.0000125
1757923200000,0.0000125
1757926800000,0.0000125
1757930400000,0.0000125
1757934000000,0.0000125
1757937600000,0.0000125
1757941200000,0.0000125
1757944800000,0.0000125
1757948400000,0.0000125
1757952000000,0.0000125
1757955600000,0.0000125
1757959200000,0.0000125
1757962800000,0.0000125
1757966400000,0.0000125
1757970000000,0.0000125
1757973600000,0.0000125
1757977200000,0.0000125
1757980800000,0.0000125
1757984400000,0.0000125
1757988000000,0.0000125
1757991600000,0.0000125
1757995200000,0.0000125
1757998800000,0.0000125
1758002400000,0.0000125
1758006000000,0.0000125
1758009600000,0.0000125
1758013200000,0.0000125
1758016800000,0.0000125
1758020400000,0.0000125
1758024000000,0.0000125
1758027600000,0.0000125
1758031200000,0.0000125
1758034800000,0.0000125
1758038400000,0.0000125
1758042000000,0.0000125
1758045600000,0.0000125
1758049200000,0.0000125
1758052800000,0.0000125
1758056400000,0.0000125
1758060000000,0.0000125
1758063600000,0.0000125
1758067200000,0.0000125
1758070800000,0.0000125
1758074400000,0.0000125
1758078000000,0.0000125
1758081600000,-0.0000010428
1758085200000,-0.0000054547
1758088800000,-0.0000044339
1758092400000,0.0000015574
1758096000000,0.0000050836
1758099600000,0.0000043124
1758103200000,0.0000125
1758106800000,0.0000110081
1758110400000,0.0000090989
1758114000000,0.0000125
1758117600000,0.0000125
1758121200000,0.0000125
1758124800000,0.0000125
1758128400000,0.0000125
1758132000000,0.0000125
1758135600000,0.0000125
1758139200000,0.0000125
1758142800000,0.0000125
1758146400000,0.0000125
1758150000000,0.0000125
1758153600000,0.0000125
1758157200000,0.0000125
1758160800000,0.0000125
1758164400000,0.0000125
1758168000000,0.0000125
1758171600000,0.0000125
1758175200000,0.0000125
1758178800000,0.0000125
1758182400000,0.0000125
1758186000000,0.0000125
1758189600000,0.0000125
1758193200000,0.0000125
1758196800000,0.0000125
1758200400000,0.0000125
1758204000000,0.0000125
1758207600000,0.0000125
1758211200000,0.0000125
1758214800000,0.0000125
1758218400000,0.0000125
1758222000000,0.0000125
1758225600000,0.0000125
1758229200000,0.0000125
1758232800000,0.0000125
1758236400000,0.0000125
1758240000000,0.0000125
1758243600000,0.0000125
1758247200000,0.0000125
1758250800000,0.0000125
1758254400000,0.0000125
1758258000000,0.0000125
1758261600000,0.0000125
1758265200000,0.0000125
1758268800000,0.0000125
1758272400000,0.0000125
1758276000000,0.0000125
1758279600000,0.0000125
1758283200000,0.0000125
1758286800000,0.0000125
1758290400000,0.0000125
1758294000000,0.0000125
1758297600000,0.0000125
1758301200000,0.0000125
1758304800000,0.0000125
1758308400000,0.0000125
1758312000000,0.0000125
1758315600000,0.0000125
1758319200000,0.0000125
1758322800000,0.0000125
1758326400000,0.0000125
1758330000000,0.0000125
1758333600000,0.0000125
1758337200000,0.0000125
1758340800000,0.0000125
1758344400000,0.0000125
1758348000000,0.0000125
1758351600000,0.0000125
1758355200000,0.0000125
1758358800000,0.0000125
1758362400000,0.0000125
1758366000000,0.0000125
1758369600000,0.0000125
1758373200000,0.0000125
1758376800000,0.0000125
1758380400000,0.0000125
1758384000000,0.0000125
1758387600000,0.0000125
1758391200000,0.0000125
1758394800000,0.0000125
1758398400000,0.0000125
1758402000000,0.0000125
1758405600000,0.0000125
1758409200000,0.0000125
1758412800000,0.0000125
1758416400000,0.0000125
1758420000000,0.0000125
1758423600000,0.0000125
1758427200000,0.0000125
1758430800000,0.0000125
1758434400000,0.0000125
1758438000000,0.0000125
1758441600000,0.0000125
1758445200000,0.0000125
1758448800000,0.0000125
1758452400000,0.0000125
1758456000000,0.0000125
1758459600000,0.0000125
1758463200000,0.0000125
1758466800000,0.0000125
1758470400000,0.0000125
1758474000000,0.0000125
1758477600000,0.0000125
1758481200000,0.0000125
1758484800000,0.0000125
1758488400000,0.0000125
1758492000000,0.0000125
1758495600000,0.0000125
1758499200000,0.0000125
1758502800000,0.0000125
1758506400000,0.0000125
1758510000000,0.0000125
1758513600000,0.0000125
1758517200000,0.0000125
1758520800000,0.0000125
1758524400000,0.0000125
1758528000000,0.0000125
1758531600000,0.0000125
1758535200000,0.0000125
1758538800000,0.0000125
1758542400000,0.0000125
1758546000000,0.0000125
1758549600000,0.0000125
1758553200000,0.0000125
1758556800000,0.0000125
1758560400000,0.0000125
1758564000000,0.0000125
1758567600000,0.0000125
1758571200000,0.0000125
1758574800000,0.0000125
1758578400000,0.0000125
1758582000000,0.0000125
1758585600000,0.0000125
1758589200000,0.0000125
1758592800000,0.0000125
1758596400000,0.0000125
1758600000000,0.0000125
1758603600000,0.0000125
1758607200000,0.0000125
1758610800000,0.0000125
1758614400000,0.0000125
1758618000000,0.0000125
1758621600000,0.0000125
1758625200000,0.0000125
1758628800000,0.0000125
1758632400000,0.0000125
1758636000000,0.0000125
1758639600000,0.0000125
1758643200000,0.0000125
1758646800000,0.0000125
1758650400000,0.0000125
1758654000000,0.0000125
1758657600000,0.0000125
1758661200000,0.0000125
1758664800000,0.0000125
1758668400000,0.0000125
1758672000000,0.0000125
1758675600000,0.0000125
1758679200000,0.0000125
1758682800000,0.0000125
1758686400000,0.0000125
1758690000000,0.0000125
1758693600000,0.0000125
1758697200000,0.0000125
1758700800000,0.0000125
1758704400000,0.0000125
1758708000000,0.0000125
1758711600000,0.0000125
1758715200000,0.0000125
1758718800000,0.0000125
1758722400000,0.0000125
1758726000000,0.0000125
1758729600000,0.0000125
1758733200000,0.0000125
1758736800000,0.0000125
1758740400000,0.0000125
1758744000000,0.0000125
1758747600000,0.0000125
1758751200000,0.0000125
1758754800000,0.0000125
1758758400000,0.0000125
1758762000000,0.0000125
1758765600000,0.0000125
1758769200000,0.0000125
1758772800000,0.0000125
1758776400000,0.0000125
1758780000000,0.000011601
1758783600000,0.0000077236
1758787200000,0.0000125
1758790800000,0.0000125
1758794400000,0.0000125
1758798000000,0.0000125
1758801600000,0.0000125
1758805200000,0.0000125
1758808800000,0.0000125
1758812400000,0.0000125
1758816000000,0.0000125
1758819600000,0.0000125
1758823200000,0.0000097904
1758826800000,0.000003326
1758830400000,-0.000014033
1758834000000,-0.0000052885
1758837600000,0.0000056981
1758841200000,0.0000124752
1758844800000,0.0000125
1758848400000,0.0000125
1758852000000,0.0000125
1758855600000,0.0000125
1758859200000,0.0000125
1758862800000,0.0000125
1758866400000,0.0000125
1758870000000,0.0000125
1758873600000,0.0000125
1758877200000,0.0000125
1758880800000,0.0000125
1758884400000,0.0000125
1758888000000,0.0000053998
1758891600000,0.0000005739
1758895200000,0.0000088787
1758898800000,0.0000064517
1758902400000,0.0000050169
1758906000000,0.0000008011
1758909600000,0.0000071871
1758913200000,0.0000125
1758916800000,0.0000125
1758920400000,0.0000125
1758924000000,0.0000125
1758927600000,0.0000125
1758931200000,0.0000125
1758934800000,0.0000125
1758938400000,0.0000125
1758942000000,0.0000125
1758945600000,0.0000075161
1758949200000,0.0000075073
1758952800000,0.0000051675
1758956400000,0.0000029353
1758960000000,0.0000004025
1758963600000,0.0000077581
1758967200000,-0.0000029743
1758970800000,0.0000089331
1758974400000,0.0000109057
1758978000000,0.0000125
1758981600000,0.0000125
1758985200000,0.0000125
1758988800000,0.0000091742
1758992400000,0.0000076947
1758996000000,0.0000085582
1758999600000,0.0000070981
1759003200000,0.0000104236
1759006800000,0.0000092503
1759010400000,0.0000125
1759014000000,0.0000125
1759017600000,0.0000125
1759021200000,0.0000125
1759024800000,0.000011914
1759028400000,0.000012457
1759032000000,0.0000116602
1759035600000,0.0000124325
1759039200000,0.0000069904
1759042800000,0.0000070069
1759046400000,0.0000085689
1759050000000,0.0000078088
1759053600000,0.0000061149
1759057200000,0.0000046858
1759060800000,0.0000077376
1759064400000,0.0000060581
1759068000000,0.0000066638
1759071600000,-0.0000019341
1759075200000,-0.000002373
1759078800000,-0.0000061556
1759082400000,-0.0000140304
1759086000000,-0.0000158795
1759089600000,-0.0000066306
1759093200000,0.0000125
1759096800000,0.0000125
1759100400000,0.0000125
1759104000000,0.0000125
1759107600000,0.0000125
1759111200000,0.0000125
1759114800000,0.0000125
1759118400000,0.0000068619
1759122000000,0.0000034583
1759125600000,0.0000011366
1759129200000,0.0000006545
1759132800000,-0.000006819
1759136400000,0.0000048317
1759140000000,0.0000054445
1759143600000,0.0000089257
1759147200000,0.0000098361
1759150800000,0.0000107574
1759154400000,0.0000125
1759158000000,0.0000125
1759161600000,-0.0000028129
1759165200000,0.0000071908
1759168800000,0.0000125
1759172400000,0.0000125
1759176000000,0.0000125
1759179600000,0.0000125
1759183200000,0.0000125
1759186800000,0.0000073728
1759190400000,0.0000125
1759194000000,0.0000074702
1759197600000,0.0000125
1759201200000,0.0000125
1759204800000,0.0000114341
1759208400000,0.0000036143
1759212000000,-0.000005264
1759215600000,0.0000058148
1759219200000,0.0000125
1759222800000,0.0000113969
1759226400000,0.0000103221
1759230000000,0.0000125
1759233600000,0.0000125
1759237200000,0.0000125
1759240800000,0.0000125
1759244400000,0.0000125
1759248000000,0.0000125
1759251600000,0.0000125
1759255200000,0.0000125
1759258800000,0.0000125
1759262400000,0.0000125
1759266000000,0.0000125
1759269600000,0.0000125
1759273200000,0.0000125
1759276800000,0.0000125
1759280400000,0.0000125
1759284000000,0.0000125
1759287600000,0.0000125
1759291200000,0.0000125
1759294800000,0.0000125
1759298400000,0.0000125
1759302000000,0.0000125
1759305600000,0.0000125
1759309200000,0.0000125
1759312800000,0.0000125
1759316400000,0.0000125
1759320000000,0.0000125
1759323600000,0.0000125
1759327200000,0.0000125
1759330800000,0.0000125
1759334400000,0.0000125
1759338000000,0.0000125
1759341600000,0.0000125
1759345200000,0.0000125
1759348800000,0.0000125
1759352400000,0.0000125
1759356000000,0.0000111434
1759359600000,0.0000125
1759363200000,0.0000125
1759366800000,0.0000125
1759370400000,0.0000125
1759374000000,0.0000125
1759377600000,0.0000125
1759381200000,0.0000063069
1759384800000,0.0000011815
1759388400000,0.0000057097
1759392000000,0.0000076898
1759395600000,0.0000116363
1759399200000,0.0000125
1759402800000,0.0000100791
1759406400000,0.0000113225
1759410000000,0.0000125
1759413600000,0.0000125
1759417200000,0.0000081499
1759420800000,0.0000125
1759424400000,0.0000125
1759428000000,0.0000125
1759431600000,0.0000125
1759435200000,0.0000125
1759438800000,0.0000125
1759442400000,0.0000125
1759446000000,0.0000125
1759449600000,0.0000125
1759453200000,0.0000125
1759456800000,0.0000125
1759460400000,0.0000125
1759464000000,0.0000125
1759467600000,0.0000125
1759471200000,0.0000125
1759474800000,0.0000125
1759478400000,0.0000125
1759482000000,0.0000125
1759485600000,0.0000125
1759489200000,0.0000125
1759492800000,0.0000125
1759496400000,0.0000125
1759500000000,0.0000125
1759503600000,0.0000125
1759507200000,0.0000125
1759510800000,0.0000125
1759514400000,0.0000125
1759518000000,0.0000125
1759521600000,0.0000125
1759525200000,0.0000125
1759528800000,0.0000125
1759532400000,0.0000125
1759536000000,0.0000125
1759539600000,0.0000125
1759543200000,0.0000125
1759546800000,0.0000125
1759550400000,0.0000125
1759554000000,0.0000125
1759557600000,0.0000125
1759561200000,0.0000125
1759564800000,0.0000125
1759568400000,0.0000125
1759572000000,0.0000125
1759575600000,0.0000125
1759579200000,0.0000125
1759582800000,0.0000125
1759586400000,0.0000125
1759590000000,0.0000125
1759593600000,0.0000125
1759597200000,0.0000125
1759600800000,0.0000125
1759604400000,0.0000125
1759608000000,0.0000125
1759611600000,0.0000125
1759615200000,0.0000125
1759618800000,0.0000125
1759622400000,0.0000125
1759626000000,0.0000125
1759629600000,0.0000125
1759633200000,0.0000237769
1759636800000,0.0000154878
1759640400000,0.0000272838
1759644000000,0.0000365082
1759647600000,0.0000422963
1759651200000,0.0000453103
1759654800000,0.0000234475
1759658400000,0.0000125
1759662000000,0.0000125
1759665600000,0.0000212063
1759669200000,0.0000232018
1759672800000,0.0000234503
1759676400000,0.0000218359
1759680000000,0.0000184427
1759683600000,0.0000245131
1759687200000,0.0000183807
1759690800000,0.000013994
1759694400000,0.0000141783
1759698000000,0.0000158129
1759701600000,0.0000148405
1759705200000,0.0000197322
1759708800000,0.0000284847
1759712400000,0.0000359113
1759716000000,0.0000400288
1759719600000,0.0000357237
1759723200000,0.0000294183
1759726800000,0.0000237811
1759730400000,0.0000275511
1759734000000,0.0000329582
1759737600000,0.0000274833
1759741200000,0.0000290518
1759744800000,0.0000237423
1759748400000,0.0000289178
1759752000000,0.0000222016
1759755600000,0.0000275547
1759759200000,0.0000219129
1759762800000,0.0000125
1759766400000,0.0000149247
1759770000000,0.0000226349
1759773600000,0.0000395953
1759777200000,0.0000357439
1759780800000,0.0000278628
1759784400000,0.0000300335
1759788000000,0.000013557
1759791600000,0.0000125
1759795200000,0.0000125
1759798800000,0.0000125
1759802400000,0.0000125
1759806000000,0.0000125
1759809600000,0.0000125
1759813200000,0.0000125
1759816800000,0.0000125
1759820400000,0.0000125
1759824000000,0.0000125
1759827600000,0.0000125
1759831200000,0.0000125
1759834800000,0.0000125
1759838400000,0.0000125
1759842000000,0.0000125
1759845600000,0.0000259729
1759849200000,0.0000250139
1759852800000,0.0000289564
1759856400000,0.0000471257
1759860000000,0.0000184272
1759863600000,0.0000125
1759867200000,0.0000125
1759870800000,0.0000125
1759874400000,0.0000125
1759878000000,0.0000125
1759881600000,0.0000125
1759885200000,0.0000125
1759888800000,0.0000125
1759892400000,0.0000125
1759896000000,0.0000125
1759899600000,0.0000125
1759903200000,0.0000125
1759906800000,0.0000125
1759910400000,0.0000125
1759914000000,0.0000125
1759917600000,0.0000261221
1759921200000,0.0000223187
1759924800000,0.0000137175
1759928400000,0.0000125
1759932000000,0.0000125
1759935600000,0.0000125
1759939200000,0.0000125
1759942800000,0.0000125
1759946400000,0.0000125
1759950000000,0.0000153615
1759953600000,0.0000125
1759957200000,0.0000125
1759960800000,0.0000136158
1759964400000,0.0000128886
1759968000000,0.0000134293
1759971600000,0.0000177486
1759975200000,0.0000125
1759978800000,0.0000125
1759982400000,0.0000125
1759986000000,0.0000125
1759989600000,0.0000125
1759993200000,0.0000125
1759996800000,0.0000125
1760000400000,0.0000125
1760004000000,0.0000125
1760007600000,0.0000125
1760011200000,0.0000125
1760014800000,0.0000125
1760018400000,0.0000125
1760022000000,0.0000125
1760025600000,0.0000125
1760029200000,0.0000125
1760032800000,0.0000028133
1760036400000,-0.0000003134
1760040000000,0.000006038
1760043600000,0.000009864
1760047200000,0.0000125
1760050800000,0.0000125
1760054400000,0.0000125
1760058000000,0.0000125
1760061600000,0.0000125
1760065200000,0.0000099103
1760068800000,-0.0000147029
1760072400000,-0.00001436
1760076000000,-0.0000091048
1760079600000,-0.0000022685
1760083200000,-0.0000022369
1760086800000,0.0000125
1760090400000,0.0000089718
1760094000000,-0.0000155185
1760097600000,0.0000006802
1760101200000,0.0000103702
1760104800000,0.0000097508
1760108400000,0.0000101879
1760112000000,0.00000909
1760115600000,0.0000125
1760119200000,0.0000125
1760122800000,0.0000125
1760126400000,0.0000085432
1760130000000,-0.0000071285
1760133600000,0.0002326647
1760137200000,0.0000125
1760140800000,0.0000125
1760144400000,0.0000125
1760148000000,0.0000125
1760151600000,0.0000125
1760155200000,0.0000125
1760158800000,0.0000125
1760162400000,0.0000125
1760166000000,0.0000125
1760169600000,0.0000125
1760173200000,0.0000125
1760176800000,0.0000067178
1760180400000,0.0000118197
1760184000000,0.0000085888
1760187600000,0.0000125
1760191200000,0.0000125
1760194800000,0.0000051145
1760198400000,0.000009615
1760202000000,0.0000060803
1760205600000,0.0000102794
1760209200000,0.0000125
1760212800000,0.0000088851
1760216400000,0.000004191
1760220000000,0.0000125
1760223600000,0.0000125
1760227200000,0.0000125
1760230800000,0.0000095755
1760234400000,0.0000125
1760238000000,0.0000118288
1760241600000,0.0000003573
1760245200000,0.0000106215
1760248800000,0.0000125
1760252400000,0.0000076876
1760256000000,0.0000058632
1760259600000,0.0000028413
1760263200000,-0.0000165912
1760266800000,-0.0000125441
1760270400000,0.0000021607
1760274000000,0.000006601
1760277600000,0.0000112682
1760281200000,0.0000125
1760284800000,0.0000125
1760288400000,0.0000125
1760292000000,0.0000125
1760295600000,0.0000125
1760299200000,0.0000125
1760302800000,0.0000125
1760306400000,0.0000125
1760310000000,0.0000125
1760313600000,0.0000125
1760317200000,0.0000125
1760320800000,0.0000125
1760324400000,0.0000125
1760328000000,0.0000125
1760331600000,0.0000125
1760335200000,0.0000125
1760338800000,0.0000125
1760342400000,0.0000125
1760346000000,0.0000125
1760349600000,0.0000125
1760353200000,0.0000125
1760356800000,0.0000125
1760360400000,0.0000125
1760364000000,0.0000125
1760367600000,0.0000081047
1760371200000,0.0000096976
1760374800000,0.0000076918
1760378400000,0.0000064421
1760382000000,0.0000090115
1760385600000,0.0000125
1760389200000,0.0000056168
1760392800000,0.0000086033
1760396400000,0.0000060574
1760400000000,0.0000020889
1760403600000,0.0000125
1760407200000,0.0000125
1760410800000,-0.0000108401
1760414400000,-0.0000359039
1760418000000,-0.000026805
1760421600000,-0.0000203988
1760425200000,-0.0000070239
1760428800000,0.0000018948
1760432400000,0.0000125
1760436000000,0.0000064695
1760439600000,-0.0000003833
1760443200000,0.0000122151
1760446800000,0.0000034446
1760450400000,-0.0000105351
1760454000000,0.0000106942
1760457600000,0.0000116624
1760461200000,0.0000125
1760464800000,0.0000125
1760468400000,0.0000125
1760472000000,0.0000125
1760475600000,0.0000125
1760479200000,0.0000125
1760482800000,0.0000125
1760486400000,0.0000125
1760490000000,0.0000125
1760493600000,0.0000125
1760497200000,0.0000125
1760500800000,0.0000125
1760504400000,0.0000125
1760508000000,0.0000125
1760511600000,0.0000125
1760515200000,0.0000125
1760518800000,0.0000125
1760522400000,0.0000125
1760526000000,0.0000125
1760529600000,0.0000125
1760533200000,0.0000125
1760536800000,0.0000125
1760540400000,0.0000125
1760544000000,0.0000125
1760547600000,0.0000125
1760551200000,0.0000125
1760554800000,0.0000125
1760558400000,0.0000125
1760562000000,0.0000125
1760565600000,0.0000125
1760569200000,0.0000125
1760572800000,0.0000125
1760576400000,0.0000125
1760580000000,0.0000125
1760583600000,0.0000125
1760587200000,0.0000125
1760590800000,0.0000125
1760594400000,0.0000125
1760598000000,0.0000094323
1760601600000,0.0000095972
1760605200000,0.0000125
1760608800000,0.0000125
1760612400000,0.0000125
1760616000000,0.0000125
1760619600000,0.0000125
1760623200000,0.0000125
1760626800000,0.0000125
1760630400000,0.0000125
1760634000000,0.0000125
1760637600000,0.0000125
1760641200000,0.0000125
1760644800000,0.0000125
1760648400000,0.0000125
1760652000000,0.0000125
1760655600000,0.0000125
1760659200000,0.0000125
1760662800000,0.0000125
1760666400000,0.0000125
1760670000000,0.0000125
1760673600000,0.0000125
1760677200000,0.0000125
1760680800000,0.0000125
1760684400000,0.0000125
1760688000000,0.0000125
1760691600000,0.0000125
1760695200000,0.0000125
1760698800000,0.0000125
1760702400000,0.0000125
1760706000000,0.0000125
1760709600000,0.0000125
1760713200000,0.0000125
1760716800000,0.0000125
1760720400000,0.0000125
1760724000000,0.0000125
1760727600000,0.0000125
1760731200000,0.0000125
1760734800000,0.0000125
1760738400000,0.0000125
1760742000000,0.0000125
1760745600000,0.0000125
1760749200000,0.0000125
1760752800000,0.0000125
1760756400000,0.0000125
1760760000000,0.0000125
1760763600000,0.0000125
1760767200000,0.0000125
1760770800000,0.0000125
1760774400000,0.0000125
1760778000000,0.0000125
1760781600000,0.0000125
1760785200000,0.0000125
1760788800000,0.0000125
1760792400000,0.0000125
1760796000000,0.0000125
1760799600000,0.0000125
1760803200000,0.0000125
1760806800000,0.0000125
1760810400000,0.0000125
1760814000000,0.0000125
1760817600000,0.0000125
1760821200000,0.0000125
1760824800000,0.0000125
1760828400000,0.0000125
1760832000000,0.0000125
1760835600000,0.0000125
1760839200000,0.0000125
1760842800000,0.0000125
1760846400000,0.0000125
1760850000000,0.0000055629
1760853600000,0.0000077215
1760857200000,0.0000093198
1760860800000,0.00000284
1760864400000,0.0000050943
1760868000000,0.0000039982
1760871600000,0.0000051619
1760875200000,0.0000078468
1760878800000,0.0000125
1760882400000,0.000011563
1760886000000,0.0000125
1760889600000,0.0000092951
1760893200000,0.0000103298
1760896800000,0.0000117184
1760900400000,0.0000097219
1760904000000,-0.0000095412
1760907600000,-0.0000086303
1760911200000,-0.0000129005
1760914800000,-0.0000083362
1760918400000,-0.0000052459
1760922000000,-0.0000057828
1760925600000,-0.0000002593
1760929200000,0.0000043413
1760932800000,0.000010074
1760936400000,0.0000125
1760940000000,0.0000125
1760943600000,0.0000125
1760947200000,0.0000125
1760950800000,0.0000125
1760954400000,0.0000125
1760958000000,0.0000125
1760961600000,0.0000125
1760965200000,0.0000125
1760968800000,0.0000125
1760972400000,0.0000125
1760976000000,0.0000125
1760979600000,0.0000016059
1760983200000,0.0000008419
1760986800000,0.0000110306
1760990400000,0.0000069584
1760994000000,0.0000051083
1760997600000,0.0000023643
1761001200000,0.0000062676
1761004800000,0.0000024307
1761008400000,0.0000041224
1761012000000,0.0000022574
1761015600000,0.0000013109
1761019200000,0.0000020437
1761022800000,-0.0000013815
1761026400000,-0.0000070809
1761030000000,0.0000032246
1761033600000,0.0000026276
1761037200000,-0.0000029544
1761040800000,0.0000104736
1761044400000,0.0000125
1761048000000,0.0000125
1761051600000,0.0000125
1761055200000,0.0000125
1761058800000,0.0000125
1761062400000,0.0000125
1761066000000,0.0000125
1761069600000,-0.0000026826
1761073200000,-0.0000007251
1761076800000,-0.0000033525
1761080400000,-0.0000174662
1761084000000,-0.0000076151
1761087600000,-0.0000134023
1761091200000,0.0000008439
1761094800000,0.000007544
1761098400000,0.0000125
1761102000000,0.0000125
1761105600000,0.0000125
1761109200000,0.0000125
1761112800000,0.0000125
1761116400000,0.0000125
1761120000000,0.0000125
1761123600000,0.000011671
1761127200000,0.0000073978
1761130800000,0.0000052163
1761134400000,0.0000033829
1761138000000,0.0000073123
1761141600000,0.0000107638
1761145200000,0.0000125
1761148800000,0.0000125
1761152400000,0.0000125
1761156000000,0.0000125
1761159600000,0.0000125
1761163200000,0.0000075109
1761166800000,0.0000125
1761170400000,0.0000125
1761174000000,0.0000125
1761177600000,0.0000125
1761181200000,0.0000125
1761184800000,0.0000125
1761188400000,0.0000125
1761192000000,0.0000125
1761195600000,0.0000125
1761199200000,0.0000125
1761202800000,0.0000125
1761206400000,0.0000125
1761210000000,0.0000125
1761213600000,0.0000125
1761217200000,0.0000125
1761220800000,0.0000125
1761224400000,0.0000125
1761228000000,0.0000125
1761231600000,0.0000125
1761235200000,0.0000125
1761238800000,0.0000125
1761242400000,0.0000125
1761246000000,0.0000125
1761249600000,0.0000125
1761253200000,0.0000125
1761256800000,0.0000125
1761260400000,0.0000125
1761264000000,0.0000125
1761267600000,0.0000125
1761271200000,0.0000125
1761274800000,0.0000125
1761278400000,0.0000125
1761282000000,0.0000125
1761285600000,0.0000125
1761289200000,0.0000125
1761292800000,0.0000125
1761296400000,0.0000125
1761300000000,0.0000125
1761303600000,0.0000125
1761307200000,0.0000125
1761310800000,0.0000125
1761314400000,0.0000125
1761318000000,0.0000125
1761321600000,0.0000125
1761325200000,0.0000125
1761328800000,0.0000125
1761332400000,0.0000125
1761336000000,0.0000125
1761339600000,0.0000125
1761343200000,0.0000125
1761346800000,0.0000125
1761350400000,0.0000125
1761354000000,0.0000125
1761357600000,0.0000125
1761361200000,0.0000125
1761364800000,0.0000125
1761368400000,0.0000125
1761372000000,0.0000125
1761375600000,0.0000125
1761379200000,0.0000125
1761382800000,0.0000125
1761386400000,0.0000125
1761390000000,0.0000125
1761393600000,0.0000125
1761397200000,0.0000125
1761400800000,0.0000125
1761404400000,0.0000125
1761408000000,0.0000125
1761411600000,0.0000125
1761415200000,0.0000125
1761418800000,0.0000125
1761422400000,0.0000125
1761426000000,0.0000125
1761429600000,0.0000125
1761433200000,0.0000125
1761436800000,0.0000125
1761440400000,0.0000125
1761444000000,0.0000125
1761447600000,0.0000125
1761451200000,0.0000125
1761454800000,0.0000125
1761458400000,0.0000125
1761462000000,0.0000125
1761465600000,0.0000125
1761469200000,0.0000125
1761472800000,0.0000125
1761476400000,0.0000125
1761480000000,0.0000125
1761483600000,0.0000125
1761487200000,0.0000125
1761490800000,0.0000125
1761494400000,0.0000125
1761498000000,0.0000125
1761501600000,0.0000125
1761505200000,0.0000125
1761508800000,0.0000125
1761512400000,0.0000125
1761516000000,0.0000125
1761519600000,0.0000125
1761523200000,0.0000125
1761526800000,0.0000125
1761530400000,0.0000177275
1761534000000,0.0000201933
1761537600000,0.0000246072
1761541200000,0.0000306179
1761544800000,0.0000321483
1761548400000,0.0000257439
1761552000000,0.0000125
1761555600000,0.0000125
1761559200000,0.0000125
1761562800000,0.0000125
1761566400000,0.0000125
1761570000000,0.0000125
1761573600000,0.0000125
1761577200000,0.0000125
1761580800000,0.0000125
1761584400000,0.0000125
1761588000000,0.0000125
1761591600000,0.0000125
1761595200000,0.0000125
1761598800000,0.0000125
1761602400000,0.0000125
1761606000000,0.0000125
1761609600000,0.0000125
1761613200000,0.0000125
1761616800000,0.0000125
1761620400000,0.0000125
1761624000000,0.0000125
1761627600000,0.0000125
1761631200000,0.0000125
1761634800000,0.0000125
1761638400000,0.0000125
1761642000000,0.0000125
1761645600000,0.0000125
1761649200000,0.0000125
1761652800000,0.0000125
1761656400000,0.0000125
1761660000000,0.0000125
1761663600000,0.0000125
1761667200000,0.0000125
1761670800000,0.0000125
1761674400000,0.0000125
1761678000000,0.0000125
1761681600000,0.0000125
1761685200000,0.0000125
1761688800000,0.0000125
1761692400000,0.0000125
1761696000000,0.0000125
1761699600000,0.0000125
1761703200000,0.0000125
1761706800000,0.0000125
1761710400000,0.0000125
1761714000000,0.0000125
1761717600000,0.0000125
1761721200000,0.0000125
1761724800000,0.0000125
1761728400000,0.0000125
1761732000000,0.0000125
1761735600000,0.0000125
1761739200000,0.0000125
1761742800000,0.0000125
1761746400000,0.0000125
1761750000000,0.0000125
1761753600000,0.0000125
1761757200000,0.0000125
1761760800000,0.0000125
1761764400000,0.0000125
1761768000000,0.0000125
1761771600000,0.0000125
1761775200000,0.0000174792
1761778800000,0.0000125
1761782400000,0.0000125
1761786000000,0.0000125
1761789600000,0.0000125
1761793200000,0.0000277928
1761796800000,0.0000215309
1761800400000,0.0000125
1761804000000,0.0000125
1761807600000,0.0000125
1761811200000,0.0000125
1761814800000,0.0000125
1761818400000,0.0000125
1761822000000,0.0000125
1761825600000,0.0000125
1761829200000,0.0000125
1761832800000,0.0000125
1761836400000,0.0000125
1761840000000,0.0000125
1761843600000,0.0000125
1761847200000,0.0000125
1761850800000,0.0000125
1761854400000,0.0000125
1761858000000,0.0000125
1761861600000,0.0000125
1761865200000,0.0000125
1761868800000,0.0000125
1761872400000,0.0000125
1761876000000,0.0000125
1761879600000,0.0000125
1761883200000,0.0000125
1761886800000,0.0000125
1761890400000,0.0000125
1761894000000,0.0000125
1761897600000,0.0000125
1761901200000,0.0000125
1761904800000,0.0000125
1761908400000,0.0000125
1761912000000,0.0000125
1761915600000,0.0000125
1761919200000,0.0000125
1761922800000,0.0000125
1761926400000,0.0000125
1761930000000,0.0000125
1761933600000,0.0000125
1761937200000,0.0000125
1761940800000,0.0000125
1761944400000,0.0000125
1761948000000,0.0000125
1761951600000,0.0000125
1761955200000,0.0000125
1761958800000,0.0000125
1761962400000,0.0000125
1761966000000,0.0000125
1761969600000,0.0000125
1761973200000,0.0000125
1761976800000,0.0000125
1761980400000,0.0000125
1761984000000,0.0000125
1761987600000,0.0000125
1761991200000,0.0000125
1761994800000,0.0000125
1761998400000,0.0000125
1762002000000,0.0000125
1762005600000,0.0000125
1762009200000,0.0000125
1762012800000,0.0000125
1762016400000,0.0000125
1762020000000,0.0000125
1762023600000,0.0000125
1762027200000,0.0000125
1762030800000,0.0000125
1762034400000,0.0000125
1762038000000,0.0000125
1762041600000,0.0000125
1762045200000,0.0000125
1762048800000,0.0000125
1762052400000,0.0000125
1762056000000,0.0000125
1762059600000,0.0000125
1762063200000,0.0000125
1762066800000,0.0000125
1762070400000,0.0000125
1762074000000,0.0000125
1762077600000,0.0000125
1762081200000,0.0000125
1762084800000,0.0000125
1762088400000,0.0000125
1762092000000,0.0000125
1762095600000,0.0000125
1762099200000,0.0000125
1762102800000,0.0000125
1762106400000,0.0000125
1762110000000,0.0000125
1762113600000,0.0000125
1762117200000,0.0000125
1762120800000,0.0000125
1762124400000,0.0000125
1762128000000,0.0000125
1762131600000,0.0000125
1762135200000,0.0000125
1762138800000,0.0000125
1762142400000,0.0000125
1762146000000,0.0000106615
1762149600000,0.0000125
1762153200000,0.0000125
1762156800000,0.0000125
1762160400000,0.0000125
1762164000000,0.0000125
1762167600000,0.0000125
1762171200000,0.0000125
1762174800000,0.0000125
1762178400000,0.0000125
1762182000000,0.0000125
1762185600000,0.0000041415
1762189200000,0.0000125
1762192800000,0.0000125
1762196400000,0.0000125
1762200000000,0.0000125
1762203600000,0.0000125
1762207200000,0.0000125
1762210800000,0.0000087211
1762214400000,0.0000073833
1762218000000,0.0000078968
1762221600000,0.0000095488
1762225200000,0.0000074094
1762228800000,0.0000079401
1762232400000,0.0000079537
1762236000000,-0.0000034842
1762239600000,0.0000091974
1762243200000,0.000009474
1762246800000,0.0000068248
1762250400000,0.0000046854
1762254000000,0.0000083362
1762257600000,0.0000125
1762261200000,0.0000125
1762264800000,0.0000125
1762268400000,0.0000125
1762272000000,0.0000125
1762275600000,0.0000125
1762279200000,0.0000125
1762282800000,0.0000125
1762286400000,0.0000125
1762290000000,0.0000125
1762293600000,0.0000125
1762297200000,0.0000125
1762300800000,0.0000125
1762304400000,0.0000125
1762308000000,0.0000125
1762311600000,0.0000125
1762315200000,0.0000125
1762318800000,0.0000125
1762322400000,0.0000125
1762326000000,0.0000125
1762329600000,0.0000125
1762333200000,0.0000125
1762336800000,0.0000125
1762340400000,0.0000125
1762344000000,0.0000125
1762347600000,0.0000125
1762351200000,0.0000125
1762354800000,0.0000125
1762358400000,0.0000125
1762362000000,0.0000125
1762365600000,0.0000125
1762369200000,0.0000125
1762372800000,0.0000125
1762376400000,0.0000125
1762380000000,0.0000125
1762383600000,0.0000125
1762387200000,0.0000125
1762390800000,0.0000125
1762394400000,0.0000125
1762398000000,0.0000125
1762401600000,0.0000125
1762405200000,0.0000125
1762408800000,0.0000125
1762412400000,0.0000125
1762416000000,0.0000125
1762419600000,0.0000125
1762423200000,0.0000125
1762426800000,0.0000125
1762430400000,0.0000125
1762434000000,0.0000125
1762437600000,0.0000125
1762441200000,0.0000125
1762444800000,0.0000125
1762448400000,-0.0000048599
1762452000000,0.000009425
1762455600000,0.0000118463
1762459200000,0.0000125
1762462800000,0.0000106465
1762466400000,0.0000079796
1762470000000,0.0000125
1762473600000,0.0000097434
1762477200000,0.0000125
1762480800000,0.0000125
1762484400000,0.0000114475
1762488000000,0.0000125
1762491600000,0.0000125
1762495200000,0.0000125
1762498800000,0.0000125
1762502400000,0.0000125
1762506000000,0.0000125
1762509600000,0.0000125
1762513200000,0.000010698
1762516800000,0.0000028044
1762520400000,0.0000125
1762524000000,0.0000008265
1762527600000,0.000002478
1762531200000,0.0000125
1762534800000,0.0000125
1762538400000,0.0000125
1762542000000,0.0000125
1762545600000,0.0000125
1762549200000,0.0000125
1762552800000,0.0000125
1762556400000,0.0000125
1762560000000,0.0000125
1762563600000,0.0000125
1762567200000,0.0000125
1762570800000,0.0000125
1762574400000,0.0000079051
1762578000000,0.000001192
1762581600000,0.0000006978
1762585200000,0.000007838
1762588800000,0.0000077436
1762592400000,0.0000082906
1762596000000,0.0000026625
1762599600000,0.0000028958
1762603200000,0.000002569
1762606800000,0.0000059715
1762610400000,0.0000044593
1762614000000,0.0000125
1762617600000,0.0000125
1762621200000,0.0000125
1762624800000,0.0000125
1762628400000,0.0000125
1762632000000,0.0000090029
1762635600000,0.000007782
1762639200000,0.0000069551
1762642800000,0.0000080452
1762646400000,0.0000078325
1762650000000,-0.0000065858
1762653600000,-0.0000012335
1762657200000,0.0000025033
1762660800000,0.0000018358
1762664400000,0.0000064847
1762668000000,0.0000024124
1762671600000,0.0000059069
1762675200000,0.0000028823
1762678800000,0.0000043546
1762682400000,0.0000019631
1762686000000,0.0000087034
1762689600000,0.0000098985
1762693200000,0.000008896
1762696800000,0.0000125
1762700400000,0.0000125
1762704000000,0.0000125
1762707600000,0.0000125
1762711200000,0.0000125
1762714800000,0.0000125
1762718400000,0.0000125
1762722000000,0.0000125
1762725600000,0.0000125
1762729200000,0.0000125
1762732800000,0.0000125
1762736400000,0.0000125
1762740000000,0.0000125
1762743600000,0.0000125
1762747200000,0.0000125
1762750800000,0.0000125
1762754400000,0.0000125
1762758000000,0.0000125
1762761600000,0.0000125
1762765200000,0.0000125
1762768800000,0.0000125
1762772400000,0.0000125
1762776000000,0.0000125
1762779600000,0.0000125
1762783200000,0.0000125
1762786800000,0.0000125
1762790400000,0.0000125
1762794000000,0.0000125
1762797600000,0.0000125
1762801200000,0.0000125
1762804800000,0.0000125
1762808400000,0.0000125
1762812000000,0.0000125
1762815600000,0.0000125
1762819200000,0.0000125
1762822800000,0.0000125
1762826400000,0.0000125
1762830000000,0.0000125
1762833600000,0.0000125
1762837200000,0.0000125
1762840800000,0.0000125
1762844400000,0.0000125
1762848000000,0.0000125
1762851600000,0.0000125
1762855200000,0.0000125
1762858800000,0.0000125
1762862400000,0.0000125
1762866000000,0.0000125
1762869600000,0.0000125
1762873200000,0.0000125
1762876800000,0.0000125
1762880400000,0.0000125
1762884000000,0.0000125
1762887600000,0.0000125
1762891200000,0.0000125
1762894800000,0.0000125
1762898400000,0.0000125
1762902000000,0.0000125
1762905600000,0.0000125
1762909200000,0.0000125
1762912800000,0.0000125
1762916400000,0.0000125
1762920000000,0.0000125
1762923600000,0.0000125
1762927200000,0.0000125
1762930800000,0.0000125
1762934400000,0.0000125
1762938000000,0.0000125
1762941600000,0.0000125
1762945200000,0.0000125
1762948800000,0.0000125
1762952400000,0.0000125
1762956000000,0.0000125
1762959600000,0.0000125
1762963200000,0.0000125
1762966800000,0.0000125
1762970400000,0.0000125
1762974000000,0.0000125
1762977600000,0.0000125
1762981200000,0.0000125
1762984800000,0.0000125
1762988400000,0.0000125
1762992000000,0.0000125
1762995600000,0.0000125
1762999200000,0.0000125
1763002800000,0.0000125
1763006400000,0.0000125
1763010000000,0.0000125
1763013600000,0.0000125
1763017200000,0.0000125
1763020800000,0.0000125
1763024400000,0.0000125
1763028000000,0.0000125
1763031600000,0.0000125
1763035200000,0.0000125
1763038800000,0.0000125
1763042400000,0.0000125
1763046000000,0.0000125
1763049600000,0.0000125
1763053200000,0.0000125
1763056800000,0.0000026114
1763060400000,0.0000125
1763064000000,0.0000125
1763067600000,0.0000125
1763071200000,0.0000125
1763074800000,0.0000125
1763078400000,0.0000125
1763082000000,0.0000125
1763085600000,0.0000125
1763089200000,0.0000125
1763092800000,0.0000125
1763096400000,0.0000125
1763100000000,0.0000125
1763103600000,0.0000125
1763107200000,0.0000125
1763110800000,0.0000125
1763114400000,0.0000125
1763118000000,0.0000125
1763121600000,0.0000125
1763125200000,0.0000125
1763128800000,0.0000125
1763132400000,0.0000125
1763136000000,0.0000125
1763139600000,0.0000125
1763143200000,0.0000125
1763146800000,0.0000125
1763150400000,0.0000125
1763154000000,0.0000125
1763157600000,0.0000125
1763161200000,0.0000125
1763164800000,0.0000149306
1763168400000,0.0000125
1763172000000,0.0000125
1763175600000,0.0000125
1763179200000,0.0000125
1763182800000,0.0000125
1763186400000,0.0000125
1763190000000,0.0000125
1763193600000,0.0000125
1763197200000,0.0000125
1763200800000,0.0000125
1763204400000,0.0000125
1763208000000,0.0000125
1763211600000,0.0000125
1763215200000,0.0000125
1763218800000,0.0000125
1763222400000,0.0000125
1763226000000,0.0000125
1763229600000,0.0000125
1763233200000,0.0000125
1763236800000,0.0000125
1763240400000,0.0000125
1763244000000,0.0000125
1763247600000,0.0000125
1763251200000,0.0000125
1763254800000,0.0000125
1763258400000,0.0000125
1763262000000,0.0000125
1763265600000,0.0000125
1763269200000,0.0000125
1763272800000,0.0000125
1763276400000,0.0000125
1763280000000,0.0000125
1763283600000,0.0000125
1763287200000,0.0000125
1763290800000,0.0000125
1763294400000,0.0000125
1763298000000,0.0000125
1763301600000,0.0000125
1763305200000,0.0000125
1763308800000,0.0000125
1763312400000,0.0000125
1763316000000,0.0000125
1763319600000,0.0000125
1763323200000,0.0000125
1763326800000,0.0000125
1763330400000,0.0000125
1763334000000,0.0000125
1763337600000,0.0000125
1763341200000,0.0000125
1763344800000,0.0000125
1763348400000,0.0000125
1763352000000,0.0000125
1763355600000,0.0000125
1763359200000,0.0000125
1763362800000,0.0000125
1763366400000,0.0000125
1763370000000,0.0000125
1763373600000,0.0000125
1763377200000,0.0000125
1763380800000,0.0000125
1763384400000,0.0000125
1763388000000,0.0000125
1763391600000,0.0000125
1763395200000,0.0000125
1763398800000,0.0000125
1763402400000,0.0000125
1763406000000,0.0000125
1763409600000,0.0000125
1763413200000,0.0000125
1763416800000,0.0000142306
1763420400000,0.0000246949
1763424000000,0.0000233636
1763427600000,0.0000125
1763431200000,0.0000125
1763434800000,0.0000125
1763438400000,0.0000125
1763442000000,0.0000125
1763445600000,0.0000125
1763449200000,0.0000125
1763452800000,0.0000125
1763456400000,0.0000125
1763460000000,0.0000125
1763463600000,0.0000125
1763467200000,0.0000125
1763470800000,0.0000125
1763474400000,0.0000125
1763478000000,0.0000125
1763481600000,0.0000125
1763485200000,0.0000125
1763488800000,0.0000125
1763492400000,0.0000125
1763496000000,0.0000125
1763499600000,0.0000125
1763503200000,0.0000125
1763506800000,0.0000125
1763510400000,0.0000125
1763514000000,0.0000125
1763517600000,0.0000125
1763521200000,0.0000125
1763524800000,0.0000125
1763528400000,0.0000125
1763532000000,0.0000125
1763535600000,0.0000125
1763539200000,0.0000125
1763542800000,0.0000125
1763546400000,0.0000125
1763550000000,0.0000125
1763553600000,0.0000125
1763557200000,0.0000125
1763560800000,0.0000125
1763564400000,0.0000125
1763568000000,0.0000125
1763571600000,0.0000125
1763575200000,0.0000125
1763578800000,0.0000125
1763582400000,0.0000125
1763586000000,0.0000125
1763589600000,0.0000125
1763593200000,0.0000125
1763596800000,0.0000125
1763600400000,0.0000125
1763604000000,0.0000125
1763607600000,0.0000125
1763611200000,0.0000125
1763614800000,0.0000125
1763618400000,0.0000125
1763622000000,0.0000125
1763625600000,0.0000125
1763629200000,0.0000125
1763632800000,0.0000125
1763636400000,0.0000125
1763640000000,0.0000125
1763643600000,0.0000125
1763647200000,0.0000125
1763650800000,0.0000125
1763654400000,0.0000125
1763658000000,0.0000125
1763661600000,0.0000125
1763665200000,0.0000125
1763668800000,0.0000125
1763672400000,0.0000125
1763676000000,0.0000125
1763679600000,0.0000125
1763683200000,0.0000125
1763686800000,0.0000125
1763690400000,0.0000125
1763694000000,0.0000125
1763697600000,0.0000125
1763701200000,0.0000125
1763704800000,0.0000125
1763708400000,0.0000125
1763712000000,0.0000125
1763715600000,0.0000125
1763719200000,0.0000125
1763722800000,0.0000125
1763726400000,0.0000125
1763730000000,0.0000125
1763733600000,0.0000125
1763737200000,0.0000125
1763740800000,0.0000125
1763744400000,0.0000125
1763748000000,0.0000125
1763751600000,0.0000125
1763755200000,0.0000125
1763758800000,0.0000125
1763762400000,0.0000125
1763766000000,0.0000125
1763769600000,0.0000125
1763773200000,0.0000125
1763776800000,0.0000122812
1763780400000,0.0000075308
1763784000000,0.0000045466
1763787600000,0.0000061805
1763791200000,0.0000095433
1763794800000,0.0000125
1763798400000,0.0000110852
1763802000000,0.0000084021
1763805600000,0.0000112494
1763809200000,0.000009527
1763812800000,0.0000078848
1763816400000,0.0000057029
1763820000000,0.0000120285
1763823600000,0.0000125
1763827200000,0.0000125
1763830800000,0.0000125
1763834400000,0.0000125
1763838000000,0.0000125
1763841600000,0.0000125
1763845200000,0.0000125
1763848800000,0.0000125
1763852400000,0.0000125
1763856000000,0.0000125
1763859600000,0.0000125
1763863200000,0.0000125
1763866800000,0.0000125
1763870400000,0.0000125
1763874000000,0.0000125
1763877600000,0.0000116402
1763881200000,0.0000125
1763884800000,0.0000125
1763888400000,0.0000125
1763892000000,0.0000125
1763895600000,0.0000125
1763899200000,0.0000125
1763902800000,0.0000125
1763906400000,0.0000125
1763910000000,0.0000125
1763913600000,0.0000125
1763917200000,0.0000080694
1763920800000,0.0000087514
1763924400000,0.0000024753
1763928000000,0.000004726
1763931600000,0.000001162
1763935200000,0.000008738
1763938800000,0.0000125
1763942400000,0.0000125
1763946000000,0.0000125
1763949600000,0.0000125
1763953200000,0.0000008976
1763956800000,-0.0000126562
1763960400000,-0.0000166619
1763964000000,-0.0000047244
1763967600000,-0.0000049192
1763971200000,-0.0000028249
1763974800000,-0.0000026129
1763978400000,-0.0000029858
1763982000000,0.0000125
1763985600000,0.0000125
1763989200000,0.0000125
1763992800000,0.0000125
1763996400000,0.0000125
1764000000000,0.0000125
1764003600000,0.0000125
1764007200000,0.0000035457
1764010800000,-0.0000034246
1764014400000,-0.0000010585
1764018000000,-0.0000080353
1764021600000,-0.000024263
1764025200000,-0.0000118884
1764028800000,-0.0000214094
1764032400000,-0.000006074
1764036000000,-0.0000048514
1764039600000,-0.0000008945
1764043200000,0.0000022405
1764046800000,0.0000064928
1764050400000,-0.0000182167
1764054000000,-0.0000315119
1764057600000,-0.0000122056
1764061200000,-0.000009968
1764064800000,0.0000059896
1764068400000,0.0000098413
1764072000000,0.0000071414
1764075600000,0.0000065858
1764079200000,0.0000001048
1764082800000,0.0000060474
1764086400000,0.0000085569
1764090000000,0.0000119637
1764093600000,0.0000125
1764097200000,0.0000125
1764100800000,0.0000113544
1764104400000,0.0000125
1764108000000,0.0000031421
1764111600000,0.0000023559
1764115200000,0.0000037423
1764118800000,0.0000125
1764122400000,0.0000125
1764126000000,0.0000125
1764129600000,0.0000061354
1764133200000,0.0000089241
1764136800000,0.000008524
1764140400000,0.0000125
1764144000000,0.0000125
1764147600000,0.0000125
1764151200000,0.0000065478
1764154800000,0.000012022
1764158400000,0.0000125
1764162000000,0.0000125
1764165600000,0.0000125
1764169200000,0.0000125
1764172800000,0.0000125
1764176400000,0.0000100552
1764180000000,0.0000110458
1764183600000,-0.0000075664
1764187200000,0.000001475
1764190800000,-0.0000043335
1764194400000,-0.0000106171
1764198000000,-0.0000079892
1764201600000,-0.0000112507
1764205200000,-0.000012783
1764208800000,-0.0000095328
1764212400000,-0.0000057336
1764216000000,0.000005988
1764219600000,0.0000089297
1764223200000,0.0000107609
1764226800000,0.00001101
1764230400000,0.0000125
1764234000000,0.0000122002
1764237600000,0.0000125
1764241200000,0.0000043864
1764244800000,-0.000000314
1764248400000,-0.0000017584
1764252000000,0.0000005524
1764255600000,-0.0000000122
1764259200000,0.0000017907
1764262800000,0.0000076491
1764266400000,0.0000125
1764270000000,0.0000125
1764273600000,0.0000088401
1764277200000,0.0000060283
1764280800000,0.0000103885
1764284400000,0.0000111315
1764288000000,0.0000125
1764291600000,0.0000125
1764295200000,0.0000109207
1764298800000,0.0000079694
1764302400000,0.000009286
1764306000000,0.0000125
1764309600000,0.0000125
1764313200000,0.0000125
1764316800000,0.0000125
1764320400000,0.0000125
1764324000000,0.0000125
1764327600000,0.0000125
1764331200000,0.0000125
1764334800000,0.0000125
1764338400000,0.0000125
1764342000000,0.0000125
1764345600000,0.0000125
1764349200000,0.0000084391
1764352800000,-0.000006398
1764356400000,0.0000036463
1764360000000,0.000006095
1764363600000,-0.000004093
1764367200000,-0.0000041531
1764370800000,-0.0000048231
1764374400000,-0.0000022781
1764378000000,-0.0000038143
1764381600000,-0.0000001306
1764385200000,-0.00000163
1764388800000,0.000000535
1764392400000,0.0000014345
1764396000000,0.0000053555
1764399600000,0.0000038546
1764403200000,-0.0000009567
1764406800000,-0.0000015824
1764410400000,0.0000018488
1764414000000,0.0000033001
1764417600000,0.0000033596
1764421200000,0.000007773
1764424800000,0.0000085989
1764428400000,0.0000037875
1764432000000,0.0000088223
1764435600000,0.0000097222
1764439200000,0.0000052202
1764442800000,0.0000092174
1764446400000,0.0000104648
1764450000000,0.0000125
1764453600000,0.0000125
1764457200000,0.0000125
1764460800000,0.0000094588
1764464400000,0.0000125
1764468000000,0.0000125
1764471600000,0.0000125
1764475200000,0.0000125
1764478800000,0.0000125
1764482400000,0.0000125
1764486000000,0.0000125
1764489600000,0.0000125
1764493200000,0.0000112892
1764496800000,0.0000100754
1764500400000,0.0000090623
1764504000000,0.000007603
1764507600000,0.0000088323
1764511200000,0.0000103821
1764514800000,0.0000094251
1764518400000,0.0000125
1764522000000,0.0000125
1764525600000,0.0000125
1764529200000,0.0000125
1764532800000,0.0000119559
1764536400000,0.0000106458
1764540000000,0.0000029362
1764543600000,0.0000077055
1764547200000,0.0000077341
1764550800000,-0.0000052325
1764554400000,0.0000069183
1764558000000,0.0000025937
1764561600000,0.0000015821
1764565200000,0.000002844
1764568800000,0.0000096077
1764572400000,0.0000125
1764576000000,0.0000125
1764579600000,0.00000883
1764583200000,0.0000064556
1764586800000,0.000008099
1764590400000,0.0000087804
1764594000000,0.000001727
1764597600000,0.0000016874
1764601200000,0.0000010931
1764604800000,0.0000048568
1764608400000,0.0000020053
1764612000000,-0.0000011052
1764615600000,0.0000051607
1764619200000,0.0000069032
1764622800000,0.0000052745
1764626400000,0.0000049283
1764630000000,-0.0000101606
1764633600000,-0.0000156551
1764637200000,-0.0000097619
1764640800000,-0.0000092898
1764644400000,-0.0000102185
1764648000000,-0.00001227
1764651600000,-0.0000058877
1764655200000,-0.0000032071
1764658800000,-0.0000025383
1764662400000,-0.0000055477
1764666000000,-0.0000138144
1764669600000,-0.0000046637
1764673200000,-0.0000014975
1764676800000,-0.000004674
1764680400000,-0.0000073004
1764684000000,-0.0000011028
1764687600000,-0.0000015127
1764691200000,-0.0000127284
1764694800000,-0.000002687
1764698400000,-0.0000064318
1764702000000,-0.0000032944
1764705600000,-0.0000299513
1764709200000,-0.0000189205
1764712800000,-0.0000123403
1764716400000,-0.0000104144
1764720000000,0.0000029533
1764723600000,0.0000023033
1764727200000,-0.0000011329
1764730800000,0.0000125
1764734400000,0.0000125
1764738000000,0.0000125
1764741600000,0.0000125
1764745200000,0.0000125
1764748800000,0.0000125
1764752400000,0.0000125
1764756000000,0.0000081785
1764759600000,0.0000068379
1764763200000,-0.0000032515
1764766800000,-0.0000002895
1764770400000,0.0000031558
1764774000000,0.0000029226
1764777600000,0.0000120028
1764781200000,0.0000125
1764784800000,0.0000125
1764788400000,0.0000125
1764792000000,0.0000125
1764795600000,0.0000125
1764799200000,0.0000125
1764802800000,0.0000125
1764806400000,0.0000125
1764810000000,0.0000046096
1764813600000,0.0000081776
1764817200000,0.0000046778
1764820800000,0.0000017987
1764824400000,0.0000016075
1764828000000,-0.0000037103
1764831600000,0.0000003896
1764835200000,0.0000047694
1764838800000,0.0000049384
1764842400000,0.0000032715
1764846000000,0.0000023771
1764849600000,0.0000042056
1764853200000,0.0000043666
1764856800000,0.0000053511
1764860400000,0.0000077289
1764864000000,0.0000125
1764867600000,0.0000125
1764871200000,0.000010494
1764874800000,0.0000104994
1764878400000,0.000006737
1764882000000,0.000009152
1764885600000,0.0000065134
1764889200000,0.000008577
1764892800000,0.0000050222
1764896400000,-0.0000004765
1764900000000,0.0000005704
1764903600000,0.0000096382
1764907200000,0.0000125
1764910800000,0.0000125
1764914400000,0.0000125
1764918000000,0.0000125
1764921600000,0.0000125
1764925200000,0.0000125
1764928800000,0.0000091823
1764932400000,0.0000125
1764936000000,0.0000108271
1764939600000,0.0000058265
1764943200000,0.0000086619
1764946800000,0.0000086967
1764950400000,-0.0000037007
1764954000000,0.0000011741
1764957600000,0.000009718
1764961200000,0.0000021319
1764964800000,0.0000040346
1764968400000,0.0000027057
1764972000000,-0.0000002849
1764975600000,0.0000010629
1764979200000,0.000004528
1764982800000,0.0000068036
1764986400000,0.0000110854
1764990000000,0.0000082861
1764993600000,0.0000099468
1764997200000,0.0000080155
1765000800000,0.0000074123
1765004400000,0.0000080775
1765008000000,0.0000072325
1765011600000,0.0000058012
1765015200000,0.0000100746
1765018800000,0.000007154
1765022400000,0.0000064125
1765026000000,0.0000038988
1765029600000,0.0000004868
1765033200000,-0.0000016024
1765036800000,-0.0000018218
1765040400000,-0.0000007292
1765044000000,-0.000001235
1765047600000,-0.0000018064
1765051200000,-0.0000024558
1765054800000,0.0000029053
1765058400000,-0.0000045724
1765062000000,-0.0000101574
1765065600000,-0.0000081786
1765069200000,-0.0000058314
1765072800000,-0.000006306
1765076400000,-0.0000021084
1765080000000,0.000000091
1765083600000,-0.0000033813
1765087200000,-0.000001605
1765090800000,0.0000012178
1765094400000,0.0000010707
1765098000000,0.0000026248
1765101600000,-0.0000033042
1765105200000,-0.0000014461
1765108800000,-0.000012345
1765112400000,-0.0000117766
1765116000000,-0.0000084468
1765119600000,-0.0000044116
1765123200000,-0.0000026342
1765126800000,-0.0000093514
1765130400000,-0.0000036106
1765134000000,-0.0000064286
1765137600000,-0.0000054387
1765141200000,-0.0000040363
1765144800000,-0.0000079747
1765148400000,0.0000002981
1765152000000,0.0000016
1765155600000,0.0000012342
1765159200000,0.0000002903
1765162800000,0.0000024247
1765166400000,-0.0000008317
1765170000000,-0.0000008919
1765173600000,-0.0000013905
1765177200000,0.0000003521
1765180800000,0.0000034545
1765184400000,0.0000001624
1765188000000,0.0000074749
1765191600000,0.0000050249
1765195200000,0.0000040274
1765198800000,0.0000004135
1765202400000,0.0000003657
1765206000000,0.0000026591
1765209600000,0.0000077537
1765213200000,0.0000069781
1765216800000,0.0000039041
1765220400000,0.0000032203
1765224000000,0.0000028599
1765227600000,0.0000042544
1765231200000,0.0000050289
1765234800000,0.0000017401
1765238400000,0.0000012142
1765242000000,0.0000011498
1765245600000,0.0000017238
1765249200000,0.0000010631
1765252800000,-0.0000009127
1765256400000,-0.0000001106
1765260000000,0.0000024665
1765263600000,0.0000023582
1765267200000,0.0000031232
1765270800000,-0.0000012225
1765274400000,-0.0000013125
1765278000000,0.0000007013
1765281600000,0.0000052972
1765285200000,0.0000125
1765288800000,0.0000125
1765292400000,0.0000125
1765296000000,0.0000125
1765299600000,0.0000125
1765303200000,0.0000054253
1765306800000,0.0000045963
1765310400000,0.0000081124
1765314000000,0.0000030189
1765317600000,0.0000022516
1765321200000,0.0000038708
1765324800000,0.0000104131
1765328400000,0.0000081203
1765332000000,0.000010604
1765335600000,0.0000125
1765339200000,0.0000125
1765342800000,0.0000125
1765346400000,0.0000125
1765350000000,0.0000125
1765353600000,0.0000125
1765357200000,0.0000125
1765360800000,0.0000125
1765364400000,0.000011916
1765368000000,0.0000067572
1765371600000,0.0000049674
1765375200000,0.0000122667
1765378800000,0.0000125
1765382400000,0.0000125
1765386000000,0.0000125
1765389600000,0.0000125
1765393200000,0.0000125
1765396800000,0.0000125
1765400400000,0.0000064329
1765404000000,0.0000123158
1765407600000,0.0000043317
1765411200000,0.0000033058
1765414800000,0.0000005041
1765418400000,0.0000059717
1765422000000,0.0000125
1765425600000,0.0000125
1765429200000,0.0000125
1765432800000,0.0000125
1765436400000,0.0000125
1765440000000,0.0000117478
1765443600000,0.0000125
1765447200000,0.0000125
1765450800000,0.0000125
1765454400000,0.0000125
1765458000000,0.0000125
1765461600000,0.0000125
1765465200000,0.0000125
1765468800000,0.0000125
1765472400000,0.0000125
1765476000000,0.0000125
1765479600000,0.0000125
1765483200000,0.0000045767
1765486800000,-0.0000020704
1765490400000,0.0000125
1765494000000,0.0000125
1765497600000,0.0000125
1765501200000,0.0000125
1765504800000,0.0000125
1765508400000,0.0000125
1765512000000,0.0000125
1765515600000,0.0000125
1765519200000,0.0000125
1765522800000,0.0000125
1765526400000,0.0000125
1765530000000,0.0000125
1765533600000,0.0000125
1765537200000,0.0000125
1765540800000,0.0000125
1765544400000,0.0000125
1765548000000,0.0000125
1765551600000,0.0000125
1765555200000,0.0000125
1765558800000,0.0000125
1765562400000,0.0000125
1765566000000,0.0000125
1765569600000,0.0000125
1765573200000,0.0000080833
1765576800000,0.0000112089
1765580400000,0.0000125
1765584000000,0.0000125
1765587600000,0.0000125
1765591200000,0.0000125
1765594800000,0.0000125
1765598400000,0.0000125
1765602000000,0.0000120162
1765605600000,0.0000125
1765609200000,0.0000082193
1765612800000,0.0000115238
1765616400000,0.0000125
1765620000000,0.0000125
1765623600000,0.0000125
1765627200000,0.0000125
1765630800000,0.0000125
1765634400000,0.0000125
1765638000000,0.0000125
1765641600000,0.0000125
1765645200000,0.0000125
1765648800000,0.0000125
1765652400000,0.0000125
1765656000000,0.0000125
1765659600000,0.0000125
1765663200000,0.0000125
1765666800000,0.0000125
1765670400000,0.0000125
1765674000000,0.0000125
1765677600000,0.0000125
1765681200000,0.0000125
1765684800000,0.0000125
1765688400000,0.0000125
1765692000000,0.0000125
1765695600000,0.0000125
1765699200000,0.0000118711
1765702800000,0.0000125
1765706400000,0.0000105468
1765710000000,0.0000010703
1765713600000,-0.0000016686
1765717200000,0.0000048361
1765720800000,0.0000033066
1765724400000,0.000006557
1765728000000,0.000002131
1765731600000,0.0000019863
1765735200000,0.0000062461
1765738800000,0.0000096375
1765742400000,0.0000081333
1765746000000,0.0000061986
1765749600000,0.0000076293
1765753200000,0.0000082866
1765756800000,0.0000088308
1765760400000,0.0000125
1765764000000,0.0000125
1765767600000,0.0000125
1765771200000,0.0000125
1765774800000,0.0000125
1765778400000,0.0000046403
1765782000000,-0.0000047247
1765785600000,-0.0000052313
1765789200000,-0.0000015001
1765792800000,0.000000915
1765796400000,-0.0000034668
1765800000000,-0.0000048881
1765803600000,-0.0000104049
1765807200000,-0.0000073302
1765810800000,-0.0000089505
1765814400000,0.0000125
1765818000000,0.0000125
1765821600000,0.0000125
1765825200000,0.0000125
1765828800000,0.0000125
1765832400000,0.0000125
1765836000000,0.0000125
1765839600000,0.0000125
1765843200000,0.0000125
1765846800000,0.0000125
1765850400000,0.0000125
1765854000000,0.0000125
1765857600000,0.0000125
1765861200000,0.0000125
1765864800000,0.0000125
1765868400000,0.0000125
1765872000000,0.0000125
1765875600000,0.0000125
1765879200000,0.0000084387
1765882800000,0.0000125
1765886400000,0.0000125
1765890000000,0.0000125
1765893600000,0.000007882
1765897200000,0.0000002595
1765900800000,-0.0000044996
1765904400000,-0.0000041559
1765908000000,-0.0000079638
1765911600000,-0.0000109347
1765915200000,-0.0000115013
1765918800000,-0.000006943
1765922400000,-0.000003603
1765926000000,0.0000010551
1765929600000,-0.0000068433
1765933200000,-0.0000085656
1765936800000,-0.0000071466
1765940400000,-0.0000070765
1765944000000,-0.0000066497
1765947600000,-0.0000130682
1765951200000,-0.0000089579
1765954800000,-0.0000061917
1765958400000,-0.0000036501
1765962000000,0.0000007345
1765965600000,0.0000026898
1765969200000,0.0000086368
1765972800000,0.000007206
1765976400000,0.0000025538
1765980000000,0.0000058884
1765983600000,0.0000078316
1765987200000,0.0000125
1765990800000,0.0000102279
1765994400000,0.0000035633
1765998000000,0.000011345
1766001600000,0.0000125
1766005200000,0.0000125
1766008800000,0.0000111411
1766012400000,0.0000125
1766016000000,0.0000125
1766019600000,0.0000125
1766023200000,0.0000125
1766026800000,0.0000125
1766030400000,0.0000125
1766034000000,0.0000125
1766037600000,0.0000125
1766041200000,0.0000121449
1766044800000,0.0000125
1766048400000,0.0000125
1766052000000,0.0000125
1766055600000,0.0000125
1766059200000,0.0000119147
1766062800000,0.0000125
1766066400000,0.0000125
1766070000000,0.0000083868
1766073600000,0.0000121597
1766077200000,0.0000125
1766080800000,0.0000083306
1766084400000,0.0000085137
1766088000000,0.000002188
1766091600000,-0.0000069929
1766095200000,-0.0000003459
1766098800000,0.0000091495
1766102400000,0.0000107241
1766106000000,0.0000105005
1766109600000,0.0000125
1766113200000,0.0000125
1766116800000,0.0000125
1766120400000,0.0000125
1766124000000,0.0000093423
1766127600000,0.00000667
1766131200000,0.0000125
1766134800000,0.0000086209
1766138400000,0.0000089616
1766142000000,0.0000115865
1766145600000,0.0000125
1766149200000,0.0000046948
1766152800000,0.0000082957
1766156400000,0.0000050453
1766160000000,0.0000052025
1766163600000,0.0000067152
1766167200000,-0.0000152379
1766170800000,-0.0000175496
1766174400000,-0.0000126302
1766178000000,-0.0000050261
1766181600000,0.0000040235
1766185200000,0.0000041155
1766188800000,0.0000014887
1766192400000,-0.0000060575
1766196000000,-0.0000002854
1766199600000,-0.0000096376
1766203200000,-0.0000102924
1766206800000,-0.0000140902
1766210400000,-0.0000034191
1766214000000,-0.0000039477
1766217600000,-0.000009521
1766221200000,-0.0000008355
1766224800000,-0.0000042991
1766228400000,-0.0000103978
1766232000000,-0.0000066828
1766235600000,-0.0000076435
1766239200000,-0.0000087836
1766242800000,-0.0000132085
1766246400000,-0.0000078636
1766250000000,-0.0000078637
1766253600000,-0.0000047745
1766257200000,0.0000013032
1766260800000,0.0000034556
1766264400000,0.000004586
1766268000000,0.0000108956
1766271600000,0.0000075638
1766275200000,0.0000076255
1766278800000,0.0000091153
1766282400000,0.0000064979
1766286000000,0.0000019012
1766289600000,0.000010297
1766293200000,0.0000058553
1766296800000,0.000008779
1766300400000,0.0000074338
1766304000000,0.0000051756
1766307600000,0.0000047044
1766311200000,0.000007574
1766314800000,0.0000080292
1766318400000,0.000010825
1766322000000,0.0000097774
1766325600000,0.0000046548
1766329200000,0.0000116999
1766332800000,0.0000125
1766336400000,0.0000095304
1766340000000,0.0000076689
1766343600000,0.0000078764
1766347200000,0.0000125
1766350800000,0.0000125
1766354400000,0.0000125
1766358000000,0.0000101163
1766361600000,0.0000105287
1766365200000,0.0000125
1766368800000,0.0000107008
1766372400000,0.0000092505
1766376000000,0.0000125
1766379600000,0.0000125
1766383200000,0.0000125
1766386800000,0.0000125
1766390400000,0.0000125
1766394000000,0.0000125
1766397600000,0.0000125
1766401200000,0.0000125
1766404800000,0.0000125
1766408400000,0.0000094677
1766412000000,0.0000046993
1766415600000,0.000002907
1766419200000,0.0000019175
1766422800000,0.0000032477
1766426400000,0.0000012632
1766430000000,-0.0000001632
1766433600000,-0.00000669
1766437200000,0.0000003265
1766440800000,-0.0000016141
1766444400000,-0.00000876
1766448000000,-0.0000133338
1766451600000,-0.0000096357
1766455200000,-0.0000120261
1766458800000,-0.0000063835
1766462400000,0.0000012858
1766466000000,0.0000026991
1766469600000,0.0000035174
1766473200000,0.000007982
1766476800000,0.0000084996
1766480400000,0.0000105426
1766484000000,0.0000117634
1766487600000,0.0000125
1766491200000,0.0000125
1766494800000,0.0000125
1766498400000,0.0000125
1766502000000,0.0000125
1766505600000,0.0000125
1766509200000,0.0000125
1766512800000,0.0000125
1766516400000,0.0000125
1766520000000,0.0000125
1766523600000,0.0000125
1766527200000,0.0000125
1766530800000,0.0000125
1766534400000,0.0000125
1766538000000,0.0000125
1766541600000,0.0000125
1766545200000,0.0000125
1766548800000,0.0000125
1766552400000,0.0000091053
1766556000000,0.0000090267
1766559600000,0.0000125
1766563200000,0.0000117565
1766566800000,0.0000106264
1766570400000,0.0000125
1766574000000,0.0000125
1766577600000,0.0000125
1766581200000,0.0000125
1766584800000,0.0000125
1766588400000,0.0000125
1766592000000,0.0000125
1766595600000,0.0000125
1766599200000,0.0000125
1766602800000,0.0000125
1766606400000,0.0000125
1766610000000,0.0000125
1766613600000,0.0000125
1766617200000,0.0000125
1766620800000,0.0000125
1766624400000,0.0000125
1766628000000,0.0000125
1766631600000,0.0000125
1766635200000,0.0000125
1766638800000,0.0000125
1766642400000,0.0000125
1766646000000,0.0000125
1766649600000,0.0000125
1766653200000,0.0000125
1766656800000,0.0000125
1766660400000,0.0000125
1766664000000,0.0000125
1766667600000,0.0000125
1766671200000,0.0000125
1766674800000,0.0000125
1766678400000,0.0000125
1766682000000,0.0000125
1766685600000,0.0000125
1766689200000,0.0000125
1766692800000,0.0000125
1766696400000,0.0000125
1766700000000,0.0000125
1766703600000,0.0000125
1766707200000,0.0000125
1766710800000,0.0000125
1766714400000,0.0000125
1766718000000,0.0000125
1766721600000,0.0000104164
1766725200000,0.0000110051
1766728800000,0.0000057438
1766732400000,0.0000125
1766736000000,0.0000125
1766739600000,0.0000085789
1766743200000,0.0000115076
1766746800000,0.000011254
1766750400000,0.0000084175
1766754000000,0.0000103987
1766757600000,0.0000102206
1766761200000,0.0000123077
1766764800000,0.0000125
1766768400000,0.0000125
1766772000000,0.0000125
1766775600000,0.0000125
1766779200000,0.0000125
1766782800000,0.0000125
1766786400000,0.0000125
1766790000000,0.0000125
1766793600000,0.0000125
1766797200000,0.0000125
1766800800000,0.0000125
1766804400000,0.0000125
1766808000000,0.0000125
1766811600000,0.0000125
1766815200000,0.0000125
1766818800000,0.0000125
1766822400000,0.0000125
1766826000000,0.0000125
1766829600000,0.0000125
1766833200000,0.0000125
1766836800000,0.0000125
1766840400000,0.0000125
1766844000000,0.0000125
1766847600000,0.0000125
1766851200000,0.0000125
1766854800000,0.0000125
1766858400000,0.0000125
1766862000000,0.0000125
1766865600000,0.0000125
1766869200000,0.0000125
1766872800000,0.0000125
1766876400000,0.0000125
1766880000000,0.0000125
1766883600000,0.0000125
1766887200000,0.0000125
1766890800000,0.0000125
1766894400000,0.0000125
1766898000000,0.0000125
1766901600000,0.0000125
1766905200000,0.0000125
1766908800000,0.0000125
1766912400000,0.0000125
1766916000000,0.0000125
1766919600000,0.0000112763
1766923200000,0.0000095366
1766926800000,0.0000099639
1766930400000,0.0000100635
1766934000000,0.0000082579
1766937600000,0.0000077423
1766941200000,0.0000087033
1766944800000,0.0000125
1766948400000,0.0000125
1766952000000,0.0000125
1766955600000,0.0000125
1766959200000,0.0000125
1766962800000,0.0000125
1766966400000,0.0000125
1766970000000,0.0000125
1766973600000,0.0000125
1766977200000,0.0000125
1766980800000,0.0000125
1766984400000,0.0000125
1766988000000,0.0000125
1766991600000,0.0000125
1766995200000,0.0000125
1766998800000,0.0000125
1767002400000,0.0000125
1767006000000,0.0000125
1767009600000,0.0000040066
1767013200000,0.0000034954
1767016800000,0.000006161
1767020400000,0.0000125
1767024000000,0.0000125
1767027600000,0.0000125
1767031200000,0.0000125
1767034800000,0.0000125
1767038400000,0.0000125
1767042000000,0.0000125
1767045600000,0.0000125
1767049200000,0.0000125
1767052800000,0.0000125
1767056400000,0.0000125
1767060000000,0.0000125
1767063600000,0.0000125
1767067200000,0.0000125
1767070800000,0.0000125
1767074400000,0.0000125
1767078000000,0.0000125
1767081600000,0.0000125
1767085200000,0.0000125
1767088800000,0.0000125
1767092400000,0.0000125
1767096000000,0.0000125
1767099600000,0.0000125
1767103200000,0.0000125
1767106800000,0.0000125
1767110400000,0.0000125
1767114000000,0.000009776
1767117600000,0.0000085988
1767121200000,0.0000121099
1767124800000,0.0000125
1767128400000,0.0000125
1767132000000,0.0000125
1767135600000,0.0000125
1767139200000,0.0000125
1767142800000,0.0000125
1767146400000,0.0000125
1767150000000,0.0000125
1767153600000,0.0000125
1767157200000,0.0000125
1767160800000,0.0000125
1767164400000,0.0000125
1767168000000,0.0000125
1767171600000,0.0000125
1767175200000,0.0000125
1767178800000,0.0000125
1767182400000,0.0000125
1767186000000,0.0000125
1767189600000,0.0000125
1767193200000,0.0000125
1767196800000,0.0000125
1767200400000,0.0000125
1767204000000,0.0000125
1767207600000,0.0000125
1767211200000,0.0000125
1767214800000,0.0000125
1767218400000,0.0000125
1767222000000,0.0000125
1767225600000,0.0000125
1767229200000,0.0000125
1767232800000,0.0000125
1767236400000,0.0000125
1767240000000,0.0000125
1767243600000,0.0000125
1767247200000,0.0000125
1767250800000,0.0000125
1767254400000,0.0000125
1767258000000,0.0000125
1767261600000,0.0000125
1767265200000,0.0000125
1767268800000,0.0000125
1767272400000,0.0000125
1767276000000,0.0000125
1767279600000,0.0000125
1767283200000,0.0000125
1767286800000,0.0000125
1767290400000,0.0000125
1767294000000,0.0000125
1767297600000,0.0000125
1767301200000,0.0000125
1767304800000,0.0000125
1767308400000,0.0000125
1767312000000,0.0000125
1767315600000,0.0000125
1767319200000,0.0000125
1767322800000,0.0000125
1767326400000,0.0000125
1767330000000,0.0000121813
1767333600000,0.0000125
1767337200000,0.0000125
1767340800000,0.0000125
1767344400000,0.0000105918
1767348000000,0.0000125
1767351600000,0.0000057789
1767355200000,0.0000005329
1767358800000,0.0000051975
1767362400000,0.0000084142
1767366000000,0.0000046961
1767369600000,0.0000044126
1767373200000,0.0000083593
1767376800000,-0.0000015941
1767380400000,0.0000004711
1767384000000,0.0000060741
1767387600000,-0.0000045595
1767391200000,-0.0000010285
1767394800000,0.0000013348
1767398400000,-0.0000028235
1767402000000,0.0000040019
1767405600000,0.0000035501
1767409200000,0.0000037402
1767412800000,0.0000004915
1767416400000,0.0000022977
1767420000000,0.0000072188
1767423600000,0.0000060963
1767427200000,0.0000081292
1767430800000,0.0000125
1767434400000,0.0000125
1767438000000,0.0000125
1767441600000,0.0000125
1767445200000,0.0000125
1767448800000,0.0000125
1767452400000,0.0000125
1767456000000,0.0000100383
1767459600000,0.0000125
1767463200000,0.0000125
1767466800000,0.0000125
1767470400000,0.0000083607
1767474000000,0.0000125
1767477600000,0.0000125
1767481200000,0.0000125
1767484800000,0.0000125
1767488400000,0.0000125
1767492000000,0.0000081158
1767495600000,0.0000069842
1767499200000,0.0000082581
1767502800000,0.0000099762
1767506400000,0.0000122433
1767510000000,0.0000125
1767513600000,0.0000115467
1767517200000,0.0000125
1767520800000,0.0000049497
1767524400000,0.0000025689
1767528000000,0.0000034233
1767531600000,0.0000037309
1767535200000,0.000002501
1767538800000,0.0000052562
1767542400000,0.000003712
1767546000000,0.0000068565
1767549600000,0.0000086608
1767553200000,0.0000099687
1767556800000,0.0000088914
1767560400000,0.0000104483
1767564000000,0.0000080895
1767567600000,0.0000125
1767571200000,0.0000125
1767574800000,0.0000125
1767578400000,0.0000125
1767582000000,0.0000125
1767585600000,0.0000125
1767589200000,0.0000124628
1767592800000,0.0000125
1767596400000,0.0000125
1767600000000,0.0000125
1767603600000,0.000011345
1767607200000,0.0000125
1767610800000,0.0000125
1767614400000,0.0000125
1767618000000,0.0000125
1767621600000,0.0000125
1767625200000,0.0000125
1767628800000,0.0000125
1767632400000,0.000004954
1767636000000,0.0000026185
1767639600000,-0.0000001971
1767643200000,-0.0000040825
1767646800000,-0.0000035464
1767650400000,0.0000018134
1767654000000,0.0000047033
1767657600000,0.0000072612
1767661200000,0.0000080533
1767664800000,0.0000114052
1767668400000,0.0000116812
1767672000000,0.0000125
1767675600000,0.0000125
1767679200000,0.0000125
1767682800000,0.0000085744
1767686400000,0.0000125
1767690000000,0.0000125
1767693600000,0.0000125
1767697200000,0.0000125
1767700800000,0.0000125
1767704400000,0.0000125
1767708000000,0.0000125
1767711600000,0.0000125
1767715200000,0.0000125
1767718800000,0.0000125
1767722400000,0.0000125
1767726000000,0.0000125
1767729600000,0.0000125
1767733200000,0.0000125
1767736800000,0.0000125
1767740400000,0.0000125
1767744000000,0.0000125
1767747600000,0.0000125
1767751200000,0.0000125
1767754800000,0.0000125
1767758400000,0.0000191482
1767762000000,0.000024145
1767765600000,0.0000125
1767769200000,0.0000125
1767772800000,0.0000125
1767776400000,0.0000125
1767780000000,0.0000125
1767783600000,0.0000165057
1767787200000,0.0000564481
1767790800000,0.0000288674
1767794400000,0.0000269142
1767798000000,0.0000397461
1767801600000,0.0000479239
1767805200000,0.0000238663
1767808800000,0.0000125
1767812400000,0.0000125
1767816000000,0.0000125
1767819600000,0.0000125
1767823200000,0.0000125
1767826800000,0.0000125
1767830400000,0.0000125
1767834000000,0.0000125
1767837600000,0.0000125
1767841200000,0.0000125
1767844800000,0.0000125
1767848400000,0.0000125
1767852000000,0.0000125
1767855600000,0.0000125
1767859200000,0.0000125
1767862800000,0.0000125
1767866400000,0.0000125
1767870000000,0.0000125
1767873600000,0.0000125
1767877200000,0.0000125
1767880800000,0.0000125
1767884400000,0.0000125
1767888000000,0.0000125
1767891600000,0.0000125
1767895200000,0.0000125
1767898800000,0.0000125
1767902400000,0.0000125
1767906000000,0.0000125
1767909600000,0.0000125
1767913200000,0.0000125
1767916800000,0.0000125
1767920400000,0.0000125
1767924000000,0.0000125
1767927600000,0.0000125
1767931200000,0.0000125
1767934800000,0.0000125
1767938400000,0.0000125
1767942000000,0.0000125
1767945600000,0.0000125
1767949200000,0.0000125
1767952800000,0.0000125
1767956400000,0.0000125
1767960000000,0.0000125
1767963600000,0.0000125
1767967200000,0.0000125
1767970800000,0.0000125
1767974400000,0.0000125
1767978000000,0.0000125
1767981600000,0.0000125
1767985200000,0.0000125
1767988800000,0.0000125
1767992400000,0.0000125
1767996000000,0.0000125
1767999600000,0.0000125
1768003200000,0.0000125
1768006800000,0.0000125
1768010400000,0.0000125
1768014000000,0.0000125
1768017600000,0.0000125
1768021200000,0.0000125
1768024800000,0.0000125
1768028400000,0.0000125
1768032000000,0.0000125
1768035600000,0.0000125
1768039200000,0.0000125
1768042800000,0.0000125
1768046400000,0.0000125
1768050000000,0.0000125
1768053600000,0.0000125
1768057200000,0.0000125
1768060800000,0.0000125
1768064400000,0.0000125
1768068000000,0.0000125
1768071600000,0.0000125
1768075200000,0.0000125
1768078800000,0.0000125
1768082400000,0.0000125
1768086000000,0.0000125
1768089600000,0.0000125
1768093200000,0.0000125
1768096800000,0.0000125
1768100400000,0.0000125
1768104000000,0.0000125
1768107600000,0.0000125
1768111200000,0.0000125
1768114800000,0.0000125
1768118400000,0.0000125
1768122000000,0.0000125
1768125600000,0.0000125
1768129200000,0.0000125
1768132800000,0.0000125
1768136400000,0.0000125
1768140000000,0.0000125
1768143600000,0.0000125
1768147200000,0.0000045364
1768150800000,0.000009759
1768154400000,0.0000125
1768158000000,0.0000098033
1768161600000,0.0000102575
1768165200000,0.0000125
1768168800000,0.0000125
1768172400000,0.0000125
1768176000000,0.0000125
1768179600000,0.0000125
1768183200000,0.0000125
1768186800000,0.0000125
1768190400000,0.0000125
1768194000000,0.0000125
1768197600000,0.0000125
1768201200000,0.0000125
1768204800000,0.0000125
1768208400000,0.0000125
1768212000000,0.0000125
1768215600000,0.0000125
1768219200000,0.0000125
1768222800000,0.0000125
1768226400000,0.0000125
1768230000000,0.0000125
1768233600000,0.0000125
1768237200000,0.0000125
1768240800000,0.0000052117
1768244400000,-0.0000021591
1768248000000,-0.0000018426
1768251600000,-0.0000020593
1768255200000,-0.0000067
1768258800000,-0.0000093532
1768262400000,-0.0000072182
1768266000000,-0.0000006014
1768269600000,0.0000004796
1768273200000,0.0000009312
1768276800000,0.0000013279
1768280400000,0.0000088481
1768284000000,0.0000125
1768287600000,0.0000125
1768291200000,0.0000125
1768294800000,0.0000125
1768298400000,0.0000125
1768302000000,0.0000125
1768305600000,0.0000125
1768309200000,0.0000125
1768312800000,0.0000125
1768316400000,0.0000125
1768320000000,0.0000125
1768323600000,0.0000125
1768327200000,0.0000125
1768330800000,0.0000125
1768334400000,0.0000110475
1768338000000,0.000006783
1768341600000,-0.0000001611
1768345200000,0.0000125
1768348800000,0.0000048368
1768352400000,0.0000041113
1768356000000,0.0000039134
1768359600000,0.0000071098
1768363200000,0.0000039885
1768366800000,0.0000017512
1768370400000,-0.0000043451
1768374000000,0.0000093327
1768377600000,0.0000125
1768381200000,0.0000125
1768384800000,0.0000125
1768388400000,0.0000125
1768392000000,0.0000125
1768395600000,0.0000125
1768399200000,0.0000125
1768402800000,0.0000125
1768406400000,0.0000125
1768410000000,0.0000125
1768413600000,0.0000125
1768417200000,0.0000125
1768420800000,0.0000125
1768424400000,0.0000125
1768428000000,0.0000125
1768431600000,0.0000125
1768435200000,0.0000125
1768438800000,0.0000125
1768442400000,0.0000125
1768446000000,0.0000125
1768449600000,0.0000125
1768453200000,0.0000125
1768456800000,0.0000125
1768460400000,0.0000125
1768464000000,0.0000125
1768467600000,0.0000125
1768471200000,0.0000125
1768474800000,0.0000125
1768478400000,0.0000125
1768482000000,0.0000125
1768485600000,0.0000125
1768489200000,0.0000125
1768492800000,0.0000125
1768496400000,0.0000125
1768500000000,0.0000125
1768503600000,0.0000125
1768507200000,0.0000125
1768510800000,0.0000125
1768514400000,0.0000125
1768518000000,0.0000125
1768521600000,0.0000125
1768525200000,0.0000125
1768528800000,0.0000125
1768532400000,0.0000125
1768536000000,0.0000125
1768539600000,0.0000125
1768543200000,0.0000125
1768546800000,0.0000125
1768550400000,0.0000125
1768554000000,0.0000125
1768557600000,0.0000125
1768561200000,0.0000125
1768564800000,0.0000125
1768568400000,0.0000125
1768572000000,0.0000125
1768575600000,0.0000125
1768579200000,0.0000125
1768582800000,0.0000125
1768586400000,0.0000125
1768590000000,0.0000125
1768593600000,0.0000125
1768597200000,0.0000125
1768600800000,0.0000125
1768604400000,0.0000125
1768608000000,0.0000125
1768611600000,0.0000125
1768615200000,0.0000125
1768618800000,0.0000125
1768622400000,0.0000125
1768626000000,0.0000125
1768629600000,0.0000125
1768633200000,0.0000125
1768636800000,0.0000125
1768640400000,0.0000125
1768644000000,0.0000125
1768647600000,0.0000125
1768651200000,0.0000125
1768654800000,0.0000125
1768658400000,0.0000125
1768662000000,0.0000125
1768665600000,0.0000125
1768669200000,0.0000125
1768672800000,0.0000125
1768676400000,0.0000125
1768680000000,0.0000125
1768683600000,0.0000125
1768687200000,0.0000125
1768690800000,0.0000125
1768694400000,0.0000125
1768698000000,0.0000125
1768701600000,0.0000125
1768705200000,0.0000125
1768708800000,0.0000125
1768712400000,0.0000125
1768716000000,0.0000125
1768719600000,0.0000125
1768723200000,0.0000125
1768726800000,0.0000125
1768730400000,0.0000125
1768734000000,0.0000125
1768737600000,0.0000125
1768741200000,0.0000125
1768744800000,0.0000125
1768748400000,0.0000125
1768752000000,0.0000125
1768755600000,0.0000125
1768759200000,0.0000125
1768762800000,0.0000125
1768766400000,0.0000125
1768770000000,0.0000125
1768773600000,0.0000125
1768777200000,0.0000125
1768780800000,0.0000125
1768784400000,0.0000125
1768788000000,0.0000125
1768791600000,0.0000125
1768795200000,0.0000125
1768798800000,0.0000125
1768802400000,0.0000125
1768806000000,0.0000037811
1768809600000,-0.0000031354
1768813200000,0.0000101489
1768816800000,0.0000125
1768820400000,0.0000117311
1768824000000,0.000012368
1768827600000,0.0000125
1768831200000,0.0000125
1768834800000,0.0000096471
1768838400000,0.0000100925
1768842000000,0.0000076751
1768845600000,0.000008953
1768849200000,0.0000059483
1768852800000,0.000007105
1768856400000,0.0000125
1768860000000,0.0000046543
1768863600000,-0.0000045685
1768867200000,-0.0000090253
1768870800000,-0.0000008992
1768874400000,-0.0000042163
1768878000000,-0.0000111645
1768881600000,-0.0000118502
1768885200000,-0.0000109062
1768888800000,-0.0000179404
1768892400000,-0.000044066
1768896000000,-0.0000220249
1768899600000,-0.0000266791
1768903200000,-0.0000228699
1768906800000,-0.0000169612
1768910400000,-0.0000208182
1768914000000,-0.0000181004
1768917600000,-0.0000222034
1768921200000,-0.0000147775
1768924800000,-0.0000103666
1768928400000,-0.0000065326
1768932000000,0.0000125
1768935600000,0.0000125
1768939200000,0.0000125
1768942800000,0.0000125
1768946400000,0.0000125
1768950000000,0.0000125
1768953600000,0.0000125
1768957200000,0.0000125
1768960800000,0.0000125
1768964400000,0.0000125
1768968000000,0.0000125
1768971600000,0.0000125
1768975200000,0.0000125
1768978800000,0.0000113914
1768982400000,0.0000046296
1768986000000,0.0000027104
1768989600000,0.0000089516
1768993200000,0.000009093
1768996800000,0.0000040105
1769000400000,-0.0000209604
1769004000000,-0.0000119173
1769007600000,-0.0000025157
1769011200000,-0.000010386
1769014800000,-0.0000253967
1769018400000,-0.0000120153
1769022000000,-0.0000025832
1769025600000,-0.0000010094
1769029200000,0.0000117391
1769032800000,-0.0000011509
1769036400000,-0.0000061651
1769040000000,-0.0000071632
1769043600000,0.0000008266
1769047200000,-0.0000063379
1769050800000,-0.0000011543
1769054400000,-0.0000066586
1769058000000,-0.0000035447
1769061600000,-0.0000018197
1769065200000,0.0000031321
1769068800000,-0.000001065
1769072400000,-0.0000027399
1769076000000,0.0000045173
1769079600000,0.0000062815
1769083200000,0.0000040653
1769086800000,0.0000025527
1769090400000,0.0000012142
1769094000000,-0.0000010713
1769097600000,0.0000014261
1769101200000,0.0000060027
1769104800000,0.0000125
1769108400000,0.0000125
1769112000000,0.0000125
1769115600000,0.0000029029
1769119200000,-0.0000011276
1769122800000,-0.0000298691
1769126400000,-0.0000205783
1769130000000,-0.0000177206
1769133600000,-0.0000135495
1769137200000,-0.0000111454
1769140800000,-0.0000094639
1769144400000,-0.0000120059
1769148000000,-0.0000130646
1769151600000,-0.0000060494
1769155200000,-0.0000154881
1769158800000,-0.0000110074
1769162400000,-0.0000134951
1769166000000,-0.0000091655
1769169600000,0.0000019514
1769173200000,-0.0000001744
1769176800000,-0.0000018252
1769180400000,-0.0000128511
1769184000000,-0.0000073694
1769187600000,-0.0000098383
1769191200000,-0.000002276
1769194800000,0.0000017668
1769198400000,0.0000027068
1769202000000,-0.0000012559
1769205600000,-0.0000078186
1769209200000,-0.0000020339
1769212800000,-0.0000082983
1769216400000,-0.0000007616
1769220000000,0.0000008935
1769223600000,0.0000049582
1769227200000,0.0000000308
1769230800000,-0.0000020843
1769234400000,0.0000019596
1769238000000,-0.0000020512
1769241600000,0.0000001802
1769245200000,0.0000046393
1769248800000,0.0000006406
1769252400000,0.0000067377
1769256000000,0.0000098175
1769259600000,0.0000103309
1769263200000,0.0000027698
1769266800000,-0.0000007786
1769270400000,-0.0000033649
1769274000000,-0.0000128115
1769277600000,-0.0000073085
1769281200000,-0.000005639
1769284800000,-0.0000173413
1769288400000,-0.0000079062
1769292000000,-0.0000112714
1769295600000,-0.0000053917
1769299200000,-0.0000080597
1769302800000,-0.0000034454
1769306400000,-0.0000025412
1769310000000,0.0000017392
1769313600000,-0.0000056269
1769317200000,0.000003194
1769320800000,0.0000015685
1769324400000,-0.0000065226
1769328000000,0.0000000734
1769331600000,0.000002592
1769335200000,0.0000085815
1769338800000,0.0000098049
1769342400000,0.0000054194
1769346000000,0.0000125
1769349600000,0.0000125
1769353200000,0.0000125
1769356800000,0.0000081445
1769360400000,0.0000066521
1769364000000,0.0000048001
1769367600000,0.0000088253
1769371200000,0.0000125
1769374800000,0.0000125
1769378400000,0.0000125
1769382000000,0.0000125
1769385600000,0.0000125
1769389200000,0.0000125
1769392800000,0.0000125
1769396400000,0.0000055348
1769400000000,0.0000013933
1769403600000,0.0000064133
1769407200000,0.000004957
1769410800000,0.0000007831
1769414400000,0.0000075441
1769418000000,0.0000125
1769421600000,0.0000120464
1769425200000,0.0000112161
1769428800000,0.0000118915
1769432400000,0.000007473
1769436000000,0.0000059619
1769439600000,0.0000125
1769443200000,0.0000125
1769446800000,0.0000011485
1769450400000,-0.0000038121
1769454000000,0.0000005915
1769457600000,-0.000002275
1769461200000,0.0000025877
1769464800000,0.0000047135
1769468400000,-0.0000009065
1769472000000,0.0000125
1769475600000,0.0000032064
1769479200000,0.0000093591
1769482800000,0.0000125
1769486400000,0.000010995
1769490000000,0.0000102996
1769493600000,0.0000125
1769497200000,0.0000114988
1769500800000,0.0000125
1769504400000,0.0000102269
1769508000000,0.0000083385
1769511600000,0.0000105006
1769515200000,0.0000125
1769518800000,0.0000095871
1769522400000,0.000008003
1769526000000,0.0000125
1769529600000,0.0000110974
1769533200000,0.0000125
1769536800000,0.0000062818
1769540400000,0.0000125
1769544000000,0.0000117642
1769547600000,0.0000125
1769551200000,0.0000125
1769554800000,0.0000125
1769558400000,0.0000125
1769562000000,0.0000125
1769565600000,0.0000125
1769569200000,0.0000125
1769572800000,0.0000123754
1769576400000,0.0000125
1769580000000,0.0000118999
1769583600000,0.0000125
1769587200000,0.0000125
1769590800000,0.0000125
1769594400000,0.0000125
1769598000000,0.0000125
1769601600000,0.0000125
1769605200000,0.0000125
1769608800000,0.0000125
1769612400000,0.0000125
1769616000000,0.0000125
1769619600000,0.0000094909
1769623200000,0.0000125
1769626800000,0.0000125
1769630400000,0.0000109308
1769634000000,0.0000086779
1769637600000,0.0000125
1769641200000,0.0000125
1769644800000,0.0000125
1769648400000,0.000004221
1769652000000,0.0000035539
1769655600000,0.0000056788
1769659200000,0.0000125
1769662800000,0.0000125
1769666400000,0.0000125
1769670000000,0.0000125
1769673600000,0.0000125
1769677200000,0.0000125
1769680800000,0.0000074044
1769684400000,0.0000125
1769688000000,0.0000084364
1769691600000,0.0000125
1769695200000,0.0000125
1769698800000,0.0000125
1769702400000,0.0000125
1769706000000,0.0000125
1769709600000,0.0000125
1769713200000,0.0000125
1769716800000,0.0000125
1769720400000,0.0000125
1769724000000,0.0000125
1769727600000,0.0000125
1769731200000,0.0000125
1769734800000,0.0000125
1769738400000,0.0000045095
1769742000000,-0.0000008304
1769745600000,0.0000000786
1769749200000,-0.0000025716
1769752800000,0.0000024498
1769756400000,-0.0000059905
1769760000000,-0.0000078993
1769763600000,-0.000000871
1769767200000,-0.000004298
1769770800000,-0.0000013601
1769774400000,-0.0000013901
1769778000000,0.0000080416
1769781600000,0.0000125
1769785200000,0.0000125
1769788800000,0.0000055748
1769792400000,0.0000044694
1769796000000,0.0000125
1769799600000,0.0000125
1769803200000,0.0000125
1769806800000,0.0000125
1769810400000,0.0000125
1769814000000,0.0000125
1769817600000,0.0000125
1769821200000,0.0000125
1769824800000,0.0000125
1769828400000,0.0000125
1769832000000,0.0000125
1769835600000,0.0000125
1769839200000,0.0000096781
1769842800000,0.0000101474
1769846400000,0.0000067195
1769850000000,0.0000125
1769853600000,0.0000125
1769857200000,0.0000125
1769860800000,0.0000108167
1769864400000,0.0000125
1769868000000,0.0000125
1769871600000,0.0000064638
1769875200000,0.0000125
1769878800000,0.0000121998
1769882400000,-0.0000038611
1769886000000,0.0000109358
1769889600000,0.0000125
1769893200000,0.0000125
1769896800000,0.0000125
1769900400000,0.0000125
1769904000000,0.0000125
1769907600000,0.0000125
1769911200000,0.0000125
1769914800000,0.0000125
1769918400000,0.0000125
1769922000000,0.0000125
1769925600000,0.0000125
1769929200000,0.0000125
1769932800000,0.0000125
1769936400000,0.0000125
1769940000000,0.0000125
1769943600000,0.0000125
1769947200000,0.0000115331
1769950800000,0.000006364
1769954400000,0.000007215
1769958000000,0.0000017702
1769961600000,0.0000044877
1769965200000,0.0000053523
1769968800000,0.000011733
1769972400000,0.0000103155
1769976000000,0.0000037766
1769979600000,0.0000032314
1769983200000,0.000004227
1769986800000,0.0000041339
1769990400000,-0.0000051235
1769994000000,0.0000025014
1769997600000,0.0000022263
1770001200000,-0.0000044058
1770004800000,-0.0000137156
1770008400000,-0.0000040263
1770012000000,-0.0000087695
1770015600000,-0.0000081149
1770019200000,-0.0000095544
1770022800000,-0.000005869
1770026400000,-0.0000051016
1770030000000,-0.0000107794
1770033600000,-0.000006193
1770037200000,-0.0000039687
1770040800000,-0.0000054321
1770044400000,-0.0000127316
1770048000000,-0.0000206174
1770051600000,-0.0000247413
1770055200000,-0.0000256344
1770058800000,-0.0000178286
1770062400000,-0.0000213987
1770066000000,-0.0000219947
1770069600000,-0.0000104821
1770073200000,-0.0000097486
1770076800000,-0.0000080147
1770080400000,-0.0000017428
1770084000000,-0.0000013655
1770087600000,-0.0000051564
1770091200000,-0.000013276
1770094800000,-0.000018237
1770098400000,-0.0000156483
1770102000000,-0.0000057991
1770105600000,0.0000007745
1770109200000,0.0000015339
1770112800000,0.0000000384
1770116400000,-0.0000007114
1770120000000,-0.0000015443
1770123600000,-0.0000010129
1770127200000,-0.0000007613
1770130800000,-0.0000015966
1770134400000,-0.000000507
1770138000000,0.0000062457
1770141600000,0.0000125
1770145200000,0.0000125
1770148800000,0.0000125
1770152400000,0.0000125
1770156000000,0.0000125
1770159600000,0.0000107012
1770163200000,0.0000123536
1770166800000,0.0000085792
1770170400000,0.0000125
1770174000000,0.0000077661
1770177600000,0.0000125
1770181200000,0.0000125
1770184800000,0.0000109098
1770188400000,0.0000116536
1770192000000,0.0000085649
1770195600000,0.0000084335
1770199200000,0.0000125
1770202800000,0.0000099821
1770206400000,0.0000125
1770210000000,0.0000125
1770213600000,0.0000103324
1770217200000,0.0000125
1770220800000,0.0000125
1770224400000,0.0000125
1770228000000,0.0000125
1770231600000,0.0000125
1770235200000,0.0000125
1770238800000,0.0000125
1770242400000,0.0000125
1770246000000,0.0000125
1770249600000,0.0000125
1770253200000,0.0000125
1770256800000,0.0000096567
1770260400000,0.0000063034
1770264000000,0.0000125
1770267600000,0.0000125
1770271200000,0.0000125
1770274800000,0.0000125
1770278400000,0.0000125
1770282000000,0.0000125
1770285600000,0.0000125
1770289200000,0.0000125
1770292800000,0.0000125
1770296400000,0.0000125
1770300000000,0.0000125
1770303600000,0.0000125
1770307200000,0.0000125
1770310800000,0.0000125
1770314400000,0.0000125
1770318000000,0.0000125
1770321600000,0.0000125
1770325200000,0.0000125
1770328800000,0.0000125
1770332400000,0.0000125
1770336000000,0.0000125
1770339600000,0.0000023795
1770343200000,0.0000064565
1770346800000,0.0000095327
1770350400000,0.0000002461
1770354000000,0.0000027544
1770357600000,0.0000053234
1770361200000,-0.0000125776
1770364800000,0.0000010634
1770368400000,-0.0000077625
1770372000000,0.0000004105
1770375600000,-0.0000117338
1770379200000,-0.0000064255
1770382800000,-0.0000030178
1770386400000,0.0000031771
1770390000000,-0.0000068101
1770393600000,-0.0000310356
1770397200000,-0.0000498358
1770400800000,-0.0000388053
1770404400000,-0.0000452321
1770408000000,-0.0000428544
1770411600000,-0.0000693858
1770415200000,-0.0000638099
1770418800000,-0.0000409391
1770422400000,-0.0000353026
1770426000000,-0.0000302863
1770429600000,-0.0000240166
1770433200000,-0.0000261056
1770436800000,-0.0000192406
1770440400000,-0.0000245135
1770444000000,-0.0000240432
1770447600000,-0.0000252262
1770451200000,-0.0000309566
1770454800000,-0.0000254647
1770458400000,-0.0000283961
1770462000000,-0.0000228758
1770465600000,-0.000017879
1770469200000,-0.0000146991
1770472800000,-0.0000148933
1770476400000,-0.0000112278
1770480000000,-0.0000047811
1770483600000,-0.0000126739
1770487200000,-0.0000071781
1770490800000,-0.0000007958
1770494400000,-0.0000005304
1770498000000,0.0000023038
1770501600000,-0.0000025388
1770505200000,-0.0000150223
1770508800000,-0.0000195208
1770512400000,-0.0000176852
1770516000000,-0.0000048514
1770519600000,-0.0000066366
1770523200000,-0.0000079506
1770526800000,-0.0000077288
1770530400000,-0.0000098966
1770534000000,-0.0000132035
1770537600000,-0.000008129
1770541200000,-0.0000004674
1770544800000,-0.0000063485
1770548400000,-0.0000021486
1770552000000,0.0000001028
1770555600000,-0.0000043874
1770559200000,-0.0000017942
1770562800000,0.0000012277
1770566400000,0.0000027679
1770570000000,0.0000068762
1770573600000,0.0000046217
1770577200000,0.0000124491
1770580800000,0.0000094503
1770584400000,0.0000011675
1770588000000,0.0000019755
1770591600000,0.0000033541
1770595200000,0.0000047042
1770598800000,-0.0000008483
1770602400000,0.0000026385
1770606000000,0.0000058667
1770609600000,0.0000120953
1770613200000,0.000005119
1770616800000,0.000006354
1770620400000,0.00000403
1770624000000,0.0000125
1770627600000,0.0000100926
1770631200000,0.0000034365
1770634800000,-0.000004065
1770638400000,-0.0000037766
1770642000000,-0.0000053363
1770645600000,-0.0000066233
1770649200000,-0.000004503
1770652800000,-0.0000054763
1770656400000,-0.0000051538
1770660000000,-0.0000059758
1770663600000,-0.000003141
1770667200000,0.0000005741
1770670800000,-0.0000063598
1770674400000,-0.0000081345
1770678000000,-0.0000084836
1770681600000,-0.0000084721
1770685200000,-0.0000087943
1770688800000,0.0000023052
1770692400000,0.0000007593
1770696000000,-0.0000008851
1770699600000,0.0000034612
1770703200000,-0.0000015858
1770706800000,0.0000023358
1770710400000,-0.0000020671
1770714000000,-0.0000006102
1770717600000,0.0000030861
1770721200000,0.0000053797
1770724800000,0.0000042948
1770728400000,0.0000064047
1770732000000,0.0000088389
1770735600000,0.0000079829
1770739200000,0.0000110484
1770742800000,0.0000125
1770746400000,0.0000125
1770750000000,0.0000099318
1770753600000,0.0000048965
1770757200000,0.0000032795
1770760800000,0.0000040221
1770764400000,0.0000023661
1770768000000,0.0000047743
1770771600000,0.0000091847
1770775200000,-0.000000249
1770778800000,-0.0000007525
1770782400000,-0.0000009684
1770786000000,-0.0000027714
1770789600000,0.0000013089
1770793200000,-0.0000070252
1770796800000,-0.0000015289
1770800400000,0.0000023465
1770804000000,0.0000032911
1770807600000,0.0000042875
1770811200000,0.0000125
1770814800000,0.0000083496
1770818400000,0.0000029384
1770822000000,0.0000104502
1770825600000,0.000008094
1770829200000,0.0000014779
1770832800000,0.0000016581
1770836400000,-0.0000020681
1770840000000,-0.0000010441
1770843600000,-0.000004923
1770847200000,-0.0000054302
1770850800000,-0.0000095824
1770854400000,-0.000015481
1770858000000,-0.0000175218
1770861600000,-0.0000187874
1770865200000,-0.0000150082
1770868800000,-0.0000089305
1770872400000,-0.0000119107
1770876000000,-0.0000093717
1770879600000,-0.0000096338
1770883200000,-0.0000030226
1770886800000,-0.0000025651
1770890400000,-0.000004132
1770894000000,-0.0000002584
1770897600000,0.000008819
1770901200000,0.0000056285
1770904800000,0.0000096142
1770908400000,0.0000081054
1770912000000,0.0000125
1770915600000,0.0000125
1770919200000,0.0000125
1770922800000,0.0000125
1770926400000,0.0000125
1770930000000,0.0000125
1770933600000,0.0000125
1770937200000,0.0000125
1770940800000,0.0000125
1770944400000,0.0000120995
1770948000000,0.0000125
1770951600000,0.0000052265
1770955200000,0.0000002046
1770958800000,0.0000007013
1770962400000,0.0000018907
1770966000000,-0.0000012146
1770969600000,-0.0000034497
1770973200000,0.0000030545
1770976800000,0.0000012519
1770980400000,0.0000027761
1770984000000,0.0000002131
1770987600000,0.0000002886
1770991200000,0.0000006013
1770994800000,0.000006919
1770998400000,0.0000125
1771002000000,0.000010115
1771005600000,0.0000073524
1771009200000,0.0000125
1771012800000,0.000010865
1771016400000,0.0000125
1771020000000,0.0000125
1771023600000,0.0000125
1771027200000,0.0000125
1771030800000,0.0000125
1771034400000,0.0000075308
1771038000000,0.0000125
1771041600000,0.0000125
1771045200000,0.0000125
1771048800000,0.0000125
1771052400000,0.0000125
1771056000000,0.0000125
1771059600000,0.0000125
1771063200000,0.0000125
1771066800000,0.0000125
1771070400000,0.0000125
1771074000000,0.0000125
1771077600000,0.0000064703
1771081200000,0.0000125
1771084800000,0.0000125
1771088400000,0.0000125
1771092000000,0.0000125
1771095600000,0.0000125
1771099200000,0.0000125
1771102800000,0.0000116681
1771106400000,0.0000125
1771110000000,0.0000125
1771113600000,0.0000125
1771117200000,0.0000088521
1771120800000,0.0000077114
1771124400000,0.0000043299
1771128000000,0.0000125
1771131600000,0.0000125
1771135200000,0.0000125
1771138800000,0.0000125
1771142400000,0.0000125
1771146000000,0.0000125
1771149600000,0.0000095671
1771153200000,0.0000100901
1771156800000,0.0000125
1771160400000,0.0000083914
1771164000000,0.0000031641
1771167600000,0.0000032833
1771171200000,-0.0000035517
1771174800000,0.0000030591
1771178400000,0.0000088035
1771182000000,0.0000093083
1771185600000,0.0000125
1771189200000,0.0000125
1771192800000,0.0000125
1771196400000,0.0000125
1771200000000,0.0000125
1771203600000,0.0000125
1771207200000,0.0000071976
1771210800000,0.0000106883
1771214400000,0.0000036622
1771218000000,0.0000078763
1771221600000,0.000002754
1771225200000,0.0000068515
1771228800000,0.0000101416
1771232400000,0.0000059846
1771236000000,0.0000026715
1771239600000,0.0000052887
1771243200000,0.0000029843
1771246800000,0.0000024751
1771250400000,0.0000039743
1771254000000,0.000001105
1771257600000,0.0000036854
1771261200000,0.0000044648
1771264800000,-0.0000052042
1771268400000,-0.0000004076
1771272000000,0.0000045058
1771275600000,0.0000123127
1771279200000,0.0000069964
1771282800000,0.0000086635
1771286400000,0.000008817
1771290000000,0.0000102601
1771293600000,0.000004519
1771297200000,0.0000071753
1771300800000,0.0000033437
1771304400000,0.0000070648
1771308000000,0.0000059076
1771311600000,0.0000079845
1771315200000,0.0000069525
1771318800000,0.0000036649
1771322400000,0.0000040877
1771326000000,-0.0000022663
1771329600000,-0.0000008289
1771333200000,0.0000021372
1771336800000,0.0000044717
1771340400000,0.0000066159
1771344000000,0.0000118305
1771347600000,0.000010746
1771351200000,0.0000125
1771354800000,0.0000125
1771358400000,0.0000125
1771362000000,0.0000125
1771365600000,0.0000125
1771369200000,0.0000125
1771372800000,0.0000125
1771376400000,0.0000125
1771380000000,0.0000125
1771383600000,0.0000125
1771387200000,0.0000125
1771390800000,0.0000125
1771394400000,0.0000125
1771398000000,0.0000069158
1771401600000,0.0000076073
1771405200000,0.0000091486
1771408800000,0.000010137
1771412400000,0.0000058722
1771416000000,0.0000018573
1771419600000,0.0000099123
1771423200000,0.0000105879
1771426800000,0.0000125
1771430400000,0.0000125
1771434000000,0.0000125
1771437600000,0.0000095019
1771441200000,-0.0000103773
1771444800000,-0.0000101341
1771448400000,-0.000006462
1771452000000,0.000002437
1771455600000,0.0000018529
1771459200000,0.0000025987
1771462800000,0.0000042484
1771466400000,0.0000050923
1771470000000,0.0000064821
1771473600000,0.0000065879
1771477200000,0.0000125
1771480800000,0.0000107971
1771484400000,0.0000110697
1771488000000,0.0000125
1771491600000,0.0000075569
1771495200000,0.0000116041
1771498800000,0.0000125
1771502400000,0.0000125
1771506000000,0.0000073441
1771509600000,0.000011221
1771513200000,0.0000125
1771516800000,0.0000125
1771520400000,0.0000125
1771524000000,0.0000125
1771527600000,0.0000125
1771531200000,0.0000125
1771534800000,0.0000125
1771538400000,0.0000125
1771542000000,0.0000125
1771545600000,0.0000125
1771549200000,0.0000125
1771552800000,0.0000125
1771556400000,0.0000125
1771560000000,0.0000125
1771563600000,0.0000125
1771567200000,0.0000125
1771570800000,0.0000125
1771574400000,0.0000125
1771578000000,0.0000125
1771581600000,0.0000125
1771585200000,0.0000124569
1771588800000,0.00000532
1771592400000,0.0000069241
1771596000000,0.0000125
1771599600000,0.0000125
1771603200000,0.0000077052
1771606800000,0.0000040258
1771610400000,0.0000111311
1771614000000,0.0000125
1771617600000,0.0000017113
1771621200000,-0.0000005714
1771624800000,0.000000349
1771628400000,0.0000043361
1771632000000,0.0000017639
1771635600000,-0.0000013796
1771639200000,0.0000033262
1771642800000,0.0000064306
1771646400000,0.0000049147
1771650000000,0.0000048647
1771653600000,0.0000084629
1771657200000,0.0000050089
1771660800000,0.0000020309
1771664400000,-0.0000002665
1771668000000,-0.0000020418
1771671600000,-0.0000013155
1771675200000,-0.0000035229
1771678800000,-0.0000029268
1771682400000,-0.0000023274
1771686000000,-0.0000046184
1771689600000,-0.0000045366
1771693200000,-0.0000115307
1771696800000,-0.0000093017
1771700400000,-0.0000047001
1771704000000,-0.0000093582
1771707600000,-0.0000104287
1771711200000,-0.0000092187
1771714800000,-0.0000121438
1771718400000,-0.0000136702
1771722000000,-0.0000197873
1771725600000,-0.0000086886
1771729200000,-0.0000141337
1771732800000,-0.0000105856
1771736400000,-0.0000052734
1771740000000,0.0000003022
1771743600000,0.0000011689
1771747200000,0.0000026162
1771750800000,0.0000075995
1771754400000,0.0000087682
1771758000000,0.0000082612
1771761600000,0.0000075506
1771765200000,0.0000119545
1771768800000,0.0000125
1771772400000,0.0000089852
1771776000000,0.0000120666
1771779600000,0.000008091
1771783200000,0.0000004969
1771786800000,0.0000062171
1771790400000,0.0000065074
1771794000000,0.0000044258
1771797600000,0.000000982
1771801200000,-0.0000015923
1771804800000,-0.0000059464
1771808400000,-0.0000095652
1771812000000,0.0000058472
1771815600000,0.0000059345
1771819200000,0.0000054135
1771822800000,0.0000056009
1771826400000,0.0000110023
1771830000000,0.0000064498
1771833600000,0.0000082246
1771837200000,0.0000059766
1771840800000,0.000007661
1771844400000,0.0000006123
1771848000000,-0.0000050116
1771851600000,-0.0000083763
1771855200000,-0.0000093539
1771858800000,-0.000004531
1771862400000,-0.0000020331
1771866000000,0.0000041918
1771869600000,0.0000125
1771873200000,0.0000125
1771876800000,0.0000125
1771880400000,0.0000125
1771884000000,0.0000125
1771887600000,0.0000125
1771891200000,0.0000125
1771894800000,0.0000125
1771898400000,0.0000125
1771902000000,0.0000055746
1771905600000,0.0000083336
1771909200000,0.0000074794
1771912800000,0.0000112323
1771916400000,0.0000100947
1771920000000,0.0000115639
1771923600000,0.0000125
1771927200000,0.0000125
1771930800000,0.0000125
1771934400000,0.0000125
1771938000000,0.0000125
1771941600000,0.0000125
1771945200000,0.0000125
1771948800000,0.0000125
1771952400000,0.0000125
1771956000000,-0.00000076
1771959600000,0.0000039714
1771963200000,0.0000044999
1771966800000,0.0000023461
1771970400000,-0.0000205695
1771974000000,-0.000013576
1771977600000,-0.0000144896
1771981200000,-0.000013095
1771984800000,0.0000100786
1771988400000,0.0000076837
1771992000000,0.0000064998
1771995600000,0.0000085683
1771999200000,0.0000079712
1772002800000,0.0000115878
1772006400000,0.0000125
1772010000000,0.000010181
1772013600000,0.0000084941
1772017200000,0.0000050215
1772020800000,-0.0000000393
1772024400000,0.0000117131
1772028000000,0.0000111928
1772031600000,0.0000125
1772035200000,0.0000025835
1772038800000,0.0000041614
1772042400000,-0.0000077902
1772046000000,-0.0000100079
1772049600000,-0.0000077964
1772053200000,-0.0000087729
1772056800000,-0.0000084226
1772060400000,-0.0000098566
1772064000000,-0.0000068873
1772067600000,-0.0000075521
1772071200000,-0.0000054547
1772074800000,-0.0000034477
1772078400000,-0.0000015703
1772082000000,0.0000089994
1772085600000,0.0000048208
1772089200000,0.0000044993
1772092800000,0.0000125
1772096400000,0.0000101537
1772100000000,0.0000125
1772103600000,0.0000125
1772107200000,0.0000059675
1772110800000,-0.0000017577
1772114400000,-0.0000067917
1772118000000,0.0000072061
1772121600000,0.0000119802
1772125200000,0.0000110541
1772128800000,0.0000125
1772132400000,0.0000125
1772136000000,0.0000125
1772139600000,0.0000125
1772143200000,0.0000125
1772146800000,0.0000125
1772150400000,0.0000059437
1772154000000,0.0000098703
1772157600000,0.0000055964
1772161200000,0.0000072649
1772164800000,0.0000090446
1772168400000,0.0000118849
1772172000000,0.0000057384
1772175600000,0.000008403
1772179200000,0.0000062564
1772182800000,0.0000077008
1772186400000,0.0000125
1772190000000,0.0000043233
1772193600000,0.0000093432
1772197200000,0.0000125
1772200800000,0.0000125
1772204400000,0.000007528
1772208000000,0.0000096065
1772211600000,0.0000094858
1772215200000,-0.000005034
1772218800000,-0.0000061853
1772222400000,-0.0000056917
1772226000000,-0.0000023766
1772229600000,-0.0000063093
1772233200000,-0.0000086467
1772236800000,-0.0000037569
1772240400000,-0.0000031098
1772244000000,-0.0000045268
1772247600000,-0.0000036773
1772251200000,-0.0000098772
1772254800000,-0.0000064397
1772258400000,-0.0000069089
1772262000000,-0.0000194227
1772265600000,-0.0000155382
1772269200000,-0.0000176998
1772272800000,-0.0000306471
1772276400000,-0.0000233124
1772280000000,-0.0000270008
1772283600000,-0.0000323758
1772287200000,-0.0000206754
1772290800000,-0.0000076687
1772294400000,-0.00000178
1772298000000,-0.0000015549
1772301600000,0.0000021732
1772305200000,0.0000043994
1772308800000,0.0000011249
1772312400000,0.0000021009
1772316000000,0.0000010621
1772319600000,0.0000000772
1772323200000,0.0000018723
1772326800000,0.0000097737
1772330400000,0.0000089086
1772334000000,0.0000125
1772337600000,0.0000125
1772341200000,0.0000042426
1772344800000,0.0000060385
1772348400000,0.0000086278
1772352000000,0.0000091305
1772355600000,0.0000042297
1772359200000,-0.0000113178
1772362800000,-0.0000048228
1772366400000,-0.0000017256
1772370000000,-0.0000002236
1772373600000,0.000000555
1772377200000,0.0000057302
1772380800000,0.0000033034
1772384400000,-0.0000027597
1772388000000,-0.0000054687
1772391600000,-0.0000071472
1772395200000,-0.000008194
1772398800000,-0.0000157652
1772402400000,-0.000017312
1772406000000,-0.0000133577
1772409600000,-0.0000038806
1772413200000,0.0000031778
1772416800000,0.000003731
1772420400000,0.0000007087
1772424000000,0.0000043002
1772427600000,0.0000051055
1772431200000,0.0000024648
1772434800000,-0.0000140785
1772438400000,-0.0000046197
1772442000000,-0.0000004493
1772445600000,-0.0000024781
1772449200000,-0.0000017532
1772452800000,-0.000000815
1772456400000,-0.000006127
1772460000000,0.0000002012
1772463600000,0.0000058162
1772467200000,-0.000006583
1772470800000,-0.0000134806
1772474400000,-0.0000220042
1772478000000,-0.000007447
1772481600000,-0.0000107447
1772485200000,-0.000011182
1772488800000,-0.0000067074
1772492400000,-0.0000034761
1772496000000,-0.000015143
1772499600000,-0.0000102083
1772503200000,-0.0000090166
1772506800000,-0.0000043214
1772510400000,-0.0000032367
1772514000000,-0.000002722
1772517600000,0.0000078273
1772521200000,0.0000125
1772524800000,0.0000125
1772528400000,0.0000125
1772532000000,0.0000125
1772535600000,0.0000125
1772539200000,0.0000125
1772542800000,0.0000125
1772546400000,0.0000125
1772550000000,0.0000125
1772553600000,0.0000125
1772557200000,0.0000125
1772560800000,0.0000125
1772564400000,0.0000125
1772568000000,0.0000080873
1772571600000,0.0000011931
1772575200000,0.0000004926
1772578800000,0.0000053304
1772582400000,0.0000047084
1772586000000,0.0000046936
1772589600000,0.0000024693
1772593200000,0.0000043397
1772596800000,0.0000002986
1772600400000,-0.000004868
1772604000000,0.0000079757
1772607600000,0.0000079232
1772611200000,0.0000125
1772614800000,0.0000125
1772618400000,0.0000125
1772622000000,-0.0000095213
1772625600000,0.0000020584
1772629200000,-0.0000007344
1772632800000,-0.0000131511
1772636400000,-0.0000209528
1772640000000,-0.0000153815
1772643600000,-0.0000318571
1772647200000,-0.0000302488
1772650800000,-0.0000360062
1772654400000,-0.0000193777
1772658000000,-0.0000361459
1772661600000,-0.0000318551
1772665200000,-0.0000261447
1772668800000,-0.0000214716
1772672400000,-0.0000216694
1772676000000,-0.0000100028
1772679600000,-0.0000141693
1772683200000,-0.0000059594
1772686800000,-0.0000022099
1772690400000,-0.0000027814
1772694000000,-0.0000068444
1772697600000,-0.0000000642
1772701200000,0.0000035923
1772704800000,-0.0000095804
1772708400000,-0.0000044587
1772712000000,0.0000051881
1772715600000,0.0000065359
1772719200000,-0.000006304
1772722800000,-0.0000024213
1772726400000,0.0000007637
1772730000000,0.0000102104
1772733600000,0.0000120827
1772737200000,0.0000125
1772740800000,0.0000125
1772744400000,0.0000125
1772748000000,0.0000125
1772751600000,0.0000125
1772755200000,0.000004067
1772758800000,-0.0000009186
1772762400000,-0.0000013902
1772766000000,0.0000002299
1772769600000,0.0000055067
1772773200000,0.0000071042
1772776800000,0.0000055461
1772780400000,0.000006544
1772784000000,0.0000113476
1772787600000,0.0000101837
1772791200000,0.0000123572
1772794800000,0.0000119609
1772798400000,0.0000104767
1772802000000,0.0000104954
1772805600000,0.0000125
1772809200000,0.0000125
1772812800000,0.0000125
1772816400000,0.0000125
1772820000000,0.0000125
1772823600000,0.0000125
1772827200000,0.0000125
1772830800000,0.0000125
1772834400000,0.0000125
1772838000000,0.0000125
1772841600000,-0.0000009787
1772845200000,0.000003885
1772848800000,0.0000061536
1772852400000,0.0000066461
1772856000000,0.0000047857
1772859600000,0.0000078668
1772863200000,0.0000036614
1772866800000,-0.0000019997
1772870400000,-0.0000153614
1772874000000,-0.0000017096
1772877600000,0.0000023251
1772881200000,0.0000013615
1772884800000,0.0000097247
1772888400000,0.0000055211
1772892000000,0.0000063895
1772895600000,0.0000125
1772899200000,0.0000125
1772902800000,0.0000125
1772906400000,0.0000125
1772910000000,0.0000125
1772913600000,0.0000125
1772917200000,0.0000060019
1772920800000,0.0000029066
1772924400000,-0.0000005526
1772928000000,0.0000046809
1772931600000,0.0000066085
1772935200000,0.0000037714
1772938800000,0.0000093321
1772942400000,0.0000065568
1772946000000,0.0000033368
1772949600000,-0.0000018846
1772953200000,0.0000009709
1772956800000,0.0000060921
1772960400000,0.0000059499
1772964000000,0.0000125
1772967600000,0.0000022344
1772971200000,-0.0000070633
1772974800000,-0.0000027436
1772978400000,0.0000007754
1772982000000,0.0000002387
1772985600000,-0.0000037864
1772989200000,-0.0000044933
1772992800000,0.0000024636
1772996400000,-0.0000064438
1773000000000,0.0000091177
1773003600000,0.0000049044
1773007200000,0.0000031826
1773010800000,0.0000014108
1773014400000,0.0000005799
1773018000000,-0.0000003904
1773021600000,0.0000125
1773025200000,0.0000063277
1773028800000,0.0000125
1773032400000,0.0000125
1773036000000,0.0000044339
1773039600000,-0.0000044876
1773043200000,0.0000050609
1773046800000,0.0000016249
1773050400000,0.0000105393
1773054000000,0.00000264
1773057600000,0.0000055969
1773061200000,0.0000125
1773064800000,0.0000105963
1773068400000,0.0000024534
1773072000000,-0.0000208571
1773075600000,-0.0000120428
1773079200000,-0.000011366
1773082800000,-0.0000143137
1773086400000,-0.0000127375
1773090000000,-0.00002701
1773093600000,-0.0000288527
1773097200000,-0.0000255138
1773100800000,-0.0000266676
1773104400000,-0.0000172365
1773108000000,-0.0000159728
1773111600000,0.0000038228
1773115200000,0.0000081795
1773118800000,0.0000081019
1773122400000,0.0000125
1773126000000,0.0000095142
1773129600000,0.0000125
1773133200000,0.0000115143
1773136800000,-0.0000002216
1773140400000,-0.0000015428
1773144000000,-0.0000165254
1773147600000,-0.0000107166
1773151200000,-0.0000097332
1773154800000,0.0000010534
1773158400000,-0.0000018341
1773162000000,-0.0000040356
1773165600000,-0.0000081635
1773169200000,-0.0000139277
1773172800000,-0.0000186044
1773176400000,-0.0000140577
1773180000000,-0.0000291618
1773183600000,-0.0000267087
1773187200000,-0.0000232418
1773190800000,-0.0000238206
1773194400000,-0.0000175876
1773198000000,-0.0000165093
1773201600000,-0.0000149835
1773205200000,-0.0000032166
1773208800000,-0.0000074715
1773212400000,-0.0000070376
1773216000000,-0.0000063068
1773219600000,-0.0000044478
1773223200000,-0.0000072378
1773226800000,-0.0000026099
1773230400000,-0.000003561
1773234000000,-0.0000061629
1773237600000,-0.0000035041
1773241200000,-0.0000200795
1773244800000,-0.0000178767
1773248400000,-0.0000102141
1773252000000,0.0000011185
1773255600000,-0.0000038502
1773259200000,-0.0000041747
1773262800000,-0.0000201008
1773266400000,-0.0000177791
1773270000000,-0.0000189649
1773273600000,-0.0000268833
1773277200000,-0.0000190861
1773280800000,-0.0000210963
1773284400000,-0.0000232141
1773288000000,-0.0000274503
1773291600000,-0.0000258607
1773295200000,-0.0000187987
1773298800000,-0.0000072455
1773302400000,-0.0000031802
1773306000000,-0.000010541
1773309600000,-0.0000139819
1773313200000,-0.0000121777
1773316800000,-0.0000175484
1773320400000,-0.0000113339
1773324000000,-0.0000062875
1773327600000,-0.0000079203
1773331200000,-0.0000137243
1773334800000,-0.000011411
1773338400000,-0.0000154659
1773342000000,-0.000016316
1773345600000,-0.0000023487
1773349200000,-0.000003067
1773352800000,0.0000049648
1773356400000,0.0000047659
1773360000000,0.0000056573
1773363600000,0.0000125
1773367200000,0.0000125
1773370800000,0.0000125
1773374400000,0.0000125
1773378000000,0.0000125
1773381600000,0.0000125
1773385200000,0.0000125
1773388800000,0.0000125
1773392400000,0.0000125
1773396000000,0.0000125
1773399600000,0.0000125
1773403200000,0.0000125
1773406800000,0.0000125
1773410400000,0.0000125
1773414000000,0.0000109666
1773417600000,0.0000125
1773421200000,0.0000096497
1773424800000,0.000002764
1773428400000,0.0000061587
1773432000000,0.0000050563
1773435600000,0.000006652
1773439200000,-0.0000054255
1773442800000,-0.0000037942
1773446400000,-0.0000014407
1773450000000,-0.0000066408
1773453600000,-0.0000021686
1773457200000,-0.000002644
1773460800000,-0.0000050046
1773464400000,-0.0000004303
1773468000000,-0.0000087722
1773471600000,-0.0000116548
1773475200000,-0.0000097827
1773478800000,-0.0000049435
1773482400000,-0.0000046682
1773486000000,-0.0000038212
1773489600000,0.0000065023
1773493200000,-0.0000004149
1773496800000,0.0000022292
1773500400000,-0.000005637
1773504000000,-0.0000134852
1773507600000,-0.0000072117
1773511200000,-0.0000036147
1773514800000,-0.0000096848
1773518400000,-0.0000052613
1773522000000,-0.0000004867
1773525600000,-0.0000013686
1773529200000,0.0000007334
1773532800000,0.000001908
1773536400000,0.0000003767
1773540000000,0.0000060004
1773543600000,0.000008816
1773547200000,0.0000041903
1773550800000,0.0000011816
1773554400000,0.000007497
1773558000000,-0.0000013473
1773561600000,0.0000030498
1773565200000,0.0000018666
1773568800000,-0.0000007194
1773572400000,-0.0000019984
1773576000000,0.0000018182
1773579600000,0.0000024409
1773583200000,-0.0000013818
1773586800000,-0.0000031914
1773590400000,-0.0000019039
1773594000000,-0.0000085903
1773597600000,-0.0000063317
1773601200000,-0.0000076477
1773604800000,-0.0000097804
1773608400000,-0.0000046183
1773612000000,-0.000001173
1773615600000,0.0000083336
1773619200000,0.0000059444
1773622800000,0.0000031175
1773626400000,0.0000079138
1773630000000,0.0000061335
1773633600000,0.0000082868
1773637200000,0.0000046873
1773640800000,0.0000088292
1773644400000,0.0000015592
1773648000000,0.0000078916
1773651600000,0.0000058945
1773655200000,0.000008075
1773658800000,0.0000100206
1773662400000,0.0000094734
1773666000000,0.0000057472
1773669600000,0.0000084273
1773673200000,0.0000009179
1773676800000,-0.0000007708
1773680400000,0.0000057376
1773684000000,-0.0000037803
1773687600000,-0.0000012951
1773691200000,-0.0000003387
1773694800000,0.0000021021
1773698400000,0.000006455
1773702000000,0.000008324
1773705600000,0.0000081541
1773709200000,0.0000125
1773712800000,0.0000125
1773716400000,0.0000009085
1773720000000,-0.0000034631
1773723600000,-0.0000042142
1773727200000,0.0000002996
1773730800000,0.0000016595
1773734400000,0.0000001186
1773738000000,0.0000042312
1773741600000,0.00000196
1773745200000,0.0000110205
1773748800000,0.0000119201
1773752400000,0.0000053702
1773756000000,0.0000034784
1773759600000,0.0000064573
1773763200000,0.0000007394
1773766800000,-0.0000001107
1773770400000,0.0000039167
1773774000000,0.0000022087
1773777600000,0.0000000074
1773781200000,-0.0000026275
1773784800000,0.0000075027
1773788400000,0.0000012544
1773792000000,-0.0000051104
1773795600000,-0.0000024635
1773799200000,0.0000046249
1773802800000,-0.000000594
1773806400000,0.0000018423
1773810000000,-0.0000035377
1773813600000,-0.0000120646
1773817200000,-0.0000007973
1773820800000,-0.0000027449
1773824400000,-0.000000258
1773828000000,0.0000014663
1773831600000,0.0000040737
1773835200000,-0.0000040345
1773838800000,-0.0000020644
1773842400000,0.000009336
1773846000000,0.000011086
1773849600000,0.0000125
1773853200000,0.0000125
1773856800000,0.0000125
1773860400000,0.0000013294
1773864000000,-0.0000017603
1773867600000,-0.0000034063
1773871200000,0.0000045656
1773874800000,-0.0000078073
1773878400000,-0.0000021465
1773882000000,-0.0000095803
1773885600000,-0.0000028962
1773889200000,0.0000007088
1773892800000,0.0000026303
1773896400000,-0.0000106893
1773900000000,-0.000003082
1773903600000,0.0000044915
1773907200000,-0.0000136287
1773910800000,-0.0000120166
1773914400000,-0.0000155268
1773918000000,-0.0000159813
1773921600000,-0.0000200987
1773925200000,-0.0000240413
1773928800000,-0.0000104531
1773932400000,-0.0000113106
1773936000000,-0.0000049378
1773939600000,0.0000081402
1773943200000,0.0000054161
1773946800000,0.0000030977
1773950400000,0.0000125
1773954000000,0.0000125
1773957600000,0.0000125
1773961200000,0.0000125
1773964800000,0.0000125
1773968400000,0.0000125
1773972000000,0.0000125
1773975600000,0.0000125
1773979200000,0.0000125
1773982800000,0.0000125
1773986400000,0.0000125
1773990000000,0.0000125
1773993600000,0.0000125
1773997200000,0.0000125
1774000800000,0.0000125
1774004400000,0.0000050084
1774008000000,0.0000045852
1774011600000,-0.0000003395
1774015200000,0.0000023908
1774018800000,0.0000043917
1774022400000,0.0000125
1774026000000,0.0000087337
1774029600000,0.0000107629
1774033200000,0.0000039561
1774036800000,0.0000104591
1774040400000,-0.0000015605
1774044000000,0.0000003686
1774047600000,0.0000054091
1774051200000,0.0000036635
1774054800000,0.0000010536
1774058400000,0.0000021439
1774062000000,0.0000076606
1774065600000,0.0000037306
1774069200000,0.0000039692
1774072800000,0.0000022533
1774076400000,0.0000068567
1774080000000,0.0000098917
1774083600000,0.0000067487
1774087200000,0.0000007118
1774090800000,-0.0000016009
1774094400000,-0.0000007757
1774098000000,-0.0000032966
1774101600000,-0.0000001451
1774105200000,0.0000015556
1774108800000,0.0000028338
1774112400000,0.0000006615
1774116000000,-0.0000047359
1774119600000,-0.0000039195
1774123200000,0.0000007371
1774126800000,0.0000047611
1774130400000,-0.0000062318
1774134000000,-0.0000057182
1774137600000,-0.000013486
1774141200000,-0.0000125725
1774144800000,-0.0000146116
1774148400000,-0.0000149755
1774152000000,-0.0000192502
1774155600000,-0.0000210606
1774159200000,-0.0000197173
1774162800000,-0.0000176049
1774166400000,-0.0000178915
1774170000000,-0.0000114472
1774173600000,-0.0000089182
1774177200000,-0.000019705
1774180800000,-0.0000238457
1774184400000,-0.0000124875
1774188000000,-0.0000071344
1774191600000,-0.0000017923
1774195200000,-0.0000039418
1774198800000,-0.0000072514
1774202400000,-0.0000064917
1774206000000,-0.0000073259
1774209600000,-0.0000118441
1774213200000,-0.0000122332
1774216800000,-0.0000091597
1774220400000,0.0000078557
1774224000000,0.0000046081
1774227600000,0.0000038132
1774231200000,0.0000063258
1774234800000,0.000000479
1774238400000,-0.0000011127
1774242000000,0.0000058101
1774245600000,0.0000032128
1774249200000,0.0000048995
1774252800000,0.0000034881
1774256400000,0.0000025011
1774260000000,0.000008833
1774263600000,0.0000067721
1774267200000,0.0000125
1774270800000,-0.0000006607
1774274400000,0.0000086443
1774278000000,-0.0000101033
1774281600000,-0.0000084183
1774285200000,0.0000015115
1774288800000,-0.000003289
1774292400000,-0.0000108936
1774296000000,-0.0000122164
1774299600000,-0.0000018801
1774303200000,0.0000029838
1774306800000,-0.0000075375
1774310400000,0.0000051478
1774314000000,0.0000003681
1774317600000,-0.0000005253
1774321200000,-0.0000024235
1774324800000,0.000001898
1774328400000,0.0000040513
1774332000000,-0.0000000947
1774335600000,0.000007069
1774339200000,0.0000118603
1774342800000,0.0000114414
1774346400000,0.0000112761
1774350000000,0.0000053996
1774353600000,0.0000036644
1774357200000,0.000008142
1774360800000,-0.0000043082
1774364400000,0.000001807
1774368000000,0.0000125
1774371600000,0.0000054458
1774375200000,0.0000016766
1774378800000,0.0000125
1774382400000,0.0000125
1774386000000,0.0000125
1774389600000,0.0000125
1774393200000,0.0000125
1774396800000,0.0000125
1774400400000,0.0000125
1774404000000,0.0000125
1774407600000,0.0000125
1774411200000,0.0000125
1774414800000,0.0000125
1774418400000,0.0000125
1774422000000,0.0000125
1774425600000,0.0000125
1774429200000,0.0000125
1774432800000,0.0000079959
1774436400000,0.0000044183
1774440000000,0.0000125
1774443600000,0.0000125
1774447200000,0.0000125
1774450800000,0.0000125
1774454400000,0.0000125
1774458000000,0.0000125
1774461600000,0.0000104689
1774465200000,0.0000085923
1774468800000,0.0000111853
1774472400000,0.000006614
1774476000000,0.0000082044
1774479600000,0.0000068248
1774483200000,0.0000065523
1774486800000,0.0000074243
1774490400000,0.0000064787
1774494000000,0.0000052167
1774497600000,0.0000044944
1774501200000,-0.0000033895
1774504800000,-0.0000053482
1774508400000,0.0000091699
1774512000000,0.0000045761
1774515600000,0.0000046583
1774519200000,-0.0000005652
1774522800000,-0.0000004559
1774526400000,-0.0000070203
1774530000000,0.0000008543
1774533600000,0.0000106685
1774537200000,0.0000125
1774540800000,0.0000125
1774544400000,0.0000125
1774548000000,0.0000125
1774551600000,0.0000125
1774555200000,0.0000125
1774558800000,0.0000125
1774562400000,0.0000125
1774566000000,0.0000125
1774569600000,0.0000125
1774573200000,0.0000125
1774576800000,0.0000125
1774580400000,0.0000125
1774584000000,0.0000122543
1774587600000,0.0000052236
1774591200000,0.0000049013
1774594800000,0.0000069427
1774598400000,0.000008284
1774602000000,0.0000008003
1774605600000,0.0000037928
1774609200000,0.0000051628
1774612800000,0.0000125
1774616400000,0.0000117845
1774620000000,0.0000090044
1774623600000,0.0000125
1774627200000,0.0000125
1774630800000,0.0000125
1774634400000,0.0000125
1774638000000,0.0000125
1774641600000,0.0000125
1774645200000,0.0000125
1774648800000,0.0000125
1774652400000,0.0000125
1774656000000,0.0000125
1774659600000,0.0000125
1774663200000,0.0000094371
1774666800000,0.0000074705
1774670400000,0.0000118226
1774674000000,0.0000123005
1774677600000,0.0000125
1774681200000,0.0000125
1774684800000,0.0000125
1774688400000,0.0000125
1774692000000,0.0000125
1774695600000,0.0000125
1774699200000,0.0000125
1774702800000,0.0000125
1774706400000,0.0000125
1774710000000,0.0000125
1774713600000,0.0000125
1774717200000,0.0000125
1774720800000,0.0000125
1774724400000,0.0000125
1774728000000,0.0000125
1774731600000,0.0000125
1774735200000,0.0000125
1774738800000,0.0000125
1774742400000,0.0000125
1774746000000,0.0000125
1774749600000,0.0000125
1774753200000,0.0000125
1774756800000,0.0000125
1774760400000,0.0000125
1774764000000,0.0000125
1774767600000,0.0000125
1774771200000,0.0000125
1774774800000,0.0000125
1774778400000,0.0000115721
1774782000000,0.0000102047
1774785600000,0.0000125
1774789200000,0.0000116262
1774792800000,0.000008286
1774796400000,0.0000056677
1774800000000,0.0000021557
1774803600000,0.0000025916
1774807200000,0.0000005203
1774810800000,0.000000575
1774814400000,0.0000056449
1774818000000,0.0000033764
1774821600000,0.0000057004
1774825200000,-0.0000052228
1774828800000,-0.0000157495
1774832400000,-0.000004543
1774836000000,0.0000009377
1774839600000,0.0000020451
1774843200000,0.0000062285
1774846800000,0.0000039169
1774850400000,0.0000003106
1774854000000,0.0000033157
1774857600000,0.0000075939
1774861200000,-0.0000037834
1774864800000,-0.0000052841
1774868400000,-0.0000061739
1774872000000,-0.0000077824
1774875600000,-0.0000082398
1774879200000,-0.0000163514
1774882800000,-0.0000159454
1774886400000,-0.000011154
1774890000000,-0.0000157942
1774893600000,-0.0000055803
1774897200000,-0.000000149
1774900800000,-0.0000074268
1774904400000,-0.0000060769
1774908000000,-0.0000077604
1774911600000,-0.0000052778
1774915200000,-0.000010189
1774918800000,-0.0000066604
1774922400000,0.0000047264
1774926000000,0.0000021244
1774929600000,-0.0000003865
1774933200000,-0.0000012769
1774936800000,-0.0000008188
1774940400000,-0.0000015006
1774944000000,0.0000009724
1774947600000,0.0000004704
1774951200000,-0.0000032971
1774954800000,-0.000010542
1774958400000,-0.0000035158
1774962000000,0.0000002504
1774965600000,-0.0000020374
1774969200000,0.0000036033
1774972800000,-0.000005812
1774976400000,-0.0000043957
1774980000000,-0.0000151231
1774983600000,-0.0000168316
1774987200000,-0.0000173939
1774990800000,-0.0000172815
1774994400000,-0.0000106528
1774998000000,-0.0000158361
1775001600000,-0.0000065066
1775005200000,-0.0000098538
1775008800000,-0.0000099308
1775012400000,-0.0000076419
1775016000000,-0.0000049621
1775019600000,0.000006439
1775023200000,0.000009831
1775026800000,0.0000064121
1775030400000,0.0000013418
1775034000000,0.0000016294
1775037600000,0.0000043789
1775041200000,-0.0000043524
1775044800000,-0.0000019792
1775048400000,-0.000004961
1775052000000,-0.0000135247
1775055600000,-0.0000116614
1775059200000,-0.0000113304
1775062800000,-0.0000124711
1775066400000,-0.0000135994
1775070000000,-0.0000027873
1775073600000,-0.0000029708
1775077200000,-0.0000122902
1775080800000,-0.0000025444
1775084400000,-0.0000061896
1775088000000,-0.000004974
1775091600000,-0.0000008481
1775095200000,-0.0000128285
1775098800000,-0.0000170213
1775102400000,-0.0000184969
1775106000000,-0.0000207213
1775109600000,-0.0000167052
1775113200000,-0.0000081483
1775116800000,-0.0000156101
1775120400000,-0.0000187101
1775124000000,-0.0000161506
1775127600000,-0.0000176351
1775131200000,-0.000017389
1775134800000,-0.000014819
1775138400000,-0.0000077121
1775142000000,-0.0000115098
1775145600000,-0.000018183
1775149200000,-0.0000166116
1775152800000,-0.0000186432
1775156400000,-0.0000067795
1775160000000,-0.0000129105
1775163600000,-0.0000073098
1775167200000,-0.000012129
1775170800000,-0.0000052031
1775174400000,-0.0000034961
1775178000000,-0.000008756
1775181600000,-0.0000117438
1775185200000,-0.0000094356
1775188800000,-0.0000041648
1775192400000,-0.0000019187
1775196000000,-0.0000053898
1775199600000,-0.0000039951
1775203200000,0.0000021797
1775206800000,0.0000023172
1775210400000,-0.0000012668
1775214000000,-0.0000020454
1775217600000,0.000002571
1775221200000,-0.0000034859
1775224800000,0.0000021759
1775228400000,0.0000021913
1775232000000,-0.0000002439
1775235600000,0.0000073292
1775239200000,0.0000005586
1775242800000,0.0000000176
1775246400000,-0.0000050635
1775250000000,0.0000016223
1775253600000,0.0000065192
1775257200000,0.0000002048
1775260800000,-0.0000043767
1775264400000,0.0000023824
1775268000000,-0.0000033649
1775271600000,-0.0000093546
1775275200000,-0.0000078242
1775278800000,-0.0000031582
1775282400000,0.0000010787
1775286000000,-0.0000013441
1775289600000,-0.0000074463
1775293200000,-0.0000099428
1775296800000,-0.0000065787
1775300400000,-0.0000019715
1775304000000,-0.0000046206
1775307600000,-0.0000025731
1775311200000,-0.000013549
1775314800000,-0.0000203073
1775318400000,-0.0000187294
1775322000000,-0.000020357
1775325600000,-0.000013946
1775329200000,-0.0000136321
1775332800000,-0.0000051592
1775336400000,-0.0000093827
1775340000000,-0.0000130313
1775343600000,-0.0000096876
1775347200000,-0.0000128064
1775350800000,-0.0000170056
1775354400000,-0.0000173362
1775358000000,-0.0000137947
1775361600000,-0.0000146677
1775365200000,-0.0000104796
1775368800000,-0.0000156392
1775372400000,-0.0000105732
1775376000000,-0.0000263455
1775379600000,-0.0000283484
1775383200000,-0.0000245441
1775386800000,-0.0000203716
1775390400000,-0.0000233904
1775394000000,-0.000024988
1775397600000,-0.0000160002
1775401200000,-0.0000177249
1775404800000,-0.0000122883
1775408400000,-0.0000187636
1775412000000,-0.0000189504
1775415600000,-0.0000129609
1775419200000,-0.0000147376
1775422800000,-0.0000123999
1775426400000,-0.0000183538
1775430000000,-0.000010037
1775433600000,-0.0000098878
1775437200000,-0.000001008
1775440800000,0.0000029207
1775444400000,0.0000063027
1775448000000,0.0000025927
1775451600000,0.0000009294
1775455200000,0.0000032501
1775458800000,0.000001401
1775462400000,0.0000061694
1775466000000,0.0000109716
1775469600000,0.0000120199
1775473200000,0.0000125
1775476800000,0.0000011844
1775480400000,0.0000018709
1775484000000,0.000002373
1775487600000,0.0000017327
1775491200000,0.0000005337
1775494800000,-0.0000114632
1775498400000,-0.0000107763
1775502000000,-0.0000110744
1775505600000,-0.0000085887
1775509200000,-0.0000045799
1775512800000,-0.0000110394
1775516400000,-0.0000146985
1775520000000,0.0000026848
1775523600000,-0.000006154
1775527200000,-0.0000105452
1775530800000,-0.0000018383
1775534400000,0.0000046691
1775538000000,0.0000006365
1775541600000,-0.000001351
1775545200000,0.0000030901
1775548800000,0.0000053322
1775552400000,0.0000075588
1775556000000,0.0000103327
1775559600000,-0.0000025651
1775563200000,0.0000008904
1775566800000,0.0000019494
1775570400000,-0.0000026877
1775574000000,-0.0000021088
1775577600000,0.0000048385
1775581200000,0.0000028201
1775584800000,0.000004277
1775588400000,0.000007655
1775592000000,0.0000092327
1775595600000,0.0000125
1775599200000,0.0000125
1775602800000,0.0000125
1775606400000,0.0000125
1775610000000,0.0000125
1775613600000,0.0000125
1775617200000,0.0000125
1775620800000,0.0000125
1775624400000,0.0000125
1775628000000,0.0000125
1775631600000,0.0000125
1775635200000,0.0000125
1775638800000,0.0000125
1775642400000,0.0000125
1775646000000,0.0000125
1775649600000,0.0000125
1775653200000,0.0000125
1775656800000,0.0000125
1775660400000,0.0000125
1775664000000,0.0000125
1775667600000,0.0000125
1775671200000,0.0000125
1775674800000,0.0000034689
1775678400000,0.0000020265
1775682000000,-0.0000018857
1775685600000,0.0000014503
1775689200000,0.0000000667
1775692800000,0.0000006955
1775696400000,-0.0000029114
1775700000000,0.0000064058
1775703600000,0.0000068484
1775707200000,0.0000044593
1775710800000,0.0000033565
1775714400000,0.0000037106
1775718000000,0.0000050594
1775721600000,-0.0000021414
1775725200000,0.0000041051
1775728800000,0.0000000256
1775732400000,-0.000001088
1775736000000,-0.000010912
1775739600000,-0.0000080506
1775743200000,-0.0000117356
1775746800000,-0.0000029466
1775750400000,0.0000091331
1775754000000,0.0000064545
1775757600000,0.0000068748
1775761200000,-0.000002006
1775764800000,0.000012403
1775768400000,0.0000125
1775772000000,0.0000125
1775775600000,0.0000125
1775779200000,0.0000109263
1775782800000,0.0000125
1775786400000,0.0000125
1775790000000,0.0000125
1775793600000,0.0000124855
1775797200000,0.0000125
1775800800000,0.0000125
1775804400000,0.0000125
1775808000000,0.0000125
1775811600000,0.0000125
1775815200000,0.0000125
1775818800000,0.0000125
1775822400000,0.0000125
1775826000000,0.0000125
1775829600000,0.0000118947
1775833200000,0.0000066363
1775836800000,0.0000006922
1775840400000,0.0000086392
1775844000000,0.0000039722
1775847600000,0.000005727
1775851200000,-0.0000026853
1775854800000,-0.0000038061
1775858400000,-0.0000005458
1775862000000,0.000004277
1775865600000,0.0000046499
1775869200000,0.0000095494
1775872800000,0.0000087099
1775876400000,0.0000116345
1775880000000,0.0000113298
1775883600000,0.0000095026
1775887200000,0.0000078637
1775890800000,0.0000115181
1775894400000,0.0000125
1775898000000,0.0000125
1775901600000,0.0000125
1775905200000,0.0000100413
1775908800000,0.0000125
1775912400000,0.0000125
1775916000000,0.0000125
1775919600000,0.0000122872
1775923200000,0.0000110529
1775926800000,0.0000125
1775930400000,0.0000125
1775934000000,0.0000125
1775937600000,0.0000125
1775941200000,0.0000125
1775944800000,0.0000125
1775948400000,0.0000125
1775952000000,0.0000125
1775955600000,0.0000125
1775959200000,0.0000115972
1775962800000,-0.0000009639
1775966400000,0.0000006559
1775970000000,0.0000057136
1775973600000,0.0000050413
1775977200000,0.0000013929
1775980800000,-0.0000042964
1775984400000,0.0000008785
1775988000000,0.0000016313
1775991600000,0.0000021298
1775995200000,0.0000038558
1775998800000,0.0000022916
1776002400000,0.0000020863
1776006000000,0.0000040129
1776009600000,0.0000051847
1776013200000,0.0000032047
1776016800000,0.0000040099
1776020400000,0.0000042025
1776024000000,-0.0000000327
1776027600000,-0.0000085725
1776031200000,-0.0000078976
1776034800000,0.0000007068
1776038400000,0.0000030638
1776042000000,0.0000063351
1776045600000,0.0000055078
1776049200000,0.0000086731
1776052800000,0.0000054905
1776056400000,0.0000017395
1776060000000,-0.0000015848
1776063600000,0.0000089837
1776067200000,0.0000041716
1776070800000,0.0000043437
1776074400000,0.0000040844
1776078000000,0.0000027186
1776081600000,0.0000046852
1776085200000,0.0000055829
1776088800000,0.0000125
1776092400000,-0.0000040823
1776096000000,-0.0000109187
1776099600000,-0.0000027289
1776103200000,-0.0000068759
1776106800000,-0.0000027777
1776110400000,-0.0000045367
1776114000000,-0.0000243527
1776117600000,-0.0000082912
1776121200000,0.0000120594
1776124800000,0.0000125
1776128400000,0.0000125
1776132000000,0.0000125
1776135600000,0.0000125
1776139200000,0.0000125
1776142800000,0.0000125
1776146400000,0.0000125
1776150000000,0.0000125
1776153600000,0.0000125
1776157200000,0.000008387
1776160800000,-0.0000080086
1776164400000,-0.0000098733
1776168000000,-0.0000034099
1776171600000,-0.0000043025
1776175200000,-0.0000001139
1776178800000,-0.0000232732
1776182400000,-0.0000240632
1776186000000,-0.0000437798
1776189600000,-0.0000341474
1776193200000,-0.0000321675
1776196800000,-0.0000304334
1776200400000,-0.0000373029
1776204000000,-0.0000387815
1776207600000,-0.00002156
1776211200000,-0.0000160079
1776214800000,-0.0000141059
1776218400000,-0.0000153487
1776222000000,-0.0000161713
1776225600000,-0.0000144376
1776229200000,-0.0000051385
1776232800000,-0.0000130892
1776236400000,-0.0000148697
1776240000000,-0.0000143471
1776243600000,-0.0000034245
1776247200000,-0.000013056
1776250800000,-0.000007343
1776254400000,-0.0000079024
1776258000000,-0.0000005641
1776261600000,0.000000529
1776265200000,0.0000018175
1776268800000,-0.0000016432
1776272400000,-0.0000019967
1776276000000,-0.0000006709
1776279600000,0.0000004184
1776283200000,-0.0000036571
1776286800000,-0.0000144736
1776290400000,-0.0000112141
1776294000000,-0.0000056304
1776297600000,-0.0000068305
1776301200000,-0.0000036102
1776304800000,-0.0000107555
1776308400000,-0.0000049071
1776312000000,-0.0000010613
1776315600000,-0.0000004679
1776319200000,0.0000031269
1776322800000,0.0000052702
1776326400000,0.0000018609
1776330000000,0.0000006911
1776333600000,0.0000006716
1776337200000,-0.0000030758
1776340800000,-0.0000154264
1776344400000,-0.0000162719
1776348000000,-0.0000065127
1776351600000,-0.0000091331
1776355200000,0.0000012307
1776358800000,0.0000025235
1776362400000,0.0000029733
1776366000000,0.0000098641
1776369600000,0.0000111566
1776373200000,0.0000032671
1776376800000,-0.0000004801
1776380400000,0.0000003268
1776384000000,0.0000067867
1776387600000,0.0000083384
1776391200000,0.0000022463
1776394800000,0.0000040032
1776398400000,0.0000072651
1776402000000,0.0000058203
1776405600000,0.0000017514
1776409200000,0.0000044795
1776412800000,0.0000072612
1776416400000,-0.0000000357
1776420000000,-0.0000020019
1776423600000,-0.0000116745
1776427200000,-0.0000128326
1776430800000,-0.0000056944
1776434400000,0.0000006622
1776438000000,-0.0000084281
1776441600000,-0.0000220303
1776445200000,-0.0000265216
1776448800000,-0.0000155055
1776452400000,-0.0000122773
1776456000000,-0.000011946
1776459600000,-0.000022665
1776463200000,-0.0000111584
1776466800000,-0.0000126582
1776470400000,-0.000018937
1776474000000,-0.0000163757
1776477600000,-0.0000150709
1776481200000,-0.0000144502
1776484800000,-0.000012034
1776488400000,-0.0000073326
1776492000000,-0.000010466
1776495600000,-0.0000054072
1776499200000,0.0000012496
1776502800000,0.0000000003
1776506400000,-0.0000149217
1776510000000,-0.0000026218
1776513600000,-0.0000003803
1776517200000,0.0000021438
1776520800000,0.000000728
1776524400000,0.0000003008
1776528000000,-0.0000058545
1776531600000,-0.0000071123
1776535200000,-0.0000085786
1776538800000,-0.0000245205
1776542400000,-0.0000246542
1776546000000,-0.0000176829
1776549600000,-0.0000217784
1776553200000,-0.0000212517
1776556800000,-0.0000195831
1776560400000,-0.0000206578
1776564000000,-0.0000147201
1776567600000,-0.000008834
1776571200000,-0.0000077053
1776574800000,-0.0000066869
1776578400000,-0.0000057351
1776582000000,-0.0000116717
1776585600000,-0.0000083646
1776589200000,0.0000037529
1776592800000,-0.0000063134
1776596400000,-0.0000002008
1776600000000,0.0000046254
1776603600000,-0.0000058242
1776607200000,-0.0000021583
1776610800000,-0.0000010497
1776614400000,0.0000000069
1776618000000,-0.0000046187
1776621600000,-0.0000135901
1776625200000,-0.0000129344
1776628800000,0.0000016594
1776632400000,-0.0000010674
1776636000000,-0.0000017233
1776639600000,-0.0000051759
1776643200000,-0.0000115768
1776646800000,-0.0000052337
1776650400000,0.0000004811
1776654000000,-0.0000006557
1776657600000,0.0000011004
1776661200000,0.0000033371
1776664800000,-0.0000033659
1776668400000,0.0000057433
1776672000000,0.0000063816
1776675600000,0.0000009662
1776679200000,0.0000039129
1776682800000,0.0000027763
1776686400000,0.0000012144
1776690000000,0.0000069385
1776693600000,0.0000047016
1776697200000,0.000001759
1776700800000,-0.0000052834
1776704400000,0.0000012074
1776708000000,0.0000050884
1776711600000,0.0000007135
1776715200000,-0.0000003598
1776718800000,-0.0000061433
1776722400000,-0.0000086099
1776726000000,-0.0000049213
1776729600000,-0.0000042796
1776733200000,0.0000005003
1776736800000,-0.0000006252
1776740400000,-0.000014909
1776744000000,-0.0000101314
1776747600000,-0.0000064913
1776751200000,-0.0000017794
1776754800000,-0.0000011472
1776758400000,0.0000064308
1776762000000,0.0000113966
1776765600000,0.0000072758
1776769200000,0.0000073231
1776772800000,0.0000064864
1776776400000,-0.0000086966
1776780000000,-0.0000038335
1776783600000,0.0000075293
1776787200000,0.0000024154
1776790800000,0.0000006001
1776794400000,-0.0000044201
1776798000000,-0.0000059455
1776801600000,-0.0000024844
1776805200000,-0.0000006336
1776808800000,-0.0000054229
1776812400000,0.0000002428
1776816000000,0.0000085382
1776819600000,0.0000046815
1776823200000,0.000004157
1776826800000,0.0000043831
1776830400000,0.0000011375
1776834000000,0.0000035519
1776837600000,-0.0000079415
1776841200000,-0.0000102192
1776844800000,-0.0000080115
1776848400000,-0.0000056438
1776852000000,-0.0000054011
1776855600000,-0.0000082504
1776859200000,-0.0000023542
1776862800000,-0.0000112012
1776866400000,-0.0000040037
1776870000000,-0.0000033737
1776873600000,-0.0000058456
1776877200000,-0.000013976
1776880800000,-0.000012626
1776884400000,-0.0000059257
1776888000000,-0.0000144315
1776891600000,-0.0000213484
1776895200000,-0.0000079414
1776898800000,-0.0000040123
1776902400000,-0.000007984
1776906000000,0.000000792
1776909600000,0.0000040375
1776913200000,0.0000043222
1776916800000,0.0000081845
1776920400000,0.0000102671
1776924000000,0.0000095632
1776927600000,0.0000058638
1776931200000,0.0000033378
1776934800000,0.0000104809
1776938400000,0.0000063108
1776942000000,0.0000046679
1776945600000,0.0000018035
1776949200000,0.0000031055
1776952800000,0.0000004585
1776956400000,0.0000125
1776960000000,0.0000106375
1776963600000,-0.0000012234
1776967200000,-0.0000081764
1776970800000,0.0000028995
1776974400000,0.000009066
1776978000000,0.0000125
1776981600000,0.0000125
1776985200000,0.0000125
1776988800000,0.0000125
1776992400000,0.0000125
1776996000000,0.0000125
1776999600000,0.0000124002
1777003200000,0.0000119255
1777006800000,0.0000125
1777010400000,0.0000125
1777014000000,0.0000125
1777017600000,0.0000125
1777021200000,0.0000125
1777024800000,0.0000125
1777028400000,0.0000125
1777032000000,0.0000125
1777035600000,0.0000111146
1777039200000,0.0000074312
1777042800000,0.0000027022
1777046400000,0.0000115939
1777050000000,0.0000125
1777053600000,0.000009129
1777057200000,0.0000042975
1777060800000,0.000004826
1777064400000,0.0000122308
1777068000000,0.0000105011
1777071600000,0.0000076354
1777075200000,0.0000092602
1777078800000,0.0000094427
1777082400000,0.0000109257
1777086000000,0.0000047607
1777089600000,0.0000050728
1777093200000,0.0000118059
1777096800000,0.0000003809
1777100400000,0.0000026398
1777104000000,0.0000066614
1777107600000,0.0000125
1777111200000,0.0000125
1777114800000,0.0000125
1777118400000,0.0000079738
1777122000000,0.0000027242
1777125600000,0.0000125
1777129200000,0.0000125
1777132800000,0.0000125
1777136400000,0.0000072021
1777140000000,0.0000081781
1777143600000,0.0000032784
1777147200000,0.0000029444
1777150800000,0.0000123797
1777154400000,0.0000028339
1777158000000,0.0000071756
1777161600000,0.0000028836
1777165200000,0.0000025538
1777168800000,0.0000002941
1777172400000,0.0000009681
1777176000000,-0.000001977
1777179600000,-0.0000006782
1777183200000,0.0000026556
1777186800000,0.0000038881
1777190400000,0.0000057357
1777194000000,0.0000005353
1777197600000,0.0000043145
1777201200000,0.0000096345
1777204800000,0.0000073445
1777208400000,0.000002655
1777212000000,0.0000006038
1777215600000,0.0000073093
1777219200000,0.0000007106
1777222800000,0.0000007622
1777226400000,0.0000070518
1777230000000,0.0000045948
1777233600000,0.0000081528
1777237200000,0.0000058032
1777240800000,0.0000026561
1777244400000,0.0000006081
1777248000000,0.0000040103
1777251600000,0.000007825
1777255200000,0.0000061473
1777258800000,0.0000012478
1777262400000,-0.0000016428
1777266000000,-0.0000029354
1777269600000,0.0000092603
1777273200000,0.0000125
1777276800000,0.000009002
1777280400000,0.0000072833
1777284000000,0.000011172
1777287600000,0.0000086461
1777291200000,0.0000125
1777294800000,0.0000125
1777298400000,0.0000034716
1777302000000,0.0000053998
1777305600000,0.0000084627
1777309200000,0.0000044239
1777312800000,0.0000034319
1777316400000,0.000005495
1777320000000,-0.0000014166
1777323600000,-0.0000080466
1777327200000,-0.0000092056
1777330800000,-0.000001124
1777334400000,-0.0000010881
1777338000000,-0.0000071606
1777341600000,-0.0000101968
1777345200000,-0.0000054281
1777348800000,-0.0000026243
1777352400000,-0.0000017682
1777356000000,-0.0000036477
1777359600000,-0.0000043761
1777363200000,-0.0000132948
1777366800000,-0.0000069104
1777370400000,-0.0000143761
1777374000000,-0.0000138067
1777377600000,-0.0000118926
1777381200000,-0.0000008701
1777384800000,-0.0000000192
1777388400000,0.0000037749
1777392000000,0.0000000267
1777395600000,0.0000041195
1777399200000,0.0000044779
1777402800000,0.0000030207
1777406400000,0.0000056686
1777410000000,0.0000067457
1777413600000,0.0000060014
1777417200000,0.0000039179
1777420800000,0.0000032327
1777424400000,0.0000033007
1777428000000,0.0000009372
1777431600000,-0.0000093058
1777435200000,-0.0000050917
1777438800000,-0.000006487
1777442400000,-0.000011054
1777446000000,-0.0000097464
1777449600000,-0.0000095054
1777453200000,-0.0000147919
1777456800000,-0.0000079623
1777460400000,-0.0000166331
1777464000000,-0.0000125314
1777467600000,-0.0000114954
1777471200000,-0.0000087559
1777474800000,0.0000055932
1777478400000,0.0000032908
1777482000000,0.0000031086
1777485600000,0.0000050997
1777489200000,0.0000123142
1777492800000,0.0000092697
1777496400000,0.0000095956
1777500000000,0.0000059297
1777503600000,-0.0000066458
1777507200000,-0.0000108545
1777510800000,-0.0000051244
1777514400000,0.0000024361
1777518000000,-0.000005767
1777521600000,-0.000008246
1777525200000,-0.0000090129
1777528800000,0.0000023548
1777532400000,0.00000162
1777536000000,0.0000115238
1777539600000,0.0000116101
1777543200000,-0.0000003029
1777546800000,-0.0000061245
1777550400000,-0.0000073776
1777554000000,-0.0000037274
1777557600000,-0.0000067416
1777561200000,-0.0000107591
1777564800000,0.0000000984
1777568400000,-0.0000108569
1777572000000,-0.0000087976
1777575600000,-0.0000042398
1777579200000,-0.0000041576
1777582800000,-0.0000097388
1777586400000,-0.0000119657
1777590000000,-0.0000154515
1777593600000,-0.0000086543
1777597200000,-0.0000085919
1777600800000,-0.0000065515
1777604400000,-0.0000122214
1777608000000,-0.0000106129
1777611600000,-0.0000085227
1777615200000,-0.0000000715
1777618800000,-0.0000044707
1777622400000,0.0000005068
1777626000000,0.0000013802
1777629600000,-0.0000057948
1777633200000,-0.0000038601
1777636800000,0.0000024091
1777640400000,0.0000026167
1777644000000,-0.0000054708
1777647600000,-0.0000022769
1777651200000,-0.000007963
1777654800000,-0.0000124216
1777658400000,-0.000009082
1777662000000,-0.0000094825
1777665600000,-0.0000075953
1777669200000,-0.0000121606
1777672800000,-0.0000140194
1777676400000,-0.0000162659
1777680000000,-0.0000127207
1777683600000,-0.0000072342
1777687200000,-0.0000056858
1777690800000,-0.0000070227
1777694400000,-0.0000019129
1777698000000,-0.0000035117
1777701600000,-0.0000128657
1777705200000,-0.0000046017
1777708800000,0.0000061381
1777712400000,0.000005626
1777716000000,-0.0000010802
1777719600000,-0.0000028316
1777723200000,-0.0000015557
1777726800000,0.0000024668
1777730400000,0.0000006827
1777734000000,-0.000003889
1777737600000,-0.0000003912
1777741200000,-0.000002081
1777744800000,-0.0000023529
1777748400000,0.0000019205
1777752000000,0.0000107283
1777755600000,0.0000077272
1777759200000,0.00000923
1777762800000,0.0000089491
1777766400000,0.0000113842
1777770000000,0.0000103
1777773600000,0.0000069687
1777777200000,0.0000009547
1777780800000,0.0000048385
1777784400000,0.0000003122
1777788000000,0.0000004673
1777791600000,-0.0000005505
1777795200000,0.0000050517
1777798800000,0.0000087945
1777802400000,0.0000125
1777806000000,0.0000041431
1777809600000,0.0000059225
1777813200000,0.0000039716
1777816800000,0.0000081589
1777820400000,0.000009938
1777824000000,0.0000059954
1777827600000,0.0000095109
1777831200000,0.0000125
1777834800000,0.0000027895
1777838400000,0.0000054428
1777842000000,0.0000106337
1777845600000,0.0000117005
1777849200000,0.0000081008
1777852800000,-0.0000015458
1777856400000,0.0000026322
1777860000000,0.000005354
1777863600000,0.0000024323
1777867200000,-0.00000185
1777870800000,-0.0000101708
1777874400000,-0.0000081725
1777878000000,-0.0000084629
1777881600000,-0.0000007121
1777885200000,0.0000029908
1777888800000,0.0000031452
1777892400000,0.0000047913
1777896000000,0.000003137
1777899600000,0.0000064108
1777903200000,0.0000028133
1777906800000,0.0000033074
1777910400000,-0.0000074756
1777914000000,-0.0000086374
1777917600000,-0.000014091
1777921200000,-0.0000155014
1777924800000,-0.0000091766
1777928400000,-0.0000167224
1777932000000,-0.0000053649
1777935600000,-0.0000068027
1777939200000,-0.0000132818
1777942800000,-0.000009071
1777946400000,-0.0000037253
1777950000000,-0.0000039228
1777953600000,-0.0000006521
1777957200000,0.0000017407
1777960800000,0.0000025697
1777964400000,-0.0000061987
1777968000000,0.0000074186
1777971600000,0.0000052941
1777975200000,0.0000078924
1777978800000,0.0000125
1777982400000,0.0000125
1777986000000,0.0000125
1777989600000,0.0000125
1777993200000,0.0000078288
1777996800000,0.0000066353
1778000400000,-0.0000017766
1778004000000,0.0000096091
1778007600000,0.0000092567
1778011200000,0.0000052501
1778014800000,0.0000022706
1778018400000,0.0000015171
1778022000000,-0.0000034166
1778025600000,-0.0000021595
1778029200000,0.0000054737
1778032800000,0.0000075586
1778036400000,0.0000036771
1778040000000,0.0000098715
1778043600000,0.0000066866
1778047200000,0.0000062725
1778050800000,0.0000125
1778054400000,0.0000125
1778058000000,0.0000125
1778061600000,0.0000125
1778065200000,0.0000125
1778068800000,0.0000125
1778072400000,0.0000091057
1778076000000,0.0000125
1778079600000,0.0000125
1778083200000,0.0000125
1778086800000,0.0000125
1778090400000,0.0000045611
1778094000000,0.0000047024
1778097600000,0.0000089554
1778101200000,0.0000110661
1778104800000,0.0000111553
1778108400000,0.0000015736
1778112000000,0.000010824
1778115600000,0.0000031512
1778119200000,0.0000091257
1778122800000,0.0000063751
1778126400000,0.0000025518
1778130000000,0.0000056172
1778133600000,0.0000020828
1778137200000,0.0000070447
1778140800000,-0.000000099
1778144400000,-0.0000047868
1778148000000,-0.0000081379
1778151600000,0.0000030121
1778155200000,0.0000046777
1778158800000,0.0000105195
1778162400000,0.0000049756
1778166000000,0.0000095045
1778169600000,0.0000125
1778173200000,0.0000125
1778176800000,0.0000125
1778180400000,0.0000125
1778184000000,0.0000125
1778187600000,0.0000119111
1778191200000,0.0000125
1778194800000,0.0000125
1778198400000,0.0000125
1778202000000,0.0000125
1778205600000,0.0000125
1778209200000,0.0000125
1778212800000,0.0000125
1778216400000,0.0000125
1778220000000,0.0000125
1778223600000,0.0000125
1778227200000,0.0000125
1778230800000,0.0000125
1778234400000,0.0000125
1778238000000,0.0000125
1778241600000,0.0000017726
1778245200000,0.000005338
1778248800000,0.0000116814
1778252400000,0.0000125
1778256000000,0.0000041508
1778259600000,-0.0000016897
1778263200000,0.0000125
1778266800000,0.0000117283
1778270400000,0.0000123143
1778274000000,0.0000125
1778277600000,0.0000108928
1778281200000,0.0000125
1778284800000,0.000002008
1778288400000,0.0000074556
1778292000000,0.0000125
1778295600000,0.0000125
1778299200000,0.0000125
1778302800000,0.0000125
1778306400000,0.0000125
1778310000000,0.0000125
1778313600000,0.0000076588
1778317200000,0.0000125
1778320800000,0.0000045403
1778324400000,-0.000003576
1778328000000,-0.0000046747
1778331600000,-0.000005512
1778335200000,-0.0000005498
1778338800000,0.0000013741
1778342400000,0.0000016485
1778346000000,-0.0000073878
1778349600000,-0.0000059184
1778353200000,-0.0000066263
1778356800000,-0.0000023483
1778360400000,-0.0000056011
1778364000000,-0.0000031322
1778367600000,-0.0000085359
1778371200000,-0.0000028119
1778374800000,0.0000098312
1778378400000,0.0000067765
1778382000000,0.0000125
1778385600000,0.0000125
1778389200000,0.0000107694
1778392800000,0.0000082464
1778396400000,0.0000032515
1778400000000,0.0000076449
1778403600000,0.0000125
1778407200000,0.0000125
1778410800000,0.0000125
1778414400000,0.0000125
1778418000000,0.0000125
1778421600000,0.0000125
1778425200000,0.0000125
1778428800000,0.000007143
1778432400000,-0.0000043195
1778436000000,-0.0000002526
1778439600000,-0.0000144456
1778443200000,-0.0000078364
1778446800000,-0.0000098017
1778450400000,-0.0000074146
1778454000000,-0.0000070402
1778457600000,-0.0000105134
1778461200000,-0.0000031931
1778464800000,0.0000123147
1778468400000,0.0000114273
1778472000000,0.0000125
1778475600000,0.0000125
1778479200000,0.0000125
1778482800000,0.0000125
1778486400000,0.0000125
1778490000000,0.0000125
1778493600000,0.0000125
1778497200000,0.0000125
1778500800000,0.0000125
1778504400000,0.0000109212
1778508000000,0.0000053955
1778511600000,0.0000035367
1778515200000,0.0000014768
1778518800000,-0.0000079383
1778522400000,-0.0000068107
1778526000000,-0.0000171154
1778529600000,-0.0000113319
1778533200000,-0.0000101097
1778536800000,-0.0000039111
1778540400000,0.0000002547
1778544000000,0.000000367
1778547600000,-0.000000559
1778551200000,0.0000084883
1778554800000,0.0000125
1778558400000,0.0000058877
1778562000000,0.0000125
1778565600000,0.0000125
1778569200000,0.0000125
1778572800000,0.0000125
1778576400000,0.0000125
1778580000000,0.0000093534
1778583600000,0.0000096926
1778587200000,0.0000113842
1778590800000,0.0000125
1778594400000,0.0000125
1778598000000,0.0000073834
1778601600000,0.000007724
1778605200000,0.0000119116
1778608800000,0.0000079866
1778612400000,0.0000087734
1778616000000,0.0000077228
1778619600000,0.0000037511
1778623200000,0.000005701
1778626800000,0.0000060822
1778630400000,0.000001901
1778634000000,0.0000038092
1778637600000,0.0000037046
1778641200000,0.000004097
1778644800000,0.0000125
1778648400000,0.0000125
1778652000000,0.0000125
1778655600000,0.0000026995
1778659200000,0.0000027501
1778662800000,0.0000105647
1778666400000,0.0000108062
1778670000000,0.0000023807
1778673600000,-0.0000059884
1778677200000,-0.0000056247
1778680800000,-0.0000029943
1778684400000,0.0000105952
1778688000000,0.0000101684
1778691600000,0.0000125
1778695200000,0.0000125
1778698800000,0.0000125
1778702400000,0.0000125
1778706000000,0.0000125
1778709600000,0.000000745
1778713200000,0.0000096563
1778716800000,0.0000086851
1778720400000,0.0000111347
1778724000000,0.000006977
1778727600000,0.0000125
1778731200000,-0.0000019439
1778734800000,0.0000038674
1778738400000,0.0000051534
1778742000000,0.0000016045
1778745600000,-0.0000031763
1778749200000,0.0000004484
1778752800000,0.0000061818
1778756400000,0.00000167
1778760000000,-0.0000132295
1778763600000,0.0000027875
1778767200000,0.0000055032
1778770800000,0.0000125
1778774400000,0.0000009097
1778778000000,-0.0000107705
1778781600000,-0.0000130133
1778785200000,-0.0000104595
1778788800000,-0.0000176938
1778792400000,-0.0000171239
1778796000000,-0.000008724
1778799600000,-0.000002223
1778803200000,-0.0000116656
1778806800000,-0.0000017085
1778810400000,0.0000016748
1778814000000,0.000000913
1778817600000,0.0000036117
1778821200000,-0.0000030418
1778824800000,0.000004868
1778828400000,0.0000051995
1778832000000,0.0000060314
1778835600000,0.0000019684
1778839200000,-0.0000015214
1778842800000,0.0000011098
1778846400000,0.0000059182
1778850000000,-0.0000044227
1778853600000,-0.000004626
1778857200000,0.0000109929
1778860800000,0.000012419
1778864400000,0.0000103105
1778868000000,0.0000036121
1778871600000,0.0000082589
1778875200000,0.0000018629
1778878800000,-0.0000034619
1778882400000,-0.0000137826
1778886000000,-0.0000116883
1778889600000,-0.0000078744
1778893200000,-0.0000049133
1778896800000,-0.0000098897
1778900400000,-0.000008912
1778904000000,-0.0000067341
1778907600000,-0.000009381
1778911200000,-0.0000067382
1778914800000,-0.0000133929
1778918400000,-0.0000216245
1778922000000,-0.0000206877
1778925600000,-0.0000243061
1778929200000,-0.0000228456
1778932800000,-0.0000195953
1778936400000,-0.000013076
1778940000000,-0.0000096171
1778943600000,-0.0000013189
1778947200000,0.0000021944
1778950800000,0.0000044934
1778954400000,0.0000021793
1778958000000,0.0000019731
1778961600000,0.0000059049
1778965200000,0.0000003817
1778968800000,0.0000048083
1778972400000,0.000005147
1778976000000,-0.0000024795
1778979600000,-0.000000501
1778983200000,-0.0000000179
1778986800000,0.0000013011
1778990400000,0.0000016434
1778994000000,0.0000027262
1778997600000,0.0000069489
1779001200000,-0.0000055421
1779004800000,0.0000014527
1779008400000,-0.0000079861
1779012000000,0.000001874
1779015600000,0.000003135
1779019200000,-0.0000047477
1779022800000,-0.0000003801
1779026400000,-0.0000060663
1779030000000,0.0000019548
1779033600000,0.0000022584
1779037200000,0.0000029588
1779040800000,-0.0000035823
1779044400000,-0.0000003456
1779048000000,0.0000067532
1779051600000,0.0000069539
1779055200000,0.0000077603
1779058800000,0.0000043331
1779062400000,0.0000092206
1779066000000,0.0000089834
1779069600000,0.0000102363
1779073200000,0.0000038911
1779076800000,0.0000038548
1779080400000,0.0000068438
1779084000000,0.0000046614
1779087600000,0.0000032605
1779091200000,0.000008384
1779094800000,0.0000041522
1779098400000,0.0000088751
1779102000000,0.00000647
1779105600000,0.0000054767
1779109200000,0.0000061083
1779112800000,0.0000022459
1779116400000,0.0000120047
1779120000000,0.0000125
1779123600000,0.0000125
1779127200000,0.0000125
1779130800000,0.0000125
1779134400000,0.0000125
1779138000000,0.0000125
1779141600000,0.0000125
1779145200000,0.0000125
1779148800000,0.0000125
1779152400000,0.0000125
1779156000000,0.0000125
1779159600000,0.0000125
1779163200000,0.0000125
1779166800000,0.0000125
1779170400000,0.0000125
1779174000000,0.0000125
1779177600000,0.0000125
1779181200000,0.0000125
1779184800000,0.0000125
1779188400000,0.0000125
1779192000000,0.0000125
1779195600000,0.0000125
1779199200000,0.0000125
1779202800000,0.0000125
1779206400000,0.0000125
1779210000000,0.0000125
1779213600000,0.0000125
1779217200000,0.0000125
1779220800000,0.0000125
1779224400000,0.0000125
1779228000000,0.0000125
1779231600000,0.0000125
1779235200000,0.0000125
1779238800000,0.0000125
1779242400000,0.0000125
1779246000000,0.0000125
1779249600000,0.0000125
1779253200000,0.0000125
1779256800000,0.0000125
1779260400000,0.0000125
1779264000000,0.0000125
1779267600000,0.0000125
1779271200000,0.0000125
1779274800000,0.0000125
1779278400000,0.0000125
1779282000000,0.0000125
1779285600000,0.0000125
1779289200000,0.0000125
1779292800000,0.0000125
1779296400000,0.0000125
1779300000000,0.0000125
1779303600000,0.0000125
1779307200000,0.0000125
1779310800000,0.0000125
1779314400000,0.0000125
1779318000000,0.0000125
1779321600000,0.0000125
1779325200000,0.0000125
1779328800000,0.0000125
1779332400000,0.0000125
1779336000000,0.0000125
1779339600000,0.0000125
1779343200000,0.0000125
1779346800000,0.0000125
1779350400000,0.0000083352
1779354000000,0.0000087189
1779357600000,0.0000123877
1779361200000,0.0000125
1779364800000,0.0000095863
1779368400000,0.0000110729
1779372000000,0.0000125
1779375600000,0.0000125
1779379200000,0.0000125
1779382800000,0.0000065216
1779386400000,0.0000036573
1779390000000,0.0000069793
1779393600000,0.0000054444
1779397200000,0.0000001051
1779400800000,0.0000114263
1779404400000,0.0000083784
1779408000000,0.0000125
1779411600000,0.0000125
1779415200000,0.0000097543
1779418800000,0.0000041607
1779422400000,0.0000045102
1779426000000,0.0000004351
1779429600000,0.0000075861
1779433200000,0.0000001233
1779436800000,-0.0000006626
1779440400000,0.0000085922
1779444000000,0.0000077404
1779447600000,0.0000125
1779451200000,0.0000055984
1779454800000,0.0000125
1779458400000,0.0000120482
1779462000000,0.0000125
1779465600000,0.0000125
1779469200000,0.0000125
1779472800000,0.0000125
1779476400000,0.0000125
1779480000000,0.0000021655
1779483600000,0.00000728
1779487200000,0.0000059325
1779490800000,0.000003502
1779494400000,0.0000050002
1779498000000,0.0000020787
1779501600000,0.0000057291
1779505200000,0.0000077506
1779508800000,0.0000036089
1779512400000,0.0000006903
1779516000000,-0.0000016118
1779519600000,-0.0000021594
1779523200000,-0.0000091124
1779526800000,-0.0000208867
1779530400000,-0.000005596
1779534000000,-0.0000080568
1779537600000,-0.0000009846
1779541200000,-0.0000045324
1779544800000,-0.0000095338
1779548400000,-0.0000076614
1779552000000,-0.000008868
1779555600000,-0.0000045889
1779559200000,-0.000011941
1779562800000,-0.0000068243
1779566400000,-0.0000012971
1779570000000,0.0000101237
1779573600000,0.0000041545
1779577200000,-0.0000033882
1779580800000,-0.0000005611
1779584400000,0.0000025762
1779588000000,0.0000034245
1779591600000,0.0000014553
1779595200000,0.0000021793
1779598800000,-0.0000036836
1779602400000,-0.0000098541
1779606000000,-0.0000033913
1779609600000,-0.0000030861
1779613200000,-0.0000004881
1779616800000,-0.0000008406
1779620400000,-0.0000030137
1779624000000,-0.0000015775
1779627600000,-0.0000170136
1779631200000,-0.0000148339
1779634800000,-0.0000271754
1779638400000,-0.00002278
1779642000000,-0.0000122377
1779645600000,-0.0000098801
1779649200000,-0.0000022394
1779652800000,-0.0000010739
1779656400000,-0.0000079926
1779660000000,-0.0000173874
1779663600000,-0.0000082655
1779667200000,-0.0000091668
1779670800000,-0.0000144236
1779674400000,-0.0000143348
1779678000000,-0.0000102071
1779681600000,-0.0000135135
1779685200000,-0.0000080466
1779688800000,-0.0000131974
1779692400000,-0.0000140893
1779696000000,-0.0000057273
1779699600000,-0.000006479
1779703200000,-0.000000709
1779706800000,-0.0000037622
1779710400000,-0.0000057306
1779714000000,-0.000007398
1779717600000,-0.0000059858
1779721200000,0.0000017844
1779724800000,-0.0000021913
1779728400000,-0.0000043452
1779732000000,0.0000044153
1779735600000,0.0000014435
1779739200000,-0.0000076608
1779742800000,-0.0000084495
1779746400000,-0.0000052877
1779750000000,-0.0000124409
1779753600000,-0.0000057953
1779757200000,-0.0000160665
1779760800000,-0.0000015185
1779764400000,-0.0000098197
1779768000000,-0.0000156584
1779771600000,-0.0000095404
1779775200000,-0.0000096089
1779778800000,-0.000011553
1779782400000,-0.0000204079
1779786000000,-0.0000166485
1779789600000,-0.0000156974
1779793200000,-0.000000983
1779796800000,0.0000005711
1779800400000,-0.0000052705
1779804000000,-0.0000001276
1779807600000,0.0000072281
1779811200000,0.0000045312
1779814800000,0.0000085791
1779818400000,0.0000086796
1779822000000,0.0000040306
1779825600000,0.000002768
1779829200000,-0.0000041012
1779832800000,-0.0000062499
1779836400000,-0.000015147
1779840000000,-0.0000001654
1779843600000,0.0000027521
1779847200000,0.0000007242
1779850800000,-0.0000046022
1779854400000,-0.0000014482
1779858000000,-0.0000161732
1779861600000,-0.0000155059
1779865200000,-0.0000063611
1779868800000,-0.0000093216
1779872400000,-0.0000097348
1779876000000,-0.000004509
1779879600000,0.0000002604
1779883200000,0.0000005279
1779886800000,-0.0000077071
1779890400000,-0.0000040765
1779894000000,0.0000062317
1779897600000,0.0000125
1779901200000,0.0000087601
1779904800000,0.0000090078
1779908400000,0.000003749
1779912000000,0.0000034406
1779915600000,0.0000040675
1779919200000,0.0000009511
1779922800000,0.0000112665
1779926400000,0.0000125
1779930000000,0.0000111591
1779933600000,0.0000028644
1779937200000,0.000002068
1779940800000,0.0000035838
1779944400000,0.0000125
1779948000000,0.0000036686
1779951600000,0.000003367
1779955200000,0.0000000224
1779958800000,0.0000052084
1779962400000,0.0000125
1779966000000,0.0000125
1779969600000,0.0000083803
1779973200000,0.0000099454
1779976800000,0.0000110385
1779980400000,0.0000125
1779984000000,0.0000125
1779987600000,0.0000125
1779991200000,0.0000125
1779994800000,0.0000125
1779998400000,0.0000125
1780002000000,0.0000125
1780005600000,0.0000125
1780009200000,0.0000125
1780012800000,0.0000125
1780016400000,0.0000125
1780020000000,0.0000125
1780023600000,0.0000125
1780027200000,0.0000103165
1780030800000,0.0000095423
1780034400000,0.0000125
1780038000000,0.0000060605
1780041600000,0.0000047455
1780045200000,0.0000088455
1780048800000,0.0000033539
1780052400000,-0.0000019171
1780056000000,-0.0000019044
1780059600000,0.0000014005
1780063200000,0.0000125
1780066800000,0.0000118994
1780070400000,0.0000125
1780074000000,0.0000125
1780077600000,0.0000125
1780081200000,0.0000049682
1780084800000,0.0000081
1780088400000,0.0000054359
1780092000000,0.0000023514
1780095600000,-0.000003242
1780099200000,-0.0000018447
1780102800000,0.0000026233
1780106400000,0.000004166
1780110000000,0.0000093895
1780113600000,0.000011291
1780117200000,0.0000000529
1780120800000,0.0000074375
1780124400000,0.0000049166
1780128000000,0.0000006697
1780131600000,0.0000114347
1780135200000,0.0000010832
1780138800000,0.0000125
1780142400000,0.0000104263
1780146000000,0.0000125
1780149600000,0.0000125
1780153200000,0.0000125
1780156800000,0.0000076213
1780160400000,0.0000016045
1780164000000,0.0000036157
1780167600000,0.0000053855
1780171200000,0.0000021532
1780174800000,0.0000020342
1780178400000,0.0000075672
1780182000000,0.0000058608
1780185600000,0.0000072215
1780189200000,0.0000125
1780192800000,0.0000114157
1780196400000,0.0000015067
1780200000000,0.0000087142
1780203600000,0.0000125
1780207200000,0.0000125
1780210800000,0.0000106234
1780214400000,0.0000121651
1780218000000,0.0000125
1780221600000,0.0000125
1780225200000,0.0000104036
1780228800000,0.0000116316
1780232400000,0.0000086493
1780236000000,0.0000072069
1780239600000,0.0000125
1780243200000,0.0000125
1780246800000,0.0000125
1780250400000,0.0000125
1780254000000,0.0000125
1780257600000,0.0000125
1780261200000,0.0000125
1780264800000,0.0000125
1780268400000,0.0000125
1780272000000,0.0000125
1780275600000,0.0000125
1780279200000,0.0000125
1780282800000,0.0000125
1780286400000,0.0000125
1780290000000,0.0000125
1780293600000,0.0000125
1780297200000,0.0000125
1780300800000,0.0000125
1780304400000,0.0000125
1780308000000,0.0000125
1780311600000,0.0000125
1780315200000,0.0000125
1780318800000,0.0000125
1780322400000,0.0000125
1780326000000,0.0000125
1780329600000,0.0000125
1780333200000,0.0000125
1780336800000,0.0000125
1780340400000,0.0000125
1780344000000,0.0000125
1780347600000,0.0000125
1780351200000,0.0000125
1780354800000,0.0000125
1780358400000,0.0000125
1780362000000,0.0000125
1780365600000,0.0000125
1780369200000,0.0000125
1780372800000,0.0000125
1780376400000,0.0000125
1780380000000,0.0000125
1780383600000,0.0000125
1780387200000,0.0000125
1780390800000,0.0000125
1780394400000,0.0000125
1780398000000,0.0000125
1780401600000,0.0000125
1780405200000,0.0000125
1780408800000,0.0000125
1780412400000,0.0000125
1780416000000,0.0000125
1780419600000,0.0000125
1780423200000,0.0000125
1780426800000,0.0000125
1780430400000,0.0000114694
1780434000000,0.0000125
1780437600000,0.0000122734
1780441200000,0.0000116162
1780444800000,0.0000087306
1780448400000,0.0000007431
1780452000000,0.0000030357
1780455600000,0.0000053228
1780459200000,0.0000057221
1780462800000,0.0000012946
1780466400000,0.0000087504
1780470000000,0.000007833
1780473600000,0.000002055
1780477200000,0.0000029365
1780480800000,0.0000047254
1780484400000,0.0000122405
1780488000000,0.0000125
1780491600000,0.0000125
1780495200000,0.0000125
1780498800000,0.0000125
1780502400000,0.0000125
1780506000000,0.0000125
1780509600000,0.0000125
1780513200000,0.0000125
1780516800000,0.0000125
1780520400000,0.0000125
1780524000000,0.0000125
1780527600000,0.0000125
1780531200000,0.0000125
1780534800000,0.0000116035
1780538400000,0.0000067587
1780542000000,0.0000085033
1780545600000,0.0000060531
1780549200000,0.0000042721
1780552800000,0.0000034197
1780556400000,0.000010114
1780560000000,0.0000034241
1780563600000,0.0000052245
1780567200000,0.0000066623
1780570800000,-0.0000045162
1780574400000,-0.000010187
1780578000000,0.0000125
1780581600000,0.0000039124
1780585200000,0.0000007613
1780588800000,0.0000049885
1780592400000,-0.000000688
1780596000000,0.0000069786
1780599600000,0.0000125
1780603200000,0.0000125
1780606800000,0.0000055109
1780610400000,0.0000036956
1780614000000,0.0000069637
1780617600000,0.0000125
1780621200000,0.0000052486
1780624800000,0.0000086931
1780628400000,-0.0000049586
1780632000000,-0.0000048042
1780635600000,0.0000122032
1780639200000,0.0000110996
1780642800000,0.0000061619
1780646400000,0.0000125
1780650000000,0.0000125
1780653600000,0.0000125
1780657200000,0.0000119119
1780660800000,0.0000070565
1780664400000,0.000006151
1780668000000,0.0000047295
1780671600000,-0.0000032618
1780675200000,-0.0000071493
1780678800000,0.0000054877
1780682400000,0.0000083511
1780686000000,0.0000040932
1780689600000,0.0000067702
1780693200000,0.0000125
1780696800000,0.0000125
1780700400000,0.0000125
1780704000000,0.0000125
1780707600000,0.0000125
1780711200000,0.0000125
1780714800000,0.0000125
1780718400000,0.0000125
1780722000000,0.0000068869
1780725600000,0.0000125
1780729200000,0.0000092497
1780732800000,0.0000100061
1780736400000,0.0000109625
1780740000000,0.0000018646
1780743600000,-0.0000017806
1780747200000,0.0000034016
1780750800000,-0.000005136
1780754400000,0.0000009803
1780758000000,0.0000002071
1780761600000,-0.0000063827
1780765200000,-0.0000015282
1780768800000,0.0000055518
1780772400000,0.0000125
1780776000000,0.0000125
1780779600000,0.0000085901
1780783200000,0.0000090115
1780786800000,0.0000016941
1780790400000,0.0000059838
1780794000000,0.0000044983
1780797600000,0.0000125
1780801200000,0.0000125
1780804800000,0.0000125
1780808400000,0.0000125
1780812000000,0.0000125
1780815600000,0.0000125
1780819200000,0.0000125
1780822800000,0.0000125
1780826400000,0.0000125
1780830000000,0.0000125
1780833600000,0.0000125
1780837200000,0.0000125
1780840800000,0.0000125
1780844400000,0.0000125
1780848000000,0.0000125
1780851600000,0.0000125
1780855200000,0.0000125
1780858800000,0.0000125
1780862400000,0.0000057508
1780866000000,0.0000112983
1780869600000,0.0000107416
1780873200000,0.0000125
1780876800000,0.0000125
1780880400000,0.0000125
1780884000000,0.0000125
1780887600000,0.0000125
1780891200000,0.0000125
1780894800000,0.0000090084
1780898400000,0.0000037638
1780902000000,0.0000054021
1780905600000,0.0000059224
1780909200000,0.0000054352
1780912800000,0.0000125
1780916400000,0.0000125
1780920000000,0.0000125
1780923600000,0.000009738
1780927200000,0.0000125
1780930800000,0.0000125
1780934400000,0.0000125
1780938000000,0.0000125
1780941600000,0.0000125
1780945200000,0.0000076548
1780948800000,0.0000115462
1780952400000,0.0000119508
1780956000000,0.000011924
1780959600000,0.0000081008
1780963200000,0.0000060949
1780966800000,0.0000087593
1780970400000,0.0000077685
1780974000000,0.0000023737
1780977600000,0.000004747
1780981200000,0.0000125
1780984800000,0.0000125
1780988400000,0.0000125
1780992000000,0.0000125
1780995600000,0.0000125
1780999200000,0.0000095852
1781002800000,0.0000115313
1781006400000,0.0000118977
1781010000000,0.0000125
1781013600000,0.0000125
1781017200000,0.0000125
1781020800000,0.0000125
1781024400000,0.0000125
1781028000000,0.0000125
1781031600000,0.0000125
1781035200000,0.000010431
1781038800000,0.0000094667
1781042400000,0.0000004127
1781046000000,0.0000012339
1781049600000,0.0000024159
1781053200000,0.0000014565
1781056800000,0.0000004964
1781060400000,-0.0000006009
1781064000000,-0.0000000614
1781067600000,0.0000086005
1781071200000,-0.0000019732
1781074800000,-0.0000028166
1781078400000,-0.0000018565
1781082000000,-0.0000052185
1781085600000,0.0000022075
1781089200000,0.0000056886
1781092800000,0.0000020827
1781096400000,0.0000099992
1781100000000,0.0000117385
1781103600000,0.0000125
1781107200000,0.0000125
1781110800000,0.0000038595
1781114400000,0.0000107976
1781118000000,0.0000115958
1781121600000,0.0000125
1781125200000,0.0000125
1781128800000,0.0000075043
1781132400000,0.0000067179
1781136000000,0.0000087489
1781139600000,0.0000125
1781143200000,0.0000125
1781146800000,0.0000028632
1781150400000,0.0000097258
1781154000000,0.0000042621
1781157600000,0.0000039427
1781161200000,-0.0000008784
1781164800000,0.000000961
1781168400000,0.0000035615
1781172000000,0.0000025228
1781175600000,0.0000074415
1781179200000,0.0000049882
1781182800000,0.0000022406
1781186400000,0.0000029413
1781190000000,0.0000010337
1781193600000,-0.000003225
1781197200000,0.0000001041
1781200800000,0.0000058942
1781204400000,0.0000125
1781208000000,0.0000125
1781211600000,0.0000029344
1781215200000,0.0000107886
1781218800000,0.0000125
1781222400000,0.0000125
1781226000000,0.0000125
1781229600000,0.0000125
1781233200000,0.0000125
1781236800000,0.0000086902
1781240400000,0.0000125
1781244000000,0.0000101694
1781247600000,0.0000007118
1781251200000,0.0000023719
1781254800000,0.0000000786
1781258400000,0.000005032
1781262000000,-0.0000000893
1781265600000,0.0000060707
1781269200000,-0.0000061507
1781272800000,0.0000037445
1781276400000,0.0000078066
1781280000000,0.0000125
1781283600000,0.0000125
1781287200000,0.0000125
1781290800000,0.0000125
1781294400000,0.0000125
1781298000000,0.0000125
1781301600000,0.0000125
1781305200000,0.0000125
1781308800000,0.0000125
1781312400000,0.0000125
1781316000000,0.0000125
1781319600000,0.0000125
1781323200000,0.0000125
1781326800000,0.0000125
1781330400000,0.0000125
1781334000000,0.0000125
1781337600000,0.0000125
1781341200000,0.0000125
1781344800000,0.0000125
1781348400000,0.0000111048
1781352000000,0.0000125
1781355600000,0.0000125
1781359200000,0.0000125
1781362800000,0.0000125
1781366400000,0.0000125
1781370000000,0.0000125
1781373600000,0.0000125
1781377200000,0.0000125
1781380800000,0.0000125
1781384400000,0.0000125
1781388000000,0.0000125
1781391600000,0.0000125
1781395200000,0.0000125
1781398800000,0.0000125
1781402400000,0.0000125
1781406000000,0.0000125
1781409600000,0.0000125
1781413200000,0.0000125
1781416800000,0.0000094642
1781420400000,0.0000125
1781424000000,0.0000125
1781427600000,0.0000125
1781431200000,0.0000125
1781434800000,0.0000125
1781438400000,0.0000125
1781442000000,0.0000071674
1781445600000,0.0000077257
1781449200000,0.0000125
1781452800000,0.0000125
1781456400000,0.0000125
1781460000000,0.0000038956
1781463600000,0.0000125
1781467200000,0.0000125
1781470800000,0.0000125
1781474400000,0.0000125
1781478000000,0.0000125
1781481600000,0.0000125
1781485200000,0.0000088257
1781488800000,0.0000125
1781492400000,0.0000125
1781496000000,0.0000125
1781499600000,0.000008218
1781503200000,0.0000125
1781506800000,0.0000125
1781510400000,0.0000125
1781514000000,0.0000125
1781517600000,0.0000125
1781521200000,0.0000125
1781524800000,0.0000125
1781528400000,0.0000125
1781532000000,0.0000125
1781535600000,0.0000090404
1781539200000,0.0000008274
1781542800000,0.0000042773
1781546400000,0.0000074966
1781550000000,0.0000089755
1781553600000,-0.0000008788
1781557200000,-0.0000004623
1781560800000,-0.0000018889
1781564400000,0.0000014923
1781568000000,0.0000032685
1781571600000,0.0000049604
1781575200000,0.0000021925
1781578800000,-0.0000052574
1781582400000,-0.0000004813
1781586000000,0.0000011295
1781589600000,0.0000054219
1781593200000,0.0000071253
1781596800000,0.0000010194
1781600400000,0.0000092768
1781604000000,0.0000125
1781607600000,0.0000119506
1781611200000,0.0000058353
1781614800000,0.000008488
1781618400000,0.0000097068
1781622000000,0.0000058367
1781625600000,0.0000112649
1781629200000,0.0000125
1781632800000,0.0000125
1781636400000,0.0000125
1781640000000,0.0000125
1781643600000,0.0000125
1781647200000,0.0000095402
1781650800000,0.0000074201
1781654400000,0.0000034362
1781658000000,0.0000020765
1781661600000,0.0000070322
1781665200000,0.0000119105
1781668800000,0.0000123187
1781672400000,0.0000041932
1781676000000,0.0000107216
1781679600000,0.0000110799
1781683200000,0.0000072381
1781686800000,0.0000030446
1781690400000,0.0000125
1781694000000,0.0000125
1781697600000,0.0000125
1781701200000,0.0000125
1781704800000,0.0000125
1781708400000,0.0000125
1781712000000,0.0000125
1781715600000,0.0000125
1781719200000,0.0000025294
1781722800000,0.0000034643
1781726400000,0.00000391
1781730000000,0.0000022663
1781733600000,-0.0000009735
1781737200000,-0.0000025724
1781740800000,-0.0000038917
1781744400000,-0.0000008725
1781748000000,-0.000004668
1781751600000,-0.0000095807
1781755200000,-0.0000140099
1781758800000,-0.0000121716
1781762400000,0.0000026909
1781766000000,0.0000042691
1781769600000,0.0000027816
1781773200000,-0.0000015194
1781776800000,-0.0000040985
1781780400000,0.0000032256
1781784000000,0.0000071706
1781787600000,0.0000125
1781791200000,-0.0000041974
1781794800000,-0.0000132848
1781798400000,-0.0000170324
1781802000000,0.000007106
1781805600000,0.0000087879
1781809200000,0.0000125
1781812800000,0.0000049308
1781816400000,0.0000125
1781820000000,0.0000125
1781823600000,0.0000125
1781827200000,0.0000034673
1781830800000,0.0000125
1781834400000,0.0000120219
1781838000000,0.0000083981
1781841600000,0.0000125
1781845200000,0.0000125
1781848800000,0.0000125
1781852400000,0.0000125
1781856000000,0.0000070614
1781859600000,0.0000070452
1781863200000,0.0000046183
1781866800000,0.0000117046
1781870400000,0.0000114699
1781874000000,0.0000089368
1781877600000,0.0000111506
1781881200000,0.0000125
1781884800000,0.0000125
1781888400000,0.0000125
1781892000000,0.0000094328
1781895600000,0.0000125
1781899200000,0.0000125
1781902800000,0.0000125
1781906400000,0.0000125
1781910000000,0.0000125
1781913600000,0.0000125
1781917200000,0.000012219
1781920800000,0.0000092121
1781924400000,0.0000044195
1781928000000,0.0000045835
1781931600000,0.0000125
1781935200000,0.0000125
1781938800000,0.0000125
1781942400000,0.0000125
1781946000000,0.0000014874
1781949600000,0.0000093989
1781953200000,0.0000064863
1781956800000,0.0000107853
1781960400000,0.0000038266
1781964000000,0.0000039752
1781967600000,0.0000121083
1781971200000,0.0000125
1781974800000,0.0000059951
1781978400000,0.0000038863
1781982000000,0.0000017967
1781985600000,0.0000076944
1781989200000,0.0000090437
1781992800000,0.0000125
1781996400000,0.0000125
1782000000000,0.0000125
1782003600000,0.0000125
1782007200000,0.0000125
1782010800000,0.0000125
1782014400000,0.0000109303
1782018000000,0.0000100536
1782021600000,-0.0000000057
1782025200000,0.0000026072
1782028800000,-0.0000027056
1782032400000,-0.0000062019
1782036000000,0.0000087119
1782039600000,0.0000052761
1782043200000,-0.0000047459
1782046800000,-0.0000131008
1782050400000,-0.0000113397
1782054000000,-0.0000080165
1782057600000,-0.0000024511
1782061200000,-0.0000054436
1782064800000,-0.0000037171
1782068400000,-0.0000032544
1782072000000,-0.0000052568
1782075600000,-0.0000058244
1782079200000,-0.0000166529
1782082800000,-0.0000052208
1782086400000,-0.0000061048
1782090000000,-0.0000042085
1782093600000,0.000001112
1782097200000,0.0000001625
1782100800000,-0.0000004032
1782104400000,0.0000015422
1782108000000,0.0000021272
1782111600000,0.0000017466
1782115200000,0.0000072571
1782118800000,0.0000097535
1782122400000,0.0000103105
1782126000000,0.0000088485
1782129600000,0.0000125
1782133200000,0.0000101211
1782136800000,0.0000020572
1782140400000,0.0000002285
1782144000000,0.0000072038
1782147600000,0.0000125
1782151200000,0.0000125
1782154800000,0.0000125
1782158400000,0.0000125
1782162000000,0.0000125
1782165600000,0.0000125
1782169200000,0.0000125
1782172800000,0.0000125
1782176400000,0.0000125
1782180000000,0.0000125
1782183600000,0.0000087723
1782187200000,0.0000050152
1782190800000,0.0000051996
1782194400000,0.0000098166
1782198000000,0.0000000915
1782201600000,-0.0000045402
1782205200000,-0.0000090926
1782208800000,-0.0000086932
1782212400000,-0.0000058728
1782216000000,0.0000053496
1782219600000,0.0000086098
1782223200000,0.0000092052
1782226800000,0.0000075091
1782230400000,0.0000031741
1782234000000,0.0000122657
1782237600000,0.0000112356
1782241200000,0.000009086
1782244800000,0.0000125
1782248400000,0.0000125
1782252000000,0.0000115542
1782255600000,0.0000107788
1782259200000,0.0000125
1782262800000,0.0000125
1782266400000,0.0000125
1782270000000,0.0000098136
1782273600000,0.0000125
1782277200000,0.0000125
1782280800000,0.0000125
1782284400000,0.0000046544
1782288000000,-0.0000027601
1782291600000,0.0000069275
1782295200000,0.0000098227
1782298800000,0.0000067893
1782302400000,0.0000051607
1782306000000,0.0000004421
1782309600000,-0.0000041508
1782313200000,0.0000042983
1782316800000,-0.0000022568
1782320400000,0.0000045381
1782324000000,-0.0000070317
1782327600000,0.0000008821
1782331200000,0.0000053178
1782334800000,0.0000053486
1782338400000,0.0000038264
1782342000000,-0.00000228
1782345600000,-0.0000002964
1782349200000,0.0000014929
1782352800000,-0.0000009215
1782356400000,-0.0000051557
1782360000000,-0.000008506
1782363600000,0.0000037713
1782367200000,0.00000216
1782370800000,0.0000012884
1782374400000,-0.0000006489
1782378000000,-0.0000077055
1782381600000,-0.000004107
1782385200000,-0.000005146
1782388800000,-0.0000044893
1782392400000,-0.0000021264
1782396000000,-0.0000142952
1782399600000,-0.0000197415
1782403200000,-0.0000047767
1782406800000,-0.0000053158
1782410400000,-0.0000026261
1782414000000,0.0000015991
1782417600000,-0.0000042613
1782421200000,-0.0000008174
1782424800000,0.0000013853
1782428400000,-0.0000073666
1782432000000,-0.000003331
1782435600000,-0.0000070816
1782439200000,-0.000011692
1782442800000,-0.0000153865
1782446400000,0.0000001693
1782450000000,0.0000109522
1782453600000,0.0000048834
1782457200000,-0.0000065597
1782460800000,-0.0000059278
1782464400000,-0.0000126616
1782468000000,-0.0000080603
1782471600000,0.0000000125
1782475200000,0.0000027049
1782478800000,0.0000046336
1782482400000,-0.0000019509
1782486000000,0.0000001303
1782489600000,0.0000025329
1782493200000,-0.0000029854
1782496800000,-0.000003616
1782500400000,-0.0000078836
1782504000000,-0.0000009643
1782507600000,-0.0000001721
1782511200000,0.0000044487
1782514800000,-0.0000014599
1782518400000,0.0000017298
1782522000000,-0.0000025728
1782525600000,-0.0000072372
1782529200000,0.0000070285
1782532800000,0.000007318
1782536400000,0.0000052405
1782540000000,-0.0000004916
1782543600000,-0.0000016603
1782547200000,0.0000042032
1782550800000,-0.0000005609
1782554400000,-0.0000004085
1782558000000,0.0000007014
1782561600000,-0.0000013297
1782565200000,-0.0000047106
1782568800000,0.0000010422
1782572400000,0.0000067297
1782576000000,0.0000101735
1782579600000,0.000012155
1782583200000,0.0000107849
1782586800000,0.0000068748
1782590400000,0.000004437
1782594000000,0.0000040869
1782597600000,0.0000036289
1782601200000,-0.0000012937
1782604800000,-0.0000091266
1782608400000,-0.0000059325
1782612000000,0.0000032832
1782615600000,0.0000012853
1782619200000,0.0000043666
1782622800000,0.0000049955
1782626400000,0.0000016996
1782630000000,0.0000112891
1782633600000,0.0000119922
1782637200000,-0.0000017174
1782640800000,-0.0000005101
1782644400000,-0.0000067876
1782648000000,0.0000065001
1782651600000,0.000007575
1782655200000,0.0000004816
1782658800000,-0.0000004776
1782662400000,-0.0000029793
1782666000000,-0.0000053064
1782669600000,0.0000032652
1782673200000,0.0000072002
1782676800000,0.000000719
1782680400000,0.0000033935
1782684000000,0.0000059963
1782687600000,0.0000028958
1782691200000,0.0000088272
1782694800000,0.0000020291
1782698400000,0.0000047173
1782702000000,0.0000029224
1782705600000,0.000002708
1782709200000,0.0000002937
1782712800000,0.0000055019
1782716400000,0.0000028439
1782720000000,0.0000057967
1782723600000,0.0000058906
1782727200000,0.0000091666
1782730800000,0.0000043036
1782734400000,0.0000048464
1782738000000,0.0000083323
1782741600000,0.0000061273
1782745200000,0.0000125
1782748800000,0.0000089288
1782752400000,0.0000018169
1782756000000,0.0000020836
1782759600000,0.0000081235
1782763200000,0.0000111065
1782766800000,0.0000036097
1782770400000,0.000010217
1782774000000,0.0000074115
1782777600000,0.0000028767
1782781200000,0.0000077651
1782784800000,0.0000090354
1782788400000,0.0000050884
1782792000000,-0.00000487
1782795600000,0.0000045111
1782799200000,0.0000125
1782802800000,0.0000125
1782806400000,0.0000125
1782810000000,0.0000123847
1782813600000,0.0000125
1782817200000,0.0000125
1782820800000,0.0000107344
1782824400000,-0.0000001493
1782828000000,0.0000062665
1782831600000,0.0000125
1782835200000,0.0000121714
1782838800000,0.0000113399
1782842400000,0.0000125
1782846000000,0.0000125
1782849600000,0.0000115754
1782853200000,0.0000014058
1782856800000,0.0000017818
1782860400000,0.0000068525
1782864000000,0.0000060184
1782867600000,0.0000013738
1782871200000,-0.0000051677
1782874800000,0.000002722
1782878400000,0.0000039802
1782882000000,0.0000117586
1782885600000,-0.0000005252
1782889200000,0.0000016575
1782892800000,0.0000064315
1782896400000,0.0000120266
1782900000000,0.0000125
1782903600000,0.0000048544
1782907200000,0.0000110907
1782910800000,0.0000048489
1782914400000,0.0000099104
1782918000000,0.0000013904
1782921600000,0.0000125
1782925200000,0.0000125
1782928800000,0.0000125
1782932400000,0.0000125
1782936000000,0.0000125
1782939600000,0.0000125
1782943200000,0.0000125
1782946800000,0.0000125
1782950400000,0.0000125
1782954000000,0.0000125
1782957600000,0.0000125
1782961200000,0.0000125
1782964800000,0.0000125
1782968400000,0.0000125
1782972000000,0.0000125
1782975600000,0.0000125
1782979200000,0.0000125
1782982800000,0.0000125
1782986400000,0.0000125
1782990000000,0.0000125
1782993600000,0.0000125
1782997200000,0.0000125
1783000800000,0.0000125
1783004400000,0.0000125
1783008000000,0.0000125
1783011600000,0.0000125
1783015200000,0.0000125
1783018800000,0.0000125
1783022400000,0.0000125
1783026000000,0.0000125
1783029600000,0.0000125
1783033200000,0.0000125
1783036800000,0.0000125
1783040400000,0.0000125
1783044000000,0.0000125
1783047600000,0.0000125
1783051200000,0.0000125
1783054800000,0.0000125
1783058400000,0.0000125
1783062000000,0.0000125
1783065600000,0.0000189181
1783069200000,0.0000125
1783072800000,0.0000125
1783076400000,0.0000125
1783080000000,0.0000125
1783083600000,0.0000125
1783087200000,0.0000125
1783090800000,0.0000125
1783094400000,0.0000125
1783098000000,0.0000125
1783101600000,0.0000125
1783105200000,0.0000125
1783108800000,0.0000125
1783112400000,0.0000125
1783116000000,0.0000125
1783119600000,0.0000125
1783123200000,0.0000125
1783126800000,0.0000125
1783130400000,0.0000125
1783134000000,0.0000125
1783137600000,0.0000125
1783141200000,0.0000125
1783144800000,0.0000125
1783148400000,0.0000125
1783152000000,0.0000125
1783155600000,0.0000125
1783159200000,0.0000125
1783162800000,0.0000125
1783166400000,0.0000125
1783170000000,0.0000125
1783173600000,0.0000125
1783177200000,0.0000125
1783180800000,0.0000125
1783184400000,0.0000125
1783188000000,0.0000125
1783191600000,0.0000125
1783195200000,0.0000125
1783198800000,0.0000125
1783202400000,0.0000125
1783206000000,0.0000125
1783209600000,0.0000125
1783213200000,0.0000125
1783216800000,0.0000125
1783220400000,0.0000125
1783224000000,0.0000125
1783227600000,0.0000125
1783231200000,0.0000125
1783234800000,0.0000125
1783238400000,0.0000125
1783242000000,0.0000125
1783245600000,0.0000125
1783249200000,0.0000125
1783252800000,0.0000125
1783256400000,0.0000125
1783260000000,0.0000125
1783263600000,0.0000125
1783267200000,0.0000125
1783270800000,0.0000125
1783274400000,0.0000125
1783278000000,0.0000125
1783281600000,0.0000125
1783285200000,0.0000125
1783288800000,0.0000125
1783292400000,0.0000125
1783296000000,0.0000125
1783299600000,0.0000125
1783303200000,0.0000125
1783306800000,0.0000125
1783310400000,0.0000125
1783314000000,0.0000125
1783317600000,0.0000125
1783321200000,0.0000125
1783324800000,0.0000125
1783328400000,0.0000125
1783332000000,0.0000125
1783335600000,0.0000125
1783339200000,0.0000125
1783342800000,0.0000125
1783346400000,0.0000125
1783350000000,0.0000125
1783353600000,0.0000125
1783357200000,0.0000125
1783360800000,0.0000125
1783364400000,0.0000125
1783368000000,0.0000125
1783371600000,0.0000125
1783375200000,0.0000125
1783378800000,0.0000125
1783382400000,0.0000125
1783386000000,0.0000125
1783389600000,0.0000125
1783393200000,0.0000125
1783396800000,0.0000125
1783400400000,0.0000125
1783404000000,0.0000125
1783407600000,0.0000125
1783411200000,0.0000125
1783414800000,0.0000125
1783418400000,0.0000125
1783422000000,0.0000125
1783425600000,0.0000125
1783429200000,0.0000125
1783432800000,0.0000125
1783436400000,0.0000125
1783440000000,0.0000125
1783443600000,0.0000125
1783447200000,0.0000125
1783450800000,0.0000125
1783454400000,0.0000125
1783458000000,0.0000125
1783461600000,0.0000125
1783465200000,0.0000125
1783468800000,0.0000125
1783472400000,0.0000125
1783476000000,0.0000125
1783479600000,0.0000125
1783483200000,0.0000125
1783486800000,0.0000125
1783490400000,0.0000125
1783494000000,0.0000125
1783497600000,0.0000125
1783501200000,0.0000125
1783504800000,0.0000125
1783508400000,0.0000125
1783512000000,0.0000125
1783515600000,0.0000125
1783519200000,0.0000125
1783522800000,0.0000125
1783526400000,0.0000125
1783530000000,0.0000125
1783533600000,0.0000125
1783537200000,0.0000125
1783540800000,0.0000125
1783544400000,0.0000125
1783548000000,0.0000125
1783551600000,0.0000125
1783555200000,0.0000125
1783558800000,0.0000125
1783562400000,0.0000125
1783566000000,0.0000125
1783569600000,0.0000125
1783573200000,0.0000125
1783576800000,0.0000125
1783580400000,0.0000125
1783584000000,0.0000125
1783587600000,0.0000125
1783591200000,0.0000125
1783594800000,0.0000125
1783598400000,0.0000125
1783602000000,0.0000125
1783605600000,0.0000125
1783609200000,0.0000125
1783612800000,0.0000125
1783616400000,0.0000125
1783620000000,0.0000125
1783623600000,0.0000125
1783627200000,0.0000125
1783630800000,0.0000125
1783634400000,0.0000125
1783638000000,0.0000125
1783641600000,0.0000125
1783645200000,0.0000125
1783648800000,0.0000125
1783652400000,0.0000125
1783656000000,0.0000125
1783659600000,0.0000125
1783663200000,0.0000125
1783666800000,0.0000125
1783670400000,0.0000125
1783674000000,0.0000125
1783677600000,0.0000125
1783681200000,0.0000125
1783684800000,0.0000125
1783688400000,0.0000125
1783692000000,0.0000125
1783695600000,0.0000125
1783699200000,0.0000125
1783702800000,0.0000125
1783706400000,0.0000125
1783710000000,0.0000125
1783713600000,0.0000125
1783717200000,0.0000125
1783720800000,0.0000125
1783724400000,0.0000125
1783728000000,0.0000125
1783731600000,0.0000125
1783735200000,0.0000125
1783738800000,0.0000125
1783742400000,0.0000125
1783746000000,0.0000125
1783749600000,0.0000125
1783753200000,0.0000125
1783756800000,0.0000125
1783760400000,0.0000125
1783764000000,0.0000125
1783767600000,0.0000125
1783771200000,0.0000125
1783774800000,0.0000125
1783778400000,0.0000125
1783782000000,0.0000125
1783785600000,0.0000125
1783789200000,0.0000125
1783792800000,0.0000125
1783796400000,0.0000125
1783800000000,0.0000125
1783803600000,0.0000125
1783807200000,0.0000125
1783810800000,0.0000125
1783814400000,0.0000125
1783818000000,0.0000125
1783821600000,0.0000125
1783825200000,0.0000125
1783828800000,0.0000125
1783832400000,0.0000125
1783836000000,0.0000125
1783839600000,0.0000125
1783843200000,0.0000125
1783846800000,0.0000125
1783850400000,0.0000125
1783854000000,0.0000125
1783857600000,0.0000125
1783861200000,0.0000125
1783864800000,0.0000125
1783868400000,0.0000125
1783872000000,0.0000125
1783875600000,0.0000125
1783879200000,0.0000125
1783882800000,0.0000125
1783886400000,0.0000125
1783890000000,0.0000125
1783893600000,0.0000125
1783897200000,0.0000125
1783900800000,0.0000125
1783904400000,0.0000125
1783908000000,0.0000125
1783911600000,0.0000125
1783915200000,0.0000125
1783918800000,0.0000125
1783922400000,0.0000125
1783926000000,0.0000125
1783929600000,0.0000125
1783933200000,0.0000125
1783936800000,0.0000125
1783940400000,0.0000125
1783944000000,0.0000125
1783947600000,0.0000125
1783951200000,0.0000125
1783954800000,0.0000125
1783958400000,0.0000125
1783962000000,0.0000125
1783965600000,0.0000125
1783969200000,0.0000125
1783972800000,0.0000125
1783976400000,0.0000125
1783980000000,0.0000125
1783983600000,0.0000125
1783987200000,0.0000125
1783990800000,0.0000125
1783994400000,0.0000125
1783998000000,0.0000125
1784001600000,0.0000125
1784005200000,0.0000125
1784008800000,0.0000125
1784012400000,0.0000125
1784016000000,0.0000125
1784019600000,0.0000125
1784023200000,0.0000125
1784026800000,0.0000125
1784030400000,0.0000125
1784034000000,0.0000125
1784037600000,0.0000116182
1784041200000,0.0000125
1784044800000,0.0000125
1784048400000,0.000012039
1784052000000,0.0000125
1784055600000,0.0000125
1784059200000,0.0000125
1784062800000,0.0000125
1784066400000,0.0000125
1784070000000,0.0000125
1784073600000,0.0000125
1784077200000,0.0000125
1784080800000,0.0000125
1784084400000,0.0000125
1784088000000,0.0000125
1784091600000,0.0000125
1784095200000,0.0000125
1784098800000,0.0000125
1784102400000,0.0000125
1784106000000,0.0000125
1784109600000,0.0000125
1784113200000,0.0000125
1784116800000,0.0000125
1784120400000,0.0000125
1784124000000,0.0000125
1784127600000,0.0000125
1784131200000,0.0000125
1784134800000,0.0000125
1784138400000,0.0000125
1784142000000,0.0000125
1784145600000,0.0000125
1784149200000,0.0000125
1784152800000,0.0000077071
1784156400000,0.0000125
1784160000000,0.0000125
1784163600000,0.0000125
1784167200000,0.0000125
1784170800000,0.0000125
1784174400000,0.0000125
1784178000000,0.0000125
1784181600000,0.0000125
1784185200000,0.0000125
1784188800000,0.0000125
1784192400000,0.0000125
1784196000000,0.0000125
1784199600000,0.0000125
1784203200000,0.0000125
1784206800000,0.0000125
1784210400000,0.0000125
1784214000000,0.0000125
1784217600000,0.0000125
1784221200000,0.0000125
1784224800000,0.0000125
1784228400000,0.0000125
1784232000000,0.0000125
1784235600000,0.0000125
1784239200000,0.0000125
1784242800000,0.0000125
1784246400000,0.0000125
1784250000000,0.0000125
1784253600000,0.0000125
1784257200000,0.0000125
1784260800000,0.0000125
1784264400000,0.0000125
1784268000000,0.0000125
1784271600000,0.0000125
1784275200000,0.0000125
1784278800000,0.0000125
1784282400000,0.0000125
1784286000000,0.0000125
1784289600000,0.0000125
1784293200000,0.0000125
1784296800000,0.0000125
1784300400000,0.0000125
1784304000000,0.0000125
1784307600000,0.0000125
1784311200000,0.0000125
1784314800000,0.0000125
1784318400000,0.0000125
1784322000000,0.0000125
1784325600000,0.0000125
1784329200000,0.0000125
1784332800000,0.0000125
1784336400000,0.0000125
1784340000000,0.0000125
1784343600000,0.0000125
1784347200000,0.0000125
1784350800000,0.0000125
1784354400000,0.0000125
1784358000000,0.0000125
1784361600000,0.0000125
1784365200000,0.0000125
1784368800000,0.0000125
1784372400000,0.0000125
1784376000000,0.0000125
1784379600000,0.0000125
1784383200000,0.0000125
1784386800000,0.0000125
1784390400000,0.0000125
1784394000000,0.0000125
1784397600000,0.0000125
1784401200000,0.0000125
1784404800000,0.0000125
1784408400000,0.0000125
1784412000000,0.0000125
1784415600000,0.0000125
1784419200000,0.0000125
1784422800000,0.0000125
1784426400000,0.0000125
1784430000000,0.0000125
1784433600000,0.0000125
1784437200000,0.0000125
1784440800000,0.0000125
1784444400000,0.0000125
1784448000000,0.0000125
1784451600000,0.0000125
1784455200000,0.0000125
1784458800000,0.0000125
1784462400000,0.0000125
1784466000000,0.0000125
1784469600000,0.0000125
1784473200000,0.0000125
1784476800000,0.0000125
1784480400000,0.0000125
1784484000000,0.0000125
1784487600000,0.0000125
1784491200000,0.0000125
1784494800000,0.0000125
1784498400000,0.0000125
1784502000000,0.0000125
1784505600000,0.0000125
1784509200000,0.0000125
1784512800000,0.0000125
1784516400000,0.0000125
1784520000000,0.0000125
1784523600000,0.0000079053
1784527200000,0.0000085251
1784530800000,0.0000068198
1784534400000,0.0000060646
1784538000000,0.0000033759
1784541600000,0.0000125
1784545200000,0.0000125
1784548800000,0.0000125
1784552400000,0.0000125
1784556000000,0.0000125
1784559600000,0.0000125
1784563200000,0.0000125
1784566800000,0.0000080115
1784570400000,0.0000076867
1784574000000,-0.0000104164
1784577600000,-0.0000177488
1784581200000,0.0000125
1784584800000,0.0000125
1784588400000,0.0000040459
1784592000000,0.0000006284
1784595600000,0.0000073436
1784599200000,0.0000051847
1784602800000,0.0000000265
1784606400000,0.0000031631
1784610000000,0.0000125
1784613600000,0.000009516
1784617200000,0.0000073771
1784620800000,0.0000125
1784624400000,0.0000096383
1784628000000,0.0000079184
1784631600000,0.0000038798
1784635200000,0.0000103552
1784638800000,0.000008053
1784642400000,0.0000109345
1784646000000,-0.0000114156
1784649600000,-0.0000064354
1784653200000,-0.0000022268
1784656800000,0.0000019598
1784660400000,0.0000125
1784664000000,0.0000125
1784667600000,0.0000044117
1784671200000,0.0000051303
1784674800000,0.0000029916
1784678400000,0.0000102069
1784682000000,0.0000088363
1784685600000,0.000001078
1784689200000,0.0000125
1784692800000,0.0000125
1784696400000,0.0000125
1784700000000,0.0000096619
1784703600000,0.0000016165
1784707200000,0.0000004997
1784710800000,0.0000101286
1784714400000,0.0000125
1784718000000,0.0000125
1784721600000,0.0000125
1784725200000,0.0000125
1784728800000,0.0000125
1784732400000,0.0000125
1784736000000,0.0000125
1784739600000,0.0000125
1784743200000,0.0000125
1784746800000,0.0000060242
1784750400000,0.0000093072
1784754000000,0.0000125
1784757600000,0.0000125
1784761200000,0.0000054534
1784764800000,0.0000125
1784768400000,0.0000125
1784772000000,-0.0000011132
1784775600000,-0.0000013762
1784779200000,-0.0000013465
1784782800000,-0.0000008324
1784786400000,0.0000015042
1784790000000,0.0000098578
1784793600000,0.0000125
1784797200000,0.0000125
1784800800000,0.0000125
1784804400000,0.0000125
1784808000000,0.0000119826
1784811600000,0.0000125
1784815200000,0.0000125
1784818800000,0.0000125
1784822400000,0.0000125
1784826000000,0.0000125
1784829600000,0.0000125
1784833200000,0.0000125
1784836800000,0.0000125
1784840400000,0.0000125
1784844000000,0.0000097727
1784847600000,0.0000069202
1784851200000,0.0000022936
1784854800000,0.000000704
1784858400000,0.0000104877
1784862000000,0.0000101729
1784865600000,0.0000113503
1784869200000,0.0000028807
1784872800000,0.0000125
1784876400000,0.0000125
1784880000000,0.0000125
1784883600000,0.0000125
1784887200000,0.0000125
1784890800000,0.0000125
1784894400000,0.0000114212
1784898000000,0.0000125
1784901600000,0.0000125
1784905200000,0.0000125
1784908800000,0.0000125
1784912400000,0.0000125
1784916000000,0.0000125
1784919600000,0.0000125
1784923200000,0.0000125
1784926800000,0.0000125
1784930400000,0.0000125
1784934000000,0.0000125
1784937600000,0.0000125
1784941200000,0.0000125
1784944800000,0.0000125
1784948400000,0.000010696
1784952000000,0.0000102798
1784955600000,0.0000125
1784959200000,0.0000114042
1784962800000,0.000010501
1784966400000,0.0000027994
1784970000000,0.0000043365
1784973600000,0.0000031316
1784977200000,0.0000125
1784980800000,0.0000125
1784984400000,0.0000125
1784988000000,0.0000125
1784991600000,0.0000125
1784995200000,0.0000125
1784998800000,0.0000125
1785002400000,0.0000125
1785006000000,0.0000125
1785009600000,0.0000125
1785013200000,0.0000125
1785016800000,0.0000125
1785020400000,0.0000125
1785024000000,0.0000125
1785027600000,0.0000125
1785031200000,0.0000125
1785034800000,0.0000125
1785038400000,0.0000125
1785042000000,0.0000125
1785045600000,0.0000095017
1785049200000,0.0000107021
1785052800000,0.0000125
1785056400000,0.0000125
1785060000000,0.0000111805
1785063600000,0.0000079106
1785067200000,0.0000063284
1785070800000,0.0000072923
1785074400000,0.0000054724
1785078000000,-0.000000124
1785081600000,0.0000005705
1785085200000,0.0000042004
1785088800000,0.0000023335
1785092400000,0.0000063375
1785096000000,0.0000067661
1785099600000,0.0000029896
1785103200000,0.0000084964
1785106800000,0.0000110841
1785110400000,0.0000125
1785114000000,0.0000104175
1785117600000,0.0000109297
1785121200000,0.000011633
1785124800000,0.0000125
1785128400000,0.0000125
1785132000000,0.0000052691
1785135600000,0.0000074381
1785139200000,0.0000078469
1785142800000,0.0000049506
1785146400000,0.000011073
1785150000000,0.0000103603
1785153600000,0.0000043019
1785157200000,0.0000002571
1785160800000,0.0000086998
1785164400000,0.000002789
1785168000000,0.0000002788
1785171600000,-0.0000007679
1785175200000,0.0000009148
1785178800000,-0.0000029815
1785182400000,0.0000038186
1785186000000,0.0000011921
1785189600000,-0.0000063019
1785193200000,-0.0000019358
1785196800000,0.0000125
1785200400000,0.0000125
1785204000000,0.0000086981
1785207600000,0.0000054716
1785211200000,0.0000125
1785214800000,0.0000125
1785218400000,0.0000125
1785222000000,0.0000125
1785225600000,0.0000125
1785229200000,0.0000125
1785232800000,0.0000125
1785236400000,0.0000125
1785240000000,0.0000125
1785243600000,0.0000125
1785247200000,0.0000125
1785250800000,0.0000125
1785254400000,0.0000125
1785258000000,0.0000125
1785261600000,0.0000125
1785265200000,0.0000042757
1785268800000,0.0000109704
1785272400000,0.0000083682
1785276000000,0.000010859
1785279600000,0.000005823
1785283200000,0.0000061723
1785286800000,0.0000125
1785290400000,0.0000125
1785294000000,0.0000125
1785297600000,0.0000118816
1785301200000,0.0000125
1785304800000,0.0000125
1785308400000,0.0000100885
1785312000000,0.0000125
1785315600000,0.0000082649
1785319200000,0.0000113131
1785322800000,0.0000013375
1785326400000,0.0000053386
1785330000000,0.0000098296
1785333600000,0.0000098821
1785337200000,0.0000086175
1785340800000,0.0000125
1785344400000,0.0000125
1785348000000,0.0000109852
1785351600000,-0.0000023514
1785355200000,-0.0000064946
1785358800000,0.0000051127
1785362400000,0.0000125
1785366000000,0.0000125
1785369600000,0.0000125
1785373200000,0.0000125
1785376800000,0.0000125
1785380400000,0.0000125
1785384000000,0.0000125
1785387600000,0.0000121218
1785391200000,0.0000081467
1785394800000,0.0000093645
1785398400000,0.0000060079
1785402000000,0.0000087438
1785405600000,0.0000093301
1785409200000,0.0000038564
1785412800000,0.00000446
1785416400000,0.0000024248
1785420000000,-0.0000023461
1785423600000,-0.0000088182
1785427200000,-0.000003295
1785430800000,-0.000002329
1785434400000,0.0000014377
1785438000000,-0.000004275
1785441600000,0.0000079718
1785445200000,0.0000096365
1785448800000,0.0000022255
1785452400000,0.0000125
1785456000000,0.0000125
1785459600000,0.0000125
1785463200000,0.0000125
1785466800000,-0.0000020965
1785470400000,0.0000125
1785474000000,0.0000121974
1785477600000,0.0000125
1785481200000,0.0000074986
1785484800000,-0.0000007035
1785488400000,0.0000076723
1785492000000,0.0000093144
1785495600000,0.0000125
1785499200000,-0.0000000117
1785502800000,-0.0000002894
1785506400000,0.0000125
1785510000000,0.0000125
1785513600000,0.0000125
1785517200000,0.0000125
1785520800000,0.0000119762
1785524400000,0.0000020544
1785528000000,0.0000055176
1785531600000,0.0000076724
1785535200000,0.0000020641
1785538800000,0.0000045245
1785542400000,0.0000025518
1785546000000,0.0000015613
1785549600000,0.0000024812
1785553200000,0.0000070406
1785556800000,0.0000125
1785560400000,0.0000120965
1785564000000,0.000006837
1785567600000,0.0000032512
1785571200000,-0.0000052536
1785574800000,0.0000059811
1785578400000,0.0000098902
1785582000000,0.0000063406
1785585600000,0.0000066699
1785589200000,0.000003673
1785592800000,0.000003374
1785596400000,0.0000061247
1785600000000,0.0000065252
1785603600000,0.0000072383
1785607200000,0.0000009736
1785610800000,0.0000026939
1785614400000,0.0000010989
1785618000000,0.0000071726
1785621600000,0.0000125
1785625200000,0.0000125
1785628800000,0.0000082395
1785632400000,0.0000102725
1785636000000,0.0000125
1785639600000,0.0000125
1785643200000,0.0000125
1785646800000,0.0000125
1785650400000,0.0000125
1785654000000,0.0000125
1785657600000,0.0000125
1785661200000,0.0000125
1785664800000,0.0000125
1785668400000,0.0000125
1785672000000,0.0000125
1785675600000,0.0000125
1785679200000,0.0000125
1785682800000,0.0000125
1785686400000,0.0000125
1785690000000,0.0000125
1785693600000,0.0000125
1785697200000,0.0000125
1785700800000,0.0000125
1785704400000,0.0000125
1785708000000,0.0000125
1785711600000,0.0000125
1785715200000,0.0000125
1785718800000,0.0000125
1785722400000,0.0000125
1785726000000,0.0000125
1785729600000,0.0000125
1785733200000,0.0000125
1785736800000,0.0000125
1785740400000,0.0000125
1785744000000,0.0000125
1785747600000,0.0000105833
1785751200000,0.0000125
1785754800000,0.0000125
1785758400000,0.0000125
1785762000000,0.0000125
1785765600000,0.0000125
1785769200000,0.0000125
1785772800000,0.000003281
1785776400000,0.0000035547
1785780000000,0.0000037841
1785783600000,0.0000022049
1785787200000,0.0000021602
1785790800000,0.0000024801
1785794400000,0.0000067946
1785798000000,0.0000057202
1785801600000,0.0000094241
1785805200000,0.0000051724
1785808800000,0.0000125
1785812400000,0.0000125
1785816000000,0.0000125
1785819600000,0.0000125
1785823200000,0.0000004559
1785826800000,-0.0000012592
1785830400000,0.0000087776
1785834000000,-0.0000020694
1785837600000,-0.0000077132
1785841200000,0.0000039385
1785844800000,0.0000122203
1785848400000,0.00000761
1785852000000,0.0000066402
1785855600000,0.0000066378
1785859200000,0.0000055411
1785862800000,0.000001945
1785866400000,0.000002923
1785870000000,-0.0000009478
1785873600000,0.000002897
1785877200000,0.000005014
1785880800000,0.0000026213
1785884400000,0.0000072214
1785888000000,-0.0000047586
1785891600000,-0.0000063896
1785895200000,0.0000104449
1785898800000,0.0000057148
1785902400000,0.0000053112
1785906000000,0.0000074786
1785909600000,0.0000088746
1785913200000,0.0000038049
1785916800000,0.0000050181
1785920400000,0.0000103047
1785924000000,0.0000125
1785927600000,0.0000002342
1785931200000,0.0000009258
1785934800000,-0.0000068206
1785938400000,0.0000030143
1785942000000,-0.0000046503
1785945600000,-0.0000052202
1785949200000,0.0000012631
1785952800000,-0.0000016918
1785956400000,0.0000065742
1785960000000,0.0000039349
1785963600000,0.0000017145
1785967200000,-0.0000001219
1785970800000,-0.0000013185
1785974400000,-0.0000006356
1785978000000,0.0000103837
1785981600000,0.0000125
1785985200000,0.0000099985
1785988800000,0.0000115095
1785992400000,0.0000125
1785996000000,0.0000045674
1785999600000,0.0000050413
1786003200000,-0.0000035615
1786006800000,-0.0000104905
1786010400000,-0.0000058254
1786014000000,-0.0000089056
1786017600000,0.0000016639
1786021200000,0.0000062042
1786024800000,0.0000121793
1786028400000,0.0000028139
1786032000000,0.000000747
1786035600000,0.0000070769
1786039200000,0.0000011275
1786042800000,0.0000033755
1786046400000,0.0000042382
1786050000000,0.0000081899
1786053600000,0.0000040959
1786057200000,0.0000057432
1786060800000,0.000006722
1786064400000,0.0000066714
1786068000000,0.0000063921
1786071600000,0.0000095502
1786075200000,0.0000082941
1786078800000,0.0000125
1786082400000,0.0000061596
1786086000000,0.0000044936
1786089600000,0.0000053571
1786093200000,0.000004812
1786096800000,-0.0000046295
1786100400000,-0.0000099657
1786104000000,0.0000007517
1786107600000,-0.0000036871
1786111200000,-0.0000073377
1786114800000,0.0000021433
1786118400000,0.0000046864
1786122000000,0.0000027028
1786125600000,0.0000077279
1786129200000,0.0000018628
1786132800000,-0.0000006363
1786136400000,-0.0000031677
1786140000000,-0.0000028326
1786143600000,-0.0000062416
1786147200000,-0.0000034878
1786150800000,-0.0000026263
1786154400000,-0.0000006448
1786158000000,-0.0000008053
1786161600000,0.0000034063
1786165200000,0.000007973
1786168800000,0.0000044602
1786172400000,0.0000075793
1786176000000,0.0000018676
1786179600000,0.0000071859
1786183200000,0.0000055989
1786186800000,0.0000073031
1786190400000,0.0000019064
1786194000000,0.0000002249
1786197600000,0.0000037403
1786201200000,0.0000103643
1786204800000,0.0000116551
1786208400000,0.0000125
1786212000000,0.0000125
1786215600000,0.0000079939
1786219200000,0.0000005799
1786222800000,0.0000007632
1786226400000,0.0000010885
1786230000000,-0.0000046189
1786233600000,0.0000058834
1786237200000,0.0000046458
1786240800000,0.0000077206
1786244400000,0.0000061763
1786248000000,0.0000069998
1786251600000,0.0000075926
1786255200000,0.0000081233
1786258800000,0.0000063524
1786262400000,0.000003771
1786266000000,0.0000045137
1786269600000,0.0000125
1786273200000,0.0000074875
1786276800000,0.0000121653
1786280400000,0.0000029844
1786284000000,0.0000086098
1786287600000,0.0000051382
1786291200000,-0.0000017894
1786294800000,0.0000057059
1786298400000,-0.0000020509
1786302000000,-0.0000035059
1786305600000,0.0000071602
1786309200000,0.0000012476
1786312800000,0.0000088951
1786316400000,0.0000082009
1786320000000,0.0000044336
1786323600000,0.0000059101
1786327200000,0.0000085157
1786330800000,0.0000101357
1786334400000,0.0000091852
1786338000000,0.0000125
1786341600000,0.0000125
1786345200000,0.0000054127
1786348800000,0.0000116814
1786352400000,0.0000095582
1786356000000,0.0000125
1786359600000,0.0000125
1786363200000,0.0000125
1786366800000,0.0000125
1786370400000,0.0000125
1786374000000,0.0000125
1786377600000,0.0000125
1786381200000,0.0000125
1786384800000,0.0000125
1786388400000,0.0000125
1786392000000,0.0000125
1786395600000,0.0000125
1786399200000,0.0000125
1786402800000,0.0000125
1786406400000,0.0000125
1786410000000,0.0000125
1786413600000,0.0000125
1786417200000,0.0000125
1786420800000,0.0000125
1786424400000,0.0000125
1786428000000,0.0000125
1786431600000,0.0000125
1786435200000,0.0000125
1786438800000,0.0000125
1786442400000,0.0000125
1786446000000,0.0000092609
1786449600000,0.0000075508
1786453200000,0.000001172
1786456800000,0.0000049417
1786460400000,0.0000125
1786464000000,0.0000112217
1786467600000,0.0000098951
1786471200000,0.0000125
1786474800000,0.0000068449
1786478400000,0.0000028934
1786482000000,0.0000037948
1786485600000,-0.000000404
1786489200000,0.0000009864
1786492800000,0.0000018184
1786496400000,0.0000097266
1786500000000,0.0000125
1786503600000,0.0000030474
1786507200000,0.0000038001
1786510800000,0.000001959
1786514400000,0.0000030027
1786518000000,0.0000088804
1786521600000,0.0000104171
1786525200000,0.0000028919
1786528800000,0.000005998
1786532400000,0.0000125
1786536000000,0.0000099114
1786539600000,0.0000114935
1786543200000,0.0000125
1786546800000,0.0000125
1786550400000,0.0000125
1786554000000,0.0000125
1786557600000,0.0000125
1786561200000,0.0000125
1786564800000,0.0000125
1786568400000,0.0000125
1786572000000,0.0000125
1786575600000,0.0000125
1786579200000,0.0000125
1786582800000,0.0000125
1786586400000,0.0000125
1786590000000,0.0000125
1786593600000,0.0000125
1786597200000,0.0000125
1786600800000,0.0000125
1786604400000,0.0000085818
1786608000000,0.0000003846
1786611600000,0.0000008789
1786615200000,0.000003696
1786618800000,0.0000097988
1786622400000,0.0000081549
1786626000000,0.0000125
1786629600000,0.0000118671
1786633200000,0.0000125
1786636800000,0.0000125
1786640400000,0.0000125
1786644000000,0.0000125
1786647600000,0.0000125
1786651200000,0.0000125
1786654800000,0.0000125
1786658400000,0.0000125
1786662000000,0.0000125
1786665600000,0.0000125
1786669200000,0.0000125
1786672800000,0.0000125
1786676400000,0.0000125
1786680000000,0.0000125
1786683600000,0.0000125
1786687200000,0.0000125
1786690800000,0.0000125
1786694400000,0.0000125
1786698000000,0.0000125
1786701600000,0.0000125
1786705200000,0.0000125
1786708800000,0.0000125
1786712400000,0.0000125
1786716000000,0.0000125
1786719600000,0.0000125
1786723200000,0.0000125
1786726800000,0.0000125
1786730400000,0.0000125
1786734000000,0.0000125
1786737600000,0.0000125
1786741200000,0.0000125
1786744800000,0.0000125
1786748400000,0.0000125
1786752000000,0.0000125
1786755600000,0.0000125
1786759200000,0.0000125
1786762800000,0.0000125
1786766400000,0.0000125
1786770000000,0.0000125
1786773600000,0.0000125
1786777200000,0.0000125
1786780800000,0.0000125
1786784400000,0.0000125
1786788000000,0.0000125
1786791600000,0.0000125
1786795200000,0.0000125
1786798800000,0.0000125
1786802400000,0.0000125
1786806000000,0.0000125
1786809600000,0.0000125
1786813200000,0.0000125
1786816800000,0.0000125
1786820400000,0.0000099101
1786824000000,0.0000125
1786827600000,0.000010294
1786831200000,0.0000125
1786834800000,0.0000125
1786838400000,0.0000125
1786842000000,0.0000125
1786845600000,0.0000125
1786849200000,0.0000125
1786852800000,0.0000125
1786856400000,0.0000125
1786860000000,0.0000067595
1786863600000,0.0000125
1786867200000,0.0000125
1786870800000,0.0000125
1786874400000,0.0000125
1786878000000,0.0000116891
1786881600000,0.0000125
1786885200000,0.0000109822
1786888800000,0.0000125
1786892400000,0.0000125
1786896000000,0.0000125
1786899600000,0.0000082199
1786903200000,0.0000117447
1786906800000,0.0000125
1786910400000,0.0000125
1786914000000,0.000006397
1786917600000,0.0000103011
1786921200000,0.0000125
1786924800000,0.0000125
1786928400000,0.0000125
1786932000000,0.0000094327
1786935600000,0.0000107921
1786939200000,0.0000082737
1786942800000,0.0000076361
1786946400000,0.0000047265
1786950000000,0.0000002644
1786953600000,0.0000011236
1786957200000,0.0000037078
1786960800000,-0.0000009839
1786964400000,0.0000007425
1786968000000,0.0000027622
1786971600000,-0.000003098
1786975200000,0.0000005794
1786978800000,-0.0000008265
1786982400000,-0.0000034034
1786986000000,-0.0000077952
1786989600000,-0.0000028391
1786993200000,-0.0000051835
1786996800000,-0.0000134577
1787000400000,-0.0000111512
1787004000000,-0.0000138638
1787007600000,-0.0000123404
1787011200000,-0.0000114363
1787014800000,-0.0000112613
1787018400000,-0.000011504
1787022000000,-0.0000095643
1787025600000,-0.0000023276
1787029200000,-0.0000050045
1787032800000,-0.0000003588
1787036400000,-0.0000021395
1787040000000,-0.0000019325
1787043600000,-0.0000005434
1787047200000,-0.0000048273
1787050800000,0.00000109
1787054400000,0.0000045366
1787058000000,-0.0000020903
1787061600000,0.0000025736
1787065200000,-0.0000004563
1787068800000,0.0000021628
1787072400000,-0.0000076785
1787076000000,-0.0000028695
1787079600000,-0.0000034418
1787083200000,0.0000007546
1787086800000,0.0000033855
1787090400000,0.0000020959
1787094000000,0.0000038226
1787097600000,0.0000125
1787101200000,0.000002367
1787104800000,-0.0000033533
1787108400000,0.0000007722
1787112000000,0.0000061133
1787115600000,0.0000078289
1787119200000,0.0000061968
1787122800000,0.0000015804
1787126400000,0.000004111
1787130000000,0.0000043357
1787133600000,0.0000025711
1787137200000,0.0000065025
1787140800000,0.0000037062
1787144400000,-0.0000005874
1787148000000,-0.0000007706
1787151600000,-0.0000005729
1787155200000,0.0000125
1787158800000,0.0000125
1787162400000,0.0000125
1787166000000,0.0000103515
1787169600000,0.0000072691
1787173200000,0.0000125
1787176800000,0.0000125
1787180400000,0.0000125
1787184000000,0.0000125
1787187600000,0.0000125
1787191200000,0.0000125
1787194800000,0.0000125
1787198400000,0.0000125
1787202000000,0.0000125
1787205600000,0.0000125
1787209200000,0.0000125
1787212800000,0.0000125
1787216400000,0.0000125
1787220000000,0.0000125
1787223600000,0.0000125
1787227200000,0.0000125
1787230800000,0.0000125
1787234400000,0.0000125
1787238000000,0.0000125
1787241600000,0.0000125
1787245200000,0.0000125
1787248800000,0.0000125
1787252400000,0.0000125
1787256000000,0.0000125
1787259600000,0.0000125
1787263200000,0.0000125
1787266800000,0.0000078576
1787270400000,0.0000115542
1787274000000,0.0000125
1787277600000,0.0000125
1787281200000,0.0000125
1787284800000,0.0000125
1787288400000,0.0000125
1787292000000,0.0000125
1787295600000,0.0000125
1787299200000,0.0000125
1787302800000,0.0000125
1787306400000,0.0000125
1787310000000,0.0000125
1787313600000,0.0000125
1787317200000,0.0000125
1787320800000,0.0000125
1787324400000,0.0000125
1787328000000,0.0000125
1787331600000,0.0000125
1787335200000,0.0000125
1787338800000,0.0000125
1787342400000,0.0000125
1787346000000,0.0000125
1787349600000,0.0000125
1787353200000,0.0000125
1787356800000,0.0000125
1787360400000,0.0000125
1787364000000,0.0000125
1787367600000,0.0000125
1787371200000,0.0000125
1787374800000,0.0000200245
1787378400000,0.0000125
1787382000000,0.0000180129
1787385600000,0.0000125
1787389200000,0.0000125
1787392800000,0.0000125
1787396400000,0.0000125
1787400000000,0.0000125
1787403600000,0.0000125
1787407200000,0.0000139297
1787410800000,0.000013762
1787414400000,0.0000183655
1787418000000,0.0000237022
1787421600000,0.0000253473
1787425200000,0.000016638
1787428800000,0.0000278738
1787432400000,0.0000346891
1787436000000,0.0000258199
1787439600000,0.0000258502
1787443200000,0.0000288143
1787446800000,0.0000296141
1787450400000,0.0000279927
1787454000000,0.0000216775
1787457600000,0.0000221886
1787461200000,0.0000125
1787464800000,0.0000125
1787468400000,0.0000125
1787472000000,0.0000125
1787475600000,0.0000198047
1787479200000,0.0000225142
1787482800000,0.0000157986
1787486400000,0.0000125
1787490000000,0.0000125
1787493600000,0.0000201648
1787497200000,0.0000129964
1787500800000,0.0000125
1787504400000,0.0000125
1787508000000,0.0000125
1787511600000,0.0000125
1787515200000,0.0000125
1787518800000,0.0000125
1787522400000,0.0000312444
1787526000000,0.0000324491
1787529600000,0.000028976
1787533200000,0.0000332124
1787536800000,0.0000165587
1787540400000,0.0000125
1787544000000,0.0000125
1787547600000,0.0000169376
1787551200000,0.0000133537
1787554800000,0.0000125
1787558400000,0.0000224948
1787562000000,0.0000125
1787565600000,0.0000125
1787569200000,0.0000125
1787572800000,0.0000230331
1787576400000,0.000037785
1787580000000,0.0000231871
1787583600000,0.0000354289
1787587200000,0.0000125
1787590800000,0.0000125
1787594400000,0.0000125
1787598000000,0.0000125
1787601600000,0.0000125
1787605200000,0.0000125
1787608800000,0.0000125
1787612400000,0.0000125
1787616000000,0.0000125
1787619600000,0.0000125
1787623200000,0.0000125
1787626800000,0.0000125
1787630400000,0.0000125
1787634000000,0.0000125
1787637600000,0.0000125
1787641200000,0.0000125
1787644800000,0.0000125
1787648400000,0.0000125
1787652000000,0.0000125
1787655600000,0.0000125
1787659200000,0.0000125
1787662800000,0.0000125
1787666400000,0.0000125
1787670000000,0.0000125
1787673600000,0.0000125
1787677200000,0.0000125
1787680800000,0.0000125
1787684400000,0.0000125
1787688000000,0.0000125
1787691600000,0.0000125
1787695200000,0.0000125
1787698800000,0.0000125
1787702400000,0.0000090053
1787706000000,0.0000125
1787709600000,0.0000125
1787713200000,0.0000125
1787716800000,0.0000125
1787720400000,0.0000125
1787724000000,0.0000125
1787727600000,0.0000125
1787731200000,0.0000125
1787734800000,0.0000125
1787738400000,0.0000125
1787742000000,0.0000125
1787745600000,0.0000125
1787749200000,0.0000125
1787752800000,0.0000125
1787756400000,0.0000125
1787760000000,0.0000125
1787763600000,0.0000125
1787767200000,0.0000125
1787770800000,0.0000125
1787774400000,0.0000125
1787778000000,0.0000125
1787781600000,0.0000125
1787785200000,0.0000125
1787788800000,0.0000125
1787792400000,0.0000125
1787796000000,0.0000125
1787799600000,0.0000125
1787803200000,0.0000125
1787806800000,0.0000125
1787810400000,0.0000125
1787814000000,0.0000125
1787817600000,0.0000125
1787821200000,0.0000125
1787824800000,0.0000125
1787828400000,0.0000125
1787832000000,0.0000125
1787835600000,0.0000125
1787839200000,0.0000125
1787842800000,0.0000125
1787846400000,0.0000125
1787850000000,0.0000125
1787853600000,0.0000102038
1787857200000,0.0000125
1787860800000,0.0000125
1787864400000,0.0000125
1787868000000,0.0000125
1787871600000,0.0000125
1787875200000,0.0000125
1787878800000,0.0000125
1787882400000,0.0000125
1787886000000,0.0000104552
1787889600000,0.0000113113
1787893200000,0.0000099497
1787896800000,0.0000125
1787900400000,0.0000125
1787904000000,0.0000125
1787907600000,0.0000125
1787911200000,0.000010785
1787914800000,0.0000125
1787918400000,0.0000125
1787922000000,0.0000079799
1787925600000,0.0000085158
1787929200000,0.0000125
1787932800000,0.0000125
1787936400000,0.0000125
1787940000000,0.0000125
1787943600000,0.000006632
1787947200000,0.0000124229
1787950800000,0.0000125
1787954400000,0.0000125
1787958000000,0.0000125
1787961600000,0.0000125
1787965200000,0.0000125
1787968800000,0.0000073613
1787972400000,0.000008807
1787976000000,0.000009353
1787979600000,0.0000125
1787983200000,0.0000125
1787986800000,0.0000125
1787990400000,0.0000125
1787994000000,0.000008063
1787997600000,0.0000125
1788001200000,0.0000125
1788004800000,0.0000125
1788008400000,0.0000125
1788012000000,0.0000125
1788015600000,0.0000125
1788019200000,0.0000125
1788022800000,0.0000125
1788026400000,0.0000125
1788030000000,0.0000125
1788033600000,0.0000125
1788037200000,0.0000125
1788040800000,0.0000125
1788044400000,0.0000125
1788048000000,0.0000125
1788051600000,0.0000125
1788055200000,0.0000125
1788058800000,0.0000125
1788062400000,0.0000125
1788066000000,0.0000125
1788069600000,0.0000125
1788073200000,0.0000125
1788076800000,0.0000125
1788080400000,0.0000125
1788084000000,0.0000125
1788087600000,0.0000125
1788091200000,0.0000125
1788094800000,0.0000125
1788098400000,0.0000125
1788102000000,0.0000125
1788105600000,0.0000125
1788109200000,0.0000125
1788112800000,0.0000125
1788116400000,0.0000125
1788120000000,0.0000125
1788123600000,0.0000125
1788127200000,0.0000125
1788130800000,0.0000125
1788134400000,0.0000125
1788138000000,0.0000125
1788141600000,0.0000125
1788145200000,0.0000125
1788148800000,0.0000125
1788152400000,0.0000125
1788156000000,0.0000125
1788159600000,0.0000125
1788163200000,0.0000125
1788166800000,0.0000125
1788170400000,0.0000125
1788174000000,0.0000125
1788177600000,0.0000125
1788181200000,0.0000125
1788184800000,0.0000125
1788188400000,0.0000125
1788192000000,0.0000125
1788195600000,0.0000125
1788199200000,0.0000125
1788202800000,0.0000125
1788206400000,0.0000125
1788210000000,0.0000125
1788213600000,0.0000125
1788217200000,0.0000125
1788220800000,0.0000125
1788224400000,0.0000125
1788228000000,0.0000125
1788231600000,0.0000125
1788235200000,0.0000125
1788238800000,0.0000125
1788242400000,0.0000125
1788246000000,0.0000125
1788249600000,0.0000125
1788253200000,0.0000125
1788256800000,0.0000125
1788260400000,0.0000125
1788264000000,0.0000125
1788267600000,0.0000125
1788271200000,0.0000125
1788274800000,0.0000125
1788278400000,0.0000125
1788282000000,0.0000125
1788285600000,0.0000125
1788289200000,0.0000125
1788292800000,0.0000125
1788296400000,0.0000125
1788300000000,0.0000125
1788303600000,0.0000125
1788307200000,0.0000125
1788310800000,0.0000125
1788314400000,0.0000125
1788318000000,0.0000125
1788321600000,0.0000125
1788325200000,0.0000125
1788328800000,0.0000125
1788332400000,0.0000125
1788336000000,0.0000125
1788339600000,0.0000125
1788343200000,0.0000125
1788346800000,0.0000125
1788350400000,0.0000125
1788354000000,0.0000125
1788357600000,0.0000125
1788361200000,0.0000125
1788364800000,0.0000125
1788368400000,0.0000125
1788372000000,0.0000125
1788375600000,0.0000125
1788379200000,0.0000125
1788382800000,0.0000125
1788386400000,0.0000125
1788390000000,0.0000125
1788393600000,0.0000125
1788397200000,0.0000125
1788400800000,0.0000125
1788404400000,0.0000125
1788408000000,0.0000125
1788411600000,0.0000125
1788415200000,0.0000125
1788418800000,0.0000125
1788422400000,0.0000125
1788426000000,0.0000125
1788429600000,0.0000125
1788433200000,0.0000125
1788436800000,0.0000125
1788440400000,0.0000125
1788444000000,0.0000125
1788447600000,0.0000125
1788451200000,0.0000125
1788454800000,0.0000125
1788458400000,0.0000125
1788462000000,0.0000036007
1788465600000,0.0000095318
1788469200000,-0.0000020564
1788472800000,0.000006642
1788476400000,0.0000019582
1788480000000,0.0000125
1788483600000,0.0000125
1788487200000,0.0000043313
1788490800000,0.0000046781
1788494400000,0.0000125
1788498000000,0.0000125
1788501600000,0.0000125
1788505200000,0.0000125
1788508800000,0.0000125
1788512400000,0.0000125
1788516000000,0.0000125
1788519600000,0.0000125
1788523200000,0.0000125
1788526800000,0.0000125
1788530400000,0.0000125
1788534000000,0.0000125
1788537600000,0.0000053386
1788541200000,0.0000125
1788544800000,0.0000125
1788548400000,0.0000125
1788552000000,0.0000125
1788555600000,0.0000125
1788559200000,0.0000125
1788562800000,0.0000072241
1788566400000,0.000007018
1788570000000,0.0000084909
1788573600000,0.0000074789
1788577200000,0.000008866
1788580800000,0.0000125
1788584400000,0.000006435
1788588000000,0.0000096518
1788591600000,0.0000125
1788595200000,0.0000093555
1788598800000,0.0000086426
1788602400000,0.0000095552
1788606000000,0.0000002876
1788609600000,0.0000028428
1788613200000,-0.0000013164
1788616800000,0.000004271
1788620400000,0.0000087441
1788624000000,0.0000088472
1788627600000,0.0000125
1788631200000,0.0000125
1788634800000,0.0000125
1788638400000,0.0000125
1788642000000,0.0000084494
1788645600000,0.0000125
1788649200000,0.0000125
1788652800000,0.0000125
1788656400000,0.0000125
1788660000000,0.0000125
1788663600000,0.0000125
1788667200000,0.0000125
1788670800000,0.0000125
1788674400000,0.0000125
1788678000000,0.0000125
1788681600000,0.0000125
1788685200000,0.0000125
1788688800000,0.0000125
1788692400000,0.0000125
1788696000000,0.0000125
1788699600000,0.0000125
1788703200000,0.0000125
1788706800000,0.0000125
1788710400000,0.0000125
1788714000000,0.0000125
1788717600000,0.0000125
1788721200000,0.0000125
1788724800000,0.0000125
1788728400000,0.0000125
1788732000000,0.0000125
1788735600000,0.0000125
1788739200000,0.0000125
1788742800000,0.0000125
1788746400000,0.0000125
1788750000000,0.0000125
1788753600000,0.0000125
1788757200000,0.0000125
1788760800000,0.0000125
1788764400000,0.0000125
1788768000000,0.0000107951
1788771600000,0.0000105166
1788775200000,0.0000125
1788778800000,0.0000125
1788782400000,0.0000125
1788786000000,0.0000125
1788789600000,0.0000125
1788793200000,0.0000017795
1788796800000,-0.000002523
1788800400000,-0.0000039077
1788804000000,-0.0000037952
1788807600000,-0.0000113921
1788811200000,-0.0000010796
1788814800000,-0.0000080253
1788818400000,-0.0000111157
1788822000000,-0.0000124539
1788825600000,-0.0000090535
1788829200000,-0.0000062706
1788832800000,-0.0000045839
1788836400000,-0.0000039132
1788840000000,0.0000051997
1788843600000,-0.0000032788
1788847200000,-0.0000096218
1788850800000,-0.0000082712
1788854400000,-0.0000049481
1788858000000,-0.0000054604
1788861600000,0.000005987
1788865200000,0.0000125
1788868800000,0.0000054036
1788872400000,0.0000074786
1788876000000,0.0000125
1788879600000,0.0000125
1788883200000,0.0000125
1788886800000,0.0000125
1788890400000,0.0000117931
1788894000000,0.0000125
1788897600000,0.0000058715
1788901200000,0.000001845
1788904800000,0.0000045582
1788908400000,0.0000098287
1788912000000,0.0000098551
1788915600000,0.0000105909
1788919200000,0.0000125
1788922800000,0.0000125
1788926400000,0.0000125
1788930000000,0.0000125
1788933600000,0.0000125
1788937200000,0.0000125
1788940800000,0.0000125
1788944400000,0.0000125
1788948000000,0.0000125
1788951600000,0.0000125
1788955200000,0.0000125
1788958800000,0.0000125
1788962400000,0.0000125
1788966000000,0.0000125
1788969600000,0.0000125
1788973200000,0.0000125
1788976800000,0.0000125
1788980400000,0.0000125
1788984000000,0.0000016849
1788987600000,-0.0000036421
1788991200000,-0.0000073913
1788994800000,-0.0000105282
1788998400000,-0.0000027577
1789002000000,0.0000050509
1789005600000,-0.000001429
1789009200000,0.0000012553
1789012800000,0.0000110503
1789016400000,0.00001094
1789020000000,0.0000110442
1789023600000,0.0000083287
1789027200000,-0.0000013024
1789030800000,0.0000072217
1789034400000,0.0000094897
1789038000000,0.0000058632
1789041600000,0.0000100655
1789045200000,0.0000125
1789048800000,0.0000125
1789052400000,0.0000125
1789056000000,0.0000125
1789059600000,0.0000125
1789063200000,0.0000125
1789066800000,0.0000125
1789070400000,0.0000125
1789074000000,0.0000125
1789077600000,0.0000125
1789081200000,0.0000125
1789084800000,0.0000103871
1789088400000,0.0000125
1789092000000,0.0000125
1789095600000,0.0000125
1789099200000,0.0000125
1789102800000,0.0000125
1789106400000,0.0000125
1789110000000,0.0000125
1789113600000,0.0000125
1789117200000,0.0000084408
1789120800000,-0.0000073345
1789124400000,-0.0000033257
1789128000000,0.0000038944
1789131600000,0.0000125
1789135200000,0.0000125
1789138800000,0.0000125
1789142400000,0.0000125
1789146000000,0.0000125
1789149600000,0.0000066828
1789153200000,-0.0000001242
1789156800000,-0.000000148
1789160400000,0.0000009324
1789164000000,-0.0000068663
1789167600000,-0.0000009285
1789171200000,-0.0000005033
1789174800000,0.0000103924
1789178400000,0.0000125
1789182000000,0.0000108623
1789185600000,0.0000042242
1789189200000,0.0000107257
1789192800000,0.0000045516
1789196400000,0.0000053916
1789200000000,-0.0000072826
1789203600000,-0.0000131739
1789207200000,-0.0000159518
1789210800000,-0.0000098374
1789214400000,-0.000000562
1789218000000,0.000002403
1789221600000,0.0000058827
1789225200000,0.0000054689
1789228800000,-0.0000031821
1789232400000,0.0000043977
1789236000000,0.0000004764
1789239600000,-0.0000045448
1789243200000,0.0000040269
1789246800000,0.0000056104
1789250400000,0.000006007
1789254000000,0.000004127
1789257600000,0.0000057025
1789261200000,0.0000096371
1789264800000,0.0000125
1789268400000,0.0000125
1789272000000,0.0000125
1789275600000,0.000011898
1789279200000,0.0000035602
1789282800000,0.0000091338
1789286400000,0.0000001698
1789290000000,-0.000003819
1789293600000,-0.0000129538
1789297200000,-0.0000138582
1789300800000,-0.0000118779
1789304400000,-0.0000107648
1789308000000,-0.0000091562
1789311600000,0.000009372
1789315200000,-0.0000079395
1789318800000,0.0000064524
1789322400000,0.0000125
1789326000000,0.0000125
1789329600000,0.0000125
1789333200000,0.0000125
1789336800000,0.0000125
1789340400000,0.0000125
1789344000000,0.0000125
1789347600000,0.0000125
1789351200000,0.0000125
1789354800000,0.0000125
1789358400000,0.0000125
1789362000000,0.0000125
1789365600000,0.0000125
1789369200000,0.0000125
1789372800000,0.0000125
1789376400000,0.0000125
1789380000000,0.0000125
1789383600000,0.0000102144
1789387200000,0.0000125
1789390800000,0.0000125
1789394400000,0.0000125
1789398000000,0.0000125
1789401600000,0.0000125
1789405200000,0.0000125
1789408800000,0.0000125
1789412400000,0.0000125
1789416000000,0.0000125
1789419600000,0.0000125
1789423200000,0.0000125
1789426800000,0.0000097039
1789430400000,0.0000125
1789434000000,0.0000125
1789437600000,0.0000125
1789441200000,0.0000125
1789444800000,0.0000125
1789448400000,0.0000125
1789452000000,0.0000125
1789455600000,0.000008608
1789459200000,-0.0000031248
1789462800000,0.0000125
1789466400000,0.0000125
1789470000000,0.0000125
1789473600000,0.0000125
1789477200000,0.0000125
1789480800000,0.0000125
1789484400000,0.0000125
1789488000000,0.0000125
1789491600000,0.000009533
1789495200000,0.0000125
1789498800000,0.0000103109
1789502400000,0.0000123598
1789506000000,0.0000093333
1789509600000,0.0000091338
1789513200000,0.0000102072
1789516800000,0.0000108086
1789520400000,0.0000121721
1789524000000,0.0000125
1789527600000,0.0000125
1789531200000,0.0000125
1789534800000,0.0000125
1789538400000,0.0000125
1789542000000,0.0000125
1789545600000,0.0000125
1789549200000,0.000009959
1789552800000,0.000012349
1789556400000,0.0000125
1789560000000,0.0000125
1789563600000,0.0000125
1789567200000,0.0000125
1789570800000,0.0000125
1789574400000,0.0000125
1789578000000,0.0000125
1789581600000,0.0000125
1789585200000,0.0000125
1789588800000,0.0000125
1789592400000,0.0000074758
1789596000000,0.0000065189
1789599600000,0.0000054607
1789603200000,0.0000125
1789606800000,0.0000098194
1789610400000,0.0000090291
1789614000000,0.0000125
1789617600000,0.0000125
1789621200000,0.0000108292
1789624800000,0.0000107686
1789628400000,0.0000049277
1789632000000,0.0000081083
1789635600000,0.0000095561
1789639200000,0.0000124143
1789642800000,0.0000083764
1789646400000,0.0000041969
1789650000000,0.0000107079
1789653600000,0.0000125
1789657200000,0.0000125
1789660800000,0.0000125
1789664400000,0.0000125
1789668000000,0.0000125
1789671600000,0.0000125
1789675200000,0.0000125
1789678800000,0.0000125
1789682400000,0.0000125
1789686000000,0.0000095972
1789689600000,0.0000114752
1789693200000,0.0000068916
1789696800000,0.0000122229
1789700400000,0.0000050862
1789704000000,0.0000076136
1789707600000,0.0000116053
1789711200000,0.0000125
1789714800000,0.0000099136
1789718400000,0.0000125
1789722000000,0.0000125
1789725600000,0.0000125
1789729200000,0.0000125
1789732800000,0.0000125
1789736400000,0.0000125
1789740000000,0.0000125
1789743600000,0.0000125
1789747200000,0.0000125
1789750800000,0.0000125
1789754400000,0.0000125
1789758000000,0.0000125
1789761600000,0.0000125
1789765200000,0.0000125
1789768800000,0.0000125
1789772400000,0.0000125
1789776000000,0.0000125
1789779600000,0.0000125
1789783200000,0.0000125
1789786800000,0.0000125
1789790400000,0.0000125
1789794000000,0.0000125
1789797600000,0.0000125
1789801200000,0.0000125
1789804800000,0.0000160878
1789808400000,0.0000125
1789812000000,0.0000125
1789815600000,0.0000125
1789819200000,0.0000125
1789822800000,0.0000125
1789826400000,0.0000125
1789830000000,0.0000125
1789833600000,0.0000125
1789837200000,0.0000125
1789840800000,0.0000125
1789844400000,0.0000125
1789848000000,0.0000125
1789851600000,0.0000125
1789855200000,0.0000125
1789858800000,0.0000125
1789862400000,0.0000125
1789866000000,0.0000125
1789869600000,0.0000125
1789873200000,0.0000125
1789876800000,0.0000125
1789880400000,0.0000125
1789884000000,0.0000125
1789887600000,0.0000125
1789891200000,0.0000125
1789894800000,0.0000125
1789898400000,0.0000125
1789902000000,0.0000125
1789905600000,0.0000125
1789909200000,0.0000125
1789912800000,0.0000125
1789916400000,0.0000125
1789920000000,0.0000125
1789923600000,0.0000125
1789927200000,0.0000125
1789930800000,0.0000125
1789934400000,0.0000125
1789938000000,0.0000125
1789941600000,0.0000125
1789945200000,0.0000125
1789948800000,0.0000125
1789952400000,0.0000125
1789956000000,0.0000125
1789959600000,0.0000125
1789963200000,0.0000125
1789966800000,0.0000125
1789970400000,0.0000125
1789974000000,0.0000125
1789977600000,0.0000125
1789981200000,0.0000284316
1789984800000,0.0000897697
1789988400000,0.000023337
1789992000000,0.0000125
1789995600000,0.0000477311
1789999200000,0.0000189847
1790002800000,0.0000201425
1790006400000,0.0000287258
1790010000000,0.000017139
1790013600000,0.0000188648
1790017200000,0.0000188614
1790020800000,0.0000206154
1790024400000,0.0000170272
1790028000000,0.0000125
1790031600000,0.0000125
1790035200000,0.0000125
1790038800000,0.0000125
1790042400000,0.0000125
1790046000000,0.0000125
1790049600000,0.0000125
1790053200000,0.0000125
1790056800000,0.0000125
1790060400000,0.0000125
1790064000000,0.0000166959
1790067600000,0.0000163722
1790071200000,0.0000186412
1790074800000,0.0000200887
1790078400000,0.0000179008
1790082000000,0.0000161461
1790085600000,0.0000125
1790089200000,0.0000125
1790092800000,0.0000125
1790096400000,0.0000125
1790100000000,0.0000125
1790103600000,0.0000125
1790107200000,0.0000125
1790110800000,0.0000125
1790114400000,0.0000125
1790118000000,0.0000125
1790121600000,0.0000125
1790125200000,0.0000125
1790128800000,0.0000125
1790132400000,0.0000125
1790136000000,0.0000125
1790139600000,0.0000125
1790143200000,0.0000125
1790146800000,0.0000126308
1790150400000,0.0000125
1790154000000,0.0000125
1790157600000,0.0000125
1790161200000,0.0000125
1790164800000,0.0000125
1790168400000,0.0000125
1790172000000,0.0000125
1790175600000,0.0000125
1790179200000,0.0000125
1790182800000,0.0000125
1790186400000,0.0000125
1790190000000,0.0000125
1790193600000,0.0000125
1790197200000,0.0000117345
1790200800000,0.0000125
1790204400000,0.0000125
1790208000000,0.0000125
1790211600000,0.0000125
1790215200000,0.0000125
1790218800000,-0.0000072281
1790222400000,-0.0000060906
1790226000000,-0.0000015464
1790229600000,0.0000001554
1790233200000,0.0000013191
1790236800000,0.0000117261
1790240400000,0.0000037601
1790244000000,-0.0000025908
1790247600000,0.0000125
1790251200000,0.0000125
1790254800000,0.0000125
1790258400000,0.0000125
1790262000000,0.0000125
1790265600000,0.0000125
1790269200000,0.0000125
1790272800000,0.0000125
1790276400000,0.0000125
1790280000000,0.0000125
1790283600000,0.0000125
1790287200000,0.0000125
1790290800000,0.0000125
1790294400000,0.0000125
1790298000000,0.0000125
1790301600000,0.0000125
1790305200000,0.0000125
1790308800000,0.0000125
1790312400000,0.0000125
1790316000000,0.0000125
1790319600000,0.0000125
1790323200000,0.0000125
1790326800000,0.0000125
1790330400000,0.0000125
1790334000000,0.0000125
1790337600000,0.0000125
1790341200000,0.0000125
1790344800000,0.0000125
1790348400000,0.0000125
1790352000000,0.0000125
1790355600000,0.0000125
1790359200000,0.0000125
1790362800000,0.0000125
1790366400000,0.0000125
1790370000000,0.0000125
1790373600000,0.0000065881
1790377200000,0.0000125
1790380800000,0.0000074391
1790384400000,0.0000051046
1790388000000,0.0000074897
1790391600000,0.0000071759
1790395200000,0.0000115215
1790398800000,0.0000091074
1790402400000,0.000009395
1790406000000,0.0000104235
1790409600000,0.0000094943
1790413200000,0.0000082963
1790416800000,0.0000125
1790420400000,0.0000125
1790424000000,0.0000125
1790427600000,0.0000111208
1790431200000,0.0000106422
1790434800000,0.0000125
1790438400000,0.0000125
1790442000000,0.0000125
1790445600000,0.0000082686
1790449200000,0.0000069574
1790452800000,0.0000046593
1790456400000,0.0000043499
1790460000000,0.0000027785
1790463600000,0.0000085709
1790467200000,0.0000125
1790470800000,0.0000125
1790474400000,0.0000125
1790478000000,0.0000125
1790481600000,0.0000125
1790485200000,0.0000125
1790488800000,0.0000125
1790492400000,0.0000125
1790496000000,0.0000125
1790499600000,0.0000125
1790503200000,0.0000125
1790506800000,0.0000125
1790510400000,0.0000125
1790514000000,0.0000125
1790517600000,0.0000125
1790521200000,0.0000125
1790524800000,0.0000125
1790528400000,0.0000125
1790532000000,0.0000125
1790535600000,0.0000125
1790539200000,0.0000125
1790542800000,0.0000072729
1790546400000,0.0000125
1790550000000,0.0000077054
1790553600000,0.0000079535
1790557200000,0.0000121536
1790560800000,0.0000010614
1790564400000,-0.000006533
1790568000000,-0.0000102659
1790571600000,-0.0000050762
1790575200000,-0.0000056554
1790578800000,0.0000016044
1790582400000,0.0000022113
1790586000000,0.0000107418
1790589600000,0.0000125
1790593200000,0.0000125
1790596800000,0.0000125
1790600400000,0.0000125
1790604000000,0.0000125
1790607600000,0.0000125
1790611200000,0.0000125
1790614800000,0.0000125
1790618400000,0.0000125
1790622000000,0.0000125
1790625600000,0.0000125
1790629200000,0.0000044877
1790632800000,-0.0000012815
1790636400000,-0.0000081007
1790640000000,-0.0000009017
1790643600000,0.0000008985
1790647200000,-0.0000005916
1790650800000,-0.0000008734
1790654400000,0.0000008865
1790658000000,0.0000039579
1790661600000,0.0000081096
1790665200000,0.0000107711
1790668800000,0.0000098115
1790672400000,0.0000038459
1790676000000,0.0000022198
1790679600000,0.0000021329
1790683200000,0.0000103496
1790686800000,0.0000114704
1790690400000,0.0000125
1790694000000,0.0000106749
1790697600000,0.0000125
1790701200000,0.0000125
1790704800000,0.0000125
1790708400000,0.0000125
1790712000000,0.0000125
1790715600000,0.0000125
1790719200000,0.0000114615
1790722800000,0.0000098043
1790726400000,0.0000065679
1790730000000,0.0000001303
1790733600000,0.0000035199
1790737200000,0.0000038856
1790740800000,0.0000074702
1790744400000,0.0000057355
1790748000000,0.0000051788
1790751600000,0.0000039309
1790755200000,0.0000038794
1790758800000,-0.0000013368
1790762400000,0.0000031582
1790766000000,0.000005602
1790769600000,0.0000056335
1790773200000,0.0000125
1790776800000,0.0000125
1790780400000,0.0000125
1790784000000,0.0000125
1790787600000,0.0000125
1790791200000,0.0000125
1790794800000,0.0000125
1790798400000,0.0000125
1790802000000,0.0000125
1790805600000,0.0000125
1790809200000,0.0000125
