t,o,h,l,c,v
1786711500000,62747,62798,62716,62729,123.7994
1786712400000,62728,62740,62581,62669,702.12803
1786713300000,62668,62781,62623,62768,617.86329
1786714200000,62768,62812,62600,62703,442.51166
1786715100000,62703,62738,62586,62642,904.30262
1786716000000,62641,62710,62581,62589,442.50774
1786716900000,62588,62688,62555,62649,383.18199
1786717800000,62648,62779,62639,62728,315.22375
1786718700000,62727,62756,62523,62606,256.58167
1786719600000,62605,62701,62605,62686,123.33653
1786720500000,62685,62833,62664,62833,335.01609
1786721400000,62832,63018,62773,62983,992.91909
1786722300000,62982,63068,62931,62969,388.01891
1786723200000,62969,63084,62948,63021,343.7269
1786724100000,63020,63143,63009,63097,253.86375
1786725000000,63096,63209,63077,63189,488.32473
1786725900000,63189,63189,63082,63115,207.52937
1786726800000,63115,63165,63094,63155,258.85569
1786727700000,63156,63224,63144,63182,307.7986
1786728600000,63181,63200,63050,63095,550.05236
1786729500000,63096,63110,62976,62988,247.38861
1786730400000,62988,63051,62931,62980,171.65076
1786731300000,62980,63066,62980,63017,165.96607
1786732200000,63016,63022,62929,62952,146.75907
1786733100000,62951,62957,62873,62910,257.90046
1786734000000,62910,62911,62834,62852,258.16593
1786734900000,62851,62923,62820,62914,181.20252
1786735800000,62914,62967,62868,62967,183.06731
1786736700000,62966,62983,62931,62952,112.87149
1786737600000,62951,63013,62951,62962,193.91222
1786738500000,62962,62975,62906,62933,165.16174
1786739400000,62934,62938,62890,62893,170.24039
1786740300000,62895,62922,62880,62891,96.293
1786741200000,62891,62925,62886,62890,59.2691
1786742100000,62889,62912,62875,62875,66.119
1786743000000,62875,62902,62868,62874,90.66683
1786743900000,62873,62918,62867,62917,62.08895
1786744800000,62917,62950,62825,62825,151.6187
1786745700000,62826,62826,62778,62806,402.67153
1786746600000,62807,62862,62806,62861,77.08165
1786747500000,62861,62877,62845,62860,65.74856
1786748400000,62860,62913,62859,62912,42.47656
1786749300000,62913,62936,62838,62929,134.11435
1786750200000,62929,63021,62888,62993,126.47144
1786751100000,62993,63058,62993,63029,198.15079
1786752000000,63029,63043,62987,62998,102.86428
1786752900000,62998,63021,62981,63000,134.56119
1786753800000,63000,63013,62985,63003,27.34991
1786754700000,63008,63020,62981,63004,15.0305
1786755600000,63005,63018,62979,63002,99.84818
1786756500000,63002,63033,62984,63025,36.61042
1786757400000,63025,63033,63008,63018,53.83031
1786758300000,63018,63023,63014,63022,25.01222
1786759200000,63023,63052,63022,63043,36.34521
1786760100000,63044,63105,63043,63091,101.23226
1786761000000,63091,63128,63091,63105,67.66824
1786761900000,63105,63131,63105,63130,25.76607
1786762800000,63131,63141,63120,63137,41.98504
1786763700000,63140,63176,63072,63074,81.12486
1786764600000,63073,63078,63035,63046,27.05062
1786765500000,63046,63064,63036,63037,27.54252
1786766400000,63037,63090,63036,63090,9.74832
1786767300000,63089,63117,63089,63117,85.94484
1786768200000,63117,63139,63115,63139,39.96866
1786769100000,63138,63139,63105,63108,15.25876
1786770000000,63107,63136,63107,63136,26.71463
1786770900000,63136,63144,63108,63108,9.24768
1786771800000,63109,63109,63034,63062,70.55278
1786772700000,63062,63073,63032,63069,73.16279
1786773600000,63069,63069,63030,63030,24.41079
1786774500000,63031,63045,63014,63015,65.94255
1786775400000,63014,63048,63014,63048,19.79782
1786776300000,63048,63108,63047,63089,39.07746
1786777200000,63090,63109,63044,63102,83.41232
1786778100000,63103,63109,63052,63056,17.51023
1786779000000,63057,63074,63047,63059,24.53338
1786779900000,63059,63060,63023,63050,11.1854
1786780800000,63051,63064,63032,63033,23.74945
1786781700000,63033,63040,63021,63022,29.52426
1786782600000,63023,63025,62993,62994,73.35512
1786783500000,62993,63032,62904,62906,215.62752
1786784400000,62906,62938,62890,62938,78.46394
1786785300000,62938,62965,62937,62965,55.95803
1786786200000,62964,63011,62964,63004,147.27575
1786787100000,63004,63024,63003,63010,16.58483
1786788000000,63011,63014,62978,62992,44.25733
1786788900000,62992,62994,62991,62993,6.61345
1786789800000,62993,63021,62991,63015,26.93791
1786790700000,63015,63031,63009,63030,19.57766
1786791600000,63031,63031,63005,63005,24.73784
1786792500000,63005,63020,63000,63008,17.53987
1786793400000,63008,63029,63007,63028,11.21794
1786794300000,63028,63033,62973,63000,8.26903
1786795200000,63000,63000,62961,62961,64.57139
1786796100000,62961,62965,62956,62964,17.06239
1786797000000,62964,62965,62936,62936,19.94487
1786797900000,62937,63029,62923,63029,43.5645
1786798800000,63028,63066,63001,63055,70.76196
1786799700000,63054,63056,63007,63011,123.24562
1786800600000,63010,63026,63002,63002,98.73606
1786801500000,63002,63034,63002,63020,29.04594
1786802400000,63021,63021,63011,63015,16.7717
1786803300000,63014,63015,62967,63010,24.10243
1786804200000,63009,63015,63007,63014,4.57514
1786805100000,63014,63035,63014,63017,45.59403
1786806000000,63017,63017,63013,63016,9.81426
1786806900000,63016,63057,63006,63050,57.59186
1786807800000,63050,63112,63050,63092,237.01618
1786808700000,63093,63093,63074,63074,9.84749
1786809600000,63075,63084,63051,63061,139.94242
1786810500000,63060,63090,63042,63090,74.95033
1786811400000,63089,63092,63067,63070,34.38235
1786812300000,63071,63083,63070,63082,46.05505
1786813200000,63083,63088,63078,63088,50.56592
1786814100000,63087,63088,63043,63043,45.12452
1786815000000,63044,63051,63037,63038,45.50748
1786815900000,63038,63043,63037,63043,22.61968
1786816800000,63043,63077,63042,63074,27.84994
1786817700000,63074,63075,63018,63018,31.22521
1786818600000,63018,63030,63017,63021,29.53591
1786819500000,63021,63026,63021,63026,17.80906
1786820400000,63026,63067,63025,63064,88.68428
1786821300000,63065,63095,63064,63075,12.93413
1786822200000,63075,63103,63073,63085,57.67635
1786823100000,63084,63097,63084,63097,36.67318
1786824000000,63097,63097,63050,63050,109.29438
1786824900000,63050,63051,63047,63048,8.57845
1786825800000,63049,63055,63048,63055,6.97558
1786826700000,63054,63073,63054,63072,18.47668
1786827600000,63073,63073,63072,63072,30.3167
1786828500000,63073,63128,63072,63125,167.72325
1786829400000,63126,63144,63115,63143,67.18272
1786830300000,63144,63144,63127,63135,22.90031
1786831200000,63135,63143,63116,63117,126.31005
1786832100000,63118,63122,63108,63122,33.76765
1786833000000,63122,63134,63121,63125,66.81429
1786833900000,63125,63142,63106,63106,11.35383
1786834800000,63107,63117,63084,63106,23.16011
1786835700000,63106,63106,63086,63087,5.79391
1786836600000,63087,63090,63072,63083,108.06202
1786837500000,63084,63085,63056,63056,86.59563
1786838400000,63057,63057,63040,63045,33.33296
1786839300000,63045,63045,63044,63044,10.29029
1786840200000,63044,63051,63035,63050,37.08905
1786841100000,63051,63069,63048,63061,45.08233
1786842000000,63061,63061,63025,63026,18.56213
1786842900000,63025,63054,63025,63033,98.04804
1786843800000,63033,63043,62977,63043,51.02304
1786844700000,63043,63053,63026,63053,11.47372
1786845600000,63053,63057,63000,63001,50.85722
1786846500000,63002,63096,63001,63096,46.23613
1786847400000,63096,63130,63090,63129,76.51302
1786848300000,63130,63130,63097,63098,12.30131
1786849200000,63098,63102,63097,63100,15.72741
1786850100000,63101,63101,63093,63100,7.08179
1786851000000,63099,63101,63099,63100,5.19225
1786851900000,63100,63102,63100,63101,6.13183
1786852800000,63101,63108,63101,63107,9.91
1786853700000,63108,63128,63107,63127,10.61747
1786854600000,63127,63128,63099,63099,27.72964
1786855500000,63099,63100,63060,63061,68.337
1786856400000,63061,63066,63047,63065,15.88007
1786857300000,63065,63066,63041,63042,3.68079
1786858200000,63042,63046,63029,63029,27.03314
1786859100000,63029,63038,63010,63037,92.0023
1786860000000,63036,63041,63030,63031,19.09349
1786860900000,63031,63041,63030,63040,11.082
1786861800000,63040,63040,63035,63038,10.0711
1786862700000,63038,63062,63038,63041,25.90115
1786863600000,63041,63041,63036,63037,8.23131
1786864500000,63037,63038,63036,63038,7.2677
1786865400000,63037,63040,63037,63040,11.19876
1786866300000,63039,63040,63039,63040,5.38182
1786867200000,63040,63048,63039,63041,13.04874
1786868100000,63041,63051,63040,63051,13.1538
1786869000000,63050,63052,63050,63052,9.32263
1786869900000,63052,63052,63051,63052,4.80946
1786870800000,63052,63052,63051,63052,5.14495
1786871700000,63052,63052,63048,63048,6.62329
1786872600000,63049,63049,62966,62967,38.55765
1786873500000,62967,62991,62950,62964,50.60412
1786874400000,62964,62964,62942,62962,57.68186
1786875300000,62962,62983,62961,62982,28.90657
1786876200000,62981,62982,62980,62980,8.74287
1786877100000,62981,62981,62980,62980,29.42852
1786878000000,62980,62996,62976,62979,136.65667
1786878900000,62979,62979,62958,62960,15.08402
1786879800000,62960,62965,62959,62965,13.383
1786880700000,62964,63000,62956,62992,151.78051
1786881600000,62992,63000,62992,63000,49.73569
1786882500000,62999,63000,62989,62990,65.26304
1786883400000,62991,62991,62969,62970,15.24391
1786884300000,62970,62988,62966,62988,72.39154
1786885200000,62987,63042,62987,63040,80.60988
1786886100000,63040,63047,63036,63041,64.11239
1786887000000,63041,63041,63037,63040,33.23691
1786887900000,63040,63044,63039,63040,29.4602
1786888800000,63040,63041,63035,63036,22.43718
1786889700000,63036,63081,63035,63049,137.38766
1786890600000,63049,63076,63049,63070,86.45475
1786891500000,63070,63078,63069,63078,14.28386
1786892400000,63078,63092,63077,63085,56.39836
1786893300000,63086,63095,63085,63094,20.27152
1786894200000,63094,63115,63090,63090,55.5722
1786895100000,63091,63114,63090,63113,116.47631
1786896000000,63114,63198,63106,63184,183.30661
1786896900000,63184,63328,63179,63296,669.7026
1786897800000,63296,63368,63264,63264,220.22706
1786898700000,63265,63265,63177,63230,320.46751
1786899600000,63230,63247,63189,63190,119.06981
1786900500000,63190,63200,63155,63164,84.78401
1786901400000,63165,63165,63100,63101,321.18812
1786902300000,63100,63138,63095,63135,57.1416
1786903200000,63136,63144,63090,63109,102.44911
1786904100000,63110,63145,63109,63132,24.23729
1786905000000,63132,63132,63120,63121,12.46763
1786905900000,63121,63121,63120,63121,17.80678
1786906800000,63121,63164,63120,63164,101.30071
1786907700000,63164,63194,63155,63192,78.26918
1786908600000,63193,63207,63120,63131,234.09695
1786909500000,63132,63146,63062,63081,203.90821
1786910400000,63082,63110,63081,63104,29.22552
1786911300000,63104,63105,63064,63064,33.06579
1786912200000,63065,63081,63016,63044,116.56661
1786913100000,63044,63046,63001,63034,97.38325
1786914000000,63034,63038,63000,63034,69.45929
1786914900000,63035,63059,62999,62999,78.86137
1786915800000,62999,63009,62737,62912,505.4222
1786916700000,62912,62950,62854,62900,336.97496
1786917600000,62899,62900,62771,62897,353.28679
1786918500000,62897,62932,62808,62827,248.33119
1786919400000,62827,62827,62678,62770,321.01844
1786920300000,62770,62897,62706,62894,549.15717
1786921200000,62894,62982,62812,62818,1094.57248
1786922100000,62817,62889,62798,62815,538.58205
1786923000000,62816,62877,62808,62876,299.33091
1786923900000,62876,62907,62858,62873,151.96406
1786924800000,62874,62910,62833,62891,86.76189
1786925700000,62891,62891,62733,62840,524.74629
1786926600000,62841,62942,62730,62922,1001.36737
1786927500000,62922,62923,62817,62889,249.55621
1786928400000,62890,63154,62873,63022,788.84951
1786929300000,63022,63132,62991,63086,673.96058
1786930200000,63087,63222,63087,63193,1130.24151
1786931100000,63193,63209,63071,63077,583.4721
1786932000000,63078,63097,62996,63058,484.35243
1786932900000,63057,63187,63027,63162,255.76586
1786933800000,63162,63329,63112,63232,330.33603
1786934700000,63232,63441,63224,63371,909.41737
1786935600000,63371,63416,63324,63384,210.52323
1786936500000,63383,63387,63316,63328,98.57855
1786937400000,63327,63361,63319,63322,164.00897
1786938300000,63323,63489,63322,63402,327.81864
1786939200000,63403,63495,63402,63458,237.39693
1786940100000,63458,63495,63449,63483,55.68573
1786941000000,63483,63500,63441,63466,150.29818
1786941900000,63465,63559,63465,63508,384.86778
1786942800000,63508,63521,63422,63508,128.78304
1786943700000,63506,63553,63450,63460,118.59017
1786944600000,63459,63472,63416,63431,95.09027
1786945500000,63431,63499,63430,63488,36.94751
1786946400000,63489,63586,63446,63543,338.01287
1786947300000,63542,63554,63532,63553,55.8752
1786948200000,63554,63571,63540,63571,59.44974
1786949100000,63571,63685,63570,63635,814.66722
1786950000000,63635,63635,63539,63551,64.74016
1786950900000,63552,63552,63499,63545,44.20867
1786951800000,63544,63546,63503,63504,71.39875
1786952700000,63504,63531,63489,63492,125.35063
1786953600000,63492,63514,63387,63403,125.03882
1786954500000,63403,63427,63376,63392,88.94823
1786955400000,63393,63405,63332,63351,300.82754
1786956300000,63351,63379,63318,63350,128.19432
1786957200000,63351,63395,63350,63395,89.94764
1786958100000,63394,63400,63300,63347,86.39089
1786959000000,63348,63348,63271,63272,59.2171
1786959900000,63272,63283,63252,63282,109.6211
1786960800000,63283,63308,63266,63302,93.57445
1786961700000,63303,63419,63270,63419,99.12285
1786962600000,63420,63600,63415,63599,386.21704
1786963500000,63600,63663,63560,63659,275.61785
1786964400000,63658,63670,63611,63628,148.37368
1786965300000,63627,63667,63607,63624,153.0734
1786966200000,63624,63666,63623,63666,58.61197
1786967100000,63665,63750,63554,63599,553.16489
1786968000000,63598,63650,63547,63630,178.23056
1786968900000,63630,63630,63500,63544,63.48809
1786969800000,63544,63600,63495,63533,266.67906
1786970700000,63534,63586,63518,63520,61.75844
1786971600000,63520,63545,63469,63528,117.72666
1786972500000,63529,63529,63407,63475,250.03409
1786973400000,63474,63756,63448,63633,774.7369
1786974300000,63624,63704,63559,63637,265.35881
1786975200000,63638,63698,63551,63667,95.85699
1786976100000,63667,63706,63554,63587,159.84345
1786977000000,63587,63668,63550,63593,90.13765
1786977900000,63593,63870,63581,63870,653.10652
1786978800000,63870,63964,63830,63830,689.89483
1786979700000,63831,64000,63771,63999,1586.64575
1786980600000,64000,64095,63949,64052,1092.19114
1786981500000,64051,64196,64050,64164,717.28492
1786982400000,64164,64182,64028,64032,580.13142
1786983300000,64031,64114,64025,64060,309.46993
1786984200000,64060,64144,64046,64047,242.10355
1786985100000,64046,64100,64040,64081,126.29352
1786986000000,64080,64081,63939,63939,442.90969
1786986900000,63940,64401,63938,64166,1696.32801
1786987800000,64167,64262,64025,64194,366.50953
1786988700000,64195,64313,64194,64298,209.02186
1786989600000,64298,64360,64245,64344,233.00453
1786990500000,64344,64580,64325,64441,1034.91962
1786991400000,64440,64466,64364,64436,926.46231
1786992300000,64436,64460,64370,64391,733.31553
1786993200000,64392,64392,64281,64294,215.31184
1786994100000,64295,64381,64283,64368,630.78292
1786995000000,64367,64381,64302,64332,63.78914
1786995900000,64333,64333,64240,64275,153.30299
1786996800000,64274,64276,64226,64276,79.58787
1786997700000,64276,64400,64249,64380,185.87121
1786998600000,64380,64381,64313,64358,101.80095
1786999500000,64358,64377,64290,64355,175.50392
1787000400000,64356,64394,64326,64330,89.65607
1787001300000,64330,64371,64285,64286,91.51917
1787002200000,64286,64340,64244,64303,322.39573
1787003100000,64302,64354,64301,64341,27.54454
1787004000000,64341,64382,64271,64274,154.20326
1787004900000,64273,64300,64242,64257,23.61103
1787005800000,64258,64299,64238,64267,24.96083
1787006700000,64268,64279,64236,64249,102.43856
1787007600000,64250,64338,64249,64323,131.0404
1787008500000,64323,64450,64322,64450,253.32943
1787009400000,64449,64532,64416,64449,219.76977
1787010300000,64449,64543,64440,64494,147.12325
1787011200000,64494,64523,64376,64399,459.18777
1787012100000,64399,64466,64398,64421,290.5451
1787013000000,64421,64421,64335,64356,252.69152
1787013900000,64357,64362,64314,64343,140.51815
1787014800000,64344,64348,64260,64311,127.49005
1787015700000,64311,64322,64266,64287,27.39095
1787016600000,64289,64310,64193,64241,109.01634
1787017500000,64241,64242,64107,64165,271.49801
1787018400000,64166,64239,64144,64144,121.8512
1787019300000,64144,64165,64120,64123,70.08767
1787020200000,64123,64170,64083,64090,94.8491
1787021100000,64090,64100,64003,64069,509.51307
1787022000000,64069,64100,64054,64054,61.99039
1787022900000,64055,64115,64054,64072,188.1859
1787023800000,64073,64146,64000,64146,120.24902
1787024700000,64145,64149,64111,64147,35.85415
1787025600000,64147,64147,64050,64110,54.78544
1787026500000,64110,64120,64086,64120,15.57541
1787027400000,64120,64213,64119,64182,215.05835
1787028300000,64182,64192,64151,64180,51.37013
1787029200000,64181,64242,64150,64199,168.0837
1787030100000,64200,64226,64180,64226,49.01221
1787031000000,64225,64226,64103,64215,117.22718
1787031900000,64216,64216,64162,64199,33.42373
1787032800000,64198,64237,64124,64196,141.52887
1787033700000,64196,64325,64196,64309,94.4371
1787034600000,64309,64418,64309,64398,217.13321
1787035500000,64398,64399,64240,64287,234.97114
1787036400000,64287,64317,64257,64309,109.00213
1787037300000,64308,64326,64246,64247,56.69325
1787038200000,64246,64249,64197,64213,133.04566
1787039100000,64214,64214,64120,64166,503.78861
1787040000000,64167,64177,64049,64120,270.37341
1787040900000,64120,64207,64120,64178,200.94983
1787041800000,64178,64303,64175,64258,174.35733
1787042700000,64259,64259,64216,64249,55.28306
1787043600000,64250,64250,64199,64207,90.04784
1787044500000,64207,64207,64115,64119,149.45246
1787045400000,64120,64158,64108,64123,72.22168
1787046300000,64123,64146,64108,64145,56.2833
1787047200000,64145,64174,64105,64125,109.62943
1787048100000,64125,64147,64083,64133,118.39916
1787049000000,64134,64190,64133,64160,48.57435
1787049900000,64160,64176,64157,64172,19.13173
1787050800000,64173,64300,64168,64292,258.04637
1787051700000,64293,64350,64292,64333,168.8299
1787052600000,64333,64364,64312,64355,175.82935
1787053500000,64355,64376,64306,64324,74.48901
1787054400000,64324,64324,64243,64263,178.47674
1787055300000,64263,64300,64252,64270,52.98285
1787056200000,64270,64274,64216,64217,78.18717
1787057100000,64217,64224,64191,64191,26.02946
1787058000000,64192,64192,64120,64163,319.65958
1787058900000,64163,64163,64034,64044,181.36766
1787059800000,64043,64221,64016,64160,239.36179
1787060700000,64161,64257,64092,64190,153.50809
1787061600000,64191,64352,64190,64216,598.66701
1787062500000,64217,65005,64215,64968,3422.8487
1787063400000,64968,65018,64701,64758,1426.92642
1787064300000,64759,64824,64632,64684,610.0486
1787065200000,64684,64782,64620,64706,307.70354
1787066100000,64707,64807,64685,64775,470.30468
1787067000000,64775,64846,64771,64790,187.75862
1787067900000,64791,64852,64770,64820,123.17963
1787068800000,64821,64861,64702,64705,973.16918
1787069700000,64705,64708,64659,64660,86.03237
1787070600000,64659,64780,64636,64757,223.5747
1787071500000,64756,64840,64748,64807,89.48545
1787072400000,64806,64806,64740,64768,78.49459
1787073300000,64767,64799,64722,64799,140.16071
1787074200000,64799,64799,64673,64689,384.75109
1787075100000,64690,64690,64633,64634,107.52467
1787076000000,64633,64690,64617,64689,392.36186
1787076900000,64690,64784,64689,64773,570.72205
1787077800000,64773,64795,64726,64727,127.54954
1787078700000,64726,64775,64726,64733,29.26507
1787079600000,64734,64734,64685,64692,79.00079
1787080500000,64692,64772,64680,64751,39.82333
1787081400000,64752,64753,64648,64649,68.48008
1787082300000,64649,64660,64612,64621,309.58665
1787083200000,64621,64629,64567,64629,193.36567
1787084100000,64628,64631,64582,64585,53.9347
1787085000000,64586,64623,64585,64588,33.0077
1787085900000,64588,64588,64530,64544,308.68589
1787086800000,64545,64626,64544,64595,89.93847
1787087700000,64596,64602,64577,64602,138.46643
1787088600000,64602,64602,64538,64562,76.33863
1787089500000,64562,64580,64547,64571,86.54641
1787090400000,64572,64583,64539,64549,110.34403
1787091300000,64549,64574,64529,64562,49.98694
1787092200000,64562,64623,64562,64605,45.60877
1787093100000,64606,64606,64573,64605,49.19463
1787094000000,64606,64691,64605,64674,253.93111
1787094900000,64674,64712,64673,64711,235.66305
1787095800000,64712,64757,64711,64755,211.84799
1787096700000,64756,64760,64694,64696,283.07418
1787097600000,64696,64710,64552,64552,402.73616
1787098500000,64553,64639,64508,64571,315.81681
1787099400000,64572,64632,64507,64534,356.37825
1787100300000,64532,64549,64442,64454,342.1244
1787101200000,64454,64500,64399,64496,666.95087
1787102100000,64495,64497,64415,64450,43.99739
1787103000000,64451,64457,64365,64387,88.90753
1787103900000,64387,64415,64361,64368,84.5824
1787104800000,64369,64385,64321,64369,276.29363
1787105700000,64368,64388,64317,64359,77.74458
1787106600000,64359,64380,64348,64355,27.30015
1787107500000,64356,64386,64310,64320,74.37523
1787108400000,64319,64325,64239,64318,659.25698
1787109300000,64318,64388,64317,64335,57.10448
1787110200000,64334,64335,64300,64317,21.42037
1787111100000,64317,64341,64299,64300,39.92939
1787112000000,64300,64300,64262,64286,32.25019
1787112900000,64286,64371,64285,64328,75.8751
1787113800000,64327,64346,64293,64320,115.05172
1787114700000,64319,64343,64271,64286,174.38195
1787115600000,64286,64388,64278,64380,186.64521
1787116500000,64381,64381,64271,64333,52.69634
1787117400000,64332,64332,64285,64286,24.86213
1787118300000,64287,64287,64202,64203,81.55139
1787119200000,64203,64217,64122,64151,524.82008
1787120100000,64150,64284,64150,64240,269.6445
1787121000000,64239,64259,64226,64234,81.76749
1787121900000,64234,64319,64231,64311,115.90421
1787122800000,64310,64344,64240,64343,128.69519
1787123700000,64343,64344,64275,64312,79.66496
1787124600000,64313,64369,64309,64332,30.18939
1787125500000,64331,64347,64266,64266,63.19928
1787126400000,64267,64296,64223,64223,50.55436
1787127300000,64223,64258,64216,64254,37.99564
1787128200000,64254,64492,64253,64424,306.67598
1787129100000,64424,64443,64388,64388,44.46244
1787130000000,64388,64440,64359,64360,40.66973
1787130900000,64359,64389,64337,64353,37.82099
1787131800000,64352,64368,64326,64332,24.4033
1787132700000,64334,64398,64332,64398,48.21786
1787133600000,64397,64398,64337,64361,36.22812
1787134500000,64361,64369,64345,64369,35.62843
1787135400000,64369,64397,64350,64377,120.10768
1787136300000,64376,64432,64368,64431,93.10918
1787137200000,64431,64499,64421,64475,370.45563
1787138100000,64475,64500,64457,64476,204.32933
1787139000000,64477,64500,64433,64434,244.65261
1787139900000,64434,64496,64433,64479,95.97387
1787140800000,64479,64491,64437,64478,109.96741
1787141700000,64478,64478,64459,64467,40.98767
1787142600000,64467,64914,64450,64913,1078.7423
1787143500000,64913,64952,64776,64841,1620.63713
1787144400000,64840,64960,64745,64888,683.0507
1787145300000,64888,65000,64881,64971,783.69852
1787146200000,64971,65200,64778,65014,2318.9933
1787147100000,65014,65149,64942,64980,668.083
1787148000000,64979,65398,64977,65374,1677.71456
1787148900000,65373,65450,65284,65385,1181.2531
1787149800000,65377,65469,65325,65422,804.13909
1787150700000,65422,65941,65412,65892,3331.15652
1787151600000,65892,66762,65851,66624,5284.15023
1787152500000,66625,70224,66546,68269,12954.28394
1787153400000,68269,68819,67727,68663,6033.64398
1787154300000,68663,68663,68201,68532,3042.27665
1787155200000,68533,68956,68467,68535,2500.98642
1787156100000,68536,68891,68535,68875,1045.91908
1787157000000,68875,68875,68517,68562,1485.61231
1787157900000,68562,68678,68372,68430,1270.95857
1787158800000,68430,68496,68177,68210,2848.98601
1787159700000,68209,68281,67811,67972,3016.2331
1787160600000,67975,68025,67792,68018,1254.47585
1787161500000,68018,68233,68018,68170,731.22414
1787162400000,68170,68227,68001,68152,788.12848
1787163300000,68152,68299,68152,68248,659.6256
1787164200000,68247,68400,68200,68399,524.71212
1787165100000,68399,68426,68288,68369,428.20626
1787166000000,68369,68414,68067,68083,422.73985
1787166900000,68083,68363,68083,68149,675.54615
1787167800000,68149,68380,68086,68372,751.93083
1787168700000,68372,68459,68338,68404,425.53383
1787169600000,68403,68691,68354,68648,660.22326
1787170500000,68648,68786,68529,68671,667.61373
1787171400000,68671,68761,68609,68631,264.70186
1787172300000,68631,69628,68594,69028,3929.4316
1787173200000,69027,69956,68966,69430,2783.52973
1787174100000,69429,69745,69257,69632,1039.61609
1787175000000,69631,69837,69359,69668,1022.05877
1787175900000,69667,70046,69493,69714,1291.03857
1787176800000,69713,69830,69283,69283,993.46968
1787177700000,69284,69395,69128,69130,523.55003
1787178600000,69130,69471,68967,69331,646.79236
1787179500000,69331,69332,69091,69244,422.49103
1787180400000,69243,69411,69199,69331,472.71287
1787181300000,69330,69445,69247,69352,455.77381
1787182200000,69351,69386,69229,69312,349.97662
1787183100000,69308,69334,69139,69323,181.2204
1787184000000,69323,69655,69311,69553,765.17151
1787184900000,69552,69773,69545,69600,527.86285
1787185800000,69599,69677,69463,69561,285.62121
1787186700000,69559,69690,69351,69400,170.27353
1787187600000,69399,69502,69262,69353,246.06086
1787188500000,69352,69421,69256,69310,131.18107
1787189400000,69310,69626,69279,69626,238.61551
1787190300000,69626,69874,69625,69701,432.67521
1787191200000,69702,69813,69561,69663,258.14638
1787192100000,69663,69697,69465,69499,137.83198
1787193000000,69500,69536,69302,69305,231.71314
1787193900000,69305,69365,69257,69304,139.09063
1787194800000,69302,69302,68898,68991,873.78163
1787195700000,68986,69200,68944,68963,206.9834
1787196600000,68962,69200,68962,69196,196.14115
1787197500000,69195,69351,69157,69188,181.62959
1787198400000,69188,69381,69161,69368,446.15878
1787199300000,69367,69400,69290,69351,256.40496
1787200200000,69350,69380,69231,69333,211.38158
1787201100000,69332,69585,69332,69486,287.6952
1787202000000,69486,69553,69451,69458,160.18955
1787202900000,69457,69661,69445,69576,90.58313
1787203800000,69575,69630,69520,69558,184.44033
1787204700000,69557,69557,69352,69407,210.18661
1787205600000,69413,69435,69360,69377,178.41575
1787206500000,69376,69692,69352,69587,147.59659
1787207400000,69588,69784,69588,69774,256.27035
1787208300000,69773,69950,69767,69843,950.33041
1787209200000,69843,69999,69742,69789,480.53337
1787210100000,69787,69787,69611,69673,236.82295
1787211000000,69674,69674,69493,69609,335.92409
1787211900000,69609,69839,69559,69838,330.44711
1787212800000,69839,71362,69792,71309,5128.24887
1787213700000,71309,71646,71025,71337,2099.90738
1787214600000,71337,71650,71155,71502,2454.44592
1787215500000,71502,71801,71433,71565,1814.92415
1787216400000,71565,71970,71485,71922,2167.50185
1787217300000,71922,72055,71735,71818,1256.41805
1787218200000,71818,72052,71720,71983,604.99257
1787219100000,71981,72012,71667,71792,1055.90111
1787220000000,71790,72154,71691,72138,1095.7515
1787220900000,72129,72501,71970,72026,3165.21875
1787221800000,72025,72028,71747,71791,1327.2229
1787222700000,71790,71984,71790,71984,635.60816
1787223600000,71983,72140,71824,71969,1461.88087
1787224500000,71969,72031,71844,71870,399.23653
1787225400000,71871,72319,71836,72135,667.17998
1787226300000,72141,72262,71800,71902,521.85435
1787227200000,71902,71965,71454,71777,1291.02308
1787228100000,71776,71859,71666,71818,191.95111
1787229000000,71819,71988,71631,71653,853.57141
1787229900000,71654,71931,71478,71931,699.57493
1787230800000,71931,72068,71864,72039,281.5451
1787231700000,72036,72036,71828,71931,363.96019
1787232600000,71932,71932,71134,71643,2881.33469
1787233500000,71644,71830,71408,71650,1216.94544
1787234400000,71650,71961,71575,71790,848.06704
1787235300000,71791,71791,71349,71425,781.25217
1787236200000,71425,71696,71394,71519,450.57279
1787237100000,71519,71804,71398,71803,564.94875
1787238000000,71804,72600,71771,72229,3317.65925
1787238900000,72230,72411,71971,72399,960.01917
1787239800000,72400,72824,72154,72226,1729.96811
1787240700000,72227,72571,72164,72453,1017.30959
1787241600000,72454,72499,72261,72296,352.85531
1787242500000,72297,72412,72191,72400,217.01911
1787243400000,72400,72697,72270,72631,466.00344
1787244300000,72631,72956,72508,72834,982.87578
1787245200000,72834,72869,72525,72675,819.02258
1787246100000,72679,72815,72546,72809,278.13568
1787247000000,72809,72849,72663,72751,376.01465
1787247900000,72751,72969,72691,72717,418.42045
1787248800000,72718,72800,72460,72598,692.29502
1787249700000,72598,72726,72477,72667,289.74208
1787250600000,72667,72683,72359,72481,501.88873
1787251500000,72481,72612,72401,72408,248.92958
1787252400000,72409,72480,72303,72460,566.43569
1787253300000,72461,72612,72460,72586,180.31067
1787254200000,72586,72750,72532,72693,243.71978
1787255100000,72694,72723,72564,72609,164.04558
1787256000000,72613,72765,72607,72665,209.86175
1787256900000,72665,72878,72599,72793,285.78552
1787257800000,72794,73028,72674,72730,764.1624
1787258700000,72731,72756,72565,72642,493.45903
1787259600000,72643,72672,72522,72672,325.93395
1787260500000,72672,72826,72624,72631,183.19671
1787261400000,72631,72816,72630,72700,295.80788
1787262300000,72700,72748,72671,72699,51.46894
1787263200000,72700,72700,72448,72580,817.33717
1787264100000,72579,72800,72514,72765,349.85454
1787265000000,72765,72774,72643,72655,74.45133
1787265900000,72654,72843,72649,72649,81.91715
1787266800000,72650,72890,72632,72890,246.55754
1787267700000,72890,73370,72870,73172,1690.72077
1787268600000,73180,73369,73038,73077,677.35082
1787269500000,73076,73132,72959,72996,488.81562
1787270400000,73001,73492,73001,73468,1347.91613
1787271300000,73468,73883,73341,73698,2377.25284
1787272200000,73699,73998,73518,73671,1394.18124
1787273100000,73675,73830,73580,73700,297.57346
1787274000000,73699,73964,73651,73963,530.17488
1787274900000,73963,74888,73934,74705,4238.94442
1787275800000,74705,75000,74519,74733,2191.60635
1787276700000,74734,75816,74700,75121,4709.34356
1787277600000,75121,75184,74676,74870,1445.82239
1787278500000,74870,74999,74656,74979,1779.09037
1787279400000,74979,75114,74574,74707,1850.83701
1787280300000,74707,74708,74362,74425,829.88844
1787281200000,74425,74484,74227,74437,660.44776
1787282100000,74437,74634,74314,74599,662.70276
1787283000000,74599,74724,74436,74679,534.82605
1787283900000,74678,74905,74503,74516,1398.63578
1787284800000,74515,74900,74515,74876,394.99422
1787285700000,74875,74954,74800,74808,275.07793
1787286600000,74807,75002,74785,74957,425.79708
1787287500000,74957,75058,74928,75032,691.52207
1787288400000,75031,75354,74896,75339,689.37493
1787289300000,75338,75499,75038,75200,1519.33471
1787290200000,75199,75392,75098,75269,709.61357
1787291100000,75269,75463,75220,75463,559.24095
1787292000000,75462,75518,75270,75277,473.86861
1787292900000,75276,75493,75083,75327,593.99376
1787293800000,75326,75737,75311,75381,1328.88437
1787294700000,75380,75633,75271,75633,826.70148
1787295600000,75632,76017,75613,75960,1743.73899
1787296500000,75959,76941,75934,76414,3329.84514
1787297400000,76414,76791,76283,76602,956.29668
1787298300000,76600,76641,76239,76339,527.58126
1787299200000,76338,77275,76287,76918,1459.13283
1787300100000,76917,77450,76862,77253,2218.26997
1787301000000,77252,77844,77182,77686,2317.84562
1787301900000,77685,79584,77632,79317,4015.85805
1787302800000,79316,79408,77302,77910,5861.43846
1787303700000,77909,77977,77483,77729,1670.97461
1787304600000,77729,78392,77645,78221,1347.81091
1787305500000,78223,78397,77615,77936,1384.23823
1787306400000,77935,78125,77639,78081,1066.22857
1787307300000,78078,78301,77687,77957,871.00175
1787308200000,77957,77996,77642,77861,531.42251
1787309100000,77861,78028,77766,77838,400.30439
1787310000000,77837,77877,77341,77576,955.90896
1787310900000,77575,77692,77257,77438,927.70326
1787311800000,77437,77463,76444,76866,2065.25158
1787312700000,76866,77059,76632,76768,904.60126
1787313600000,76768,77045,76551,76968,646.88482
1787314500000,76968,76969,76674,76718,428.65105
1787315400000,76717,77476,76656,77455,984.0982
1787316300000,77455,77510,77118,77230,670.70441
1787317200000,77231,77420,77073,77218,494.49689
1787318100000,77217,77232,76859,77117,1010.90841
1787319000000,77116,77364,76256,77330,2779.17628
1787319900000,77329,77730,77145,77278,1404.9703
1787320800000,77278,77279,76721,76794,1134.47873
1787321700000,76793,77230,76549,77083,923.68611
1787322600000,77084,77268,76868,77163,648.39903
1787323500000,77163,77475,77144,77413,627.41424
1787324400000,77412,77831,77350,77712,1538.64335
1787325300000,77711,77894,77541,77635,572.57982
1787326200000,77636,77769,77500,77528,491.33601
1787327100000,77527,77563,77184,77242,649.79808
1787328000000,77243,77335,76883,76894,1221.19758
1787328900000,76891,77407,76814,77404,705.48361
1787329800000,77404,77422,77261,77372,257.40947
1787330700000,77371,77583,77323,77499,404.53836
1787331600000,77499,77727,77482,77574,261.25663
1787332500000,77573,77575,77200,77574,469.58215
1787333400000,77575,77664,77344,77386,347.71186
1787334300000,77385,77531,77322,77400,272.39593
1787335200000,77401,77559,77283,77337,184.33258
1787336100000,77337,77508,77260,77397,147.31709
1787337000000,77397,77459,76864,76955,559.33709
1787337900000,76948,77138,76620,77136,856.01572
1787338800000,77135,77189,76848,77139,242.23344
1787339700000,77139,77339,76949,77323,331.64971
1787340600000,77323,77366,77083,77164,404.21481
1787341500000,77168,77246,77011,77018,281.42353
1787342400000,77019,77294,76853,77269,577.53753
1787343300000,77268,77525,77268,77483,632.80215
1787344200000,77482,77520,77325,77455,364.95231
1787345100000,77457,77525,77306,77510,153.72385
1787346000000,77509,77842,77364,77692,581.21366
1787346900000,77692,78245,77594,78110,1450.24843
1787347800000,78109,78575,78019,78267,1285.68227
1787348700000,78267,78745,78259,78556,1004.28895
1787349600000,78557,78800,78218,78789,758.54853
1787350500000,78789,78791,78379,78541,943.59006
1787351400000,78544,78627,78131,78547,716.81332
1787352300000,78547,78652,78278,78485,297.38875
1787353200000,78493,78659,78364,78579,428.77405
1787354100000,78579,78760,78385,78441,608.67241
1787355000000,78441,78543,78166,78423,796.32765
1787355900000,78424,78438,78157,78383,351.77728
1787356800000,78382,78566,77752,77947,1015.75827
1787357700000,77944,78141,77885,77946,249.30696
1787358600000,77947,78078,77761,77856,647.85425
1787359500000,77855,78009,77686,77970,774.81311
1787360400000,77970,78208,77931,78122,296.80469
1787361300000,78123,78190,77912,78038,168.05382
1787362200000,78037,78269,77908,77937,318.33499
1787363100000,77937,78036,77830,77859,347.80406
1787364000000,77859,78132,77817,78075,179.52216
1787364900000,78076,78530,78067,78422,484.80897
1787365800000,78423,78549,78200,78533,300.86266
1787366700000,78535,78600,78341,78518,386.39706
1787367600000,78518,78748,78399,78439,483.23602
1787368500000,78439,78853,78410,78821,421.45718
1787369400000,78817,78885,78610,78698,411.83025
1787370300000,78698,78745,78445,78463,376.8233
1787371200000,78463,78521,78279,78442,552.8596
1787372100000,78441,78649,78247,78649,356.43382
1787373000000,78648,78874,78581,78722,364.73822
1787373900000,78722,78748,78511,78518,284.69753
1787374800000,78518,78644,76600,77378,3838.5571
1787375700000,77377,77588,76783,77353,1616.86536
1787376600000,77354,77629,76958,77233,1055.56491
1787377500000,77234,77566,77107,77421,836.12108
1787378400000,77437,77498,77182,77222,540.78554
1787379300000,77222,77448,77222,77293,363.37821
1787380200000,77293,77637,77013,77464,766.62709
1787381100000,77462,77608,77440,77538,224.14902
1787382000000,77538,77715,77317,77415,843.56439
1787382900000,77416,77544,77259,77540,447.34114
1787383800000,77540,77561,77341,77464,170.96005
1787384700000,77463,77490,77308,77326,338.26451
1787385600000,77326,77497,77240,77473,525.84747
1787386500000,77473,77492,77129,77274,793.8239
1787387400000,77274,77396,77083,77349,479.3655
1787388300000,77348,77348,77159,77244,266.32037
1787389200000,77244,77419,77106,77405,575.9651
1787390100000,77405,77428,77194,77230,935.15749
1787391000000,77229,77252,77178,77201,453.25759
1787391900000,77201,77201,76828,77072,1284.57048
1787392800000,77071,77089,76702,76738,432.21032
1787393700000,76738,76983,76558,76958,961.31082
1787394600000,76959,77208,76887,77193,397.38881
1787395500000,77193,77225,76917,77008,375.83755
1787396400000,77009,77100,76850,76888,318.63565
1787397300000,76887,77025,76840,77014,185.50982
1787398200000,77015,77219,76984,77211,249.97578
1787399100000,77210,77253,77103,77163,87.13909
1787400000000,77164,77312,77108,77270,302.30439
1787400900000,77270,77386,77240,77381,447.93505
1787401800000,77381,77400,77260,77400,406.12343
1787402700000,77400,77434,77306,77351,555.96677
1787403600000,77351,77362,77229,77270,122.96646
1787404500000,77269,77302,77162,77220,95.08354
1787405400000,77221,77246,77155,77206,149.58338
1787406300000,77207,77416,77206,77341,145.55022
1787407200000,77342,77371,77002,77081,322.13467
1787408100000,77082,77147,77006,77146,178.85873
1787409000000,77147,77200,76995,77004,306.07926
1787409900000,77006,77120,76976,77053,196.69893
1787410800000,77054,77149,76995,77004,256.47111
1787411700000,76998,77079,76932,77036,107.33687
1787412600000,77037,77158,77030,77118,128.90016
1787413500000,77116,77148,76961,77035,239.09478
1787414400000,77035,77138,77009,77108,156.29991
1787415300000,77108,77302,77107,77251,391.20051
1787416200000,77252,77544,77231,77449,437.21881
1787417100000,77449,77608,77340,77340,542.06797
1787418000000,77340,77389,77295,77335,159.72822
1787418900000,77335,77403,77127,77144,273.74222
1787419800000,77144,77277,77144,77271,144.04375
1787420700000,77272,77431,77271,77322,246.61224
1787421600000,77323,77400,77251,77289,209.93739
1787422500000,77288,77400,77288,77354,83.89038
1787423400000,77355,77376,77272,77272,63.14126
1787424300000,77272,77312,77187,77312,87.99492
1787425200000,77312,77401,77259,77382,132.19345
1787426100000,77382,77389,77300,77336,56.51742
1787427000000,77336,77494,77335,77485,155.9803
1787427900000,77485,77536,77464,77473,279.11928
1787428800000,77473,77522,77414,77470,159.58965
1787429700000,77469,77486,77351,77352,127.01884
1787430600000,77351,77475,77320,77424,332.91705
1787431500000,77424,77447,77333,77389,80.72496
1787432400000,77389,77389,77082,77102,575.81955
1787433300000,77102,77266,77102,77238,191.99151
1787434200000,77239,77262,76966,77081,471.59529
1787435100000,77081,77081,76844,76903,426.70352
1787436000000,76903,77217,76811,77161,602.10659
1787436900000,77161,77199,77101,77112,190.86999
1787437800000,77112,77127,76940,77111,125.55343
1787438700000,77111,77199,77012,77053,85.55687
1787439600000,77057,77134,77001,77019,70.99446
1787440500000,77024,77085,76996,77005,86.40972
1787441400000,77005,77097,76958,77078,139.95098
1787442300000,77079,77196,77065,77133,129.68499
1787443200000,77132,77196,77110,77145,59.33785
1787444100000,77145,77300,77106,77291,240.15744
1787445000000,77291,77400,77287,77336,177.82671
1787445900000,77337,77416,77308,77359,105.06649
1787446800000,77361,77470,77229,77470,218.46646
1787447700000,77469,77470,77311,77324,68.37236
1787448600000,77324,77369,77225,77310,73.67584
1787449500000,77310,77378,77213,77247,78.33024
1787450400000,77246,77261,77107,77107,188.09855
1787451300000,77107,77186,77068,77166,235.24914
1787452200000,77167,77266,77166,77227,114.70686
1787453100000,77227,77257,77116,77128,170.25437
1787454000000,77129,77177,77067,77139,101.15532
1787454900000,77139,77208,77043,77043,131.00476
1787455800000,77043,77043,76886,76910,198.91564
1787456700000,76909,77041,76909,76976,415.13307
1787457600000,76977,77076,76756,77053,407.41725
1787458500000,77053,77090,76832,77010,206.76824
1787459400000,77010,77022,76868,76868,131.16134
1787460300000,76869,76869,76526,76653,492.04626
1787461200000,76651,76775,75897,75901,2244.86586
1787462100000,75900,76366,75608,76286,2228.99028
1787463000000,76285,76382,76155,76212,540.36243
1787463900000,76213,76297,76080,76104,361.41289
1787464800000,76101,76198,75921,76121,984.95942
1787465700000,76122,76339,76114,76271,433.75522
1787466600000,76272,76379,76209,76302,253.71049
1787467500000,76302,76315,76067,76141,189.7982
1787468400000,76142,76370,76064,76347,347.93196
1787469300000,76348,76379,76279,76279,120.78064
1787470200000,76276,76277,76087,76102,257.9018
1787471100000,76101,76197,75957,76058,236.47342
1787472000000,76060,76338,76000,76247,221.27101
1787472900000,76246,76299,76244,76277,129.94431
1787473800000,76278,76707,76277,76585,809.30562
1787474700000,76583,76675,76524,76541,445.51044
1787475600000,76541,76703,76528,76633,334.8201
1787476500000,76633,76655,76527,76601,73.93463
1787477400000,76602,76624,76525,76613,50.34624
1787478300000,76613,76684,76555,76595,106.85025
1787479200000,76595,76782,76587,76702,218.64534
1787480100000,76702,76965,76685,76804,203.11493
1787481000000,76804,76972,76789,76906,270.38465
1787481900000,76906,76924,76817,76823,268.62064
1787482800000,76824,76934,76777,76919,152.08906
1787483700000,76920,77360,76867,77206,823.20263
1787484600000,77206,77442,77173,77320,286.24896
1787485500000,77320,77442,77220,77353,295.16815
1787486400000,77354,77354,77049,77117,444.68216
1787487300000,77117,77179,77059,77084,162.87834
1787488200000,77083,77300,77083,77282,287.7802
1787489100000,77282,77312,77217,77259,112.34868
1787490000000,77259,77391,77253,77388,229.63591
1787490900000,77388,77848,77388,77483,1014.01939
1787491800000,77480,77676,77400,77566,454.94831
1787492700000,77566,77630,77427,77531,589.23422
1787493600000,77531,77698,77384,77608,602.18213
1787494500000,77608,77718,77467,77500,417.28901
1787495400000,77500,77547,76801,77050,1110.88604
1787496300000,77050,77350,77050,77217,417.06802
1787497200000,77218,77387,77116,77201,241.68785
1787498100000,77202,77276,76963,77225,324.45416
1787499000000,77226,77347,77182,77309,113.20167
1787499900000,77309,77309,77170,77185,97.67936
1787500800000,77186,77328,77185,77308,76.49775
1787501700000,77307,77373,77245,77360,244.2078
1787502600000,77360,77489,77350,77422,297.2839
1787503500000,77421,77507,77387,77456,122.74815
1787504400000,77455,77482,77178,77316,357.83597
1787505300000,77317,77424,77229,77293,264.98803
1787506200000,77293,77339,77194,77267,149.72456
1787507100000,77268,77355,77241,77241,84.63172
1787508000000,77234,77446,77150,77382,246.52936
1787508900000,77381,77447,77307,77393,82.39408
1787509800000,77392,77397,77337,77370,96.32477
1787510700000,77369,77377,77301,77377,82.57047
1787511600000,77379,77451,77285,77355,50.57724
1787512500000,77355,77432,77329,77393,78.02965
1787513400000,77394,77488,77291,77482,202.83211
1787514300000,77479,77511,77358,77375,34.4877
1787515200000,77375,77375,77225,77307,270.13301
1787516100000,77308,77440,77301,77411,122.02649
1787517000000,77410,77481,77410,77455,156.42213
1787517900000,77455,77475,77424,77430,50.31425
1787518800000,77431,77752,77431,77751,380.9373
1787519700000,77751,78118,77743,78099,1667.4602
1787520600000,78099,78110,77604,77683,873.96657
1787521500000,77683,77926,77683,77902,581.24072
1787522400000,77902,78050,77656,77753,453.82866
1787523300000,77754,77876,77700,77724,101.56648
1787524200000,77723,77790,77660,77705,246.8066
1787525100000,77705,77759,77629,77659,212.14259
1787526000000,77660,77660,77347,77525,691.5858
1787526900000,77525,77732,77512,77725,307.5354
1787527800000,77725,77877,77455,77552,199.82775
1787528700000,77541,77872,77539,77804,495.09393
1787529600000,77805,77820,77571,77689,263.80801
1787530500000,77691,77712,77321,77499,459.47346
1787531400000,77499,77662,77272,77286,434.10458
1787532300000,77286,77740,77204,77738,378.47646
1787533200000,77738,77780,77495,77501,195.85794
1787534100000,77501,77530,77278,77306,258.47666
1787535000000,77305,77427,77219,77265,153.52627
1787535900000,77266,77322,76943,76944,849.30907
1787536800000,76943,77468,76901,77417,806.20043
1787537700000,77416,77547,77416,77480,269.86594
1787538600000,77480,77578,77438,77482,205.98465
1787539500000,77482,77577,77271,77522,252.96405
1787540400000,77522,77576,77259,77259,83.36251
1787541300000,77260,77319,77199,77199,202.86275
1787542200000,77200,77207,77000,77026,710.65324
1787543100000,77027,77215,76971,76975,576.93022
1787544000000,76976,77144,76976,77084,244.26558
1787544900000,77085,77300,77084,77264,82.53065
1787545800000,77265,77271,77110,77158,78.78519
1787546700000,77159,77179,76693,76943,894.24993
1787547600000,76944,77271,76900,77263,129.17688
1787548500000,77263,77271,76997,77120,220.94192
1787549400000,77121,77231,76874,77136,802.42875
1787550300000,77137,77225,77031,77207,254.41663
1787551200000,77208,77489,77115,77450,210.00557
1787552100000,77451,77526,77347,77400,150.90759
1787553000000,77401,77426,77269,77394,80.3002
1787553900000,77394,77560,77391,77514,239.94862
1787554800000,77514,77859,77511,77804,334.34086
1787555700000,77804,77804,77613,77651,272.87361
1787556600000,77651,77652,77389,77410,77.2101
1787557500000,77410,77469,77333,77362,109.48405
1787558400000,77362,77460,77270,77297,363.36553
1787559300000,77297,77298,76862,76952,1007.67822
1787560200000,76952,77183,76946,77183,360.85108
1787561100000,77182,77192,77054,77083,200.84969
1787562000000,77084,77338,77069,77337,136.4637
1787562900000,77337,77463,77256,77452,164.15808
1787563800000,77459,77534,77445,77502,186.97236
1787564700000,77502,77633,77489,77584,214.06848
1787565600000,77585,77917,77582,77884,409.78508
1787566500000,77885,77987,77813,77887,345.56243
1787567400000,77888,78072,77734,77773,344.40283
1787568300000,77771,77863,77583,77661,228.07057
1787569200000,77661,77905,77486,77873,486.25462
1787570100000,77872,77935,77766,77885,278.36443
1787571000000,77884,78708,77880,78631,2821.6982
1787571900000,78631,78671,78146,78521,1118.5724
1787572800000,78521,78521,78157,78199,655.38075
1787573700000,78200,78566,78050,78511,515.40824
1787574600000,78511,78969,78451,78785,943.17385
1787575500000,78786,79408,78785,79221,1908.28262
1787576400000,79221,79479,79019,79294,1286.81551
1787577300000,79294,79316,78916,79074,1229.31301
1787578200000,79074,79098,78219,78349,2285.39307
1787579100000,78343,78692,77923,78648,2278.89374
1787580000000,78647,79302,78647,79279,1713.75462
1787580900000,79278,79772,78932,79450,2118.60911
1787581800000,79450,79895,79405,79720,2515.62895
1787582700000,79720,79816,79331,79565,1245.47116
1787583600000,79565,79786,79421,79618,755.11006
1787584500000,79617,80016,79601,79933,2951.96602
1787585400000,79933,80035,79048,79312,2255.26604
1787586300000,79312,79578,78835,79120,1793.22779
1787587200000,79119,79574,79119,79526,1326.35551
1787588100000,79526,79880,79512,79680,973.99876
1787589000000,79679,79800,79388,79390,821.03683
1787589900000,79390,79423,78901,79069,1291.65027
1787590800000,79068,79217,78599,79122,1840.99815
1787591700000,79117,79195,78450,78526,2105.39083
1787592600000,78526,78864,78479,78642,843.9467
1787593500000,78642,78831,78568,78760,273.09007
1787594400000,78759,79026,78747,79019,646.0322
1787595300000,79020,79080,78934,79023,383.91637
1787596200000,79023,79088,78729,78970,442.70626
1787597100000,78969,79088,78857,78932,156.96537
1787598000000,78931,79123,78791,79032,542.91402
1787598900000,79032,79042,78633,78868,577.16896
1787599800000,78871,78961,78758,78873,456.78496
1787600700000,78872,78889,78569,78740,671.58553
1787601600000,78740,78814,78554,78683,529.02992
1787602500000,78682,78789,78606,78688,107.93905
1787603400000,78688,78997,78628,78896,499.65454
1787604300000,78896,78924,78812,78924,179.54791
1787605200000,78924,79041,78924,79031,176.71513
1787606100000,79030,79031,78842,78911,156.66457
1787607000000,78911,79024,78911,78973,461.57547
1787607900000,78973,79037,78914,78971,207.4381
1787608800000,78970,78987,78831,78867,223.81036
1787609700000,78868,78923,78753,78775,236.27889
1787610600000,78774,78915,78723,78766,186.20958
1787611500000,78765,78833,78683,78729,199.50071
1787612400000,78729,78820,78622,78735,493.77211
1787613300000,78740,78989,78728,78916,572.19611
1787614200000,78907,78985,78869,78963,149.24343
1787615100000,78962,79017,78843,78996,140.98139
1787616000000,78995,79068,78898,78965,219.33548
1787616900000,78964,78964,78708,78798,309.92357
1787617800000,78797,79372,78752,79371,561.00344
1787618700000,79371,79900,79355,79755,2477.79839
1787619600000,79754,79999,79616,79664,850.79185
1787620500000,79664,79980,79500,79850,860.37484
1787621400000,79851,79942,79693,79732,313.43695
1787622300000,79723,79854,79522,79838,196.55092
1787623200000,79837,79934,79755,79874,374.93791
1787624100000,79874,81098,79836,81038,4023.54491
1787625000000,81036,81299,80792,80826,1517.56322
1787625900000,80826,80856,80436,80672,1251.01246
1787626800000,80672,80978,80615,80816,973.70595
1787627700000,80817,80841,80535,80666,900.9081
1787628600000,80665,80909,80551,80604,1025.70372
1787629500000,80604,80695,80307,80490,1494.74744
1787630400000,80490,80615,80269,80494,1046.41697
1787631300000,80492,80493,80237,80258,452.2521
1787632200000,80259,80408,80168,80247,353.75946
1787633100000,80246,80385,80231,80385,143.05731
1787634000000,80385,80593,80341,80554,290.81894
1787634900000,80554,80765,80484,80662,477.05321
1787635800000,80661,80843,80621,80721,531.85556
1787636700000,80720,80823,80641,80753,771.51479
1787637600000,80753,80884,80710,80870,370.85701
1787638500000,80871,80941,80763,80775,416.12343
1787639400000,80775,80776,80528,80547,923.72042
1787640300000,80546,80590,80424,80590,224.83176
1787641200000,80590,80843,80565,80735,548.58944
1787642100000,80734,80766,80630,80685,137.8297
1787643000000,80684,80710,80500,80527,206.48075
1787643900000,80528,80539,79335,79713,2616.42421
1787644800000,79713,79992,79624,79932,607.7654
1787645700000,79933,80254,79932,80195,766.13113
1787646600000,80195,80242,79894,80120,498.9291
1787647500000,80119,80128,79835,79924,412.56462
1787648400000,79926,79967,79699,79855,622.86245
1787649300000,79854,79958,79773,79820,116.14556
1787650200000,79821,79952,79750,79751,122.09399
1787651100000,79750,79786,78822,79170,2557.36366
1787652000000,79171,79344,78971,79308,734.50297
1787652900000,79309,79414,79205,79261,548.12056
1787653800000,79261,79305,79225,79297,185.63004
1787654700000,79297,79482,79288,79289,567.27873
1787655600000,79288,79395,79073,79095,644.90925
1787656500000,79094,79285,79059,79235,281.41186
1787657400000,79242,79445,79141,79141,413.56038
1787658300000,79140,79174,79017,79108,492.78033
1787659200000,79107,79164,78652,79058,1052.44083
1787660100000,79059,79060,78591,78866,425.59007
1787661000000,78865,78983,78750,78905,412.88971
1787661900000,78905,79087,78877,78967,559.57241
1787662800000,78967,79067,78700,78793,349.03421
1787663700000,78792,78809,78553,78631,377.9588
1787664600000,78630,79207,78577,78623,1185.33154
1787665500000,78622,78646,78060,78617,2180.43752
1787666400000,78622,79045,78527,78978,1818.9351
1787667300000,78977,79286,78872,79196,846.44351
1787668200000,79194,79366,79029,79146,633.94034
1787669100000,79146,79381,79145,79222,807.08576
1787670000000,79222,79342,79039,79073,920.17647
1787670900000,79073,79255,79000,79199,374.95275
1787671800000,79199,79469,79153,79380,551.07497
1787672700000,79380,79538,79246,79490,972.0731
1787673600000,79491,79560,79154,79160,623.09913
1787674500000,79159,79273,79063,79150,648.77544
1787675400000,79149,79349,79142,79208,337.86976
1787676300000,79208,79349,79073,79139,420.1465
1787677200000,79139,79139,78850,78948,1059.77777
1787678100000,78950,79015,78664,78773,865.45497
1787679000000,78774,79151,78774,79120,490.87782
1787679900000,79120,79238,79119,79217,437.93109
1787680800000,79217,79338,79200,79310,380.93225
1787681700000,79309,79320,79219,79253,287.05942
1787682600000,79252,79253,79069,79155,386.87035
1787683500000,79155,79226,79010,79105,328.62229
1787684400000,79105,79162,78986,79133,315.28124
1787685300000,79134,79220,78886,78915,459.14534
1787686200000,78914,78932,78706,78725,341.48471
1787687100000,78724,78925,78721,78901,178.54429
1787688000000,78905,78943,78644,78857,234.16587
1787688900000,78858,78944,78740,78742,243.37019
1787689800000,78742,78765,78341,78434,1078.50404
1787690700000,78434,78510,78129,78162,1287.84225
1787691600000,78161,78271,77794,78250,2653.90988
1787692500000,78250,78454,78166,78419,907.72683
1787693400000,78419,78619,78343,78559,558.316
1787694300000,78559,78641,78506,78547,349.56855
1787695200000,78546,78936,78546,78909,697.53408
1787696100000,78908,78998,78569,78600,1154.85435
1787697000000,78600,78834,78562,78748,243.77986
1787697900000,78747,78922,78740,78866,408.77049
1787698800000,78865,78940,78765,78920,579.42108
1787699700000,78919,78937,78597,78706,369.51625
1787700600000,78705,78781,78483,78551,490.00372
1787701500000,78552,78560,78346,78494,636.56096
1787702400000,78494,78577,78270,78316,478.70063
1787703300000,78315,78573,78293,78558,295.8168
1787704200000,78559,78624,78337,78351,356.90488
1787705100000,78351,78677,78336,78605,616.78814
1787706000000,78604,78873,78577,78718,404.54215
1787706900000,78718,78858,78674,78685,260.10671
1787707800000,78686,78928,78686,78850,234.3323
1787708700000,78849,78850,78748,78792,101.65342
1787709600000,78791,78853,78731,78764,157.72758
1787710500000,78764,79226,78728,79210,913.62793
1787711400000,79210,79222,79113,79133,300.77058
1787712300000,79133,79165,79035,79099,160.16612
1787713200000,79099,79175,79029,79029,116.22713
1787714100000,79028,79106,78973,79032,206.46854
1787715000000,79032,79100,78894,79053,200.57075
1787715900000,79053,79100,78941,79071,212.32718
1787716800000,79072,79182,78957,79038,298.92652
1787717700000,79038,79135,78959,79012,271.88866
1787718600000,79011,79047,78889,78956,182.23816
1787719500000,78957,78957,78786,78817,137.12072
1787720400000,78817,78958,78616,78895,510.57857
1787721300000,78894,79052,78741,79007,666.28645
1787722200000,79007,79127,78969,79110,242.08532
1787723100000,79110,79111,78944,79079,231.40751
1787724000000,79081,79206,78955,78989,985.19464
1787724900000,78988,79042,78812,78888,544.52206
1787725800000,78888,78941,78792,78922,107.28543
1787726700000,78921,78949,78851,78930,186.20585
1787727600000,78930,79084,78850,78981,283.87411
1787728500000,78981,79020,78901,78936,350.34521
1787729400000,78935,79041,78882,78986,69.54959
1787730300000,78985,79042,78904,78917,117.93961
1787731200000,78917,79108,78808,79028,561.56373
1787732100000,79028,79106,78896,78981,104.37391
1787733000000,78981,79013,78889,78999,94.28028
1787733900000,78999,79004,78585,78691,708.40529
1787734800000,78691,78873,78650,78770,365.25973
1787735700000,78769,78769,78361,78520,1069.20926
1787736600000,78520,78585,78291,78299,424.00058
1787737500000,78298,78484,78203,78433,416.31715
1787738400000,78432,78467,78267,78431,363.39116
1787739300000,78431,78634,78420,78618,292.09486
1787740200000,78618,78790,78542,78715,218.96159
1787741100000,78715,78858,78679,78700,337.9497
1787742000000,78700,78768,78636,78688,110.10254
1787742900000,78690,78700,78587,78607,148.07819
1787743800000,78608,78609,78273,78459,671.33674
1787744700000,78458,78566,78361,78474,360.58382
1787745600000,78474,78551,78327,78386,541.55339
1787746500000,78386,78699,78269,78698,486.63249
1787747400000,78698,78699,77955,78248,1176.20609
1787748300000,78245,78437,78169,78300,518.77913
1787749200000,78301,78420,77955,78100,992.97229
1787750100000,78101,78159,77875,78017,821.82022
1787751000000,78018,78473,78018,78469,965.9122
1787751900000,78470,78532,78085,78437,870.97998
1787752800000,78429,78602,78276,78442,715.225
1787753700000,78442,78557,78185,78235,168.00589
1787754600000,78234,78266,77876,77953,1016.13312
1787755500000,77952,78022,77729,77775,1473.7619
1787756400000,77774,77950,77618,77835,1239.17799
1787757300000,77835,78160,77715,78150,809.44815
1787758200000,78150,78159,77913,78027,669.69737
1787759100000,78033,78144,77955,77998,620.35281
1787760000000,77998,78154,77969,78072,165.99722
1787760900000,78073,78117,77963,78046,185.10517
1787761800000,78046,78139,77832,77854,486.59975
1787762700000,77854,78150,77853,77972,302.81016
1787763600000,77971,78121,77971,78120,410.04839
1787764500000,78120,78520,78120,78509,780.74575
1787765400000,78508,78606,78488,78504,480.40083
1787766300000,78505,78505,78351,78435,355.96614
1787767200000,78436,78659,78386,78557,403.65338
1787768100000,78557,78606,78428,78460,189.0764
1787769000000,78459,78482,78263,78292,466.2485
1787769900000,78292,78496,78278,78469,239.46493
1787770800000,78469,78510,78370,78373,143.91536
1787771700000,78373,78535,78272,78506,962.81148
1787772600000,78511,78530,78361,78400,122.32923
1787773500000,78400,78507,78399,78445,201.31506
1787774400000,78454,78503,78359,78401,176.26039
1787775300000,78400,78443,78170,78383,351.1373
1787776200000,78383,78424,78268,78393,394.93235
1787777100000,78393,78424,78366,78424,73.73487
1787778000000,78424,78798,78369,78777,750.03463
1787778900000,78777,78829,78695,78753,763.13288
1787779800000,78753,78831,78650,78709,164.14388
1787780700000,78710,78800,78663,78718,268.54589
1787781600000,78719,78869,78671,78788,664.53868
1787782500000,78788,79007,78765,78826,1376.55772
1787783400000,78823,78823,78580,78686,593.26005
1787784300000,78685,78725,78542,78690,257.35969
1787785200000,78690,78741,78644,78700,124.34789
1787786100000,78699,78888,78674,78851,154.63341
1787787000000,78852,79071,78851,79050,497.22183
1787787900000,79050,79173,78997,79026,458.60271
1787788800000,79025,79034,78810,78835,342.30769
1787789700000,78835,78946,78810,78904,249.46649
1787790600000,78904,78904,78781,78872,288.31435
1787791500000,78872,78875,78679,78681,425.70488
1787792400000,78681,78776,78634,78652,231.71301
1787793300000,78649,78965,78547,78924,446.04891
1787794200000,78924,78966,78710,78710,332.91776
1787795100000,78710,78994,78693,78881,253.871
1787796000000,78881,78951,78831,78859,71.20291
1787796900000,78860,78860,78700,78740,228.43504
1787797800000,78740,78781,78696,78708,39.8433
1787798700000,78709,78776,78696,78710,17.86701
1787799600000,78710,78765,78647,78656,82.8905
1787800500000,78657,78971,78621,78880,107.34283
1787801400000,78880,78913,78823,78864,61.38134
1787802300000,78860,78910,78756,78809,52.25791
1787803200000,78809,78873,78788,78841,40.91291
1787804100000,78842,78885,78778,78779,33.42755
1787805000000,78778,78817,78674,78802,210.90674
1787805900000,78802,78810,78686,78770,429.17807
1787806800000,78771,78771,78627,78627,236.42325
1787807700000,78627,78802,78611,78639,445.57369
1787808600000,78638,78797,78585,78696,398.37806
1787809500000,78696,78936,78690,78897,406.62453
1787810400000,78897,78898,78637,78661,305.39577
1787811300000,78661,78802,78596,78632,780.62502
1787812200000,78631,78795,78631,78742,277.3534
1787813100000,78741,78838,78734,78826,65.7106
1787814000000,78825,78854,78757,78820,45.25938
1787814900000,78820,78831,78743,78779,35.07262
1787815800000,78783,78873,78778,78833,53.0834
1787816700000,78834,79080,78833,79066,284.40659
1787817600000,79066,79896,79029,79631,2650.28613
1787818500000,79637,79757,79442,79748,717.0481
1787819400000,79747,80032,79714,79930,844.00972
1787820300000,79930,80041,79691,79758,747.7971
1787821200000,79758,79878,79670,79878,181.91879
1787822100000,79877,80500,79796,80499,1200.5385
1787823000000,80498,80542,80188,80255,968.80051
1787823900000,80254,80268,79928,79995,810.90824
1787824800000,79996,80171,79780,79929,691.70686
1787825700000,79928,80019,79298,79642,1888.68242
1787826600000,79641,79658,79342,79596,784.25484
1787827500000,79596,79640,79483,79612,283.66345
1787828400000,79614,79763,79545,79763,423.39065
1787829300000,79763,79765,79481,79511,760.32282
1787830200000,79512,79547,79368,79422,471.83801
1787831100000,79421,79495,79167,79477,795.29547
1787832000000,79477,79543,79370,79482,197.46219
1787832900000,79482,79588,79369,79540,312.91866
1787833800000,79539,79540,79257,79257,465.27428
1787834700000,79257,79349,79254,79266,194.38102
1787835600000,79265,79374,79257,79346,96.88319
1787836500000,79348,79490,79303,79347,412.54382
1787837400000,79347,79352,79092,79229,906.69022
1787838300000,79228,79561,78881,79521,1362.40991
1787839200000,79520,79787,79335,79422,1090.02713
1787840100000,79428,79900,79382,79895,611.29621
1787841000000,79895,80380,79779,80354,1473.89311
1787841900000,80351,80351,79976,80186,957.30019
1787842800000,80186,80786,80064,80654,1471.00576
1787843700000,80656,80717,80380,80566,1714.16649
1787844600000,80566,80583,80315,80464,933.81216
1787845500000,80463,80482,80260,80271,303.09547
1787846400000,80270,80500,80148,80390,738.23882
1787847300000,80390,80505,80355,80378,378.53559
1787848200000,80378,80603,80231,80568,521.09656
1787849100000,80556,80576,80300,80328,454.19063
1787850000000,80328,80631,80187,80601,710.19689
1787850900000,80601,80801,80549,80684,1066.45728
1787851800000,80684,80767,80426,80446,525.38883
1787852700000,80446,80528,80389,80414,173.69962
1787853600000,80414,80414,79958,80048,756.54385
1787854500000,80048,80162,79705,79883,826.25105
1787855400000,79883,79987,79792,79940,516.47107
1787856300000,79939,80127,79872,80127,325.03596
1787857200000,80128,80263,80077,80130,329.98903
1787858100000,80126,80204,80013,80149,166.43048
1787859000000,80149,80200,79944,79972,200.84732
1787859900000,79972,80014,79857,79859,177.68176
1787860800000,79876,80032,79839,79935,393.10529
1787861700000,79935,80091,79922,79956,164.78413
1787862600000,79957,80024,79945,79986,38.33088
1787863500000,79987,80069,79931,80064,47.82237
1787864400000,80063,80123,79978,80058,209.77254
1787865300000,80059,80099,79958,80002,237.38337
1787866200000,80001,80093,79943,79995,88.86852
1787867100000,79994,80166,79977,80154,337.69372
1787868000000,80156,80292,80156,80214,332.27561
1787868900000,80214,80400,80160,80208,568.82925
1787869800000,80209,80269,80104,80256,640.39989
1787870700000,80251,80280,80190,80269,66.5743
1787871600000,80269,80270,80098,80132,261.26542
1787872500000,80127,80368,80092,80293,382.23663
1787873400000,80292,80298,80214,80236,105.40987
1787874300000,80235,80295,80141,80221,423.68424
1787875200000,80220,80243,80106,80179,355.05001
1787876100000,80180,80427,80179,80394,395.54187
1787877000000,80393,80468,80329,80377,298.05671
1787877900000,80377,80679,80310,80548,365.32871
1787878800000,80548,80866,80548,80722,471.77148
1787879700000,80722,81172,80653,81114,1305.57421
1787880600000,81114,81483,80778,80816,2025.86687
1787881500000,80817,80862,80400,80472,1361.67699
1787882400000,80472,80473,80192,80192,560.61155
1787883300000,80192,80268,79869,79889,894.35437
1787884200000,79888,80134,79794,79995,861.21571
1787885100000,79999,80000,79703,79895,478.19918
1787886000000,79895,79944,79738,79847,581.54645
1787886900000,79844,80013,79844,79875,225.00769
1787887800000,79875,79959,79775,79776,150.47179
1787888700000,79775,79832,79750,79791,120.45796
1787889600000,79790,79825,79557,79825,502.20473
1787890500000,79825,79940,79777,79778,181.84597
1787891400000,79777,79800,79589,79677,129.75446
1787892300000,79676,79716,79579,79611,320.46102
1787893200000,79612,79687,79534,79609,352.04319
1787894100000,79609,79711,79538,79711,278.75824
1787895000000,79711,79830,79677,79781,125.69597
1787895900000,79782,79848,79608,79650,123.22337
1787896800000,79649,79884,79649,79883,105.37793
1787897700000,79882,79882,79776,79796,216.60256
1787898600000,79795,79852,79753,79835,147.13378
1787899500000,79835,79979,79835,79876,437.69063
1787900400000,79877,79877,79627,79656,603.28364
1787901300000,79656,79786,79638,79773,377.7327
1787902200000,79774,79782,79552,79561,118.0771
1787903100000,79561,79648,79561,79641,87.08236
1787904000000,79642,79819,79641,79715,312.1945
1787904900000,79716,79814,79715,79764,142.41258
1787905800000,79764,79784,79692,79692,136.00285
1787906700000,79692,79700,79456,79483,766.10589
1787907600000,79483,79483,79218,79347,1247.77563
1787908500000,79348,79433,79337,79350,85.39724
1787909400000,79350,79396,79248,79248,78.37803
1787910300000,79247,79317,79235,79252,116.45263
1787911200000,79252,79286,78975,79186,542.27674
1787912100000,79186,79288,79122,79280,339.20939
1787913000000,79280,79343,79260,79310,301.75072
1787913900000,79309,79553,79290,79540,525.75155
1787914800000,79539,79694,79535,79679,337.71353
1787915700000,79679,79742,79623,79639,187.20985
1787916600000,79638,79722,79543,79584,310.2414
1787917500000,79584,79615,79511,79567,338.32647
1787918400000,79568,79647,79482,79508,169.41989
1787919300000,79508,79686,79488,79488,102.88141
1787920200000,79488,79490,79261,79373,573.47048
1787921100000,79374,79402,79309,79391,145.08718
1787922000000,79391,79450,79251,79328,130.58307
1787922900000,79328,79328,79035,79149,336.61331
1787923800000,79148,79320,78993,79056,504.54845
1787924700000,79056,79529,79050,79319,642.07905
1787925600000,79319,79677,78404,78601,4669.84065
1787926500000,78600,79010,78480,78923,1919.37141
1787927400000,78923,79700,78817,79394,2670.22109
1787928300000,79395,79590,79059,79505,979.08853
1787929200000,79506,79830,79265,79287,877.02799
1787930100000,79287,79496,79228,79307,427.41244
1787931000000,79307,79327,78743,78765,785.015
1787931900000,78765,78892,78275,78297,1669.92896
1787932800000,78296,78368,77781,77787,2870.97659
1787933700000,77788,77833,76831,77511,4165.11071
1787934600000,77512,77956,77500,77776,1591.81558
1787935500000,77775,77975,77736,77752,1212.5872
1787936400000,77753,77985,77630,77971,837.26938
1787937300000,77974,78091,77792,77906,570.2448
1787938200000,77905,77972,77653,77747,558.05756
1787939100000,77748,77958,77747,77873,293.92138
1787940000000,77873,77914,77703,77708,490.60554
1787940900000,77708,77765,77461,77551,587.43641
1787941800000,77551,77586,77295,77373,692.55733
1787942700000,77374,77526,77231,77526,916.67394
1787943600000,77526,77715,77474,77647,970.78558
1787944500000,77647,77765,77599,77670,192.58052
1787945400000,77670,77676,77507,77508,297.3029
1787946300000,77507,77551,77353,77550,453.25204
1787947200000,77534,77582,77460,77533,162.433
1787948100000,77534,77534,77380,77484,474.84321
1787949000000,77485,77485,77283,77389,250.68866
1787949900000,77388,77440,77315,77376,74.53627
1787950800000,77377,77400,77302,77378,188.64636
1787951700000,77379,77412,77292,77372,251.13675
1787952600000,77373,77511,77373,77455,227.45541
1787953500000,77455,77455,77234,77345,157.00922
1787954400000,77346,77440,77308,77429,97.11717
1787955300000,77430,77564,77383,77554,463.817
1787956200000,77555,77737,77544,77722,493.23671
1787957100000,77723,77746,77657,77729,393.14376
1787958000000,77729,77750,77647,77747,76.76042
1787958900000,77741,77741,77641,77657,120.76296
1787959800000,77658,77679,77639,77667,101.04871
1787960700000,77668,77834,77598,77832,606.29216
1787961600000,77832,77859,77759,77799,508.29593
1787962500000,77799,77924,77790,77878,121.77668
1787963400000,77878,77878,77738,77750,176.88623
1787964300000,77750,77777,77685,77696,83.99176
1787965200000,77696,77696,77603,77604,50.75712
1787966100000,77604,77754,77603,77754,62.73242
1787967000000,77754,77794,77722,77793,37.95392
1787967900000,77794,77817,77723,77763,78.83264
1787968800000,77763,77788,77707,77707,55.10984
1787969700000,77708,77720,77535,77595,355.07686
1787970600000,77595,77645,77556,77589,192.24296
1787971500000,77589,77682,77589,77636,53.08882
1787972400000,77636,77698,77635,77649,39.66826
1787973300000,77649,77677,77600,77656,82.08253
1787974200000,77656,77671,77539,77586,214.22083
1787975100000,77587,77587,77468,77469,90.63119
1787976000000,77469,77563,77469,77551,31.0852
1787976900000,77551,77591,77550,77580,98.31341
1787977800000,77580,77617,77563,77583,18.29104
1787978700000,77584,77650,77583,77624,52.23928
1787979600000,77624,77692,77600,77683,108.19871
1787980500000,77683,77683,77614,77637,18.04338
1787981400000,77637,77698,77615,77668,94.44364
1787982300000,77669,77678,77575,77613,66.6367
1787983200000,77613,77613,77437,77445,284.43238
1787984100000,77445,77485,77341,77376,150.19842
1787985000000,77377,77468,77376,77417,54.16231
1787985900000,77417,77451,77407,77436,37.86756
1787986800000,77437,77513,77398,77434,98.13385
1787987700000,77435,77496,77418,77492,30.54425
1787988600000,77492,77629,77475,77628,450.8385
1787989500000,77629,77648,77591,77591,70.79164
1787990400000,77591,77591,77444,77497,166.99921
1787991300000,77496,77568,77478,77556,110.42658
1787992200000,77556,77556,77490,77544,60.39625
1787993100000,77544,77603,77498,77603,50.24385
1787994000000,77604,77649,77531,77604,63.77263
1787994900000,77605,77648,77580,77590,81.51889
1787995800000,77590,77727,77589,77636,114.47959
1787996700000,77631,77652,77620,77624,30.04407
1787997600000,77625,77625,77485,77559,58.8551
1787998500000,77560,77693,77559,77638,49.5791
1787999400000,77638,77698,77636,77659,32.74011
1788000300000,77659,77702,77603,77607,33.96802
1788001200000,77607,77693,77588,77692,28.12331
1788002100000,77693,77700,77654,77671,26.85947
1788003000000,77671,77671,77611,77612,45.62254
1788003900000,77612,77637,77534,77564,21.48549
1788004800000,77564,77593,77533,77563,21.94858
1788005700000,77564,77627,77501,77560,32.54198
1788006600000,77560,77561,77467,77545,221.20486
1788007500000,77546,77568,77507,77554,31.30395
1788008400000,77554,77642,77542,77634,40.75243
1788009300000,77634,77696,77612,77619,69.59238
1788010200000,77619,77696,77615,77641,81.75886
1788011100000,77641,77698,77634,77681,22.7613
1788012000000,77681,77697,77634,77661,30.85614
1788012900000,77661,77730,77646,77677,39.48708
1788013800000,77676,78000,77660,77910,440.99259
1788014700000,77906,78162,77898,77987,636.92914
1788015600000,77986,77991,77831,77914,302.3918
1788016500000,77914,77965,77833,77879,334.41009
1788017400000,77879,77880,77784,77806,62.49613
1788018300000,77806,77909,77776,77827,117.06748
1788019200000,77827,77981,77827,77981,153.12273
1788020100000,77970,78110,77882,77926,730.67934
1788021000000,77926,77998,77872,77987,263.81442
1788021900000,77987,78067,77967,77995,259.4575
1788022800000,77996,78057,77984,78020,111.88739
1788023700000,78021,78074,77950,77955,129.78649
1788024600000,77956,77997,77866,77979,260.44942
1788025500000,77980,78072,77943,78070,506.83177
1788026400000,78069,78151,78041,78048,331.97691
1788027300000,78049,78083,77997,78031,107.62005
1788028200000,78032,78200,77987,78112,551.92077
1788029100000,78112,78241,78112,78131,363.4666
1788030000000,78132,78293,78131,78292,271.99964
1788030900000,78292,78331,78221,78230,272.24766
1788031800000,78230,78242,78175,78234,69.14466
1788032700000,78235,78240,78116,78160,68.92028
1788033600000,78160,78272,78144,78210,77.7836
1788034500000,78210,78234,78152,78152,46.91655
1788035400000,78153,78153,78089,78108,154.79705
1788036300000,78107,78130,78099,78100,58.30513
1788037200000,78100,78166,78025,78124,237.7888
1788038100000,78123,78151,78074,78076,29.24196
1788039000000,78076,78096,78042,78077,27.65509
1788039900000,78077,78189,78073,78145,92.17334
1788040800000,78145,78202,78095,78115,44.03931
1788041700000,78116,78140,78055,78120,133.81893
1788042600000,78120,78152,78117,78146,55.65534
1788043500000,78146,78209,78145,78202,75.34128
1788044400000,78202,78231,78174,78213,51.61175
1788045300000,78214,78257,78174,78240,107.46984
1788046200000,78241,78249,78207,78208,44.69055
1788047100000,78207,78264,78207,78228,42.63375
1788048000000,78229,78229,78132,78154,179.34319
1788048900000,78154,78312,78153,78198,129.24016
1788049800000,78197,78284,78168,78189,29.08606
1788050700000,78186,78231,78146,78146,52.26396
1788051600000,78149,78162,78033,78047,179.33237
1788052500000,78047,78047,77955,77984,437.87062
1788053400000,77985,78037,77959,78031,60.7181
1788054300000,78031,78107,78015,78050,67.99527
1788055200000,78050,78103,78034,78060,68.38924
1788056100000,78060,78060,77989,78013,15.67823
1788057000000,78014,78099,77981,78073,21.48806
1788057900000,78073,78160,78052,78086,122.26855
1788058800000,78086,78102,78038,78058,27.92387
1788059700000,78058,78144,78030,78144,39.30077
1788060600000,78148,78220,78119,78175,44.43119
1788061500000,78175,78175,78117,78124,259.20316
1788062400000,78118,78202,78117,78138,231.90825
1788063300000,78138,78140,78069,78096,28.91737
1788064200000,78095,78096,77966,77993,392.82095
1788065100000,77992,78079,77962,78079,37.74364
1788066000000,78079,78188,78078,78118,38.8684
1788066900000,78118,78120,78101,78117,21.99382
1788067800000,78117,78117,78084,78102,35.86932
1788068700000,78101,78102,78096,78099,12.80333
1788069600000,78099,78116,78084,78085,12.20977
1788070500000,78084,78179,78084,78161,104.7667
1788071400000,78161,78277,78158,78216,377.99711
1788072300000,78216,78288,78212,78265,71.73848
1788073200000,78265,78276,78234,78235,42.08676
1788074100000,78235,78235,78200,78200,34.42355
1788075000000,78201,78201,78124,78125,61.65422
1788075900000,78125,78145,78085,78086,47.42933
1788076800000,78086,78177,78086,78130,22.01425
1788077700000,78129,78177,78129,78138,30.46353
1788078600000,78138,78138,78019,78046,77.64757
1788079500000,78046,78065,78013,78064,27.35126
1788080400000,78064,78084,78044,78084,18.45052
1788081300000,78084,78100,77973,77974,51.66718
1788082200000,77974,78033,77964,78006,42.1988
1788083100000,78006,78041,77974,77982,20.70316
1788084000000,77983,78049,77936,77988,58.51292
1788084900000,77988,78100,77970,78027,50.26898
1788085800000,78027,78098,78026,78097,26.44083
1788086700000,78097,78134,78096,78125,23.90846
1788087600000,78130,78183,78116,78153,69.13733
1788088500000,78153,78207,78122,78207,42.15098
1788089400000,78207,78221,78129,78156,47.13896
1788090300000,78156,78156,78093,78149,21.78147
1788091200000,78149,78706,78149,78644,1516.22078
1788092100000,78644,78644,78476,78613,334.84266
1788093000000,78613,78879,78533,78641,807.71591
1788093900000,78640,78776,78577,78775,196.8547
1788094800000,78776,78816,78615,78627,284.16648
1788095700000,78626,78707,78567,78706,75.50262
1788096600000,78707,78806,78659,78775,211.65955
1788097500000,78776,78950,78775,78851,387.61972
1788098400000,78851,78940,78751,78896,291.27328
1788099300000,78896,78919,78777,78838,74.55796
1788100200000,78838,78931,78696,78742,351.09001
1788101100000,78742,78799,78700,78755,87.43395
1788102000000,78754,78849,78632,78654,87.05467
1788102900000,78654,78819,78622,78761,127.46238
1788103800000,78760,78836,78760,78836,40.72752
1788104700000,78837,78885,78781,78809,163.96279
1788105600000,78809,79177,78724,79116,745.3366
1788106500000,79116,79250,78995,79032,552.84463
1788107400000,79032,79249,79012,79185,475.1783
1788108300000,79186,79389,79139,79318,363.43516
1788109200000,79319,79329,79125,79160,166.28221
1788110100000,79160,79160,78759,78934,597.74205
1788111000000,78933,79044,78870,79027,248.13511
1788111900000,79028,79072,78954,79000,126.87398
1788112800000,79001,79069,78757,78829,313.75957
1788113700000,78830,78990,78829,78989,195.55287
1788114600000,78990,79172,78989,79075,245.1001
1788115500000,79075,79076,78998,79023,136.14833
1788116400000,79023,79030,78915,79026,228.60741
1788117300000,79026,79026,78902,78920,118.47566
1788118200000,78920,78943,78755,78778,381.77085
1788119100000,78779,78862,78699,78841,164.09821
1788120000000,78842,78907,78825,78845,58.92931
1788120900000,78846,78915,78817,78818,32.17113
1788121800000,78818,78850,78407,78453,736.94253
1788122700000,78453,78725,78452,78563,336.75266
1788123600000,78563,78563,78199,78485,694.14863
1788124500000,78486,78660,78446,78628,373.53546
1788125400000,78628,78720,78585,78618,120.66436
1788126300000,78619,78686,78526,78644,44.51107
1788127200000,78645,78806,78521,78558,322.43123
1788128100000,78559,78559,78283,78363,302.03007
1788129000000,78364,78528,78260,78435,127.30335
1788129900000,78435,78492,78354,78404,47.342
1788130800000,78404,78425,78286,78345,48.80727
1788131700000,78345,78392,77625,77661,1394.75499
1788132600000,77654,77844,77316,77458,2041.00868
1788133500000,77458,77698,76971,77659,1538.16934
1788134400000,77660,77797,77409,77750,673.48242
1788135300000,77751,77982,77692,77899,749.68756
1788136200000,77900,78163,77868,78017,396.66939
1788137100000,78018,78021,77910,77924,191.92707
1788138000000,77924,77987,77546,77645,420.26308
1788138900000,77645,77844,77566,77763,386.40387
1788139800000,77764,77933,77629,77734,148.59873
1788140700000,77734,77838,77600,77622,161.03197
1788141600000,77623,78004,77501,77949,538.59365
1788142500000,77950,77951,77806,77869,111.48376
1788143400000,77869,77918,77688,77688,301.43317
1788144300000,77689,77748,77357,77446,541.92844
1788145200000,77446,77676,77353,77636,482.01931
1788146100000,77634,77749,77570,77712,214.35359
1788147000000,77701,77823,77652,77808,157.46426
1788147900000,77808,77853,77722,77738,152.26494
1788148800000,77738,77755,77550,77581,137.51342
1788149700000,77581,77584,77474,77501,300.85607
1788150600000,77501,77577,77436,77562,210.03515
1788151500000,77562,77651,77455,77612,115.08434
1788152400000,77613,77800,77506,77763,385.1073
1788153300000,77762,78155,77744,77998,827.5582
1788154200000,77999,78063,77867,77966,165.6964
1788155100000,77966,78051,77947,78012,242.39004
1788156000000,78012,78076,77857,78017,157.72246
1788156900000,78017,78134,77970,78023,443.59616
1788157800000,78017,78143,77923,78079,135.00939
1788158700000,78080,78129,78008,78088,94.18977
1788159600000,78087,78173,78028,78120,86.01993
1788160500000,78120,78318,78119,78211,176.76674
1788161400000,78211,78289,78130,78265,72.46065
1788162300000,78264,78288,78189,78195,91.69114
1788163200000,78196,78333,78049,78153,269.08244
1788164100000,78152,78154,77967,78087,140.56177
1788165000000,78087,78443,78069,78319,414.31831
1788165900000,78318,78516,78303,78463,293.82104
1788166800000,78464,78790,78389,78642,598.69694
1788167700000,78643,78790,78582,78642,343.42724
1788168600000,78645,78700,78589,78697,89.12418
1788169500000,78697,78788,78504,78505,245.14175
1788170400000,78505,78525,78301,78521,365.1537
1788171300000,78520,78520,78402,78447,154.41505
1788172200000,78447,78540,78375,78524,188.65869
1788173100000,78524,78733,78505,78704,147.18255
1788174000000,78705,78705,78557,78618,96.74453
1788174900000,78619,78627,78458,78472,279.22318
1788175800000,78472,78483,78350,78378,196.88502
1788176700000,78378,78410,78280,78300,213.32519
1788177600000,78300,78533,78262,78411,224.42466
1788178500000,78411,78465,78033,78084,432.29105
1788179400000,78084,78151,77678,77866,940.07946
1788180300000,77866,77905,77757,77905,467.69735
1788181200000,77905,78196,77905,78076,989.12082
1788182100000,78077,78081,77872,78030,380.39065
1788183000000,78031,78293,77817,77995,1084.48194
1788183900000,77996,78051,77711,77855,696.2204
1788184800000,77856,78051,77780,77898,647.65426
1788185700000,77898,78060,77740,78011,225.17146
1788186600000,78010,78677,77965,78513,933.11086
1788187500000,78513,78636,78367,78572,594.81095
1788188400000,78574,78675,78303,78306,511.50288
1788189300000,78305,78538,78208,78448,239.23476
1788190200000,78448,78773,78390,78702,668.61457
1788191100000,78701,78739,78542,78566,428.2928
1788192000000,78566,78800,78512,78677,619.91066
1788192900000,78678,78740,78510,78635,332.23482
1788193800000,78636,78754,78558,78720,192.42751
1788194700000,78720,78882,78623,78624,670.90117
1788195600000,78623,78793,78596,78721,186.43145
1788196500000,78722,78726,78471,78510,373.38483
1788197400000,78516,78985,78515,78897,780.47984
1788198300000,78896,78950,78829,78885,250.02425
1788199200000,78886,78950,78761,78942,268.98713
1788200100000,78949,79079,78823,78886,805.33388
1788201000000,78886,79203,78871,79181,662.68357
1788201900000,79181,79182,78987,79010,529.36359
1788202800000,79010,79250,79010,79184,278.44313
1788203700000,79183,79184,79008,79084,300.68138
1788204600000,79084,79137,78913,78975,387.82946
1788205500000,78974,79093,78837,78872,367.62635
1788206400000,78872,78966,78846,78954,144.90181
1788207300000,78954,79164,78905,78912,522.85582
1788208200000,78912,78939,78783,78870,196.65392
1788209100000,78870,78900,78811,78842,248.64451
1788210000000,78842,78879,78715,78824,180.46192
1788210900000,78825,78959,78800,78948,147.04662
1788211800000,78948,79066,78946,79047,158.04435
1788212700000,79047,79063,78941,78950,103.77478
1788213600000,78950,79008,78883,78883,94.05554
1788214500000,78883,78884,78729,78748,71.39654
1788215400000,78747,78759,78625,78649,137.74965
1788216300000,78649,78649,78560,78572,161.72103
1788217200000,78573,78573,78373,78436,275.31538
1788218100000,78436,78573,78436,78566,105.64338
1788219000000,78566,78581,78491,78551,81.75398
1788219900000,78551,78577,78538,78574,63.05842
1788220800000,78575,78782,78555,78742,336.95626
1788221700000,78742,78887,78734,78861,150.29372
1788222600000,78860,78889,78659,78694,241.44723
1788223500000,78697,78804,78565,78637,162.90649
1788224400000,78637,78789,78520,78537,88.21208
1788225300000,78536,78631,78388,78406,621.63381
1788226200000,78405,78558,78361,78558,277.39984
1788227100000,78557,78559,78360,78382,177.13278
1788228000000,78382,78383,78153,78277,384.60792
1788228900000,78278,78316,78179,78194,296.23628
1788229800000,78193,78391,78193,78348,110.2344
1788230700000,78347,78444,78314,78429,88.85937
1788231600000,78429,78484,78394,78425,264.01252
1788232500000,78425,78495,78388,78460,64.19761
1788233400000,78460,78871,78459,78798,550.34515
1788234300000,78798,78801,78651,78665,192.95403
1788235200000,78665,78805,78643,78672,239.71137
1788236100000,78671,78914,78671,78833,207.26482
1788237000000,78834,78856,78730,78731,320.50442
1788237900000,78731,78780,78680,78722,109.97008
1788238800000,78722,78982,78722,78860,669.6579
1788239700000,78860,79017,78772,78999,419.81472
1788240600000,78999,79187,78965,79174,1151.7159
1788241500000,79173,79233,79085,79182,1001.16806
1788242400000,79182,79183,78985,79024,281.46725
1788243300000,79023,79024,78804,78887,237.41601
1788244200000,78886,78949,78865,78876,127.29348
1788245100000,78875,78892,78740,78741,196.65954
1788246000000,78740,78813,78711,78722,178.23997
1788246900000,78721,78802,78702,78785,70.12284
1788247800000,78784,78804,78499,78630,327.56672
1788248700000,78630,78696,78600,78642,89.74747
1788249600000,78642,78663,78271,78316,339.71614
1788250500000,78316,78340,77879,77888,941.67602
1788251400000,77888,78052,77825,77969,627.87076
1788252300000,77969,78034,77820,77883,296.18342
1788253200000,77882,77926,77773,77819,337.68659
1788254100000,77819,77972,77806,77930,169.80007
1788255000000,77930,78048,77848,78045,143.7001
1788255900000,78044,78050,77899,77899,148.71726
1788256800000,77899,77989,77798,77866,231.77234
1788257700000,77865,78049,77740,77998,237.59898
1788258600000,77998,78184,77997,78134,179.76266
1788259500000,78135,78163,77980,78018,137.85132
1788260400000,78018,78053,77907,77981,227.93941
1788261300000,77981,78013,77890,78000,112.00286
1788262200000,78000,78193,77947,78100,737.09255
1788263100000,78101,78191,78062,78094,123.88669
1788264000000,78095,78150,77956,78031,111.89003
1788264900000,78032,78095,77914,77986,107.07923
1788265800000,77985,77986,77740,77969,252.59792
1788266700000,77969,78072,77921,78000,201.6259
1788267600000,78000,78010,77500,77814,985.80642
1788268500000,77813,77897,77724,77885,533.17464
1788269400000,77885,78026,77500,77910,983.03169
1788270300000,77910,78204,77831,78049,653.17478
1788271200000,78050,78409,78035,78265,1201.20941
1788272100000,78266,78408,78132,78247,235.37113
1788273000000,78246,78396,78222,78383,147.18329
1788273900000,78383,78418,78114,78156,237.79214
1788274800000,78155,78156,77718,77812,528.06858
1788275700000,77813,77874,77750,77861,166.21849
1788276600000,77860,77988,77790,77978,510.41496
1788277500000,77977,78096,77900,77910,137.58055
1788278400000,77910,77968,77650,77658,444.32778
1788279300000,77657,77740,77437,77609,1284.04121
1788280200000,77609,77609,77290,77435,726.10584
1788281100000,77435,77649,77426,77583,243.06538
1788282000000,77582,77646,77490,77504,168.15371
1788282900000,77504,77611,77392,77501,237.26714
1788283800000,77500,77722,77496,77506,197.95632
1788284700000,77506,77506,77219,77238,716.88652
1788285600000,77246,77282,77102,77207,689.43462
1788286500000,77207,77236,76740,77035,1810.55749
1788287400000,77035,77115,76559,76559,2012.62293
1788288300000,76560,77148,76397,77146,2371.69471
1788289200000,77147,77294,77097,77188,585.1937
1788290100000,77189,77453,77116,77343,511.6889
1788291000000,77344,77368,77275,77294,189.7611
1788291900000,77295,77328,77182,77290,188.33464
1788292800000,77298,77418,77218,77418,157.42949
1788293700000,77418,77464,77320,77401,129.82778
1788294600000,77402,77475,77328,77379,167.68496
1788295500000,77380,77464,77334,77436,53.09016
1788296400000,77436,77501,77033,77094,560.46236
1788297300000,77094,77271,76897,77185,496.42116
1788298200000,77186,77208,77012,77129,175.43405
1788299100000,77129,77259,77113,77195,106.79585
1788300000000,77195,77302,77168,77290,77.7778
1788300900000,77289,77290,77051,77052,191.90856
1788301800000,77052,77169,77010,77140,325.73248
1788302700000,77140,77350,77139,77255,104.05487
1788303600000,77255,77309,77193,77244,56.45534
1788304500000,77245,77392,77243,77392,96.19412
1788305400000,77392,77579,77374,77526,316.41519
1788306300000,77526,77611,77399,77419,130.36405
1788307200000,77420,77506,77341,77381,143.5547
1788308100000,77381,77456,77246,77246,212.83161
1788309000000,77246,77323,77109,77213,102.73986
1788309900000,77213,77253,77168,77194,103.98482
1788310800000,77195,77368,77130,77332,121.27573
1788311700000,77332,77340,77127,77137,98.50982
1788312600000,77138,77172,76812,76866,451.83487
1788313500000,76866,77028,76687,77000,672.58339
1788314400000,77001,77205,76925,77065,233.79176
1788315300000,77066,77343,77065,77308,407.03552
1788316200000,77309,77309,77156,77204,72.93249
1788317100000,77204,77314,77190,77313,63.37653
1788318000000,77314,77593,77288,77500,247.02248
1788318900000,77500,77777,77487,77643,782.68425
1788319800000,77644,77651,77483,77532,874.49648
1788320700000,77533,77625,77488,77549,226.83508
1788321600000,77550,77550,77330,77354,163.77523
1788322500000,77354,77415,77274,77406,292.88257
1788323400000,77407,77586,77407,77577,236.73655
1788324300000,77581,77599,77524,77546,68.79222
1788325200000,77546,77592,77412,77586,252.9684
1788326100000,77586,77777,77586,77742,456.06384
1788327000000,77743,77743,77659,77690,399.47892
1788327900000,77690,77741,77569,77635,112.13801
1788328800000,77636,77715,77542,77560,374.48909
1788329700000,77560,77637,77533,77533,39.31901
1788330600000,77534,77674,77446,77613,356.50975
1788331500000,77613,77613,77491,77600,74.80776
1788332400000,77601,77755,77581,77655,137.9128
1788333300000,77655,77689,77578,77582,74.25581
1788334200000,77582,77614,77536,77541,66.50282
1788335100000,77542,77588,77453,77457,329.50343
1788336000000,77458,77540,77359,77404,441.61942
1788336900000,77404,77461,77188,77226,844.23696
1788337800000,77227,77227,76924,76945,792.06911
1788338700000,76945,77010,76730,76844,816.32228
1788339600000,76844,77050,76843,76937,261.54836
1788340500000,76937,76959,76601,76875,540.00538
1788341400000,76875,76875,76496,76545,740.87285
1788342300000,76546,76761,76470,76735,476.05833
1788343200000,76735,76749,76549,76623,157.88484
1788344100000,76625,76692,76558,76558,72.43056
1788345000000,76559,76604,76456,76593,337.93683
1788345900000,76593,76680,76234,76669,712.0711
1788346800000,76669,76733,76492,76702,477.93007
1788347700000,76714,76776,76314,76480,1369.13441
1788348600000,76481,76733,76463,76633,1019.54463
1788349500000,76633,76905,76579,76836,667.0923
1788350400000,76835,76859,76656,76821,1490.66901
1788351300000,76821,77069,76765,76993,680.47873
1788352200000,76993,76998,76785,76818,530.90191
1788353100000,76818,76822,76598,76599,270.86378
1788354000000,76599,76876,76599,76734,334.41189
1788354900000,76733,76978,76700,76877,460.02206
1788355800000,76877,77407,76608,77372,1235.02388
1788356700000,77390,77465,76983,77133,985.50783
1788357600000,77133,77351,77004,77348,637.9592
1788358500000,77348,77495,77222,77336,616.41983
1788359400000,77336,77413,77107,77335,628.11395
1788360300000,77335,77336,77045,77062,651.96259
1788361200000,77061,77179,76722,76802,836.14546
1788362100000,76801,77144,76801,77036,371.43742
1788363000000,77035,77378,76980,77361,307.03824
1788363900000,77361,77363,77132,77283,150.7762
1788364800000,77284,77395,77200,77350,272.32687
1788365700000,77350,77581,77317,77458,602.04955
1788366600000,77457,77560,77250,77250,484.11767
1788367500000,77250,77313,77150,77150,140.31667
1788368400000,77150,77224,77039,77112,154.99762
1788369300000,77112,77143,76928,77077,363.319
1788370200000,77076,77294,77064,77293,298.92668
1788371100000,77293,77399,77293,77374,218.4892
1788372000000,77374,77430,77314,77396,142.92429
1788372900000,77397,77519,77364,77424,172.54078
1788373800000,77425,77442,77277,77290,157.73233
1788374700000,77289,77397,77273,77356,264.59331
1788375600000,77357,77379,77300,77371,187.51482
1788376500000,77372,77393,77123,77124,292.9971
1788377400000,77124,77235,77100,77214,234.33512
1788378300000,77213,77328,77128,77319,125.51754
1788379200000,77318,77501,77254,77342,415.10375
1788380100000,77341,77442,77179,77357,332.00329
1788381000000,77358,77454,77291,77352,180.49541
1788381900000,77352,77450,77270,77383,92.49768
1788382800000,77384,77384,77285,77301,86.58579
1788383700000,77302,77302,77210,77256,57.32051
1788384600000,77256,77413,77216,77405,192.75411
1788385500000,77405,77405,77244,77264,137.38787
1788386400000,77265,77265,77035,77127,577.50236
1788387300000,77128,77149,76980,76988,164.8655
1788388200000,76989,77133,76988,77097,277.91873
1788389100000,77097,77097,77001,77001,54.9881
1788390000000,77002,77183,76983,77183,269.03557
1788390900000,77182,77183,77106,77174,66.23007
1788391800000,77173,77227,77088,77125,113.47407
1788392700000,77125,77361,77125,77319,166.93837
1788393600000,77320,77368,77150,77151,231.02816
1788394500000,77150,77151,77012,77013,378.39297
1788395400000,77012,77126,76958,77088,339.16098
1788396300000,77090,77118,77000,77043,41.95463
1788397200000,77044,77414,76951,77401,487.88613
1788398100000,77400,77424,77251,77409,428.25796
1788399000000,77410,77535,77297,77328,909.0341
1788399900000,77328,77468,77274,77337,239.25382
1788400800000,77338,77480,77216,77477,290.17511
1788401700000,77478,77614,77424,77596,231.97918
1788402600000,77595,77911,77553,77758,1012.59572
1788403500000,77759,77851,77716,77798,169.74592
1788404400000,77801,77851,77689,77819,142.32001
1788405300000,77818,77851,77701,77732,185.99212
1788406200000,77732,77761,77629,77650,85.30964
1788407100000,77650,77724,77622,77684,185.34008
1788408000000,77685,77826,77593,77621,678.59402
1788408900000,77620,77637,77518,77547,429.74321
1788409800000,77548,77614,77527,77539,284.81589
1788410700000,77540,77780,77539,77761,245.23042
1788411600000,77763,77818,77586,77614,93.15705
1788412500000,77615,77628,77090,77178,1086.1241
1788413400000,77178,77506,77147,77477,414.09937
1788414300000,77478,77827,77396,77799,788.02076
1788415200000,77800,77831,77679,77693,266.68172
1788416100000,77693,77769,77687,77740,100.53905
1788417000000,77739,77827,77706,77817,171.01813
1788417900000,77817,77839,77751,77822,204.28472
1788418800000,77823,78177,77792,78051,1089.27188
1788419700000,78050,78051,77863,77934,368.88356
1788420600000,77934,78061,77841,77870,433.45056
1788421500000,77876,77919,77569,77635,463.20972
1788422400000,77636,78056,77636,77904,559.43169
1788423300000,77904,77966,77806,77950,160.1069
1788424200000,77951,77983,77845,77856,153.13938
1788425100000,77856,77881,77743,77815,94.63478
1788426000000,77814,77970,77783,77849,373.06698
1788426900000,77849,77885,77729,77729,151.55476
1788427800000,77729,77749,77634,77703,214.32745
1788428700000,77703,77753,77587,77593,153.76234
1788429600000,77594,77656,77497,77533,267.26265
1788430500000,77534,77692,77497,77603,351.96716
1788431400000,77604,77627,77456,77475,386.5816
1788432300000,77475,77752,77475,77706,118.18881
1788433200000,77707,77800,77687,77798,87.50629
1788434100000,77799,77929,77798,77901,341.65555
1788435000000,77902,77957,77808,77903,259.70788
1788435900000,77902,77972,77852,77911,70.86191
1788436800000,77911,78073,77859,78064,337.98662
1788437700000,78059,78126,77901,77937,500.67562
1788438600000,77937,78436,77936,78283,1369.91293
1788439500000,78283,78748,78223,78617,1238.2496
1788440400000,78617,78680,78487,78520,553.79857
1788441300000,78520,78574,78420,78462,148.3727
1788442200000,78463,78902,78424,78888,1156.6108
1788443100000,78887,78973,78697,78797,1167.02019
1788444000000,78798,78975,78667,78967,533.61213
1788444900000,78967,79640,78956,79639,3340.11125
1788445800000,79639,79823,79570,79733,1673.38791
1788446700000,79731,80546,79722,80533,3315.96121
1788447600000,80519,80945,80305,80526,2497.19866
1788448500000,80532,80762,80439,80706,1196.25425
1788449400000,80710,80984,80673,80835,1076.49315
1788450300000,80837,81346,80698,81311,1440.56884
1788451200000,81311,81336,80755,80918,2028.78558
1788452100000,80917,80920,80600,80736,1060.17096
1788453000000,80735,80922,80735,80777,642.17832
1788453900000,80777,81032,80757,80942,1013.60347
1788454800000,80945,81084,80863,81075,269.62322
1788455700000,81074,81111,80900,80973,249.95879
1788456600000,80973,81151,80966,81048,308.89657
1788457500000,81045,81161,80971,81000,537.55284
1788458400000,81000,81300,80979,81216,802.97864
1788459300000,81216,81239,80898,80911,388.13797
1788460200000,80911,81003,80849,80940,275.82762
1788461100000,80940,81236,80920,81227,243.74926
1788462000000,81228,81596,81129,81161,818.71799
1788462900000,81162,81599,81134,81509,1004.65592
1788463800000,81510,81572,81326,81501,727.26162
1788464700000,81501,81755,81415,81698,952.06812
1788465600000,81704,81748,81341,81375,949.54393
1788466500000,81376,81560,81348,81489,473.2107
1788467400000,81490,81595,81355,81434,290.06019
1788468300000,81434,81520,81375,81417,250.58426
1788469200000,81416,81590,81250,81556,452.72192
1788470100000,81555,81748,81467,81722,216.71978
1788471000000,81722,82268,81489,81489,2331.25291
1788471900000,81490,81721,81386,81546,287.05731
1788472800000,81547,81572,81211,81333,693.51992
1788473700000,81332,81362,81077,81077,635.96137
1788474600000,81077,81200,80850,81153,815.6798
1788475500000,81154,81245,81034,81105,385.3064
1788476400000,81106,81177,81057,81145,266.15172
1788477300000,81145,81252,81128,81252,209.76648
1788478200000,81252,81311,81089,81202,371.60881
1788479100000,81202,81306,81160,81244,105.92062
1788480000000,81244,81245,81049,81223,287.98261
1788480900000,81224,81318,81110,81122,235.15132
1788481800000,81122,81400,81089,81194,346.09945
1788482700000,81194,81207,80913,80925,365.82082
1788483600000,80925,81064,80876,80901,326.61664
1788484500000,80900,80990,80742,80780,321.55374
1788485400000,80780,80889,80733,80754,120.00037
1788486300000,80754,80987,80744,80936,124.41186
1788487200000,80936,80936,80752,80761,50.31903
1788488100000,80761,80839,80630,80680,437.69561
1788489000000,80681,80811,80637,80690,391.42007
1788489900000,80690,80795,80630,80795,168.83568
1788490800000,80795,80995,80794,80899,490.63869
1788491700000,80900,80912,80801,80801,83.44077
1788492600000,80802,80853,80764,80838,43.87818
1788493500000,80838,80951,80796,80796,303.43291
1788494400000,80797,80943,80778,80938,107.88731
1788495300000,80939,81270,80938,81244,342.96536
1788496200000,81245,81248,80986,81001,290.98797
1788497100000,81002,81116,80986,81041,59.06266
1788498000000,81041,81050,80950,80955,95.58818
1788498900000,80955,81108,80916,81002,78.51864
1788499800000,81003,81003,80862,80942,118.6844
1788500700000,80946,81026,80809,80954,224.59078
1788501600000,80954,81063,80879,80982,223.67846
1788502500000,80982,81006,80654,80684,234.84645
1788503400000,80685,80836,80528,80814,547.17375
1788504300000,80814,80840,80674,80778,143.37766
1788505200000,80778,80946,80759,80911,180.02944
1788506100000,80912,80947,80812,80835,164.28773
1788507000000,80834,80875,80720,80749,100.26868
1788507900000,80748,80757,80614,80636,308.12257
1788508800000,80630,80751,80497,80751,341.06075
1788509700000,80752,80981,80752,80959,323.1682
1788510600000,80960,81131,80954,81032,183.43719
1788511500000,81033,81221,80970,81124,286.30288
1788512400000,81125,81214,81060,81069,98.76337
1788513300000,81069,81280,80903,81018,479.58943
1788514200000,81018,81199,80966,81140,206.80494
1788515100000,81140,81181,81000,81031,224.66668
1788516000000,81031,81090,80861,80937,292.29042
1788516900000,80938,80941,80792,80923,88.03764
1788517800000,80923,81091,80879,81041,206.46869
1788518700000,81041,81165,81000,81161,163.42862
1788519600000,81161,81192,81056,81150,80.17709
1788520500000,81150,81374,81091,81299,406.95731
1788521400000,81300,81300,81166,81220,122.33722
1788522300000,81220,81304,81172,81181,186.19656
1788523200000,81181,81229,81100,81211,193.54697
1788524100000,81211,81318,81092,81310,140.00513
1788525000000,81310,81310,79363,79652,5182.63158
1788525900000,79684,79684,79156,79434,2130.17205
1788526800000,79434,79566,79167,79209,1078.91729
1788527700000,79210,79484,79170,79295,600.84687
1788528600000,79295,79525,78953,79387,2104.49615
1788529500000,79388,79690,79221,79366,1392.46938
1788530400000,79366,79568,79237,79411,739.66712
1788531300000,79413,79500,79068,79366,1358.63978
1788532200000,79360,79463,78878,79018,685.0409
1788533100000,79018,79135,78600,78881,2517.46286
1788534000000,78880,79165,78763,79165,1224.69295
1788534900000,79165,79388,79135,79371,731.75981
1788535800000,79371,79500,79314,79483,508.80173
1788536700000,79482,79511,79347,79378,399.08301
1788537600000,79377,79484,79341,79412,200.6215
1788538500000,79412,79530,79398,79512,209.31119
1788539400000,79511,79853,79504,79823,1769.42687
1788540300000,79824,79862,79701,79723,506.82314
1788541200000,79718,79729,79595,79595,325.23792
1788542100000,79595,79627,79481,79485,120.88777
1788543000000,79485,79550,79405,79450,357.239
1788543900000,79450,79485,79340,79442,510.54817
1788544800000,79443,79560,79442,79498,416.76506
1788545700000,79498,79594,79497,79507,115.93929
1788546600000,79509,79619,79507,79602,109.10411
1788547500000,79603,79626,79558,79585,88.54589
1788548400000,79587,79705,79587,79679,100.17446
1788549300000,79679,79778,79661,79778,225.94397
1788550200000,79778,79778,79592,79646,430.07371
1788551100000,79645,79778,79600,79761,138.18138
1788552000000,79762,79834,79734,79778,158.01016
1788552900000,79779,79811,79719,79729,242.21113
1788553800000,79729,79747,79663,79686,63.70361
1788554700000,79687,79740,79635,79670,57.08303
1788555600000,79670,79768,79669,79737,44.46115
1788556500000,79737,79772,79698,79737,62.75783
1788557400000,79738,79790,79714,79743,145.89249
1788558300000,79742,79769,79476,79588,199.96423
1788559200000,79588,79654,79588,79654,46.31714
1788560100000,79653,79675,79612,79668,54.43382
1788561000000,79669,79677,79618,79618,80.48066
1788561900000,79618,79646,79583,79593,117.91768
1788562800000,79594,79612,79549,79567,103.23071
1788563700000,79567,79730,79567,79698,242.32035
1788564600000,79698,79698,79633,79633,10.33821
1788565500000,79634,79639,79582,79623,60.38601
1788566400000,79624,79689,79572,79639,54.88407
1788567300000,79639,79640,79553,79612,119.37374
1788568200000,79612,79679,79587,79590,148.79866
1788569100000,79591,79611,79525,79539,76.76489
1788570000000,79538,79648,79516,79586,96.37155
1788570900000,79587,79682,79564,79666,529.15006
1788571800000,79666,79691,79561,79598,1100.42568
1788572700000,79598,79643,79490,79490,168.94441
1788573600000,79491,79547,79439,79525,59.73238
1788574500000,79525,79566,79479,79489,17.26118
1788575400000,79489,79590,79488,79582,95.29082
1788576300000,79582,79582,79510,79544,20.96383
1788577200000,79544,79544,79483,79512,27.86629
1788578100000,79512,79577,79512,79554,12.48513
1788579000000,79554,79592,79553,79592,23.57615
1788579900000,79591,79601,79542,79547,9.74794
1788580800000,79547,79559,79477,79505,54.57681
1788581700000,79505,79539,79504,79521,19.02236
1788582600000,79521,79527,79493,79498,14.1522
1788583500000,79499,79521,79460,79463,195.16333
1788584400000,79464,79528,79413,79528,49.62001
1788585300000,79527,79554,79486,79553,36.75675
1788586200000,79554,79566,79477,79480,34.54885
1788587100000,79480,79567,79464,79555,66.45998
1788588000000,79556,79603,79555,79596,49.71735
1788588900000,79597,79611,79587,79610,21.05712
1788589800000,79610,79683,79604,79646,60.02929
1788590700000,79646,79657,79613,79614,80.46008
1788591600000,79614,79660,79610,79656,22.9496
1788592500000,79657,79680,79650,79679,30.52285
1788593400000,79680,79726,79674,79688,50.47077
1788594300000,79689,79731,79664,79679,109.61299
1788595200000,79679,79679,79603,79636,45.08807
1788596100000,79635,79693,79573,79607,44.22683
1788597000000,79607,79607,79536,79586,53.58834
1788597900000,79587,79624,79559,79621,29.31184
1788598800000,79622,79723,79621,79698,59.18882
1788599700000,79699,79699,79659,79659,13.56768
1788600600000,79660,79674,79620,79633,34.23512
1788601500000,79634,79634,79586,79592,53.16854
1788602400000,79591,79592,79573,79574,34.54801
1788603300000,79573,79618,79567,79568,26.85726
1788604200000,79568,79618,79556,79561,47.70827
1788605100000,79562,79615,79555,79584,12.37721
1788606000000,79584,79618,79583,79615,25.92301
1788606900000,79614,79615,79593,79593,11.1146
1788607800000,79593,79602,79570,79570,44.54286
1788608700000,79571,79618,79570,79571,123.77681
1788609600000,79571,79618,79570,79617,16.97117
1788610500000,79618,79621,79614,79620,15.2732
1788611400000,79620,79725,79579,79692,36.34656
1788612300000,79692,79729,79668,79668,60.9605
1788613200000,79669,79686,79623,79685,82.7362
1788614100000,79687,79738,79642,79714,94.37976
1788615000000,79715,79719,79591,79616,121.44412
1788615900000,79617,79646,79497,79581,122.28022
1788616800000,79582,79650,79581,79633,22.59358
1788617700000,79633,79698,79632,79698,40.79344
1788618600000,79698,79708,79665,79675,19.50583
1788619500000,79675,79719,79675,79681,50.28686
1788620400000,79682,79719,79676,79690,34.87157
1788621300000,79691,79740,79648,79655,121.08389
1788622200000,79655,79720,79654,79709,133.46822
1788623100000,79709,79788,79703,79765,104.29937
1788624000000,79764,79818,79728,79737,76.73818
1788624900000,79737,79872,79737,79870,167.43948
1788625800000,79870,79971,79867,79917,812.91621
1788626700000,79917,80192,79910,80012,948.02257
1788627600000,80013,80146,79980,80112,347.6986
1788628500000,80112,80133,79966,80012,185.20033
1788629400000,80012,80112,79966,80029,184.90504
1788630300000,80029,80067,79994,80040,80.58683
1788631200000,80040,80056,79950,79968,149.95886
1788632100000,79969,80003,79935,79936,79.42799
1788633000000,79936,80019,79906,79944,117.70381
1788633900000,79944,79976,79900,79969,53.89296
1788634800000,79970,79970,79900,79908,79.79485
1788635700000,79908,79950,79870,79934,108.68817
1788636600000,79935,79938,79712,79817,786.21881
1788637500000,79817,79817,79670,79718,230.79246
1788638400000,79718,79800,79687,79694,164.89199
1788639300000,79694,79797,79659,79683,91.84896
1788640200000,79683,79745,79658,79742,39.35316
1788641100000,79747,79765,79698,79698,28.46119
1788642000000,79698,79752,79697,79748,31.01188
1788642900000,79749,79851,79748,79828,230.73942
1788643800000,79829,79900,79810,79891,111.83138
1788644700000,79892,79908,79822,79872,70.93685
1788645600000,79873,79906,79826,79897,23.10521
1788646500000,79897,79915,79734,79770,50.67813
1788647400000,79781,79824,79726,79749,164.67399
1788648300000,79749,79782,79725,79760,76.39101
1788649200000,79759,79759,79683,79716,23.11437
1788650100000,79720,79798,79714,79772,41.20082
1788651000000,79772,79813,79690,79780,49.65157
1788651900000,79780,79867,79742,79804,178.02617
1788652800000,79804,79889,79799,79879,210.62296
1788653700000,79879,79900,79837,79898,89.75786
1788654600000,79898,79906,79843,79847,34.33528
1788655500000,79847,79895,79834,79838,88.02542
1788656400000,79838,79975,79838,79933,101.24099
1788657300000,79934,79973,79880,79889,123.62207
1788658200000,79890,80050,79889,79958,231.94155
1788659100000,79959,79986,79906,79917,30.41288
1788660000000,79919,79977,79864,79974,34.01218
1788660900000,79974,79977,79876,79890,24.6197
1788661800000,79888,79916,79845,79862,131.92668
1788662700000,79863,79885,79846,79875,41.98468
1788663600000,79876,79902,79870,79899,35.51259
1788664500000,79900,79939,79866,79878,44.22902
1788665400000,79877,80081,79877,80079,110.29481
1788666300000,80079,80080,79974,79995,94.80409
1788667200000,79994,79995,79919,79945,99.5478
1788668100000,79946,79959,79855,79895,51.36395
1788669000000,79898,79915,79880,79890,39.77762
1788669900000,79890,79927,79836,79836,73.98906
1788670800000,79837,79872,79756,79782,100.29094
1788671700000,79783,79856,79767,79828,86.71685
1788672600000,79828,80100,79828,80000,512.32198
1788673500000,80000,80009,79908,79958,320.59976
1788674400000,79962,79965,79900,79900,103.48444
1788675300000,79900,79901,79818,79818,111.96464
1788676200000,79818,79819,79756,79793,168.29272
1788677100000,79792,79793,79669,79753,96.72613
1788678000000,79753,79774,79568,79656,124.48438
1788678900000,79656,79834,79655,79805,141.88327
1788679800000,79805,79844,79777,79835,44.2859
1788680700000,79835,79835,79783,79787,83.73488
1788681600000,79788,79876,79787,79857,38.31426
1788682500000,79856,79857,79780,79780,25.34829
1788683400000,79781,79794,79745,79762,40.69194
1788684300000,79763,79859,79745,79825,49.29433
1788685200000,79826,79900,79774,79900,78.57534
1788686100000,79900,79969,79899,79965,66.72958
1788687000000,79963,79973,79836,79839,78.06101
1788687900000,79842,79889,79834,79870,24.1646
1788688800000,79870,79920,79869,79907,11.31379
1788689700000,79907,79964,79900,79955,136.75773
1788690600000,79956,79990,79939,79989,21.90647
1788691500000,79988,79994,79952,79978,110.97735
1788692400000,79979,79979,79910,79961,33.77571
1788693300000,79962,79971,79880,79881,75.98233
1788694200000,79881,79952,79874,79935,42.26771
1788695100000,79935,79949,79895,79895,40.96697
1788696000000,79896,79924,79843,79903,49.70826
1788696900000,79907,79987,79907,79952,35.33418
1788697800000,79951,79988,79917,79917,36.50495
1788698700000,79918,79980,79903,79904,39.1627
1788699600000,79904,79942,79853,79862,120.39805
1788700500000,79863,79869,79765,79789,96.78811
1788701400000,79779,79835,79737,79767,72.83943
1788702300000,79768,79825,79760,79809,24.51305
1788703200000,79809,79824,79724,79730,110.76136
1788704100000,79730,79773,79583,79647,192.64137
1788705000000,79648,79729,79214,79688,593.3977
1788705900000,79689,79694,79507,79522,148.16013
1788706800000,79522,79546,79370,79515,172.29019
1788707700000,79516,79645,79515,79617,55.40066
1788708600000,79618,79688,79573,79665,71.35002
1788709500000,79665,79690,79626,79684,42.58528
1788710400000,79682,79708,79580,79674,110.91304
1788711300000,79673,79704,79613,79696,41.64642
1788712200000,79697,79750,79663,79690,118.29699
1788713100000,79690,79691,79611,79657,46.39552
1788714000000,79656,79657,79549,79586,64.03298
1788714900000,79585,79745,79585,79666,77.56198
1788715800000,79665,79745,79647,79727,84.85079
1788716700000,79725,79745,79704,79725,50.78104
1788717600000,79725,79851,79722,79820,157.46952
1788718500000,79816,79895,79812,79895,100.51019
1788719400000,79895,79947,79894,79921,76.32749
1788720300000,79925,79937,79882,79922,48.03739
1788721200000,79923,79923,79834,79841,27.99092
1788722100000,79841,79843,79792,79822,66.85695
1788723000000,79821,79829,79773,79779,21.27996
1788723900000,79779,79809,79779,79809,33.73363
1788724800000,79808,79809,79759,79773,58.38647
1788725700000,79773,79923,79772,79901,52.50918
1788726600000,79902,79950,79877,79924,82.49627
1788727500000,79923,79948,79863,79879,55.52784
1788728400000,79878,79983,79878,79977,77.093
1788729300000,79977,79998,79872,79872,163.37986
1788730200000,79872,79957,79838,79883,74.59318
1788731100000,79883,79970,79882,79919,46.40715
1788732000000,79919,79919,79655,79728,190.98379
1788732900000,79728,79807,79619,79794,123.63942
1788733800000,79793,79985,79792,79933,190.54282
1788734700000,79935,80061,79912,80021,340.17974
1788735600000,80020,80306,79978,80167,606.03661
1788736500000,80167,80255,80070,80091,157.39411
1788737400000,80097,80460,80097,80356,718.41228
1788738300000,80357,80514,80273,80314,272.63575
1788739200000,80315,80428,80213,80297,200.7241
1788740100000,80297,80302,80034,80163,197.60983
1788741000000,80163,80240,80079,80112,172.00337
1788741900000,80112,80165,80038,80112,63.09935
1788742800000,80114,80202,79920,79933,242.92451
1788743700000,79934,79992,79829,79891,182.18266
1788744600000,79892,79967,79816,79828,83.08181
1788745500000,79829,79950,79802,79910,83.14766
1788746400000,79907,79911,79765,79811,106.93824
1788747300000,79811,80024,79810,79996,46.2474
1788748200000,79997,80400,79975,80232,366.20053
1788749100000,80232,80249,79805,79851,256.42754
1788750000000,79852,79961,79733,79765,140.03633
1788750900000,79765,79811,79693,79695,83.80782
1788751800000,79696,79737,79540,79602,149.10847
1788752700000,79603,79654,79537,79571,193.33485
1788753600000,79569,79655,79522,79655,67.24138
1788754500000,79655,79664,79575,79575,35.70485
1788755400000,79576,79655,79511,79654,102.11669
1788756300000,79653,79709,79619,79704,97.7123
1788757200000,79704,79750,79646,79745,46.40673
1788758100000,79745,79888,79745,79818,95.81148
1788759000000,79819,79819,79783,79814,42.78497
1788759900000,79815,79815,79724,79724,25.87998
1788760800000,79724,79798,79715,79778,93.08772
1788761700000,79777,79778,79663,79682,133.48803
1788762600000,79682,79707,79643,79649,52.50523
1788763500000,79649,79657,79624,79624,35.46911
1788764400000,79625,79661,79555,79591,89.62703
1788765300000,79591,79606,79375,79391,355.94029
1788766200000,79390,79484,78945,79255,1551.43349
1788767100000,79254,79372,79254,79360,275.57834
1788768000000,79360,79463,79360,79436,198.10728
1788768900000,79436,79489,79412,79437,249.48729
1788769800000,79438,79513,79400,79449,298.58211
1788770700000,79450,79469,79394,79397,37.01007
1788771600000,79397,79515,79380,79512,159.56657
1788772500000,79507,79507,79396,79453,63.65063
1788773400000,79454,79454,79295,79352,219.89839
1788774300000,79353,79422,79254,79284,91.02731
1788775200000,79283,79373,79283,79341,39.46094
1788776100000,79342,79396,79335,79395,62.3518
1788777000000,79396,79429,79355,79427,58.61379
1788777900000,79428,79428,79320,79330,66.04897
1788778800000,79330,79382,79247,79382,159.534
1788779700000,79383,79438,79369,79416,32.84526
1788780600000,79417,79446,79381,79381,57.14619
1788781500000,79382,79403,79350,79395,55.16152
1788782400000,79396,79472,79372,79398,71.69716
1788783300000,79398,79511,79382,79511,71.68684
1788784200000,79511,79511,79425,79442,116.81321
1788785100000,79443,79608,79437,79588,217.21674
1788786000000,79589,79620,79500,79601,87.48493
1788786900000,79602,79620,79553,79611,96.88041
1788787800000,79611,79611,79297,79349,351.26044
1788788700000,79349,79403,79309,79329,143.32045
1788789600000,79329,79372,79070,79131,1047.64416
1788790500000,79132,79190,78989,79010,1067.84584
1788791400000,79010,79063,78926,78996,578.3742
1788792300000,78996,79245,78995,79159,388.72875
1788793200000,79159,79159,78984,79003,285.14873
1788794100000,79004,79108,78808,78982,416.03681
1788795000000,78983,79002,78632,78721,1175.87715
1788795900000,78721,78829,78650,78776,481.39907
1788796800000,78777,78888,78769,78873,222.08519
1788797700000,78874,78874,78763,78795,231.81675
1788798600000,78796,78993,78790,78956,433.95987
1788799500000,78957,78992,78915,78989,248.54206
1788800400000,78990,79118,78976,79108,234.49093
1788801300000,79108,79120,79050,79074,114.63232
1788802200000,79074,79137,79030,79113,188.69774
1788803100000,79113,79172,79103,79147,122.17036
1788804000000,79148,79172,79106,79131,54.87231
1788804900000,79132,79151,79082,79088,104.42425
1788805800000,79088,79113,79047,79113,180.68314
1788806700000,79113,79200,79097,79161,142.61947
1788807600000,79161,79161,79112,79112,52.17579
1788808500000,79113,79206,79112,79200,83.06245
1788809400000,79200,79373,79199,79301,187.95292
1788810300000,79302,79347,79301,79319,79.79841
1788811200000,79319,79337,79166,79192,252.11633
1788812100000,79192,79223,79133,79178,153.87009
1788813000000,79178,79203,79137,79137,64.15726
1788813900000,79138,79224,79122,79191,133.85566
1788814800000,79192,79220,79158,79220,78.21622
1788815700000,79220,79220,79165,79183,77.25491
1788816600000,79184,79184,79132,79151,78.75207
1788817500000,79143,79176,79110,79112,130.04589
1788818400000,79113,79179,79036,79111,271.83042
1788819300000,79110,79162,78978,79060,179.43681
1788820200000,79060,79060,78741,78760,852.61207
1788821100000,78760,78921,78760,78908,301.01051
1788822000000,78907,79120,78893,79086,236.6112
1788822900000,79087,79092,78903,78969,252.63637
1788823800000,78970,79084,78930,79084,99.02479
1788824700000,79084,79171,79064,79072,234.07049
1788825600000,79073,79073,78942,79009,151.65924
1788826500000,79010,79104,78928,78960,111.90848
1788827400000,78960,79234,78942,79176,233.02925
1788828300000,79177,79271,79165,79270,82.577
1788829200000,79271,79320,79229,79259,127.94449
1788830100000,79259,79424,79224,79355,133.96591
1788831000000,79353,79353,79262,79283,37.59931
1788831900000,79284,79400,79269,79386,46.12066
1788832800000,79393,79400,79220,79301,46.51287
1788833700000,79300,79430,79195,79222,51.824
1788834600000,79221,79225,79058,79087,297.82099
1788835500000,79088,79100,78888,78893,204.25884
1788836400000,78892,78970,78836,78884,410.06364
1788837300000,78885,78911,78685,78742,449.79662
1788838200000,78742,78955,78741,78920,134.32979
1788839100000,78920,78920,78826,78869,144.16158
1788840000000,78870,78884,78750,78770,173.7538
1788840900000,78770,78822,78711,78777,132.8319
1788841800000,78777,78829,78699,78738,305.97245
1788842700000,78739,78769,78632,78641,175.78863
1788843600000,78640,78765,78470,78654,864.83607
1788844500000,78653,78840,78606,78780,165.02088
1788845400000,78780,78782,78585,78585,345.92452
1788846300000,78584,78673,78518,78535,292.03269
1788847200000,78534,78583,78404,78549,482.17939
1788848100000,78548,78586,78303,78337,595.68749
1788849000000,78336,78403,78311,78382,317.27794
1788849900000,78376,78446,78220,78285,443.96611
1788850800000,78287,78403,78252,78364,227.23447
1788851700000,78364,78473,78336,78440,173.27513
1788852600000,78441,78565,78390,78390,235.04542
1788853500000,78391,78438,78140,78438,537.02147
1788854400000,78438,78445,78250,78337,159.96486
1788855300000,78337,78463,78263,78428,302.64521
1788856200000,78429,78522,78405,78480,237.12623
1788857100000,78482,78532,78328,78362,205.41977
1788858000000,78362,78469,78300,78458,370.18566
1788858900000,78454,78465,78314,78440,117.38247
1788859800000,78441,78759,78410,78729,402.24977
1788860700000,78730,78761,78692,78728,446.17125
1788861600000,78728,78728,78656,78713,296.72874
1788862500000,78713,78987,78710,78821,541.96836
1788863400000,78821,78839,78628,78634,280.84637
1788864300000,78635,78649,78525,78525,211.58876
1788865200000,78526,78542,78248,78272,340.17776
1788866100000,78274,78434,78272,78416,193.01791
1788867000000,78416,78434,78375,78404,305.44956
1788867900000,78404,78433,78334,78395,313.03121
1788868800000,78395,78396,78174,78175,327.45412
1788869700000,78175,78365,78174,78348,196.07889
1788870600000,78349,78410,78264,78297,152.36063
1788871500000,78297,78446,78251,78422,272.35545
1788872400000,78422,78520,78382,78452,372.30347
1788873300000,78452,78462,78288,78318,368.07932
1788874200000,78315,78341,77663,77812,2272.90627
1788875100000,77812,78082,77617,77941,1145.45656
1788876000000,77944,78165,77841,78124,370.43818
1788876900000,78125,78356,78125,78311,652.68783
1788877800000,78310,78410,78210,78378,368.1334
1788878700000,78378,78599,78354,78533,572.8964
1788879600000,78533,78634,78450,78618,235.04634
1788880500000,78619,78670,78424,78430,448.12299
1788881400000,78430,78738,78429,78687,352.50781
1788882300000,78688,78888,78643,78881,612.95674
1788883200000,78881,78885,78615,78619,500.82362
1788884100000,78620,78656,78547,78612,330.77406
1788885000000,78612,78950,78592,78770,371.48465
1788885900000,78769,78854,78619,78704,326.14194
1788886800000,78704,78860,78633,78679,478.17305
1788887700000,78678,78693,78509,78568,219.53684
1788888600000,78568,78636,78494,78495,122.91158
1788889500000,78494,78617,78462,78472,170.36113
1788890400000,78471,78691,78465,78645,168.81416
1788891300000,78644,78783,78640,78708,248.68041
1788892200000,78708,78739,78552,78573,111.78036
1788893100000,78573,78626,78241,78402,620.53489
1788894000000,78402,78491,78363,78427,393.74669
1788894900000,78428,78494,78300,78429,278.24455
1788895800000,78443,78485,78317,78385,400.74971
1788896700000,78385,78412,78280,78412,252.30806
1788897600000,78411,78588,78377,78577,356.18
1788898500000,78577,78578,78421,78546,161.01187
1788899400000,78546,78546,78380,78490,140.25047
1788900300000,78489,78529,78434,78448,98.27873
1788901200000,78447,78546,78432,78511,31.40845
1788902100000,78513,78587,78472,78503,139.03763
1788903000000,78503,78537,78402,78490,144.03414
1788903900000,78490,78501,78367,78460,208.25975
1788904800000,78460,78631,78407,78480,336.12832
1788905700000,78479,78557,78435,78467,152.0278
1788906600000,78467,78500,78425,78464,59.83785
1788907500000,78464,78551,78460,78527,31.55395
1788908400000,78527,78537,78427,78468,37.48592
1788909300000,78469,78469,78402,78430,36.4903
1788910200000,78431,78441,78406,78407,69.28336
1788911100000,78407,78431,78369,78417,52.80826
1788912000000,78419,78690,78418,78686,146.66352
1788912900000,78686,78708,78556,78595,129.62558
1788913800000,78595,78664,78528,78664,63.36017
1788914700000,78663,78750,78663,78737,173.32147
1788915600000,78737,78840,78678,78706,109.71423
1788916500000,78706,78750,78608,78714,590.78658
1788917400000,78713,78855,78677,78820,69.19354
1788918300000,78821,78876,78799,78864,136.30148
1788919200000,78862,78900,78772,78775,94.19077
1788920100000,78775,78800,78666,78796,68.45493
1788921000000,78796,78811,78727,78766,22.1156
1788921900000,78766,78768,78705,78706,18.4944
1788922800000,78704,78704,78564,78564,78.71037
1788923700000,78565,78590,78516,78550,62.52803
1788924600000,78549,78633,78545,78622,44.75775
1788925500000,78622,78650,78579,78609,32.59493
1788926400000,78609,78923,78609,78811,135.82114
1788927300000,78811,78926,78750,78865,158.11242
1788928200000,78864,79183,78853,79171,230.19861
1788929100000,79171,79189,79051,79141,289.5151
1788930000000,79142,79275,79031,79253,144.62699
1788930900000,79253,79353,79103,79103,389.0303
1788931800000,79104,79110,78859,78890,586.76686
1788932700000,78890,78930,78810,78910,171.59051
1788933600000,78911,79115,78822,79092,617.68924
1788934500000,79093,79271,79076,79145,496.28634
1788935400000,79145,79212,79117,79166,148.47168
1788936300000,79166,79181,79100,79142,121.20139
1788937200000,79142,79372,79141,79228,116.90221
1788938100000,79229,79281,79222,79261,239.20887
1788939000000,79261,79285,79166,79182,129.2611
1788939900000,79182,79269,79179,79261,75.89602
1788940800000,79261,79510,79255,79386,601.8272
1788941700000,79384,79680,79383,79663,491.85385
1788942600000,79663,79730,79553,79617,388.79261
1788943500000,79617,79677,79562,79667,224.5084
1788944400000,79667,79690,79450,79500,403.70189
1788945300000,79500,79500,79400,79400,209.42442
1788946200000,79401,79420,79031,79045,810.9474
1788947100000,79045,79094,78852,78917,695.59769
1788948000000,78917,79023,78900,78983,659.36806
1788948900000,78983,79097,78896,79056,139.76321
1788949800000,79056,79157,79033,79045,181.35385
1788950700000,79045,79045,78829,78890,594.47696
1788951600000,78890,78934,78714,78834,388.06869
1788952500000,78838,78970,78768,78970,286.90829
1788953400000,78970,79076,78931,78989,270.14769
1788954300000,78988,79374,78988,79309,1127.53343
1788955200000,79309,79434,79268,79366,409.99316
1788956100000,79366,79420,79302,79386,135.15555
1788957000000,79385,79588,79385,79498,246.04527
1788957900000,79498,79636,79498,79581,283.99538
1788958800000,79581,79597,79467,79491,417.22125
1788959700000,79491,79618,79435,79593,156.71478
1788960600000,79594,79650,79092,79224,755.99625
1788961500000,79215,79383,79090,79122,595.09893
1788962400000,79122,79188,78877,79075,1652.7508
1788963300000,79074,79229,78863,79229,572.49149
1788964200000,79228,79398,78943,78992,683.74453
1788965100000,78991,79122,78876,78939,521.17063
1788966000000,78939,79385,78241,78455,3633.78754
1788966900000,78456,78605,78044,78363,2083.44924
1788967800000,78363,78736,78322,78635,458.2792
1788968700000,78635,78674,78538,78581,280.77144
1788969600000,78580,78777,78478,78649,260.46122
1788970500000,78649,78649,78437,78612,215.73254
1788971400000,78617,78917,78617,78796,774.56599
1788972300000,78795,78804,78742,78794,233.02582
1788973200000,78793,78906,78707,78862,219.20833
1788974100000,78862,78911,78781,78837,129.07616
1788975000000,78836,78850,78671,78680,349.15384
1788975900000,78680,78804,78657,78767,175.7734
1788976800000,78766,78786,78570,78575,400.53044
1788977700000,78575,78610,78549,78599,204.63351
1788978600000,78599,78620,78478,78499,226.96417
1788979500000,78498,78500,78376,78385,326.23681
1788980400000,78385,78442,78298,78436,762.86482
1788981300000,78436,78537,78428,78495,252.14595
1788982200000,78495,78502,78239,78268,409.83064
1788983100000,78268,78295,78104,78188,809.83515
1788984000000,78189,78249,78151,78215,191.04795
1788984900000,78215,78307,77909,78069,879.48257
1788985800000,78068,78280,78068,78232,553.60045
1788986700000,78233,78289,78059,78279,601.86745
1788987600000,78279,78303,78115,78195,412.98114
1788988500000,78195,78255,78091,78234,192.19476
1788989400000,78234,78235,78097,78204,199.73903
1788990300000,78204,78204,77941,78095,253.70004
1788991200000,78096,78142,77718,77824,857.97309
1788992100000,77825,78009,77728,77982,318.47764
1788993000000,77983,78010,77896,77994,159.15013
1788993900000,77994,78009,77863,77881,329.26415
1788994800000,77881,78161,77880,78108,323.81007
1788995700000,78109,78149,78050,78149,244.19394
1788996600000,78149,78225,78129,78194,491.48508
1788997500000,78193,78279,78181,78275,139.69268
1788998400000,78269,78340,78227,78240,358.42101
1788999300000,78239,78300,78169,78299,156.12866
1789000200000,78294,78294,78129,78132,146.01056
1789001100000,78132,78210,78053,78135,532.98228
1789002000000,78134,78467,78123,78294,572.13653
1789002900000,78293,78295,78124,78129,101.29518
1789003800000,78129,78203,77903,78142,401.52865
1789004700000,78141,78141,77957,78066,77.56828
1789005600000,78066,78066,77948,78005,380.81258
1789006500000,78004,78023,77934,77974,96.76044
1789007400000,77975,78235,77970,78225,464.91398
1789008300000,78225,78330,78222,78320,201.08889
1789009200000,78319,78494,78307,78349,317.81054
1789010100000,78350,78365,78267,78358,164.25351
1789011000000,78358,78414,78289,78342,124.26884
1789011900000,78341,78415,78246,78295,86.69474
1789012800000,78296,78367,78273,78309,212.54712
1789013700000,78310,78391,78309,78352,41.44889
1789014600000,78353,78390,78298,78299,61.34343
1789015500000,78298,78421,78272,78365,145.90585
1789016400000,78365,78441,78229,78441,300.9462
1789017300000,78441,78480,78331,78450,95.56716
1789018200000,78451,78481,78368,78389,63.7204
1789019100000,78389,78527,78379,78499,241.23101
1789020000000,78498,78511,78281,78281,123.01737
1789020900000,78281,78282,78129,78180,427.94476
1789021800000,78181,78230,78124,78160,95.40792
1789022700000,78160,78495,78160,78384,309.84176
1789023600000,78384,78386,78112,78185,113.98489
1789024500000,78185,78186,77992,77992,196.9137
1789025400000,77992,78013,77868,77973,343.58818
1789026300000,77972,78129,77972,78086,818.01433
1789027200000,78086,78129,78028,78039,251.3992
1789028100000,78039,78139,78001,78137,163.65399
1789029000000,78138,78138,77995,78063,76.68176
1789029900000,78064,78136,78060,78068,38.69099
1789030800000,78069,78176,78068,78114,42.4889
1789031700000,78113,78207,78112,78178,393.75178
1789032600000,78179,78179,77887,77927,521.59573
1789033500000,77927,77985,77916,77954,129.39908
1789034400000,77953,78003,77921,77960,142.58552
1789035300000,77960,77994,77897,77948,58.84871
1789036200000,77948,78017,77764,77950,601.95837
1789037100000,77949,77991,77830,77831,386.37016
1789038000000,77830,77890,77680,77890,567.8912
1789038900000,77890,78024,77889,77967,231.73331
1789039800000,77967,78024,77947,77970,95.09397
1789040700000,77970,77991,77805,77822,141.99102
1789041600000,77821,77860,77696,77806,514.96081
1789042500000,77806,77810,77640,77756,568.53364
1789043400000,77756,77935,77006,77111,3299.19746
1789044300000,77111,77134,76666,76875,2369.91378
1789045200000,76874,77077,76749,76803,1141.5341
1789046100000,76804,76945,76702,76896,678.958
1789047000000,76896,77077,76750,76921,411.19025
1789047900000,76921,77224,76889,77147,641.72751
1789048800000,77148,77300,76929,77054,359.33744
1789049700000,77053,77355,76931,77246,359.92037
1789050600000,77246,77342,77214,77250,180.92612
1789051500000,77249,77399,77240,77383,269.86179
1789052400000,77383,77383,77210,77307,305.38155
1789053300000,77307,77323,77080,77087,473.5453
1789054200000,77086,77311,77073,77192,107.19459
1789055100000,77191,77227,77090,77227,186.21226
1789056000000,77226,77286,76870,76962,404.32173
1789056900000,76962,77054,76850,76903,474.01748
1789057800000,76902,77037,76772,77023,385.86959
1789058700000,77023,77215,77022,77176,493.43756
1789059600000,77176,77223,77105,77159,201.58008
1789060500000,77158,77317,77117,77308,234.54675
1789061400000,77307,77520,77288,77346,530.73791
1789062300000,77346,77413,77303,77305,232.67039
1789063200000,77305,77313,76959,76997,345.58328
1789064100000,76996,77127,76975,77049,298.28327
1789065000000,77049,77140,77022,77134,56.21127
1789065900000,77134,77282,77074,77228,440.77169
1789066800000,77229,77229,77096,77154,116.06987
1789067700000,77154,77228,77082,77167,278.41705
1789068600000,77167,77281,77087,77232,73.92034
1789069500000,77233,77233,77060,77132,70.3567
1789070400000,77132,77309,77085,77308,278.09522
1789071300000,77308,77332,77232,77257,138.72577
1789072200000,77257,77276,77207,77269,56.62959
1789073100000,77269,77275,77200,77243,178.82503
1789074000000,77243,77272,77191,77238,73.26409
1789074900000,77238,77239,77170,77206,115.31269
1789075800000,77207,77208,77090,77133,184.94444
1789076700000,77133,77185,77104,77122,97.90019
1789077600000,77121,77169,77059,77120,111.14114
1789078500000,77119,77192,77044,77044,198.99777
1789079400000,77045,77059,76808,76831,178.71076
1789080300000,76831,76943,76781,76798,201.34856
1789081200000,76798,76846,76472,76479,606.99953
1789082100000,76479,76764,76440,76701,309.75855
1789083000000,76702,76790,76688,76740,136.35739
1789083900000,76740,76744,76499,76533,309.69728
1789084800000,76534,76827,76527,76782,319.53356
1789085700000,76783,76840,76740,76817,78.55556
1789086600000,76818,76818,76653,76738,74.58417
1789087500000,76737,76914,76722,76885,348.28169
1789088400000,76886,76979,76873,76878,119.45574
1789089300000,76878,76929,76772,76795,68.81089
1789090200000,76795,76894,76643,76869,134.29736
1789091100000,76870,76947,76786,76946,74.86416
1789092000000,76947,76990,76872,76957,57.23641
1789092900000,76957,76957,76739,76781,97.28307
1789093800000,76781,76899,76754,76844,59.15924
1789094700000,76845,76900,76781,76816,38.89408
1789095600000,76816,76867,76681,76859,119.1485
1789096500000,76858,76861,76737,76797,67.6255
1789097400000,76797,76872,76681,76844,57.68374
1789098300000,76844,76868,76742,76866,80.60865
1789099200000,76866,76979,76855,76946,55.88308
1789100100000,76947,77174,76927,77156,354.4561
1789101000000,77156,77176,77056,77080,98.27446
1789101900000,77079,77126,77072,77093,36.96127
1789102800000,77092,77132,77034,77114,103.52836
1789103700000,77113,77121,77062,77073,16.23782
1789104600000,77073,77163,77053,77163,187.40097
1789105500000,77163,77238,77135,77238,143.03626
1789106400000,77238,77419,77208,77383,250.05689
1789107300000,77383,77383,77225,77243,446.84877
1789108200000,77244,77245,77148,77213,257.22303
1789109100000,77216,77278,77216,77278,53.78135
1789110000000,77278,77368,77267,77283,80.35301
1789110900000,77283,77375,77281,77311,166.80784
1789111800000,77312,77317,77224,77240,116.0173
1789112700000,77240,77240,77177,77195,199.1883
1789113600000,77194,77230,77107,77146,232.59212
1789114500000,77146,77414,77146,77354,119.43189
1789115400000,77354,77470,77326,77382,135.52706
1789116300000,77381,77394,77305,77329,45.64549
1789117200000,77329,77341,77221,77239,120.58253
1789118100000,77238,77249,77099,77100,490.52736
1789119000000,77099,77117,76822,76923,1143.34107
1789119900000,76922,77027,76922,77006,79.40353
1789120800000,77004,77129,76961,77040,147.87641
1789121700000,77040,77098,76995,76996,163.07678
1789122600000,76995,77016,76911,76977,174.95572
1789123500000,76976,77007,76963,76970,28.7824
1789124400000,76965,76965,76720,76748,140.3041
1789125300000,76747,76878,76718,76812,174.1892
1789126200000,76812,76871,76760,76870,72.64388
1789127100000,76869,77020,76860,77020,328.75158
1789128000000,77019,77098,76874,76888,237.0971
1789128900000,76888,77374,76879,77065,672.94898
1789129800000,77064,77654,76021,77553,8753.69351
1789130700000,77553,78139,77529,78008,3293.90361
1789131600000,78007,78008,77490,77697,1477.51223
1789132500000,77698,77818,77470,77500,552.2196
1789133400000,77500,77893,77227,77853,1987.10372
1789134300000,77853,79334,77733,79223,3899.91596
1789135200000,79223,79867,78794,79047,3603.00734
1789136100000,79040,79167,78919,79028,712.04038
1789137000000,79028,79028,78520,78622,908.25667
1789137900000,78622,78855,78482,78774,422.26583
1789138800000,78774,78811,78482,78484,341.59707
1789139700000,78481,78759,78464,78693,286.77113
1789140600000,78693,78812,78618,78622,245.92203
1789141500000,78622,78625,77255,77709,2868.96956
1789142400000,77709,78037,77631,77767,632.50178
1789143300000,77768,77803,77355,77632,576.39692
1789144200000,77633,77774,77503,77773,318.96579
1789145100000,77773,77969,77772,77889,242.22867
1789146000000,77890,77930,77720,77720,152.56004
1789146900000,77721,77888,77663,77808,146.91332
1789147800000,77809,77840,77521,77573,741.9093
1789148700000,77572,77586,77455,77496,67.80478
1789149600000,77497,77503,76851,77058,1527.79389
1789150500000,77059,77217,77021,77178,607.84233
1789151400000,77178,77259,77055,77071,338.25969
1789152300000,77070,77154,76905,77002,360.44174
1789153200000,77011,77199,76975,77181,326.70122
1789154100000,77178,77258,77050,77193,300.59726
1789155000000,77193,77290,77151,77266,183.49507
1789155900000,77266,77339,77202,77243,282.51202
1789156800000,77243,77458,77240,77417,351.06118
1789157700000,77416,77417,77327,77354,119.84605
1789158600000,77355,77414,77239,77371,102.33808
1789159500000,77371,77371,77150,77291,354.80379
1789160400000,77291,77385,77282,77319,62.14139
1789161300000,77319,77388,77303,77308,357.13218
1789162200000,77308,77349,77290,77305,122.14798
1789163100000,77304,77310,77036,77073,125.7323
1789164000000,77072,77143,76926,77143,204.89748
1789164900000,77143,77195,77064,77093,135.18508
1789165800000,77091,77166,76962,77080,225.54898
1789166700000,77081,77120,76965,77108,144.13842
1789167600000,77108,77175,77076,77090,105.65293
1789168500000,77089,77156,77089,77148,117.76568
1789169400000,77149,77189,77117,77142,67.1336
1789170300000,77143,77180,77133,77180,26.21154
1789171200000,77180,77292,77176,77258,574.13803
1789172100000,77258,77273,77253,77253,130.78484
1789173000000,77254,77254,77223,77254,93.25681
1789173900000,77254,77307,77233,77259,127.7484
1789174800000,77260,77348,77233,77347,78.16123
1789175700000,77348,77350,77265,77288,48.25217
1789176600000,77289,77292,77231,77244,77.66948
1789177500000,77244,77299,77234,77242,17.32259
1789178400000,77243,77288,77242,77271,11.45546
1789179300000,77271,77291,77250,77250,9.76639
1789180200000,77251,77260,77188,77211,261.20895
1789181100000,77203,77275,77181,77260,40.03826
1789182000000,77260,77318,77216,77248,32.50832
1789182900000,77248,77280,77206,77251,70.34972
1789183800000,77251,77252,77202,77206,54.3543
1789184700000,77206,77228,77200,77227,35.76157
1789185600000,77227,77288,77227,77251,93.8314
1789186500000,77251,77265,77194,77225,22.5876
1789187400000,77225,77260,77203,77219,23.42814
1789188300000,77219,77231,77188,77188,25.94194
1789189200000,77188,77211,77127,77190,85.49239
1789190100000,77190,77205,77157,77163,20.34475
1789191000000,77163,77217,77160,77207,18.64447
1789191900000,77207,77210,77178,77178,53.05827
1789192800000,77179,77190,77172,77175,11.46758
1789193700000,77175,77201,77174,77200,58.45212
1789194600000,77201,77295,77200,77288,98.42999
1789195500000,77288,77315,77252,77260,61.33047
1789196400000,77260,77294,77260,77293,181.04986
1789197300000,77293,77294,77273,77273,58.46568
1789198200000,77273,77274,77237,77237,37.58269
1789199100000,77237,77258,77218,77244,85.22642
1789200000000,77244,77294,77226,77254,223.12471
1789200900000,77255,77298,77254,77257,228.34266
1789201800000,77257,77289,77257,77288,107.27157
1789202700000,77288,77315,77288,77314,148.89182
1789203600000,77314,77316,77298,77314,65.01079
1789204500000,77313,77320,77304,77320,106.13554
1789205400000,77319,77335,77285,77299,64.76582
1789206300000,77300,77317,77287,77308,20.11499
1789207200000,77309,77360,77308,77355,66.70003
1789208100000,77356,77356,77326,77332,49.01993
1789209000000,77332,77333,77312,77327,23.85112
1789209900000,77327,77338,77273,77289,26.74627
1789210800000,77290,77305,77270,77283,36.07426
1789211700000,77284,77284,77253,77259,19.6099
1789212600000,77260,77307,77252,77305,16.13412
1789213500000,77306,77323,77305,77322,41.19159
1789214400000,77321,77326,77287,77287,38.58447
1789215300000,77288,77304,77276,77290,47.51432
1789216200000,77289,77308,77289,77291,16.19669
1789217100000,77290,77302,77269,77299,166.16556
1789218000000,77299,77359,77272,77287,60.68244
1789218900000,77287,77289,77224,77268,161.29943
1789219800000,77268,77287,77242,77261,52.01218
1789220700000,77261,77332,77248,77332,21.39618
1789221600000,77332,77348,77331,77333,76.18363
1789222500000,77334,77398,77328,77392,124.46919
1789223400000,77391,77448,77391,77416,309.10975
1789224300000,77416,77460,77416,77417,115.4941
1789225200000,77418,77430,77374,77382,90.683
1789226100000,77383,77442,77382,77419,113.78439
1789227000000,77419,77420,77337,77363,63.73016
1789227900000,77364,77400,77340,77348,108.10962
1789228800000,77348,77377,77309,77333,48.791
1789229700000,77334,77342,77321,77341,58.3339
1789230600000,77342,77355,77322,77327,32.7365
1789231500000,77328,77340,77311,77326,70.40727
1789232400000,77327,77354,77314,77316,18.79572
1789233300000,77316,77328,77226,77253,94.13728
1789234200000,77254,77254,77180,77195,75.6771
1789235100000,77195,77206,77142,77182,90.72617
1789236000000,77182,77189,77136,77136,119.97236
1789236900000,77137,77162,77069,77155,358.1645
1789237800000,77155,77155,77082,77134,26.08564
1789238700000,77134,77148,77103,77103,51.23791
1789239600000,77104,77138,77096,77134,126.25805
1789240500000,77134,77146,77096,77096,42.93151
1789241400000,77097,77116,77034,77040,320.07123
1789242300000,77041,77130,77040,77091,42.17529
1789243200000,77091,77150,77090,77147,38.32965
1789244100000,77146,77160,77128,77160,20.56398
1789245000000,77160,77173,77128,77152,12.55492
1789245900000,77152,77181,77118,77128,47.65412
1789246800000,77129,77206,77115,77133,69.7069
1789247700000,77134,77181,77133,77181,68.81605
1789248600000,77181,77238,77180,77203,130.83286
1789249500000,77204,77246,77170,77218,48.73223
1789250400000,77219,77249,77179,77222,36.69967
1789251300000,77223,77277,77160,77169,201.65913
1789252200000,77170,77192,77160,77161,15.7345
1789253100000,77161,77215,77160,77197,15.17993
1789254000000,77197,77237,77196,77236,20.8004
1789254900000,77236,77244,77207,77219,8.30958
1789255800000,77220,77227,77201,77211,10.64969
1789256700000,77211,77271,77211,77248,167.01331
1789257600000,77249,77274,77232,77244,29.53124
1789258500000,77244,77249,77236,77237,16.40458
1789259400000,77238,77238,77107,77182,235.11296
1789260300000,77182,77259,77181,77243,204.80703
1789261200000,77243,77274,77226,77245,49.76831
1789262100000,77246,77311,77227,77227,84.43998
1789263000000,77228,77272,77215,77269,30.71526
1789263900000,77269,77293,77257,77284,16.52412
1789264800000,77285,77285,77243,77254,14.40234
1789265700000,77254,77266,77221,77235,27.31029
1789266600000,77236,77271,77211,77270,58.85908
1789267500000,77271,77280,77256,77270,31.36629
1789268400000,77270,77280,77241,77250,7.97362
1789269300000,77250,77255,77218,77226,11.72741
1789270200000,77227,77227,77168,77185,210.45952
1789271100000,77186,77199,77159,77159,41.79425
1789272000000,77160,77222,77160,77173,48.50459
1789272900000,77174,77219,77173,77199,4.1671
1789273800000,77199,77199,77179,77182,6.34821
1789274700000,77182,77183,77168,77180,12.46462
1789275600000,77181,77200,77180,77200,7.6564
1789276500000,77199,77242,77199,77241,42.41283
1789277400000,77242,77276,77241,77275,15.94674
1789278300000,77276,77288,77275,77284,28.67545
1789279200000,77285,77285,77272,77282,23.5971
1789280100000,77283,77283,77258,77258,7.34032
1789281000000,77259,77267,77232,77266,10.09343
1789281900000,77267,77267,77021,77076,489.24229
1789282800000,77077,77134,77056,77133,55.70399
1789283700000,77134,77134,77091,77104,20.36676
1789284600000,77105,77126,77055,77126,124.55616
1789285500000,77126,77129,77065,77094,66.04051
1789286400000,77093,77138,77003,77029,93.40923
1789287300000,77030,77030,76959,76998,222.88171
1789288200000,76999,76999,76731,76775,621.03445
1789289100000,76775,76825,76694,76764,527.79157
1789290000000,76765,76843,76743,76777,327.71835
1789290900000,76777,76778,76541,76599,535.36259
1789291800000,76599,76736,76526,76674,324.73638
1789292700000,76675,76779,76674,76767,320.76038
1789293600000,76767,76768,76712,76751,70.87568
1789294500000,76751,76760,76692,76713,95.28985
1789295400000,76714,76753,76639,76639,144.9287
1789296300000,76639,76701,76585,76633,100.52035
1789297200000,76633,76665,76469,76469,229.37027
1789298100000,76470,76621,76469,76619,201.72671
1789299000000,76619,76752,76604,76726,63.13539
1789299900000,76727,76753,76705,76736,142.5133
1789300800000,76736,76753,76710,76752,49.19198
1789301700000,76752,76810,76752,76795,45.23275
1789302600000,76796,76808,76667,76685,73.99902
1789303500000,76685,76722,76619,76714,181.42207
1789304400000,76714,76723,76633,76719,43.89286
1789305300000,76719,76728,76509,76531,106.20191
1789306200000,76531,76737,76524,76723,290.61581
1789307100000,76724,76881,76723,76804,510.52472
1789308000000,76805,77021,76805,76974,482.79411
1789308900000,76975,77087,76974,77086,686.72143
1789309800000,77086,77228,77059,77149,184.79242
1789310700000,77149,77211,77133,77186,82.68824
1789311600000,77187,77187,77067,77076,303.13876
1789312500000,77076,77165,76979,76992,372.59941
1789313400000,76993,77132,76992,77126,279.96976
1789314300000,77125,77126,77075,77090,170.13415
1789315200000,77091,77238,77090,77170,450.23352
1789316100000,77170,77264,77170,77214,197.17889
1789317000000,77215,77328,77203,77282,316.11514
1789317900000,77282,77296,77209,77255,177.48139
1789318800000,77256,77382,77255,77341,202.72861
1789319700000,77341,77358,77271,77272,210.28168
1789320600000,77272,77272,77203,77246,60.38234
1789321500000,77245,77336,77245,77303,179.44939
1789322400000,77303,77333,77278,77332,79.98211
1789323300000,77332,77362,77302,77303,64.78009
1789324200000,77304,77350,77287,77345,84.86026
1789325100000,77346,77355,77317,77317,48.61094
1789326000000,77318,77381,77244,77250,73.66932
1789326900000,77250,77252,77199,77245,152.88957
1789327800000,77245,77245,77193,77213,100.34209
1789328700000,77214,77258,77197,77256,149.50839
1789329600000,77257,77266,77225,77265,28.16202
1789330500000,77265,77300,77265,77293,61.61968
1789331400000,77292,77329,77274,77292,69.92514
1789332300000,77293,77336,77292,77317,65.09778
1789333200000,77318,77347,77281,77335,90.63338
1789334100000,77336,77423,77335,77382,193.53411
1789335000000,77382,77387,77316,77362,147.68602
1789335900000,77361,77364,77273,77287,314.69168
1789336800000,77288,77288,76832,76904,810.36902
1789337700000,76903,76904,76695,76814,551.30589
1789338600000,76813,76860,76693,76704,427.06217
1789339500000,76704,76780,76639,76697,573.76163
1789340400000,76697,76759,76651,76703,322.77679
1789341300000,76703,76731,76604,76717,137.15158
1789342200000,76718,76847,76706,76798,236.43882
1789343100000,76798,76847,76765,76810,128.34301
1789344000000,76811,77047,76793,76874,193.63389
1789344900000,76875,76919,76346,76456,494.90302
1789345800000,76452,76790,76421,76772,403.62014
1789346700000,76773,76856,76735,76780,239.03911
1789347600000,76780,76859,76676,76726,140.68819
1789348500000,76726,76881,76628,76828,436.43805
1789349400000,76824,76934,76617,76795,309.23936
1789350300000,76794,77140,76749,77091,233.26641
1789351200000,77090,77377,76985,77360,640.81386
1789352100000,77359,77649,77244,77515,783.84185
1789353000000,77515,77656,77406,77451,442.41785
1789353900000,77450,77696,77450,77573,577.72575
1789354800000,77573,77821,77553,77764,625.30367
1789355700000,77764,77850,77720,77801,376.19214
1789356600000,77800,77800,77507,77519,159.44148
1789357500000,77519,77571,77474,77571,184.63005
1789358400000,77571,77615,77507,77551,111.56251
1789359300000,77551,77669,77517,77605,67.19126
1789360200000,77604,77651,77511,77608,115.51537
1789361100000,77609,77680,77546,77650,143.19193
1789362000000,77649,77657,77529,77611,66.08126
1789362900000,77610,77611,77482,77491,74.07748
1789363800000,77492,77586,77481,77524,56.33092
1789364700000,77523,77578,77461,77578,59.82627
1789365600000,77577,77850,77570,77742,241.96173
1789366500000,77753,77754,77534,77534,67.88305
1789367400000,77534,77735,77347,77705,224.25889
1789368300000,77704,77729,77561,77561,61.22303
1789369200000,77561,77708,77491,77637,108.1718
1789370100000,77636,77715,77617,77676,140.91757
1789371000000,77676,77850,77651,77828,187.12275
1789371900000,77827,77855,77757,77854,199.65562
1789372800000,77855,77859,77676,77751,188.754
1789373700000,77750,77961,77674,77725,223.97968
1789374600000,77725,77772,77674,77724,65.39237
1789375500000,77724,77733,77629,77713,178.58444
1789376400000,77712,77800,77672,77679,88.9436
1789377300000,77679,77758,77564,77758,231.35586
1789378200000,77757,77898,77753,77857,148.59511
1789379100000,77856,78344,77856,78094,1421.25206
1789380000000,78103,78128,77976,78006,143.63761
1789380900000,78005,78042,77901,77940,136.62356
1789381800000,77939,77984,77897,77916,133.35728
1789382700000,77916,77996,77859,77867,101.06246
1789383600000,77868,77889,77679,77731,162.11767
1789384500000,77731,77884,77721,77882,73.3533
1789385400000,77881,77894,77671,77792,143.64239
1789386300000,77793,77802,77660,77753,50.67488
1789387200000,77752,77820,77678,77802,55.0653
1789388100000,77801,77964,77801,77963,216.98145
1789389000000,77963,78047,77720,77876,362.73485
1789389900000,77870,77893,77572,77667,252.1188
1789390800000,77667,77694,77435,77677,484.38182
1789391700000,77678,77840,77678,77840,387.36605
1789392600000,77839,78250,77814,78128,1778.6558
1789393500000,78128,78488,78018,78155,3028.33431
1789394400000,78156,78519,78148,78495,716.30011
1789395300000,78494,78642,78185,78374,619.99472
1789396200000,78374,78699,78314,78402,699.37449
1789397100000,78402,78600,78381,78498,335.11858
1789398000000,78499,78572,78284,78472,423.98785
1789398900000,78471,78581,78378,78387,137.65579
1789399800000,78386,78593,78318,78532,215.47941
1789400700000,78532,78663,78336,78550,281.60369
1789401600000,78550,78581,78403,78412,109.34958
1789402500000,78413,78850,78413,78643,1106.52381
1789403400000,78643,78717,78597,78614,206.16044
1789404300000,78614,78860,78614,78746,481.95886
1789405200000,78746,78850,78699,78806,206.20794
1789406100000,78805,78955,78761,78865,511.97371
1789407000000,78866,78872,78685,78831,501.8314
1789407900000,78832,79028,78832,78931,1092.98721
1789408800000,78931,79001,78828,78828,204.59378
1789409700000,78828,79240,78825,79125,462.28886
1789410600000,79124,79215,78972,79154,358.99378
1789411500000,79154,79310,79153,79199,332.17943
1789412400000,79199,79200,78985,79059,432.59311
1789413300000,79059,79219,79058,79118,102.02087
1789414200000,79119,79174,78930,79110,377.20473
1789415100000,79110,79137,78956,78956,258.3942
1789416000000,78965,79207,78947,79166,360.78956
1789416900000,79165,79576,79165,79420,580.34099
1789417800000,79420,79473,79313,79313,263.2979
1789418700000,79313,79370,79065,79075,261.73252
1789419600000,79074,79091,78742,78851,814.43609
1789420500000,78858,78966,78777,78875,326.91081
1789421400000,78876,78937,78756,78787,285.33789
1789422300000,78786,78803,78711,78726,305.25601
1789423200000,78725,78826,78683,78808,216.65965
1789424100000,78804,78817,78467,78546,951.26983
1789425000000,78545,78653,78468,78625,816.1767
1789425900000,78625,78629,78519,78520,95.72025
1789426800000,78519,78538,78350,78421,549.87252
1789427700000,78421,78456,78328,78370,680.7653
1789428600000,78371,78371,78238,78303,256.09779
1789429500000,78304,78304,78081,78182,1357.35803
1789430400000,78175,78235,78097,78098,465.30362
1789431300000,78098,78103,77960,77988,203.8928
1789432200000,77989,78062,77909,77942,126.82051
1789433100000,77941,77993,77920,77933,115.55021
1789434000000,77933,77933,77715,77799,336.84677
1789434900000,77798,78004,77772,77831,296.30771
1789435800000,77831,77987,77826,77987,134.2077
1789436700000,77986,78049,77896,77897,111.99719
1789437600000,77896,77988,77847,77957,141.32427
1789438500000,77958,77993,77890,77935,67.94706
1789439400000,77935,77935,77835,77853,46.74873
1789440300000,77852,77895,77762,77886,59.03011
1789441200000,77886,77886,77672,77691,476.64911
1789442100000,77690,77822,77686,77816,114.64083
1789443000000,77815,77836,77750,77772,100.55594
1789443900000,77772,77782,77627,77628,185.78507
1789444800000,77628,77706,77609,77615,161.00511
1789445700000,77614,77655,77535,77593,217.25097
1789446600000,77593,77629,77503,77609,203.24532
1789447500000,77610,77615,77547,77560,100.04768
1789448400000,77560,77625,77264,77378,572.13674
1789449300000,77378,77449,77294,77449,213.10227
1789450200000,77449,77473,77357,77431,292.45578
1789451100000,77431,77671,77425,77609,993.20829
1789452000000,77609,77715,77550,77551,436.77058
1789452900000,77550,77559,77355,77368,589.09773
1789453800000,77368,77420,77367,77399,236.05853
1789454700000,77400,77411,77147,77233,961.98327
1789455600000,77240,77270,77138,77174,356.53533
1789456500000,77173,77270,77159,77243,133.29492
1789457400000,77242,77243,76978,76991,731.13158
1789458300000,76991,77055,76825,76907,684.09334
1789459200000,76902,76917,76672,76788,1666.34038
1789460100000,76788,76865,76688,76839,847.12379
1789461000000,76839,76881,76802,76822,212.46578
1789461900000,76822,76993,76821,76981,509.59747
1789462800000,76981,76981,76876,76912,438.5066
1789463700000,76911,76980,76851,76897,99.22142
1789464600000,76897,76974,76884,76971,68.90061
1789465500000,76971,77054,76942,76962,109.27787
1789466400000,76962,77033,76892,76981,108.99914
1789467300000,76980,77023,76874,76875,124.27384
1789468200000,76874,77042,76857,77041,136.96394
1789469100000,77041,77162,76991,77027,415.1692
1789470000000,77027,77209,76990,77015,281.26688
1789470900000,77015,77091,76953,76977,150.38639
1789471800000,76977,76977,76814,76897,891.71834
1789472700000,76897,76928,76812,76908,402.65573
1789473600000,76908,76947,76819,76892,588.76595
1789474500000,76891,76963,76873,76914,428.49676
1789475400000,76914,76947,76823,76920,355.54738
1789476300000,76919,77122,76857,76940,1087.55368
1789477200000,76940,77111,76934,76958,243.00491
1789478100000,76957,76984,76888,76924,163.57308
1789479000000,76924,76924,76092,76406,3285.27568
1789479900000,76407,76606,76131,76605,1101.75414
1789480800000,76605,76694,76294,76374,1567.2305
1789481700000,76374,76462,76278,76315,360.58137
1789482600000,76315,76315,75688,75891,2510.14922
1789483500000,75891,76005,75600,75900,3426.94919
1789484400000,75900,76079,75800,75983,1906.62887
1789485300000,75994,76503,75891,76316,2799.96371
1789486200000,76316,76450,76229,76417,1052.02493
1789487100000,76417,76576,76417,76480,619.1949
1789488000000,76480,76548,76244,76244,405.97677
1789488900000,76245,76473,76245,76445,183.4318
1789489800000,76445,76459,76259,76335,557.93672
1789490700000,76335,76463,76331,76349,264.13183
1789491600000,76349,76372,76151,76241,494.01756
1789492500000,76241,76519,76206,76492,935.865
1789493400000,76493,77366,76479,76742,4388.80129
1789494300000,76742,77058,76741,76930,1517.04709
1789495200000,76931,76940,76800,76844,889.62521
1789496100000,76844,77205,76449,76879,2465.42212
1789497000000,76890,76926,75682,75737,4707.66477
1789497900000,75738,76194,74903,75957,7277.85092
1789498800000,75957,76243,75775,75939,2040.2259
1789499700000,75940,76283,75845,75890,994.5381
1789500600000,75890,76030,75839,75876,525.1394
1789501500000,75872,76148,75830,76148,602.07957
1789502400000,76149,76218,75896,76010,550.35913
1789503300000,76010,76010,75701,75701,281.8718
1789504200000,75702,75834,75581,75834,561.82983
1789505100000,75834,75972,75833,75901,152.09594
1789506000000,75902,75929,75679,75837,405.12428
1789506900000,75838,75872,75620,75657,350.44148
1789507800000,75657,75739,75519,75712,362.39917
1789508700000,75712,75719,75368,75427,635.04581
1789509600000,75427,75557,75307,75345,493.42054
1789510500000,75345,75516,75111,75457,896.37448
1789511400000,75457,75624,75447,75583,857.71637
1789512300000,75583,75710,75565,75633,142.02776
1789513200000,75633,75875,75632,75862,184.75315
1789514100000,75863,75910,75696,75696,171.57865
1789515000000,75699,75708,75533,75646,244.63239
1789515900000,75646,75690,75586,75608,58.64462
1789516800000,75608,75755,75542,75668,151.05782
1789517700000,75668,75820,75647,75817,296.22929
1789518600000,75817,75883,75753,75779,121.54574
1789519500000,75776,75852,75697,75745,114.27109
1789520400000,75746,75828,75668,75749,76.44829
1789521300000,75750,75937,75691,75836,112.5262
1789522200000,75837,75837,75506,75626,252.91425
1789523100000,75627,75683,75430,75464,76.71858
1789524000000,75464,75641,75456,75641,61.35737
1789524900000,75641,75913,75632,75912,79.92328
1789525800000,75913,76083,75899,75937,300.08746
1789526700000,75937,75976,75784,75859,331.96039
1789527600000,75859,75958,75798,75925,116.39461
1789528500000,75925,76065,75833,75834,232.05721
1789529400000,75834,75878,75746,75767,54.98001
1789530300000,75767,75812,75741,75798,46.56125
1789531200000,75798,75894,75795,75859,209.52439
1789532100000,75859,75963,75816,75856,62.76884
1789533000000,75849,75993,75843,75904,194.90882
1789533900000,75905,75951,75788,75843,93.50135
1789534800000,75843,75852,75661,75773,161.08915
1789535700000,75774,75890,75773,75861,60.89947
1789536600000,75861,75954,75813,75942,179.71805
1789537500000,75942,75943,75868,75943,57.66292
1789538400000,75943,76000,75942,75962,102.99199
1789539300000,75962,76000,75870,75899,157.15405
1789540200000,75899,75921,75791,75906,61.23534
1789541100000,75906,76000,75900,75999,65.18712
1789542000000,76000,76076,75783,75856,650.19473
1789542900000,75856,75899,75771,75788,96.53152
1789543800000,75789,75892,75741,75788,301.40642
1789544700000,75789,75878,75698,75742,600.811
1789545600000,75742,75742,75428,75490,254.89129
1789546500000,75491,75590,75326,75401,279.1307
1789547400000,75401,75545,75399,75536,79.72615
1789548300000,75536,75713,75511,75708,198.36407
1789549200000,75708,75936,75699,75761,576.07307
1789550100000,75762,75837,75726,75804,65.31766
1789551000000,75804,75913,75803,75892,74.70667
1789551900000,75892,75971,75855,75965,222.50708
1789552800000,75965,76020,75904,75915,282.66761
1789553700000,75915,75989,75890,75942,131.39849
1789554600000,75942,75979,75913,75955,66.9394
1789555500000,75955,75955,75862,75921,84.57296
1789556400000,75921,76033,75885,75900,99.74564
1789557300000,75900,75967,75858,75953,58.06296
1789558200000,75953,76255,75924,76206,407.67389
1789559100000,76206,76275,76128,76217,514.40437
1789560000000,76217,76276,76101,76102,218.02047
1789560900000,76102,76131,75890,75915,201.681
1789561800000,75916,76000,75758,75933,570.77052
1789562700000,75933,76021,75887,75939,336.35897
1789563600000,75939,75939,75639,75760,614.78978
1789564500000,75760,75848,75684,75736,245.94238
1789565400000,75737,75781,75562,75759,463.76681
1789566300000,75759,75918,75583,75629,396.3414
1789567200000,75629,75650,75411,75547,590.76828
1789568100000,75547,75807,75533,75807,456.87527
1789569000000,75812,75812,75604,75746,417.55471
1789569900000,75746,75746,75445,75666,284.2217
1789570800000,75666,75783,75531,75742,304.2772
1789571700000,75742,75780,75613,75614,143.55362
1789572600000,75614,75773,75540,75712,126.39096
1789573500000,75713,75930,75694,75777,236.94262
1789574400000,75778,75850,75632,75825,121.51761
1789575300000,75825,75870,75722,75770,273.44526
1789576200000,75771,75817,75665,75667,142.72883
1789577100000,75667,75812,75666,75757,79.01504
1789578000000,75753,75778,75650,75704,77.70584
1789578900000,75705,75799,75624,75695,120.91821
1789579800000,75695,75719,75355,75433,1321.87763
1789580700000,75433,75882,75321,75668,811.75953
1789581600000,75670,76547,75281,75765,4992.52226
1789582500000,75765,76073,75616,76000,1589.15311
1789583400000,76000,76323,75000,75946,4238.27855
1789584300000,75947,76054,75459,75601,1494.30583
1789585200000,75601,76157,75601,75915,1287.2936
1789586100000,75918,75992,75215,75516,1506.07916
1789587000000,75516,75960,75420,75948,1373.81678
1789587900000,75949,76121,75948,76056,1346.42204
1789588800000,76056,76389,75990,76183,798.38199
1789589700000,76183,76343,76078,76172,737.21973
1789590600000,76172,76221,75987,76093,568.46693
1789591500000,76093,76159,76026,76145,222.5135
1789592400000,76145,76191,76054,76076,202.48178
1789593300000,76076,76110,76002,76038,107.78872
1789594200000,76039,76066,75900,75916,277.9366
1789595100000,75917,75988,75900,75935,74.15145
1789596000000,75935,75946,75631,75862,330.10991
1789596900000,75863,75895,75639,75719,275.42701
1789597800000,75719,75776,75609,75776,77.78241
1789598700000,75776,75788,75600,75643,222.15018
1789599600000,75643,75818,75607,75817,148.99824
1789600500000,75818,76118,75815,76041,491.82091
1789601400000,76041,76194,76040,76181,149.84579
1789602300000,76181,76247,76124,76180,202.37309
1789603200000,76180,76385,76145,76287,182.97439
1789604100000,76287,76464,76286,76371,296.75625
1789605000000,76371,76474,76346,76389,160.19146
1789605900000,76389,76423,76304,76305,205.4482
1789606800000,76306,76340,76188,76275,167.55079
1789607700000,76276,76631,76201,76604,397.22927
1789608600000,76604,76750,76480,76570,565.3694
1789609500000,76570,76570,76304,76339,221.46256
1789610400000,76339,76361,76070,76188,351.94376
1789611300000,76188,76188,76040,76155,143.1553
1789612200000,76154,76427,76126,76402,236.2633
1789613100000,76403,76460,76304,76346,214.65758
1789614000000,76346,76478,76345,76403,147.53337
1789614900000,76410,76488,76384,76466,157.40495
1789615800000,76467,76500,76412,76452,80.97113
1789616700000,76451,76478,76370,76406,96.53361
1789617600000,76407,76407,76263,76283,163.39801
1789618500000,76284,76292,76149,76181,126.39335
1789619400000,76181,76350,76144,76339,97.83025
1789620300000,76339,76576,76307,76520,614.57328
1789621200000,76520,76613,76422,76439,275.77556
1789622100000,76439,76514,76377,76455,296.54985
1789623000000,76455,76456,76303,76330,157.36327
1789623900000,76331,76397,76274,76300,94.14307
1789624800000,76300,76460,76273,76430,467.48989
1789625700000,76430,76432,76308,76411,203.5607
1789626600000,76413,76552,76413,76524,251.3242
1789627500000,76524,76579,76432,76439,209.10601
1789628400000,76438,76643,76438,76509,167.00555
1789629300000,76509,76603,76475,76496,29.50333
1789630200000,76496,76511,76455,76473,27.82117
1789631100000,76472,76496,76391,76424,49.97287
1789632000000,76426,76495,76382,76383,66.47211
1789632900000,76383,76504,76355,76429,66.88208
1789633800000,76428,76511,76384,76459,65.06258
1789634700000,76458,76567,76447,76547,171.8575
1789635600000,76547,76688,76546,76660,248.06227
1789636500000,76659,76713,76612,76649,84.50519
1789637400000,76649,76740,76566,76566,65.07445
1789638300000,76566,76614,76436,76437,80.21337
1789639200000,76436,76437,76288,76368,204.83977
1789640100000,76367,76368,76279,76321,258.57107
1789641000000,76316,76382,76280,76281,82.11434
1789641900000,76281,76370,76228,76370,157.38473
1789642800000,76370,76422,76314,76402,124.65733
1789643700000,76403,76427,76311,76356,287.05619
1789644600000,76355,76355,76138,76155,288.08929
1789645500000,76155,76449,76154,76448,104.60192
1789646400000,76448,76787,76362,76787,830.86676
1789647300000,76786,76970,76778,76969,714.52606
1789648200000,76965,77150,76825,76839,720.11859
1789649100000,76842,76866,76700,76701,302.74898
1789650000000,76701,76857,76605,76625,422.97672
1789650900000,76626,76721,76439,76445,515.3261
1789651800000,76445,76556,76001,76133,1061.02266
1789652700000,76133,76669,76025,76669,858.09062
1789653600000,76669,76968,76359,76936,806.78874
1789654500000,76937,77031,76671,76904,798.08935
1789655400000,76905,76995,76578,76579,543.43152
1789656300000,76579,76705,76468,76468,699.61109
1789657200000,76469,76472,76238,76321,457.60895
1789658100000,76321,76440,76265,76439,274.4195
1789659000000,76440,76839,76433,76732,412.08582
1789659900000,76733,76771,76573,76736,158.2517
1789660800000,76751,76786,76646,76699,390.61962
1789661700000,76699,76767,76639,76679,187.01259
1789662600000,76679,76679,76506,76678,190.06023
1789663500000,76678,76730,76571,76729,140.55008
1789664400000,76730,76894,76712,76781,302.34915
1789665300000,76781,76924,76744,76892,456.54128
1789666200000,76893,76943,76679,76680,202.59736
1789667100000,76680,76680,76557,76641,346.65443
1789668000000,76641,76699,76616,76698,80.3713
1789668900000,76698,76750,76695,76713,118.26995
1789669800000,76714,76731,76429,76581,261.08203
1789670700000,76581,76657,76542,76542,183.6614
1789671600000,76543,76600,76520,76524,97.19824
1789672500000,76524,76601,76470,76555,120.42654
1789673400000,76556,76598,76498,76573,170.19937
1789674300000,76573,76652,76476,76557,146.91322
1789675200000,76557,76631,76503,76606,72.19686
1789676100000,76607,76709,76569,76687,43.75658
1789677000000,76688,76688,76469,76499,166.35719
1789677900000,76499,76520,76466,76518,46.53255
1789678800000,76518,76583,76457,76476,66.60981
1789679700000,76477,76547,76468,76532,95.26511
1789680600000,76533,76549,76497,76497,56.37018
1789681500000,76498,76498,76363,76378,293.48288
1789682400000,76379,76426,76303,76336,214.68696
1789683300000,76337,76337,76210,76238,220.66209
1789684200000,76239,76421,76225,76389,87.44605
1789685100000,76390,76404,76289,76388,113.11098
1789686000000,76388,76478,76353,76463,87.16047
1789686900000,76464,76478,76430,76460,161.39655
1789687800000,76461,76461,76357,76402,66.76562
1789688700000,76403,76466,76375,76396,24.67431
1789689600000,76397,76433,76343,76432,88.10664
1789690500000,76433,76433,76259,76344,80.97583
1789691400000,76344,76410,76307,76401,93.06879
1789692300000,76402,76567,76366,76565,250.48887
1789693200000,76565,76650,76517,76525,220.97866
1789694100000,76526,76616,76486,76561,19.01721
1789695000000,76562,76686,76544,76658,69.79095
1789695900000,76659,76727,76657,76706,131.34152
1789696800000,76707,76775,76606,76720,115.02684
1789697700000,76721,76884,76711,76883,164.79887
1789698600000,76884,76993,76883,76901,206.63503
1789699500000,76902,76996,76873,76945,73.2659
1789700400000,76946,77286,76941,77285,1006.22687
1789701300000,77286,77570,77248,77393,907.85247
1789702200000,77393,77460,77288,77304,231.46847
1789703100000,77305,77434,77304,77346,268.12887
1789704000000,77346,77384,77187,77253,398.8445
1789704900000,77253,77342,77215,77251,138.26892
1789705800000,77251,77397,77190,77397,128.69079
1789706700000,77397,77533,77311,77533,113.35688
1789707600000,77533,77643,77420,77495,380.10207
1789708500000,77496,77587,77405,77571,244.02183
1789709400000,77571,77683,77484,77553,534.1408
1789710300000,77553,77558,77422,77455,269.61802
1789711200000,77455,77569,77454,77462,148.06866
1789712100000,77462,77642,77446,77511,119.46652
1789713000000,77508,77545,77463,77491,46.6931
1789713900000,77491,77574,77369,77571,96.18346
1789714800000,77564,77746,77542,77592,331.21904
1789715700000,77592,77809,77577,77768,599.45385
1789716600000,77769,77820,77713,77800,229.83052
1789717500000,77801,77804,77689,77777,407.65285
1789718400000,77777,77945,77638,77748,736.74795
1789719300000,77747,78045,77730,77932,626.44358
1789720200000,77932,77999,77864,77948,311.98847
1789721100000,77947,78263,77937,78254,463.86436
1789722000000,78254,78446,78205,78344,1281.48983
1789722900000,78344,78356,78126,78129,373.37337
1789723800000,78129,78130,78000,78033,422.97355
1789724700000,78032,78183,78028,78181,225.48647
1789725600000,78182,78194,78084,78177,292.42493
1789726500000,78177,78254,78138,78254,98.73125
1789727400000,78254,78286,78177,78209,139.04491
1789728300000,78209,78355,78196,78265,411.39389
1789729200000,78265,78419,78020,78093,836.02059
1789730100000,78093,78141,78020,78026,257.48343
1789731000000,78026,78152,78004,78011,414.33693
1789731900000,78010,78088,78003,78039,199.45126
1789732800000,78039,78098,78000,78065,911.76029
1789733700000,78066,78095,78000,78005,477.70701
1789734600000,78006,78168,78000,78101,314.50556
1789735500000,78100,78127,78020,78025,131.90668
1789736400000,78026,78069,78000,78016,498.83241
1789737300000,78015,78166,78015,78166,555.85738
1789738200000,78166,79324,78133,79293,3580.7784
1789739100000,79293,80509,79220,80061,5055.54408
1789740000000,80062,80597,80061,80289,1964.7781
1789740900000,80290,80994,80290,80708,2502.65744
1789741800000,80708,80825,80496,80790,1339.76587
1789742700000,80790,80981,80714,80945,738.55915
1789743600000,80945,81055,80572,80775,1131.84018
1789744500000,80776,81147,80772,80965,1161.48412
1789745400000,80966,80985,80654,80654,611.94006
1789746300000,80655,80825,80501,80728,670.12317
1789747200000,80728,80991,80685,80991,1197.31585
1789748100000,80990,81110,80884,81079,1357.29759
1789749000000,81080,81292,80923,81019,812.514
1789749900000,81019,81019,80784,80876,430.549
1789750800000,80877,80929,80781,80917,366.69575
1789751700000,80917,80967,80664,80767,491.71232
1789752600000,80766,80800,80594,80799,234.93459
1789753500000,80799,81042,80785,81041,316.00181
1789754400000,81041,81041,80827,80889,196.58039
1789755300000,80888,81023,80832,81023,181.22863
1789756200000,81022,81182,80940,80959,583.12877
1789757100000,80959,81100,80906,80962,184.32299
1789758000000,80962,81240,80930,81218,497.817
1789758900000,81219,81440,81136,81284,694.94591
1789759800000,81283,81284,81077,81262,295.86635
1789760700000,81262,81372,81152,81228,389.69874
1789761600000,81227,81259,80977,81098,279.59126
1789762500000,81097,81248,80973,81044,310.79041
1789763400000,81045,81206,80973,81195,194.79831
1789764300000,81194,81214,81094,81137,128.81015
1789765200000,81137,81306,81116,81292,184.69962
1789766100000,81291,81306,81128,81213,81.6337
1789767000000,81213,81321,81166,81242,230.73522
1789767900000,81241,81280,81178,81260,116.97737
1789768800000,81260,81409,81231,81273,281.82499
1789769700000,81274,81377,81273,81281,159.36236
1789770600000,81280,81281,81095,81155,401.28122
1789771500000,81154,81180,81122,81158,116.61592
1789772400000,81159,81228,81120,81196,202.5437
1789773300000,81196,81223,81016,81020,182.61962
1789774200000,81019,81045,80887,80930,227.88044
1789775100000,80930,81012,80910,80916,342.28721
1789776000000,80917,81009,80873,81009,130.60817
1789776900000,81008,81134,81000,81134,154.53206
1789777800000,81133,81375,81133,81375,353.40429
1789778700000,81375,81735,81297,81730,920.67407
1789779600000,81729,81799,81316,81327,580.70861
1789780500000,81327,81364,81150,81305,225.75368
1789781400000,81305,81318,81091,81214,144.71621
1789782300000,81213,81479,81213,81320,125.73976
1789783200000,81319,81469,81301,81416,239.51798
1789784100000,81416,81486,81362,81393,167.41718
1789785000000,81392,81480,81338,81362,56.24286
1789785900000,81363,81369,81311,81333,121.9409
1789786800000,81335,81444,81319,81325,79.00897
1789787700000,81324,81325,81179,81182,77.52307
1789788600000,81182,81219,81164,81211,48.11578
1789789500000,81210,81226,81168,81168,59.18468
1789790400000,81168,81256,81149,81252,49.77884
1789791300000,81251,81266,81162,81178,96.49918
1789792200000,81177,81178,80960,81015,251.18986
1789793100000,81015,81067,80980,81067,37.16465
1789794000000,81066,81174,81065,81088,51.92603
1789794900000,81088,81185,81065,81109,38.73738
1789795800000,81109,81155,81061,81067,66.98376
1789796700000,81066,81115,81051,81082,45.74501
1789797600000,81081,81107,81044,81047,41.68089
1789798500000,81046,81094,80984,81010,74.07769
1789799400000,81009,81144,81009,81117,90.02301
1789800300000,81116,81150,81074,81097,67.14402
1789801200000,81097,81214,81097,81213,76.47411
1789802100000,81214,81320,81130,81160,216.64887
1789803000000,81160,81177,81092,81110,33.84112
1789803900000,81110,81226,81079,81151,47.54018
1789804800000,81151,81286,81120,81286,67.29638
1789805700000,81285,81458,81253,81348,141.75977
1789806600000,81349,81388,81328,81352,107.59817
1789807500000,81352,81432,81326,81361,84.75149
1789808400000,81360,81574,81328,81485,225.12281
1789809300000,81484,81547,81435,81460,71.3392
1789810200000,81459,81489,81294,81309,100.12868
1789811100000,81310,81384,81309,81378,48.5155
1789812000000,81372,81375,81278,81348,39.98749
1789812900000,81347,81364,81297,81328,18.97327
1789813800000,81329,81343,81263,81295,52.60705
1789814700000,81295,81363,81250,81257,71.77391
1789815600000,81256,81416,81247,81353,242.36064
1789816500000,81353,81380,81302,81303,321.42327
1789817400000,81303,81333,81276,81329,31.95756
1789818300000,81329,81359,81322,81352,54.98469
1789819200000,81351,81380,81317,81380,121.95685
1789820100000,81380,81380,81259,81260,95.95345
1789821000000,81260,81328,81259,81320,81.45009
1789821900000,81320,81380,81276,81374,36.59194
1789822800000,81374,81374,81212,81283,46.72914
1789823700000,81282,81373,81267,81269,60.80208
1789824600000,81269,81324,81236,81287,89.71771
1789825500000,81286,81398,81256,81385,583.05609
1789826400000,81385,81475,81364,81418,344.5716
1789827300000,81418,81611,81418,81611,225.64633
1789828200000,81611,81672,81510,81565,337.48679
1789829100000,81565,81656,81522,81617,223.64361
1789830000000,81617,81784,81603,81728,466.45862
1789830900000,81729,81800,81582,81596,443.49401
1789831800000,81597,81996,81596,81959,932.89454
1789832700000,81958,81959,81644,81687,398.47464
1789833600000,81687,81816,81511,81798,595.36123
1789834500000,81799,81926,81775,81850,302.99215
1789835400000,81851,81942,81850,81889,129.7029
1789836300000,81889,81893,81864,81870,60.93932
1789837200000,81869,81892,81745,81745,168.08486
1789838100000,81745,81847,81462,81558,452.66941
1789839000000,81557,81628,81488,81539,88.75917
1789839900000,81538,81575,81480,81498,78.54294
1789840800000,81498,81569,81341,81404,233.55739
1789841700000,81403,81523,81354,81475,177.03889
1789842600000,81474,81550,81410,81512,65.32888
1789843500000,81511,81516,81432,81459,97.29963
1789844400000,81458,81492,81408,81415,93.33261
1789845300000,81414,81487,81386,81436,75.62193
1789846200000,81435,81436,81351,81351,48.0281
1789847100000,81351,81429,81348,81382,66.89085
1789848000000,81382,81471,81382,81456,73.86073
1789848900000,81455,81456,81288,81288,301.84293
1789849800000,81287,81314,81272,81313,508.91968
1789850700000,81313,81313,81097,81180,297.27159
1789851600000,81180,81253,81027,81027,155.43692
1789852500000,81027,81096,80933,81090,245.99962
1789853400000,81090,81096,80962,81045,153.26522
1789854300000,81044,81184,81044,81119,92.36534
1789855200000,81119,81126,81000,81029,79.94769
1789856100000,81028,81113,81028,81098,36.734
1789857000000,81089,81275,81089,81266,114.75288
1789857900000,81266,81289,81232,81287,57.56803
1789858800000,81286,81318,81265,81318,91.04344
1789859700000,81317,81345,81252,81328,77.53051
1789860600000,81327,81403,81303,81304,68.78117
1789861500000,81303,81356,81289,81292,64.82591
1789862400000,81292,81320,81240,81320,64.96383
1789863300000,81320,81364,81233,81351,295.3612
1789864200000,81351,81355,81294,81355,85.11087
1789865100000,81355,81355,81312,81330,10.89972
1789866000000,81328,81328,81151,81153,141.10227
1789866900000,81154,81239,81124,81142,58.90247
1789867800000,81142,81148,81044,81092,278.65183
1789868700000,81092,81144,81058,81125,50.24304
1789869600000,81125,81176,81108,81176,151.20187
1789870500000,81176,81185,81000,81001,102.76733
1789871400000,81001,81015,80577,80589,644.43845
1789872300000,80589,80720,80277,80360,987.59219
1789873200000,80360,80549,80234,80267,1013.40941
1789874100000,80267,80550,80148,80396,633.93122
1789875000000,80396,80429,80302,80400,237.34384
1789875900000,80400,80531,80345,80511,74.79915
1789876800000,80512,80542,80391,80453,141.30234
1789877700000,80453,80548,80340,80444,160.85586
1789878600000,80444,80502,80400,80400,120.23996
1789879500000,80401,80500,80330,80452,157.4309
1789880400000,80452,80650,80420,80613,157.58564
1789881300000,80612,80613,80469,80556,77.43715
1789882200000,80556,80634,80467,80541,45.83758
1789883100000,80540,80567,80467,80501,34.27471
1789884000000,80500,80548,80437,80534,109.51505
1789884900000,80534,80616,80470,80471,68.47322
1789885800000,80471,80486,80279,80396,149.1926
1789886700000,80396,80448,80224,80321,130.0619
1789887600000,80321,80377,80313,80361,78.35559
1789888500000,80360,80429,80296,80412,74.56129
1789889400000,80412,80412,80303,80364,119.71669
1789890300000,80358,80399,80326,80327,49.79892
1789891200000,80327,80465,80320,80431,34.63732
1789892100000,80431,80440,80378,80387,39.17705
1789893000000,80387,80423,80240,80261,229.18049
1789893900000,80261,80290,80172,80276,410.97458
1789894800000,80276,80327,80252,80274,35.86584
1789895700000,80274,80410,80262,80392,80.53599
1789896600000,80393,80587,80392,80557,168.69683
1789897500000,80556,80557,80464,80464,46.42897
1789898400000,80465,80519,80326,80402,330.08914
1789899300000,80401,80445,80333,80385,50.17078
1789900200000,80385,80430,80315,80354,73.91718
1789901100000,80354,80389,80312,80313,74.15059
1789902000000,80312,80412,80279,80352,60.12846
1789902900000,80352,80379,80294,80368,36.90595
1789903800000,80368,80488,80368,80459,389.24421
1789904700000,80459,80540,80451,80490,141.3114
1789905600000,80490,80540,80438,80504,89.68541
1789906500000,80504,80510,80373,80374,62.9581
1789907400000,80374,80377,80333,80366,75.766
1789908300000,80365,80509,80365,80503,125.12578
1789909200000,80503,80664,80497,80571,338.75158
1789910100000,80571,80579,80497,80528,120.35108
1789911000000,80528,80571,80437,80571,86.35729
1789911900000,80571,80594,80549,80585,62.10195
1789912800000,80585,80800,80584,80599,341.65739
1789913700000,80599,80599,80414,80541,295.15468
1789914600000,80541,80679,80502,80652,263.01198
1789915500000,80651,80784,80626,80689,94.15704
1789916400000,80689,80926,80689,80766,375.76745
1789917300000,80765,80899,80670,80671,110.65247
1789918200000,80670,80888,80670,80855,79.47826
1789919100000,80856,80983,80849,80929,310.93466
1789920000000,80930,81222,80801,81179,1036.29683
1789920900000,81180,81303,81048,81199,570.41702
1789921800000,81199,81505,81105,81410,962.37295
1789922700000,81411,81494,81255,81374,362.3645
1789923600000,81374,81484,81181,81261,177.14532
1789924500000,81261,81358,81163,81184,195.69619
1789925400000,81185,81443,81184,81416,98.33469
1789926300000,81417,81443,81086,81179,198.09303
1789927200000,81179,81229,81050,81127,207.76739
1789928100000,81128,81296,81128,81296,56.67332
1789929000000,81296,81341,81196,81237,102.89907
1789929900000,81238,81242,81046,81054,147.57847
1789930800000,81055,81156,81055,81119,97.54056
1789931700000,81119,81140,81087,81140,55.50736
1789932600000,81140,81315,81139,81253,108.17006
1789933500000,81254,81316,81176,81207,91.82881
1789934400000,81207,81249,81178,81178,56.6489
1789935300000,81179,81249,81120,81235,160.14019
1789936200000,81237,81237,81097,81158,63.06857
1789937100000,81158,81247,81092,81102,76.16959
1789938000000,81103,81103,80587,80790,797.08399
1789938900000,80788,80951,80787,80911,178.79058
1789939800000,80911,80963,80815,80815,303.43809
1789940700000,80816,80986,80812,80965,159.53034
1789941600000,80965,81343,80815,81326,465.69121
1789942500000,81327,81332,81101,81194,193.35677
1789943400000,81203,81312,81160,81160,189.20453
1789944300000,81161,81312,81149,81261,179.66491
1789945200000,81261,81294,81169,81204,61.69689
1789946100000,81205,81343,81200,81200,131.5791
1789947000000,81201,81337,81164,81301,101.04155
1789947900000,81304,81374,81197,81221,172.39943
1789948800000,81221,81754,81207,81709,896.64618
1789949700000,81709,81869,81551,81775,732.64293
1789950600000,81775,81877,81558,81736,387.76689
1789951500000,81737,81893,81635,81665,509.13966
1789952400000,81665,81845,81547,81836,360.49946
1789953300000,81837,82150,81547,81638,1229.13908
1789954200000,81638,81719,81330,81512,529.20528
1789955100000,81513,81533,80888,81037,1050.63657
1789956000000,81036,81408,80996,81408,322.37706
1789956900000,81407,81556,81345,81466,160.85311
1789957800000,81465,81466,81205,81295,442.61252
1789958700000,81295,81442,81248,81357,324.0324
1789959600000,81356,81500,81290,81352,156.27345
1789960500000,81352,81543,81352,81477,158.81185
1789961400000,81476,81626,81476,81502,120.41118
1789962300000,81501,81542,81408,81464,113.78412
1789963200000,81463,81507,81311,81318,146.60072
1789964100000,81317,81382,81274,81340,101.21692
1789965000000,81339,81463,81255,81463,76.68559
1789965900000,81462,81551,81419,81438,39.99586
1789966800000,81437,81463,81339,81366,63.11746
1789967700000,81366,81684,81366,81620,85.65347
1789968600000,81619,81837,81619,81658,287.81548
1789969500000,81657,81710,81561,81593,78.7449
1789970400000,81592,81738,81579,81710,158.66708
1789971300000,81709,81902,81709,81846,207.4774
1789972200000,81845,81880,81445,81445,251.46531
1789973100000,81444,81790,81440,81688,336.29597
1789974000000,81687,81721,81509,81596,52.47373
1789974900000,81595,81700,81573,81658,42.50236
1789975800000,81657,81658,81515,81555,105.9586
1789976700000,81554,81772,81530,81768,49.40387
1789977600000,81767,82045,81767,81938,378.44991
1789978500000,81938,82337,81911,82297,886.62166
1789979400000,82296,84371,82235,83606,5229.77599
1789980300000,83605,83984,83373,83849,1420.23247
1789981200000,83845,84150,83775,84000,967.88111
1789982100000,84000,84777,83981,84552,1457.10047
1789983000000,84551,85500,84435,85149,2636.42784
1789983900000,85149,85190,84665,84735,1210.92827
1789984800000,84734,84900,84600,84651,639.46701
1789985700000,84651,84817,84387,84409,1346.56314
1789986600000,84408,84506,84165,84303,1330.02332
1789987500000,84303,84491,84187,84478,277.69498
1789988400000,84477,84672,84432,84640,358.5479
1789989300000,84640,84734,84571,84699,209.93092
1789990200000,84699,84901,84654,84861,443.0372
1789991100000,84861,84950,84756,84921,310.28962
1789992000000,84921,85325,84865,85085,3779.12893
1789992900000,85085,85569,85069,85136,897.4587
1789993800000,85138,85500,85107,85355,721.72209
1789994700000,85354,85524,85235,85399,486.33702
1789995600000,85399,85514,85130,85233,684.59354
1789996500000,85232,85280,84969,84985,836.17794
1789997400000,84985,85288,84830,85121,1011.56511
1789998300000,85121,85910,85087,85524,1696.22968
1789999200000,85524,85595,85100,85358,1141.75765
1790000100000,85357,85850,85286,85782,608.27768
1790001000000,85781,86081,85628,85853,1281.61095
1790001900000,85852,86212,85752,85916,853.26524
1790002800000,85916,86439,85900,86353,911.68424
1790003700000,86352,86353,85900,85907,943.62071
1790004600000,85907,86204,85900,86189,1337.7511
1790005500000,86187,86241,85966,85985,404.72396
1790006400000,85985,86016,85758,85787,295.37748
1790007300000,85786,86051,85786,85905,189.02568
1790008200000,85905,86020,85660,85913,322.89332
1790009100000,85913,86188,85891,86011,406.63382
1790010000000,86010,86172,85950,86021,164.01363
1790010900000,86012,86050,85811,85936,444.2936
1790011800000,85936,86032,85888,85951,124.82718
1790012700000,85950,85960,85727,85946,617.45323
1790013600000,85946,86085,85867,86054,395.49747
1790014500000,86054,86139,85940,85976,516.95583
1790015400000,85976,86052,85857,85983,175.10742
1790016300000,85983,86151,85947,86122,272.98777
1790017200000,86121,86139,86037,86121,172.39766
1790018100000,86121,86493,86094,86426,778.09777
1790019000000,86426,86954,86380,86627,1786.47643
1790019900000,86627,86730,86559,86566,673.51511
1790020800000,86566,86887,86566,86816,257.22133
1790021700000,86815,87471,86762,87334,2097.34731
1790022600000,87333,87361,86942,86983,1632.28184
1790023500000,86982,87137,86910,87047,342.35072
1790024400000,87046,87047,86637,86637,492.88059
1790025300000,86637,86742,86590,86677,386.02651
1790026200000,86677,86899,86677,86829,223.49633
1790027100000,86828,86829,86620,86621,90.05725
1790028000000,86620,86749,86590,86672,184.93609
1790028900000,86672,86798,86403,86455,250.3003
1790029800000,86454,86634,86422,86460,137.16838
1790030700000,86460,86491,86338,86489,241.99169
1790031600000,86488,86737,86470,86692,150.70289
1790032500000,86692,86737,86535,86535,97.30736
1790033400000,86535,86583,86409,86515,85.29182
1790034300000,86514,86707,86480,86662,122.01368
1790035200000,86662,86680,86345,86509,189.32118
1790036100000,86508,86537,86359,86444,96.10195
1790037000000,86444,86549,86188,86401,280.65785
1790037900000,86400,86437,85892,85933,625.97364
1790038800000,85932,86017,85664,85831,737.96317
1790039700000,85828,85911,85440,85813,778.8732
1790040600000,85812,85877,85667,85727,316.73976
1790041500000,85726,85771,85570,85658,227.17608
1790042400000,85658,85740,85444,85630,509.92675
1790043300000,85630,85908,85562,85794,862.12095
1790044200000,85794,85900,85685,85861,199.7784
1790045100000,85861,85919,85715,85768,199.05141
1790046000000,85767,85800,85500,85573,216.57787
1790046900000,85573,85697,85342,85654,230.73215
1790047800000,85654,85660,85475,85540,204.55091
1790048700000,85540,85796,85519,85747,344.27214
1790049600000,85747,85791,85659,85680,206.22941
1790050500000,85679,85694,85555,85612,122.1596
1790051400000,85612,85667,85503,85574,129.97811
1790052300000,85574,85584,85470,85503,104.56386
1790053200000,85502,85559,85421,85461,164.96977
1790054100000,85461,85462,85203,85266,470.82584
1790055000000,85262,85480,85158,85478,296.23072
1790055900000,85477,85663,85444,85455,276.6352
1790056800000,85454,85525,85305,85411,206.18574
1790057700000,85410,85434,85296,85422,100.72921
1790058600000,85421,85630,85392,85548,139.76192
1790059500000,85548,85552,85392,85426,140.72686
1790060400000,85425,85556,85351,85505,148.28777
1790061300000,85504,85513,85260,85368,185.84419
1790062200000,85368,85383,85214,85316,162.10026
1790063100000,85316,85408,85312,85407,308.31041
1790064000000,85408,85590,85401,85526,935.86159
1790064900000,85527,85666,85463,85467,648.60279
1790065800000,85467,86210,85380,86201,741.21209
1790066700000,86201,86418,86061,86263,1049.90508
1790067600000,86262,86263,85720,86000,1284.38989
1790068500000,86001,86050,85879,85960,208.24868
1790069400000,85960,86130,85910,86121,262.20519
1790070300000,86121,86348,86099,86319,420.09223
1790071200000,86320,86326,86082,86103,148.0433
1790072100000,86104,86161,85892,85930,320.60605
1790073000000,85924,86014,85812,85909,260.26285
1790073900000,85908,86057,85832,85973,270.02072
1790074800000,85968,86062,85830,86032,162.0699
1790075700000,86033,86162,85976,85985,293.9183
1790076600000,85986,86200,85907,86165,146.36803
1790077500000,86165,86189,85947,86043,215.92786
1790078400000,86043,86100,85980,85980,155.37765
1790079300000,85981,86167,85836,86167,207.63898
1790080200000,86167,86243,86033,86042,258.75844
1790081100000,86043,86126,86004,86085,239.0192
1790082000000,86085,86282,86078,86113,172.89323
1790082900000,86114,86120,85750,85798,569.4326
1790083800000,85793,86231,85600,85984,647.82443
1790084700000,85990,86435,85929,86396,447.79914
1790085600000,86396,86499,86128,86410,456.65602
1790086500000,86410,86437,85968,85968,461.38373
1790087400000,85969,86071,85483,85947,1444.08894
1790088300000,85946,86317,85936,86316,490.01282
1790089200000,86316,86440,86163,86354,704.45221
1790090100000,86350,86372,86163,86326,120.75093
1790091000000,86326,86650,86290,86597,418.08173
1790091900000,86598,86762,86368,86453,700.65588
1790092800000,86453,86573,86159,86205,534.06385
1790093700000,86205,86335,86113,86135,310.86643
1790094600000,86127,86327,86102,86259,113.10443
1790095500000,86259,86636,86250,86468,353.16782
1790096400000,86467,86600,86408,86453,613.77195
1790097300000,86453,86632,86281,86631,521.15415
1790098200000,86632,86688,86473,86509,372.13795
1790099100000,86509,86707,86447,86614,270.19023
1790100000000,86613,86689,86474,86563,171.66417
1790100900000,86562,86686,86339,86339,197.78347
1790101800000,86339,86499,86294,86454,210.43806
1790102700000,86454,86621,86454,86500,142.54155
1790103600000,86500,86565,86414,86513,185.41962
1790104500000,86512,86633,86492,86579,289.37503
1790105400000,86579,86580,86303,86411,425.0003
1790106300000,86411,86438,86185,86227,189.70314
1790107200000,86228,86300,86169,86249,116.44513
1790108100000,86249,86419,86236,86378,218.64557
1790109000000,86378,86392,86265,86345,124.67627
1790109900000,86345,86346,86227,86287,49.92428
1790110800000,86293,86383,86257,86295,167.40445
1790111700000,86294,86295,86250,86279,47.25638
1790112600000,86279,86339,86246,86246,271.07735
1790113500000,86246,86352,86207,86222,191.44489
1790114400000,86222,86325,86050,86084,231.80599
1790115300000,86083,86257,86067,86204,116.15739
1790116200000,86205,86322,86203,86267,313.10173
1790117100000,86268,86322,86145,86147,292.80795
1790118000000,86147,86553,86147,86422,576.3516
1790118900000,86422,86500,86208,86271,93.65462
1790119800000,86271,86318,86123,86191,282.73516
1790120700000,86191,86261,86145,86237,79.97226
1790121600000,86237,86417,86174,86408,272.99909
1790122500000,86403,86574,86381,86497,422.28017
1790123400000,86497,86638,86473,86495,259.82933
1790124300000,86496,86559,86467,86509,78.36578
1790125200000,86509,86890,86484,86751,497.86242
1790126100000,86769,86783,86622,86680,259.88252
1790127000000,86680,86690,86332,86332,306.14686
1790127900000,86333,86419,86224,86419,356.73245
1790128800000,86418,86433,86306,86419,146.28122
1790129700000,86419,86685,86413,86620,289.8337
1790130600000,86619,86621,86513,86528,87.64354
1790131500000,86528,86596,86500,86595,106.52582
1790132400000,86595,86597,86471,86584,265.02464
1790133300000,86584,86866,86538,86736,321.6281
1790134200000,86736,87000,86704,86935,392.00844
1790135100000,86935,86943,86751,86761,236.75592
1790136000000,86760,86957,86683,86899,165.33505
1790136900000,86898,87297,86791,87061,1070.88967
1790137800000,87061,87333,87060,87191,534.4934
1790138700000,87190,87275,87162,87217,190.84441
1790139600000,87217,87217,86934,86981,577.95365
1790140500000,86980,87027,86800,86823,372.48672
1790141400000,86824,86880,86760,86800,266.91711
1790142300000,86799,86825,86466,86556,480.07148
1790143200000,86555,86673,86504,86662,269.86262
1790144100000,86662,86667,86500,86500,78.92501
1790145000000,86500,86631,86437,86627,145.16909
1790145900000,86627,86627,86504,86542,80.17446
1790146800000,86542,86542,86370,86421,235.71771
1790147700000,86421,86497,86358,86465,73.464
1790148600000,86471,86479,86051,86116,432.11412
1790149500000,86117,86275,86107,86178,282.83489
1790150400000,86179,86295,86133,86233,116.94506
1790151300000,86234,86319,86202,86209,98.5105
1790152200000,86209,86275,86129,86144,80.40815
1790153100000,86145,86145,85735,85956,939.46506
1790154000000,85956,86065,85937,86004,302.97814
1790154900000,86003,86065,85915,85938,178.89532
1790155800000,85938,85980,85822,85842,198.13723
1790156700000,85841,85969,85785,85904,202.72474
1790157600000,85905,85976,85869,85900,126.09064
1790158500000,85901,85902,85700,85853,398.68635
1790159400000,85854,85932,85785,85931,184.76964
1790160300000,85931,85972,85863,85966,209.64651
1790161200000,85967,86006,85737,85786,153.47652
1790162100000,85786,85792,85500,85546,514.86035
1790163000000,85546,85647,85468,85549,488.55278
1790163900000,85550,85722,85549,85702,211.18348
1790164800000,85701,85723,85498,85506,554.13694
1790165700000,85505,85550,85282,85521,569.16944
1790166600000,85521,85617,85500,85502,289.4289
1790167500000,85502,85601,85443,85545,203.67592
1790168400000,85546,85565,85325,85411,261.90385
1790169300000,85410,85638,85410,85597,204.64336
1790170200000,85598,85922,85570,85882,468.29654
1790171100000,85882,85887,85590,85845,303.88783
1790172000000,85845,85985,84162,84869,5255.98593
1790172900000,84869,84880,83917,84035,5760.16309
1790173800000,84034,84514,83844,84307,3174.83587
1790174700000,84308,84576,84199,84548,659.78749
1790175600000,84548,84716,84465,84653,1111.38195
1790176500000,84654,84800,84500,84506,785.77858
1790177400000,84506,84536,84266,84276,755.26836
1790178300000,84276,84334,83924,83989,949.02967
1790179200000,83989,84320,83440,84309,4950.81803
1790180100000,84308,84333,84104,84200,474.68821
1790181000000,84200,84300,83914,84064,690.17485
1790181900000,84065,84123,83809,84016,619.3031
1790182800000,84019,84147,83693,83770,787.80614
1790183700000,83770,84189,83747,84034,634.59822
1790184600000,84034,84237,83956,84230,159.45292
1790185500000,84230,84370,84229,84295,484.10473
1790186400000,84295,84300,84123,84182,403.0504
1790187300000,84182,84249,84117,84118,167.98367
1790188200000,84118,84201,84102,84200,191.52032
1790189100000,84201,84397,84170,84293,354.42437
1790190000000,84294,84375,84186,84344,188.82243
1790190900000,84343,84443,84288,84381,174.22454
1790191800000,84387,84455,84369,84424,149.67289
1790192700000,84423,84537,84408,84488,112.36647
1790193600000,84487,84536,84234,84309,451.64271
1790194500000,84308,84371,84211,84266,235.16307
1790195400000,84268,84401,84254,84369,160.96222
1790196300000,84369,84383,84182,84206,63.68313
1790197200000,84207,84353,84172,84339,121.93118
1790198100000,84338,84394,84302,84393,103.70493
1790199000000,84394,84488,84394,84472,189.24258
1790199900000,84472,84489,84390,84391,82.04311
1790200800000,84391,84650,84306,84574,519.06629
1790201700000,84574,84584,84469,84470,163.94428
1790202600000,84470,84497,84360,84471,231.98159
1790203500000,84470,84600,84470,84538,61.20192
1790204400000,84538,84544,84455,84460,89.3713
1790205300000,84461,84482,84404,84462,42.84772
1790206200000,84462,84499,84415,84442,119.54799
1790207100000,84443,84453,84314,84366,363.03228
1790208000000,84365,84469,84255,84320,411.43144
1790208900000,84321,84413,84300,84316,203.07932
1790209800000,84316,84420,84237,84329,152.57528
1790210700000,84329,84337,84190,84298,148.71862
1790211600000,84298,84374,84214,84254,59.51168
1790212500000,84255,84308,84150,84201,142.39973
1790213400000,84198,84448,84053,84096,317.54568
1790214300000,84095,84164,84029,84072,626.4114
1790215200000,84072,84086,83599,83890,3008.10589
1790216100000,83890,84204,83890,84124,393.60503
1790217000000,84124,84294,84093,84284,265.90288
1790217900000,84284,84328,84284,84322,148.86706
1790218800000,84322,84437,84188,84281,204.07983
1790219700000,84285,84323,83939,84011,342.1126
1790220600000,84011,84011,83820,83969,180.14281
1790221500000,83968,83976,83806,83894,206.53499
1790222400000,83894,83920,83755,83785,182.22521
1790223300000,83785,83885,83737,83878,91.29416
1790224200000,83878,83896,83810,83839,52.92341
1790225100000,83839,84011,83745,84005,278.00962
1790226000000,84005,84360,84004,84163,438.81616
1790226900000,84164,84195,84090,84142,58.60748
1790227800000,84142,84200,84058,84155,149.03119
1790228700000,84156,84203,83907,83932,91.66414
1790229600000,83932,84147,83854,84084,236.08208
1790230500000,84084,84159,84039,84158,106.18942
1790231400000,84159,84186,84112,84144,267.25907
1790232300000,84143,84144,84045,84064,136.85338
1790233200000,84064,84106,83904,84045,132.89969
1790234100000,84049,84401,84030,84390,1100.46703
1790235000000,84391,84563,84329,84386,547.37124
1790235900000,84386,84578,84330,84483,209.53864
1790236800000,84484,84587,84369,84374,217.79916
1790237700000,84374,84424,83714,83717,1531.59582
1790238600000,83721,83931,83559,83690,750.97496
1790239500000,83690,83738,83203,83623,1456.39835
1790240400000,83624,83697,83400,83426,534.3302
1790241300000,83427,83488,83296,83323,431.60145
1790242200000,83326,83326,82835,83122,2877.29932
1790243100000,83119,83241,82984,83223,643.30638
1790244000000,83224,83363,83121,83260,1052.10147
1790244900000,83261,83335,83145,83227,233.738
1790245800000,83228,83408,83130,83366,227.0814
1790246700000,83365,83540,83345,83484,328.22842
1790247600000,83484,83586,83481,83545,324.83476
1790248500000,83546,83573,83500,83500,142.12985
1790249400000,83501,83522,83374,83420,231.88625
1790250300000,83420,83518,83366,83464,141.95165
1790251200000,83464,83579,83360,83515,323.14464
1790252100000,83515,83650,83491,83520,301.28632
1790253000000,83520,83546,83303,83467,278.82259
1790253900000,83474,83641,83400,83573,125.43317
1790254800000,83572,83745,83572,83744,653.85333
1790255700000,83744,83946,83708,83757,600.33998
1790256600000,83756,84321,83742,83924,1315.97572
1790257500000,83924,84240,83827,84239,943.80472
1790258400000,84240,84347,84121,84215,290.64011
1790259300000,84215,84925,84132,84868,1221.12805
1790260200000,84868,84871,84376,84394,1108.48131
1790261100000,84393,84397,83351,83649,2801.58137
1790262000000,83645,83906,83465,83875,2681.92837
1790262900000,83875,84247,83859,84107,925.77745
1790263800000,84107,84443,84083,84391,453.26394
1790264700000,84397,84459,84275,84407,380.45953
1790265600000,84407,84414,84012,84172,797.98238
1790266500000,84186,84829,84186,84704,1823.72193
1790267400000,84704,84919,84425,84535,645.90205
1790268300000,84534,84684,84406,84471,398.41559
1790269200000,84471,84540,84342,84473,303.47376
1790270100000,84469,84537,84188,84302,1045.83548
1790271000000,84303,84417,84108,84146,222.37996
1790271900000,84145,84197,83980,84086,479.50277
1790272800000,84086,84230,83850,84229,540.54207
1790273700000,84230,84450,84223,84409,800.49784
1790274600000,84402,84527,84219,84400,324.2564
1790275500000,84400,84522,84335,84445,149.89077
1790276400000,84445,84600,84271,84557,219.376
1790277300000,84556,84641,84510,84622,235.62466
1790278200000,84622,84624,84390,84421,180.07583
1790279100000,84421,84558,84288,84399,222.50907
1790280000000,84392,84416,84220,84232,172.84335
1790280900000,84233,84304,84133,84240,287.26689
1790281800000,84251,84377,84182,84359,56.48209
1790282700000,84358,84447,84248,84348,130.94706
1790283600000,84349,84368,84267,84313,75.55336
1790284500000,84312,84431,84308,84405,100.44324
1790285400000,84405,84485,84401,84451,90.85283
1790286300000,84451,84461,84307,84325,181.1974
1790287200000,84326,84342,84211,84305,223.6075
1790288100000,84304,84312,83891,84098,1552.20069
1790289000000,84098,84170,84032,84110,231.16405
1790289900000,84109,84256,84103,84256,459.36254
1790290800000,84256,84352,84242,84279,109.95821
1790291700000,84279,84423,84272,84412,57.51421
1790292600000,84412,84445,84379,84380,29.80162
1790293500000,84380,84414,84348,84385,62.13132
1790294400000,84386,84688,84385,84638,375.13971
1790295300000,84638,84661,84530,84660,128.62838
1790296200000,84661,84665,84531,84579,147.36465
1790297100000,84578,84650,84549,84581,60.67747
1790298000000,84581,84777,84564,84694,249.82289
1790298900000,84694,84735,84495,84521,97.74464
1790299800000,84522,84522,84333,84467,211.00385
1790300700000,84467,84615,84466,84589,101.97531
1790301600000,84589,84864,84557,84829,313.99818
1790302500000,84829,84876,84638,84681,125.36641
1790303400000,84681,84715,84390,84483,334.1171
1790304300000,84484,84484,84149,84203,449.29278
1790305200000,84211,84330,84174,84248,632.80863
1790306100000,84249,84320,84134,84137,116.96021
1790307000000,84138,84378,84052,84206,560.26725
1790307900000,84206,84224,84135,84221,160.66302
1790308800000,84221,84224,84055,84056,107.76778
1790309700000,84056,84153,84050,84102,287.13022
1790310600000,84102,84285,84101,84268,437.15118
1790311500000,84269,84275,84172,84198,478.87392
1790312400000,84199,84248,84144,84153,47.09072
1790313300000,84153,84254,84081,84178,71.34334
1790314200000,84179,84339,84111,84252,98.20058
1790315100000,84253,84296,84185,84186,145.93213
1790316000000,84186,84219,83962,84110,175.91897
1790316900000,84110,84279,84049,84098,103.48635
1790317800000,84098,84098,83930,84026,123.51709
1790318700000,84025,84065,84000,84029,56.16105
1790319600000,84030,84044,83742,83811,739.16063
1790320500000,83810,84039,83810,84039,115.26122
1790321400000,84039,84091,83810,83900,135.19727
1790322300000,83901,84066,83876,84027,87.2358
1790323200000,84027,84173,84024,84107,215.36375
1790324100000,84107,84499,84106,84425,303.17277
1790325000000,84425,84453,84306,84307,148.16957
1790325900000,84307,84467,84276,84401,114.27089
1790326800000,84401,84714,84401,84586,203.16897
1790327700000,84585,84826,84525,84805,375.3921
1790328600000,84805,84830,84589,84624,225.80293
1790329500000,84624,84636,84555,84556,72.6916
1790330400000,84556,84556,84366,84485,357.8292
1790331300000,84485,84754,84443,84717,316.7515
1790332200000,84716,84800,84650,84762,169.83669
1790333100000,84762,84853,84697,84700,415.19615
1790334000000,84701,85244,84691,85244,998.47599
1790334900000,85244,85277,84833,84935,949.97849
1790335800000,84935,84952,84700,84717,464.6842
1790336700000,84717,84738,84563,84567,334.01841
1790337600000,84568,84700,84197,84343,1257.68791
1790338500000,84345,84401,83859,84393,1641.53242
1790339400000,84394,84555,84328,84423,808.60452
1790340300000,84422,84561,84321,84450,315.96181
1790341200000,84450,84558,84320,84441,288.68363
1790342100000,84442,84554,84081,84082,534.35431
1790343000000,84082,84345,83699,83979,1851.90603
1790343900000,83981,84093,83508,83911,1279.11051
1790344800000,83912,83995,83133,83544,2044.5124
1790345700000,83544,83777,83440,83625,726.66258
1790346600000,83625,83926,83624,83676,774.65575
1790347500000,83669,84039,83546,84010,452.11271
1790348400000,84010,84097,83738,83993,837.57158
1790349300000,83993,83999,83710,83765,406.88058
1790350200000,83762,83871,83432,83454,1163.70947
1790351100000,83453,83772,83328,83772,310.57566
1790352000000,83772,84057,83772,84005,953.53022
1790352900000,84005,84114,83919,83956,333.67528
1790353800000,83955,84041,83804,83892,114.13257
1790354700000,83891,83898,83700,83728,351.67955
1790355600000,83737,83954,83736,83950,92.9356
1790356500000,83953,83977,83674,83674,378.78398
1790357400000,83674,83820,83600,83769,377.41777
1790358300000,83769,83793,83680,83767,61.84333
1790359200000,83766,84000,83766,83988,383.3191
1790360100000,83987,84074,83878,83934,335.71684
1790361000000,83938,83988,83887,83956,99.95322
1790361900000,83957,83985,83911,83944,31.8667
1790362800000,83944,84037,83896,84023,225.65719
1790363700000,84023,84033,83917,83983,256.14753
1790364600000,83983,84053,83931,83966,64.97769
1790365500000,83965,84050,83948,83988,70.61074
1790366400000,83988,84020,83920,83946,42.4309
1790367300000,83947,84075,83946,84038,39.5834
1790368200000,84038,84173,84013,84102,179.69576
1790369100000,84102,84102,83799,83859,122.71239
1790370000000,83860,83898,83620,83656,687.70995
1790370900000,83655,83743,83580,83743,426.89574
1790371800000,83743,83797,83690,83775,203.32152
1790372700000,83776,83848,83748,83765,48.89529
1790373600000,83765,83905,83729,83902,93.13833
1790374500000,83902,83941,83863,83872,36.05216
1790375400000,83872,84065,83872,84048,161.42465
1790376300000,84048,84103,84016,84037,208.39138
1790377200000,84037,84068,84028,84028,35.62251
1790378100000,84029,84058,83983,84058,16.9163
1790379000000,84057,84062,84019,84039,112.4051
1790379900000,84039,84066,84000,84066,42.10511
1790380800000,84066,84100,84005,84047,44.31459
1790381700000,84047,84047,83901,83914,185.88363
1790382600000,83914,83914,83748,83848,317.9033
1790383500000,83849,83920,83846,83871,111.71076
1790384400000,83871,83939,83863,83897,18.44833
1790385300000,83897,83954,83886,83906,32.22837
1790386200000,83906,84036,83900,84006,98.42478
1790387100000,84006,84048,83990,84040,51.38062
1790388000000,84040,84092,83956,84092,50.18341
1790388900000,84092,84111,83998,83999,109.05494
1790389800000,83999,84010,83962,83974,29.22465
1790390700000,83974,84014,83969,83981,27.57076
1790391600000,83981,83981,83881,83913,82.78997
1790392500000,83912,84008,83874,84002,374.66366
1790393400000,84002,84019,83931,83931,71.5088
1790394300000,83932,83932,83904,83905,12.57788
1790395200000,83905,83989,83904,83951,48.48454
1790396100000,83951,84009,83852,83854,66.04213
1790397000000,83854,83947,83816,83947,63.40095
1790397900000,83947,83956,83939,83949,31.22999
1790398800000,83948,83965,83906,83932,20.34591
1790399700000,83931,83959,83863,83897,59.0094
1790400600000,83897,83929,83853,83926,35.03592
1790401500000,83927,83952,83870,83891,66.28525
1790402400000,83891,83904,83850,83869,47.27324
1790403300000,83868,83905,83843,83905,20.46675
1790404200000,83905,83941,83866,83879,31.04264
1790405100000,83879,83909,83852,83865,25.5051
1790406000000,83865,83988,83864,83977,32.42568
1790406900000,83977,83989,83954,83974,28.46887
1790407800000,83974,84028,83973,84001,67.27419
1790408700000,84000,84091,84000,84076,152.28056
1790409600000,84076,84076,84013,84032,32.81797
1790410500000,84035,84073,83992,84072,47.11123
1790411400000,84072,84321,84071,84263,744.02281
1790412300000,84263,84270,84181,84191,131.46416
1790413200000,84191,84191,83947,83991,113.99175
1790414100000,83991,84019,83929,84000,273.18286
1790415000000,84001,84011,83951,83986,167.72566
1790415900000,83986,83993,83958,83976,50.35058
1790416800000,83984,84088,83983,84085,131.71113
1790417700000,84080,84167,84070,84111,222.09647
1790418600000,84111,84144,84084,84120,85.47085
1790419500000,84120,84158,84092,84148,118.47423
1790420400000,84148,84164,84088,84144,162.47788
1790421300000,84138,84178,84124,84130,58.56105
1790422200000,84132,84180,84132,84146,63.95661
1790423100000,84147,84159,84141,84142,37.88918
1790424000000,84142,84150,84070,84114,66.24516
1790424900000,84114,84176,84062,84070,118.55403
1790425800000,84071,84095,84002,84003,178.50684
1790426700000,84003,84035,84002,84026,69.02368
1790427600000,84020,84086,83925,83974,67.65345
1790428500000,83965,83988,83819,83901,89.30095
1790429400000,83901,83913,83824,83894,294.61904
1790430300000,83895,83946,83888,83915,58.67906
1790431200000,83915,83935,83885,83921,20.73676
1790432100000,83921,83955,83919,83955,20.64459
1790433000000,83955,84001,83955,83989,23.40179
1790433900000,83989,84019,83974,83989,24.69512
1790434800000,83989,84011,83976,83987,23.8597
1790435700000,83986,84020,83986,84020,11.50688
1790436600000,84020,84163,84019,84093,295.84272
1790437500000,84093,84134,84043,84133,109.41086
1790438400000,84134,84134,84077,84102,63.30547
1790439300000,84101,84120,84061,84077,50.71357
1790440200000,84077,84132,84076,84126,43.04681
1790441100000,84126,84126,84068,84078,28.55378
1790442000000,84078,84085,84020,84049,66.44099
1790442900000,84048,84048,84014,84033,24.90622
1790443800000,84033,84066,84001,84066,73.55721
1790444700000,84066,84110,84065,84110,52.33726
1790445600000,84110,84148,84067,84068,105.35534
1790446500000,84068,84068,84011,84027,248.27483
1790447400000,84027,84031,83971,83972,105.5423
1790448300000,83971,83990,83943,83968,321.34181
1790449200000,83968,84018,83957,83989,101.42385
1790450100000,83989,84005,83978,84004,28.62377
1790451000000,84005,84005,83935,83976,50.87564
1790451900000,83976,83992,83960,83981,22.17563
1790452800000,83982,84028,83950,83980,47.81114
1790453700000,83979,84048,83979,84048,14.78507
1790454600000,84048,84053,83824,83854,439.6258
1790455500000,83853,84012,83797,83995,187.22867
1790456400000,83995,84088,83988,84088,109.43511
1790457300000,84088,84176,84040,84176,225.114
1790458200000,84176,84219,84114,84134,322.25163
1790459100000,84134,84134,84065,84125,176.29833
1790460000000,84125,84404,84124,84291,396.76245
1790460900000,84309,84329,84201,84318,148.79918
1790461800000,84318,84318,84227,84230,115.32423
1790462700000,84230,84309,84230,84251,16.30515
1790463600000,84251,84344,84250,84322,54.47207
1790464500000,84321,84427,84300,84345,360.67332
1790465400000,84345,84414,84319,84324,174.36341
1790466300000,84325,84444,84324,84413,133.79572
1790467200000,84414,84422,84299,84299,62.15396
1790468100000,84300,84300,84224,84233,52.60775
1790469000000,84233,84359,84232,84324,186.82337
1790469900000,84325,84325,84275,84284,54.09457
1790470800000,84284,84363,84249,84363,42.92373
1790471700000,84363,84388,84309,84310,20.62266
1790472600000,84310,84381,84275,84381,36.18385
1790473500000,84381,84550,84381,84471,92.20932
1790474400000,84471,84507,84423,84468,80.80511
1790475300000,84468,84512,84432,84489,52.77749
1790476200000,84490,84515,84450,84451,55.80453
1790477100000,84450,84459,84416,84428,38.49962
1790478000000,84428,84494,84427,84455,54.41192
1790478900000,84455,84455,84345,84358,72.53514
1790479800000,84359,84410,84358,84382,61.20933
1790480700000,84382,84398,84345,84382,65.28684
1790481600000,84383,84487,84370,84464,61.51381
1790482500000,84463,84474,84402,84403,64.24417
1790483400000,84403,84403,84279,84284,50.78764
1790484300000,84285,84330,84277,84310,19.45654
1790485200000,84311,84372,84300,84364,14.91626
1790486100000,84363,84384,84363,84372,60.81354
1790487000000,84372,84616,84358,84521,159.04126
1790487900000,84521,84552,84447,84450,50.56249
1790488800000,84451,84591,84450,84577,52.57429
1790489700000,84577,84614,84510,84568,94.11595
1790490600000,84567,84585,84485,84487,123.5699
1790491500000,84486,84536,84442,84496,48.5693
1790492400000,84492,84523,84477,84504,48.75228
1790493300000,84506,84521,84457,84506,22.73691
1790494200000,84507,84611,84502,84599,93.02011
1790495100000,84599,84774,84585,84770,186.6814
1790496000000,84770,84840,84692,84799,426.1698
1790496900000,84799,84857,84733,84792,441.55493
1790497800000,84793,84869,84668,84716,209.27918
1790498700000,84726,84808,84688,84777,216.07214
1790499600000,84777,84777,84563,84649,238.41793
1790500500000,84649,84688,84606,84681,94.28387
1790501400000,84682,84787,84681,84787,194.16275
1790502300000,84787,84944,84786,84926,314.36
1790503200000,84926,85033,84880,85033,214.0223
1790504100000,85032,85100,84873,84900,330.78606
1790505000000,84899,84905,84811,84819,242.29419
1790505900000,84819,84895,84763,84851,248.29335
1790506800000,84851,84938,84830,84889,183.67144
1790507700000,84890,84926,84830,84883,77.01282
1790508600000,84884,84893,84813,84893,82.02729
1790509500000,84893,84908,84828,84881,45.87784
1790510400000,84881,84987,84880,84986,150.30676
1790511300000,84987,85026,84920,84937,156.32836
1790512200000,84938,84987,84937,84965,38.25269
1790513100000,84964,84973,84769,84769,192.07645
1790514000000,84770,84792,84608,84628,408.46775
1790514900000,84628,84942,84627,84915,169.54205
1790515800000,84916,85138,84762,84771,257.8494
1790516700000,84771,85010,84721,85006,129.18382
1790517600000,85007,85031,84886,84974,97.43138
1790518500000,84974,85003,84669,84686,179.72086
1790519400000,84687,84771,84652,84718,141.42024
1790520300000,84707,84716,84408,84501,397.49836
1790521200000,84502,84551,84313,84461,453.64948
1790522100000,84474,84589,84419,84587,208.40783
1790523000000,84588,84611,84396,84397,63.26829
1790523900000,84396,84478,84396,84434,65.25846
1790524800000,84434,84574,84434,84531,121.50805
1790525700000,84530,84642,84481,84547,113.22276
1790526600000,84546,84547,84338,84358,56.30102
1790527500000,84358,84421,84357,84401,57.13408
1790528400000,84401,84440,84299,84366,97.94323
1790529300000,84365,84431,84365,84412,22.47517
1790530200000,84412,84496,84411,84454,28.80381
1790531100000,84455,84556,84454,84555,81.19182
1790532000000,84555,84578,84539,84578,38.25458
1790532900000,84578,84717,84577,84717,95.44093
1790533800000,84717,84743,84646,84735,113.86956
1790534700000,84735,84800,84674,84798,75.48323
1790535600000,84798,84818,84700,84774,90.2919
1790536500000,84775,84829,84649,84669,270.94141
1790537400000,84670,84778,84624,84753,188.1819
1790538300000,84753,84801,84702,84703,90.41288
1790539200000,84703,84767,84702,84767,242.50699
1790540100000,84767,84767,84580,84581,252.9807
1790541000000,84581,84604,84536,84604,258.31868
1790541900000,84604,84604,84502,84503,80.45654
1790542800000,84503,84664,84502,84659,87.87888
1790543700000,84660,84694,84577,84577,38.60124
1790544600000,84577,84595,84419,84521,116.71342
1790545500000,84521,84669,84520,84644,146.75634
1790546400000,84644,84738,84266,84293,561.89015
1790547300000,84294,84542,84245,84519,157.8791
1790548200000,84520,84520,84110,84148,855.82233
1790549100000,84148,84200,84082,84160,182.10463
1790550000000,84160,84260,84087,84181,310.56652
1790550900000,84180,84426,84163,84369,520.79225
1790551800000,84369,84442,84302,84303,160.93313
1790552700000,84302,84507,84302,84437,166.86015
1790553600000,84438,84535,84334,84400,146.17654
1790554500000,84400,84978,84381,84759,312.09268
1790555400000,84760,84760,84174,84273,188.05979
1790556300000,84274,84597,84085,84085,402.35044
1790557200000,84086,84188,83862,83930,1163.46777
1790558100000,83928,84127,83847,84048,234.98059
1790559000000,84042,84114,83763,83772,189.74805
1790559900000,83773,83887,83553,83651,592.07061
1790560800000,83652,83743,83412,83701,1023.59768
1790561700000,83700,83705,83517,83598,233.83885
1790562600000,83598,83598,83362,83451,485.05036
1790563500000,83450,83501,83350,83367,222.78932
1790564400000,83373,83485,83343,83395,155.13698
1790565300000,83393,83460,83257,83274,366.24925
1790566200000,83273,83447,83162,83394,268.31853
1790567100000,83395,83445,83270,83295,207.75124
1790568000000,83296,83390,83187,83388,174.65891
1790568900000,83387,83472,83319,83440,148.76368
1790569800000,83440,83478,83386,83460,168.99793
1790570700000,83460,83467,83395,83451,60.18694
1790571600000,83450,83492,83212,83284,191.3044
1790572500000,83284,83305,82968,83029,605.17508
1790573400000,83030,83110,82642,83105,950.63928
1790574300000,83105,83158,83011,83143,375.00774
1790575200000,83143,83252,83106,83208,249.03153
1790576100000,83207,83209,83011,83012,112.04593
1790577000000,83012,83182,83001,83152,143.54134
1790577900000,83153,83188,83077,83125,74.304
1790578800000,83126,83256,83024,83044,192.36209
1790579700000,83048,83128,82893,82910,320.34206
1790580600000,82910,83012,82884,82905,276.74369
1790581500000,82905,83092,82885,82922,535.96898
1790582400000,82922,83121,82885,82984,189.5032
1790583300000,82985,83012,82790,82809,459.29288
1790584200000,82817,82939,82754,82891,277.42874
1790585100000,82890,83004,82865,82934,77.51255
1790586000000,82934,82978,82574,82852,565.80109
1790586900000,82852,82950,82732,82789,245.44851
1790587800000,82797,82820,82562,82583,207.04954
1790588700000,82587,82745,82574,82630,181.30724
1790589600000,82630,82839,82630,82720,113.1258
1790590500000,82720,82822,82700,82774,84.18834
1790591400000,82781,82938,82743,82922,109.80955
1790592300000,82922,83025,82831,82939,211.36038
1790593200000,82933,83037,82933,82967,216.02898
1790594100000,82967,83053,82949,83000,104.8286
1790595000000,83000,83102,82968,83058,408.11641
1790595900000,83058,83068,82965,83068,94.24836
1790596800000,83068,83493,82995,83361,892.0682
1790597700000,83360,83437,83255,83344,203.55761
1790598600000,83344,83406,83242,83321,118.957
1790599500000,83321,83626,83321,83556,394.5089
1790600400000,83556,83565,83289,83386,216.39094
1790601300000,83385,83544,83339,83544,210.14318
1790602200000,83545,83815,83362,83720,819.61615
1790603100000,83720,83808,83448,83620,344.8048
1790604000000,83620,83620,83300,83376,361.5814
1790604900000,83376,83580,83077,83225,692.30807
1790605800000,83224,83450,82806,82912,842.90438
1790606700000,82913,83034,82551,83003,1045.12616
1790607600000,83003,83248,82907,82934,327.79191
1790608500000,82933,83116,82766,83041,579.59193
1790609400000,83051,83348,82992,83178,327.53417
1790610300000,83184,83386,83183,83364,134.37417
1790611200000,83356,83462,83226,83394,342.24384
1790612100000,83397,84188,83349,84001,2175.6173
1790613000000,84000,84124,83664,83711,520.02316
1790613900000,83711,83730,83565,83702,358.45528
1790614800000,83703,84250,83550,84250,538.77105
1790615700000,84250,84370,83868,83899,499.60418
1790616600000,83900,84005,83838,83997,107.18119
1790617500000,83996,84041,83823,83862,121.85691
1790618400000,83862,83973,83829,83973,94.57641
1790619300000,83972,83990,83886,83932,58.47666
1790620200000,83932,83932,83788,83865,183.65729
1790621100000,83864,84044,83804,84037,114.86077
1790622000000,84038,84038,83631,83694,1042.76052
1790622900000,83693,83700,83607,83608,81.62476
1790623800000,83608,83619,83050,83274,1641.98598
1790624700000,83274,83385,83232,83354,213.07089
1790625600000,83354,83569,83224,83541,316.23809
1790626500000,83537,83537,83420,83456,76.9427
1790627400000,83456,83535,83426,83449,110.06227
1790628300000,83449,83502,83390,83502,98.99037
1790629200000,83502,83630,83501,83543,156.43871
1790630100000,83544,83552,83410,83418,218.68631
1790631000000,83419,83441,83357,83381,121.41871
1790631900000,83380,83400,83171,83179,193.6793
1790632800000,83179,83197,83050,83133,406.35007
1790633700000,83132,83195,83111,83194,288.96125
1790634600000,83193,83442,83193,83440,180.39319
1790635500000,83440,83508,83439,83507,132.65922
1790636400000,83508,83596,83400,83400,206.74222
1790637300000,83400,83548,83400,83547,94.78183
1790638200000,83548,83580,83537,83560,68.34275
1790639100000,83560,83560,83457,83457,146.39144
1790640000000,83458,83500,83420,83485,69.34641
1790640900000,83485,83503,83311,83503,237.09818
1790641800000,83503,83579,83424,83495,99.46952
1790642700000,83494,83494,83139,83140,258.28998
1790643600000,83140,83196,82950,82979,436.66565
1790644500000,82980,83014,82778,82789,337.46725
1790645400000,82789,82960,82732,82921,294.88043
1790646300000,82921,83068,82877,83031,217.77004
1790647200000,83030,83057,82868,82981,90.35608
1790648100000,82981,83115,82879,82921,199.60801
1790649000000,82920,82991,82851,82991,85.00926
1790649900000,82990,83078,82855,82923,63.99946
1790650800000,82923,83007,82860,82865,132.3135
1790651700000,82865,83178,82830,83178,86.87957
1790652600000,83177,83178,83079,83096,52.6142
1790653500000,83095,83139,83008,83032,200.65437
1790654400000,83031,83124,82985,83094,59.4524
1790655300000,83093,83258,83093,83187,147.76404
1790656200000,83187,83187,83070,83132,42.00776
1790657100000,83132,83173,83040,83167,61.8036
1790658000000,83167,83231,83142,83231,83.26852
1790658900000,83231,83313,83187,83283,73.40467
1790659800000,83283,83293,82924,83251,286.14358
1790660700000,83251,83399,83183,83397,130.68708
1790661600000,83397,83853,83383,83853,521.09847
1790662500000,83853,83859,83702,83847,150.12214
1790663400000,83848,83920,83809,83865,87.61854
1790664300000,83866,83970,83821,83965,199.01357
1790665200000,83965,84000,83829,83954,146.03666
1790666100000,83954,84041,83887,83952,135.52955
1790667000000,83956,84170,83919,83990,167.24315
1790667900000,83990,84037,83922,83936,243.26457
1790668800000,83937,84041,83937,84005,112.05542
1790669700000,84005,84334,84004,84130,386.86023
1790670600000,84130,84130,83789,83819,627.36796
1790671500000,83819,83840,83752,83830,115.01515
1790672400000,83831,83832,83718,83741,135.22927
1790673300000,83742,83867,83716,83806,86.4369
1790674200000,83806,83973,83797,83972,153.33757
1790675100000,83973,84311,83951,84213,551.24706
1790676000000,84214,84286,84117,84163,179.38327
1790676900000,84163,84185,84018,84104,101.77314
1790677800000,84105,84114,83945,83978,140.24049
1790678700000,83978,84041,83939,83986,94.2025
1790679600000,83987,84064,83881,83980,171.71448
1790680500000,83991,84044,83944,84026,47.78366
1790681400000,84030,84245,84024,84230,366.57508
1790682300000,84230,84469,84225,84312,535.03997
1790683200000,84313,84389,84261,84287,223.7558
1790684100000,84286,84455,84095,84169,575.94597
1790685000000,84169,84445,84163,84322,327.18386
1790685900000,84323,84360,84222,84306,599.57885
1790686800000,84306,84428,84220,84375,565.35696
1790687700000,84375,84522,84306,84330,291.23017
1790688600000,84330,84330,83975,84167,898.41712
1790689500000,84166,84440,84033,84189,534.40526
1790690400000,84186,84260,83831,83890,1291.94162
1790691300000,83890,84045,83811,83905,405.69194
1790692200000,83905,83980,83733,83853,268.94893
1790693100000,83856,83971,83650,83724,230.20209
1790694000000,83724,83724,83325,83406,626.32973
1790694900000,83407,83474,82858,82970,1507.3229
1790695800000,82970,83224,82956,83152,576.58048
1790696700000,83152,83316,82909,83048,1226.6513
1790697600000,83052,83130,82936,83018,510.33501
1790698500000,83017,83283,82980,83237,398.03984
1790699400000,83237,83257,83020,83020,197.46954
1790700300000,83021,83063,82880,83035,335.75665
1790701200000,83035,83168,82995,83129,154.63159
1790702100000,83129,83155,83021,83155,69.0523
1790703000000,83155,83193,83085,83116,61.56073
1790703900000,83111,83152,82951,83049,123.44548
1790704800000,83050,83408,83050,83402,294.18493
1790705700000,83403,83495,83369,83402,270.51228
1790706600000,83403,83678,83385,83610,261.59725
1790707500000,83611,83665,83564,83621,106.77096
1790708400000,83622,83679,83570,83575,91.96469
1790709300000,83575,83626,83508,83509,323.81535
1790710200000,83509,83586,83388,83388,336.71637
1790711100000,83388,83618,83374,83565,210.4798
1790712000000,83571,83578,83474,83515,59.76182
1790712900000,83515,83626,83515,83605,49.92935
1790713800000,83605,83627,83557,83614,24.41092
1790714700000,83615,83627,83586,83587,45.95218
1790715600000,83587,83587,83475,83524,228.88691
1790716500000,83525,83525,83334,83383,307.19661
1790717400000,83383,83511,83369,83471,188.2884
1790718300000,83470,83470,83380,83464,113.50142
1790719200000,83465,83697,83464,83634,114.02358
1790720100000,83634,83660,83520,83552,129.30985
1790721000000,83553,83598,83499,83560,220.51336
1790721900000,83560,83618,83540,83573,184.84913
1790722800000,83573,83800,83568,83800,150.36457
1790723700000,83800,83801,83679,83716,120.06801
1790724600000,83717,83721,83590,83630,49.64836
1790725500000,83630,83681,83588,83620,169.19
1790726400000,83620,83689,83447,83489,266.00652
1790727300000,83490,83544,83374,83534,99.89099
1790728200000,83534,83581,83420,83444,165.66504
1790729100000,83445,83445,83301,83411,125.01673
1790730000000,83412,83435,83350,83386,58.79454
1790730900000,83389,83521,83358,83382,93.14932
1790731800000,83382,83412,83294,83404,187.9291
1790732700000,83404,83460,83366,83405,41.31512
1790733600000,83405,83581,83393,83449,45.37926
1790734500000,83444,83519,83340,83383,30.45456
1790735400000,83383,83405,83250,83345,103.17971
1790736300000,83344,83452,83320,83344,123.25691
1790737200000,83349,83399,83294,83295,130.36054
1790738100000,83295,83296,83133,83278,450.23819
1790739000000,83278,83393,83221,83333,84.79408
1790739900000,83332,83333,83242,83271,33.22201
1790740800000,83271,83370,83270,83328,50.62179
1790741700000,83327,83390,83319,83325,32.76699
1790742600000,83325,83378,83256,83280,305.10199
1790743500000,83281,83288,83161,83166,244.88737
1790744400000,83166,83315,83166,83196,148.93262
1790745300000,83195,83350,83135,83349,315.46136
1790746200000,83350,83483,83349,83437,153.9082
1790747100000,83435,83454,83259,83338,143.67318
1790748000000,83338,83396,83046,83093,262.70692
1790748900000,83092,83153,83028,83132,274.7657
1790749800000,83131,83131,83007,83072,125.43937
1790750700000,83072,83161,82922,83007,683.64468
1790751600000,83006,83070,82914,82983,168.04871
1790752500000,82983,83360,82982,83265,206.89523
1790753400000,83266,83389,83228,83381,65.27809
1790754300000,83380,83423,83258,83258,67.43627
1790755200000,83259,83295,83070,83082,228.29315
1790756100000,83082,83244,83071,83095,75.32204
1790757000000,83095,83100,82990,83037,244.71021
1790757900000,83037,83138,82987,83023,113.83925
1790758800000,83023,83259,83010,83253,152.0313
1790759700000,83252,83400,83225,83392,167.84005
1790760600000,83392,83769,83391,83523,631.84838
1790761500000,83523,83600,83494,83589,425.59839
1790762400000,83589,83753,83588,83693,416.57775
1790763300000,83692,83841,83632,83758,480.21837
1790764200000,83757,83910,83757,83858,206.15332
1790765100000,83858,83915,83821,83873,120.18452
1790766000000,83873,83873,83642,83794,379.86758
1790766900000,83795,83840,83667,83808,89.19098
1790767800000,83809,83941,83712,83900,170.42335
1790768700000,83903,83942,83785,83878,83.15031
1790769600000,83878,83906,83733,83839,86.50368
1790770500000,83840,83906,83720,83906,207.45001
1790771400000,83895,85060,83835,84800,3354.05927
1790772300000,84800,85500,84711,85262,2657.22219
1790773200000,85263,85645,85082,85375,1381.57736
1790774100000,85375,85486,85138,85168,439.20611
1790775000000,85169,85549,84017,84497,2837.84798
1790775900000,84497,84724,84371,84630,603.95936
1790776800000,84630,84631,84116,84330,895.05358
1790777700000,84330,84331,83608,83738,1379.26443
1790778600000,83738,83809,83342,83540,1399.43143
1790779500000,83540,83973,83531,83789,1139.76374
1790780400000,83788,83986,83709,83928,478.30405
1790781300000,83929,84000,83668,83886,400.05357
1790782200000,83886,84281,83885,84089,450.33779
1790783100000,84089,84281,84081,84121,321.98828
1790784000000,84122,84380,84121,84348,313.23101
1790784900000,84349,84493,84271,84272,515.53041
1790785800000,84272,84359,84197,84346,230.03228
1790786700000,84347,84480,84300,84342,121.59237
1790787600000,84342,84427,84264,84295,246.39863
1790788500000,84286,84286,83985,84207,375.22597
1790789400000,84207,84207,83910,83984,250.28738
1790790300000,83983,84143,83954,84011,89.10027
1790791200000,84012,84066,83912,83982,140.24444
1790792100000,83982,84015,83852,83908,234.91139
1790793000000,83908,83930,83789,83837,239.43161
1790793900000,83836,83967,83770,83926,209.45
1790794800000,83925,83950,83706,83738,221.88222
1790795700000,83738,83778,83600,83739,250.51729
1790796600000,83739,83938,83731,83807,339.74064
1790797500000,83806,83825,83475,83587,676.72426
1790798400000,83586,83654,83513,83650,147.93387
1790799300000,83650,83762,83589,83722,325.93715
1790800200000,83722,83734,83628,83684,209.19093
1790801100000,83683,83717,83628,83663,43.13494
1790802000000,83664,83798,83664,83764,143.79549
1790802900000,83763,83826,83705,83725,101.38435
1790803800000,83726,83815,83700,83700,201.78159
1790804700000,83701,83750,83695,83748,140.64168
1790805600000,83749,83755,83576,83700,125.42939
1790806500000,83699,83832,83699,83832,148.93844
1790807400000,83832,83856,83797,83815,146.11096
1790808300000,83815,83815,83682,83683,83.23992
1790809200000,83682,83778,83635,83693,145.1885
1790810100000,83693,83844,83663,83664,120.58798
1790811000000,83664,83685,83507,83610,583.28845
1790811900000,83609,83633,83538,83607,211.40947
1790812800000,83607,83648,83441,83493,339.09642
1790813700000,83487,83488,83400,83461,264.67265
1790814600000,83460,83560,83415,83560,43.00603
1790815500000,83559,83567,83472,83486,59.449
1790816400000,83487,83603,83474,83579,108.58121
1790817300000,83579,83670,83513,83619,60.86423
1790818200000,83618,83619,83466,83588,270.81305
1790819100000,83587,83588,83484,83501,34.46041
1790820000000,83500,83647,83491,83583,54.41285
1790820900000,83582,83583,83416,83525,85.58388
1790821800000,83525,83577,83420,83426,52.68011
1790822700000,83425,83502,83389,83467,73.32335
1790823600000,83466,83502,83399,83457,277.90818
1790824500000,83456,83514,83419,83505,31.79583
1790825400000,83506,83717,83444,83691,91.06037
1790826300000,83690,83760,83614,83733,49.49743
1790827200000,83733,83920,83733,83916,399.12996
1790828100000,83917,83917,83700,83839,188.59569
1790829000000,83840,83909,83765,83909,116.19334
1790829900000,83908,84182,83908,84094,339.20167
1790830800000,84093,84248,84003,84232,101.56982
1790831700000,84232,84312,84231,84276,108.75214
1790832600000,84276,84309,84189,84199,162.32721
1790833500000,84199,84354,84199,84278,88.69061
1790834400000,84278,84383,84214,84352,105.62953
1790835300000,84352,84363,84276,84320,72.87914
1790836200000,84321,84342,84084,84138,159.70818
1790837100000,84137,84181,84091,84095,130.97606
1790838000000,84096,84196,84023,84026,88.03126
1790838900000,84025,84068,83301,83341,734.89198
1790839800000,83341,83635,83323,83519,654.95296
1790840700000,83518,83626,83365,83388,256.92438
1790841600000,83388,83490,83308,83339,147.50752
1790842500000,83338,83440,83321,83394,141.42028
1790843400000,83394,83525,83133,83466,756.80657
1790844300000,83465,83540,83411,83535,82.40389
1790845200000,83535,83742,83530,83659,289.50363
1790846100000,83658,83760,83644,83730,185.38902
1790847000000,83730,83863,83730,83855,218.04475
1790847900000,83855,83865,83710,83744,92.15963
1790848800000,83745,83777,83377,83672,641.71589
1790849700000,83672,83733,83516,83652,115.3547
1790850600000,83652,83859,83651,83859,196.66597
1790851500000,83859,84061,83823,83928,297.2885
1790852400000,83929,83929,83778,83835,95.86044
1790853300000,83834,83853,83752,83849,67.70536
1790854200000,83849,83955,83765,83920,64.86077
1790855100000,83924,84022,83867,83876,180.63981
1790856000000,83875,83983,83875,83971,63.69
1790856900000,83971,83971,83838,83875,151.75064
1790857800000,83875,84029,83811,83865,128.77133
1790858700000,83865,83903,83630,83708,161.28198
1790859600000,83708,83713,83451,83489,441.78358
1790860500000,83488,83593,83425,83449,306.64723
1790861400000,83449,83950,83437,83905,1102.64594
1790862300000,83906,84000,83636,83930,275.11825
1790863200000,83923,84012,83514,83770,560.94362
1790864100000,83771,84185,83757,84084,407.12737
1790865000000,84083,84320,83951,83994,760.05671
1790865900000,83994,84064,83742,84019,523.97286
1790866800000,84019,84298,83789,84051,451.07292
1790867700000,84051,84215,84014,84058,200.94368
1790868600000,84057,84057,83790,83860,391.86694
1790869500000,83860,84260,83859,84125,360.00423
1790870400000,84126,84275,84106,84274,337.81837
1790871300000,84274,84400,84224,84272,298.34591
1790872200000,84272,84600,84168,84297,512.87412
1790873100000,84297,84381,84023,84170,322.97666
1790874000000,84170,84469,84164,84394,319.46031
1790874900000,84394,84898,84394,84885,738.8946
1790875800000,84886,85036,84741,85036,653.27696
1790876700000,85036,85053,84745,84871,641.76504
1790877600000,84871,84961,84655,84849,624.24875
1790878500000,84850,84916,84768,84769,164.36691
1790879400000,84769,85250,84768,84939,674.25465
1790880300000,84938,84938,84633,84769,578.77752
1790881200000,84768,84866,84707,84765,630.42883
1790882100000,84765,84788,84568,84571,305.25453
1790883000000,84571,84744,84559,84608,149.12119
1790883900000,84607,84674,84528,84623,670.13183
1790884800000,84624,84827,84624,84750,186.69793
1790885700000,84750,84821,84727,84728,157.17503
1790886600000,84727,84736,84551,84568,189.28911
1790887500000,84567,84628,84519,84587,144.49647
1790888400000,84586,84624,84574,84581,39.25143
1790889300000,84580,84647,84518,84546,120.48689
1790890200000,84546,84571,84447,84451,324.01171
1790891100000,84450,84525,84448,84500,70.26456
1790892000000,84501,84746,84500,84706,186.6737
1790892900000,84705,84736,84655,84656,92.84781
1790893800000,84656,84746,84611,84645,79.15013
1790894700000,84645,84731,84582,84715,115.89835
1790895600000,84715,84715,84618,84623,45.24867
1790896500000,84622,84739,84601,84707,107.17031
1790897400000,84707,84828,84672,84804,139.50462
1790898300000,84804,84866,84743,84837,98.65755
1790899200000,84837,84888,84719,84849,261.22292
1790900100000,84848,84910,84758,84759,116.52055
1790901000000,84759,84859,84666,84786,147.80012
1790901900000,84785,84785,84683,84749,71.55914
1790902800000,84754,84757,84623,84623,42.83645
1790903700000,84623,84672,84480,84580,104.43074
1790904600000,84580,84617,84541,84543,31.93852
1790905500000,84543,84966,84543,84876,279.36951
1790906400000,84877,85097,84823,85048,326.81186
1790907300000,85048,85048,84826,84898,272.50876
1790908200000,84898,84953,84824,84953,103.31573
1790909100000,84952,85175,84952,85163,298.21459
1790910000000,85163,85495,85160,85272,598.30551
1790910900000,85272,85308,85169,85247,78.27139
1790911800000,85247,85437,85246,85393,253.57021
1790912700000,85393,85534,85359,85481,258.18776
1790913600000,85481,85589,85425,85438,462.87023
1790914500000,85438,86765,85437,86762,2043.64274
1790915400000,86759,86874,86352,86513,1096.43415
1790916300000,86497,86733,86432,86627,292.68956
1790917200000,86627,86643,86474,86542,355.48415
1790918100000,86543,86560,86265,86316,571.51276
1790919000000,86316,86361,85856,86116,578.28119
1790919900000,86115,86136,85935,85972,137.23864
1790920800000,85972,86081,85850,85879,328.05924
1790921700000,85878,86030,85878,86004,87.97447
1790922600000,85990,86066,85900,85971,74.27684
1790923500000,85972,86064,85917,85963,123.95709
1790924400000,85963,86038,85864,85932,140.45072
1790925300000,85931,85952,85861,85918,161.48558
1790926200000,85918,85918,85737,85743,415.81129
1790927100000,85743,86144,85743,86076,243.59871
1790928000000,86075,86325,86045,86294,819.60754
1790928900000,86294,86613,86294,86371,398.29035
1790929800000,86372,86454,86232,86291,232.43331
1790930700000,86292,86323,86175,86213,177.81074
1790931600000,86213,86235,86102,86192,231.46179
1790932500000,86193,86224,86089,86202,230.26831
1790933400000,86203,86409,86170,86327,500.82942
1790934300000,86327,86417,86259,86338,194.67204
1790935200000,86338,86417,86312,86319,149.19852
1790936100000,86318,86399,86146,86398,185.03703
1790937000000,86396,86489,86336,86413,248.74684
1790937900000,86412,86413,86262,86273,174.51675
1790938800000,86272,86486,86260,86438,222.3043
1790939700000,86438,86478,86399,86400,120.76607
1790940600000,86399,86522,86399,86472,362.85141
1790941500000,86471,86535,86397,86398,123.8593
1790942400000,86397,86466,86280,86397,259.3401
1790943300000,86396,86651,86370,86608,462.13585
1790944200000,86615,87235,86402,86470,2831.8272
1790945100000,86470,86906,86437,86801,656.83197
1790946000000,86801,86937,86652,86674,533.07829
1790946900000,86675,86740,86581,86604,185.5912
1790947800000,86603,87162,86570,86884,1505.6188
1790948700000,86884,86984,86451,86540,932.8074
1790949600000,86540,86822,86288,86328,697.49971
1790950500000,86329,86635,86053,86062,540.03756
1790951400000,86062,86150,85641,85930,1409.88664
1790952300000,85930,86038,85324,85668,1837.63114
1790953200000,85667,85736,85332,85619,1494.33597
1790954100000,85618,85673,85291,85461,895.30034
1790955000000,85461,85523,85301,85320,784.62203
1790955900000,85320,85433,85133,85317,632.2823
1790956800000,85317,85497,85120,85198,429.18527
1790957700000,85198,85324,85111,85164,234.42749
1790958600000,85164,85223,85000,85177,486.63164
1790959500000,85178,85285,85074,85152,230.77438
1790960400000,85152,85256,84888,84908,283.87336
1790961300000,84908,84971,84565,84600,1435.25492
1790962200000,84601,84784,84505,84613,526.44794
1790963100000,84613,84812,84577,84774,246.97847
1790964000000,84775,84886,84765,84879,288.66938
1790964900000,84879,84879,84536,84590,498.57527
1790965800000,84590,84615,83878,84019,1769.60081
1790966700000,84019,84279,83846,84232,604.00432
1790967600000,84233,84294,84049,84106,287.09848
1790968500000,84107,84169,83942,84116,486.34585
1790969400000,84116,84217,84066,84151,509.60175
1790970300000,84151,84313,84134,84281,224.13426
1790971200000,84281,84443,84281,84339,313.48236
1790972100000,84339,84513,84309,84317,208.97958
1790973000000,84317,84418,84193,84196,220.23475
1790973900000,84196,84469,84192,84422,141.33223
1790974800000,84422,84500,84406,84457,114.27249
1790975700000,84457,84475,84387,84400,84.4388
1790976600000,84400,84509,84375,84489,119.50894
1790977500000,84489,84499,84463,84473,159.37481
1790978400000,84474,84505,84415,84481,239.71783
1790979300000,84481,84506,84444,84480,139.80501
1790980200000,84480,84510,84455,84476,47.49295
1790981100000,84476,84520,84465,84520,58.54792
1790982000000,84520,84526,84443,84450,86.73015
1790982900000,84450,84527,84449,84526,78.66456
1790983800000,84526,84537,84473,84529,31.29252
1790984700000,84529,84538,84482,84482,39.97408
1790985600000,84483,84488,84410,84476,90.3347
1790986500000,84476,84532,84476,84515,58.65005
1790987400000,84515,84624,84515,84592,172.59338
1790988300000,84591,84645,84590,84613,135.90193
1790989200000,84613,84656,84598,84620,109.23024
1790990100000,84620,84684,84574,84576,48.12779
1790991000000,84576,84623,84575,84595,43.42459
1790991900000,84595,84603,84574,84601,46.76637
1790992800000,84601,84611,84564,84574,23.39985
1790993700000,84574,84643,84573,84615,25.04444
1790994600000,84614,84665,84613,84643,29.27748
1790995500000,84643,84643,84562,84563,34.67105
1790996400000,84563,84584,84483,84500,102.78513
1790997300000,84500,84573,84499,84554,28.64062
1790998200000,84554,84617,84553,84616,32.87206
1790999100000,84617,84657,84615,84657,33.80112
1791000000000,84658,84690,84630,84631,72.2828
1791000900000,84631,84631,84492,84493,33.47389
1791001800000,84493,84531,84481,84520,40.67235
1791002700000,84520,84563,84519,84545,60.1994
1791003600000,84546,84547,84506,84535,46.69534
1791004500000,84535,84588,84534,84587,15.43718
1791005400000,84588,84604,84587,84600,15.24887
1791006300000,84600,84620,84580,84597,91.10097
1791007200000,84599,84637,84589,84590,44.67618
1791008100000,84590,84632,84589,84602,49.77826
1791009000000,84602,84624,84575,84611,23.7053
1791009900000,84611,84611,84512,84539,35.53586
1791010800000,84539,84576,84531,84547,11.89398
1791011700000,84548,84595,84543,84595,21.25766
1791012600000,84595,84620,84531,84532,27.2282
1791013500000,84532,84575,84529,84529,24.25933
1791014400000,84529,84612,84517,84612,27.43605
1791015300000,84612,84612,84531,84557,42.77626
1791016200000,84552,84579,84533,84579,7.12717
1791017100000,84579,84598,84575,84575,8.62977
1791018000000,84572,84610,84570,84596,13.96795
1791018900000,84597,84600,84556,84556,29.32301
1791019800000,84556,84556,84547,84548,12.381
1791020700000,84549,84550,84544,84549,15.07031
1791021600000,84549,84560,84548,84551,7.46676
1791022500000,84551,84566,84534,84553,12.36011
1791023400000,84549,84579,84548,84568,20.63158
1791024300000,84568,84600,84567,84600,57.94875
1791025200000,84597,84614,84579,84603,14.67172
1791026100000,84606,84617,84600,84614,20.76976
1791027000000,84614,84629,84613,84619,31.10991
1791027900000,84620,84659,84619,84637,122.22646
1791028800000,84638,84665,84637,84660,43.93876
1791029700000,84661,84870,84660,84817,218.85855
1791030600000,84817,84866,84757,84779,110.05467
1791031500000,84782,84886,84781,84853,43.08697
1791032400000,84854,84862,84787,84821,57.26683
1791033300000,84822,84822,84736,84771,34.85569
1791034200000,84771,84931,84770,84801,76.57329
1791035100000,84801,84850,84800,84838,48.28513
1791036000000,84838,84838,84736,84754,37.11327
1791036900000,84754,84801,84753,84786,26.6532
1791037800000,84786,84786,84707,84719,34.04107
1791038700000,84720,84819,84719,84808,100.01614
1791039600000,84810,84846,84746,84846,131.68669
1791040500000,84845,84845,84790,84797,139.15922
1791041400000,84798,84826,84722,84786,368.55209
1791042300000,84787,84836,84786,84830,28.70496
1791043200000,84831,84831,84798,84799,36.66462
1791044100000,84799,84799,84751,84776,34.23745
1791045000000,84777,84814,84776,84805,58.74308
1791045900000,84812,84840,84804,84835,90.47969
1791046800000,84835,84863,84832,84840,32.55652
1791047700000,84840,84932,84840,84860,161.97444
1791048600000,84861,84950,84800,84950,107.99806
1791049500000,84950,84989,84892,84978,267.61525
1791050400000,84978,85003,84944,84962,97.11801
1791051300000,84962,84974,84936,84960,80.90502
1791052200000,84960,84960,84881,84900,59.12949
1791053100000,84900,84908,84883,84908,46.39835
1791054000000,84908,84908,84813,84836,48.23431
1791054900000,84837,84862,84780,84781,81.46373
1791055800000,84781,84781,84743,84747,67.62214
1791056700000,84747,84822,84673,84813,103.44047
1791057600000,84813,84868,84812,84851,28.34539
1791058500000,84851,84873,84838,84850,16.97009
1791059400000,84850,84850,84817,84818,25.30382
1791060300000,84818,84818,84675,84710,79.01817
1791061200000,84709,84742,84520,84654,131.35348
1791062100000,84655,84693,84654,84672,24.95244
1791063000000,84672,84685,84653,84661,31.49684
1791063900000,84661,84713,84660,84677,27.55755
1791064800000,84677,84752,84665,84752,67.64008
1791065700000,84752,84752,84697,84737,23.4586
1791066600000,84737,84764,84736,84763,7.80452
1791067500000,84764,84775,84739,84741,13.39736
1791068400000,84742,84748,84719,84724,8.52533
1791069300000,84725,84775,84710,84711,51.67388
1791070200000,84710,84760,84710,84758,21.8179
1791071100000,84758,84763,84690,84716,56.30248
1791072000000,84716,84806,84715,84788,25.27041
1791072900000,84788,84839,84770,84771,63.70426
1791073800000,84770,84809,84761,84762,21.95829
1791074700000,84762,84800,84737,84761,16.96915
1791075600000,84761,84785,84737,84738,45.12083
1791076500000,84737,84738,84681,84718,58.7978
1791077400000,84718,84766,84717,84750,7.83832
1791078300000,84750,84782,84746,84777,42.70888
1791079200000,84777,84838,84771,84795,55.86669
1791080100000,84795,84818,84763,84802,13.39421
1791081000000,84801,84816,84760,84768,28.69308
1791081900000,84767,84777,84752,84777,8.86661
1791082800000,84777,84779,84776,84779,20.99933
1791083700000,84779,84808,84773,84774,36.20318
1791084600000,84773,84859,84773,84848,57.78199
1791085500000,84847,84848,84800,84802,77.99753
1791086400000,84803,84811,84784,84785,13.0574
1791087300000,84785,84785,84784,84785,3.48944
1791088200000,84784,84788,84784,84788,8.84473
1791089100000,84788,84788,84787,84788,5.21354
1791090000000,84788,84808,84787,84798,6.42937
1791090900000,84798,84835,84797,84834,9.49833
1791091800000,84835,84893,84834,84893,20.53722
1791092700000,84893,84907,84878,84889,55.93781
1791093600000,84890,84897,84886,84887,22.90613
1791094500000,84887,85013,84846,84914,60.82151
1791095400000,84914,84997,84890,84933,32.04308
1791096300000,84933,85045,84932,84995,76.07584
1791097200000,84996,85000,84956,84957,20.88011
1791098100000,84957,84972,84901,84943,29.70453
1791099000000,84943,84945,84896,84945,65.82111
1791099900000,84944,85078,84944,85078,319.04294
1791100800000,85078,85162,85071,85126,402.1815
1791101700000,85126,85166,85089,85105,256.91816
1791102600000,85106,85116,85029,85058,192.82383
1791103500000,85059,85101,85058,85090,55.31204
1791104400000,85090,85122,85043,85119,131.37814
1791105300000,85119,85260,85119,85236,73.50707
1791106200000,85236,85270,85165,85254,119.98099
1791107100000,85254,85300,85192,85202,87.6561
1791108000000,85202,85260,85202,85239,118.06096
1791108900000,85239,85410,85239,85385,459.85566
1791109800000,85385,85386,85266,85323,182.29465
1791110700000,85323,85323,85238,85248,67.24761
1791111600000,85248,85253,85190,85246,71.17635
1791112500000,85247,85309,85246,85288,38.88545
1791113400000,85289,85310,85247,85248,22.06699
1791114300000,85248,85295,85236,85283,34.31939
1791115200000,85283,85364,85213,85213,100.61742
1791116100000,85213,85289,85170,85255,94.73733
1791117000000,85256,85281,85178,85178,78.51932
1791117900000,85178,85196,85070,85113,310.73369
1791118800000,85113,85145,85103,85143,98.67268
1791119700000,85144,85215,85143,85205,68.3587
1791120600000,85204,85323,85181,85212,155.87517
1791121500000,85211,85279,85193,85226,91.59929
1791122400000,85225,85226,85135,85193,59.0926
1791123300000,85193,85193,85105,85158,55.74361
1791124200000,85158,85174,85107,85108,8.83279
1791125100000,85107,85259,85070,85259,48.48578
1791126000000,85259,85348,85217,85326,362.98972
1791126900000,85327,85463,85259,85296,132.98432
1791127800000,85296,85330,85261,85324,40.58
1791128700000,85324,85389,85231,85231,24.22528
1791129600000,85231,85289,85155,85274,114.39137
1791130500000,85274,85289,85181,85229,100.91392
1791131400000,85229,85326,85228,85326,120.22456
1791132300000,85326,85417,85312,85351,63.76209
1791133200000,85352,85384,85304,85308,33.99272
1791134100000,85308,85379,85307,85365,49.91558
1791135000000,85365,85409,85316,85408,25.62793
1791135900000,85409,85446,85292,85294,86.00495
1791136800000,85294,85323,85286,85298,26.58373
1791137700000,85300,85320,85284,85301,29.91111
1791138600000,85301,85339,85300,85337,48.98232
1791139500000,85337,85355,85312,85323,31.76532
1791140400000,85323,85401,85322,85366,18.98323
1791141300000,85366,85448,85365,85443,40.80033
1791142200000,85443,85560,85375,85411,329.9754
1791143100000,85412,85442,85403,85409,54.99272
1791144000000,85409,85427,85371,85421,30.58646
1791144900000,85420,85477,85420,85456,57.85821
1791145800000,85456,85763,85422,85746,328.92086
1791146700000,85747,85862,85693,85805,376.39739
1791147600000,85806,86040,85765,86000,368.71918
1791148500000,86000,86047,85773,85801,428.81354
1791149400000,85802,85993,85801,85959,185.16268
1791150300000,85964,86050,85778,85836,299.52794
1791151200000,85836,86322,85836,86313,837.0137
1791152100000,86314,86667,86220,86220,1096.1766
1791153000000,86221,86472,86210,86360,295.14365
1791153900000,86361,86442,86281,86419,165.91813
1791154800000,86420,86616,86374,86568,288.66324
1791155700000,86569,86797,86505,86669,528.87159
1791156600000,86669,86701,86413,86511,368.34119
1791157500000,86511,86548,86391,86504,227.30394
1791158400000,86500,86500,86302,86332,209.92398
1791159300000,86332,86481,86231,86244,268.89858
1791160200000,86244,86599,86169,86595,500.84405
1791161100000,86594,86699,86488,86627,436.57996
1791162000000,86627,86749,86453,86740,489.71426
1791162900000,86739,86990,86649,86927,542.71016
1791163800000,86927,86929,86636,86712,309.67817
1791164700000,86712,86746,86547,86591,237.55386
1791165600000,86591,86723,86558,86646,240.58554
1791166500000,86646,86684,86476,86476,228.74063
1791167400000,86477,86708,86385,86658,233.82994
1791168300000,86658,86672,86451,86504,297.57005
1791169200000,86504,86513,86363,86483,413.99414
1791170100000,86483,86483,86279,86425,357.38879
1791171000000,86426,86426,86221,86229,313.64153
1791171900000,86230,86291,85972,86057,548.82581
1791172800000,86057,86111,85908,85936,611.99168
1791173700000,85936,85937,85613,85737,641.13842
1791174600000,85755,85762,85459,85588,396.07543
1791175500000,85587,85662,85480,85523,429.65749
1791176400000,85522,85572,85454,85500,454.56828
1791177300000,85501,85515,85373,85511,709.67726
1791178200000,85511,85760,85431,85760,450.17385
1791179100000,85759,85762,85687,85752,151.42043
1791180000000,85751,85905,85751,85904,317.15084
1791180900000,85904,86036,85861,85864,353.25422
1791181800000,85863,85945,85771,85792,260.49813
1791182700000,85792,86359,85792,86251,988.12581
1791183600000,86250,86409,86130,86316,199.61471
1791184500000,86316,86491,86115,86279,316.89071
1791185400000,86280,86393,86159,86367,166.58941
1791186300000,86368,86424,86181,86240,201.62272
1791187200000,86240,86486,86210,86412,225.30307
1791188100000,86412,86431,86291,86420,118.37874
1791189000000,86419,86461,86225,86249,341.65685
1791189900000,86248,86249,86027,86204,652.26674
1791190800000,86197,86206,85945,85945,209.42697
1791191700000,85945,85964,85751,85839,253.95891
1791192600000,85840,85972,85839,85968,157.21049
1791193500000,85968,86014,85907,85947,208.62128
1791194400000,85947,86070,85922,86006,172.92607
1791195300000,86006,86149,86002,86038,95.68855
1791196200000,86037,86109,85985,86002,152.96448
1791197100000,86001,86192,85989,86087,91.59292
1791198000000,86086,86087,85889,85920,161.90611
1791198900000,85920,86197,85919,86185,143.80881
1791199800000,86185,86253,86031,86048,97.3334
1791200700000,86048,86207,86000,86196,71.10074
1791201600000,86196,86196,86067,86121,41.09416
1791202500000,86121,86128,86000,86014,112.8564
1791203400000,86014,86014,85810,85876,266.93383
1791204300000,85876,85937,85825,85868,90.21258
1791205200000,85868,86118,85867,86094,187.27014
1791206100000,86093,86182,85986,86068,305.99471
1791207000000,86068,86112,85780,85946,577.99381
1791207900000,85947,86455,85841,86393,705.12153
1791208800000,86393,86682,86225,86608,1145.19635
1791209700000,86607,86687,86231,86248,670.38693
