t,o,h,l,c,v
1786711500000,1874.3,1876,1872.3,1872.6,1330.6174
1786712400000,1872.6,1873,1866.8,1869.5,3109.6845
1786713300000,1869.5,1872,1866.4,1870.8,3092.4801
1786714200000,1870.8,1871.8,1866.1,1869.1,4019.0133
1786715100000,1869.1,1870.1,1866.2,1869,3695.7569
1786716000000,1869.1,1871.1,1866,1866.4,1720.7494
1786716900000,1866.4,1868.7,1863.4,1867.7,3180.0566
1786717800000,1867.5,1872.6,1867.2,1869.9,2272.4871
1786718700000,1870,1871,1863.8,1866.5,2785.3465
1786719600000,1866.3,1868.4,1865.5,1867.8,847.261
1786720500000,1867.9,1878.9,1867.6,1878.8,10670.9401
1786721400000,1878.8,1884.1,1875.5,1883.2,12028.8867
1786722300000,1883.2,1883.8,1881,1881,6386.248
1786723200000,1881,1882.2,1878.8,1880.3,3184.8642
1786724100000,1880.4,1884.4,1879.8,1883.8,2067.7288
1786725000000,1883.8,1887.5,1883,1885.7,1688.0815
1786725900000,1885.7,1885.7,1883.5,1884.8,526.8964
1786726800000,1884.7,1885.2,1882.7,1884.5,3476.8432
1786727700000,1884.5,1887,1884,1885,896.1385
1786728600000,1885,1886,1881.5,1881.9,6831.9113
1786729500000,1881.9,1882.8,1875.6,1877.7,10076.1823
1786730400000,1877.6,1878,1874.2,1875.5,2562.3543
1786731300000,1875.6,1878.1,1874.5,1874.9,3143.1476
1786732200000,1874.9,1877.2,1873.8,1876.4,1557.4769
1786733100000,1876.5,1877,1873,1874.9,765.3467
1786734000000,1875,1875,1873,1873.3,609.6753
1786734900000,1873.3,1877.3,1873,1877.1,2108.2963
1786735800000,1877.1,1879.4,1876.1,1878.9,664.5176
1786736700000,1879,1881.1,1878.5,1879.8,10857.6691
1786737600000,1879.9,1880.9,1878.9,1879,283.2779
1786738500000,1879,1880,1878.4,1879.4,799.8057
1786739400000,1879.5,1879.5,1878,1878.8,1068.884
1786740300000,1878.8,1879.6,1878.6,1879.6,117.0044
1786741200000,1879.6,1880.3,1876.5,1877.9,4865.1808
1786742100000,1877.9,1879.5,1877,1878.9,2863.5857
1786743000000,1878.9,1879.1,1877.3,1877.4,2812.5444
1786743900000,1877.2,1878.8,1876.5,1878.7,2396.1125
1786744800000,1878.7,1880.3,1876.3,1876.3,3222.6113
1786745700000,1876.3,1877,1875.2,1875.9,1559.4756
1786746600000,1875.9,1878.8,1875.8,1878.8,1558.9971
1786747500000,1878.8,1879.1,1878.1,1878.5,1947.2439
1786748400000,1878.5,1880.1,1878.5,1880.1,185.3056
1786749300000,1880.1,1880.6,1878.6,1879.8,1785.0365
1786750200000,1879.9,1881.1,1877.8,1879.3,3237.9083
1786751100000,1879.4,1881.9,1879.4,1881.2,1188.925
1786752000000,1881.3,1882,1880.8,1881.1,520.2596
1786752900000,1881.2,1882.2,1881.2,1881.7,747.3578
1786753800000,1881.8,1882.6,1881.7,1882,514.2022
1786754700000,1882,1882,1881.1,1881.4,1612.4852
1786755600000,1881.5,1881.7,1880,1881.7,1081.9735
1786756500000,1881.7,1883.2,1881.5,1882.9,798.0083
1786757400000,1882.9,1883.5,1882.7,1883.1,123.8436
1786758300000,1883.2,1883.6,1883.1,1883.6,177.6982
1786759200000,1883.6,1884,1883.3,1883.9,120.7985
1786760100000,1884,1884.9,1884,1884.4,1132.0414
1786761000000,1884.4,1884.7,1882.9,1883.5,1257.9853
1786761900000,1883.5,1884.1,1883.3,1884.1,299.2344
1786762800000,1884.1,1885.4,1884,1885,154.5223
1786763700000,1885.1,1885.6,1883.6,1883.7,732.2388
1786764600000,1883.7,1883.7,1882.3,1882.4,226.8755
1786765500000,1882.4,1882.5,1881.9,1882,309.2892
1786766400000,1882,1882.8,1882,1882.8,35.2791
1786767300000,1882.8,1883.3,1882.6,1883.3,139.6285
1786768200000,1883.3,1884.5,1883.3,1884.4,428.0344
1786769100000,1884.4,1884.4,1883.4,1883.5,613.3995
1786770000000,1883.5,1884,1883,1883.8,116.1454
1786770900000,1883.8,1883.8,1882.7,1882.7,63.6311
1786771800000,1882.7,1882.7,1879.5,1880.6,1645.9933
1786772700000,1880.6,1880.6,1879.1,1879.7,3142.5841
1786773600000,1879.8,1881.1,1879.6,1879.7,238.9027
1786774500000,1879.7,1880.3,1879.5,1879.6,427.3997
1786775400000,1879.6,1880.9,1879.3,1880.9,120.7136
1786776300000,1880.9,1882.5,1880.8,1881.2,576.6319
1786777200000,1881.3,1881.5,1879.8,1881.4,390.6277
1786778100000,1881.5,1881.5,1880.3,1880.5,77.3816
1786779000000,1880.5,1880.6,1880.3,1880.3,88.258
1786779900000,1880.4,1880.4,1879.3,1879.4,416.8551
1786780800000,1879.4,1879.4,1878.1,1879.4,709.2771
1786781700000,1879.3,1880.6,1879.3,1880.1,229.0029
1786782600000,1880.2,1880.2,1877.9,1878.2,6748.6401
1786783500000,1878.3,1878.7,1876.1,1876.5,759.1678
1786784400000,1876.5,1876.8,1875.3,1876.7,1235.7732
1786785300000,1876.8,1877.9,1876.7,1877.9,1283.3698
1786786200000,1877.8,1879.2,1877.8,1879.1,2078.6705
1786787100000,1879.2,1880.5,1879.1,1879.9,278.8994
1786788000000,1879.9,1879.9,1877.6,1878.4,949.0254
1786788900000,1878.3,1878.5,1878.3,1878.5,38.8635
1786789800000,1878.4,1880,1878.3,1879.7,650.2009
1786790700000,1879.7,1880.3,1879.6,1880.2,414.0908
1786791600000,1880.2,1880.5,1880.2,1880.4,120.0436
1786792500000,1880.4,1880.4,1879.5,1879.6,156.769
1786793400000,1879.5,1879.6,1879,1879.5,194.1674
1786794300000,1879.5,1879.6,1878.5,1878.8,104.6133
1786795200000,1878.9,1878.9,1878,1878,144.9636
1786796100000,1878.1,1878.4,1877.9,1877.9,820.8596
1786797000000,1878,1878.3,1877.7,1878.1,286.2465
1786797900000,1878,1883,1877.5,1882.9,1125.2039
1786798800000,1883,1884.1,1881.5,1883.4,1755.3084
1786799700000,1883.4,1883.6,1881.6,1882.2,2507.6719
1786800600000,1882.3,1883,1881.9,1882.3,3904.5859
1786801500000,1882.2,1883.9,1882,1882.6,4591.7598
1786802400000,1882.6,1882.6,1881.6,1882.1,330.9266
1786803300000,1882.1,1882.2,1880.6,1881.5,693.6984
1786804200000,1881.5,1882.2,1881.4,1881.8,551.0239
1786805100000,1881.8,1884,1881.7,1883.2,7479.2749
1786806000000,1883.1,1883.3,1882.6,1883.2,652.4468
1786806900000,1883.2,1884.3,1882.4,1883.4,2195.9674
1786807800000,1883.5,1885.1,1883.4,1884.7,480.9825
1786808700000,1884.7,1884.8,1884.2,1884.3,231.5559
1786809600000,1884.3,1884.3,1883.5,1883.7,354.8292
1786810500000,1883.7,1884.7,1883.2,1884.6,172.691
1786811400000,1884.7,1884.9,1883.5,1883.5,268.5515
1786812300000,1883.5,1884,1883.5,1884,219.8381
1786813200000,1884,1884.8,1884,1884.8,86.4991
1786814100000,1884.7,1885.6,1882.1,1882.2,2821.679
1786815000000,1882.3,1883.7,1882.2,1883.1,610.1594
1786815900000,1883.2,1883.7,1883.1,1883.6,159.1522
1786816800000,1883.7,1884.8,1883.6,1883.8,283.4072
1786817700000,1883.7,1883.9,1881.9,1882.1,138.4096
1786818600000,1882,1882.1,1881.6,1881.8,772.0854
1786819500000,1881.7,1881.8,1881.7,1881.7,64.3782
1786820400000,1881.8,1882.5,1881.4,1882.4,2086.6689
1786821300000,1882.3,1883.6,1882.3,1883.3,257.7662
1786822200000,1883.2,1883.8,1883.2,1883.5,40.41
1786823100000,1883.5,1883.8,1883.4,1883.8,37.2547
1786824000000,1883.8,1883.8,1882.6,1882.7,825.3001
1786824900000,1882.8,1882.8,1882,1882.1,259.0513
1786825800000,1882.1,1882.1,1881.8,1881.9,415.6509
1786826700000,1881.9,1882.5,1881.8,1882.5,172.0933
1786827600000,1882.4,1882.9,1882.4,1882.9,415.0572
1786828500000,1882.9,1883.6,1882.7,1883.5,892.5298
1786829400000,1883.5,1884.5,1883.5,1884.5,2298.2759
1786830300000,1884.4,1884.8,1883.9,1884.5,819.8922
1786831200000,1884.5,1884.7,1883.6,1883.9,112.3542
1786832100000,1883.9,1884.7,1883.7,1884.7,88.9934
1786833000000,1884.6,1884.7,1883.7,1883.8,76.7935
1786833900000,1883.8,1884.4,1883.6,1883.7,68.7562
1786834800000,1883.7,1883.7,1881,1882.9,1010.4653
1786835700000,1882.9,1882.9,1881.4,1882.6,2059.784
1786836600000,1882.5,1883,1882.3,1882.5,252.343
1786837500000,1882.5,1882.5,1881.7,1882.3,920.0963
1786838400000,1882.3,1882.3,1881.8,1881.9,1471.8925
1786839300000,1881.9,1881.9,1881.4,1881.5,397.7783
1786840200000,1881.5,1882,1881,1882,724.8533
1786841100000,1882,1882.2,1881.1,1882.1,2689.563
1786842000000,1882,1882,1879.4,1880.4,994.8957
1786842900000,1880.4,1881.4,1879.7,1879.8,616.9779
1786843800000,1879.8,1879.9,1876.4,1879.9,1075.7577
1786844700000,1879.9,1880,1878.7,1880,121.5714
1786845600000,1880,1880.6,1878.6,1878.7,159.5813
1786846500000,1878.7,1884.4,1878.7,1883.7,5438.1024
1786847400000,1883.6,1884.4,1882.8,1883.4,2164.6246
1786848300000,1883.4,1883.4,1882.2,1882.7,842.7925
1786849200000,1882.7,1883.2,1882.7,1883.1,131.004
1786850100000,1883.2,1883.2,1882.7,1882.8,99.5323
1786851000000,1882.9,1883,1882.8,1882.9,181.725
1786851900000,1882.9,1883,1882.1,1882.2,281.0466
1786852800000,1882.2,1882.6,1882.1,1882.2,101.4997
1786853700000,1882.2,1883.7,1882.1,1883.7,528.9813
1786854600000,1883.6,1883.7,1881.7,1881.8,559.3221
1786855500000,1881.8,1881.8,1880.1,1881.2,2258.9494
1786856400000,1881.2,1881.3,1880.8,1880.9,1427.1437
1786857300000,1881,1881.1,1878.6,1880,5576.6868
1786858200000,1880,1880.2,1879.7,1880,87.0145
1786859100000,1879.9,1880,1878.3,1879.3,647.6697
1786860000000,1879.3,1879.9,1879.2,1879.4,427.7476
1786860900000,1879.4,1879.5,1878,1879.5,1797.1147
1786861800000,1879.5,1880.1,1879.1,1880,636.9373
1786862700000,1880.1,1880.8,1879.8,1879.9,361.9779
1786863600000,1879.9,1879.9,1879.4,1879.6,113.241
1786864500000,1879.7,1880.6,1879.6,1880.5,118.0285
1786865400000,1880.5,1880.6,1880.4,1880.5,148.773
1786866300000,1880.5,1880.8,1880.4,1880.8,49.8695
1786867200000,1880.7,1880.8,1880.1,1880.1,157.9972
1786868100000,1880.2,1880.2,1880.1,1880.2,47.9273
1786869000000,1880.2,1880.4,1880.1,1880.1,100.9722
1786869900000,1880.2,1880.2,1880.1,1880.2,44.2595
1786870800000,1880.2,1881,1880.1,1881,125.6248
1786871700000,1881,1881.4,1880.9,1881.2,35.1216
1786872600000,1881.2,1881.3,1879.1,1879.2,234.5356
1786873500000,1879.3,1880.5,1878.2,1879.7,761.4406
1786874400000,1879.6,1880,1878.9,1879,352.8352
1786875300000,1878.9,1879.5,1878.8,1879.4,335.7273
1786876200000,1879.5,1879.9,1879.4,1879.8,61.5221
1786877100000,1879.9,1880,1879.8,1880,468.059
1786878000000,1880,1880.1,1879.9,1880.1,35.5107
1786878900000,1880.1,1880.1,1879.8,1879.8,177.8773
1786879800000,1879.9,1879.9,1879.8,1879.9,216.6712
1786880700000,1879.8,1880,1879.5,1880,83.6947
1786881600000,1879.9,1880,1879.3,1879.3,63.2892
1786882500000,1879.3,1879.6,1879.2,1879.5,247.9417
1786883400000,1879.6,1879.6,1878.4,1878.7,412.1215
1786884300000,1878.7,1879,1878.6,1878.8,107.9584
1786885200000,1878.8,1880,1878.8,1880,378.6266
1786886100000,1880,1880.4,1879.9,1880.3,346.2226
1786887000000,1880.3,1881.5,1880.2,1880.7,3682.2705
1786887900000,1880.7,1881.2,1880.6,1881.2,335.6943
1786888800000,1881.2,1882,1881.1,1881.7,509.0797
1786889700000,1881.6,1883.5,1881.2,1881.3,4422.8518
1786890600000,1881.3,1882.7,1881.1,1881.8,2944.7322
1786891500000,1881.8,1882.3,1881.7,1882.3,694.9796
1786892400000,1882.2,1882.5,1882.2,1882.4,802.2776
1786893300000,1882.4,1882.8,1882.3,1882.8,412.0649
1786894200000,1882.8,1883.9,1881.8,1881.9,678.6368
1786895100000,1881.9,1884.4,1881.9,1883.7,6444.7186
1786896000000,1883.7,1885.1,1883.5,1885.1,596.3906
1786896900000,1885,1888.3,1884.9,1887.5,12760.9426
1786897800000,1887.5,1891.3,1887.5,1889.2,11217.2091
1786898700000,1889.3,1889.9,1887.5,1888.7,954.4433
1786899600000,1888.6,1890.1,1886.9,1887.2,1447.6977
1786900500000,1887.3,1887.3,1885.7,1886.5,4513.2351
1786901400000,1886.5,1886.6,1883,1884.3,9032.9172
1786902300000,1884.3,1885.5,1884,1884.4,611.5068
1786903200000,1884.4,1885,1881.6,1884,9031.228
1786904100000,1884,1885.6,1884,1885.4,4720.9751
1786905000000,1885.3,1885.7,1884,1884.8,1906.8338
1786905900000,1884.8,1885.4,1884,1885.1,2617.6309
1786906800000,1885.1,1886.4,1885,1886.1,125.7693
1786907700000,1886,1887,1885.8,1887,306.878
1786908600000,1886.9,1888.2,1884.7,1884.8,3264.5041
1786909500000,1884.8,1885.6,1884,1884.8,2579.0988
1786910400000,1884.8,1886.1,1884.8,1886,323.5808
1786911300000,1886,1886.6,1885.3,1885.4,240.4055
1786912200000,1885.4,1885.4,1882.1,1883,658.994
1786913100000,1883,1883.3,1880.8,1881.1,489.017
1786914000000,1881.1,1882,1879.5,1881.1,1013.1773
1786914900000,1881,1882,1878.5,1879.6,2228.9652
1786915800000,1879.6,1880.4,1868.9,1874.6,4160.1868
1786916700000,1874.5,1876.3,1871.3,1874.8,2978.476
1786917600000,1874.8,1877,1870.2,1877,3940.4593
1786918500000,1876.9,1877.2,1873.8,1874.6,2662.8668
1786919400000,1874.6,1874.9,1868.7,1872.6,10825.7074
1786920300000,1872.6,1875.5,1871.8,1875,938.7856
1786921200000,1874.9,1876.8,1872.9,1872.9,988.1914
1786922100000,1873,1875.5,1872.9,1873.4,1209.1192
1786923000000,1873.3,1875.5,1872.9,1875.4,212.7815
1786923900000,1875.4,1876.6,1874.7,1875.6,1926.1523
1786924800000,1875.6,1876,1873.9,1875,2861.7277
1786925700000,1875,1875.8,1871.8,1875.7,2277.5053
1786926600000,1875.9,1877.1,1872.3,1877,4408.0167
1786927500000,1876.9,1879.6,1874.3,1878.1,3834.3785
1786928400000,1878.2,1896.5,1877.7,1888.7,28095.8098
1786929300000,1888.6,1896.1,1888.3,1894,12863.1861
1786930200000,1894.1,1896.6,1892.1,1893.7,3812.9862
1786931100000,1893.7,1894.6,1890.5,1890.5,982.6439
1786932000000,1890.6,1892.1,1887.7,1889,1695.2252
1786932900000,1889,1894.1,1888.1,1893.1,1497.6571
1786933800000,1893.1,1896.1,1891.6,1895,1982.9083
1786934700000,1894.9,1906.9,1894.8,1901.5,13050.4886
1786935600000,1901.5,1903.2,1901.1,1902.1,12178.8278
1786936500000,1902.2,1902.7,1897.5,1897.6,2182.8676
1786937400000,1897.6,1899.7,1897.6,1899.2,1472.0612
1786938300000,1899.2,1902.2,1898.8,1900.2,2009.5501
1786939200000,1900.2,1903.8,1900.2,1903.5,1132.0038
1786940100000,1903.4,1904,1902,1902.1,406.106
1786941000000,1902,1902.6,1900.8,1901.7,1198.5024
1786941900000,1901.7,1903.9,1901.5,1902.6,2041.5088
1786942800000,1902.6,1902.6,1899.1,1900.8,2394.0982
1786943700000,1900.8,1903.5,1900.5,1900.7,2720.2006
1786944600000,1900.6,1900.7,1897.7,1898.3,806.7873
1786945500000,1898.3,1899.2,1897.9,1899.1,548.2688
1786946400000,1899.1,1900.5,1897.5,1900.2,2650.0576
1786947300000,1900.1,1901,1899.1,1900.5,1289.8494
1786948200000,1900.4,1902.2,1900,1902.1,850.9473
1786949100000,1902.1,1911,1902.1,1906.1,4546.6188
1786950000000,1906.1,1907.1,1902.7,1904.4,1776.6029
1786950900000,1904.3,1904.9,1901.7,1904.4,1074.4676
1786951800000,1904.4,1904.4,1901.6,1901.6,1788.5695
1786952700000,1901.6,1902.1,1899.9,1900,3704.8336
1786953600000,1899.9,1900.7,1892.1,1894.7,6227.9472
1786954500000,1894.7,1895.8,1890.7,1894.4,2369.83
1786955400000,1894.3,1894.5,1892,1892.5,2846.7043
1786956300000,1892.5,1894.3,1891.1,1893.5,572.579
1786957200000,1893.5,1896.3,1893.4,1896,743.1811
1786958100000,1896.1,1896.4,1893.1,1895.1,620.7179
1786959000000,1895,1895.1,1892.9,1893.1,438.7898
1786959900000,1893.1,1893.3,1892.2,1893.3,569.9781
1786960800000,1893.2,1893.3,1891.8,1893.1,339.7882
1786961700000,1893.1,1897.7,1891.5,1897.7,1059.6059
1786962600000,1897.8,1905.6,1897.3,1905.6,2426.6517
1786963500000,1905.7,1908.8,1903.8,1906.1,3466.5473
1786964400000,1906.1,1906.9,1905,1906.8,2781.4476
1786965300000,1906.7,1906.7,1904.5,1905.1,1811.2988
1786966200000,1905,1905.9,1905,1905.5,1357.7453
1786967100000,1905.4,1907.8,1903.2,1903.2,3030.9512
1786968000000,1903.3,1905.6,1901.5,1903.5,1521.3859
1786968900000,1903.4,1903.5,1897.9,1898.4,2695.4839
1786969800000,1898.3,1900.3,1896.1,1897.6,996.6871
1786970700000,1897.5,1899.2,1897,1898.6,568.3065
1786971600000,1898.6,1899.8,1896.7,1898.6,473.5569
1786972500000,1898.6,1898.6,1895.5,1897.8,2819.8907
1786973400000,1897.8,1908.2,1896.5,1904,3710.2168
1786974300000,1903.6,1907,1901.8,1904,6169.5667
1786975200000,1904,1904,1898.6,1901.1,1069.1777
1786976100000,1901.1,1902.9,1897.4,1898.8,9031.8515
1786977000000,1899,1901.7,1897.6,1900.5,1163.9117
1786977900000,1900.3,1909.8,1900.1,1908.9,8177.785
1786978800000,1908.9,1908.9,1903.8,1903.8,2226.4919
1786979700000,1903.8,1910,1903.8,1908.9,11020.5456
1786980600000,1908.9,1909.8,1906.2,1908.8,2583.6039
1786981500000,1908.9,1914.7,1908.7,1912.4,7517.7973
1786982400000,1912.4,1913,1907.6,1908.2,2460.4528
1786983300000,1908.2,1909.8,1907.4,1907.4,1769.4049
1786984200000,1907.4,1910.1,1906.9,1906.9,1424.0176
1786985100000,1907,1908.2,1905,1906.2,829.0712
1786986000000,1906.3,1906.3,1905,1905,3584.8567
1786986900000,1905,1913.6,1905,1907.9,5901.631
1786987800000,1907.8,1908.6,1903.7,1907.3,3375.3183
1786988700000,1907.3,1909.1,1907.3,1908.2,1050.5518
1786989600000,1908.1,1909.1,1906.6,1908,531.2956
1786990500000,1908,1912,1907.7,1909.6,1238.173
1786991400000,1909.6,1910.3,1907.9,1910,2318.1167
1786992300000,1909.9,1910.6,1908.6,1909.1,2371.3381
1786993200000,1909.1,1909.1,1906.3,1906.3,2185.5264
1786994100000,1906.3,1909.6,1905.6,1909.4,2023.9699
1786995000000,1909.2,1910,1906.8,1908.8,299.6273
1786995900000,1908.7,1908.7,1906.5,1906.6,1598.8772
1786996800000,1906.6,1907.1,1905.1,1905.9,2116.9818
1786997700000,1905.9,1908.1,1904,1908,2540.2143
1786998600000,1908,1909.6,1906.5,1909.6,1485.7785
1786999500000,1909.6,1909.6,1904.9,1906,1140.9513
1787000400000,1906,1907.7,1905.9,1907.5,401.634
1787001300000,1907.5,1907.7,1905.2,1905.5,1493.9473
1787002200000,1905.5,1906.5,1905.1,1905.3,580.7182
1787003100000,1905.3,1906.1,1905.1,1905.6,1913.2016
1787004000000,1905.6,1907,1904.2,1904.5,700.9485
1787004900000,1904.5,1904.9,1902.6,1903.4,2099.832
1787005800000,1903.4,1904.1,1902.8,1903.6,168.4862
1787006700000,1903.6,1904,1903.4,1903.6,173.1767
1787007600000,1903.6,1907.6,1903.1,1907.2,2215.4515
1787008500000,1907.2,1915,1907.1,1915,8156.5296
1787009400000,1915,1917.9,1911.7,1911.8,7104.201
1787010300000,1911.7,1913.7,1911.7,1913,1204.681
1787011200000,1912.9,1913.8,1909.3,1910.1,5254.3003
1787012100000,1910.1,1912.3,1910,1911.4,3071.0932
1787013000000,1911.3,1911.4,1907.9,1909.2,3129.714
1787013900000,1909.2,1909.6,1908,1909.2,965.2904
1787014800000,1909.1,1909.3,1905.5,1907.4,1244.4359
1787015700000,1907.3,1907.6,1906.2,1906.6,234.2588
1787016600000,1906.5,1907.2,1903.3,1904.2,3409.3836
1787017500000,1904.3,1904.3,1899,1900.3,8917.7007
1787018400000,1900.3,1902.6,1899,1899.1,655.4724
1787019300000,1899.1,1899.9,1896.7,1896.7,8822.4793
1787020200000,1896.7,1897.2,1892.9,1893.6,6317.7897
1787021100000,1893.5,1895.6,1888.3,1892.1,33977.6281
1787022000000,1892.1,1894.4,1890.5,1890.5,5505.4835
1787022900000,1890.6,1893,1888.6,1890.1,4881.4539
1787023800000,1890.1,1894.6,1884.8,1894.6,11344.6903
1787024700000,1894.5,1894.5,1893,1894.1,6424.5335
1787025600000,1894.1,1894.8,1890.5,1894.6,2833.8185
1787026500000,1894.6,1894.6,1893.3,1894,783.6244
1787027400000,1894,1896.8,1894,1896.3,3195.9083
1787028300000,1896.3,1896.8,1894.7,1896,3719.5775
1787029200000,1896,1898,1894.5,1896.9,3838.2147
1787030100000,1896.9,1897.6,1895.1,1895.2,420.5128
1787031000000,1895.1,1896,1891.6,1896,4316.4711
1787031900000,1896,1896,1894,1894.7,206.9301
1787032800000,1894.7,1896,1893,1895.3,1349.5947
1787033700000,1895.4,1900,1895.3,1899,4938.0816
1787034600000,1899,1906.1,1898.9,1904.5,1922.7062
1787035500000,1904.5,1905.1,1900.3,1901.8,1134.5691
1787036400000,1901.8,1902.3,1901,1901.5,523.2854
1787037300000,1901.5,1901.9,1898.5,1898.6,409.3778
1787038200000,1898.6,1901.2,1898,1899.6,1224.3055
1787039100000,1899.7,1899.7,1895.9,1897.6,4875.7414
1787040000000,1897.6,1898,1892.8,1896.4,1744.1972
1787040900000,1896.4,1899.6,1896.4,1896.7,2016.9736
1787041800000,1896.7,1900.9,1896.6,1899.2,2592.2459
1787042700000,1899.2,1899.5,1897.3,1899.5,180.3196
1787043600000,1899.5,1899.5,1897.3,1898.1,440.8267
1787044500000,1898.1,1898.2,1894.6,1895.4,3297.7873
1787045400000,1895.4,1896.6,1894.8,1895.3,2073.9185
1787046300000,1895.3,1896.3,1894.9,1896.2,1266.1356
1787047200000,1896.2,1897.4,1894.1,1895,3701.7328
1787048100000,1895,1895.9,1894.4,1895.3,875.8621
1787049000000,1895.3,1897.9,1895.2,1896.5,2743.4733
1787049900000,1896.4,1897.3,1896.4,1897.3,248.8742
1787050800000,1897.2,1901,1896.8,1901,1636.6787
1787051700000,1901,1905,1901,1904.3,4623.3835
1787052600000,1904.2,1904.3,1903.1,1903.6,825.1955
1787053500000,1903.6,1904.2,1901.7,1902.1,2327.4535
1787054400000,1902.1,1903,1900.2,1900.7,845.7436
1787055300000,1900.7,1901.7,1899.7,1900.6,657.9281
1787056200000,1900.5,1900.8,1898.3,1898.7,2944.0022
1787057100000,1898.7,1899.7,1897.9,1898.8,335.5587
1787058000000,1898.8,1898.8,1896.4,1896.9,1216.2562
1787058900000,1896.9,1896.9,1894.6,1894.7,777.7098
1787059800000,1894.7,1899.1,1893,1896.6,6401.1359
1787060700000,1896.6,1899.2,1894.1,1896.9,2175.6394
1787061600000,1896.8,1901.7,1896.8,1897.1,4544.3361
1787062500000,1897.2,1918.6,1896.5,1917.5,14577.7732
1787063400000,1917.5,1922,1909.9,1911.3,17362.3426
1787064300000,1911.2,1914.6,1908.1,1910,6184.584
1787065200000,1909.9,1915.7,1907.4,1911.6,13795.073
1787066100000,1911.5,1916,1911.4,1915.2,25453.4739
1787067000000,1915.2,1918.6,1914.5,1916.3,5454.8915
1787067900000,1916.3,1917.7,1914.5,1916.4,6679.7073
1787068800000,1916.5,1918.3,1912.6,1913.7,14161.1693
1787069700000,1913.8,1914.6,1912.2,1912.2,2481.7841
1787070600000,1912.2,1917.9,1911.5,1917.2,8756.3366
1787071500000,1917.2,1921.4,1916.9,1917.2,3464.6595
1787072400000,1917.3,1917.5,1913.6,1914.6,997.969
1787073300000,1914.7,1915.9,1913.5,1915.4,561.729
1787074200000,1915.4,1915.5,1912.2,1913.2,1145.1482
1787075100000,1913.2,1913.5,1910.2,1910.2,550.2927
1787076000000,1910.3,1913.3,1910,1913.2,1702.4157
1787076900000,1913.2,1915.5,1913.2,1915.5,315.1203
1787077800000,1915.4,1916.6,1914.7,1915,3277.33
1787078700000,1915,1916.2,1914.7,1915.5,527.3943
1787079600000,1915.5,1915.6,1913.3,1913.4,336.1312
1787080500000,1913.3,1916.6,1912.8,1915.7,463.6904
1787081400000,1915.7,1915.8,1913.9,1913.9,222.5208
1787082300000,1913.9,1914.4,1912.2,1912.3,779.8651
1787083200000,1912.3,1913.7,1911.1,1913.7,557.6453
1787084100000,1913.6,1913.7,1911.4,1912.1,695.4499
1787085000000,1912.1,1914.7,1912,1913.1,404.8149
1787085900000,1913,1913.2,1911.1,1912.1,578.2279
1787086800000,1912.2,1913.9,1912.1,1913.1,1521.1457
1787087700000,1913,1913.1,1912.1,1912.5,462.7345
1787088600000,1912.4,1912.5,1910.1,1910.8,719.4929
1787089500000,1910.9,1911.5,1910.2,1911.1,992.9122
1787090400000,1911,1914,1910.5,1913,523.3122
1787091300000,1912.9,1914.3,1912.2,1913.6,1611.4198
1787092200000,1913.5,1914.4,1912.8,1913,3293.3882
1787093100000,1913.1,1913.3,1911.9,1912.7,5589.0307
1787094000000,1912.3,1916.1,1912.1,1915.8,600.8337
1787094900000,1915.9,1918.4,1915.9,1917.7,1400.3047
1787095800000,1917.8,1919.3,1917.8,1918.7,2979.7836
1787096700000,1918.6,1919.4,1916.3,1916.8,1570.217
1787097600000,1916.9,1918,1910.6,1912.7,19786.6112
1787098500000,1912.8,1918.5,1911.7,1915.5,11651.0782
1787099400000,1915.6,1917.1,1913.4,1913.9,707.1448
1787100300000,1913.9,1915.2,1912.6,1913,3124.1138
1787101200000,1913,1917.5,1912.2,1916,5888.9109
1787102100000,1915.9,1915.9,1911.5,1914.5,6912.2374
1787103000000,1914.6,1914.7,1911.7,1913.2,3520.9372
1787103900000,1913.2,1914.3,1912,1912.9,7631.9622
1787104800000,1913,1913,1910,1911.7,5529.528
1787105700000,1911.7,1911.7,1906.3,1909.2,5895.8493
1787106600000,1909.2,1909.4,1907.4,1907.9,3149.4072
1787107500000,1907.9,1909.5,1906.2,1906.9,2691.8525
1787108400000,1906.9,1911.5,1906.7,1910.9,19933.4528
1787109300000,1910.9,1914.7,1910.5,1911.8,5522.457
1787110200000,1911.8,1911.9,1909.8,1911.1,6693.7633
1787111100000,1911.2,1912.7,1910.4,1911.3,923.224
1787112000000,1911.2,1911.3,1909.7,1910.2,182.2615
1787112900000,1910.2,1912.9,1910.1,1911.6,1340.2714
1787113800000,1911.6,1914,1910.5,1911,16026.2239
1787114700000,1911.1,1911.9,1909.3,1909.9,728.7672
1787115600000,1910,1913.2,1909.8,1912.5,1058.6461
1787116500000,1912.5,1912.7,1910.1,1912.6,1267.1595
1787117400000,1912.6,1912.8,1911,1911.3,1399.3426
1787118300000,1911.3,1911.5,1908.9,1909.2,961.1376
1787119200000,1909.3,1910.1,1905.3,1906.2,3486.6742
1787120100000,1906.1,1912,1906.1,1909.9,1355.0135
1787121000000,1910,1911.4,1908.9,1911.1,293.5096
1787121900000,1911,1916.7,1911,1916.6,5220.3541
1787122800000,1916.7,1919.8,1914.7,1919.8,1581.5127
1787123700000,1919.8,1919.8,1916.8,1917.1,5470.2507
1787124600000,1917.1,1920.4,1916.8,1918.6,2491.4949
1787125500000,1918.5,1919.6,1914.7,1915.1,9352.6664
1787126400000,1915.2,1917.1,1914.7,1914.7,1895.8276
1787127300000,1914.7,1916.2,1914.1,1916.2,1873.6065
1787128200000,1916.1,1929,1916.1,1922.9,22790.6438
1787129100000,1922.9,1924.1,1920.5,1920.6,15039.3166
1787130000000,1920.6,1923,1920.6,1921.6,10443.6157
1787130900000,1921.6,1922.6,1920.2,1920.2,1109.2177
1787131800000,1920.2,1920.3,1917,1917,1965.8728
1787132700000,1917,1918.2,1916.9,1917.9,4484.2506
1787133600000,1918,1918,1916.6,1917.7,1964.1575
1787134500000,1917.8,1918.5,1916.5,1917.4,504.9839
1787135400000,1917.4,1918.2,1916.8,1918.2,947.496
1787136300000,1918.1,1919.4,1917.9,1919.4,1538.952
1787137200000,1919.4,1925,1919.3,1923.7,4497.9791
1787138100000,1923.7,1923.8,1918.2,1921.2,30711.0777
1787139000000,1921.1,1923.2,1921.1,1921.2,7581.7552
1787139900000,1921.1,1922.1,1921.1,1922,347.0113
1787140800000,1922,1923.1,1921.3,1923.1,946.3818
1787141700000,1923,1923.2,1922.1,1922.4,441.0699
1787142600000,1922.6,1932.2,1921.6,1932.2,8991.8816
1787143500000,1932.1,1942,1931,1935.8,58400.4562
1787144400000,1935.7,1937.1,1931.3,1934.5,12882.1135
1787145300000,1934.4,1937.8,1934.4,1935.9,12448.5398
1787146200000,1935.9,1939.2,1927.6,1931.6,47672.6489
1787147100000,1931.7,1933.7,1927.9,1932.1,31448.0607
1787148000000,1932.2,1938,1932.1,1936,19537.7066
1787148900000,1935.9,1938.3,1934.7,1935.8,18282.8295
1787149800000,1935.7,1940.1,1932.2,1938.8,24101.1771
1787150700000,1938.8,1979.6,1938.4,1970,65986.8047
1787151600000,1969.9,2019.4,1966.5,2011.1,112946.0046
1787152500000,2011.1,2120.1,2007.8,2073.6,163918.19
1787153400000,2073.9,2088.7,2056.7,2087,86160.2001
1787154300000,2087,2088.9,2075.5,2085.3,52614.1619
1787155200000,2085.3,2107,2082.2,2089.1,48614.0139
1787156100000,2089.1,2102,2089.1,2099.6,12885.0309
1787157000000,2099.6,2100.4,2085.1,2088.9,15430.489
1787157900000,2088.9,2093,2086,2088.8,9477.8847
1787158800000,2088.9,2090.2,2078,2078.6,23485.8123
1787159700000,2078.6,2079.1,2067.2,2077,27037.1196
1787160600000,2076.9,2086.3,2070.8,2084.6,25691.5101
1787161500000,2084.7,2091.9,2084.4,2090,6751.2817
1787162400000,2090.2,2091.3,2078.1,2084.6,9872.48
1787163300000,2084.5,2088.4,2083.8,2086.4,2672.4347
1787164200000,2086,2090.2,2085,2089.3,4387.5191
1787165100000,2089.2,2091.5,2087.3,2091.5,9751.2287
1787166000000,2091.2,2101.1,2088.7,2089.5,16816.796
1787166900000,2089.6,2100.4,2089.5,2092,9874.5562
1787167800000,2091.9,2100.2,2090.9,2098.7,8898.4494
1787168700000,2098.7,2104.8,2096.8,2101.3,6187.3078
1787169600000,2101.3,2118.8,2101.3,2112.7,12072.9884
1787170500000,2112.6,2132,2107.4,2125.3,16923.5547
1787171400000,2125.3,2129,2121.1,2123.6,8978.6798
1787172300000,2123.6,2247,2122.1,2219,164797.605
1787173200000,2218.9,2346.8,2216.6,2261.2,222672.9328
1787174100000,2261.4,2295.9,2255.9,2284.7,42516.1329
1787175000000,2284.7,2300.8,2270.4,2286.7,64182.2461
1787175900000,2286.6,2306,2279.9,2287.5,39528.522
1787176800000,2287.4,2291.5,2264.6,2270,28288.7945
1787177700000,2270,2274.7,2256.9,2256.9,28779.403
1787178600000,2257,2267.8,2242.7,2259.1,37491.8241
1787179500000,2259.1,2260.4,2244.4,2250.6,12127.2505
1787180400000,2250.5,2252.7,2244,2247.1,5459.9992
1787181300000,2247,2255.6,2245,2252.9,4618.3057
1787182200000,2252.9,2262.1,2247,2257.6,9054.2774
1787183100000,2257.4,2257.6,2248,2253.5,12388.1722
1787184000000,2252.9,2261.5,2252.2,2259,8478.5909
1787184900000,2259,2270,2257.9,2264.7,20996.4742
1787185800000,2264.6,2274,2262,2268.9,4211.0758
1787186700000,2268.9,2274.4,2260.4,2262.9,6134.615
1787187600000,2262.8,2269,2250.3,2257.3,10139.456
1787188500000,2257.3,2261.1,2253,2254.9,7991.3362
1787189400000,2254.8,2266.1,2252.7,2265.3,3815.7357
1787190300000,2265.4,2270,2264.8,2266.5,5706.2819
1787191200000,2266.5,2270,2264.5,2268.5,2428.6333
1787192100000,2268.5,2268.9,2258.1,2258.9,4381.4433
1787193000000,2258.5,2262.9,2254.5,2257,5570.6226
1787193900000,2257,2258,2250.2,2252.5,3554.8338
1787194800000,2252.3,2252.4,2224,2228.8,18536.7105
1787195700000,2228.9,2244,2228.6,2235.4,13718.0072
1787196600000,2235.3,2252.1,2235.1,2251.3,9043.2485
1787197500000,2251.3,2258.1,2250.6,2251.6,8000.2393
1787198400000,2251.6,2258.9,2250,2256.6,8374.8102
1787199300000,2256.6,2258,2253.8,2257,4208.8142
1787200200000,2256.9,2257,2249.5,2251.6,10154.2153
1787201100000,2251.6,2257.5,2250.9,2250.9,4840.314
1787202000000,2250.9,2255.5,2250.3,2250.3,3326.9256
1787202900000,2250.1,2257.5,2250.1,2252.3,3057.5538
1787203800000,2252.3,2254.5,2250.9,2252.3,3675.9192
1787204700000,2252.4,2252.4,2244.2,2248.5,2413.5189
1787205600000,2248.8,2249,2239.7,2244.3,5547.7116
1787206500000,2244.1,2256.3,2242.7,2251.9,8778.033
1787207400000,2252,2264.3,2252,2263.3,12869.8012
1787208300000,2263.1,2269.9,2262.6,2263.8,11595.9827
1787209200000,2263.7,2264.8,2257.7,2257.8,3256.2164
1787210100000,2257.8,2258.8,2250.6,2254,4159.6018
1787211000000,2254,2254,2246.2,2246.6,1850.2749
1787211900000,2246.6,2253,2245.7,2252.8,2513.3123
1787212800000,2252.8,2287.7,2250.7,2285.5,17209.7743
1787213700000,2285.4,2285.6,2271.4,2278.8,17651.9294
1787214600000,2278.8,2278.8,2266.2,2275.5,14575.3517
1787215500000,2275.4,2285.6,2274.1,2282,7791.561
1787216400000,2282.1,2297.2,2277.9,2294.4,13202.8807
1787217300000,2294.9,2297.7,2284.2,2284.2,25614.6949
1787218200000,2284.2,2293.3,2278.2,2289.3,10830.2627
1787219100000,2288.9,2289.7,2275.3,2278.7,6290.5326
1787220000000,2278.6,2289.6,2277,2289.2,11687.7239
1787220900000,2289.3,2295,2283.4,2286.3,7262.2301
1787221800000,2286.2,2288,2280.8,2281.5,6016.7896
1787222700000,2281.4,2287.5,2280.8,2287.3,9489.5167
1787223600000,2287.3,2295.4,2282.5,2288.7,6266.0516
1787224500000,2288.7,2296.5,2285.3,2295.1,5505.859
1787225400000,2295.1,2316.2,2293.8,2307.3,17003.1304
1787226300000,2307.2,2319.9,2294,2296.9,12577.8131
1787227200000,2296.9,2300.6,2268.6,2274.3,27612.7377
1787228100000,2274.2,2281.8,2273.2,2278.5,5553.072
1787229000000,2278.5,2284.6,2273.9,2280.9,6802.9775
1787229900000,2280.9,2292.2,2267.8,2289.2,29622.0637
1787230800000,2289.5,2297.7,2286.3,2294.1,10624.4756
1787231700000,2294,2295.1,2287.2,2288.1,10358.2549
1787232600000,2288.1,2288.1,2255.5,2274.4,19634.5773
1787233500000,2274.3,2285,2265.1,2276.2,18270.5753
1787234400000,2276.4,2289.1,2275.6,2280.9,5991.4343
1787235300000,2281.1,2282.1,2271.8,2273.6,4732.7189
1787236200000,2273.7,2285,2273.4,2276.7,13561.5691
1787237100000,2276.5,2280.9,2270.8,2280.9,3410.143
1787238000000,2280.8,2307,2280.8,2297.2,24241.1221
1787238900000,2297.3,2313.8,2292.3,2313.1,27716.8861
1787239800000,2313.2,2322,2298.4,2303.4,15086.2046
1787240700000,2303.4,2338.4,2303.1,2326.9,52113.3437
1787241600000,2326.9,2332.1,2318.7,2320.1,11928.7828
1787242500000,2320.2,2327.1,2314,2326.5,17196.05
1787243400000,2326.6,2360.8,2320.5,2349.1,24610.6479
1787244300000,2349.1,2349.6,2336.7,2344.3,15605.6722
1787245200000,2344.3,2345.1,2332.1,2337.7,17094.4161
1787246100000,2337.7,2346.2,2335.3,2344.1,10514.1567
1787247000000,2344.2,2347.7,2339,2344.6,5867.9908
1787247900000,2344.7,2350.5,2343.1,2343.9,4532.3791
1787248800000,2343.9,2348,2325.1,2331,27385.3113
1787249700000,2331.1,2333.7,2319.8,2325.9,26165.5671
1787250600000,2325.5,2326.2,2310.1,2316.2,15251.4205
1787251500000,2316.5,2323.4,2314.1,2316.7,6569.719
1787252400000,2316.7,2323.6,2312.6,2321.3,4760.1921
1787253300000,2321.3,2330,2321.2,2328.5,4395.5554
1787254200000,2328.4,2332.4,2323.3,2329.7,3500.7254
1787255100000,2329.8,2331.7,2320,2322.3,4673.7345
1787256000000,2322.4,2327.3,2319.7,2320.1,4201.6938
1787256900000,2320.2,2329.6,2317.5,2327,5471.4387
1787257800000,2327,2331.7,2317.8,2319.7,7781.7472
1787258700000,2320.1,2320.6,2313.5,2318.2,13277.6546
1787259600000,2318.2,2322.5,2312.8,2321.8,3542.6081
1787260500000,2321.8,2325.3,2314.4,2314.9,2054.2433
1787261400000,2314.9,2322.4,2314.5,2319.5,5907.2737
1787262300000,2319.6,2321,2316,2318.7,2882.657
1787263200000,2318.8,2319.4,2308.5,2312.6,26545.9141
1787264100000,2312.6,2318.6,2308.8,2315.6,5899.8819
1787265000000,2315.6,2316.6,2311.4,2313.3,2965.1754
1787265900000,2313.3,2319.9,2312.7,2315.1,2520.3992
1787266800000,2315.1,2323,2313.9,2323,3966.8853
1787267700000,2323,2340,2322.6,2332.5,9937.9279
1787268600000,2332.6,2335.3,2325.6,2326.5,4881.207
1787269500000,2326.6,2330.6,2323.9,2328,4850.3343
1787270400000,2328.1,2339.6,2325.9,2339.2,6621.925
1787271300000,2339.1,2350.1,2332.9,2338.1,22159.3343
1787272200000,2338.5,2352.1,2333.5,2339.1,13520.3726
1787273100000,2338.7,2351.3,2334.6,2341.8,21319.405
1787274000000,2341.6,2349.2,2338.4,2346.5,6313.9056
1787274900000,2346.8,2368.2,2338.6,2353.3,44521.932
1787275800000,2353.4,2369,2349,2357.6,24218.361
1787276700000,2357.6,2380.9,2357.2,2359.9,19360.5462
1787277600000,2359.8,2363.8,2344,2354.5,26616.1872
1787278500000,2354.6,2361.1,2347.2,2359.7,6941.5218
1787279400000,2359.9,2365.7,2354.5,2356.2,14748.4962
1787280300000,2356.3,2356.7,2345.4,2346.4,7742.4488
1787281200000,2346.5,2348.5,2338.1,2345.7,9269.103
1787282100000,2345.8,2351.1,2341.7,2350.2,3930.0167
1787283000000,2350.2,2355.7,2347.1,2351,4781.3551
1787283900000,2351.1,2355.4,2341.1,2341.8,4136.0614
1787284800000,2341.8,2351.4,2341.7,2346.4,9924.806
1787285700000,2346.4,2350.6,2344.7,2345.2,1032.3813
1787286600000,2345.2,2351.7,2344,2350.6,1129.6375
1787287500000,2350.7,2357.2,2349.6,2354.7,9132.4316
1787288400000,2354.8,2360,2350.7,2359.8,7688.1781
1787289300000,2359.9,2363.4,2350.2,2354.5,7455.2197
1787290200000,2354.5,2358.6,2352.1,2354.7,12668.1902
1787291100000,2354.7,2369.5,2353.4,2369.5,9666.9086
1787292000000,2369.5,2379.6,2365,2366.1,10169.7065
1787292900000,2366.2,2369.5,2355.9,2361.3,9543.6594
1787293800000,2361.3,2375.1,2361.3,2370.6,7532.444
1787294700000,2370.4,2384,2365.1,2373,7902.9935
1787295600000,2373,2388.5,2371.5,2388,13406.1381
1787296500000,2388,2400,2378.1,2382.5,30419.8697
1787297400000,2382.6,2389.9,2373.5,2382.3,10385.6718
1787298300000,2382.3,2384,2369.7,2373.4,4943.6753
1787299200000,2373.5,2393.8,2372,2386.1,25884.6216
1787300100000,2386.2,2394,2381.2,2389,17985.5027
1787301000000,2389,2417.4,2387.7,2411.9,37365.324
1787301900000,2412,2450,2411,2446.8,39357.0831
1787302800000,2446.8,2448.4,2377.8,2400.6,65907.0912
1787303700000,2400.7,2401.2,2385.1,2390.8,9441.279
1787304600000,2390.9,2413.1,2387.3,2409.3,14182.5094
1787305500000,2409.3,2417.8,2393.6,2405.5,10898.4502
1787306400000,2405.6,2407.6,2395.6,2402.6,12869.4026
1787307300000,2402.8,2413.6,2392.4,2401.8,16475.8425
1787308200000,2401.8,2403.5,2393,2399,9674.9712
1787309100000,2399,2407.1,2394.5,2396.6,6285.4081
1787310000000,2396.2,2400.7,2377.7,2387.6,8244.6899
1787310900000,2387.7,2389.5,2373.4,2386.9,10848.2724
1787311800000,2386.9,2387.9,2358.3,2374.9,22540.4514
1787312700000,2374.9,2378.2,2362.5,2371.8,8814.5624
1787313600000,2372.4,2381.5,2367,2380.4,10391.5218
1787314500000,2380.3,2380.4,2370.9,2376.1,3316.8539
1787315400000,2376.1,2397.2,2374,2395.4,19112.4598
1787316300000,2395.3,2398.9,2386.6,2389.3,9366.8113
1787317200000,2389.3,2397.6,2385.4,2392.2,14972.9909
1787318100000,2392.1,2392.2,2383,2388,8319.7475
1787319000000,2388,2399.9,2370,2396.7,20301.9241
1787319900000,2396.8,2408,2383.2,2388.6,23872.0485
1787320800000,2388.6,2389.2,2374.5,2380.3,13869.706
1787321700000,2380.4,2393.9,2370.3,2393.4,14193.2828
1787322600000,2393.4,2398.7,2378.6,2386.7,23964.5361
1787323500000,2386.6,2395,2386.6,2394.5,9849.9101
1787324400000,2394.7,2406.9,2392,2403,29267.8185
1787325300000,2403,2408.9,2397.8,2399.1,4820.13
1787326200000,2399.2,2404,2395.1,2400.7,2435.4209
1787327100000,2400.6,2404.2,2392.8,2393.6,7831.3471
1787328000000,2393.6,2397.8,2384.1,2384.7,10417.5305
1787328900000,2384.2,2405.4,2384.2,2404.1,33898.844
1787329800000,2404.2,2404.2,2400,2401.9,4543.9214
1787330700000,2402,2414,2401.5,2406.9,13388.9032
1787331600000,2406.9,2423.2,2405.2,2416.6,17893.6659
1787332500000,2416.6,2416.7,2402.9,2416.5,15364.078
1787333400000,2416.5,2427.3,2414.8,2420.2,15310.0973
1787334300000,2420.3,2428.2,2417.3,2424.5,7013.9048
1787335200000,2424.5,2428.2,2418.8,2422.9,6088.2146
1787336100000,2422.9,2433,2422.9,2425.5,7995.8387
1787337000000,2425.5,2427.2,2407,2409.3,18392.9355
1787337900000,2409.3,2422.3,2395.4,2420.6,30230.3938
1787338800000,2420.6,2421.2,2407.5,2415.3,7385.9649
1787339700000,2415.2,2419.9,2407.9,2418.6,4191.6504
1787340600000,2418.6,2420.4,2414.5,2417.4,6204.3431
1787341500000,2417.4,2418.7,2413,2414,6408.3917
1787342400000,2413.7,2430.8,2409,2426.4,16283.0722
1787343300000,2426.5,2449,2426.4,2445.8,44793.7276
1787344200000,2445.9,2445.9,2433.4,2438.8,11415.03
1787345100000,2438.7,2445.9,2428,2441.9,16760.0501
1787346000000,2441.8,2462.3,2435.8,2451.3,22881.4364
1787346900000,2451.1,2491.9,2445.5,2481,40356.0242
1787347800000,2481,2501.8,2478,2487.4,28156.7315
1787348700000,2487.3,2525.3,2485.6,2516.1,47850.8934
1787349600000,2516.1,2550.5,2510,2544.7,42160.6632
1787350500000,2544.6,2545.8,2531.2,2534.3,19911.2201
1787351400000,2534.3,2537,2512.9,2531.7,22085.5875
1787352300000,2531.7,2531.7,2516.4,2522.9,18245.0363
1787353200000,2523.9,2528.7,2517,2526.3,16050.4318
1787354100000,2526.4,2548.2,2524.3,2527.6,16662.169
1787355000000,2527.7,2533.6,2514.8,2526.5,15854.0814
1787355900000,2526.2,2527.5,2512,2518.3,8381.1506
1787356800000,2518.2,2525.1,2492.3,2503,26493.0068
1787357700000,2503.1,2514.1,2500.2,2508.4,14716.4308
1787358600000,2508.5,2518.9,2505.4,2510.6,11820.7311
1787359500000,2510.6,2527.3,2506.2,2527.3,26193.2295
1787360400000,2525.1,2533.8,2521.5,2522.9,12096.3204
1787361300000,2523,2528.4,2518.7,2520.7,4441.6518
1787362200000,2520.8,2530.7,2513.7,2516.8,7845.4463
1787363100000,2516.8,2526.3,2507.6,2507.8,35702.9309
1787364000000,2507.8,2513,2504,2509.7,21240.6772
1787364900000,2509.7,2523.9,2509.5,2520.1,4498.6993
1787365800000,2520.2,2522.7,2496,2510.5,38000.3086
1787366700000,2510.6,2516.4,2504.4,2516.4,9342.3679
1787367600000,2516.4,2520.9,2513.2,2513.3,6892.3275
1787368500000,2513.7,2527.5,2513.4,2521.1,17770.5491
1787369400000,2520.9,2524.3,2514.1,2518.4,5067.3131
1787370300000,2518.4,2523.7,2514.6,2515.5,4681.8996
1787371200000,2515.5,2520.8,2510.8,2519.9,4519.4732
1787372100000,2520.4,2520.4,2504.3,2516.7,27843.1497
1787373000000,2516.7,2530,2514.4,2528.5,9522.5271
1787373900000,2528.5,2528.5,2514.7,2515.3,4125.4397
1787374800000,2515.3,2518.7,2383.3,2445.7,99022.2745
1787375700000,2445.6,2453.6,2410.5,2438.4,40180.3515
1787376600000,2438.4,2449.3,2424,2433.5,15440.8614
1787377500000,2433.4,2445.6,2428.1,2439.7,6554.9204
1787378400000,2439.9,2443.9,2427,2427.8,6356.6731
1787379300000,2427.8,2437,2426.9,2429.6,5940.0111
1787380200000,2429.6,2440,2412,2431.4,10925.7207
1787381100000,2431.4,2439.4,2430.8,2437.9,4828.3263
1787382000000,2437.9,2447.8,2428.2,2433.9,6382.355
1787382900000,2434.1,2441.8,2426.4,2441.8,6031.5107
1787383800000,2442,2442,2431.9,2436.6,1334.914
1787384700000,2436.6,2438.4,2431.6,2432.7,3205.7715
1787385600000,2432.8,2440.5,2428.7,2439.6,3710.9722
1787386500000,2439.6,2439.9,2424,2425.9,2008.2638
1787387400000,2426.1,2426.1,2411.7,2424.9,11039.5693
1787388300000,2424.7,2426.1,2417.6,2425.5,3791.0798
1787389200000,2425.5,2427.6,2412.6,2427.6,4863.8724
1787390100000,2427.6,2429.1,2421.7,2424.9,2361.3822
1787391000000,2424.9,2426.1,2419.1,2422.8,1076.2616
1787391900000,2422.8,2423.1,2414.1,2421.7,6239.2538
1787392800000,2421.7,2422.5,2399,2401.2,8948.9641
1787393700000,2401.6,2408.6,2389.7,2406.7,16594.6028
1787394600000,2406.6,2417,2403.1,2415.8,4448.8214
1787395500000,2415.9,2418,2408.6,2413.5,8658.0074
1787396400000,2413.4,2416,2405.7,2408.5,3089.269
1787397300000,2408.4,2416,2407.3,2414.9,1155.1697
1787398200000,2414.9,2426,2414.2,2425.4,3551.9184
1787399100000,2425.4,2427.3,2421.1,2424.9,908.4795
1787400000000,2424.8,2435.6,2420.2,2433.8,7271.2718
1787400900000,2433.9,2439,2430.3,2436.3,2988.1569
1787401800000,2436.3,2437.7,2428.4,2432.3,1726.426
1787402700000,2432.3,2432.9,2428.3,2429.2,1373.7918
1787403600000,2429.3,2429.9,2424.7,2427.5,3289.0558
1787404500000,2427.5,2430.5,2423.6,2426.9,1389.3846
1787405400000,2426.9,2429.1,2422.4,2425.7,1988.4275
1787406300000,2425.7,2434,2425,2431.1,7401.7929
1787407200000,2431.1,2432.5,2416.3,2418.9,3675.2562
1787408100000,2419.6,2421.4,2414.6,2421.4,2090.2074
1787409000000,2421.3,2424.7,2412.8,2412.9,1327.3963
1787409900000,2413,2416.1,2409.7,2414.5,3652.3627
1787410800000,2414.6,2417.2,2407.3,2407.7,6833.2888
1787411700000,2407.3,2412.6,2406.3,2411.3,1447.1886
1787412600000,2411.4,2415.6,2410.8,2413.1,2303.6072
1787413500000,2413.2,2414.7,2410.1,2411.5,5803.0053
1787414400000,2411.5,2416.4,2409.5,2415.4,5919.0137
1787415300000,2415.4,2423.2,2415.1,2420.7,5370.5731
1787416200000,2420.8,2429.8,2419.2,2426.6,6376.7554
1787417100000,2426.6,2429.9,2423.3,2423.3,2395.2549
1787418000000,2423.3,2426,2422.2,2424.4,777.5183
1787418900000,2424.6,2429.7,2418.4,2419.7,1170.1208
1787419800000,2420.2,2425.9,2420.2,2425.6,2952.0317
1787420700000,2425.6,2431.8,2424.5,2427.1,2468.3652
1787421600000,2427.1,2431.5,2426,2427.8,2458.9359
1787422500000,2427.6,2435,2427.3,2431.9,1957.0649
1787423400000,2431.9,2434.6,2427.9,2427.9,7401.7123
1787424300000,2427.9,2429.7,2422.7,2428.4,2790.9246
1787425200000,2428.3,2431.2,2425,2430.4,1734.0717
1787426100000,2430.4,2432,2427.7,2429.4,308.1405
1787427000000,2429.4,2436,2429.3,2435.9,1602.7933
1787427900000,2436,2445.4,2434.8,2440.2,10106.0104
1787428800000,2440.1,2444.8,2437,2442.2,6359.4192
1787429700000,2442.2,2442.9,2438.4,2438.8,1542.4581
1787430600000,2438.8,2440.4,2436.5,2437.6,3169.9285
1787431500000,2437.6,2438.3,2430.3,2432.7,4255.8362
1787432400000,2432.4,2432.5,2412.8,2412.9,12781.0378
1787433300000,2413,2422.9,2413,2422.6,4366.1666
1787434200000,2422.6,2423.7,2408.5,2416.7,7885.5151
1787435100000,2416.8,2416.8,2403.6,2407.5,5906.5188
1787436000000,2407.5,2421.7,2405,2420.6,12576.4244
1787436900000,2420.8,2426.1,2418.5,2423.7,5289.3516
1787437800000,2423.7,2423.9,2409,2415,4093.0538
1787438700000,2415,2418.3,2412.2,2414.2,3026.4214
1787439600000,2414.4,2417.3,2411.3,2415.3,2332.2291
1787440500000,2415.6,2420.6,2414.8,2418.1,1080.1624
1787441400000,2418.1,2423.4,2416.1,2422,5014.9616
1787442300000,2422.1,2428,2421.7,2423.4,5685.6339
1787443200000,2423.5,2426.3,2420.4,2422.1,3960.011
1787444100000,2422.1,2429.8,2420.3,2427.2,3715.2411
1787445000000,2427.3,2434.3,2426.5,2427.8,2499.6736
1787445900000,2427.7,2436.1,2427.2,2431.7,4709.2836
1787446800000,2431.8,2431.8,2425.1,2430.4,1451.249
1787447700000,2430.5,2434.2,2426,2430.5,3533.2388
1787448600000,2430.7,2433.8,2420.3,2426.9,3216.4032
1787449500000,2427,2431,2420.7,2423.9,9817.6122
1787450400000,2423.8,2425.1,2414.2,2414.2,5267.0449
1787451300000,2414.3,2420.4,2408.8,2415.9,7451.3119
1787452200000,2416.2,2421.8,2416,2419.6,4622.1451
1787453100000,2419.8,2424.8,2417.2,2417.3,1207.0613
1787454000000,2417.5,2418.9,2413.7,2417.5,2997.6376
1787454900000,2417.5,2419.7,2412.6,2414,2463.1305
1787455800000,2414.1,2414.1,2408.3,2410.4,5531.6086
1787456700000,2410.5,2415.1,2410.4,2414.2,2584.6357
1787457600000,2414.3,2417.3,2403.6,2414.4,19362.4316
1787458500000,2414.5,2416.7,2404.4,2411.6,3912.6061
1787459400000,2411.6,2411.6,2401.8,2403.3,2627.1324
1787460300000,2403.3,2403.5,2371.1,2379.3,34252.0677
1787461200000,2379.3,2385,2363.4,2366.6,15952.2582
1787462100000,2366.7,2388,2357.2,2381.2,15836.3254
1787463000000,2381.3,2385,2374.5,2377.9,4778.8965
1787463900000,2378,2379.6,2374.7,2374.7,2318.3775
1787464800000,2374.7,2381.6,2370.8,2380.6,5454.2766
1787465700000,2380.7,2394.4,2380.2,2390.8,5998.8174
1787466600000,2390.9,2397.7,2388.4,2392.6,3490.6461
1787467500000,2392.7,2393.9,2386.6,2390.2,3419.3525
1787468400000,2390.3,2397.1,2387.9,2395.2,3112.0443
1787469300000,2395.3,2397.7,2392.7,2393.7,4109.3181
1787470200000,2393.7,2393.7,2389.1,2389.9,2519.2394
1787471100000,2390,2393.9,2387.4,2389,681.0497
1787472000000,2389.2,2415,2387.3,2407.7,9593.3191
1787472900000,2407.8,2408.9,2406,2408.1,2056.2004
1787473800000,2408.1,2428,2408,2421.1,7760.4893
1787474700000,2421.2,2422.8,2404.1,2412.8,22698.5023
1787475600000,2412.8,2416.8,2411.2,2413.8,4229.803
1787476500000,2413.9,2414.5,2408.4,2411.6,2299.9655
1787477400000,2411.6,2413.2,2405.2,2412.7,1599.6407
1787478300000,2412.6,2416.6,2411,2412.4,900.054
1787479200000,2412.4,2417.8,2411.8,2414.7,1078.6701
1787480100000,2414.6,2421,2413.6,2414,2313.9117
1787481000000,2414,2418.7,2413.4,2417.4,1702.3363
1787481900000,2417.4,2418.7,2414.5,2415.2,2925.3735
1787482800000,2415.2,2421,2415.2,2420.8,834.8643
1787483700000,2420.8,2433.7,2418.7,2428.5,8427.3325
1787484600000,2428.5,2439.3,2427,2435.1,3662.0747
1787485500000,2435.2,2435.2,2429.2,2435,3665.1833
1787486400000,2435.1,2435.1,2420.1,2423.9,2730.3625
1787487300000,2423.8,2426.1,2422,2424.4,976.3023
1787488200000,2424.3,2430.3,2423.7,2430,1230.6101
1787489100000,2430,2430,2425.7,2428.3,436.9009
1787490000000,2428.1,2433.9,2428,2433.3,1622.9253
1787490900000,2433.3,2486.9,2433.1,2455.2,41005.5798
1787491800000,2455.3,2460.4,2450.9,2457.3,7316.0555
1787492700000,2457.4,2462.6,2453.4,2461,5302.1573
1787493600000,2460.9,2469.9,2454.6,2465.3,8884.1862
1787494500000,2465.3,2468.9,2456.5,2457.4,3905.0984
1787495400000,2457.5,2458.7,2387.8,2421.8,33538.523
1787496300000,2421.5,2449.9,2421,2440.7,34568.817
1787497200000,2440.8,2445,2428.8,2435.1,8690.5596
1787498100000,2435.1,2441.4,2423.9,2438.4,7874.0643
1787499000000,2438.4,2453.5,2436.9,2447.9,8578.0356
1787499900000,2447.9,2450.1,2438.1,2440,2713.2715
1787500800000,2440.1,2447.9,2440,2445.9,1804.7281
1787501700000,2445.9,2449.4,2442.9,2449.4,2812.6234
1787502600000,2448.4,2455,2446.7,2448.5,3213.4887
1787503500000,2448.5,2460.1,2447.4,2452.7,4569.7592
1787504400000,2452.7,2455.7,2435.3,2449.2,6734.6489
1787505300000,2449.3,2450.9,2439.1,2441.4,24821.7964
1787506200000,2441.5,2444.6,2434.6,2439.4,5879.7216
1787507100000,2439.4,2446.8,2439.3,2441.4,3504.1789
1787508000000,2441.5,2450,2435.4,2446.3,6138.7457
1787508900000,2446.1,2449.4,2444.7,2447.8,1026.9447
1787509800000,2447.9,2448.8,2445.2,2447.6,3192.7772
1787510700000,2447.6,2449.7,2445.5,2449,1048.7032
1787511600000,2449,2450,2441.8,2443.3,1367.7919
1787512500000,2443.3,2445.2,2441.4,2443.2,5094.2825
1787513400000,2443.3,2448.4,2436.8,2448.4,1383.0395
1787514300000,2448.4,2454.9,2445.5,2445.6,3574.5602
1787515200000,2445.6,2445.6,2436.9,2441.7,3966.879
1787516100000,2441.7,2449.5,2440.7,2445.9,4293.5567
1787517000000,2445.9,2450.2,2445.9,2449.8,951.909
1787517900000,2449.9,2450.5,2447.2,2450.1,855.2353
1787518800000,2450.1,2470.7,2450.1,2467.3,29712.5505
1787519700000,2467.3,2481.7,2467.3,2479.1,13692.8899
1787520600000,2479.2,2487,2460.8,2462.2,41024.5448
1787521500000,2462.2,2480,2462.2,2471.1,6033.6383
1787522400000,2471.2,2476.1,2456.5,2465.1,9111.0478
1787523300000,2465.1,2468.7,2459.6,2462,2070.8992
1787524200000,2461.9,2464.5,2457.5,2460.4,2430.8875
1787525100000,2460.4,2462,2451.6,2456.7,7574.9756
1787526000000,2456.6,2457.3,2443.4,2450.3,3917.0319
1787526900000,2450.3,2461,2449.5,2460.6,1480.9608
1787527800000,2460.5,2472.4,2450,2455.2,4512.3709
1787528700000,2455.3,2467.4,2455.1,2464.4,1628.4399
1787529600000,2464.5,2465.5,2454.5,2459.8,2298.0658
1787530500000,2460,2461.2,2444.1,2452.2,3434.5926
1787531400000,2452.4,2461.3,2445.2,2446.3,6120.0033
1787532300000,2446.4,2467.9,2443.3,2466.8,6473.6992
1787533200000,2466.9,2468,2454.9,2455.3,2609.1898
1787534100000,2455.3,2455.6,2443.6,2445.4,6820.4144
1787535000000,2445.4,2450.6,2436.1,2439.8,11890.9164
1787535900000,2439.9,2441.8,2427.8,2429.1,8060.8331
1787536800000,2429.3,2446.9,2425,2445,11140.1061
1787537700000,2445,2451,2444.9,2448.2,7109.3222
1787538600000,2448.3,2452.9,2445.6,2447.1,3506.1304
1787539500000,2447.1,2447.2,2436.3,2444,3701.9634
1787540400000,2444.5,2445,2436.6,2437.3,3310.0277
1787541300000,2437.3,2444.5,2434,2434.3,5074.0761
1787542200000,2434.3,2438.7,2427.1,2436.1,5357.3735
1787543100000,2436,2441.8,2428.1,2430.7,8901.1978
1787544000000,2430.8,2440,2430.8,2439.5,6512.798
1787544900000,2439.6,2447,2439.6,2446.9,6428.9307
1787545800000,2446.9,2447.2,2439.1,2442.8,2391.0183
1787546700000,2442.8,2444.2,2429.1,2438.6,5555.0732
1787547600000,2438.7,2459.6,2434.7,2458.9,5322.0139
1787548500000,2458.9,2460.6,2448.5,2451.5,7343.8774
1787549400000,2451.5,2453.8,2438.8,2449.6,5573.6687
1787550300000,2449.6,2451,2445.9,2450,1179.0015
1787551200000,2449.8,2459.1,2445.5,2457.5,3091.4239
1787552100000,2457.6,2459.4,2453.1,2455.1,3109.3861
1787553000000,2455,2456,2446.1,2448.3,1428.2857
1787553900000,2448.3,2464.8,2447.5,2457.5,1651.1758
1787554800000,2457.5,2475,2456.3,2471.8,4188.3653
1787555700000,2471.6,2471.6,2461,2463.3,1553.1007
1787556600000,2463.2,2463.2,2453.4,2454,1736.8952
1787557500000,2454,2460.2,2453.5,2455.7,808.4421
1787558400000,2455.6,2460,2448.5,2450,2795.7273
1787559300000,2450.2,2450.3,2435.9,2439.9,9225.135
1787560200000,2439.8,2454.5,2439.6,2454.1,9244.0062
1787561100000,2454.1,2457.7,2451.1,2455.7,2280.5461
1787562000000,2455.5,2464.2,2454.8,2463,3554.7257
1787562900000,2463,2464.3,2455.1,2461.2,1693.2641
1787563800000,2461.2,2465.6,2460.3,2463.4,2302.3269
1787564700000,2463.4,2466,2462.2,2464.1,927.0889
1787565600000,2464.1,2492.9,2463.4,2484.9,12836.4459
1787566500000,2484.6,2485.3,2472.3,2473.4,2975.0179
1787567400000,2473.8,2479.5,2465.1,2468.3,4537.5159
1787568300000,2468,2472,2462.8,2466.5,3089.0876
1787569200000,2466.5,2472.1,2455.6,2470.8,8328.679
1787570100000,2470.8,2474.4,2467.1,2473.8,3490.739
1787571000000,2473.9,2509.6,2472.6,2508.6,30128.156
1787571900000,2508.6,2510.5,2490,2496.3,6776.6802
1787572800000,2496.3,2496.3,2484.6,2486.7,3798.9414
1787573700000,2486.4,2496.1,2475.8,2494.9,10311.9011
1787574600000,2495,2507.8,2490.1,2501.6,7314.9094
1787575500000,2501.7,2520,2500.3,2514.5,16417.8886
1787576400000,2514.5,2522.4,2503.6,2517.5,10905.9804
1787577300000,2517.5,2518.6,2506,2508.2,14134.6229
1787578200000,2508.2,2508.2,2484.1,2488.7,25929.6209
1787579100000,2488.5,2496.9,2477.6,2495.8,38529.714
1787580000000,2495.8,2513.7,2493.3,2513.2,17173.3499
1787580900000,2513,2529.9,2503.9,2518.5,8732.6464
1787581800000,2518.3,2533,2516.9,2523.6,33103.0934
1787582700000,2523.7,2525.5,2510.3,2517.1,5952.1253
1787583600000,2517.1,2522.1,2511.6,2516.2,4224.6215
1787584500000,2516.5,2534,2515.9,2525,50891.2198
1787585400000,2525,2525,2488.2,2495.1,41560.254
1787586300000,2494.5,2501.8,2478.5,2486.7,27643.1703
1787587200000,2486.8,2506.1,2485.9,2498.2,12432.3301
1787588100000,2498.1,2505.2,2497.7,2499.2,11366.7567
1787589000000,2499.3,2501,2489,2489.1,7346.1564
1787589900000,2489.1,2491.2,2468.8,2477.8,14957.765
1787590800000,2477.7,2483.4,2458.4,2476,30514.2122
1787591700000,2475.9,2479.1,2453.4,2457,30166.8716
1787592600000,2457.1,2468.1,2456.1,2459.8,9508.0299
1787593500000,2459.8,2468.8,2457.5,2468,7355.5974
1787594400000,2467.9,2482.7,2467.9,2482.4,14423.0668
1787595300000,2481.7,2482.7,2475.2,2479.3,4980.0162
1787596200000,2479.5,2482,2466.7,2475.8,5153.7715
1787597100000,2475.7,2480,2472.5,2473.1,3589.8294
1787598000000,2473.1,2477.1,2464.1,2472.9,5751.0479
1787598900000,2472.8,2474,2461.1,2469.5,10874.3887
1787599800000,2469.6,2473.7,2466.4,2471.1,3970.7026
1787600700000,2471.1,2471.6,2463.9,2471,1857.2466
1787601600000,2470.9,2474.8,2464.7,2472,3011.1011
1787602500000,2471.9,2471.9,2465.6,2467.9,967.446
1787603400000,2467.9,2478.6,2465.6,2473.2,1360.2225
1787604300000,2473.2,2474.3,2470.7,2474.2,882.1743
1787605200000,2474.7,2483.7,2474.7,2483.6,4843.2869
1787606100000,2483.6,2484,2478.4,2481.1,2209.888
1787607000000,2481,2483.4,2479.5,2482.9,539.9398
1787607900000,2482.9,2487.4,2481.2,2483,1756.6293
1787608800000,2483,2484.4,2478.5,2480.6,3873.0103
1787609700000,2480.6,2481.6,2474.6,2477,4714.6457
1787610600000,2477.1,2484,2476.6,2476.9,2647.3631
1787611500000,2476.7,2480,2472,2473.5,2925.7569
1787612400000,2473.4,2478.8,2469.7,2477.6,4385.2971
1787613300000,2477.7,2484.7,2477.1,2483,4166.9714
1787614200000,2482.7,2487,2481.6,2484.7,952.4076
1787615100000,2484.7,2486.2,2476.5,2482.3,1348.4722
1787616000000,2481.8,2484.6,2477.1,2479.3,4580.0868
1787616900000,2478.7,2481.9,2471.4,2478.8,7999.9631
1787617800000,2478.5,2494.7,2475.8,2492.3,5532.727
1787618700000,2492.2,2504.6,2489.5,2493.3,13809.9555
1787619600000,2493.1,2499.6,2487.3,2488.4,7909.9439
1787620500000,2488.4,2504.4,2483.6,2497.9,28948.8486
1787621400000,2497.8,2501.6,2493.6,2493.9,5879.4738
1787622300000,2494,2496.6,2488.6,2495.1,4866.2251
1787623200000,2495.3,2498.3,2492,2493.8,1851.4715
1787624100000,2493.8,2532.5,2493,2530,28605.0996
1787625000000,2529.7,2532.3,2513.7,2517.1,20486.6363
1787625900000,2517.2,2518.9,2501.3,2506.9,25634.2875
1787626800000,2506.9,2514.2,2504.5,2510.7,10155.2775
1787627700000,2510.7,2511.4,2504.3,2505.4,1752.1426
1787628600000,2505.4,2508.7,2496.5,2498.3,14586.8932
1787629500000,2498.2,2500.8,2488.2,2498.7,13429.4715
1787630400000,2498.6,2503.5,2492.2,2499.4,7995.1311
1787631300000,2499.4,2499.7,2491.8,2493.5,5521.2107
1787632200000,2493.4,2496.8,2488.6,2491.4,2171.8546
1787633100000,2491.3,2494.9,2490.3,2494.6,1410.2011
1787634000000,2494.6,2500.6,2493.2,2500.5,10868.2842
1787634900000,2500.4,2510.7,2499.5,2508.1,6143.962
1787635800000,2508.5,2511.1,2505.5,2506.5,10589.3954
1787636700000,2506.6,2510.1,2505.4,2508,2914.4683
1787637600000,2508,2510,2506.6,2509.9,927.9406
1787638500000,2510,2514.9,2508.5,2510.1,2860.5933
1787639400000,2510,2510,2498.6,2503.3,6017.0854
1787640300000,2503.5,2504.1,2496.1,2500.2,4774.837
1787641200000,2500.2,2512.4,2499.3,2506.6,3733.8861
1787642100000,2506.7,2507.5,2502,2504.3,1646.4724
1787643000000,2504.3,2504.4,2495.9,2499.4,5012.6835
1787643900000,2499.5,2499.8,2464.3,2478.6,25951.6473
1787644800000,2478.6,2486.3,2473.4,2484.9,11646.5732
1787645700000,2484.8,2497.6,2484.8,2493.4,4410.4359
1787646600000,2493.8,2495.1,2484.9,2489.5,4908.7879
1787647500000,2489.6,2490,2479.9,2483.7,2971.2771
1787648400000,2483.6,2488.7,2478.6,2486.7,926.7226
1787649300000,2486.7,2491.2,2483.6,2486.8,3184.744
1787650200000,2486.9,2490.4,2485.5,2485.6,717.8913
1787651100000,2485.4,2486.6,2462,2473.8,12993.7507
1787652000000,2473.8,2479.4,2468.9,2477.2,11812.977
1787652900000,2477.4,2478.8,2474.6,2475,1195.28
1787653800000,2475,2478.2,2473.8,2477.3,1815.7116
1787654700000,2477.3,2485.6,2477.2,2481,2234.1543
1787655600000,2481.1,2483.2,2474,2474,2349.5739
1787656500000,2474.3,2478.3,2473.4,2477.6,3256.1327
1787657400000,2477.6,2485,2477.6,2479.4,4875.0476
1787658300000,2479.1,2483.1,2476.6,2477.6,7203.1053
1787659200000,2477.6,2480.6,2466.4,2477.4,9864.3516
1787660100000,2477.4,2477.4,2457.6,2466.7,16878.3835
1787661000000,2467,2470.2,2459.7,2468.4,5589.7059
1787661900000,2468.5,2475.9,2467.4,2473,2555.9412
1787662800000,2473,2475.6,2465,2466.7,4394.376
1787663700000,2466.7,2466.7,2452.9,2456.5,19569.1891
1787664600000,2456.4,2475.9,2454,2463.8,9579.2221
1787665500000,2463.4,2464.4,2437.5,2459.4,32546.9412
1787666400000,2459.5,2471.7,2453.1,2466,7442.339
1787667300000,2466.1,2479.6,2463.3,2475,10881.0856
1787668200000,2475.1,2483.5,2469,2473.2,12960.5651
1787669100000,2473.2,2478.6,2473.2,2475.6,9987.495
1787670000000,2475.6,2476.9,2466.1,2466.2,9270.1771
1787670900000,2466.2,2476.5,2464.9,2473.6,7979.5615
1787671800000,2473.6,2479.3,2469.3,2476.6,7065.0862
1787672700000,2476.6,2482.5,2471.4,2481.8,4705.1457
1787673600000,2481.8,2484.2,2471.6,2472.9,8095.2811
1787674500000,2472.7,2476,2466.7,2471.2,4531.0807
1787675400000,2471.1,2477.5,2470.4,2474.5,6142.549
1787676300000,2474.4,2478,2468.5,2469.6,1488.2442
1787677200000,2469.6,2470.3,2455,2461.8,10683.8967
1787678100000,2461.9,2465.2,2455.8,2457.3,4857.3842
1787679000000,2457.8,2468,2457.8,2466.8,2675.9153
1787679900000,2467,2470.1,2466.5,2469.9,6604.5881
1787680800000,2469.9,2473.7,2469.5,2472.3,8096.0155
1787681700000,2472.2,2473.5,2469.8,2471.7,1095.8071
1787682600000,2471.7,2471.7,2465.1,2466.9,5745.5131
1787683500000,2466.9,2468.6,2462.6,2466.1,2133.5666
1787684400000,2466,2468.1,2461.5,2466.8,4559.652
1787685300000,2466.7,2468.9,2461.2,2461.5,3232.6276
1787686200000,2461.5,2461.5,2454.2,2454.9,3134.0295
1787687100000,2455,2462.7,2455,2462.3,1770.2947
1787688000000,2462.3,2463.3,2448.9,2456.7,3450.3463
1787688900000,2456.8,2460.6,2454.7,2455.1,5164.4414
1787689800000,2455,2455.5,2441.5,2445,4837.9539
1787690700000,2445.1,2447.1,2431.5,2434.9,27158.782
1787691600000,2434.9,2439.5,2407.5,2428.9,32931.0607
1787692500000,2428.9,2433.2,2423,2432.6,6139.9838
1787693400000,2432.5,2441.4,2431.8,2439.9,3422.8644
1787694300000,2439.9,2442.4,2438.4,2440.7,3759.6082
1787695200000,2440.7,2450.7,2440.7,2450.5,5337.8217
1787696100000,2450.6,2451.9,2441.2,2445.2,4775.3673
1787697000000,2445.1,2449.5,2443.2,2449.1,712.3754
1787697900000,2449.1,2454.3,2448.4,2452.7,2488.6437
1787698800000,2452.6,2455.3,2451.1,2453.6,1435.2053
1787699700000,2453.6,2454.8,2447.9,2450.9,1773.013
1787700600000,2450.9,2451,2441.8,2443.2,6320.7111
1787701500000,2443.1,2443.2,2435.9,2441.6,9088.6224
1787702400000,2441.7,2443.6,2434.4,2436.3,4439.5832
1787703300000,2436.3,2442.7,2435.4,2442.7,2083.7861
1787704200000,2442.7,2445,2435.4,2439.1,4040.8956
1787705100000,2439.1,2449,2438.2,2445.2,4133.1784
1787706000000,2445.2,2458,2444.2,2452.6,4260.1114
1787706900000,2452.7,2456.2,2451.3,2452.3,952.3108
1787707800000,2452.4,2461,2452.4,2456.4,2454.7422
1787708700000,2456.4,2456.5,2452.7,2454.5,3386.1577
1787709600000,2454.6,2457.9,2453.2,2454.5,6124.126
1787710500000,2454.6,2467,2454.2,2466.7,4081.195
1787711400000,2466.8,2468.8,2464.1,2466.1,5598.0595
1787712300000,2466.1,2467.7,2463.5,2464.3,3742.9785
1787713200000,2464.4,2467.4,2461.6,2462.2,1524.0136
1787714100000,2462.2,2465.1,2459.6,2462.4,1111.7855
1787715000000,2462.4,2466.4,2457.2,2463.9,2846.4797
1787715900000,2463.9,2466.2,2460.9,2464.8,836.0471
1787716800000,2464.7,2472,2461.4,2465.9,2534.1721
1787717700000,2465.8,2469.4,2464.7,2465.4,5076.604
1787718600000,2465.5,2466.5,2462.2,2463.3,3581.4808
1787719500000,2463.1,2463.1,2454.5,2455.9,2538.6103
1787720400000,2455.9,2459.1,2450.3,2457,2579.8818
1787721300000,2456.8,2463.6,2453,2462.3,3882.5009
1787722200000,2462.3,2467.3,2461.1,2464.6,4137.0112
1787723100000,2464.7,2464.7,2459.7,2463.6,4444.4041
1787724000000,2463.8,2466.5,2459.8,2460.7,6032.2848
1787724900000,2460.6,2461,2453.5,2455.8,424.6813
1787725800000,2455.8,2459.6,2452.3,2458.9,725.489
1787726700000,2459,2460.2,2456.9,2459.2,258.3908
1787727600000,2459.3,2467.7,2456.3,2464.1,4060.6831
1787728500000,2464.1,2466,2460.6,2462.9,2065.7316
1787729400000,2462.7,2466.2,2460.8,2464.3,1898.1989
1787730300000,2464.2,2466.1,2460.5,2460.5,4227.6354
1787731200000,2460.5,2469,2458.3,2464.2,4594.7077
1787732100000,2464.2,2465.7,2456.6,2461.7,4326.4809
1787733000000,2461.7,2463.3,2459.4,2462.8,2523.8869
1787733900000,2462.8,2463,2452.7,2455.4,1018.0181
1787734800000,2455.3,2460.3,2453.3,2455.2,5398.4787
1787735700000,2455.2,2455.2,2444.6,2449.6,2471.4908
1787736600000,2449.6,2452.4,2443.6,2443.7,1156.9887
1787737500000,2444,2448.5,2441.8,2447.3,1883.6815
1787738400000,2447.2,2448.7,2444,2448.6,1893.4657
1787739300000,2448.7,2454.5,2448.4,2454.1,3654.6292
1787740200000,2454.1,2469.3,2454,2464,4288.5493
1787741100000,2464,2474.4,2463.1,2468,4486.0258
1787742000000,2468.1,2472.6,2465.7,2467.1,8764.1998
1787742900000,2467,2467.9,2464.8,2465.3,3460.8097
1787743800000,2465.3,2467.1,2455.8,2461.8,8977.933
1787744700000,2461.8,2468.8,2459,2462.6,9363.5475
1787745600000,2462.6,2465.2,2458.2,2460.1,3620.1212
1787746500000,2460.1,2471.7,2457.3,2470.8,7135.7018
1787747400000,2470.8,2470.8,2444.8,2454.8,12966.8208
1787748300000,2454.7,2459.1,2451.7,2454.4,3895.0637
1787749200000,2454.4,2457,2439.6,2444.8,12226.9135
1787750100000,2444.8,2447,2436.2,2443.1,4001.5674
1787751000000,2443.5,2458,2442.2,2457.9,14738.022
1787751900000,2457.9,2461.8,2449.1,2456.6,6855.4541
1787752800000,2455.7,2460.8,2452.7,2455.2,3435.1487
1787753700000,2455.2,2460.9,2447.3,2449.5,5775.4469
1787754600000,2449.5,2451.5,2443.5,2443.5,2679.757
1787755500000,2443.2,2446.5,2437.7,2438.4,3896.6496
1787756400000,2438.4,2442.4,2431.6,2440,6652.8625
1787757300000,2439.9,2454.3,2435.3,2453.8,10901.6218
1787758200000,2453.5,2453.6,2441,2447.1,6474.142
1787759100000,2447.1,2452.9,2447.1,2448.7,7972.2826
1787760000000,2448.7,2454.4,2446.5,2449.6,4937.1151
1787760900000,2449.6,2452.3,2446.3,2448.5,1506.9863
1787761800000,2448.5,2452.4,2436.5,2437.5,8129.3098
1787762700000,2437.5,2450.1,2437.5,2443.2,1738.9881
1787763600000,2443.3,2447.2,2442.5,2445.9,2630.5386
1787764500000,2446.1,2462.8,2446.1,2462,9975.9726
1787765400000,2462.1,2466,2459.8,2460.2,5362.2841
1787766300000,2460.2,2461.8,2455,2459.9,3459.5445
1787767200000,2459.9,2469,2457.9,2466.1,3219.5243
1787768100000,2466.3,2468,2460.7,2461.7,695.4106
1787769000000,2461.7,2466,2461.2,2463.7,476.381
1787769900000,2463.6,2472.9,2463.6,2472.3,5259.0202
1787770800000,2472.3,2472.9,2468.5,2469.8,8914.3539
1787771700000,2469.8,2482.4,2469.4,2479.3,15312.8589
1787772600000,2479.3,2479.6,2467,2469.4,8735.4269
1787773500000,2469.4,2472.8,2468.1,2470.2,3439.7846
1787774400000,2469.1,2473.4,2467.7,2468,950.815
1787775300000,2468,2469.8,2458.6,2467.5,8594.2412
1787776200000,2467.6,2469.2,2463.3,2468.2,6931.8234
1787777100000,2467.6,2472.1,2467.4,2471.5,1431.3197
1787778000000,2471.4,2494.4,2469.5,2492,23652.2666
1787778900000,2492,2503.5,2487.6,2500.2,18947.7528
1787779800000,2500.2,2500.3,2493.7,2493.7,5523.0527
1787780700000,2493.8,2497.7,2491.4,2496,3049.6437
1787781600000,2496.1,2506.7,2494.1,2502.6,9391.5624
1787782500000,2503.2,2514.9,2502.1,2505,14086.401
1787783400000,2505,2505.7,2493.6,2496.8,10303.4477
1787784300000,2496.8,2496.8,2488.4,2493.1,5902.1042
1787785200000,2492.8,2495.1,2487,2489.6,5159.7535
1787786100000,2489.2,2500.3,2489,2498.1,5033.9012
1787787000000,2498.2,2507.3,2497.3,2506.9,11687.2718
1787787900000,2507.1,2512.2,2501.5,2506,7164.9205
1787788800000,2506.2,2509.9,2499.2,2501.7,4965.9648
1787789700000,2501.7,2505.5,2497.7,2499.7,1653.7925
1787790600000,2499.7,2500.6,2493.3,2494.9,4300.4357
1787791500000,2495,2496,2491.1,2491.1,5414.7183
1787792400000,2491.1,2494.2,2486.2,2488.3,12057.6189
1787793300000,2488.2,2505.3,2486.4,2502.2,12305.5878
1787794200000,2502.3,2505.1,2491.3,2491.3,12763.0736
1787795100000,2491.4,2504.8,2491.1,2496.7,10508.3507
1787796000000,2496.7,2503.7,2496.1,2501.5,5911.8533
1787796900000,2500.9,2501.5,2493,2494.2,6998.0476
1787797800000,2494.3,2496.9,2492.5,2493,1266.6012
1787798700000,2493.6,2494.4,2492.4,2493.7,195.3483
1787799600000,2493.7,2495.7,2489.7,2489.9,996.7372
1787800500000,2490,2497.8,2488.3,2496.7,1547.947
1787801400000,2496.8,2497.1,2491.1,2491.2,704.6417
1787802300000,2491.2,2493.7,2488.2,2491.9,1316.7388
1787803200000,2491.9,2493.8,2490.4,2492.9,189.9859
1787804100000,2492.9,2494.7,2491.7,2491.7,985.9563
1787805000000,2491.7,2491.7,2483,2488.4,9208.7159
1787805900000,2488.4,2490.4,2483.2,2485.9,7710.6155
1787806800000,2486,2487.2,2482.7,2484.5,1885.3881
1787807700000,2484.4,2490.5,2482.5,2484.5,10159.1697
1787808600000,2484.1,2489.2,2480.4,2486.9,2995.0642
1787809500000,2486.9,2496.6,2486.8,2496.2,12825.3452
1787810400000,2495.8,2495.8,2483.8,2487.1,8895.6532
1787811300000,2487.1,2487.1,2483.5,2484.8,630.2837
1787812200000,2484.8,2487.6,2484.7,2487.2,869.2491
1787813100000,2487.2,2492.4,2487.1,2492.4,6235.5808
1787814000000,2492.3,2494.9,2489.1,2493.5,10324.0485
1787814900000,2493.4,2493.5,2487.7,2489.9,4818.9792
1787815800000,2489.9,2493.4,2489.8,2491.3,2713.9274
1787816700000,2491,2498.3,2490.8,2496.6,2439.0615
1787817600000,2497,2528,2497,2519.1,12681.522
1787818500000,2519.2,2534.9,2512.4,2533.9,21707.2464
1787819400000,2533.9,2545.3,2526.5,2535.8,16214.0142
1787820300000,2535.8,2539.6,2528.1,2530.6,4104.4531
1787821200000,2530.4,2536.8,2525,2534.9,10139.7703
1787822100000,2535,2566.4,2530.7,2553.7,29814.3345
1787823000000,2554,2555.3,2537,2540.5,22258.8963
1787823900000,2540.5,2544,2531.6,2534.1,4165.37
1787824800000,2533.7,2538.6,2524.7,2528.6,5244.2657
1787825700000,2529,2530.5,2483.4,2509.4,23105.9179
1787826600000,2509.3,2511.6,2495.6,2504.6,12388.869
1787827500000,2504.7,2505.5,2499.5,2502.6,2120.8573
1787828400000,2502.7,2507.5,2500.7,2506.9,2301.7006
1787829300000,2506.9,2508.6,2498.3,2500.2,2194.7409
1787830200000,2500.6,2504.4,2497.1,2502.3,3255.065
1787831100000,2502.2,2502.3,2491.4,2500.4,3401.7835
1787832000000,2500.4,2505.4,2499.2,2504,2332.9541
1787832900000,2504.2,2506.2,2501.5,2504.6,1069.204
1787833800000,2504.7,2505.1,2495.2,2495.3,4134.5676
1787834700000,2495.3,2498.9,2491.2,2493.8,3064.6675
1787835600000,2493.7,2499,2493.6,2496.9,1033.3007
1787836500000,2497.3,2506,2496.1,2502,3751.1473
1787837400000,2501.9,2502,2484,2488.6,11180.477
1787838300000,2488.5,2496.6,2481.6,2495.6,17512.7289
1787839200000,2495.1,2503.5,2486.7,2490.7,14938.1628
1787840100000,2491.4,2507.8,2489.2,2507.6,18604.7307
1787841000000,2507.6,2523.2,2503.7,2520.1,18517.854
1787841900000,2520.1,2520.1,2510.1,2516.3,13225.285
1787842800000,2516.5,2529.9,2512.2,2525.5,10441.3751
1787843700000,2525.4,2526.9,2515.2,2521.5,6143.9427
1787844600000,2521.7,2530.2,2514.4,2524.6,5903.9785
1787845500000,2524.6,2525.1,2518.8,2520.6,1704.7226
1787846400000,2520.7,2526.4,2515.3,2523.4,5508.406
1787847300000,2523.4,2527.2,2520.6,2521.1,3248.242
1787848200000,2521.2,2532.5,2517.8,2530.3,8540.2396
1787849100000,2530.4,2530.5,2521.3,2521.4,2625.0933
1787850000000,2521.4,2530.8,2514.8,2528.7,7651.0732
1787850900000,2528.2,2532.5,2523,2523.3,5000.6922
1787851800000,2523.3,2525.7,2516.7,2517.1,4524.0292
1787852700000,2517.2,2521.4,2514.8,2517.3,3717.9807
1787853600000,2517.3,2517.3,2493.1,2498.4,24264.8179
1787854500000,2498.7,2501.8,2486.4,2491.6,17210.9362
1787855400000,2491.6,2496.6,2490,2495.5,9370.4875
1787856300000,2495.6,2505.9,2494.3,2505.7,5375.8443
1787857200000,2505.7,2511.4,2504.6,2509.2,6625.0288
1787858100000,2509.2,2510.9,2506.3,2510.8,10461.9112
1787859000000,2510.8,2512.8,2506.3,2509.3,8183.9422
1787859900000,2509.3,2510.3,2496,2496.4,3990.9614
1787860800000,2496.5,2499.8,2493.5,2495.2,4224.4548
1787861700000,2495.2,2504.4,2494.9,2501.7,3525.1804
1787862600000,2501.7,2505.7,2501.4,2505.6,6134.9273
1787863500000,2505.6,2506.9,2500.7,2506.9,2352.6654
1787864400000,2506.9,2507.7,2502.7,2505,1015.043
1787865300000,2505.1,2505.1,2499.2,2501.6,2119.6664
1787866200000,2501.6,2503.5,2497.7,2498.3,3295.0411
1787867100000,2498.4,2503.8,2497.8,2503.8,2416.7164
1787868000000,2503.7,2511.6,2503.6,2508.6,4354.2143
1787868900000,2508.7,2515.9,2508.7,2512.2,3474.0466
1787869800000,2512.3,2513.3,2509.3,2512.2,1246.8602
1787870700000,2512.2,2514.6,2510.1,2514.4,2914.2964
1787871600000,2514.4,2516.4,2509.7,2510,1772.5286
1787872500000,2510,2515,2508.3,2513.3,1836.0647
1787873400000,2513,2513.5,2510.1,2510.2,665.5138
1787874300000,2510.1,2511.7,2508.1,2510.1,524.1739
1787875200000,2510.1,2510.7,2505.1,2507.5,1263.502
1787876100000,2507.5,2512.9,2507.2,2512,1341.6773
1787877000000,2512.1,2517.8,2509,2514.4,2083.7005
1787877900000,2514.5,2518.5,2511.8,2514.5,1082.5618
1787878800000,2514.8,2524.3,2514.7,2520.9,5134.3874
1787879700000,2520.9,2528.7,2519,2528.2,4079.0603
1787880600000,2528.2,2533.8,2517.3,2518.8,7401.0693
1787881500000,2518.2,2519.1,2506.8,2511,6380.673
1787882400000,2511.1,2511.1,2502.1,2502.1,13072.6712
1787883300000,2502.1,2504.1,2490,2493.4,9401.0174
1787884200000,2493.5,2498.9,2489.1,2495.6,9931.3892
1787885100000,2495.5,2495.6,2486.2,2491.5,13389.909
1787886000000,2491.4,2492.1,2485.7,2490,1637.4975
1787886900000,2489.9,2495.1,2489.5,2491.9,1542.1931
1787887800000,2491.9,2494.1,2488.2,2488.5,937.1407
1787888700000,2488.5,2492.1,2488.2,2489.4,951.5972
1787889600000,2489.4,2491,2476.3,2491,6399.1811
1787890500000,2491,2495,2487,2489.7,2018.9837
1787891400000,2489.7,2490.1,2483,2485.9,6493.2148
1787892300000,2485.8,2487.5,2484.1,2485.2,2133.9145
1787893200000,2485.2,2487.8,2481.5,2484.8,4448.8162
1787894100000,2484.9,2489.7,2482.2,2489.4,4416.4849
1787895000000,2489.5,2494.6,2488.8,2494.5,1268.07
1787895900000,2494.5,2496.9,2491.4,2492.6,945.3138
1787896800000,2492.6,2502.8,2492.6,2502.5,2635.0219
1787897700000,2502.5,2502.6,2499.9,2499.9,4430.0789
1787898600000,2499.9,2502,2498.5,2500.4,4336.2725
1787899500000,2500.3,2504.7,2500.1,2502.8,6174.4928
1787900400000,2502.7,2502.9,2493.7,2496.8,10625.533
1787901300000,2496.6,2498.8,2494.2,2498.2,4733.0235
1787902200000,2498.2,2498.8,2494.6,2494.7,1158.9397
1787903100000,2494.7,2496.7,2494.6,2496.3,539.6167
1787904000000,2496.2,2503.3,2496.2,2496.8,504.9394
1787904900000,2496.7,2501.5,2496.7,2497.7,673.7879
1787905800000,2497.7,2498.1,2494,2494.1,664.9944
1787906700000,2494.4,2494.9,2486.1,2487.5,6479.6955
1787907600000,2487.5,2492.6,2483,2488.8,4774.6609
1787908500000,2488.8,2492.2,2488.8,2490.9,765.7955
1787909400000,2490.9,2492.3,2488,2488.7,1287.3094
1787910300000,2488.7,2491.2,2487.8,2489.3,4715.8213
1787911200000,2489.4,2490,2481.5,2487,5490.2249
1787912100000,2487,2488.6,2483.7,2488.5,1289.4569
1787913000000,2488.6,2494.5,2488.5,2493.9,1238.5854
1787913900000,2493.9,2508.2,2493.3,2505.7,10179.5518
1787914800000,2506.1,2511,2505.2,2509.3,1895.3919
1787915700000,2509.2,2510,2504.4,2505,1192.6424
1787916600000,2505,2507.6,2501.6,2505,1504.016
1787917500000,2504.9,2506.1,2502.5,2504.5,883.8269
1787918400000,2504.5,2505.9,2499.3,2500.7,2217.7465
1787919300000,2501,2507.8,2499.8,2500.4,2400.6512
1787920200000,2500.3,2500.6,2494.4,2498,8207.998
1787921100000,2498,2498.6,2496,2498.5,3077.4627
1787922000000,2498.4,2503.6,2496.9,2499.5,3198.8323
1787922900000,2499.5,2500.7,2495.5,2498,3277.002
1787923800000,2497.9,2504.2,2495.7,2497.2,4861.5457
1787924700000,2497.1,2518.1,2496,2510.2,12431.5607
1787925600000,2510.2,2523,2465.5,2476.4,41542.4948
1787926500000,2476.6,2492.1,2470.9,2491.6,21168.3073
1787927400000,2490.9,2525,2485.6,2509,22997.6986
1787928300000,2509,2515,2500,2511.4,11870.3575
1787929200000,2511.4,2518.7,2501.8,2502.8,4179.9604
1787930100000,2502.8,2512.2,2502.5,2506.5,2765.5882
1787931000000,2506.6,2507.5,2487,2487.7,5887.9397
1787931900000,2488,2494.5,2469,2471.2,13046.1921
1787932800000,2471,2473.3,2443,2443.5,36696.1507
1787933700000,2443.5,2449.4,2405.4,2429.9,50137.5424
1787934600000,2429.8,2445.2,2428.7,2436.1,15262.1018
1787935500000,2436.1,2444.6,2436.1,2441.8,8063.0702
1787936400000,2441.8,2444.9,2437,2444.9,4703.8464
1787937300000,2444.8,2447.5,2437,2442.1,4614.5181
1787938200000,2442,2445,2436.9,2438.2,3659.7399
1787939100000,2438.1,2446.2,2438.1,2443.3,4529.2173
1787940000000,2443.2,2444.6,2437.5,2438,3678.4049
1787940900000,2437.9,2439.5,2429.8,2431,6087.0092
1787941800000,2430.6,2432.4,2418.9,2422.7,9464.5301
1787942700000,2422.9,2428.6,2417.4,2427.3,4534.0349
1787943600000,2428.1,2437.3,2428,2435.3,10735.3069
1787944500000,2435.3,2441.3,2433.3,2438,2621.1637
1787945400000,2438.1,2438.7,2435,2435.8,1362.7974
1787946300000,2435.8,2436.5,2430.4,2434.5,3979.3667
1787947200000,2434.8,2435.6,2430.3,2435.3,2669.9982
1787948100000,2435.4,2435.4,2430,2431.7,1087.4273
1787949000000,2431.5,2431.5,2423.3,2427,5567.1745
1787949900000,2426.9,2430,2425.7,2426.6,302.1838
1787950800000,2426.7,2428.8,2425,2427.1,1100.2817
1787951700000,2427.2,2428.8,2423.4,2427.6,2001.3505
1787952600000,2427.6,2431,2425.9,2428,1192.459
1787953500000,2428,2428,2421.6,2424,737.7483
1787954400000,2424,2428.9,2421.7,2428.8,690.6231
1787955300000,2429,2435.4,2425.8,2433.7,911.7763
1787956200000,2433.7,2439.9,2433.3,2439.8,4555.1297
1787957100000,2439.9,2444.3,2439.5,2441.3,3022.458
1787958000000,2441.4,2441.4,2438.2,2441.2,1353.6264
1787958900000,2441.2,2441.3,2436.2,2437.2,279.2152
1787959800000,2437.3,2439,2437,2438.7,681.3439
1787960700000,2438.7,2442.4,2436.6,2442.3,1376.4526
1787961600000,2442.3,2445.1,2442.1,2442.2,2838.9086
1787962500000,2442.2,2448,2442.1,2445.3,2531.5638
1787963400000,2445.2,2445.3,2442.1,2443.6,746.0803
1787964300000,2443.6,2444,2440.2,2441.4,861.8526
1787965200000,2441.5,2441.8,2438.8,2439.2,313.9841
1787966100000,2439.3,2443.6,2439,2443.4,720.3323
1787967000000,2443.4,2444.3,2441.7,2443.9,299.6827
1787967900000,2444,2445.2,2441.8,2443.4,588.9019
1787968800000,2443.4,2444.3,2441.7,2441.8,357.6875
1787969700000,2441.8,2441.8,2436.3,2437.7,1696.1924
1787970600000,2437.8,2439.4,2434.8,2438.1,4786.1094
1787971500000,2438.1,2439.8,2437.4,2438.1,226.0581
1787972400000,2438.1,2439.5,2438,2438.4,845.4594
1787973300000,2438.4,2441.2,2436.4,2439.8,221.5085
1787974200000,2439.8,2440.4,2436.9,2437.7,210.9076
1787975100000,2437.6,2437.6,2434,2435.1,188.8181
1787976000000,2435.1,2436.9,2434.5,2436.4,272.5745
1787976900000,2436.3,2437.7,2436,2437.3,164.1117
1787977800000,2437.7,2438.8,2437.1,2438,276.1173
1787978700000,2438,2440.4,2437.5,2439.9,193.3352
1787979600000,2439.8,2441.8,2438.8,2441,264.5871
1787980500000,2440.9,2441,2438.8,2439.4,210.4135
1787981400000,2439.4,2441,2438.2,2440.6,281.694
1787982300000,2440.6,2440.9,2437.6,2438.4,268.1489
1787983200000,2438.4,2438.6,2430.1,2431.2,4650.1037
1787984100000,2431.2,2433.4,2430.1,2430.9,467.7565
1787985000000,2430.8,2434,2430.8,2433.2,341.5613
1787985900000,2433.2,2434.4,2433.2,2434,383.3576
1787986800000,2434.1,2436.7,2433.4,2433.9,211.323
1787987700000,2433.9,2435.6,2433.5,2434.6,348.0155
1787988600000,2434.5,2437,2434,2435.9,280.606
1787989500000,2435.9,2437.1,2435,2435.5,319.4861
1787990400000,2435,2435,2430.5,2432.6,754.3343
1787991300000,2432.2,2434.7,2431.6,2434.7,160.0733
1787992200000,2434.7,2434.7,2431.6,2432.3,143.461
1787993100000,2432.2,2433.5,2430.6,2433,171.0163
1787994000000,2433.2,2435.6,2433.2,2434.9,2525.7835
1787994900000,2434.8,2435.4,2433.4,2433.4,268.0615
1787995800000,2433.4,2436.6,2433.4,2435.2,390.6714
1787996700000,2435,2435.8,2434.4,2434.5,390.4174
1787997600000,2434.5,2434.5,2430.7,2433.1,515.6452
1787998500000,2433.1,2437.2,2433.1,2435.9,206.8824
1787999400000,2435.8,2436.1,2434.4,2434.5,181.7547
1788000300000,2434.4,2435.7,2434,2434.1,86.2115
1788001200000,2434,2437.3,2433,2437.2,706.5912
1788002100000,2437.1,2438.2,2436.4,2436.9,845.1003
1788003000000,2436.8,2436.9,2435.2,2435.2,91.5723
1788003900000,2435.2,2436.3,2434.6,2435.2,82.2563
1788004800000,2435.2,2435.8,2434.5,2435.7,62.7943
1788005700000,2435.7,2438.9,2433.2,2435,933.9885
1788006600000,2434.9,2435.2,2433.3,2434,188.5757
1788007500000,2434,2434.3,2432.7,2433.7,413.6745
1788008400000,2433.7,2434.1,2432.6,2433.5,201.0552
1788009300000,2433.5,2435.3,2431.8,2433.7,1052.0729
1788010200000,2433.7,2435.4,2432.9,2433.8,170.1602
1788011100000,2433.8,2436,2433.7,2435.1,388.6803
1788012000000,2435.1,2436,2434.4,2435.3,146.2377
1788012900000,2435.2,2436.6,2434.7,2435.1,658.2615
1788013800000,2435.1,2448,2435,2444.5,6178.1768
1788014700000,2444.5,2451.9,2444.4,2447.6,6886.5412
1788015600000,2447.5,2448.6,2440.9,2444.3,1886.13
1788016500000,2444.3,2445.8,2440.3,2444.1,4156.0103
1788017400000,2443.9,2445.7,2441.5,2443.3,605.5852
1788018300000,2443.3,2445.8,2442.1,2443.9,355.0803
1788019200000,2443.9,2448.1,2443.9,2448,2640.8155
1788020100000,2448,2455.6,2445.1,2447.3,7102.9451
1788021000000,2447.3,2451,2445.2,2450.2,1033.922
1788021900000,2450.2,2454.2,2449.3,2450.3,2248.0062
1788022800000,2450.3,2453.6,2450.2,2452.1,3217.338
1788023700000,2452.4,2455.5,2447.7,2447.7,6177.5744
1788024600000,2447.7,2449.5,2444.8,2448.8,1533.6488
1788025500000,2448.8,2450.2,2446.9,2449.9,4469.5144
1788026400000,2449.9,2451,2447.4,2447.5,812.1848
1788027300000,2447.6,2448.4,2445.1,2446.4,1334.9862
1788028200000,2446.3,2453.8,2445,2452.4,2029.2072
1788029100000,2452.4,2455,2451.3,2452,2389.7238
1788030000000,2452.1,2456.3,2452,2456.3,914.4251
1788030900000,2456.3,2458.5,2455.4,2457.6,5835.8546
1788031800000,2457.6,2458.4,2453.7,2455.2,2371.33
1788032700000,2455.2,2455.2,2450.7,2452.6,4528.791
1788033600000,2452.6,2455.6,2451.2,2455.4,804.0727
1788034500000,2455.9,2457.5,2452.5,2452.5,881.1146
1788035400000,2452.5,2452.7,2450.7,2452.4,432.8444
1788036300000,2452.3,2452.9,2451.6,2451.7,498.3007
1788037200000,2451.8,2453.1,2448.3,2451.1,4551.7303
1788038100000,2451.1,2451.9,2449.5,2449.6,486.3209
1788039000000,2449.6,2450.5,2449.3,2450.1,231.2579
1788039900000,2450.1,2452.1,2449.7,2450.9,383.7075
1788040800000,2450.7,2452.3,2449.6,2450.1,223.2739
1788041700000,2450.1,2450.7,2448.7,2450.2,585.9851
1788042600000,2450.1,2450.8,2450.1,2450.8,69.7603
1788043500000,2450.8,2452.3,2450.7,2451.9,275.6272
1788044400000,2451.9,2455.4,2451.9,2455.1,226.7743
1788045300000,2455.2,2455.7,2452.2,2454.6,217.8373
1788046200000,2454.6,2457.2,2453.1,2456.3,4205.4796
1788047100000,2456.4,2459.6,2456.3,2457.3,2571.6194
1788048000000,2457.6,2457.6,2454.5,2455.8,808.1135
1788048900000,2455.8,2467.7,2455.8,2462.4,2632.9605
1788049800000,2462.5,2464.9,2459.8,2460.7,925.0347
1788050700000,2460.6,2463.1,2458.8,2458.8,450.0011
1788051600000,2458.9,2460.3,2455.7,2456.1,1511.5187
1788052500000,2456.2,2456.8,2452.5,2453.9,4125.1279
1788053400000,2454,2457.7,2453,2456,776.5083
1788054300000,2456,2459.1,2454.9,2456.3,76.5324
1788055200000,2456.3,2458.4,2455,2458.2,140.2513
1788056100000,2458.2,2458.4,2453.2,2455.3,580.1064
1788057000000,2455.3,2457.8,2453.7,2455.4,539.5989
1788057900000,2455.4,2458.4,2454.2,2454.7,222.7728
1788058800000,2454.7,2455.7,2453.8,2455.3,921.1006
1788059700000,2455.3,2458.7,2455.1,2458.7,194.1286
1788060600000,2458.7,2460.3,2457.7,2458.2,710.3235
1788061500000,2458.2,2458.2,2456.6,2456.9,119.271
1788062400000,2456.9,2458.4,2456.4,2456.9,1067.3921
1788063300000,2456.9,2458.5,2454.8,2455.2,2666.9549
1788064200000,2455.2,2455.7,2452.7,2452.8,10192.4462
1788065100000,2452.8,2455.4,2451.3,2455.4,201.52
1788066000000,2455.4,2459.3,2455.3,2456.7,155.7195
1788066900000,2456.7,2456.7,2455.1,2455.4,77.8315
1788067800000,2455.4,2456.3,2454.8,2455.6,133.0191
1788068700000,2455.6,2455.9,2455,2455.7,43.5385
1788069600000,2455.7,2455.9,2454.6,2455.2,170.8418
1788070500000,2455.2,2457.4,2455.2,2456.3,181.6881
1788071400000,2456.3,2460,2456.2,2459.4,6042.1568
1788072300000,2459.3,2461.1,2459,2460.8,1727.0267
1788073200000,2460.8,2460.9,2458.1,2459,2943.7364
1788074100000,2458.9,2459,2457.2,2457.4,293.1202
1788075000000,2457.4,2458.5,2455.7,2455.8,5407.7797
1788075900000,2455.8,2456.8,2454.5,2455,111.6864
1788076800000,2455.1,2458.6,2455,2456.3,144.0279
1788077700000,2456.3,2459.4,2456.2,2458.5,252.041
1788078600000,2458.4,2458.5,2454.7,2455.8,190.919
1788079500000,2455.9,2456.8,2454.5,2456.5,344.2871
1788080400000,2456.4,2457.3,2456,2456.7,216.2312
1788081300000,2456.7,2457.8,2452.9,2452.9,326.3872
1788082200000,2453,2455,2451.7,2453.8,859.4078
1788083100000,2453.9,2454.9,2452.6,2453.3,498.7539
1788084000000,2453.3,2455.3,2452.2,2453.6,666.8293
1788084900000,2453.6,2458.2,2452.4,2455.2,380.0511
1788085800000,2455.2,2458.4,2454.9,2457.9,2798.9398
1788086700000,2457.9,2459.7,2457.9,2459.5,1457.6509
1788087600000,2459.5,2459.8,2457.9,2458.7,466.3018
1788088500000,2458.7,2461.6,2457.9,2460.9,218.8401
1788089400000,2461.2,2461.2,2457.9,2459.9,241.5837
1788090300000,2459.9,2460.2,2456.7,2460.2,1303.9055
1788091200000,2460.2,2473.1,2460,2469.7,11708.8294
1788092100000,2470,2470.1,2462,2465.9,2348.5449
1788093000000,2466,2467.2,2458.1,2464.5,3216.735
1788093900000,2464.5,2469,2462.9,2468.9,4759.9433
1788094800000,2469.1,2470.3,2462,2462.1,7195.3358
1788095700000,2462.1,2466.8,2460.5,2466.3,4142.2445
1788096600000,2466.3,2471.7,2465,2470.1,8271.7042
1788097500000,2470.2,2477.9,2470.1,2475.6,8650.8867
1788098400000,2475.5,2479.6,2471.3,2479.3,1861.1434
1788099300000,2479.1,2479.6,2475,2477.5,1169.275
1788100200000,2477.5,2479.9,2473.7,2475.4,1912.8311
1788101100000,2475.4,2478.4,2474.2,2477.2,1082.1211
1788102000000,2477.2,2482,2472.9,2473.6,2096.067
1788102900000,2473.7,2480,2471.8,2477.9,2391.0221
1788103800000,2477.9,2480.2,2476.3,2480.2,1267.5926
1788104700000,2480.1,2483.6,2478.5,2481,720.1345
1788105600000,2481,2514.5,2479.3,2511.2,23620.8394
1788106500000,2511.2,2521.3,2508.3,2514.8,32599.5356
1788107400000,2514.8,2536.7,2513.4,2530.2,20434.206
1788108300000,2530.3,2531.8,2521.8,2530.4,13705.0808
1788109200000,2530.2,2530.2,2520.5,2521.5,9754.6889
1788110100000,2521.5,2521.9,2495,2498.9,19825.8514
1788111000000,2498.9,2509,2495.4,2508,7851.9364
1788111900000,2508,2510.6,2501.9,2507.3,11081.7325
1788112800000,2507.3,2509.8,2497.1,2500.4,7263.3463
1788113700000,2500.4,2513.8,2499.4,2513.4,6551.035
1788114600000,2513.4,2519,2511.7,2515.6,3713.0991
1788115500000,2515.8,2516.1,2510.3,2511.7,5241.236
1788116400000,2511.7,2513.9,2507.5,2513.9,3524.4125
1788117300000,2513.9,2514.7,2507.2,2507.2,2677.8332
1788118200000,2507.1,2508.5,2500.2,2500.2,5216.0858
1788119100000,2500.3,2505.2,2497.5,2504.8,3814.3682
1788120000000,2504.8,2508.6,2504.8,2505.8,1608.5595
1788120900000,2505.8,2509.5,2504.5,2504.5,1489.5369
1788121800000,2504.6,2505.1,2486.4,2488.8,10895.424
1788122700000,2488.9,2500.7,2488.1,2491.1,9375.9829
1788123600000,2491.1,2491.5,2461.1,2474.9,23704.9641
1788124500000,2474.9,2479.9,2472.5,2478.7,4257.2139
1788125400000,2478.8,2484,2477.9,2480,3884.6428
1788126300000,2480,2483.9,2475.4,2482.7,2542.6928
1788127200000,2482.6,2489.3,2475,2475.5,4526.587
1788128100000,2475.4,2476.7,2465.7,2466.9,14239.7308
1788129000000,2467,2475.7,2461.1,2471.8,5510.1758
1788129900000,2471.9,2473.5,2466.4,2470.7,1903.1034
1788130800000,2470.7,2470.7,2464.5,2465.3,2301.7201
1788131700000,2465.1,2466.2,2421.9,2426.9,36049.3025
1788132600000,2426.9,2435.6,2404.1,2412.4,41353.2312
1788133500000,2412.5,2421.1,2388,2417.5,52593.2183
1788134400000,2417.5,2422.1,2407.2,2420.9,11952.0927
1788135300000,2421,2433,2419.7,2431.4,10093.1771
1788136200000,2431.4,2441.2,2429.6,2432.9,9024.7236
1788137100000,2433,2434.1,2427,2429.1,2823.8193
1788138000000,2428.9,2431.3,2414.7,2418.9,3706.0197
1788138900000,2418.3,2424,2415.9,2420.8,1977.0012
1788139800000,2421,2426.8,2415.9,2419.3,6500.2556
1788140700000,2419.3,2422.2,2410.5,2413.4,2122.5725
1788141600000,2413.5,2425.4,2408.7,2423.5,3936.0655
1788142500000,2423.1,2423.8,2415,2416.7,10126.7424
1788143400000,2416.6,2418.9,2413,2413.7,1030.6279
1788144300000,2413.7,2414,2400.7,2407.7,18528.1726
1788145200000,2407.9,2416.8,2404.7,2415.6,5619.3291
1788146100000,2415.6,2422.2,2413.7,2420.4,6900.5197
1788147000000,2420.1,2423.7,2418.3,2423.3,4241.2833
1788147900000,2423.3,2424.8,2420.4,2420.7,5981.0768
1788148800000,2420.7,2421.4,2413.4,2414.8,2702.4429
1788149700000,2414.8,2414.9,2411.5,2412.7,5810.9331
1788150600000,2412.7,2416.4,2412.1,2415.6,2639.9338
1788151500000,2415.6,2418.9,2411.7,2418,2407.2612
1788152400000,2418,2423.9,2414,2422.8,2802.9779
1788153300000,2422.9,2442.6,2422.9,2435,14559.647
1788154200000,2435.8,2438,2429,2436,12863.7754
1788155100000,2436.1,2439.2,2434.3,2436.2,2071.2183
1788156000000,2436.3,2438.2,2431.8,2436.9,1710.2799
1788156900000,2436.9,2445.6,2436.8,2442.4,16874.0981
1788157800000,2442.4,2445.1,2438.1,2443,6587.5993
1788158700000,2443,2444.2,2438.9,2439.2,3870.3274
1788159600000,2439.1,2442.3,2436.7,2440.1,4708.5491
1788160500000,2440.2,2446.7,2440.1,2443.2,3172.3341
1788161400000,2443,2443.4,2439.1,2441.6,710.9222
1788162300000,2441.6,2441.7,2439,2440.8,900.3877
1788163200000,2440.8,2446,2434.4,2440.9,1613.9041
1788164100000,2440.9,2440.9,2434.2,2436.5,1636.8237
1788165000000,2436.4,2449.8,2435.9,2443.5,2067.9434
1788165900000,2443.5,2448.5,2443.1,2446.8,847.4757
1788166800000,2446.8,2453.6,2444.1,2446.4,2260.6483
1788167700000,2446.2,2453,2445,2447.8,2046.0772
1788168600000,2447.9,2450.2,2446.7,2450.2,1353.9744
1788169500000,2450.1,2457,2446.6,2447.1,9500.8939
1788170400000,2447.1,2450.1,2441.5,2450.1,8270.992
1788171300000,2450,2450.4,2446.3,2449.9,4428.4845
1788172200000,2450,2452.5,2446.6,2451.7,633.9214
1788173100000,2451.4,2457.5,2450.6,2456.2,2318.0905
1788174000000,2456.2,2458.2,2453.2,2455.3,990.1168
1788174900000,2455.3,2457.4,2451.8,2452.8,4399.4329
1788175800000,2452.9,2453,2446.9,2447.5,6961.0565
1788176700000,2447.5,2448.4,2443.9,2446.2,1564.9532
1788177600000,2446.2,2457.8,2444.8,2453.6,4163.5869
1788178500000,2453.6,2464.2,2448,2455.6,6212.0039
1788179400000,2455.1,2459.2,2445.8,2451.5,8925.4667
1788180300000,2451.5,2452.4,2447.2,2452.1,2432.7125
1788181200000,2452.1,2459.7,2452,2455,2531.0626
1788182100000,2455,2456.1,2444.9,2450.8,16488.0803
1788183000000,2451,2458.6,2445.1,2447.8,13906.3431
1788183900000,2447.8,2449.4,2437.1,2439.9,11953.1414
1788184800000,2439.9,2447.6,2437.9,2441,14955.7038
1788185700000,2440.7,2448.6,2438,2445.5,4703.7516
1788186600000,2445.8,2475.6,2443.7,2465.7,28225.1089
1788187500000,2466.8,2471.3,2460.9,2467.6,11190.3754
1788188400000,2468.3,2471.2,2459,2459.9,2198.3878
1788189300000,2459.8,2471,2458.8,2469.2,3162.137
1788190200000,2468.9,2478.6,2466,2477,9962.4079
1788191100000,2477.3,2478.6,2467.7,2468.2,5358.3009
1788192000000,2468.2,2472.7,2464.5,2465.9,2972.5347
1788192900000,2465.9,2471.9,2462.4,2464.6,2679.0842
1788193800000,2465.6,2472.8,2464,2471.5,2141.9233
1788194700000,2472.4,2476.9,2468.7,2469.6,2973.7763
1788195600000,2469.4,2474.4,2468.6,2472,587.3202
1788196500000,2472,2472.5,2461.2,2463.6,8964.9964
1788197400000,2464,2474,2462.6,2471.8,6228.9268
1788198300000,2471.7,2478.2,2470,2476,6845.2499
1788199200000,2476.1,2476.1,2470.3,2474,4098.4445
1788200100000,2474,2481.2,2469.9,2472.5,6275.6436
1788201000000,2472.4,2490,2471.5,2488.9,6092.6486
1788201900000,2488.6,2488.6,2477.2,2478.4,3358.8208
1788202800000,2478.4,2490,2478.4,2486.7,4408.376
1788203700000,2486.7,2486.7,2482.3,2486,3065.8579
1788204600000,2486,2486.5,2479.1,2480.9,1970.6801
1788205500000,2480.8,2486,2478.3,2482.3,2924.6205
1788206400000,2482.2,2483.3,2478.7,2480.1,2273.7228
1788207300000,2480.5,2486.7,2476.3,2476.3,3702.465
1788208200000,2476.6,2478.6,2470.7,2474.3,3336.9171
1788209100000,2474.2,2475.2,2471.6,2473.4,798.547
1788210000000,2473.3,2476.5,2468.5,2472.9,1390.9873
1788210900000,2472.8,2478.8,2471.3,2478.8,1102.152
1788211800000,2478.8,2484,2477.8,2482,5655.0853
1788212700000,2481.9,2483.7,2479.7,2479.8,2618.7
1788213600000,2479.7,2481.5,2475.1,2475.4,890.2051
1788214500000,2475.3,2475.8,2471.6,2471.9,930.7891
1788215400000,2471.8,2472.6,2468.8,2469.3,626.6279
1788216300000,2469.3,2471,2468.4,2469.6,1907.5803
1788217200000,2469.6,2469.7,2462.3,2465,6121.9541
1788218100000,2465.1,2466.9,2463.6,2466.7,1551.9262
1788219000000,2466.7,2468.4,2465,2467.9,1356.0138
1788219900000,2467.9,2468.3,2466.2,2468,753.2079
1788220800000,2467.9,2473.9,2466.1,2472.9,5288.7178
1788221700000,2472.7,2478.2,2471.9,2475.8,756.0429
1788222600000,2475.8,2477.6,2471.5,2472.4,577.0284
1788223500000,2472.5,2476.2,2469.8,2472.2,588.7908
1788224400000,2472.3,2476.9,2467.6,2468.2,2397.5111
1788225300000,2468.3,2470.6,2458.9,2461.3,14278.418
1788226200000,2461.3,2468.4,2458.2,2467.4,5575.3533
1788227100000,2467.5,2468.3,2461.4,2463,2530.9579
1788228000000,2463.1,2463.1,2454.5,2457.3,6283.1322
1788228900000,2457.4,2462.4,2455,2458.5,1220.1211
1788229800000,2458.6,2463.3,2458.6,2460.5,778.7749
1788230700000,2460.4,2465.2,2459.9,2465.2,3573.7372
1788231600000,2465.2,2467.4,2464.3,2465.3,805.8469
1788232500000,2465.9,2467,2463.3,2466.8,370.4624
1788233400000,2466.7,2483.6,2466.3,2477.2,15045.2114
1788234300000,2477.2,2477.2,2471.9,2472.8,2066.5193
1788235200000,2472.9,2475.8,2470.7,2473.6,1156.5278
1788236100000,2473.7,2478.6,2473.6,2476.6,2202.1612
1788237000000,2476.7,2477.7,2472,2472,434.3222
1788237900000,2472.1,2473.1,2469,2470.5,3284.3437
1788238800000,2471.1,2477.3,2469.5,2473.6,1283.9
1788239700000,2473.6,2476.3,2471,2475.9,1423.1982
1788240600000,2475.8,2482.8,2475.7,2482.7,1769.4961
1788241500000,2482.6,2485.8,2480.2,2485.6,2074.9273
1788242400000,2485.7,2485.7,2479,2480.5,913.0265
1788243300000,2479.8,2479.8,2474.5,2476.5,724.779
1788244200000,2476.5,2478.4,2476.2,2477.2,1912.3008
1788245100000,2477.2,2477.3,2472.4,2472.4,650.5042
1788246000000,2472.3,2475.8,2472,2474.4,638.0807
1788246900000,2474.5,2477.8,2474.4,2475.6,658.3144
1788247800000,2475.6,2476.6,2467.6,2471,2580.9477
1788248700000,2471.1,2474.2,2469.4,2473.2,1419.965
1788249600000,2473.3,2474,2461.8,2464.5,4513.1465
1788250500000,2464.6,2465.3,2448.1,2448.5,7525.6887
1788251400000,2448.4,2455.7,2445.1,2451.7,8001.4692
1788252300000,2451.7,2454,2447,2447.9,6856.4393
1788253200000,2448,2449.6,2443.3,2444.7,3627.2591
1788254100000,2444.7,2453.6,2444.1,2451.4,3253.6792
1788255000000,2451.5,2455.4,2449.7,2454.5,1903.1654
1788255900000,2454.5,2455.1,2451.4,2452.1,1376.7273
1788256800000,2452.1,2455.1,2449,2452.2,2925.041
1788257700000,2452,2459.1,2448.2,2457.6,1600.4278
1788258600000,2457.6,2463.1,2457.5,2460.4,1225.2061
1788259500000,2460.3,2462.1,2455.6,2456.6,1253.8085
1788260400000,2456.6,2456.7,2453.6,2454.6,1503.2859
1788261300000,2454.6,2456.6,2452.5,2456,710.8923
1788262200000,2456,2463.3,2454.4,2459.9,1546.7406
1788263100000,2459.9,2463.6,2457.9,2458.6,1062.7721
1788264000000,2458.6,2458.9,2453,2455.2,1824.2858
1788264900000,2455.2,2458,2451.6,2454.9,679.4572
1788265800000,2454.9,2454.9,2437.9,2445.7,4098.9195
1788266700000,2445.8,2448.8,2444.2,2446.1,1830.2609
1788267600000,2445.8,2447,2428.6,2441,5960.0449
1788268500000,2441,2444.6,2438.3,2443.9,688.1722
1788269400000,2444,2449.6,2431.3,2442.6,7385.3318
1788270300000,2442.3,2449,2439.8,2443.8,5063.2017
1788271200000,2443.8,2456.6,2441.6,2451.6,17630.7525
1788272100000,2451.1,2455.2,2446.4,2451.4,1778.2647
1788273000000,2451.5,2456.3,2450.5,2455.1,1246.5346
1788273900000,2455.2,2458,2447.7,2449.4,1590.1481
1788274800000,2449.7,2449.7,2435.2,2438.8,10429.3256
1788275700000,2438.7,2443.7,2435.9,2443.7,1715.3529
1788276600000,2444,2448.6,2441.6,2448.5,2668.0122
1788277500000,2448.6,2455,2448.3,2449.6,1673.3887
1788278400000,2449.1,2450,2434.8,2435.1,3936.4913
1788279300000,2435.1,2439.3,2426.8,2433.9,6471.2939
1788280200000,2433.9,2435.9,2420.4,2429.3,15165.7892
1788281100000,2429.6,2435.4,2428.8,2433.3,1349.603
1788282000000,2433.2,2435,2431.3,2433.6,2228.0357
1788282900000,2433.6,2437.2,2428.4,2433.5,2410.8482
1788283800000,2433.4,2439.5,2432.8,2433.9,2363.9315
1788284700000,2433.4,2433.5,2417.3,2417.8,8952.3271
1788285600000,2417.9,2422.4,2409,2417.1,29484.3269
1788286500000,2417,2418.4,2404.5,2414.5,10284.9029
1788287400000,2414.5,2417.3,2389,2389.3,34803.3406
1788288300000,2389.2,2413.5,2383.2,2413.4,20263.0469
1788289200000,2413.4,2420.2,2413.3,2415.6,7866.9327
1788290100000,2415.5,2425.6,2412.8,2421.4,15152.6009
1788291000000,2421.3,2422.9,2417.9,2418.1,2105.0957
1788291900000,2418,2419.3,2412.9,2419.3,5777.4423
1788292800000,2419.4,2420.9,2413.5,2420.8,6475.2204
1788293700000,2420.9,2422.7,2416.4,2420.4,4531.4033
1788294600000,2420.5,2423.9,2418.7,2419.7,2575.0492
1788295500000,2419.7,2421.9,2417.1,2421.6,828.9964
1788296400000,2421.6,2423.5,2404.8,2408.7,9504.5199
1788297300000,2408.9,2417.2,2400.4,2415,2065.6288
1788298200000,2415.1,2415.1,2407.7,2413.2,5309.769
1788299100000,2413.2,2418.2,2413.1,2415.7,5075.6736
1788300000000,2414.8,2418.8,2414.2,2416.7,830.8818
1788300900000,2416.4,2416.5,2407.6,2408.1,688.8916
1788301800000,2408.1,2410.3,2406,2407.5,1623.8305
1788302700000,2408.1,2416.3,2408.1,2413.4,1254.5919
1788303600000,2413.5,2415.3,2411.1,2413.1,953.076
1788304500000,2413.1,2417.7,2412.9,2417.6,889.4553
1788305400000,2417.7,2426.9,2416.6,2423.6,2944.7884
1788306300000,2423.6,2426,2418.9,2418.9,694.5155
1788307200000,2418.9,2421.2,2417.2,2420.5,492.5124
1788308100000,2420.5,2422.9,2411.9,2412.9,2639.7356
1788309000000,2412.8,2415.7,2406.7,2409.3,1295.2931
1788309900000,2409.4,2412,2408,2409.1,780.3591
1788310800000,2408.7,2415.3,2407.3,2413.7,1150.2774
1788311700000,2413.7,2415.4,2409.2,2409.4,10050.5815
1788312600000,2409.3,2411.8,2392.5,2394.9,15886.7995
1788313500000,2394.9,2400,2387,2399.5,15751.198
1788314400000,2399,2405.8,2394.8,2402.1,7201.4762
1788315300000,2402.1,2411,2401.2,2409.9,5867.2548
1788316200000,2409.9,2410.4,2404.7,2406.7,3556.6213
1788317100000,2406.7,2410,2405.9,2410,1434.4496
1788318000000,2409.9,2420,2408.5,2415.4,2156.6337
1788318900000,2415.4,2424.4,2414,2420.5,3590.1632
1788319800000,2420.4,2420.5,2414.9,2415.4,3727.368
1788320700000,2415,2417.5,2412.8,2414.9,2719.6379
1788321600000,2414.8,2416.5,2407.1,2409.1,12502.9542
1788322500000,2409.1,2414.4,2406.4,2413,2531.243
1788323400000,2413.3,2416.6,2412.5,2416.4,2042.8104
1788324300000,2416.4,2417,2415.2,2415.7,1325.5195
1788325200000,2415.7,2416.7,2409.9,2415.9,2020.6023
1788326100000,2415.8,2423.7,2415.8,2423.2,2952.4592
1788327000000,2423.1,2423.5,2420.1,2421.2,797.2853
1788327900000,2421.5,2425.2,2421.1,2423.2,2263.0579
1788328800000,2423.1,2425.5,2419.3,2419.4,994.7826
1788329700000,2419.4,2422.8,2417.5,2418.7,1157.1145
1788330600000,2418.7,2425.6,2416.3,2422.5,5305.5728
1788331500000,2422.5,2422.9,2417.4,2421,512.2078
1788332400000,2421,2429.5,2420.6,2427.3,4832.1301
1788333300000,2427.2,2427.3,2421.6,2422.2,1633.7379
1788334200000,2422.2,2424.6,2421.4,2422.1,222.4529
1788335100000,2422,2423.4,2418,2418.1,717.2889
1788336000000,2418,2421,2414.2,2417.6,2092.8314
1788336900000,2417.6,2419.2,2413.8,2415.1,2264.6944
1788337800000,2415,2415.1,2395,2396.4,13762.6837
1788338700000,2396.3,2400.5,2390,2393.2,7105.6902
1788339600000,2393,2400.4,2392.9,2395.9,3419.9524
1788340500000,2395.8,2396.1,2377.5,2388.2,11569.7907
1788341400000,2388.3,2388.5,2367.2,2369.3,28273.9894
1788342300000,2369.3,2377,2366.1,2376.6,8726.2729
1788343200000,2377,2377,2369.5,2373,3330.8768
1788344100000,2372.8,2375.7,2369.2,2369.5,1856.1544
1788345000000,2369.4,2370.6,2358.8,2366.2,10575.0678
1788345900000,2366.2,2372.7,2356,2372.4,11415.3265
1788346800000,2371.8,2376.9,2367.1,2375.5,5204.3646
1788347700000,2376.1,2377.4,2369,2374.3,2123.8395
1788348600000,2374.3,2382.6,2373.4,2378.2,8862.8642
1788349500000,2378.2,2382.6,2377,2382,2689.0313
1788350400000,2382,2383,2378.3,2382.3,1840.3707
1788351300000,2382.7,2390.6,2379.4,2387,10542.1291
1788352200000,2387,2387.3,2380.5,2382.5,2583.2979
1788353100000,2382.4,2382.5,2377.6,2377.7,1432.1239
1788354000000,2377.7,2385.7,2377.7,2381.9,1864.3566
1788354900000,2381.9,2389.9,2381.8,2388.4,4395.057
1788355800000,2388.5,2418,2379.6,2417.2,25548.108
1788356700000,2417.2,2419.4,2397.7,2403.6,20396.3308
1788357600000,2403.6,2408.8,2395.8,2407.4,10353.4501
1788358500000,2407.3,2411.9,2400.7,2404.2,9909.6777
1788359400000,2404.1,2404.6,2393.3,2403.9,11877.5328
1788360300000,2403.8,2405.1,2393.8,2394.2,5482.5086
1788361200000,2394.2,2397.2,2377.9,2384.5,21463.8035
1788362100000,2384.5,2393,2384,2388,3561.9543
1788363000000,2388.5,2398.3,2385,2397.5,2835.9226
1788363900000,2397.3,2397.3,2383.4,2390.7,3005.9461
1788364800000,2390.8,2396.7,2386.8,2394.2,4408.7893
1788365700000,2394.2,2404.8,2392.7,2398.3,10656.1714
1788366600000,2398.7,2403.1,2388.6,2388.7,2471.7476
1788367500000,2388.6,2392,2384.4,2385.9,3923.9621
1788368400000,2385.8,2388,2375.3,2380,7631.6975
1788369300000,2379.9,2380.8,2371.9,2379.2,15584.0948
1788370200000,2379.3,2389.3,2378.2,2389.3,4202.8373
1788371100000,2389.2,2394.4,2389.2,2393.5,3114.8289
1788372000000,2393.5,2396.9,2391.2,2395.3,2168.764
1788372900000,2396,2399.7,2393.9,2396.2,1597.4506
1788373800000,2396.4,2397.7,2390.9,2391.9,2354.4849
1788374700000,2391.8,2395.6,2390.3,2394.7,776.936
1788375600000,2394.7,2396,2393.4,2395.5,1254.8691
1788376500000,2395.4,2396,2386.5,2386.7,2133.4945
1788377400000,2386.4,2388,2383,2386.8,3517.721
1788378300000,2386.4,2392.5,2385.7,2392.4,782.2307
1788379200000,2392.5,2399.7,2390.5,2392.5,1631.007
1788380100000,2392.3,2396.6,2386.2,2391.1,1241.9921
1788381000000,2391,2395.4,2390.1,2390.8,589.6769
1788381900000,2390.3,2395.3,2388.2,2393.2,1809.8296
1788382800000,2393.2,2394.3,2391,2392.6,398.1151
1788383700000,2392.5,2393.2,2390.9,2391.1,661.4096
1788384600000,2391.2,2395.1,2388.8,2394.1,1680.7235
1788385500000,2393.8,2393.9,2390.1,2390.2,257.7532
1788386400000,2390.1,2390.1,2381.4,2384.4,4308.0481
1788387300000,2384.5,2385.6,2378.2,2378.6,2332.5424
1788388200000,2378.5,2384.3,2378.5,2382.9,2092.867
1788389100000,2382.8,2383.2,2378.8,2379.1,2229.7221
1788390000000,2379.1,2386.2,2377,2386.2,1963.2908
1788390900000,2386.1,2386.3,2382.8,2385.2,260.0581
1788391800000,2385.2,2387.6,2382.7,2383.8,130.4584
1788392700000,2383.7,2393,2383.7,2391.6,1681.2646
1788393600000,2391.3,2395,2386.9,2387,712.612
1788394500000,2387,2387,2380.1,2380.1,3246.9268
1788395400000,2380.1,2385.3,2377.9,2383.5,6864.6995
1788396300000,2383.4,2384.1,2378.9,2379.8,829.254
1788397200000,2379,2390.8,2369.2,2390.2,5365.6454
1788398100000,2390.2,2391.5,2385.6,2391.4,1144.4038
1788399000000,2391.5,2393.7,2387,2388.6,6223.7093
1788399900000,2388.4,2390.8,2384.1,2386.1,437.227
1788400800000,2386.1,2390.9,2382.2,2390.6,1910.5382
1788401700000,2390.8,2396.1,2388.6,2395.6,2838.1546
1788402600000,2395.7,2407.3,2393.9,2405.4,18012.7134
1788403500000,2405.6,2410.2,2403.1,2406,5968.5765
1788404400000,2406.5,2408.9,2403.2,2408,1064.7418
1788405300000,2408,2411,2404.3,2404.3,3551.1081
1788406200000,2404.3,2405.8,2399.9,2400.6,1574.4539
1788407100000,2400.6,2403.6,2399.9,2403.5,230.7942
1788408000000,2403.6,2407.4,2401.5,2402,624.7772
1788408900000,2401.9,2401.9,2397,2398.6,577.5505
1788409800000,2398.6,2400.2,2397.6,2397.7,845.8934
1788410700000,2397.7,2408.4,2397.7,2408.1,830.1397
1788411600000,2408.3,2410.2,2401.2,2402.3,895.0119
1788412500000,2402.2,2402.9,2379.5,2385.6,7985.9574
1788413400000,2385.4,2397.2,2384.1,2395.9,2045.4956
1788414300000,2395.9,2405.5,2393.6,2404.6,1269.7616
1788415200000,2404.7,2406.2,2400.3,2401.2,736.2966
1788416100000,2401.1,2408.4,2400.6,2407.6,1002.0436
1788417000000,2407.6,2409.8,2405.7,2409.7,3273.9719
1788417900000,2409.7,2409.9,2406.7,2408,2395.9139
1788418800000,2407.8,2419.1,2407.2,2413.1,9949.0187
1788419700000,2413.1,2413.2,2404.7,2407.7,3386.1004
1788420600000,2407.7,2412.7,2403.3,2407.8,1966.5289
1788421500000,2407.8,2409.2,2396,2398.3,3621.2075
1788422400000,2398.3,2412.7,2398.3,2405.1,1697.7652
1788423300000,2405.1,2409,2400.2,2408.5,1245.9567
1788424200000,2408.5,2409.1,2404.7,2404.8,975.4151
1788425100000,2404.8,2406.9,2401,2403.3,958.9057
1788426000000,2403.3,2407.5,2401,2404.6,271.7542
1788426900000,2404.5,2406.1,2398.7,2398.7,1244.4594
1788427800000,2398.7,2399.3,2393.8,2396.7,875.091
1788428700000,2396.6,2399,2393.2,2393.3,1039.76
1788429600000,2393.1,2396.2,2389.8,2391.1,4476.2007
1788430500000,2391,2399,2389,2396.2,9498.042
1788431400000,2396.2,2396.9,2389.5,2391,1759.5859
1788432300000,2391,2396.9,2390.8,2396.2,1457.7155
1788433200000,2396.4,2399.8,2395.3,2399.2,2194.0197
1788434100000,2399.3,2405.8,2399.3,2405.7,3104.946
1788435000000,2405.6,2409.3,2403,2408.3,6719.4727
1788435900000,2408.3,2411.2,2406,2407.2,1990.6629
1788436800000,2407.2,2411.2,2406,2410.1,446.9622
1788437700000,2410,2412,2406.1,2407.8,1796.1863
1788438600000,2407.8,2424.3,2407.8,2413.7,8670.0033
1788439500000,2413.7,2426.8,2413.1,2423.3,5863.3092
1788440400000,2423.3,2424.6,2416.9,2419,2252.4892
1788441300000,2419,2421,2415.9,2419.5,4582.2677
1788442200000,2419.5,2435,2418.1,2434.9,13036.0234
1788443100000,2435,2435.2,2424.2,2429.8,13496.2314
1788444000000,2429.7,2439.7,2425,2439.6,11045.1128
1788444900000,2439.6,2451,2438,2450.1,14061.1
1788445800000,2450.1,2464.2,2448,2456.6,12556.0379
1788446700000,2456.5,2489.8,2456,2489.7,28915.6401
1788447600000,2489.4,2504.1,2479.8,2486.5,27543.7667
1788448500000,2487,2493,2482.8,2490.5,7704.7497
1788449400000,2490.5,2497.5,2489,2493.2,6868.7853
1788450300000,2493.1,2517.6,2487.4,2517.3,22848.4274
1788451200000,2517.2,2519.2,2496.6,2501.4,33632.321
1788452100000,2501.4,2501.4,2488.9,2491.7,7823.2317
1788453000000,2491.8,2498,2489,2489.7,3518.1378
1788453900000,2489,2496.7,2489,2494.2,3552.4788
1788454800000,2494.9,2499.5,2492.4,2499.3,6441.2508
1788455700000,2499.3,2503.6,2496.4,2500.3,2117.4795
1788456600000,2500,2506.1,2499.1,2502,4880.8771
1788457500000,2502,2505.6,2499.8,2500.3,3016.1351
1788458400000,2500.3,2511.2,2500,2508.5,8446.2439
1788459300000,2508.5,2509.7,2500.1,2500.9,4301.0976
1788460200000,2500.9,2503.6,2498.7,2499.1,2455.2706
1788461100000,2499.5,2514.4,2499.1,2513.3,2665.292
1788462000000,2513.4,2529.4,2508.4,2508.8,33582.5261
1788462900000,2508.8,2518.8,2507,2514.9,12794.6195
1788463800000,2514.8,2517.4,2508.4,2515.6,2516.8398
1788464700000,2515.2,2518.3,2510.1,2517.2,3300.0429
1788465600000,2517.8,2518.2,2505.3,2510.9,7466.7609
1788466500000,2510.9,2514,2506.7,2510,4689.3197
1788467400000,2510,2511.2,2501.1,2503.6,3899.7006
1788468300000,2503.5,2509,2503.4,2504.4,1280.345
1788469200000,2504.3,2511.8,2500.3,2511.8,1227.2702
1788470100000,2511.8,2513,2507,2512.7,1140.3265
1788471000000,2512.7,2526.5,2509,2509,11115.85
1788471900000,2508.9,2516.3,2506.3,2511,3577.9747
1788472800000,2510.9,2512.3,2501.7,2503.8,10766.1808
1788473700000,2503.8,2505.2,2493.9,2494,16909.3559
1788474600000,2493.8,2496,2489.5,2495.9,8971.8579
1788475500000,2495.9,2501,2495.9,2496.3,8164.4908
1788476400000,2496.2,2499.3,2495.3,2497,1334.6145
1788477300000,2497,2501.8,2496.1,2501.8,1938.3645
1788478200000,2501.9,2508.4,2498.3,2507.7,2575.4334
1788479100000,2507.3,2509.1,2503.8,2508.1,2366.781
1788480000000,2508.1,2509.3,2502.6,2507.8,2396.0031
1788480900000,2507.9,2511.9,2505.1,2506.8,940.3167
1788481800000,2506.8,2515.7,2504.7,2506.4,3437.6767
1788482700000,2506.1,2508,2500.9,2500.9,2292.0731
1788483600000,2501.4,2507.4,2497.4,2504,1545.838
1788484500000,2504.3,2509.5,2502.5,2504.5,1876.4823
1788485400000,2504.6,2508.4,2498.5,2499.3,1482.4535
1788486300000,2499.2,2507.7,2498.3,2506.6,373.8054
1788487200000,2506.5,2506.6,2500,2502.3,1493.6727
1788488100000,2502.4,2504.7,2497.9,2498.7,1256.1326
1788489000000,2499.1,2504.5,2497.8,2500.2,1647.6952
1788489900000,2500.2,2507.2,2499.3,2507.2,612.2107
1788490800000,2507.2,2516.6,2507.2,2510.7,2386.7212
1788491700000,2510.7,2511,2506.9,2506.9,1363.3014
1788492600000,2507.6,2508.7,2504.6,2505.6,856.0205
1788493500000,2505.7,2507.8,2505,2505,1164.9813
1788494400000,2505.1,2507.4,2502.7,2507.3,1714.2755
1788495300000,2507.3,2523.9,2506.8,2523.5,5586.6186
1788496200000,2523.6,2524.7,2512,2512.2,2128.2957
1788497100000,2512.1,2513.7,2508.6,2509.3,694.8231
1788498000000,2509.3,2514,2506.1,2511.5,1968.5403
1788498900000,2511.5,2516.6,2510.5,2510.9,1441.9301
1788499800000,2510.9,2512.1,2507.7,2512.1,1576.9551
1788500700000,2512.4,2514.2,2503.9,2509.2,4495.1152
1788501600000,2509.1,2518,2507.1,2514.5,5502.5533
1788502500000,2514.6,2514.6,2504.5,2505,2028.7613
1788503400000,2505,2508.9,2500,2508.8,4433.0976
1788504300000,2508.9,2508.9,2504,2507.3,3424.2717
1788505200000,2507.4,2516.1,2507.4,2514.9,4931.9437
1788506100000,2514.9,2515,2509.4,2510.6,2909.3421
1788507000000,2510.8,2512.1,2505.2,2506.9,2002.8412
1788507900000,2506.8,2508,2503.6,2503.7,4874.4056
1788508800000,2503.7,2512.4,2503,2512.2,1771.2694
1788509700000,2512.3,2516.7,2511.2,2516.7,4369.6827
1788510600000,2516.7,2521.8,2514,2519.1,5037.4898
1788511500000,2519.1,2534,2516.1,2527.2,7897.9819
1788512400000,2527.2,2535.8,2525.5,2530.2,5003.5577
1788513300000,2530.3,2545.9,2519,2522.2,15187.7544
1788514200000,2522,2533,2519.9,2529.3,4280.4305
1788515100000,2529.4,2531.1,2521,2521,1732.543
1788516000000,2521.1,2525.1,2517.1,2520,2594.1298
1788516900000,2520,2521.6,2514.7,2521.2,4294.2828
1788517800000,2521.2,2528.7,2519.6,2528,6727.1181
1788518700000,2528.1,2528.4,2523.1,2526.5,1153.6565
1788519600000,2526.5,2526.5,2520.4,2522.9,1571.2509
1788520500000,2523,2527,2521.7,2525.3,1821.2082
1788521400000,2525.4,2527.2,2522.7,2525,1557.7101
1788522300000,2525.1,2527.6,2522.1,2522.9,3384.1443
1788523200000,2522.9,2525,2519.9,2524.3,5620.2236
1788524100000,2524.3,2530.8,2518.8,2529.6,5298.0051
1788525000000,2529.7,2530.2,2434.2,2450.4,97007.376
1788525900000,2450.3,2458,2433.4,2450.9,44771.5065
1788526800000,2451,2454,2444.4,2445.4,10506.5431
1788527700000,2445.7,2455.3,2444.9,2450.1,16233.1626
1788528600000,2450.1,2456.9,2434.7,2450.3,11682.4125
1788529500000,2450.3,2464.1,2447.8,2452.5,7962.154
1788530400000,2452.5,2458.2,2447.6,2453.7,3599.5013
1788531300000,2453.7,2456.1,2443.6,2453.8,20095.8108
1788532200000,2453.8,2457.9,2438.5,2443.2,20763.9382
1788533100000,2443.3,2447.1,2430.6,2439.2,15572.2676
1788534000000,2439.3,2447.9,2437,2447.9,12564.3114
1788534900000,2447.9,2455.8,2447.2,2453.5,7879.5521
1788535800000,2453.6,2458.2,2451.9,2455,9642.1446
1788536700000,2455,2455.1,2449.9,2451.2,1679.0161
1788537600000,2451.2,2453.2,2449.5,2449.8,2066.3416
1788538500000,2449.8,2453.4,2449,2453.4,3889.5976
1788539400000,2453.5,2460.5,2453.3,2460.5,14626.6595
1788540300000,2460.5,2463.5,2458.4,2459.6,3408.9161
1788541200000,2459.6,2460,2450.8,2451.2,4576.3036
1788542100000,2451.2,2451.2,2446.5,2446.9,1032.109
1788543000000,2446.9,2449.1,2443.5,2446.2,1607.0968
1788543900000,2446.2,2446.2,2442.1,2444.2,1135.9425
1788544800000,2444.2,2449.3,2444.2,2444.4,5138.5576
1788545700000,2444.4,2448.8,2444.3,2447.8,2466.1744
1788546600000,2447.8,2451.5,2447.8,2450.8,8805.4982
1788547500000,2450.8,2450.8,2448.3,2450,356.1908
1788548400000,2450,2454.4,2450,2453.7,1410.0418
1788549300000,2453.7,2457.2,2453.5,2456.7,779.0656
1788550200000,2456.7,2456.7,2453.2,2454.1,1090.4149
1788551100000,2454.1,2456.4,2452.9,2454.9,490.7217
1788552000000,2454.9,2457.9,2452,2452.9,2571.3893
1788552900000,2452.9,2457.5,2452.1,2452.8,11122.9271
1788553800000,2452.8,2454.3,2451.7,2453.4,869.0222
1788554700000,2453.4,2454.9,2450.1,2450.8,1243.1834
1788555600000,2450.8,2453.9,2450.2,2453,2347.2896
1788556500000,2453,2454.6,2451.9,2452.5,187.2485
1788557400000,2452.5,2456.3,2452.4,2456,1588.0214
1788558300000,2455.6,2456.4,2449.4,2451.5,615.1516
1788559200000,2451.5,2453.6,2450.7,2452.4,1158.6692
1788560100000,2452.4,2452.4,2450.5,2451.9,499.4644
1788561000000,2451.9,2453.9,2451.9,2452.2,1618.9302
1788561900000,2452.2,2452.2,2450.1,2450.9,2367.2165
1788562800000,2450.9,2451.1,2449.3,2450,2539.954
1788563700000,2450,2455.1,2449.9,2453.7,6606.2964
1788564600000,2453.7,2453.8,2452.6,2453.1,1353.1635
1788565500000,2453.1,2455.7,2453.1,2455.4,96.1454
1788566400000,2455.6,2456.1,2453.3,2454.2,273.5449
1788567300000,2454.2,2454.2,2451.6,2452,4095.4784
1788568200000,2452,2454.9,2450.8,2453.6,2667.38
1788569100000,2453.6,2454.4,2450.7,2451,2391.7281
1788570000000,2451,2454.8,2450.7,2452.6,695.2147
1788570900000,2452.5,2455.3,2451.5,2455.2,3761.2995
1788571800000,2455.1,2455.2,2452.7,2453.2,130.5721
1788572700000,2453.2,2454,2451.2,2451.3,498.2919
1788573600000,2451.2,2451.6,2449.2,2451.1,1096.5595
1788574500000,2451,2452.8,2450,2450.2,634.6842
1788575400000,2450.1,2452.8,2449.7,2452.4,1194.4532
1788576300000,2452.3,2452.5,2449.1,2452.5,2733.3946
1788577200000,2452.4,2452.5,2450.3,2451.5,149.5391
1788578100000,2451.4,2453.4,2451.3,2452.6,228.6555
1788579000000,2452.5,2454.8,2452.5,2453.3,737.3333
1788579900000,2453.2,2454,2451.4,2451.8,1076.3078
1788580800000,2451.7,2452.3,2450,2450.4,375.0456
1788581700000,2450.3,2451.9,2450.3,2451.4,25.8613
1788582600000,2451.3,2451.4,2449.9,2450.2,129.4982
1788583500000,2450.1,2450.5,2447.1,2448.2,599.5914
1788584400000,2448.1,2449.4,2444.1,2449.4,679.6971
1788585300000,2449.3,2450.4,2447.9,2450.2,103.7681
1788586200000,2450.2,2451.4,2449.4,2449.5,888.7295
1788587100000,2449.4,2451,2448,2450.2,231.6927
1788588000000,2450.1,2452.1,2449.8,2451.3,639.2072
1788588900000,2451.2,2451.3,2450.2,2450.2,726.521
1788589800000,2450.2,2453.7,2450.2,2452.2,291.1886
1788590700000,2452.2,2453.3,2452.2,2453.3,267.8276
1788591600000,2453.2,2454.6,2452.8,2454.6,376.7861
1788592500000,2454.5,2456.9,2453.1,2456.1,851.2622
1788593400000,2456.1,2458.5,2455.7,2457.8,4235.8404
1788594300000,2457.8,2458.4,2456.7,2456.7,304.8018
1788595200000,2456.7,2457,2454.6,2454.6,508.0054
1788596100000,2454.5,2456.4,2452.9,2454.6,232.7164
1788597000000,2454.5,2455,2452.6,2454.6,452.5396
1788597900000,2454.5,2456.1,2452.6,2456.1,1684.183
1788598800000,2456,2459.3,2456,2458,1468.8814
1788599700000,2458,2458.1,2456.6,2457.2,120.3103
1788600600000,2457.3,2459.3,2457.2,2459.3,112.0252
1788601500000,2459.4,2459.7,2457.7,2457.8,293.5809
1788602400000,2457.7,2458.1,2456.9,2457,173.0347
1788603300000,2456.9,2457,2454.6,2454.7,414.197
1788604200000,2454.6,2456.2,2453.7,2454.9,147.8103
1788605100000,2454.9,2455.1,2453.7,2454,193.0493
1788606000000,2453.9,2455.1,2453.4,2453.8,138.368
1788606900000,2453.7,2453.8,2453,2453.2,91.3744
1788607800000,2453.1,2453.6,2453.1,2453.4,144.3117
1788608700000,2453.3,2455.5,2453,2453.1,323.8994
1788609600000,2453,2455.1,2453,2455,528.0865
1788610500000,2454.9,2454.9,2454,2454,204.4679
1788611400000,2454,2459.3,2452.6,2459,2312.9975
1788612300000,2458.9,2461.3,2457.9,2458.2,659.7083
1788613200000,2458.1,2460.4,2457.4,2459.1,343.1387
1788614100000,2459,2461.2,2457.2,2458.9,569.4719
1788615000000,2458.8,2459.4,2455.1,2456.3,1467.2332
1788615900000,2456.3,2457,2449.3,2453.5,2545.0112
1788616800000,2453.4,2455.4,2453.2,2454.7,2416.2624
1788617700000,2454.6,2456.5,2453.3,2456.5,1326.3944
1788618600000,2456.4,2457.5,2455.6,2455.7,230.663
1788619500000,2455.6,2457.9,2454.3,2456.5,1240.3633
1788620400000,2456.4,2458.9,2455.8,2458.4,1443.8292
1788621300000,2458.3,2459.6,2455.2,2457,922.3995
1788622200000,2456.9,2459.1,2456.9,2458,415.6193
1788623100000,2457.8,2459.5,2457.7,2459.5,1724.1559
1788624000000,2459.4,2460.1,2458.6,2458.9,349.0417
1788624900000,2458.8,2463.5,2458.8,2463.3,3479.4443
1788625800000,2463.2,2469,2463.2,2466.3,10130.9824
1788626700000,2466.3,2474,2466.3,2471,7639.6824
1788627600000,2470.9,2480.8,2470.6,2479.9,11195.1015
1788628500000,2479.9,2481.5,2476,2477.8,5291.6408
1788629400000,2477.8,2484.7,2475.2,2476.8,2909.2904
1788630300000,2476.8,2481.7,2476.5,2481.1,312.939
1788631200000,2481,2482.3,2477.6,2478.7,429.838
1788632100000,2478.6,2479.3,2477.1,2477.2,999.5488
1788633000000,2477.1,2479.7,2476.2,2477.5,860.4594
1788633900000,2477.5,2480.3,2476.2,2480.2,249.188
1788634800000,2480.1,2480.2,2476.2,2478.6,577.4556
1788635700000,2478.5,2482.5,2477.5,2479.9,405.1361
1788636600000,2479.9,2481.2,2473.3,2476.7,2823.1348
1788637500000,2476.7,2478.1,2472.7,2477.1,1289.1181
1788638400000,2477.2,2483,2475.3,2479,665.6294
1788639300000,2479,2479.5,2475.2,2476.6,306.8312
1788640200000,2476.5,2478.9,2475.2,2478.9,493.0185
1788641100000,2479.1,2480.1,2476.6,2476.9,774.4574
1788642000000,2476.9,2478.1,2476.8,2476.9,496.7345
1788642900000,2476.9,2481.5,2476.8,2481.5,852.005
1788643800000,2481.4,2493,2481,2490.6,7226.3478
1788644700000,2490.7,2491.2,2488,2488.7,3912.0024
1788645600000,2488.6,2490.8,2484.7,2487,752.2437
1788646500000,2487,2488.6,2479,2480.8,1304.7986
1788647400000,2480.7,2484.3,2480.7,2482.1,1398.2451
1788648300000,2482,2482,2479.6,2481.3,2661.8787
1788649200000,2481.2,2481.2,2478.3,2478.7,547.026
1788650100000,2478.7,2482.2,2478.4,2480.7,204.0781
1788651000000,2480.6,2483.6,2478.3,2480.9,1496.0579
1788651900000,2480.8,2483,2478.5,2479.9,3819.7251
1788652800000,2479.8,2480.9,2478.4,2480.8,5061.8627
1788653700000,2480.7,2487.8,2480.7,2486.3,729.8163
1788654600000,2486.2,2489,2484.5,2486.7,1299.3287
1788655500000,2486.5,2491.5,2485.9,2489,1443.8712
1788656400000,2489,2498.7,2488.5,2496.5,5018.4114
1788657300000,2496.4,2496.4,2490.4,2493,2930.9707
1788658200000,2493,2507.4,2492.9,2501.6,9696.3413
1788659100000,2501.6,2506.8,2500.8,2505.2,7568.5309
1788660000000,2505.5,2510,2501.5,2506.7,3293.867
1788660900000,2506.7,2507.5,2501.2,2501.8,2099.3958
1788661800000,2501.7,2504.2,2501,2502.1,1612.5337
1788662700000,2502.1,2502.9,2500.4,2502.6,3463.9812
1788663600000,2502.7,2505.1,2500.6,2505,2658.3353
1788664500000,2505,2506.9,2498.9,2501.2,6373.5
1788665400000,2501.3,2514,2501.2,2512.9,7959.4416
1788666300000,2512.9,2514.3,2507.3,2509.5,4283.9658
1788667200000,2509.5,2509.9,2506.4,2507.3,1158.8383
1788668100000,2507.2,2507.9,2498.3,2502.9,1314.5099
1788669000000,2503,2503.9,2501.6,2503.9,974.6501
1788669900000,2503.9,2505.7,2502.4,2503.9,832.0206
1788670800000,2504.3,2506.1,2502.5,2502.5,1547.2258
1788671700000,2502.4,2506.9,2501.3,2505.2,2833.8508
1788672600000,2505.1,2524.2,2505.1,2515.9,13475.7823
1788673500000,2515.9,2517.7,2510.4,2513,8424.6874
1788674400000,2513,2513,2509,2509.2,1493.8284
1788675300000,2509.2,2509.6,2506,2506.6,2010.2243
1788676200000,2506.6,2508.8,2505.6,2508.7,2662.464
1788677100000,2508.8,2508.8,2503.8,2505.7,1379.0697
1788678000000,2505.8,2507.7,2483,2489.5,10509.8319
1788678900000,2489.4,2498.8,2489.4,2495.1,2436.1819
1788679800000,2495.1,2496,2492.1,2495.9,683.3354
1788680700000,2495.9,2497.6,2494.8,2496.5,454.45
1788681600000,2496.3,2499.5,2494.5,2498.2,724.4362
1788682500000,2498.2,2498.9,2495,2495,1355.0187
1788683400000,2495.1,2495.1,2491.7,2493.1,1162.8617
1788684300000,2493.4,2496.9,2491.6,2495,287.0542
1788685200000,2495.1,2498.4,2493.8,2498.3,1359.0336
1788686100000,2498.4,2503.2,2498.3,2502.7,7814.5535
1788687000000,2502.7,2503.4,2494.6,2496,4600.9668
1788687900000,2496,2499.6,2495.5,2499.1,1553.3737
1788688800000,2499.1,2503.2,2498.7,2500,6353.8324
1788689700000,2500,2500.6,2498.1,2498.3,728.1924
1788690600000,2498.3,2500.8,2497.7,2500.8,410.8409
1788691500000,2500.7,2502.3,2499.4,2501.7,1010.3778
1788692400000,2501.6,2503.9,2499.5,2502.7,401.9471
1788693300000,2502.6,2504,2500.3,2500.6,621.8248
1788694200000,2500.7,2502.6,2499.8,2502.1,724.9696
1788695100000,2502.2,2502.9,2500.4,2501.5,659.6517
1788696000000,2501.5,2503.5,2499.3,2503.4,749.555
1788696900000,2503.4,2505,2501.6,2501.9,1395.0279
1788697800000,2501.9,2504.4,2499.9,2500,1006.2937
1788698700000,2500,2503,2498,2500.5,1364.8913
1788699600000,2500.5,2500.9,2496.4,2497.5,813.2
1788700500000,2497.5,2497.5,2491.6,2491.6,1939.474
1788701400000,2491.6,2493.8,2486.6,2492.8,2764.3837
1788702300000,2492.8,2495.7,2491.9,2494.6,439.7608
1788703200000,2494.6,2494.7,2487.1,2487.7,1381.5125
1788704100000,2487.8,2488.6,2477.4,2481.5,5021.3414
1788705000000,2481.5,2485.1,2462.3,2485.1,9955.0567
1788705900000,2484.9,2485.6,2477.8,2478.5,3986.5967
1788706800000,2478.5,2479,2470.5,2476.9,3520.4876
1788707700000,2477,2480.8,2476.8,2478.8,1584.9695
1788708600000,2478.8,2481.5,2476.2,2480.8,1259.9324
1788709500000,2480.9,2482.4,2479,2479.7,1196.054
1788710400000,2479.6,2483.2,2475.3,2482.8,2655.1416
1788711300000,2482.8,2483.3,2478.8,2482.6,2605.9683
1788712200000,2482.7,2487.1,2481,2484.2,3586.8737
1788713100000,2484,2484.8,2481.7,2484.6,360.1727
1788714000000,2484.6,2486.2,2480.9,2485.4,2278.4984
1788714900000,2485.4,2494.7,2485.3,2489.2,3356.2302
1788715800000,2489.3,2494.3,2488,2493.2,546.7089
1788716700000,2493,2493.8,2491,2491.1,1517.2653
1788717600000,2491,2495.8,2491,2494,1031.1715
1788718500000,2494,2496.9,2493.3,2495.8,643.6795
1788719400000,2496.1,2500.1,2496.1,2497.6,3544.0016
1788720300000,2497.9,2498.1,2493.2,2494.3,1234.4699
1788721200000,2494.3,2494.6,2491.5,2491.5,877.8786
1788722100000,2491.6,2493.4,2490.1,2492.3,4263.1049
1788723000000,2492.3,2492.4,2489.6,2490.3,315.8911
1788723900000,2490.4,2491,2489.7,2490.6,353.3115
1788724800000,2490.6,2492.6,2489.1,2492.5,247.809
1788725700000,2492.4,2497.1,2491.4,2496.4,437.8338
1788726600000,2496.3,2497.4,2494.9,2496.9,1394.5885
1788727500000,2497,2500.5,2497,2499,1464.4714
1788728400000,2499.6,2513.9,2499.5,2511.4,8607.119
1788729300000,2511.4,2516,2505.3,2506,5298.71
1788730200000,2506,2510,2504.4,2507.1,1420.3531
1788731100000,2507.1,2511.8,2506.1,2507.3,3173.502
1788732000000,2507.2,2507.3,2495.1,2497.8,5700.6785
1788732900000,2497.7,2499.6,2489.4,2498.9,3151.3092
1788733800000,2498.9,2507.3,2498.7,2506.8,3887.8083
1788734700000,2506.4,2510.5,2504.8,2507.7,3040.3245
1788735600000,2507.7,2516.4,2506.1,2510.8,6073.3937
1788736500000,2510.3,2514.9,2509,2512.2,935.532
1788737400000,2512.4,2523,2512.4,2520.1,7617.6267
1788738300000,2520.3,2525.8,2512.5,2515.1,5321.5384
1788739200000,2514.8,2518.5,2510.2,2516.3,11350.513
1788740100000,2516.3,2518.7,2510,2518.6,6590.3739
1788741000000,2518.6,2523,2513.6,2515.8,5420.2756
1788741900000,2515.7,2517,2510.3,2513.7,1214.5692
1788742800000,2513.7,2516.3,2503.7,2507.8,8187.9961
1788743700000,2507.6,2509.7,2501.7,2505.2,4318.9529
1788744600000,2505.1,2508.7,2500.9,2501.1,2831.6577
1788745500000,2501.1,2505.6,2500.5,2504.6,2570.5236
1788746400000,2504.3,2505.2,2499,2501.2,2075.3734
1788747300000,2501.2,2512.6,2501.1,2510.7,2475.8422
1788748200000,2511,2536,2509.9,2527.4,11526.3663
1788749100000,2527.5,2528.2,2511.2,2512,9725.1473
1788750000000,2512.3,2517,2507.7,2508.1,4690.571
1788750900000,2508.1,2511.6,2504.4,2504.6,2274.1603
1788751800000,2504.7,2506.6,2497.2,2498.1,1691.3423
1788752700000,2498.3,2500.6,2497.4,2497.7,3027.3815
1788753600000,2497.6,2498.7,2494,2498.1,5020.0637
1788754500000,2498.2,2500,2496.7,2496.8,1415.6472
1788755400000,2496.7,2498.1,2493,2497.2,672.0866
1788756300000,2497.2,2499,2494.7,2498.1,225.2566
1788757200000,2498,2505,2497.3,2503.9,1416.6915
1788758100000,2503.9,2514,2503.8,2512.9,1980.3472
1788759000000,2512.9,2513.8,2509.9,2512,1026.4051
1788759900000,2512.1,2512.1,2504.4,2505.1,1011.786
1788760800000,2505,2510.3,2503.8,2510.2,404.1914
1788761700000,2510.1,2510.2,2504.3,2504.3,1621.49
1788762600000,2504.3,2505,2500,2500,923.319
1788763500000,2500.1,2500.5,2496.9,2497,9075.9288
1788764400000,2497,2502.3,2495.9,2500.3,7807.6729
1788765300000,2500.3,2501.3,2487,2488.4,6424.638
1788766200000,2488.4,2492.7,2475,2485.8,6691.2734
1788767100000,2485.8,2489.2,2485.4,2488.8,3698.4474
1788768000000,2489.1,2491.4,2488.5,2489.1,2300.7265
1788768900000,2489,2492.7,2488.7,2490.6,1832.7221
1788769800000,2490.7,2493,2489.5,2492.8,534.4205
1788770700000,2492.8,2493.6,2490.2,2490.7,937.6308
1788771600000,2490.7,2496.6,2490.2,2496,1037.9076
1788772500000,2496,2497,2493,2494.4,829.7178
1788773400000,2494.4,2494.5,2489,2490.2,1054.7494
1788774300000,2490.2,2492.8,2483.8,2484,2947.0902
1788775200000,2484,2489.1,2484,2487,2408.3173
1788776100000,2487,2489.7,2486.7,2489.4,801.1044
1788777000000,2489.4,2491.1,2487.6,2491.1,870.7358
1788777900000,2491.1,2492.6,2487.8,2488.4,1934.5125
1788778800000,2488.4,2490.4,2486.1,2490.1,1793.0248
1788779700000,2490.1,2492.8,2489.8,2491.5,3039.9112
1788780600000,2491.6,2493,2490,2490.1,1256.1731
1788781500000,2490.1,2490.7,2487.4,2488.9,3158.5182
1788782400000,2488.8,2492.3,2488.7,2489,407.3262
1788783300000,2489,2493.6,2489,2493.2,2831.3317
1788784200000,2493.2,2494.7,2492.7,2494.3,4160.2909
1788785100000,2494.3,2507.9,2494.3,2506,3578.275
1788786000000,2505.8,2510.7,2503.2,2510.7,2420.8034
1788786900000,2510.7,2512,2506.7,2508.8,2153.117
1788787800000,2508.8,2508.8,2496,2498.3,2805.462
1788788700000,2498.2,2502.5,2496.7,2499,1741.0225
1788789600000,2499.1,2499.8,2483.4,2486.7,15496.3002
1788790500000,2486.9,2489.9,2482.1,2482.5,3597.5679
1788791400000,2482.5,2484,2476.4,2481.4,5649.5835
1788792300000,2481.4,2491,2481.4,2490.5,5794.6441
1788793200000,2490.5,2490.5,2481.9,2483,4261.5461
1788794100000,2483,2488.6,2476.3,2481.7,4618.4045
1788795000000,2481.8,2482,2465.1,2469,18356.3073
1788795900000,2469,2473.9,2466,2469.3,4820.0285
1788796800000,2469.3,2475.4,2469.1,2474.6,1645.5013
1788797700000,2474.4,2475.1,2470.7,2470.9,1606.1394
1788798600000,2470.6,2481,2469.2,2480.1,3745.3399
1788799500000,2480,2482,2478.8,2482,1678.0108
1788800400000,2481.9,2490,2481.5,2489.5,7664.8953
1788801300000,2489.5,2491.3,2486.8,2488,6353.8919
1788802200000,2488,2493.6,2485.2,2492.6,3552.9603
1788803100000,2492.6,2498.7,2491.5,2494.9,1772.3694
1788804000000,2494.8,2496.7,2492.8,2493.9,1594.983
1788804900000,2493.8,2494.5,2489,2489.2,2348.1016
1788805800000,2489.2,2489.2,2486.4,2488.3,2137.6412
1788806700000,2488.4,2493.7,2487.2,2491.1,3068.2272
1788807600000,2491.2,2491.2,2488.5,2489.9,1149.5199
1788808500000,2489.9,2493,2489.9,2491.3,1478.2467
1788809400000,2491.4,2497,2491.4,2495.2,2469.246
1788810300000,2495.2,2496.2,2493.5,2495,2671.3227
1788811200000,2494.9,2496.6,2487.7,2488.6,4885.5802
1788812100000,2488.5,2489,2486.3,2488.6,990.5995
1788813000000,2488.6,2491.6,2488.5,2490.8,736.2215
1788813900000,2490.9,2495.8,2490,2494.1,2898.689
1788814800000,2494.2,2495.4,2491.2,2495,2429.8373
1788815700000,2495.2,2495.9,2491.8,2491.9,1138.9634
1788816600000,2491.9,2492.9,2490.5,2492,1662.4835
1788817500000,2491.8,2492,2489.5,2490.1,1930.8684
1788818400000,2490.2,2491.2,2484.3,2488.5,2207.9289
1788819300000,2488.5,2491.3,2482,2485.9,1939.7465
1788820200000,2485.6,2485.6,2474.7,2478.5,3072.4781
1788821100000,2478.4,2482.7,2478.3,2482.4,2008.8601
1788822000000,2482.1,2488.7,2481.5,2487.6,701.2493
1788822900000,2487.7,2487.8,2481.6,2484,718.3142
1788823800000,2483.9,2490,2482.7,2490,1337.0802
1788824700000,2489.9,2493,2489.1,2489.2,3333.1853
1788825600000,2489.2,2490.2,2484.9,2487.6,1321.9969
1788826500000,2487.3,2490.3,2482.6,2483.1,1557.3382
1788827400000,2483,2493.3,2483,2490,855.3944
1788828300000,2490,2494.9,2489.1,2494.9,1910.5849
1788829200000,2495,2497.1,2492.7,2495.6,3383.9738
1788830100000,2496.6,2505,2495,2502.3,4862.6707
1788831000000,2502.2,2502.3,2498.7,2499.3,1723.8017
1788831900000,2499.4,2504.1,2499,2503.8,817.9486
1788832800000,2503.8,2504,2494.1,2498.9,1943.3852
1788833700000,2498.9,2507.4,2496,2496.7,2465.7907
1788834600000,2496.7,2497.2,2489.2,2490.9,2693.6683
1788835500000,2490.9,2492.1,2483.8,2483.8,4024.1521
1788836400000,2483.8,2485.6,2482,2482.6,5555.4292
1788837300000,2482.5,2484.3,2477.2,2480,4135.5772
1788838200000,2480,2487.4,2479.6,2486.1,1228.3192
1788839100000,2486.1,2486.2,2483.4,2485.6,516.0721
1788840000000,2485.7,2485.7,2480.9,2481.9,882.9628
1788840900000,2482,2484.7,2479.2,2482,621.0456
1788841800000,2482,2484.8,2480.4,2482,252.691
1788842700000,2482.1,2483.4,2477.8,2478.2,635.1876
1788843600000,2478.3,2483.6,2475.1,2477,3281.1387
1788844500000,2477,2483.8,2475.6,2481.2,3058.5244
1788845400000,2481.3,2481.5,2472.6,2472.9,4947.8262
1788846300000,2472.9,2476.6,2471.6,2472.4,4896.9071
1788847200000,2472.4,2474.7,2469.4,2474.2,2882.2949
1788848100000,2474.2,2476,2460.9,2465.9,5300.8536
1788849000000,2465.6,2467.3,2462.4,2464.6,6743.1349
1788849900000,2464.6,2469.3,2463.2,2467.6,12242.843
1788850800000,2467.5,2474.5,2467.3,2473.5,2438.3187
1788851700000,2473.4,2478.5,2472.4,2477.3,1131.8124
1788852600000,2477.2,2483.7,2477.1,2477.7,5144.5605
1788853500000,2477.7,2478.7,2470.5,2478,9884.1958
1788854400000,2477.9,2478,2468.5,2471.6,2941.9104
1788855300000,2471.8,2476.8,2470.1,2475.6,2527.4668
1788856200000,2475,2481.8,2473.9,2480.3,2384.269
1788857100000,2480.3,2482,2475.6,2476.7,1622.8377
1788858000000,2476.7,2480,2475,2479.9,1040.4081
1788858900000,2480,2481.5,2477,2480.7,6871.1351
1788859800000,2480.7,2494.8,2480.1,2493.3,6429.9293
1788860700000,2493.4,2494.9,2490.3,2491.5,6365.668
1788861600000,2491.3,2491.3,2486.2,2489.2,1220.4832
1788862500000,2489.2,2499,2488.4,2491.2,3438.4538
1788863400000,2491.2,2491.9,2482.9,2483.2,2690.3504
1788864300000,2483.9,2485.2,2480.9,2480.9,3358.615
1788865200000,2480.9,2481.3,2471.1,2471.9,2211.7347
1788866100000,2471.9,2476.7,2471.9,2474.6,1596.2892
1788867000000,2474.7,2476.8,2473.5,2474.2,2655.1991
1788867900000,2474.3,2474.5,2471.1,2474.1,1613.9957
1788868800000,2474.1,2474.2,2468,2469.3,4686.4397
1788869700000,2469.1,2475.6,2469,2475.6,1213.0993
1788870600000,2475.6,2475.6,2470.1,2472.2,6097.7311
1788871500000,2472.2,2474.8,2470.7,2471.8,7576.0555
1788872400000,2471.8,2474.7,2470.3,2471.9,659.1974
1788873300000,2471.8,2473,2466,2468.9,3048.7592
1788874200000,2468.9,2468.9,2440,2448.5,30453.8003
1788875100000,2448.8,2464.3,2444.5,2458.7,31367.2238
1788876000000,2458.7,2474.9,2455.8,2471.9,9806.7416
1788876900000,2472,2484,2472,2478.5,13585.7106
1788877800000,2478.7,2482.5,2475.1,2480,5181.0897
1788878700000,2480.1,2485.9,2479.2,2485.2,11716.7654
1788879600000,2485.2,2490.6,2483.4,2488.1,9194.0515
1788880500000,2488.1,2491.6,2480.6,2481.5,4853.2617
1788881400000,2481.6,2496.6,2481.6,2495,6365.4076
1788882300000,2495.2,2501.1,2493,2498.3,7772.1754
1788883200000,2498.2,2498.3,2488.6,2489.5,3101.6089
1788884100000,2489.5,2492,2486.3,2489.4,6795.2155
1788885000000,2489.4,2504.8,2488.7,2496.4,4696.9493
1788885900000,2496.4,2499.9,2492.4,2495.8,3108.5357
1788886800000,2495.8,2501.7,2492.3,2495.5,3712.9962
1788887700000,2495.4,2495.8,2488.3,2490.9,4809.5303
1788888600000,2491,2494.1,2487,2487.1,3200.721
1788889500000,2487.1,2493,2487.1,2487.4,3266.7759
1788890400000,2487.4,2497.5,2486.9,2496.7,4289.2114
1788891300000,2496.8,2506.1,2496.8,2499.8,12468.939
1788892200000,2499.7,2502.3,2493.8,2494.9,5005.9656
1788893100000,2495,2496.6,2476.6,2486,9563.1864
1788894000000,2486,2491.5,2484,2485.3,12043.1919
1788894900000,2485.3,2489.1,2481.4,2485.6,2938.2325
1788895800000,2485.7,2487.6,2478.7,2481,2233.9999
1788896700000,2481,2481.2,2475.3,2481.2,8831.4315
1788897600000,2481.2,2491,2480,2489.7,3994.1658
1788898500000,2489.6,2490.1,2481.9,2486.1,3123.6459
1788899400000,2486.1,2486.1,2479.8,2483.1,2818.3594
1788900300000,2483.2,2485.5,2481.8,2482.3,1297.0716
1788901200000,2482.2,2485.8,2481.8,2484.3,1274.0083
1788902100000,2484.2,2486.2,2481.5,2482.3,710.1149
1788903000000,2482.2,2483.7,2479.5,2482.4,1639.2323
1788903900000,2482.4,2483.5,2477.9,2482.1,1214.6474
1788904800000,2482,2488.5,2481.3,2483,2189.5968
1788905700000,2483.1,2485.8,2482.7,2484.3,1242.0828
1788906600000,2484.2,2486.4,2481.9,2483.6,2175.7137
1788907500000,2483.6,2489.2,2483.5,2488.6,720.7803
1788908400000,2488.6,2489.6,2483.6,2484.9,1227.9388
1788909300000,2484.9,2484.9,2482.2,2484,824.4175
1788910200000,2484.1,2484.6,2483.6,2484.3,1115.4873
1788911100000,2484.3,2485.6,2483.4,2484.4,2418.2039
1788912000000,2484.3,2494.1,2484.3,2494.1,2292.6745
1788912900000,2494.1,2494.1,2488.4,2490.3,1791.936
1788913800000,2490.3,2492.3,2487,2492.3,651.8414
1788914700000,2492.3,2496.5,2492.2,2495.4,1716.1452
1788915600000,2495.5,2498,2492.2,2494,1101.2024
1788916500000,2494.1,2494.6,2489,2491.9,860.1626
1788917400000,2491.6,2498,2489.8,2496.1,1872.2387
1788918300000,2496.4,2498.8,2495.3,2497.2,1984.8395
1788919200000,2497.2,2499.3,2493.7,2494.2,1752.5174
1788920100000,2494,2497,2489.5,2496.3,1601.189
1788921000000,2496.3,2497,2494.2,2496.6,473.9601
1788921900000,2496.5,2496.8,2493.5,2493.6,442.7749
1788922800000,2493.5,2493.6,2487,2487.1,594.5317
1788923700000,2487,2489.2,2485.6,2487.2,1162.1115
1788924600000,2487.1,2491.2,2487.1,2490.2,343.9297
1788925500000,2490,2491.9,2486.1,2488.4,1174.9373
1788926400000,2488.4,2502,2488.4,2496.1,3384.0482
1788927300000,2496.1,2499,2493.9,2497.1,323.208
1788928200000,2497.1,2512.5,2496.1,2511.5,4843.4857
1788929100000,2511.6,2513.2,2505.1,2509,5056.7877
1788930000000,2509.3,2509.8,2503.2,2507.9,4100.9812
1788930900000,2507.8,2511,2502.6,2502.9,3745.1068
1788931800000,2502.9,2503.7,2493.2,2495.6,4653.8499
1788932700000,2495.1,2497,2491.4,2496.4,3673.2586
1788933600000,2496.5,2501.3,2492.8,2501.3,3475.7708
1788934500000,2501.2,2505.7,2499.6,2500.1,2947.5134
1788935400000,2500.1,2501.8,2497.9,2500.5,660.2831
1788936300000,2500.7,2501.9,2499,2501.2,6326.2203
1788937200000,2501.3,2516,2500,2511.5,13290.0298
1788938100000,2511.5,2514.9,2510.1,2514.9,5758.4433
1788939000000,2515,2516.3,2511,2511.4,3696.163
1788939900000,2511.4,2512.4,2509.5,2509.8,2501.9765
1788940800000,2509.8,2518.7,2509.8,2514.3,10065.5395
1788941700000,2514.5,2521.7,2514.2,2521.6,2641.15
1788942600000,2520.9,2523,2516.7,2517.3,2786.2952
1788943500000,2517.4,2521.4,2515.2,2519.9,1580.3812
1788944400000,2519.9,2520,2509.9,2512.3,11306.319
1788945300000,2512.3,2512.8,2508.8,2508.8,1044.7503
1788946200000,2508.8,2509.2,2492.7,2495.6,8973.9439
1788947100000,2495.6,2497,2490.3,2490.4,4232.0318
1788948000000,2490.3,2494.2,2489.5,2491.8,3714.3126
1788948900000,2491.5,2492.6,2487,2490.7,968.1395
1788949800000,2490.7,2493.6,2489.5,2490.6,1681.0394
1788950700000,2490.6,2490.6,2481.9,2487,5177.8598
1788951600000,2486.9,2487.9,2482.1,2486,1118.2327
1788952500000,2486.1,2492.7,2483.7,2492.3,4232.763
1788953400000,2492.3,2495,2490.4,2493.8,3883.3302
1788954300000,2493.8,2506.2,2493.8,2501.4,14565.9352
1788955200000,2500.8,2504.9,2498.5,2501.3,5042.9733
1788956100000,2501.3,2502.9,2499.3,2501.5,3203.0938
1788957000000,2501.8,2510.9,2501.7,2507.9,3418.6723
1788957900000,2507.8,2512.5,2507.8,2511.8,2696.0159
1788958800000,2511.8,2513.8,2508.2,2513.6,2999.3655
1788959700000,2513.5,2516.1,2511.4,2515.1,2216.2599
1788960600000,2515,2521.5,2499.8,2503.8,16151.6853
1788961500000,2503.6,2513,2500.1,2502.5,7218.3394
1788962400000,2501.8,2508,2495.2,2502,6262.6461
1788963300000,2502,2511.4,2495.3,2511.3,4265.3383
1788964200000,2511.4,2513,2500.2,2500.8,3874.3869
1788965100000,2500.8,2507.3,2496.1,2498.9,4898.8422
1788966000000,2498.9,2511.8,2479,2485,20441.4227
1788966900000,2485,2490.4,2470.1,2478.3,28864.2238
1788967800000,2478.4,2494.7,2477.2,2493.2,12527.2392
1788968700000,2493.1,2494,2488.9,2489.7,8793.4768
1788969600000,2489.7,2497,2486.9,2491.5,3230.4906
1788970500000,2491.5,2491.5,2483.9,2489.7,4004.0711
1788971400000,2490.1,2498.8,2490.1,2498.5,5836.5194
1788972300000,2498.6,2498.6,2494,2495.2,3232.905
1788973200000,2495.2,2499,2492.1,2496.1,4075.1063
1788974100000,2496.3,2498.8,2494.1,2496,1096.1492
1788975000000,2496.1,2496.3,2489.4,2490.2,2183.6785
1788975900000,2490.2,2494.8,2487.6,2493.3,6970.5957
1788976800000,2492.8,2494.8,2488.3,2489.1,768.9621
1788977700000,2489,2490.9,2487,2489.8,3346.049
1788978600000,2489.8,2491.3,2486.5,2487.8,1978.6859
1788979500000,2487.9,2487.9,2480.2,2480.2,5283.4147
1788980400000,2480.3,2481.5,2475.2,2480.3,9643.5088
1788981300000,2480.3,2483.5,2480.2,2481.8,5393.0506
1788982200000,2481.5,2481.8,2470.9,2471,6988.487
1788983100000,2471,2471,2461.3,2464.1,15056.4548
1788984000000,2464.1,2467.7,2462.7,2465.4,7317.5076
1788984900000,2465.4,2470.8,2453.5,2459.4,22526.3165
1788985800000,2459.4,2469.5,2459,2467.1,15878.5214
1788986700000,2467.1,2470.9,2458.1,2470.8,22200.0974
1788987600000,2470.8,2471.2,2466.4,2468.2,2874.0906
1788988500000,2468.2,2469.4,2460.7,2469.1,13476.6024
1788989400000,2469.2,2469.3,2462.4,2463.4,1563.9004
1788990300000,2463.5,2463.5,2455.3,2460.2,3955.3862
1788991200000,2460.5,2461.7,2442.4,2446.1,16238.9351
1788992100000,2446.1,2454.6,2441.6,2453.8,10527.0548
1788993000000,2453.7,2455.8,2450.2,2455.2,2940.1891
1788993900000,2455.9,2456,2448.7,2449.3,3488.2636
1788994800000,2449.3,2460,2449,2459.7,4019.8716
1788995700000,2459.7,2461.5,2457.8,2461.4,1609.6295
1788996600000,2461.6,2466.1,2461.3,2464.5,3791.034
1788997500000,2464.4,2467.8,2464.2,2467.2,2697.1647
1788998400000,2467.2,2469.6,2465.4,2466.3,2150.376
1788999300000,2467.6,2470.4,2463.5,2469.3,1458.4599
1789000200000,2468.5,2469,2462.7,2462.7,1372.2316
1789001100000,2462.8,2468.1,2461.4,2464.2,4618.0547
1789002000000,2464.1,2478,2463.7,2469.2,4422.9925
1789002900000,2469.1,2469.1,2462.8,2462.8,2191.4627
1789003800000,2462.9,2465.5,2454.2,2461.8,5620.6111
1789004700000,2461.7,2464,2457,2463.4,1817.3064
1789005600000,2462.8,2463.4,2460.2,2462.2,2893.7598
1789006500000,2462.2,2463.7,2458.9,2460.3,1257.9354
1789007400000,2460.3,2470,2459.9,2469.6,2344.439
1789008300000,2469.9,2474.5,2469.9,2473.7,2397.8948
1789009200000,2473.7,2477.4,2473.7,2474.2,2745.29
1789010100000,2474.1,2475.7,2470.9,2475.4,1301.8715
1789011000000,2475.5,2477.4,2471.3,2475.2,2396.1284
1789011900000,2475.1,2477.8,2472,2474.2,1650.187
1789012800000,2474.1,2479.2,2473.8,2474.1,6258.5978
1789013700000,2474.2,2479.2,2474,2477.3,10504.5907
1789014600000,2477.3,2479.8,2476,2476,618.8749
1789015500000,2476,2479.2,2475,2477.9,3052.4209
1789016400000,2478,2481,2473.3,2481,1578.6704
1789017300000,2481,2481.1,2477,2480.3,859.3586
1789018200000,2480.3,2482,2478.4,2479.8,1650.0964
1789019100000,2479.7,2482.9,2479.6,2481.2,1206.0062
1789020000000,2481.2,2481.6,2474.3,2474.4,1861.3921
1789020900000,2474.3,2474.4,2471.1,2472.5,1803.9493
1789021800000,2472.5,2476.2,2471,2473.8,1860.4027
1789022700000,2474.4,2483.9,2474.4,2479.5,3820.1799
1789023600000,2479.4,2479.4,2472.4,2474.5,1794.4182
1789024500000,2474.4,2474.4,2467,2467.3,1472.6177
1789025400000,2467.3,2467.4,2463.1,2466.2,5460.5341
1789026300000,2466.1,2472.9,2466.1,2471.5,3802.3461
1789027200000,2471.4,2473.7,2468.5,2469.4,2594.2363
1789028100000,2469.3,2473.9,2467.9,2473.6,594.208
1789029000000,2473.5,2473.6,2468.5,2469.5,877.4201
1789029900000,2469.7,2471.6,2469.5,2470.2,225.3045
1789030800000,2470.2,2473.6,2470.2,2473.2,424.0555
1789031700000,2473.2,2476.3,2473,2476.1,2435.2971
1789032600000,2476,2476,2462.7,2466.2,11780.2499
1789033500000,2466.3,2469.3,2465.2,2466.9,7432.6884
1789034400000,2466.8,2470,2466.3,2468.8,2673.5954
1789035300000,2468.7,2469.3,2465,2466.5,1696.0591
1789036200000,2466.5,2469.4,2461.8,2466.8,3045.3444
1789037100000,2466.7,2469.1,2463.5,2463.5,4869.8594
1789038000000,2463.5,2463.5,2457.4,2461,6047.9984
1789038900000,2461.1,2467,2461,2466.2,1653.0536
1789039800000,2466.3,2468.8,2465.4,2466.3,1642.5764
1789040700000,2466.3,2467.2,2460.1,2461.8,1038.1991
1789041600000,2461,2462.5,2455.6,2459.6,2679.8257
1789042500000,2459.6,2459.6,2454.1,2457,4074.2666
1789043400000,2457,2464.6,2427.8,2436,40026.946
1789044300000,2436.1,2436.6,2408.8,2413.2,62273.2393
1789045200000,2413.3,2423.7,2403.8,2409.7,31744.31
1789046100000,2409.3,2420.1,2408.7,2419,9642.2278
1789047000000,2419,2428.8,2416.4,2424.3,18687.362
1789047900000,2424.4,2435.8,2423.2,2433.9,8009.8017
1789048800000,2434.1,2439.1,2426.6,2430.7,11006.1631
1789049700000,2430.8,2443.3,2427.2,2438.1,10156.7984
1789050600000,2438.2,2441.7,2437.8,2439,2116.9297
1789051500000,2439,2443.2,2436.6,2442.7,3303.7496
1789052400000,2442.7,2443.7,2436.9,2440.6,2258.0929
1789053300000,2440.9,2442,2431.3,2433.9,3697.0727
1789054200000,2434.4,2443,2434.3,2436.9,2329.8462
1789055100000,2436.8,2440.6,2434.4,2440.2,2252.9775
1789056000000,2440.1,2443,2433.3,2436.5,6661.6477
1789056900000,2436.4,2440.7,2431.4,2437.4,3708.777
1789057800000,2437.4,2440.6,2431.5,2439.4,7848.6981
1789058700000,2439.6,2450,2439.6,2447.9,8415.1138
1789059600000,2447.9,2453.7,2446.3,2452,3267.243
1789060500000,2452.2,2459.5,2451.1,2458.9,2504.399
1789061400000,2458.9,2474.3,2458.8,2465.4,9691.8343
1789062300000,2465.5,2470.5,2463.1,2465.6,2542.796
1789063200000,2465.4,2466.2,2454.4,2455.9,6792.3553
1789064100000,2455.9,2463.7,2454.3,2459.1,7644.653
1789065000000,2459.2,2463,2455.8,2461.8,4574.4752
1789065900000,2461.8,2467.9,2459.3,2467.2,4787.4609
1789066800000,2467.4,2467.6,2461.8,2463.9,2073.2701
1789067700000,2463.9,2467,2461.8,2465,2862.7108
1789068600000,2466,2471,2462,2468.7,2386.0454
1789069500000,2468.7,2468.7,2459.6,2461.5,5407.3247
1789070400000,2462,2467.8,2461.2,2467.7,5220.3341
1789071300000,2467.8,2468.4,2464.6,2465.8,1953.0531
1789072200000,2465.8,2465.8,2462.7,2464,1825.1391
1789073100000,2464,2464.4,2461.4,2461.4,1035.0322
1789074000000,2461.4,2462.2,2460,2460,315.1968
1789074900000,2460.1,2461,2459,2460.9,608.3337
1789075800000,2460.9,2461,2457.1,2458.5,1197.6899
1789076700000,2458.6,2462.1,2458,2459.2,1749.0841
1789077600000,2459.4,2461.3,2456.3,2457.9,1852.0301
1789078500000,2458,2459.4,2452.8,2453,868.7701
1789079400000,2453.1,2455,2444.5,2446,5005.0758
1789080300000,2446,2450.5,2443.1,2444.1,4343.8703
1789081200000,2444.2,2446.3,2435.3,2435.6,3795.3869
1789082100000,2435.7,2444.9,2433.9,2442.5,2594.9447
1789083000000,2442.4,2444,2439.4,2440.8,2555.8526
1789083900000,2440.8,2441.4,2435.5,2437.1,1820.5118
1789084800000,2437.2,2450.5,2436.4,2447.9,15690.557
1789085700000,2448,2452.9,2447.5,2451.3,3820.7783
1789086600000,2451.3,2452,2444.9,2450,2047.378
1789087500000,2450,2457.7,2449.7,2456,1515.0292
1789088400000,2456.1,2459.5,2455.1,2455.3,1246.1834
1789089300000,2455.4,2457.3,2449.9,2449.9,2017.222
1789090200000,2449.8,2453.9,2445.8,2451,1430.1114
1789091100000,2451.2,2453.8,2448.7,2453.8,362.6921
1789092000000,2453.8,2454.7,2450.7,2453.9,414.8049
1789092900000,2453.8,2453.8,2445.1,2446.5,1590.8223
1789093800000,2446.7,2449.6,2444.8,2448.1,706.507
1789094700000,2448.1,2450.1,2444.3,2446.3,359.6845
1789095600000,2446.2,2447.5,2441.1,2447.4,2205.3804
1789096500000,2447.5,2448.3,2441,2442.7,959.1247
1789097400000,2442.6,2446.2,2439.7,2446.1,736.9191
1789098300000,2446.2,2446.4,2442.4,2446.3,858.2932
1789099200000,2446.4,2450.9,2445.8,2449.5,639.6947
1789100100000,2449.8,2462.1,2448.7,2461.4,2449.6401
1789101000000,2461.5,2463.8,2454,2456,16520.0023
1789101900000,2456.1,2458.3,2455.7,2458.2,954.3232
1789102800000,2458.2,2460.9,2457.8,2460.3,4657.2745
1789103700000,2460.3,2460.6,2457,2458.1,731.9395
1789104600000,2458.2,2464.7,2457.5,2464.6,2675.4049
1789105500000,2464.6,2468,2462.9,2468,2350.2561
1789106400000,2468,2470,2466.2,2469.5,2203.9949
1789107300000,2469.4,2470,2465,2466.1,2112.0876
1789108200000,2466.1,2466.1,2462.9,2465.5,933.7357
1789109100000,2465.8,2467.2,2465.7,2466.4,995.9124
1789110000000,2466.4,2470.1,2466,2468.3,2423.0741
1789110900000,2468.4,2473.2,2468.3,2468.9,3536.758
1789111800000,2468.9,2470.8,2466.6,2467.1,2017.9823
1789112700000,2467,2468.2,2465.6,2466.5,2016.3435
1789113600000,2466.5,2467.8,2463,2464.9,648.0045
1789114500000,2464.9,2475.4,2464.8,2474.1,1553.2483
1789115400000,2474,2483.7,2474,2477.8,4704.4606
1789116300000,2477.7,2478.5,2476.1,2476.4,3116.2219
1789117200000,2476.4,2477.3,2474.1,2474.2,4429.7636
1789118100000,2474.2,2474.9,2473,2473,3393.288
1789119000000,2473,2473.5,2460.9,2465.5,15905.2672
1789119900000,2465.5,2469.9,2465.5,2468.9,1533.0068
1789120800000,2468.9,2474.3,2465.2,2467.7,1800.9109
1789121700000,2467.6,2469.2,2464.2,2464.9,640.238
1789122600000,2464.9,2465.9,2461.9,2463.1,728.0191
1789123500000,2463.2,2464.9,2461.6,2461.8,1302.7778
1789124400000,2461.8,2461.8,2451.6,2453.2,3827.9624
1789125300000,2453.2,2458.3,2452.4,2455.7,1224.1531
1789126200000,2455.6,2458.3,2453.6,2458.3,959.3181
1789127100000,2458.2,2459.4,2455.3,2457.9,3260.6203
1789128000000,2457.8,2459,2450,2451.2,8282.3725
1789128900000,2451.2,2477.6,2450.6,2464.9,9350.3821
1789129800000,2464.3,2504.7,2433.3,2494,110880.147
1789130700000,2494.1,2515,2494,2510.7,51091.2643
1789131600000,2510.8,2511.2,2495.1,2501.7,14598.4863
1789132500000,2501.8,2510.9,2498.8,2500.9,15123.5818
1789133400000,2500.9,2523.6,2490.7,2523.4,36709.9998
1789134300000,2523.6,2646.7,2519.5,2629.9,147186.1567
1789135200000,2630.2,2666.2,2599.1,2612.1,85802.7134
1789136100000,2612,2624.4,2605.5,2618.8,22734.0547
1789137000000,2618.8,2619.8,2601.3,2607.1,16730.5149
1789137900000,2607.2,2613.4,2593,2607.8,17622.7215
1789138800000,2607.9,2611.3,2599.2,2603.1,10100.2409
1789139700000,2603.1,2616.8,2602.8,2611.1,7586.543
1789140600000,2611.1,2615.7,2607.1,2607.9,7224.3399
1789141500000,2607.9,2610.7,2545,2558.9,57042
1789142400000,2558.4,2577,2557,2559.7,51044.8958
1789143300000,2559.6,2566.7,2542.4,2563.4,29987.4513
1789144200000,2563.8,2571,2558.6,2569.9,8286.6172
1789145100000,2570,2582,2568.2,2576.9,18294.3315
1789146000000,2576.8,2580.2,2569,2569.5,7852.0045
1789146900000,2569.4,2578.8,2569.3,2575,3236.1502
1789147800000,2575,2578.1,2566,2568.1,4774.6891
1789148700000,2568.1,2572,2562.2,2565.6,5783.6991
1789149600000,2565.5,2567.1,2526.8,2538.6,47803.5301
1789150500000,2538.3,2547.6,2534.9,2543.4,8250.1215
1789151400000,2543.3,2547,2538.9,2540.5,7588.9192
1789152300000,2540.5,2549,2530.1,2536.2,13115.2023
1789153200000,2536.2,2545.9,2531.9,2544.3,5235.1226
1789154100000,2544.3,2546.3,2537.3,2544.2,4381.1828
1789155000000,2544.3,2545.9,2540.6,2542.3,3297.3667
1789155900000,2542.3,2542.3,2537,2538.2,3950.1911
1789156800000,2538,2546.2,2537.1,2543.6,4721.7617
1789157700000,2543.6,2543.6,2534.4,2535.8,3742.8688
1789158600000,2535,2540,2524.6,2536,8057.7298
1789159500000,2536,2536.6,2521.8,2529.3,12436.4326
1789160400000,2529.4,2539.5,2529.2,2537.8,2817.0024
1789161300000,2538.1,2539.6,2534.5,2534.7,4491.0648
1789162200000,2534.7,2537.2,2532.8,2534.1,1496.178
1789163100000,2534.2,2534.6,2512.3,2514.9,13864.8749
1789164000000,2514.9,2518.7,2504.8,2518.6,20173.9931
1789164900000,2518.6,2522.4,2515.3,2517,3463.0177
1789165800000,2516.6,2521.7,2508.6,2516.2,5028.1971
1789166700000,2516.2,2516.2,2506,2510.4,2925.4176
1789167600000,2509.9,2513.8,2507.6,2511.9,1842.2114
1789168500000,2512,2514,2508.6,2511,1012.4167
1789169400000,2511,2513.2,2509.9,2510.8,1177.8468
1789170300000,2510.2,2515.5,2510,2515.4,388.4137
1789171200000,2515.5,2516.5,2510.6,2516.2,2157.9946
1789172100000,2516.2,2516.7,2514.3,2514.3,964.7602
1789173000000,2514.3,2514.4,2511.1,2512.6,1277.9098
1789173900000,2512.7,2512.7,2509.2,2509.6,2613.0279
1789174800000,2509.5,2514.9,2508.2,2514.9,2420.3433
1789175700000,2514.8,2515.9,2511.4,2512.5,1219.2597
1789176600000,2513,2514.3,2510.8,2512.7,817.098
1789177500000,2512.8,2515.6,2511.8,2512.8,680.9259
1789178400000,2512.7,2514.9,2511.9,2512.7,1199.009
1789179300000,2512.7,2514,2511.9,2513,466.7948
1789180200000,2513.1,2514.3,2511.5,2512.6,1720.5683
1789181100000,2512.6,2514.1,2511.5,2513.4,1198.0308
1789182000000,2513,2515,2511.1,2512.6,838.6283
1789182900000,2512.5,2514.8,2508.6,2512.5,834.7712
1789183800000,2512.5,2512.6,2511,2511.7,224.7674
1789184700000,2511.8,2512.4,2510.4,2512.1,389.9739
1789185600000,2512.2,2512.6,2511.4,2511.8,1386.6098
1789186500000,2511.8,2512.4,2508.9,2510.7,391.2125
1789187400000,2510.8,2514,2510.8,2511.8,978.5017
1789188300000,2511.7,2512.4,2511,2511.6,761.6235
1789189200000,2511.6,2511.6,2509.5,2510.3,445.1468
1789190100000,2510.3,2511.6,2508,2509.1,1643.0984
1789191000000,2508.7,2512,2507.5,2510.1,516.7728
1789191900000,2510,2511.5,2510,2510.5,889.5375
1789192800000,2510.5,2510.9,2508.9,2509.4,1284.0342
1789193700000,2509.5,2512,2509.4,2511.1,1718.6106
1789194600000,2511,2517.7,2510.9,2517.7,3625.7575
1789195500000,2517.6,2521,2517.1,2518.1,3869.3876
1789196400000,2518.1,2523.8,2518.1,2523.2,6403.4498
1789197300000,2523.2,2523.2,2520.8,2521.8,1593.0768
1789198200000,2521.8,2522.1,2520.7,2521.7,1317.1398
1789199100000,2521.7,2523.4,2520.5,2522.8,3540.6712
1789200000000,2523,2527,2521.9,2524.6,2966.9276
1789200900000,2524.6,2528,2524.5,2527.8,1745.9832
1789201800000,2527.7,2531.8,2526.1,2531.6,4763.4136
1789202700000,2531.7,2535,2531.1,2532.3,1699.9489
1789203600000,2532.3,2535,2531.4,2534,3709.8865
1789204500000,2534,2536,2532,2534.1,1166.5393
1789205400000,2534.7,2536,2530.6,2531.3,1351.1369
1789206300000,2531.3,2531.7,2528.1,2529.9,1160.3696
1789207200000,2529.8,2535.8,2529.8,2533.1,2167.0713
1789208100000,2533.1,2533.1,2531,2531,643.624
1789209000000,2531.1,2532.3,2530.5,2532.3,302.5171
1789209900000,2532.3,2533.4,2530.3,2531.9,263.2232
1789210800000,2531.9,2534.2,2530.5,2531.4,1107.7573
1789211700000,2531.5,2531.7,2530.3,2531.6,286.9903
1789212600000,2531.6,2536,2531.6,2536,3173.4191
1789213500000,2536,2536,2534.3,2535,539.501
1789214400000,2535,2535,2532.7,2532.8,495.5967
1789215300000,2533.1,2534.1,2532.3,2532.9,230.2917
1789216200000,2532.9,2535.3,2532.3,2533.3,413.6784
1789217100000,2533.4,2535.2,2531.1,2534.5,246.058
1789218000000,2534.5,2543.2,2532.9,2538,2819.1586
1789218900000,2538,2540.8,2535.4,2539.9,1245.1346
1789219800000,2540,2540.6,2536.4,2537.4,3241.3072
1789220700000,2537.5,2544.7,2536.7,2543.9,3137.4948
1789221600000,2543.8,2544.6,2540.1,2540.2,1674.9613
1789222500000,2540.3,2542.6,2540,2542,2257.388
1789223400000,2542,2544,2538.1,2538.6,1844.666
1789224300000,2538.7,2541.1,2538.4,2539.2,1986.1797
1789225200000,2539.2,2540.1,2536.5,2539.7,1540.422
1789226100000,2539.7,2541.4,2538.3,2539.7,2331.5757
1789227000000,2539.7,2539.7,2530.8,2534.2,4055.6505
1789227900000,2534.2,2535.3,2531,2533.9,1400.3062
1789228800000,2533.9,2535.4,2531.6,2533.9,2760.2352
1789229700000,2533.8,2533.9,2531.7,2531.8,156.0339
1789230600000,2531.8,2531.8,2529.4,2529.4,736.7416
1789231500000,2529.4,2531.9,2529.1,2530.5,2109.5667
1789232400000,2530.5,2533.5,2529.8,2530.3,1915.062
1789233300000,2530.2,2532.2,2526,2526.9,1730.1132
1789234200000,2526.9,2526.9,2523.4,2525.7,3022.6766
1789235100000,2525.7,2525.7,2524,2524.8,1619.4953
1789236000000,2524.9,2526.3,2522.9,2523.1,1755.6409
1789236900000,2523.2,2526,2521,2523.7,2977.2455
1789237800000,2523.7,2524.7,2519.8,2523.1,1433.3401
1789238700000,2523.2,2523.4,2519.4,2521.6,588.9819
1789239600000,2521.7,2522.1,2517.9,2521.7,1361.2327
1789240500000,2521.8,2521.8,2518.2,2518.7,1215.3137
1789241400000,2518.7,2519.6,2513.8,2514.2,3044.3375
1789242300000,2514.1,2518.5,2514.1,2518.2,689.3258
1789243200000,2518.2,2521.4,2518.2,2521.3,1142.834
1789244100000,2521.3,2522.8,2520,2521.9,479.1806
1789245000000,2521.9,2522,2519.9,2521.4,315.8643
1789245900000,2521.2,2522.2,2519.3,2519.4,1591.0709
1789246800000,2519.4,2527.6,2519,2524.9,6085.0877
1789247700000,2525,2525.2,2522.5,2524.1,2043.8549
1789248600000,2524.1,2525.5,2522.8,2523,1123.7623
1789249500000,2523,2523.9,2521.5,2523.2,835.046
1789250400000,2523.2,2523.9,2521.2,2522.6,456.5979
1789251300000,2522.9,2525.4,2520.2,2520.3,443.6788
1789252200000,2520.3,2521.8,2519.6,2520.9,221.3256
1789253100000,2520.9,2522.7,2520.9,2522.2,106.1513
1789254000000,2522.3,2523.8,2521.6,2523.8,123.8735
1789254900000,2523.8,2524.1,2523.4,2523.4,373.3692
1789255800000,2523.5,2524.8,2523.4,2524.4,116.2306
1789256700000,2524.4,2526,2524.3,2525.4,384.2438
1789257600000,2525.4,2526.7,2524.7,2524.8,870.6978
1789258500000,2524.7,2526,2524.5,2525.1,203.0775
1789259400000,2525.1,2525.6,2522.8,2523.2,485.4932
1789260300000,2523.2,2525.3,2523.2,2524.9,300.3838
1789261200000,2524.9,2525.5,2523.3,2524.6,686.2905
1789262100000,2524.5,2527.1,2523.1,2523.6,139.4989
1789263000000,2523.7,2525,2521.8,2524.6,796.712
1789263900000,2524.5,2525.6,2524.3,2525.1,397.0529
1789264800000,2525.2,2525.2,2522.2,2522.4,500.2079
1789265700000,2522.3,2522.6,2521.1,2521.7,224.7554
1789266600000,2521.7,2522.8,2520.6,2522.7,570.9166
1789267500000,2522.7,2522.9,2520.5,2521,2439.2952
1789268400000,2520.9,2522,2519.4,2520,727.0178
1789269300000,2519.9,2521.2,2519.6,2519.8,122.1516
1789270200000,2519.8,2521.1,2518.2,2521.1,2628.7867
1789271100000,2521,2522,2519.2,2519.9,931.9226
1789272000000,2520.1,2522.7,2519.8,2520.9,235.9645
1789272900000,2520.8,2522.8,2520.8,2522.6,592.9191
1789273800000,2522.6,2522.6,2518.3,2518.9,2086.4151
1789274700000,2519,2519.5,2518.7,2519.1,122.8058
1789275600000,2519.1,2521.4,2519,2521.3,510.9506
1789276500000,2521.4,2522.2,2521,2522.2,89.8952
1789277400000,2522.1,2523.5,2522.1,2522.9,785.4531
1789278300000,2522.9,2523.2,2522.3,2522.4,119.0129
1789279200000,2522.3,2522.4,2522.2,2522.2,119.1997
1789280100000,2522.3,2522.3,2520.9,2521,659.6063
1789281000000,2520.9,2521,2518.2,2519.1,506.5086
1789281900000,2519,2519,2509.1,2512.2,1858.9001
1789282800000,2512.1,2513.7,2511.1,2513.7,1100.0186
1789283700000,2513.7,2514.8,2512.8,2514.8,1505.076
1789284600000,2514.7,2519.2,2513.3,2519.1,1282.9544
1789285500000,2519,2519.3,2516.2,2517.2,566.4076
1789286400000,2517.1,2518.5,2511.8,2513.9,1214.2408
1789287300000,2513.9,2514,2509.3,2509.7,3025.6996
1789288200000,2509.7,2509.7,2488,2491.5,21622.995
1789289100000,2491.5,2495.7,2491.1,2493.5,6571.5397
1789290000000,2493.4,2495.9,2491.9,2492,5343.6652
1789290900000,2492.1,2493.7,2473.2,2480.4,19105.0646
1789291800000,2480.4,2482.7,2468.9,2479.8,19264.4982
1789292700000,2479.8,2484.8,2478.6,2484.3,12104.6367
1789293600000,2484.4,2485.2,2481.1,2482.5,5052.6617
1789294500000,2482.5,2483,2478,2478.6,5856.5298
1789295400000,2478.6,2482.4,2472.4,2473.6,8124.4126
1789296300000,2473.6,2477.8,2468.6,2470.8,8553.1701
1789297200000,2470.8,2476.4,2467.6,2469,4237.9578
1789298100000,2469,2475.1,2469,2474.3,2594.9947
1789299000000,2474.3,2479.5,2472.5,2479.5,2054.0873
1789299900000,2479.5,2481,2478.4,2479.9,1129.7864
1789300800000,2479.8,2480.5,2477.9,2480.2,904.8149
1789301700000,2480.3,2482.1,2480,2480,777.882
1789302600000,2480.1,2481.5,2474.5,2475,1964.6977
1789303500000,2475,2477.4,2474.3,2476.6,1641.1656
1789304400000,2476.6,2477.1,2472.2,2476.9,3400.9469
1789305300000,2476.8,2476.8,2460.4,2465.7,11589.3526
1789306200000,2465.7,2475.6,2465.3,2474.7,6890.3211
1789307100000,2474.7,2481.5,2474.7,2478.6,8457.5166
1789308000000,2478.5,2484.1,2478.3,2484.1,7476.3845
1789308900000,2484.2,2492.2,2484.2,2490.2,9143.7327
1789309800000,2490.2,2494.2,2488.2,2491.6,7471.6549
1789310700000,2492.5,2495.5,2488.9,2491.4,2777.928
1789311600000,2491.4,2491.4,2484.2,2487.1,2802.9115
1789312500000,2487,2490.8,2482.1,2485.9,4857.8953
1789313400000,2486.3,2490.4,2486.3,2489.7,1726.5003
1789314300000,2489.7,2490.5,2488.3,2489.8,551.2898
1789315200000,2489.7,2505.2,2489.4,2500.6,23070.3323
1789316100000,2500.6,2503.4,2498,2502.2,4379.813
1789317000000,2502.2,2504.7,2500.2,2503.4,3915.8041
1789317900000,2503.4,2505.2,2501.9,2504.4,2057.3338
1789318800000,2504.4,2512.6,2504.1,2508.8,6371.447
1789319700000,2508.8,2510.6,2505.2,2505.3,1667.6081
1789320600000,2505.3,2505.5,2502.5,2503.3,3355.8395
1789321500000,2503.4,2505.6,2503.4,2504.5,206.6468
1789322400000,2504.6,2506.1,2504,2506,253.8723
1789323300000,2506.1,2508.4,2505.4,2506.1,1473.4063
1789324200000,2506.1,2509.2,2506,2507.9,1195.8823
1789325100000,2508,2509.5,2507.9,2509.3,1573.7923
1789326000000,2509.3,2515,2508.6,2508.6,2130.6267
1789326900000,2508.6,2510.4,2506,2507.3,3745.0147
1789327800000,2507.3,2507.4,2502.6,2503.9,8589.8405
1789328700000,2503.9,2505.5,2502.9,2505.2,4399.0576
1789329600000,2505.5,2506.9,2505.4,2506.8,557.8484
1789330500000,2506.9,2510.1,2506.8,2509.6,2679.2867
1789331400000,2509.5,2512.1,2508.7,2511.7,2706.18
1789332300000,2511.7,2514.8,2511.6,2512.6,3253.3294
1789333200000,2512.6,2515.2,2511.5,2514.6,1086.3512
1789334100000,2514.6,2516,2513.2,2513.5,2785.1263
1789335000000,2513.5,2513.5,2510.5,2512.2,906.5641
1789335900000,2512.1,2512.1,2507.8,2508.4,4733.8548
1789336800000,2508.5,2508.5,2486.7,2486.9,24704.0805
1789337700000,2486.8,2487.1,2474,2480.6,13395.9484
1789338600000,2480.6,2482.2,2472.7,2473.5,17835.2773
1789339500000,2473.5,2479.7,2471.6,2474.5,1679.2873
1789340400000,2474.3,2479.2,2472.3,2474,2803.2436
1789341300000,2473.9,2477.2,2469.6,2474.2,3039.3909
1789342200000,2474.1,2480.6,2474.1,2476.1,1249.9237
1789343100000,2475.4,2477.4,2473.2,2476,1765.3861
1789344000000,2475.9,2490,2475.3,2484.9,1949.0837
1789344900000,2485,2486.2,2464.7,2468.4,10297.423
1789345800000,2468.2,2484.5,2467.2,2482.2,7500.7851
1789346700000,2482.1,2485.4,2481.5,2483.5,3743.0639
1789347600000,2483.5,2487,2479.6,2481.3,867.6881
1789348500000,2481.2,2485.8,2475.1,2482.8,8703.3135
1789349400000,2482.8,2485.6,2471.9,2480.4,5632.3384
1789350300000,2480.1,2495,2478.8,2492.7,9497.993
1789351200000,2492.6,2505,2490,2503.8,3661.1906
1789352100000,2503.9,2510,2498.1,2504.1,9291.3648
1789353000000,2504.7,2509.1,2499.4,2503.5,6589.4438
1789353900000,2503.1,2513,2503.1,2510.5,6147.3072
1789354800000,2510.6,2519.7,2510.3,2517.5,14911.6562
1789355700000,2517.8,2519.1,2515.2,2516,5727.944
1789356600000,2516,2516,2507,2508.5,5205.5245
1789357500000,2509,2512.7,2508.8,2512.7,3659.7293
1789358400000,2512.7,2514.8,2511.2,2511.6,3668.0101
1789359300000,2511.6,2517.8,2510.9,2514.1,1716.1741
1789360200000,2514.1,2516.9,2511.5,2515.5,1488.3791
1789361100000,2515.5,2517.8,2512.5,2514.4,692.4727
1789362000000,2514.4,2515.4,2511,2514.5,753.1363
1789362900000,2514.4,2514.5,2509.8,2510.1,4336.0152
1789363800000,2510.2,2514.8,2509.5,2513.6,3585.2919
1789364700000,2513.7,2515.8,2510.2,2515.8,2247.1725
1789365600000,2515.9,2526.3,2514.8,2522.3,4202.3334
1789366500000,2522.5,2523.5,2514.3,2514.4,2599.1213
1789367400000,2514,2521.7,2507.7,2520.3,4657.6774
1789368300000,2520.3,2520.6,2513.9,2514,2820.359
1789369200000,2514,2519.6,2510.8,2519.5,3897.3874
1789370100000,2519.5,2523.2,2519.1,2519.8,2442.2357
1789371000000,2519.8,2525.8,2518,2525.2,5936.3274
1789371900000,2525.2,2525.2,2520.1,2522.5,5287.8283
1789372800000,2522.7,2527.6,2515.9,2521.2,8001.6994
1789373700000,2521.1,2531.4,2518.4,2521,6494.4225
1789374600000,2521.1,2524,2519,2521.2,1822.833
1789375500000,2521.1,2521.4,2515.1,2517.5,10240.9073
1789376400000,2517.5,2519.3,2513.4,2514,2304.1341
1789377300000,2514.1,2517.8,2510.1,2517.8,3462.5559
1789378200000,2517.8,2523,2517.7,2521.1,2192.9573
1789379100000,2521.1,2533.9,2520.9,2522.8,4428.8876
1789380000000,2523,2524.7,2518.3,2519.2,1870.3436
1789380900000,2519.2,2519.9,2515.3,2516.2,1266.6119
1789381800000,2516.3,2517.5,2514.6,2516.2,3665.1898
1789382700000,2516.2,2518.3,2511.6,2511.8,4263.1653
1789383600000,2511.8,2513.9,2506.5,2511.1,4202.5672
1789384500000,2510.7,2515.4,2510.5,2515,2855.8153
1789385400000,2515,2515.8,2510,2511.7,848.157
1789386300000,2511.7,2511.7,2505,2507.5,4905.1057
1789387200000,2508.2,2511.5,2505.4,2511.2,1799.9751
1789388100000,2511.2,2515.3,2510.7,2515.2,9120.3152
1789389000000,2515.3,2518,2505.5,2511.5,5645.6831
1789389900000,2511.6,2513.4,2502.5,2505,4072.1282
1789390800000,2505,2505,2487,2498.1,18285.1189
1789391700000,2498.1,2504.3,2498.1,2504.1,16152.172
1789392600000,2504.1,2517.7,2496.1,2508.5,22878.2807
1789393500000,2508.6,2516,2495.4,2500,22057.1018
1789394400000,2500,2515.1,2499.7,2513.9,15783.8589
1789395300000,2513.9,2516.3,2494.5,2504.4,16443.7504
1789396200000,2504.5,2512.8,2496.3,2499.7,11387.1435
1789397100000,2499.8,2509.4,2499.6,2501.4,15214.3378
1789398000000,2501.5,2509.4,2496,2504.1,10100.3118
1789398900000,2504.2,2508,2499.4,2500.4,2984.6736
1789399800000,2500.5,2514,2498.3,2510.2,14843.425
1789400700000,2510.2,2511,2503.6,2508.5,1705.3623
1789401600000,2508.6,2510,2504.2,2507.4,1131.7001
1789402500000,2507.5,2531.5,2507.5,2521.8,19381.3253
1789403400000,2521.9,2526.7,2521.2,2522.7,6955.2042
1789404300000,2522.8,2538.2,2522.7,2528.8,12520.9945
1789405200000,2529,2533.5,2525.5,2533.4,3868.5009
1789406100000,2533.5,2535.3,2529.2,2529.3,19651.8173
1789407000000,2529.3,2529.4,2522.1,2526.1,6649.7544
1789407900000,2526.1,2534.7,2525.9,2532.9,4215.3214
1789408800000,2533,2537.3,2530.4,2530.4,11161.5045
1789409700000,2530.5,2539.8,2529.5,2539.6,11661.787
1789410600000,2539.7,2543.4,2534.7,2539.4,13396.6006
1789411500000,2539.4,2544.7,2536.9,2539,5619.0633
1789412400000,2539.1,2539.9,2534.1,2538.5,4646.726
1789413300000,2538.5,2549.3,2538.2,2544.7,3447.7495
1789414200000,2544.7,2545.3,2535.7,2543.8,4089.0164
1789415100000,2543.8,2545.5,2538.8,2539.3,2848.7314
1789416000000,2539.3,2573,2539.2,2565.5,16239.5621
1789416900000,2565.5,2615.5,2565.2,2598.8,53968.7989
1789417800000,2598.8,2601.3,2586.2,2587.5,17424.8244
1789418700000,2587.5,2592.4,2567.2,2570.7,12116.0185
1789419600000,2570.7,2571.7,2540.1,2551.4,28124.4633
1789420500000,2551.4,2559.9,2548.4,2555.7,8925.706
1789421400000,2555.8,2559.3,2543.7,2547.2,7499.9012
1789422300000,2547.1,2550,2545,2547.4,2616.3816
1789423200000,2547.4,2555.9,2542.5,2554.5,7034.2565
1789424100000,2554.5,2555.2,2541.9,2544.4,6135.5259
1789425000000,2544.4,2544.4,2535.5,2539.3,20018.7737
1789425900000,2539.5,2539.5,2532.4,2532.6,5387.4123
1789426800000,2532.7,2534,2523.6,2524,14275.7737
1789427700000,2524,2526.3,2522.1,2524.4,5055.0673
1789428600000,2524.3,2524.4,2513.5,2518.3,6128.6721
1789429500000,2518.4,2518.4,2512.3,2514.9,8670.3189
1789430400000,2514.5,2516.9,2510,2511.8,4544.7864
1789431300000,2511.8,2511.9,2506.2,2509.4,5135.1512
1789432200000,2509.4,2515.9,2509.2,2513,2988.8191
1789433100000,2512.9,2516.4,2512,2515.3,2216.2203
1789434000000,2515.3,2515.3,2507,2511.3,3562.9641
1789434900000,2511.2,2517.7,2507.4,2510.1,6620.3587
1789435800000,2510.1,2516.1,2508.9,2516.1,2521.2505
1789436700000,2516.1,2519,2513,2514.9,1586.0787
1789437600000,2514.9,2519.3,2514.1,2517.5,1253.1717
1789438500000,2517.4,2519.1,2515.3,2515.8,780.4718
1789439400000,2515.9,2517,2510.7,2511.9,4026.8733
1789440300000,2511.9,2512.4,2508.8,2511.7,1043.2594
1789441200000,2511.7,2511.7,2494.3,2497.3,13906.8014
1789442100000,2497.3,2501,2495.9,2501,3632.0428
1789443000000,2501,2504.3,2500,2503.1,3088.1467
1789443900000,2503,2504.1,2496.6,2497.3,4036.3509
1789444800000,2497.3,2498.9,2495.2,2497.5,2034.3322
1789445700000,2497.4,2498.7,2492.1,2492.3,2525.456
1789446600000,2492.3,2494.1,2488.6,2493,6046.5772
1789447500000,2493,2493.4,2489.4,2489.4,1271.311
1789448400000,2489.4,2492.9,2477.9,2482.9,7640.6588
1789449300000,2483,2489.5,2478.6,2487.9,7735.8847
1789450200000,2487.6,2489.9,2485.5,2489.8,3377.8753
1789451100000,2489.8,2497.5,2489.7,2496.2,7441.334
1789452000000,2496.2,2499.9,2495,2495.5,3374.2661
1789452900000,2495.6,2495.6,2487.7,2487.8,2942.6753
1789453800000,2487.9,2489.4,2486.4,2488.9,4586.6724
1789454700000,2488.9,2489.6,2480.7,2484.8,4926.0732
1789455600000,2484.9,2485,2478.6,2480.1,4580.3708
1789456500000,2480.1,2483.7,2476.7,2482.8,2174.9735
1789457400000,2482.8,2482.8,2473.8,2476.8,8720.0505
1789458300000,2476.8,2480.4,2469.2,2472,6095.2189
1789459200000,2472,2472.2,2464.5,2470.6,7340.7814
1789460100000,2470.6,2473.2,2466,2471.2,2673.5684
1789461000000,2471.2,2473.5,2469.4,2472,1041.6517
1789461900000,2472,2476.5,2471.9,2476.5,1231.7753
1789462800000,2476.5,2476.5,2471.9,2472.9,1207.3562
1789463700000,2472.9,2474.9,2472.8,2474.9,4965.2002
1789464600000,2474.9,2476.9,2473.5,2475.6,1607.1025
1789465500000,2475.5,2480.3,2473,2473.6,6390.1091
1789466400000,2473.6,2477.9,2471.5,2474.5,1032.7342
1789467300000,2474.4,2476.9,2473.5,2473.9,924.9448
1789468200000,2473.7,2478.6,2472.7,2478.5,1463.7921
1789469100000,2478.5,2485.3,2478.4,2483.2,2069.6745
1789470000000,2483.2,2487.9,2481.2,2481.3,2050.7815
1789470900000,2481.3,2484.9,2479.1,2479.6,1417.8095
1789471800000,2479.6,2480.8,2472.4,2474.2,9310.6443
1789472700000,2474.2,2475.4,2471.8,2475.3,3943.3323
1789473600000,2475.4,2480.1,2473.9,2479,4623.5152
1789474500000,2479.1,2480.1,2476.3,2477.6,3947.5465
1789475400000,2478.2,2478.7,2474.2,2475.2,3042.1187
1789476300000,2475.2,2485,2474.1,2478.3,6803.3984
1789477200000,2478.1,2485.6,2475.8,2477.7,4472.5768
1789478100000,2477.6,2478.2,2476.5,2477.8,2382.1187
1789479000000,2477.8,2477.8,2429.9,2449,65138.6138
1789479900000,2449.2,2452.5,2438,2452.5,20112.4288
1789480800000,2452.6,2457,2444.2,2445.8,13807.4273
1789481700000,2445.8,2448.9,2434.1,2438.4,19376.5204
1789482600000,2438,2438,2408.9,2415.2,67982.0564
1789483500000,2415.2,2416.5,2388,2406.7,55586.1241
1789484400000,2407.2,2413,2396.3,2412.1,13360.3635
1789485300000,2412.2,2428.5,2409.3,2424.1,13664.3498
1789486200000,2424.1,2429.9,2422.8,2426,13458.6884
1789487100000,2426,2430.5,2421.4,2422.8,6838.6749
1789488000000,2422.8,2423.7,2411.4,2412.4,10537.2783
1789488900000,2412.3,2424.2,2412.3,2423.1,11207.3872
1789489800000,2423.1,2424.1,2416.4,2418.6,6006.4043
1789490700000,2418.6,2424.7,2418.6,2421.2,3335.4063
1789491600000,2421.3,2422.6,2410.7,2415.4,12015.2086
1789492500000,2415.3,2424.6,2413.9,2424,11771.1697
1789493400000,2424,2448.6,2422.4,2428.9,25690.9267
1789494300000,2428.8,2444.3,2428.8,2439.9,6772.7424
1789495200000,2439.9,2441.7,2432.6,2434.7,3536.4969
1789496100000,2434.7,2446.4,2421.9,2433.6,25569.7647
1789497000000,2434,2435.2,2368.1,2386.2,92772.1042
1789497900000,2386.3,2414.8,2356.6,2401.1,102958.8622
1789498800000,2401.1,2412.6,2396.3,2403.7,17101.5204
1789499700000,2403.8,2419,2400.2,2403.6,18438.682
1789500600000,2403.6,2408.3,2398.3,2403,9679.6886
1789501500000,2403,2415.4,2401.2,2415.4,12630.5793
1789502400000,2415.5,2417.2,2404.7,2409,8601.0329
1789503300000,2409,2409,2397.3,2397.8,12730.4349
1789504200000,2397.8,2404.1,2395.2,2404,5603.5027
1789505100000,2404,2409.3,2404,2406.8,1226.1851
1789506000000,2406.8,2406.8,2398,2400.9,5606.7229
1789506900000,2400.8,2403.8,2394.7,2396.8,5676.6781
1789507800000,2396.9,2401.5,2394.5,2400.3,2553.2015
1789508700000,2400.3,2400.3,2389,2389,3643.4707
1789509600000,2389,2395.6,2385.4,2387.1,7615.2228
1789510500000,2387.1,2396.6,2380.2,2392.7,12078.7255
1789511400000,2392.7,2401.9,2392.6,2394.6,7119.7064
1789512300000,2394.6,2400.4,2394.4,2395.6,7597.7343
1789513200000,2395.7,2408.6,2395.6,2408.5,14355.6563
1789514100000,2408.6,2411.9,2405,2405.7,6085.1844
1789515000000,2405.4,2405.4,2397,2400.2,2991.7207
1789515900000,2400.2,2401.1,2396.9,2397,590.9065
1789516800000,2397.1,2404.4,2396.6,2400.3,1246.7128
1789517700000,2400.4,2404.1,2400.1,2403.6,2727.2411
1789518600000,2403.7,2405.4,2401,2402.5,2387.5945
1789519500000,2402.6,2404.5,2397.5,2398.3,2406.5075
1789520400000,2398.2,2402,2395.1,2399.5,4193.9779
1789521300000,2399.5,2406.1,2397.6,2402.7,732.5417
1789522200000,2402.7,2402.7,2392.4,2397.4,2366.7156
1789523100000,2397.4,2399.2,2389.3,2389.8,2094.7768
1789524000000,2389.7,2395.3,2387.7,2392.3,6666.5215
1789524900000,2392.4,2400.9,2392.3,2400.8,2417.592
1789525800000,2401,2409.6,2401,2405.5,5531.0359
1789526700000,2405.4,2406.5,2399.4,2402,3312.1222
1789527600000,2402.4,2405.9,2400,2405.8,896.3303
1789528500000,2405.8,2410.4,2403.5,2403.5,736.8564
1789529400000,2403.6,2405.7,2399.4,2400.6,571.2585
1789530300000,2400.5,2402.6,2399.4,2400.8,682.2023
1789531200000,2401,2404.6,2401,2402.9,360.9485
1789532100000,2402.6,2408.6,2400.8,2403.3,2214.509
1789533000000,2403.3,2409.6,2401.3,2405.1,939.6312
1789533900000,2405.2,2407.4,2401.7,2402.6,1238.3688
1789534800000,2402.3,2403.5,2393.5,2399.2,2833.4284
1789535700000,2399.3,2403.3,2398.8,2403.2,2219.3585
1789536600000,2403.2,2405.6,2401.4,2405.6,253.0651
1789537500000,2405.7,2406,2402.7,2406,445.1246
1789538400000,2406,2407.9,2402.5,2402.8,371.2953
1789539300000,2402.9,2403.5,2399.5,2399.9,423.5014
1789540200000,2400,2400,2393.2,2397.1,1418.4064
1789541100000,2397.2,2405.7,2397.1,2405.6,1851.7691
1789542000000,2405.6,2409.9,2397.6,2400.8,6442.2553
1789542900000,2400.9,2403.3,2397.1,2397.8,2126.6035
1789543800000,2397.8,2399.9,2396.7,2397.5,3063.9199
1789544700000,2397.5,2398.7,2395.1,2395.9,3779.0687
1789545600000,2395.8,2396.1,2381.8,2386.4,9773.0475
1789546500000,2386.4,2392,2384,2387.5,4041.4547
1789547400000,2387.6,2392.9,2387.6,2392.8,1530.5128
1789548300000,2392.8,2402.5,2392.4,2401.8,2506.1753
1789549200000,2401.9,2406,2400.2,2400.7,2892.5856
1789550100000,2400.8,2404,2398,2401.5,1527.2008
1789551000000,2401.5,2403.5,2400.7,2402.1,650.4632
1789551900000,2402.1,2405.4,2400.8,2404.7,782.7722
1789552800000,2404.7,2405.6,2397.5,2398.4,2354.9727
1789553700000,2398.4,2402.7,2398.3,2401.4,1062.185
1789554600000,2401.4,2406.5,2400.6,2406.2,5508.3198
1789555500000,2406.2,2406.3,2401.3,2403.8,6252.8517
1789556400000,2404,2408.6,2403.5,2403.5,4142.3099
1789557300000,2403.9,2406.9,2402,2406.8,2636.9632
1789558200000,2406.8,2428.7,2406.8,2425.6,11759.9239
1789559100000,2425.1,2426.8,2418.7,2421.6,7741.2157
1789560000000,2421.3,2422.5,2412,2412.7,2665.6871
1789560900000,2412.3,2416.4,2405,2406,3597.7372
1789561800000,2405.4,2410.4,2402.5,2406.5,9768.0232
1789562700000,2406.5,2409.5,2403.1,2406.2,2724.7774
1789563600000,2406.1,2406.1,2394.3,2400.9,11282.4925
1789564500000,2401,2404.9,2397.4,2400.1,2931.0607
1789565400000,2400,2401.4,2389.2,2398.1,13824.2668
1789566300000,2397.6,2402.9,2391.1,2393.4,9287.1343
1789567200000,2393.3,2394.1,2382.8,2389.4,14998.6485
1789568100000,2389.4,2397.8,2387.3,2397.1,4709.2009
1789569000000,2397,2397.1,2383.3,2390.8,7142.7942
1789569900000,2390.7,2390.7,2380,2388.5,6337.1194
1789570800000,2388.8,2395.4,2385.7,2393.2,3912.8182
1789571700000,2393,2393.6,2386.2,2386.2,2975.4692
1789572600000,2386.6,2394.7,2383.1,2390.4,6258.4833
1789573500000,2390.4,2401.1,2390.2,2392,5458.326
1789574400000,2392.3,2396.9,2388,2396.4,1634.6344
1789575300000,2396.4,2399,2392.3,2395.4,2185.1526
1789576200000,2395.8,2397.4,2386,2387.3,14947.2012
1789577100000,2387.1,2394.5,2387.1,2390.7,1826.4952
1789578000000,2390.7,2392.7,2386,2390,2232.294
1789578900000,2389.9,2392.7,2386.2,2388.2,4449.26
1789579800000,2387.9,2388.2,2370.9,2374.8,11408.2476
1789580700000,2374.9,2395.1,2370.2,2386.3,8570.3666
1789581600000,2386.8,2430,2369.4,2401.3,70943.4806
1789582500000,2401.4,2411.8,2396,2411.7,17844.5619
1789583400000,2411.7,2421.3,2366.9,2407.9,44889.3265
1789584300000,2408.1,2411.5,2389.1,2396.8,11606.5349
1789585200000,2396.9,2417.9,2396.9,2406.1,15800.0657
1789586100000,2406.8,2409.6,2375.3,2387.1,26272.2431
1789587000000,2387.1,2406.5,2380.6,2405.5,17570.6653
1789587900000,2404.9,2410.7,2404.3,2408.2,6336.0725
1789588800000,2407.8,2419.1,2404.1,2411.8,9802.2554
1789589700000,2411.8,2417.1,2406.6,2410.3,2917.0607
1789590600000,2410.6,2414.1,2403.8,2408,2551.7333
1789591500000,2408.1,2411.8,2406.3,2409.9,2905.0613
1789592400000,2409.9,2412.3,2407.1,2408.6,1630.2653
1789593300000,2408.8,2410.6,2404.1,2405,1755.5707
1789594200000,2404.9,2407.2,2399.2,2400.8,2641.8417
1789595100000,2400.9,2405.5,2400.3,2404.2,2826.7885
1789596000000,2404.3,2405.1,2387.4,2397.5,7252.9171
1789596900000,2397.5,2400.8,2391.7,2393.4,1740.0447
1789597800000,2393.3,2397.2,2390.7,2397.1,1837.7009
1789598700000,2397.2,2397.9,2390,2391.5,1844.9275
1789599600000,2391.5,2397.8,2389,2397.8,1363.8949
1789600500000,2397.8,2414.7,2397.8,2412.2,10947.2874
1789601400000,2412.3,2421.6,2411.1,2418.3,10738.4914
1789602300000,2418.8,2421.8,2415.1,2417.5,2535.0733
1789603200000,2417.7,2423.6,2415.2,2421,3636.1069
1789604100000,2420.9,2425.6,2420.1,2421.7,5956.1419
1789605000000,2421.6,2427,2420.7,2423.4,3263.2564
1789605900000,2423.4,2424.4,2418.1,2418.1,2700.2945
1789606800000,2418.2,2420,2413,2417.3,3375.3641
1789607700000,2417.4,2440.1,2416.1,2438.5,6498.5948
1789608600000,2438.3,2445.3,2430,2434.6,11828.2709
1789609500000,2434.6,2434.7,2426.7,2427.1,4511.1442
1789610400000,2427,2428.3,2417.3,2421.9,6267.833
1789611300000,2421.4,2422.8,2415.4,2421.7,4445.8518
1789612200000,2421.6,2432,2420.1,2430.6,3816.3934
1789613100000,2430.4,2431.4,2427,2428.4,4459.2047
1789614000000,2428.4,2436,2428.4,2433,1003.9714
1789614900000,2433.5,2438.5,2431.1,2435.8,7344.4269
1789615800000,2435.8,2438.8,2434.6,2436.9,3379.1325
1789616700000,2436.8,2437.8,2433.6,2435.5,688.8088
1789617600000,2435.4,2435.5,2430.4,2430.9,929.0265
1789618500000,2430.8,2430.9,2424.8,2425.1,2970.031
1789619400000,2425,2437.3,2424,2435.5,12590.5769
1789620300000,2435.1,2444.4,2434.4,2441.9,6149.5458
1789621200000,2441.8,2446.7,2439.8,2441,5354.9405
1789622100000,2440.9,2445,2438,2442.8,1199.1239
1789623000000,2442.6,2442.6,2436.9,2438.5,898.9231
1789623900000,2438.2,2441,2435.6,2436.5,1716.4759
1789624800000,2436.4,2442.6,2435.7,2441.7,1019.4642
1789625700000,2441.6,2441.6,2435.4,2439.5,1683.7695
1789626600000,2439.9,2445,2439.3,2444.6,1490.1003
1789627500000,2444.5,2446.4,2440.2,2440.8,1163.001
1789628400000,2440.7,2454.5,2440.4,2447.5,23366.3173
1789629300000,2447.5,2451.3,2446.3,2447.5,1737.2555
1789630200000,2447.6,2448.7,2445.9,2445.9,2115.7708
1789631100000,2445.7,2447.3,2442,2443.3,2066.111
1789632000000,2443.3,2445.5,2438,2438,2338.8225
1789632900000,2438.1,2443.3,2436.8,2438,2858.6481
1789633800000,2438,2444.9,2436.4,2442.3,1071.0651
1789634700000,2442.2,2445.4,2441.5,2444.6,476.9059
1789635600000,2444.6,2448,2444.1,2446.2,1048.2157
1789636500000,2446.3,2447.8,2444.3,2444.4,815.4776
1789637400000,2444.3,2448,2441.5,2441.5,2236.7529
1789638300000,2441.5,2443.9,2437,2437.7,1273.9379
1789639200000,2437.7,2438.2,2431.3,2434.3,1820.7413
1789640100000,2434.4,2434.4,2430.7,2432.6,2982.1185
1789641000000,2432.3,2434.7,2431.2,2432,727.717
1789641900000,2432,2434.2,2429.2,2434.2,1255.4871
1789642800000,2434.2,2437.6,2433.3,2437.2,1481.9934
1789643700000,2437.3,2437.8,2433,2436.3,747.2547
1789644600000,2436.2,2436.2,2427.2,2427.2,917.7296
1789645500000,2427.3,2441.9,2427.3,2441.8,2849.0321
1789646400000,2441.4,2455.5,2438.2,2454.3,13147.146
1789647300000,2454.4,2472.1,2453.7,2471.2,15498.9203
1789648200000,2471.2,2479.8,2460.8,2460.9,12901.283
1789649100000,2461,2465.2,2458.3,2459.3,2882.7162
1789650000000,2459.2,2464.2,2454.1,2456.3,4931.1722
1789650900000,2456.3,2459.1,2450.1,2451.5,4230.1531
1789651800000,2451.6,2454.6,2431.2,2438.6,14578.8294
1789652700000,2438.7,2462.5,2435.5,2461.8,8069.4391
1789653600000,2462.2,2480,2449.8,2479.2,15315.2542
1789654500000,2478.9,2482.8,2467.1,2476.3,12914.8932
1789655400000,2476.7,2480.6,2463.4,2463.7,8429.0095
1789656300000,2463.7,2467.3,2460.6,2460.6,8198.6602
1789657200000,2460.9,2460.9,2447.5,2451,12219.9154
1789658100000,2451,2456.1,2448.3,2454.8,2518.4754
1789659000000,2455.3,2477.4,2454.4,2471.1,3947.6088
1789659900000,2470.7,2472.9,2465.9,2469.4,2201.1453
1789660800000,2469.4,2473.2,2467.7,2469.6,7419.7452
1789661700000,2469.6,2471,2465.6,2468.9,745.214
1789662600000,2468.8,2468.9,2454.4,2464.3,3659.1607
1789663500000,2464.4,2469.8,2459.7,2469.8,1969.0081
1789664400000,2469.9,2475.6,2468.7,2468.9,1098.4628
1789665300000,2468.9,2476,2466.5,2472.9,7693.6573
1789666200000,2472.8,2472.9,2464.3,2464.4,2423.8652
1789667100000,2464.4,2464.4,2459,2461.8,4216.6545
1789668000000,2461.9,2462.2,2458.4,2461.4,1935.9701
1789668900000,2461.4,2462.6,2459.7,2459.9,2161.5812
1789669800000,2460,2460.5,2449.3,2454.3,4258.3748
1789670700000,2454.4,2457.2,2451.1,2451.2,2018.9947
1789671600000,2451.2,2454.4,2450,2450,5015.2588
1789672500000,2450,2453.8,2448.6,2452,4006.8561
1789673400000,2452.1,2453.7,2447.9,2449.4,3902.1114
1789674300000,2449.4,2453.5,2443.9,2447.8,4208.8606
1789675200000,2447.7,2452.7,2446.3,2452.7,3053.9936
1789676100000,2452.7,2458.3,2451.7,2457,4588.0514
1789677000000,2456.9,2456.9,2448.4,2449.5,4595.0453
1789677900000,2449.6,2451.9,2447.3,2451.9,690.4263
1789678800000,2452,2454.9,2449.2,2449.2,1633.1461
1789679700000,2449.3,2451.2,2449.3,2451.2,336.7787
1789680600000,2451.1,2452.7,2449.3,2450.2,2864.6175
1789681500000,2450.3,2450.3,2446.1,2446.1,3137.6317
1789682400000,2446,2448.8,2441.2,2442.6,1311.1909
1789683300000,2442.7,2442.7,2436.5,2437.6,3603.7873
1789684200000,2437.6,2447.1,2436.4,2446.2,3284.274
1789685100000,2446.2,2446.6,2440.5,2444.6,3108.4185
1789686000000,2444.7,2449.6,2443.1,2446.8,1400.8006
1789686900000,2446.9,2448.9,2446.6,2448.8,907.0345
1789687800000,2448.8,2448.8,2444.6,2446.8,1645.0967
1789688700000,2446.8,2449.8,2445.5,2446.3,1203.4516
1789689600000,2446.4,2447.1,2441.8,2443.1,2078.3581
1789690500000,2443.1,2443.1,2435.8,2439.5,2365.3894
1789691400000,2439.5,2443.5,2438.6,2442,1682.7428
1789692300000,2442.1,2447.5,2440.2,2447.4,1284.5979
1789693200000,2447.4,2451.4,2444.7,2449.5,3594.7566
1789694100000,2449.4,2452.8,2447.5,2450,1462.1448
1789695000000,2449.9,2456.9,2449.8,2454,8211.491
1789695900000,2454,2458.7,2453.4,2456.6,5378.9699
1789696800000,2456.4,2460.1,2451.4,2455.1,1716.394
1789697700000,2455.2,2461.1,2455,2459.9,4719.5061
1789698600000,2460,2465.9,2459.9,2461.4,4044.1273
1789699500000,2461.5,2464.4,2460.4,2461.8,1349.864
1789700400000,2461.8,2474,2460.6,2473.9,2504.7347
1789701300000,2473.7,2485.3,2467.7,2474.4,12863.9072
1789702200000,2474.4,2477.4,2468.7,2473.5,1927.8789
1789703100000,2474.2,2479.9,2474.2,2478.5,3927.36
1789704000000,2478.6,2482.5,2472.8,2474.7,6355.0732
1789704900000,2475.1,2477.5,2470.2,2471.5,2125.1854
1789705800000,2471.5,2476.3,2469.3,2476.3,1432.1037
1789706700000,2476.3,2481.9,2474.1,2481.6,3906.5602
1789707600000,2481.6,2493,2477.9,2488.5,14963.3104
1789708500000,2488.6,2491.4,2480.4,2484.6,3966.8799
1789709400000,2484.6,2489.2,2482.5,2484.4,2431.9148
1789710300000,2484.4,2485.1,2478.2,2479.9,3119.7866
1789711200000,2479.9,2486.9,2479.9,2483.1,1677.3844
1789712100000,2483.2,2487.7,2482.6,2482.8,2858.7268
1789713000000,2482.7,2486.7,2482.1,2485.6,1330.6274
1789713900000,2485.5,2487.7,2482.2,2487.2,1062.0969
1789714800000,2486.8,2496,2485.6,2489.8,4086.6644
1789715700000,2489.9,2498.5,2488.6,2493.6,6271.3353
1789716600000,2493.6,2495,2488.8,2491.7,1620.6633
1789717500000,2491.6,2493.5,2487.3,2489.2,4217.1099
1789718400000,2489.3,2498.4,2485.3,2488.3,4175.409
1789719300000,2488.2,2506.7,2487.2,2498.2,14384.6642
1789720200000,2498.2,2499.9,2493.7,2496.8,1752.2224
1789721100000,2496.8,2505.8,2495.6,2505.4,5105.1504
1789722000000,2505.4,2516.8,2504.3,2515.5,18525.1002
1789722900000,2514.9,2521,2505.8,2508,18687.1638
1789723800000,2508.1,2508.2,2502,2503.5,4695.9479
1789724700000,2503.3,2508.8,2502.3,2508.2,4974.3892
1789725600000,2508.3,2516.4,2508.1,2515.9,10744.6525
1789726500000,2515.9,2519.2,2511.7,2517.9,3595.9272
1789727400000,2517.8,2519.9,2515.1,2516.8,4272.1702
1789728300000,2516.9,2521,2513.1,2513.2,2619.9062
1789729200000,2513.2,2518,2499.4,2502.7,12324.224
1789730100000,2502.8,2507.3,2502,2503.9,5395.6463
1789731000000,2503.9,2513.9,2502.8,2505.8,4110.6964
1789731900000,2506.1,2511.5,2506.1,2507.6,4904.6137
1789732800000,2507.7,2510,2500.8,2503.8,8861.7086
1789733700000,2503.8,2505.6,2499.8,2504.1,5000.0373
1789734600000,2504.2,2508.9,2500.7,2503.6,6956.7035
1789735500000,2503.6,2505.9,2501,2502,5262.5216
1789736400000,2502,2503.2,2494.4,2498.8,4818.2834
1789737300000,2498.8,2506.5,2497.9,2506,3341.0942
1789738200000,2505.9,2539,2504.4,2537.7,21131.7173
1789739100000,2537.7,2577.9,2532.8,2554.8,42253.0737
1789740000000,2554.8,2570.6,2554.7,2561.5,26499.7987
1789740900000,2561.6,2584.1,2560.2,2570.3,22941.4819
1789741800000,2570.3,2580,2564.4,2578.9,20331.4483
1789742700000,2578.9,2586.3,2575.2,2583.5,7500.7866
1789743600000,2583.5,2589.2,2567,2576.4,18099.229
1789744500000,2576.4,2598,2576.2,2588.8,14726.0301
1789745400000,2589.1,2589.6,2574.3,2574.3,8778.7304
1789746300000,2574.4,2586.5,2570.4,2585,10536.8552
1789747200000,2585,2599.3,2580,2598.1,20070.4608
1789748100000,2598,2604.5,2593.3,2600.9,16325.3179
1789749000000,2601,2612,2600,2603,11193.5291
1789749900000,2603.1,2603.1,2591,2598.5,10364.302
1789750800000,2598.5,2599.2,2589.5,2597.1,4806.3001
1789751700000,2597.1,2600,2585.7,2592.5,6165.6856
1789752600000,2592.5,2596,2586.2,2595.9,4835.5661
1789753500000,2596,2611.2,2595.3,2608.3,7011.2488
1789754400000,2608.3,2610.8,2602,2606.3,8344.2609
1789755300000,2606.6,2613.3,2604.2,2611.6,6139.3207
1789756200000,2611.7,2627.6,2607.4,2611.3,25709.5672
1789757100000,2610.9,2619.3,2610.4,2613.4,8171.598
1789758000000,2613.8,2628.2,2612.5,2627.2,13203.3442
1789758900000,2627.2,2641.7,2626.2,2637.6,21663.9923
1789759800000,2637.7,2643,2628.3,2642.9,7682.9987
1789760700000,2643,2647,2636.4,2637.7,8543.1413
1789761600000,2637.6,2639,2629.4,2635.7,7910.5245
1789762500000,2635.7,2640.5,2626.1,2628.8,6141.8005
1789763400000,2628.8,2637,2625.2,2634.8,2361.7782
1789764300000,2634.9,2638,2630.9,2632.3,2296.5563
1789765200000,2632.3,2640.5,2631.2,2639.9,2763.8103
1789766100000,2639.9,2640.3,2632.5,2633.4,2469.4392
1789767000000,2633.4,2636.6,2627.8,2630.6,6760.6368
1789767900000,2630.5,2630.5,2626.4,2628,1851.0791
1789768800000,2628,2634.5,2627.1,2630.8,1514.9174
1789769700000,2630.8,2635.6,2630.7,2633.6,1709.92
1789770600000,2633.5,2633.6,2619.3,2620.6,6041.4687
1789771500000,2620.5,2623.3,2618.3,2620.7,5210.0191
1789772400000,2620.7,2623.3,2613.8,2621.1,3388.3315
1789773300000,2621.1,2622.5,2614.5,2615.1,1386.2484
1789774200000,2615.1,2616,2610.6,2613,5418.326
1789775100000,2613,2614.7,2610,2613,2689.729
1789776000000,2612.9,2614.1,2608.1,2613.4,9483.0589
1789776900000,2613.5,2618.6,2613.4,2616.7,3936.7129
1789777800000,2616.7,2622.9,2616.6,2622.9,2636.0803
1789778700000,2622.7,2628.3,2620.1,2628.3,3890.6854
1789779600000,2628.2,2628.6,2614.6,2614.6,8678.7549
1789780500000,2614.7,2616.4,2603.7,2613.2,13591.2693
1789781400000,2613.1,2614.2,2604.7,2613.3,4848.5764
1789782300000,2613.2,2621.2,2613.2,2614.1,1774.0602
1789783200000,2614.1,2619.4,2613.1,2618,1388.1203
1789784100000,2618,2624.6,2615.2,2620,10298.1313
1789785000000,2620,2625.1,2619.2,2621.7,2750.5234
1789785900000,2621.4,2625.4,2620.4,2625.3,1400.214
1789786800000,2625.3,2634.1,2623.7,2628.5,4124.9649
1789787700000,2628.6,2628.6,2622.4,2622.5,2745.3963
1789788600000,2622.6,2625,2620.9,2624.9,2019.3381
1789789500000,2625,2625,2622,2622.2,1069.4704
1789790400000,2622.1,2627.9,2622.1,2627.8,1269.743
1789791300000,2627.8,2628.7,2623.6,2626.7,993.3785
1789792200000,2626.7,2626.7,2614,2616.3,2661.382
1789793100000,2616.2,2621.4,2614.6,2621.4,1662.3135
1789794000000,2621.4,2632.1,2621.3,2626.8,1676.9518
1789794900000,2626.7,2634.8,2625.7,2629.6,5486.4627
1789795800000,2629.5,2635,2628.5,2628.6,3262.0624
1789796700000,2628.6,2634.4,2627.9,2630.4,2802.5442
1789797600000,2630.5,2632.4,2626.8,2626.9,1497.678
1789798500000,2626.9,2629.2,2621.7,2626.1,1273.425
1789799400000,2626,2631.4,2624.6,2630.8,1632.081
1789800300000,2630.7,2631.2,2628,2628.7,2101.2367
1789801200000,2628.6,2632.5,2627.7,2632.1,1932.5842
1789802100000,2632,2637,2628.7,2631.6,1753.128
1789803000000,2631.2,2632.6,2625.9,2626.4,901.6625
1789803900000,2626.3,2632.2,2625,2628.5,830.9151
1789804800000,2628.6,2637.6,2625.7,2637.6,2236.5291
1789805700000,2637.5,2662.7,2634.4,2647.1,17355.8334
1789806600000,2647.2,2656.7,2644.8,2650.4,6341.9285
1789807500000,2650.3,2653.7,2645.4,2647.3,4392.4219
1789808400000,2647.3,2661.8,2646.8,2652.1,5487.7679
1789809300000,2652,2655.5,2647.9,2648.4,4785.6523
1789810200000,2648.3,2650.3,2634.6,2638,7325.3399
1789811100000,2637.9,2645.3,2637.9,2642.6,2445.6397
1789812000000,2642.6,2643.8,2640,2642.3,1548.958
1789812900000,2642.7,2646.8,2641.7,2646.6,1638.6803
1789813800000,2646.5,2647.5,2644.4,2645.7,1119.1243
1789814700000,2645.7,2646.5,2639.6,2639.9,1376.2457
1789815600000,2639.8,2644.3,2639.2,2639.2,2155.3987
1789816500000,2639.2,2643.6,2638.1,2639.8,808.7473
1789817400000,2639.8,2641.5,2638.1,2641,1105.5904
1789818300000,2641,2642.8,2640.4,2641.3,797.3834
1789819200000,2641.2,2643.5,2638.7,2643.5,1916.8148
1789820100000,2643.4,2643.7,2641.3,2642.2,6359.7487
1789821000000,2642.2,2643.6,2641.1,2641.1,803.2891
1789821900000,2641,2643.6,2639.4,2643.2,1696.7889
1789822800000,2643.2,2643.6,2635.2,2638.5,3583.7924
1789823700000,2638.9,2643.4,2634.3,2635.8,4932.3599
1789824600000,2635.7,2638.9,2630.2,2636.6,2089.5719
1789825500000,2636.6,2640.1,2635,2639.3,5550.216
1789826400000,2639.2,2643,2638,2639.2,6037.0453
1789827300000,2639.1,2643.7,2639.1,2643.7,2765.5941
1789828200000,2643.7,2643.7,2637.2,2640.4,6386.8469
1789829100000,2640.4,2642.6,2638.1,2640.3,968.2754
1789830000000,2640.2,2645.2,2640.1,2643.3,11459.4734
1789830900000,2643.3,2647.3,2638.4,2638.8,7509.1076
1789831800000,2638.7,2652.4,2638.7,2650.2,3856.3856
1789832700000,2650.1,2650.2,2641.3,2642.1,6584.7693
1789833600000,2642,2648,2637.1,2646.1,2739.627
1789834500000,2646,2652,2644.5,2648.9,3614.5701
1789835400000,2648.9,2652.8,2648.5,2649,1317.2831
1789836300000,2649.1,2651.7,2647.9,2651.2,491.262
1789837200000,2651.1,2656.4,2649.9,2651.4,1299.3407
1789838100000,2651.3,2669,2643,2647.2,12492.364
1789839000000,2647.3,2651.4,2643,2648,3877.0952
1789839900000,2648,2650,2645.5,2646.5,1035.9489
1789840800000,2646.5,2648.1,2637.5,2638.4,3599.9409
1789841700000,2638.5,2643.7,2635.5,2641.4,7877.6385
1789842600000,2641.4,2645.4,2636,2642.5,4897.2414
1789843500000,2642.5,2642.6,2637,2639.4,3849.0949
1789844400000,2639.7,2641,2634.1,2635,2561.3004
1789845300000,2635,2639,2632.2,2638,2425.5226
1789846200000,2638,2638.8,2635.7,2635.7,1942.8382
1789847100000,2636,2638.3,2634.4,2635.3,3566.2238
1789848000000,2635.8,2637.4,2634.4,2636.1,1874.8177
1789848900000,2636.1,2640.4,2633.5,2635.6,1901.2625
1789849800000,2635.6,2640.8,2635.6,2640.7,1379.4625
1789850700000,2640.7,2640.8,2633.2,2636.3,5209.5739
1789851600000,2636.3,2639.3,2624.3,2624.4,12949.0176
1789852500000,2624.6,2629.3,2618.8,2627.9,9657.9493
1789853400000,2627.8,2628.2,2620.5,2624.4,5673.7941
1789854300000,2624.5,2629.7,2624.3,2627.9,3023.3037
1789855200000,2627.9,2627.9,2620,2620,7144.0022
1789856100000,2620,2623.8,2619.4,2622.3,2409.6575
1789857000000,2622.4,2629.5,2622.1,2629.1,1615.5425
1789857900000,2629,2631.4,2628.6,2630.8,868.0888
1789858800000,2630.7,2636.3,2630.5,2635.9,1610.9003
1789859700000,2636,2637.6,2629.4,2632.6,2549.5141
1789860600000,2632.6,2637.9,2631.2,2635.3,3569.8666
1789861500000,2635.2,2635.8,2632.5,2632.6,1270.6441
1789862400000,2632.5,2632.6,2626.9,2630,4456.0612
1789863300000,2630,2631.7,2627.4,2629.8,1430.7224
1789864200000,2629.7,2631.8,2627.4,2631.1,2681.7859
1789865100000,2630.2,2630.2,2626.4,2627.6,2051.3952
1789866000000,2627.5,2627.7,2620.6,2621.1,3102.8696
1789866900000,2621,2626,2620.6,2621.2,1207.2576
1789867800000,2621.1,2621.8,2610.6,2618.9,18829.5557
1789868700000,2619,2619.7,2615.6,2619.3,1669.4132
1789869600000,2619.4,2622.1,2617.3,2622.1,3401.1546
1789870500000,2622,2623.3,2613.5,2613.7,3215.0664
1789871400000,2613.9,2615,2585.6,2588.5,13777.2699
1789872300000,2588.5,2599,2565.5,2573.3,28401.039
1789873200000,2573.3,2585.2,2562.9,2574.5,11057.4044
1789874100000,2574.4,2590.4,2568.4,2584,9325.4904
1789875000000,2583.9,2588,2577.8,2580.7,7087.9499
1789875900000,2580.8,2587.4,2578.8,2587.2,1891.6694
1789876800000,2587.2,2587.4,2580.4,2584.5,2071.5807
1789877700000,2584.4,2587.8,2578.5,2582.7,2401.2252
1789878600000,2582.7,2585.2,2580.3,2580.4,2525.1911
1789879500000,2580.3,2581.1,2576.1,2579.1,2685.8666
1789880400000,2579.1,2584.5,2576.8,2583.2,2389.0202
1789881300000,2583.2,2583.2,2574.4,2577.9,2471.876
1789882200000,2577.8,2582,2573.2,2575.6,1031.4946
1789883100000,2575.6,2579.1,2574.7,2577.5,994.6239
1789884000000,2577.4,2578.9,2573.7,2578,1760.0932
1789884900000,2577.9,2584.1,2577.9,2579.3,4758.2827
1789885800000,2579.2,2580.3,2569,2572.9,6136.407
1789886700000,2572.9,2575.3,2569.8,2573.2,2349.0927
1789887600000,2573.2,2576.5,2571.4,2574.8,4977.9562
1789888500000,2574.5,2576.8,2570.5,2576.1,1294.5057
1789889400000,2576,2576.7,2570.9,2574.7,1162.7538
1789890300000,2574.6,2577.5,2574.6,2575.7,3029.3638
1789891200000,2575.8,2583.2,2574.7,2579.8,5744.07
1789892100000,2579.7,2580.2,2576.3,2577.5,1397.9878
1789893000000,2577.4,2578.5,2572,2572.7,1492.66
1789893900000,2572.6,2574.7,2569,2574,1551.8308
1789894800000,2574,2576.8,2573.5,2575.5,2997.4835
1789895700000,2575.6,2580,2575.5,2578.7,847.3275
1789896600000,2578.7,2586.2,2578.6,2584.9,2693.3827
1789897500000,2584.8,2584.9,2579,2579.1,1780.6579
1789898400000,2579.1,2580.6,2569.6,2574.9,7012.4214
1789899300000,2575.2,2578.8,2573.6,2574.5,2713.3588
1789900200000,2574.6,2577,2572.1,2573,726.511
1789901100000,2572.9,2574.9,2569.7,2569.8,2627.3525
1789902000000,2569.8,2574.3,2566.5,2571,4884.4478
1789902900000,2570.9,2572.2,2569.1,2571.7,2925.2249
1789903800000,2571.8,2577,2571.8,2574.7,7660.2108
1789904700000,2574.8,2579.7,2574.4,2578.3,1242.8285
1789905600000,2578.2,2581.8,2575,2579.6,1971.073
1789906500000,2579.7,2579.8,2573.8,2573.9,1064.1459
1789907400000,2573.8,2575,2570.7,2574.5,3451.1596
1789908300000,2574.4,2580,2574.2,2579.8,4125.7367
1789909200000,2579.8,2586.2,2579.8,2581.4,6518.7347
1789910100000,2581.4,2582.4,2578.4,2579.8,2510.9028
1789911000000,2579.8,2580.9,2576.5,2579.3,973.1987
1789911900000,2579.5,2580.9,2578.3,2580.2,2009.315
1789912800000,2580.1,2588.2,2580,2580.4,8981.4219
1789913700000,2580.4,2580.4,2574.2,2577.1,2926.5449
1789914600000,2577,2583.4,2575.8,2581.3,1509.4775
1789915500000,2581.2,2587.9,2580.4,2586.2,3682.8199
1789916400000,2586.1,2608.4,2586.1,2596.7,16444.3959
1789917300000,2596.8,2606.1,2593.1,2593.1,7109.9611
1789918200000,2593.1,2607.3,2593.1,2603.5,5038.5577
1789919100000,2603.5,2616.2,2603.4,2613.5,12778.2889
1789920000000,2613.2,2629.3,2606.6,2623.8,25125.0636
1789920900000,2623.8,2627.9,2616.4,2619.7,8471.6061
1789921800000,2619.8,2648.7,2619.7,2642.3,22133.0816
1789922700000,2642.5,2644.7,2633.1,2641.1,9193.836
1789923600000,2641.1,2650.3,2634.4,2637.6,8635.6223
1789924500000,2637.6,2641,2619.7,2622.4,9097.7901
1789925400000,2622.5,2640.2,2622.5,2635.8,6577.6184
1789926300000,2635.9,2638,2622.5,2627,4469.7944
1789927200000,2626.7,2629.2,2622.4,2626.4,1907.7989
1789928100000,2626.4,2639,2625.8,2638.9,3768.9587
1789929000000,2638.9,2640.7,2631,2633.1,3133.3813
1789929900000,2633.1,2633.3,2623.1,2626.6,2941.7853
1789930800000,2626.6,2629.8,2626,2627.7,1983.6326
1789931700000,2627.7,2630,2626.9,2629.8,654.5595
1789932600000,2629.8,2636.9,2629.8,2635.6,1789.3945
1789933500000,2634.8,2639.9,2632.5,2633.7,2635.5583
1789934400000,2633.6,2637.2,2632.2,2632.8,2237.3843
1789935300000,2632.7,2639.2,2630.9,2639.2,1766.1192
1789936200000,2639.1,2639.1,2631.8,2637,2023.9794
1789937100000,2637,2643.3,2632.6,2635,2506.3861
1789938000000,2635,2636.3,2610,2620.1,14965.7572
1789938900000,2620,2627.8,2619,2623.8,4365.0554
1789939800000,2623.9,2628,2621.5,2621.5,5029.9292
1789940700000,2621.5,2631.6,2621.4,2631.6,2208.9806
1789941600000,2631.6,2647.9,2625.1,2647.3,8643.0387
1789942500000,2647.2,2647.5,2635.6,2641.8,10236.3755
1789943400000,2641.9,2646.3,2637.4,2637.4,2640.3655
1789944300000,2637.4,2644.3,2636.1,2640.3,6596.687
1789945200000,2640.4,2640.4,2633.5,2635.1,3866.1796
1789946100000,2635.1,2649.4,2634.4,2639,4129.4084
1789947000000,2639,2645.4,2638.7,2644.6,2529.7503
1789947900000,2644.6,2647.8,2639.5,2646.2,1932.7151
1789948800000,2646.2,2687.1,2645.1,2678.7,25482.7126
1789949700000,2678.4,2697.7,2673.1,2687.5,26488.6771
1789950600000,2687.5,2696.2,2686.7,2691.8,24712.6439
1789951500000,2692.4,2709.2,2689.6,2692.2,33815.1177
1789952400000,2691.9,2693.2,2682.2,2691.6,6197.4497
1789953300000,2691.7,2703.5,2673.6,2680.2,12531.6256
1789954200000,2680.2,2685.3,2671.4,2684.1,9987.5104
1789955100000,2684.1,2686.7,2642.2,2650.5,21000.2868
1789956000000,2650.2,2661.4,2645.2,2660.6,6900.5237
1789956900000,2660.6,2670,2659.4,2665.9,1951.352
1789957800000,2666,2666,2654,2660,2126.8895
1789958700000,2659.8,2666,2656.9,2662.7,2051.9967
1789959600000,2662.8,2670.7,2659.3,2663.5,3123.2296
1789960500000,2663.5,2675.3,2663.5,2669.3,6626.1642
1789961400000,2669.3,2675.4,2665.8,2667,1774.061
1789962300000,2666.9,2670,2664.1,2667.4,3970.4494
1789963200000,2667.3,2670.3,2660,2661,2619.2316
1789964100000,2660.9,2662.8,2657.1,2657.8,1697.2953
1789965000000,2657.7,2667.5,2654.9,2667.1,3822.8707
1789965900000,2667.1,2672,2665.1,2665.5,1040.9629
1789966800000,2665.5,2667.6,2660.2,2661.6,1762.6883
1789967700000,2661.5,2675,2661.5,2671.3,2289.208
1789968600000,2671.3,2677.8,2667.8,2669.4,6023.0217
1789969500000,2669.4,2672.1,2666.2,2667.4,1144.3204
1789970400000,2667.4,2671.3,2666,2668.5,2361.2716
1789971300000,2668.5,2680,2668.4,2673.7,4284.6999
1789972200000,2673.8,2674.6,2656.8,2656.8,3241.0021
1789973100000,2656.6,2669,2656.6,2665.1,1918.1175
1789974000000,2665.1,2667.5,2657.4,2660.6,4301.4131
1789974900000,2660.5,2663.2,2659.1,2660.6,849.8997
1789975800000,2660.6,2660.7,2648.5,2650.9,2332.8633
1789976700000,2650.9,2663.3,2648.4,2663.3,1996.1278
1789977600000,2663.5,2674.3,2663.2,2670.1,5618.1696
1789978500000,2670.1,2685,2669.1,2683.6,4235.7008
1789979400000,2683.6,2714,2682.1,2702.1,33256.3791
1789980300000,2702,2710.8,2694,2698,14855.243
1789981200000,2698,2705.8,2693.4,2697.3,5719.0147
1789982100000,2697.8,2727.1,2697.1,2719.7,21864.8136
1789983000000,2719.7,2752,2717.5,2744.4,47354.7119
1789983900000,2744.4,2745,2719,2723,15865.9309
1789984800000,2723,2729.2,2717.2,2721.5,6219.9189
1789985700000,2721.5,2725.1,2713.3,2714,7033.6336
1789986600000,2714,2719.8,2710.8,2716.8,6961.8987
1789987500000,2716.8,2719.2,2711.9,2717.5,5871.7643
1789988400000,2717.5,2723.8,2715.1,2722.5,10499.0607
1789989300000,2722.5,2725.6,2717.3,2722.9,8953.553
1789990200000,2722.9,2731.5,2721.2,2728.6,8082.5115
1789991100000,2728.6,2729.7,2723.5,2727.2,6588.9101
1789992000000,2727.3,2733.4,2721.8,2722,6963.2094
1789992900000,2722,2735.7,2720.4,2723.7,6425.8194
1789993800000,2723.7,2733,2722.8,2729.8,3667.747
1789994700000,2729.9,2742.6,2725.4,2737.1,9349.1112
1789995600000,2737.1,2747.4,2731,2733,6435.1544
1789996500000,2732.9,2741.2,2730.7,2739,18107.2955
1789997400000,2738.9,2742.4,2721,2724.4,9680.2431
1789998300000,2724.3,2747.6,2723.1,2734.8,12777.1781
1789999200000,2734.9,2738.8,2714.5,2722.7,22003.3578
1790000100000,2722.7,2741,2720,2735.1,8025.0424
1790001000000,2735,2748,2729.1,2737.5,9011.989
1790001900000,2736.8,2759,2734.1,2738.9,21873.5617
1790002800000,2738.8,2754.7,2738.1,2751.8,9684.1203
1790003700000,2751.7,2751.7,2733.2,2736.4,17703.2969
1790004600000,2736.3,2747.3,2731.4,2747.3,8764.144
1790005500000,2747.4,2772,2747.3,2758.7,24769.5271
1790006400000,2758.6,2759.9,2745.3,2755,8717.5101
1790007300000,2754.9,2770.2,2754.3,2764.2,7244.6634
1790008200000,2764.4,2771.8,2751.6,2762.6,5308.0278
1790009100000,2762.2,2768.2,2755.9,2756.3,4707.6371
1790010000000,2756.3,2759.7,2751,2751.9,3482.0941
1790010900000,2751.8,2755.5,2745.8,2752.1,9394.8273
1790011800000,2751.4,2754,2745.7,2746.1,4028.3001
1790012700000,2746,2746.5,2736.3,2744.7,13587.6168
1790013600000,2744.6,2753,2739.6,2753,11579.6481
1790014500000,2752.9,2755,2748.7,2751.8,4365.7604
1790015400000,2752.4,2753,2746.3,2749.1,1121.9378
1790016300000,2749.1,2759.9,2749,2759.9,1847.7981
1790017200000,2759.9,2763.6,2757.5,2762.7,4014.6965
1790018100000,2762.8,2775.7,2761.6,2767.8,15439.4564
1790019000000,2767.2,2777.7,2764.2,2766.7,5472.1302
1790019900000,2766.6,2769.2,2757.3,2763.4,7606.0146
1790020800000,2763.8,2775.9,2763.8,2772.7,5081.1094
1790021700000,2772.6,2809.5,2771.9,2807.1,37488.1399
1790022600000,2807.1,2808,2781.6,2783,21564.133
1790023500000,2782.7,2788,2778.1,2786.6,9911.7924
1790024400000,2785.4,2785.5,2770.3,2770.7,9498.8899
1790025300000,2770.8,2771.1,2765.6,2771,4649.0469
1790026200000,2771,2782,2770.8,2779.4,8212.687
1790027100000,2779.5,2779.8,2769.7,2769.8,2988.8005
1790028000000,2769.7,2779.6,2769.7,2778.6,4275.9666
1790028900000,2778.6,2785,2769.3,2773.3,2545.7608
1790029800000,2773.9,2783.9,2772.8,2777.6,892.5336
1790030700000,2777.6,2781.4,2772.5,2780.6,1985.5199
1790031600000,2780.6,2789.7,2779.2,2784.6,4480.0111
1790032500000,2784.6,2788.5,2774.8,2774.9,1943.8786
1790033400000,2774.9,2776,2767.5,2773,7492.0597
1790034300000,2773.9,2778.8,2771.2,2777.3,2243.2215
1790035200000,2777.3,2777.7,2769.1,2775.6,3345.9784
1790036100000,2775.6,2777.3,2769,2773.1,2179.4226
1790037000000,2773,2779,2765.1,2773.7,5343.5292
1790037900000,2773.9,2776.9,2753.9,2755.5,10737.9497
1790038800000,2755.6,2757.9,2740.3,2751.8,12454.741
1790039700000,2751.3,2755.5,2738.8,2753.7,4140.4107
1790040600000,2753.6,2756.4,2747.8,2750.8,3394.7723
1790041500000,2750.5,2752,2743.7,2750,5248.7465
1790042400000,2750,2751.5,2738.8,2744.5,4171.2224
1790043300000,2744.5,2750.1,2737.9,2746.1,3728.9485
1790044200000,2746.1,2750.3,2740.9,2747.9,1501.1395
1790045100000,2747.8,2749.3,2739.4,2741.4,832.5708
1790046000000,2741.1,2744.8,2726.8,2732.2,4912.2603
1790046900000,2732.6,2742,2729.3,2740.7,3645.3271
1790047800000,2740.7,2740.7,2733.3,2735.9,2669.3103
1790048700000,2735.8,2742,2734.6,2741,1112.2603
1790049600000,2740.6,2744.6,2738.5,2741,1364.5275
1790050500000,2741,2742.4,2736.6,2737.3,1364.8402
1790051400000,2737.3,2737.7,2728.1,2731.4,3793.4079
1790052300000,2731.3,2733.7,2727.4,2730.7,1681.7541
1790053200000,2730.7,2733.1,2727.8,2729.1,960.9511
1790054100000,2729.1,2729.6,2718.8,2722,4128.5794
1790055000000,2721.4,2735.4,2716.2,2735.3,4686.2164
1790055900000,2735.3,2740.8,2734.4,2734.8,3748.9425
1790056800000,2734.7,2736.8,2726,2731,3494.3981
1790057700000,2731.4,2732.2,2727,2731.1,574.7986
1790058600000,2731.2,2737.9,2729.4,2735.6,2328.5611
1790059500000,2735.7,2736.9,2730.6,2731.7,2021.1014
1790060400000,2731.4,2736.1,2729.3,2735.1,2038.4867
1790061300000,2734.2,2735.2,2725.9,2729.2,3020.9376
1790062200000,2729.4,2730,2723.7,2726.1,2428.2922
1790063100000,2726,2728.2,2724.4,2728.2,1315.6209
1790064000000,2728.1,2735,2727,2734.4,2990.6209
1790064900000,2734.2,2735.5,2725,2725.3,2613.3321
1790065800000,2725.2,2747.9,2722.5,2747.4,8433.1655
1790066700000,2747.4,2756.3,2745.2,2750,6470.8951
1790067600000,2750,2750.7,2732.1,2741.2,7011.8926
1790068500000,2741.1,2744.5,2738.4,2741.6,2715.4151
1790069400000,2741.5,2747.9,2739.5,2746.4,3381.873
1790070300000,2746.4,2757.2,2745.3,2752.8,4661.412
1790071200000,2752.7,2754,2747.2,2748.4,923.9811
1790072100000,2748.4,2752,2740.3,2742.2,2094.4189
1790073000000,2741.6,2744.4,2737.9,2742.4,1201.5536
1790073900000,2742.3,2747.2,2740.8,2744.3,1592.2206
1790074800000,2744,2746.7,2737.2,2743.7,3348.0088
1790075700000,2743.7,2748,2740.5,2741.1,1673.2322
1790076600000,2741,2749.7,2739.5,2748,956.4331
1790077500000,2747.9,2749.2,2740,2744.2,2138.2789
1790078400000,2744.2,2748.4,2742.7,2743.7,902.94
1790079300000,2743.7,2750.6,2738.3,2750.5,1943.0724
1790080200000,2750.5,2754,2749,2751.6,3369.5294
1790081100000,2751.5,2759.2,2751.5,2759.1,6220.1049
1790082000000,2759.1,2766.3,2756.7,2758.5,5763.7333
1790082900000,2758.4,2758.7,2742.2,2746.3,4996.2252
1790083800000,2746.2,2762.9,2741,2752.5,5923.3231
1790084700000,2752.6,2761.8,2749.1,2761.1,3077.8093
1790085600000,2761.1,2761.5,2750.2,2758.2,5376.115
1790086500000,2758.6,2758.8,2741.3,2741.6,4589.7131
1790087400000,2741.1,2741.2,2718,2729.3,29516.9087
1790088300000,2728.8,2744.4,2728.8,2744.4,3737.8172
1790089200000,2744.3,2750,2741.2,2747.4,4859.4632
1790090100000,2747.3,2749.1,2738.1,2745.4,2003.5267
1790091000000,2745.3,2753.2,2742,2752.2,4185.8479
1790091900000,2752.1,2758.5,2744.2,2745.3,7063.9727
1790092800000,2745.3,2749.7,2733,2734.2,4340.2423
1790093700000,2734.2,2739.1,2731,2734.5,4475.581
1790094600000,2734,2741.6,2732.2,2739.2,1856.4874
1790095500000,2739.1,2752,2737.5,2747.5,3379.2213
1790096400000,2747.5,2751.2,2745.3,2749.5,2641.8356
1790097300000,2748.9,2755,2746.6,2755,7485.7362
1790098200000,2754.9,2761.1,2751.9,2752,4908.0216
1790099100000,2751.9,2759.2,2749,2755.1,3284.8003
1790100000000,2755.4,2756.8,2749.9,2754.3,7589.2389
1790100900000,2754.2,2758,2744.4,2744.4,7879.4268
1790101800000,2744.3,2752.1,2744.3,2749.8,1478.7754
1790102700000,2749.5,2754.9,2749.5,2753.3,633.1559
1790103600000,2753.3,2759.4,2753.2,2756.7,1142.2399
1790104500000,2756.6,2765.8,2756.6,2765.8,7039.3227
1790105400000,2765.9,2765.9,2751,2755.4,9780.2905
1790106300000,2755.3,2756.5,2746,2752.4,4137.7661
1790107200000,2752.4,2753.7,2748.7,2751.2,918.7974
1790108100000,2751.2,2759.9,2750.1,2758.5,2207.1407
1790109000000,2758.5,2758.6,2753.5,2754.7,1783.4242
1790109900000,2754.6,2754.6,2749.6,2752,860.2308
1790110800000,2752.4,2755.4,2748,2749.2,708.4463
1790111700000,2749.1,2751.6,2748.4,2750.6,832.7445
1790112600000,2750.5,2752.8,2748.3,2749.2,3851.4476
1790113500000,2749.2,2752.6,2749.2,2749.2,1172.8788
1790114400000,2749.2,2752.4,2738.1,2740.4,3464.1065
1790115300000,2740.4,2749.2,2739.9,2747.8,1560.2717
1790116200000,2747.7,2759.8,2747.7,2759.4,3709.7069
1790117100000,2759.4,2762,2754.6,2755.2,2633.8627
1790118000000,2755.1,2776.3,2754.9,2768.5,5690.364
1790118900000,2768.5,2770.7,2757.9,2759.7,3081.0346
1790119800000,2759.7,2760.8,2751,2755.5,3189.7468
1790120700000,2755.4,2758,2753.1,2755.6,5670.7761
1790121600000,2755.6,2760,2751.6,2759.9,2160.6429
1790122500000,2759.3,2762.6,2758.3,2759.5,1334.2942
1790123400000,2759.4,2767.3,2759.4,2762.3,4787.9968
1790124300000,2762.2,2764.9,2760.7,2761.4,2096.6242
1790125200000,2761.4,2776,2761.1,2771.2,3283.8699
1790126100000,2771.7,2773.9,2767.3,2769,1707.9232
1790127000000,2769,2769.5,2754.5,2754.5,3202.9318
1790127900000,2754.5,2756.2,2747.3,2756.1,2130.6342
1790128800000,2756.1,2756.2,2747.6,2754.4,1592.7682
1790129700000,2754.3,2763.4,2753.5,2760.9,1066.7395
1790130600000,2760.9,2761.8,2758.1,2759.3,527.5802
1790131500000,2759.3,2765,2759.3,2764.2,414.3904
1790132400000,2764.2,2766.9,2760,2766.9,1757.0642
1790133300000,2766.8,2776,2765,2769.8,2535.6776
1790134200000,2769.7,2785.7,2767.5,2784.4,6136.2673
1790135100000,2784.6,2784.7,2775.4,2776.1,3388.4299
1790136000000,2776,2782.4,2769.7,2778.9,2388.5626
1790136900000,2779.1,2790.2,2776.2,2782.3,4401.8335
1790137800000,2782.3,2789.1,2781.8,2783.9,9721.654
1790138700000,2784,2786.7,2781.9,2781.9,2326.1316
1790139600000,2782,2782.2,2770.4,2772.8,3326.7805
1790140500000,2772.8,2775.4,2767.4,2767.9,3296.0216
1790141400000,2768,2773,2766.9,2770.2,1720.5063
1790142300000,2770.2,2772.3,2757.1,2759.6,6357.0715
1790143200000,2759.6,2762.2,2756.5,2762.2,1957.8558
1790144100000,2762.2,2764.1,2758,2758.1,1067.5785
1790145000000,2758.1,2762.1,2755.8,2761.5,1689.5526
1790145900000,2761.5,2761.5,2754.2,2756.6,1579.9043
1790146800000,2756.6,2756.6,2748.9,2750.4,3728.739
1790147700000,2750.4,2755.2,2750,2753.3,581.1782
1790148600000,2753.4,2754,2737.7,2741.5,6625.2527
1790149500000,2741.6,2748.1,2739.7,2744.6,2055.6769
1790150400000,2744.6,2749.2,2740.2,2745.8,2578.7622
1790151300000,2746.2,2752.3,2746.2,2747.4,2441.5074
1790152200000,2747.4,2750.2,2744.5,2745,4713.5446
1790153100000,2745,2745,2728.7,2736.5,14239.351
1790154000000,2736.4,2743.9,2736.4,2740.9,3005.3745
1790154900000,2740.9,2744.8,2737.4,2739.5,957.4742
1790155800000,2739.6,2741.3,2736.7,2738,1073.8388
1790156700000,2738,2740.4,2732.8,2735.3,2759.0119
1790157600000,2735.5,2738.6,2733.4,2735.2,1312.6808
1790158500000,2735.2,2735.2,2728,2734,3346.5843
1790159400000,2734.1,2738.9,2731,2738.3,2248.7479
1790160300000,2738.4,2739.3,2730,2739.3,14715.5959
1790161200000,2739.2,2740.1,2732.1,2734.4,2739.5751
1790162100000,2734.4,2734.7,2721.1,2722.7,4355.6713
1790163000000,2722.8,2726.2,2718.4,2720.7,4559.3591
1790163900000,2720.3,2730.6,2720.1,2729.3,3231.9965
1790164800000,2729.3,2731.5,2721.7,2723.2,2346.6528
1790165700000,2723.3,2729,2714.6,2723.7,13159.7209
1790166600000,2723.7,2729,2723.7,2724.1,4105.4824
1790167500000,2724,2725.4,2719.5,2723.2,2621.9878
1790168400000,2723.2,2724.1,2707.5,2709.8,16914.9959
1790169300000,2709.8,2718.5,2709.7,2717.2,9209.0057
1790170200000,2717.2,2725,2712.4,2722.2,9180.9633
1790171100000,2722.2,2722.2,2709,2717.4,5470.1709
1790172000000,2717.4,2724.8,2656.4,2677.2,67203.2254
1790172900000,2677.1,2677.5,2647.2,2653.8,49380.8973
1790173800000,2653.2,2673.9,2649.2,2670.2,15231.7536
1790174700000,2670.2,2680.3,2662.5,2677.3,12152.2921
1790175600000,2677.4,2683.9,2674.4,2680.9,10099.0522
1790176500000,2680.8,2685.6,2674.5,2674.5,9534.8132
1790177400000,2674.6,2675.9,2661.5,2665.1,16478.3576
1790178300000,2665.2,2667,2654.9,2656.7,17173.5944
1790179200000,2656.3,2666.1,2636,2663.7,35533.1212
1790180100000,2663.6,2666.5,2659.3,2663,9112.0755
1790181000000,2663.3,2668.3,2655.7,2663.6,14366.9987
1790181900000,2663.7,2667.6,2654.6,2661.3,3993.2593
1790182800000,2661.3,2667.8,2648.5,2652.8,7715.5131
1790183700000,2652.4,2668.8,2650.6,2662.8,4861.1383
1790184600000,2662.9,2669.3,2657.8,2667.9,3966.4627
1790185500000,2667.8,2671,2665.9,2668.9,2090.0254
1790186400000,2668.9,2668.9,2662.2,2663.6,2907.7614
1790187300000,2663.7,2665.5,2660,2662.2,1460.1381
1790188200000,2662.1,2664.9,2659.6,2664.8,2179.8221
1790189100000,2664.8,2673.1,2663.6,2669.6,5167.1617
1790190000000,2669.6,2672.2,2664.6,2669.2,2278.6749
1790190900000,2669.2,2675.6,2666,2673.3,3703.0772
1790191800000,2673.3,2676.8,2672.7,2674.4,1176.227
1790192700000,2674.3,2681,2674,2679,4768.9899
1790193600000,2679,2680,2670.5,2673.3,3698.8788
1790194500000,2673,2676.6,2669.5,2671.2,2548.0169
1790195400000,2671.2,2676.3,2671.2,2675.7,720.3295
1790196300000,2676.1,2676.4,2670.7,2671.6,983.0741
1790197200000,2671.6,2674.1,2668.9,2673.7,1047.0778
1790198100000,2673.7,2676.2,2671.7,2675.1,1475.0508
1790199000000,2675.1,2678.4,2675,2678.3,1156.7487
1790199900000,2678.3,2679.4,2677.2,2677.9,1313.0596
1790200800000,2677.9,2697.9,2676.5,2690.1,8992.2495
1790201700000,2690.1,2693.2,2687.5,2688.2,1129.6071
1790202600000,2687.5,2687.5,2682.8,2685.4,2369.2059
1790203500000,2685.4,2693.7,2685.4,2690,1139.2623
1790204400000,2689.9,2690.5,2686.1,2686.3,662.2471
1790205300000,2686.3,2687.1,2683.7,2683.9,672.7456
1790206200000,2684,2686.3,2681.3,2681.5,1968.0451
1790207100000,2681.5,2685.7,2681.3,2684.7,1646.8452
1790208000000,2684.7,2688.8,2682.8,2685.5,1394.273
1790208900000,2685.5,2690.4,2685.2,2688.8,2265.2834
1790209800000,2688.8,2692.1,2683.5,2686.2,1803.1939
1790210700000,2686.1,2686.1,2679.5,2682.5,1878.218
1790211600000,2682.8,2686.4,2680.5,2683.4,681.4944
1790212500000,2683.4,2684.7,2679,2682.7,809.1699
1790213400000,2682.7,2692,2676.3,2678.9,1603.0844
1790214300000,2678.9,2681.3,2674.3,2674.8,6926.1138
1790215200000,2674.9,2676.5,2664.1,2673.3,5019.843
1790216100000,2673.3,2684,2673.3,2680.6,2792.3082
1790217000000,2680.5,2686.3,2678.5,2686,1600.0865
1790217900000,2686,2688,2684.9,2685.9,1037.1899
1790218800000,2686,2690.5,2679.4,2684.4,996.5793
1790219700000,2685,2687.8,2674.2,2676.1,1472.2162
1790220600000,2676.1,2676.6,2671.5,2676.1,615.4632
1790221500000,2676,2676.8,2673.2,2676.2,723.1223
1790222400000,2676.2,2676.3,2670.1,2671.4,1904.7008
1790223300000,2671.7,2677.4,2669.5,2677.4,1521.5303
1790224200000,2677.6,2677.7,2674.3,2675.8,394.7012
1790225100000,2675.9,2683.6,2673,2681.8,1299.9352
1790226000000,2681.8,2704.2,2681.8,2691.9,12063.7743
1790226900000,2691.9,2694,2689.8,2692.9,1479.222
1790227800000,2692.8,2695.5,2688.8,2691.9,2106.2996
1790228700000,2691.9,2692.8,2681.7,2682.5,3258.6883
1790229600000,2682.5,2689.8,2679.3,2687.3,1687.4386
1790230500000,2687.3,2689.7,2685,2688.4,638.5548
1790231400000,2687.9,2690.4,2686.8,2689.1,1761.6166
1790232300000,2689.1,2689.8,2685.4,2686.3,905.8923
1790233200000,2686.3,2687,2679.9,2683.9,1756.8961
1790234100000,2684.4,2693.9,2682.6,2693.9,5801.8424
1790235000000,2693.8,2698.6,2693.1,2696.2,6955.6885
1790235900000,2696.1,2700,2693,2694.2,5018.9917
1790236800000,2694.1,2696,2688,2688.3,1509.6637
1790237700000,2688,2690.1,2670.4,2670.8,6290.5089
1790238600000,2670.9,2677.4,2664.8,2670.1,4366.4717
1790239500000,2669.8,2670.8,2655.4,2669,7549.8649
1790240400000,2669.4,2673.7,2658.4,2659.2,4462.749
1790241300000,2659.3,2661.8,2651.8,2654.9,6884.2393
1790242200000,2654.9,2655,2626.9,2640.7,22430.8896
1790243100000,2640,2647.6,2636.6,2642.3,4336.2127
1790244000000,2642.4,2644.4,2635.1,2639.7,6649.8119
1790244900000,2639.8,2642.6,2633.5,2638.2,4531.2676
1790245800000,2638.1,2644,2633.4,2641.8,2960.7242
1790246700000,2641.8,2649.5,2640.9,2648,3911.7097
1790247600000,2648.1,2651.6,2648.1,2649,5061.1754
1790248500000,2649.1,2652.2,2647.7,2647.7,2697.7227
1790249400000,2647.8,2649.5,2642.8,2646,1798.2807
1790250300000,2646,2648.7,2643.2,2647.2,1581.706
1790251200000,2647.2,2649.8,2642.4,2647.8,2163.6749
1790252100000,2647.6,2653.8,2647.2,2648.3,2434.917
1790253000000,2648.4,2648.4,2638.9,2643.3,2732.0361
1790253900000,2643.4,2649,2641,2648.3,2474.8823
1790254800000,2648.4,2656.9,2648.3,2656.8,2294.5696
1790255700000,2656.8,2666.4,2656.4,2660,6633.1581
1790256600000,2660,2678,2659.2,2664.9,8573.9895
1790257500000,2664.8,2670,2660.6,2670,5075.8471
1790258400000,2670,2672.7,2664.4,2667.1,3056.8635
1790259300000,2667.3,2696.4,2664.9,2693.7,9540.3129
1790260200000,2693.7,2699,2680.1,2680.7,13411.2197
1790261100000,2680.2,2680.8,2645,2658,27909.5511
1790262000000,2657.5,2665.5,2653,2663.6,3810.3579
1790262900000,2663.6,2675.7,2662.7,2669.6,12543.4262
1790263800000,2669.7,2685.3,2668.9,2682,9893.1284
1790264700000,2682,2684.4,2677.6,2683.8,4007.2231
1790265600000,2683.9,2684.2,2665.2,2671.9,12548.626
1790266500000,2671.9,2701,2671.9,2695.7,25902.9977
1790267400000,2696.2,2706,2685.7,2690.2,11267.4542
1790268300000,2690.1,2695,2682.5,2687.2,3680.7806
1790269200000,2687.2,2690.8,2680.5,2685.8,2932.9167
1790270100000,2685.8,2688,2677.2,2683.1,3812.7062
1790271000000,2683.1,2685.2,2669.4,2671.9,3805.6856
1790271900000,2671.8,2674.1,2666.9,2669.9,3297.1394
1790272800000,2669.5,2675.6,2660.6,2675.6,5009.4118
1790273700000,2675.6,2684.8,2674.3,2682.6,2131.3093
1790274600000,2682.9,2691.2,2679.1,2686.8,2957.8347
1790275500000,2686.8,2694.2,2685.9,2690.1,2568.1705
1790276400000,2690,2692.7,2683,2690.1,1942.664
1790277300000,2690.1,2698,2690,2697.4,3237.2991
1790278200000,2697.4,2697.4,2692.2,2695.7,1477.8308
1790279100000,2695.8,2700.8,2692.4,2696.6,3009.5167
1790280000000,2696.2,2697,2687.6,2688.1,1792.6386
1790280900000,2688,2690.9,2681.6,2688,3857.124
1790281800000,2688,2689.6,2683.4,2687.8,3281.296
1790282700000,2687.8,2690.5,2685,2688.3,1109.0993
1790283600000,2688.3,2691,2685.2,2686.8,672.1256
1790284500000,2686.5,2690.3,2686.4,2689.1,884.0438
1790285400000,2689.1,2692.9,2688.3,2690.3,1533.7176
1790286300000,2690.2,2690.8,2685.7,2686.3,1106.1249
1790287200000,2686.3,2688,2683.1,2685.4,1447.419
1790288100000,2685.4,2686.3,2675.4,2680,2446.129
1790289000000,2680,2683.6,2679.4,2680.8,1202.7187
1790289900000,2680.9,2685,2680.8,2684.9,750.2266
1790290800000,2685,2688.7,2684.4,2685.4,348.0574
1790291700000,2685.4,2692.4,2685,2692,1039.4612
1790292600000,2692,2692.6,2689.5,2689.7,679.519
1790293500000,2689.7,2689.9,2686.8,2687.3,193.4411
1790294400000,2687.3,2696.8,2687.2,2694.3,2678.6542
1790295300000,2694.3,2694.3,2690.6,2691.1,705.5171
1790296200000,2691.2,2693.5,2688.2,2690.4,1354.3517
1790297100000,2690.5,2691.4,2688.3,2689.9,1025.9547
1790298000000,2690,2698.4,2688.8,2694.1,4779.7695
1790298900000,2694.2,2697.4,2688.4,2688.9,3659.0247
1790299800000,2688.9,2688.9,2682,2686.7,2815.2972
1790300700000,2686.7,2690.1,2686.3,2689.1,872.3905
1790301600000,2689.1,2698.4,2688.8,2696.6,4045.3148
1790302500000,2696.6,2700,2688,2691.6,3059.5854
1790303400000,2691.5,2692.9,2681,2683.8,3773.2882
1790304300000,2683.8,2683.8,2673.9,2676.3,2420.4849
1790305200000,2676.2,2679.4,2673.1,2675.8,4853.8425
1790306100000,2675.8,2678.8,2674.7,2674.8,999.1483
1790307000000,2674.7,2681,2672.4,2676.3,1368.8925
1790307900000,2676.3,2678.7,2673.8,2678.7,817.5062
1790308800000,2678.6,2678.7,2672.3,2672.4,1086.1947
1790309700000,2672.4,2676.1,2671.4,2676.1,596.6676
1790310600000,2676.1,2685.2,2676,2683.3,2403.5667
1790311500000,2683.4,2684.4,2678.1,2679.6,1149.9991
1790312400000,2679.6,2682,2676.7,2678.4,862.3719
1790313300000,2677.7,2681.5,2674.9,2679,1169.8329
1790314200000,2679,2684.5,2676.1,2681,1602.9481
1790315100000,2681,2681.9,2679.6,2679.6,953.4368
1790316000000,2679.7,2679.7,2670.9,2675.1,2237.0949
1790316900000,2675.1,2682.4,2673.2,2677,1475.2032
1790317800000,2676.9,2677.4,2669.5,2673.2,1845.8477
1790318700000,2673.1,2674.8,2671.4,2673.8,819.3366
1790319600000,2673.7,2674.9,2667.7,2669.9,1242.5423
1790320500000,2669.8,2678.9,2669.8,2678.8,1820.6375
1790321400000,2678.8,2680,2667.4,2670.1,1666.6436
1790322300000,2670.1,2672.3,2669,2671.5,834.3557
1790323200000,2671.5,2680,2671.5,2677.7,3053.6052
1790324100000,2677.9,2696.2,2677.9,2691.8,3574.1365
1790325000000,2691.8,2693,2686,2686.2,1203.5782
1790325900000,2686.1,2692,2684.5,2690.7,1156.1434
1790326800000,2690.6,2699.9,2690.6,2693.9,3098.5591
1790327700000,2693.5,2714.4,2693.2,2711.1,6877.9712
1790328600000,2711.1,2717,2704.5,2706,3542.6939
1790329500000,2705.9,2706,2701.5,2704.6,2961.0125
1790330400000,2704.5,2704.6,2693.2,2701,6478.8539
1790331300000,2701,2715,2698.6,2714.6,3118.9849
1790332200000,2714.5,2715.9,2709.3,2713.5,1895.82
1790333100000,2713.5,2719.5,2712.9,2714.7,8043.9812
1790334000000,2714.6,2742.9,2713.9,2741.2,20383.8779
1790334900000,2741.2,2743,2721.7,2727.2,14028.4074
1790335800000,2727,2731.2,2722.6,2722.7,8293.3921
1790336700000,2722.7,2724.1,2717.2,2717.9,3781.6943
1790337600000,2717.9,2724.6,2706.9,2712.6,5355.7151
1790338500000,2712,2712,2687.3,2711.7,9367.6437
1790339400000,2711.7,2720.2,2711,2715.5,10013.9142
1790340300000,2715.6,2721.1,2711.1,2718.3,10169.8092
1790341200000,2718.2,2722.8,2711,2714.9,2406.8911
1790342100000,2715.2,2720,2698,2700.7,7021.9975
1790343000000,2700.7,2711.9,2689.5,2696.6,10003.161
1790343900000,2696.5,2701.4,2680.7,2694.8,8815.8638
1790344800000,2695.3,2698.4,2672,2685.3,12069.9299
1790345700000,2685.4,2692.7,2681.9,2687.3,3428.9722
1790346600000,2687.3,2698.2,2684.3,2684.7,6389.0893
1790347500000,2684.8,2696.4,2679.7,2696.4,5467.74
1790348400000,2695.9,2699.4,2690.5,2698.3,6767.8026
1790349300000,2698.3,2699.2,2687.3,2690.3,13201.7579
1790350200000,2689.8,2693.6,2672.9,2673.1,7196.9389
1790351100000,2673.1,2687.5,2668.6,2687.5,4502.4443
1790352000000,2687.4,2697.8,2686.3,2693.5,3837.8142
1790352900000,2693.6,2697.4,2686.3,2691.6,10968.8017
1790353800000,2692.1,2696,2684,2689.4,2701.7481
1790354700000,2689.4,2689.5,2681.9,2683.3,3149.7347
1790355600000,2683.3,2691.8,2683.3,2691,4553.8146
1790356500000,2691,2693,2679.7,2679.7,2190.8387
1790357400000,2679.7,2688.5,2678,2685.6,1596.3944
1790358300000,2685.7,2685.7,2680.3,2685.2,3894.4639
1790359200000,2685.1,2696.8,2685.1,2694.6,5682.8351
1790360100000,2694.6,2699.4,2690.7,2693.4,3125.1366
1790361000000,2693.4,2695.4,2691,2693.9,468.6595
1790361900000,2694,2695.9,2692.1,2693.2,602.1148
1790362800000,2693.4,2695.8,2690.4,2695.8,2499.7744
1790363700000,2695.8,2696.1,2691,2693.2,1458.1945
1790364600000,2693.2,2696.2,2690.2,2691.8,1448.6396
1790365500000,2691.8,2696.5,2691.8,2693.1,1284.2132
1790366400000,2693.2,2695.2,2690,2690.5,1091.6562
1790367300000,2690.6,2695.7,2690.4,2693.9,663.6909
1790368200000,2693.9,2696.6,2690.4,2692.6,1332.8802
1790369100000,2692.6,2692.6,2684,2684.7,1181.9846
1790370000000,2684.7,2685.5,2677.1,2679.1,1660.5635
1790370900000,2679.1,2680.7,2677,2680.7,1074.995
1790371800000,2680.7,2682.5,2677.4,2682.4,755.6555
1790372700000,2682.3,2683.2,2680.4,2681.8,746.1171
1790373600000,2681.7,2685.9,2680.3,2685.8,782.9361
1790374500000,2685.9,2688.7,2685.8,2688.4,772.3963
1790375400000,2688.6,2694,2688.5,2693.1,1869.6924
1790376300000,2693.1,2694,2691.5,2692,552.1905
1790377200000,2692,2694,2691.9,2693.8,394.8666
1790378100000,2693.8,2694,2691.6,2693,298.6479
1790379000000,2693,2693.8,2692.6,2692.8,469.3358
1790379900000,2692.8,2692.8,2690.5,2691.4,556.9869
1790380800000,2691.4,2694,2689.1,2691.8,322.6511
1790381700000,2691.7,2692.4,2686.5,2686.6,260.6705
1790382600000,2686.6,2686.6,2680.5,2684.8,3111.7683
1790383500000,2684.8,2688.8,2684.7,2686.4,1558.1196
1790384400000,2686.7,2691.6,2686.5,2689.2,1195.5376
1790385300000,2689.2,2691,2688.2,2688.2,280.2797
1790386200000,2688.2,2695.8,2688.2,2693.9,1437.9322
1790387100000,2693.9,2695.2,2692,2692.3,857.2227
1790388000000,2692.3,2695,2688.7,2695,976.1201
1790388900000,2695,2695.4,2692.6,2692.8,1137.2135
1790389800000,2692.8,2694.3,2691,2691.5,391.5571
1790390700000,2691.5,2692.7,2690.4,2690.7,136.7635
1790391600000,2690.7,2690.7,2685.6,2686.7,4160.7383
1790392500000,2686.6,2690,2686.6,2689.7,160.9555
1790393400000,2689.7,2691,2688.1,2688.4,663.4561
1790394300000,2688.3,2688.4,2687.6,2687.8,140.8831
1790395200000,2687.7,2690.6,2687.7,2689,488.6568
1790396100000,2688.9,2691,2686,2686.1,466.16
1790397000000,2685.9,2689,2685.1,2688.7,318.8226
1790397900000,2688.6,2689.8,2688.6,2689.5,70.0696
1790398800000,2689.4,2689.6,2687.6,2688.3,179.3134
1790399700000,2688.2,2690,2686.3,2687.5,926.4354
1790400600000,2687.6,2688.5,2685.2,2688.4,479.1435
1790401500000,2688.3,2689.2,2685.6,2686.7,164.684
1790402400000,2686.6,2687,2684.2,2685,835.3241
1790403300000,2685,2686,2683.6,2684.8,364.4635
1790404200000,2684.8,2687.1,2683.4,2684.7,1211.0506
1790405100000,2684.7,2686.7,2684.5,2684.8,319.9405
1790406000000,2684.8,2690,2684.8,2689.9,989.5928
1790406900000,2689.9,2690.3,2689.6,2689.7,288.9014
1790407800000,2689.7,2690.7,2688.7,2688.8,757.7017
1790408700000,2688.8,2690.9,2688.6,2690.8,1551.2864
1790409600000,2690.8,2691,2688.4,2688.8,556.4622
1790410500000,2688.7,2689.3,2687,2689.2,587.8322
1790411400000,2689.2,2695.9,2689.2,2693.7,5856.2888
1790412300000,2693.7,2693.8,2690.3,2690.3,530.2684
1790413200000,2690.3,2690.4,2679.2,2681.6,1340.6994
1790414100000,2681.6,2684.3,2679.3,2681.6,905.544
1790415000000,2681.6,2682.1,2679.7,2681.4,546.0387
1790415900000,2681.5,2683.2,2681.2,2681.9,579.2637
1790416800000,2682.2,2687.8,2682.2,2686.9,369.2567
1790417700000,2686.9,2689.9,2686.6,2688.1,1343.5889
1790418600000,2688.1,2688.1,2686.2,2687.2,478.4085
1790419500000,2687.2,2688.9,2685.3,2687,1246.5296
1790420400000,2687,2687.7,2685.2,2687.3,109.1213
1790421300000,2687.2,2690,2687.2,2688,1014.8369
1790422200000,2688.3,2690.3,2688.2,2689.8,89.152
1790423100000,2689.8,2690.3,2688.8,2689.3,278.1931
1790424000000,2689.4,2690,2687.6,2689.1,143.5629
1790424900000,2689.1,2691.9,2689.1,2690.4,373.8876
1790425800000,2690.3,2690.7,2686.5,2686.6,531.1684
1790426700000,2686.5,2688.6,2686.5,2688.6,143.6323
1790427600000,2688.6,2691.1,2685.1,2687.8,582.2821
1790428500000,2686.9,2688,2682.1,2684.6,1308.4728
1790429400000,2684.6,2684.8,2682,2683.4,618.3924
1790430300000,2683.4,2686.7,2683.4,2686.1,199.3684
1790431200000,2686.1,2687.3,2685,2687.2,652.579
1790432100000,2687.5,2687.5,2686.6,2687.5,292.1662
1790433000000,2687.6,2688.5,2687.2,2688.2,314.542
1790433900000,2688.3,2689.6,2687.3,2688.6,1230.8644
1790434800000,2688.5,2689.6,2688.5,2689.4,204.0325
1790435700000,2689.5,2691.2,2689.1,2691,3171.5984
1790436600000,2691.1,2695.8,2691,2693.4,4291.7498
1790437500000,2693.5,2693.5,2689.9,2692.9,2601.8578
1790438400000,2692.9,2692.9,2691,2692.1,274.4027
1790439300000,2692.1,2692.1,2689.7,2691.2,200.6377
1790440200000,2691.1,2694,2691.1,2693.1,133.7851
1790441100000,2693.1,2693.1,2690.7,2691.5,125.7266
1790442000000,2691.4,2691.9,2687.9,2688.4,1353.7988
1790442900000,2687.9,2688.9,2687.3,2688.2,325.5701
1790443800000,2688.2,2689.8,2687.9,2689.8,355.4789
1790444700000,2689.8,2690.7,2689,2690.7,453.5922
1790445600000,2690.6,2691.4,2688.2,2688.3,798.6666
1790446500000,2688.2,2689.3,2688,2688.6,509.6953
1790447400000,2688.6,2688.8,2685,2685.1,968.7333
1790448300000,2685.1,2685.5,2683.4,2685.5,2651.3471
1790449200000,2685.4,2686.7,2685.4,2686,475.0755
1790450100000,2686,2686,2683.7,2683.7,1243.4126
1790451000000,2683.8,2684.1,2682.5,2683.2,1000.2144
1790451900000,2683.3,2684.5,2683.2,2684.5,144.4785
1790452800000,2684.5,2685.5,2680.7,2681.3,1602.8891
1790453700000,2681.4,2684.1,2681.3,2684,199.6273
1790454600000,2684.1,2684.2,2667.4,2670.7,3166.0165
1790455500000,2671.4,2677.2,2663.2,2677,4657.9591
1790456400000,2677,2681.4,2675.9,2681,1300.3559
1790457300000,2681,2688,2680.9,2687.7,1858.211
1790458200000,2687.7,2693,2685.5,2686.4,4656.1147
1790459100000,2686.4,2686.5,2684.2,2686.4,1629.9859
1790460000000,2686.4,2692.8,2685.1,2689.6,1016.6073
1790460900000,2690.1,2690.5,2687.8,2690.2,210.1662
1790461800000,2690.1,2690.1,2687.2,2687.2,248.8125
1790462700000,2687.2,2690.6,2687.2,2689.1,522.1797
1790463600000,2689.1,2693.4,2689,2693.4,1609.3379
1790464500000,2693.3,2695.4,2693.2,2694.9,5072.6499
1790465400000,2694.9,2696.8,2693.8,2693.8,2253.4587
1790466300000,2693.9,2697,2693.8,2697,788.628
1790467200000,2696.9,2697,2692.2,2692.4,1024.0458
1790468100000,2692.4,2693.1,2690.5,2693.1,1235.2849
1790469000000,2693.1,2696.5,2693.1,2695.9,2802.1686
1790469900000,2695.9,2695.9,2693.8,2693.9,2992.3965
1790470800000,2693.8,2696,2693,2696,1582.8233
1790471700000,2695.9,2696.1,2693.5,2693.5,161.0305
1790472600000,2693.5,2695.7,2692.6,2695.7,1019.1474
1790473500000,2695.7,2706,2695.6,2702.1,2310.0242
1790474400000,2702,2704.7,2700,2702.6,726.5011
1790475300000,2702.6,2706.6,2702,2704.2,2309.8621
1790476200000,2704.2,2705.6,2701.3,2701.4,1925.4472
1790477100000,2701.3,2701.4,2697.5,2698.9,1685.6592
1790478000000,2698.7,2700.7,2698.7,2700.7,716.8585
1790478900000,2700.6,2700.7,2696.4,2696.9,1185.9526
1790479800000,2696.8,2698.9,2696.8,2697.9,534.9469
1790480700000,2697.8,2697.9,2696.1,2697.1,607.7626
1790481600000,2697.2,2700.8,2694.9,2700.1,1404.904
1790482500000,2700,2700.5,2696.1,2696.3,776.1813
1790483400000,2696.2,2696.3,2692.1,2692.1,657.0698
1790484300000,2692.2,2693.9,2692,2692.5,807.3771
1790485200000,2692.4,2696.8,2692.2,2696,931.2868
1790486100000,2696,2698,2695.5,2697.9,521.4847
1790487000000,2697.9,2711,2697.4,2706.1,5063.4492
1790487900000,2706.1,2709,2704.9,2705.5,1019.8448
1790488800000,2705.2,2711.7,2705.2,2709.8,1348.2735
1790489700000,2709.8,2710.1,2708.1,2709.2,6682.0027
1790490600000,2709.2,2709.3,2706.5,2707.4,1036.2394
1790491500000,2707.4,2707.7,2706.1,2707.2,285.8139
1790492400000,2707.1,2709.3,2705.5,2706.3,753.3826
1790493300000,2706.3,2708.2,2705.5,2708.2,430.6057
1790494200000,2708.2,2715,2708.2,2712.3,1331.042
1790495100000,2712.3,2718.6,2712.2,2718.2,4168.393
1790496000000,2718.1,2720.4,2715.2,2717.9,4747.0979
1790496900000,2717.8,2720.4,2715,2716.8,3599.1953
1790497800000,2716.8,2722.5,2715.5,2715.6,2781.3229
1790498700000,2716.4,2717.1,2714,2714.4,563.5068
1790499600000,2714.3,2714.3,2706.2,2709.4,3566.6054
1790500500000,2709.4,2711.7,2708,2711.2,1414.7225
1790501400000,2711.2,2714.2,2711.1,2713.4,1346.6729
1790502300000,2714.2,2717.5,2714,2716.5,1302.6607
1790503200000,2716.5,2718,2714,2717.6,701.7433
1790504100000,2717.6,2719.3,2712.5,2712.6,2017.5874
1790505000000,2712.5,2712.6,2709.7,2709.8,3004.7468
1790505900000,2709.8,2711.6,2709,2710,1287.8404
1790506800000,2710,2711.6,2708.6,2710.2,540.8913
1790507700000,2710.1,2711.2,2708.3,2710,1881.7343
1790508600000,2710,2710.4,2708,2710.2,1278.3138
1790509500000,2710.1,2711.1,2708,2710,1100.061
1790510400000,2710,2716.2,2709.9,2716,3235.4186
1790511300000,2716,2717.9,2713.7,2713.9,2076.8909
1790512200000,2713.9,2716.6,2713.4,2715.5,541.7764
1790513100000,2715.4,2715.6,2707.9,2707.9,1799.1185
1790514000000,2708,2708,2698.5,2699.7,7278.5072
1790514900000,2699.7,2709.4,2699.4,2709.4,1652.4658
1790515800000,2709.3,2715.3,2703.5,2703.5,2298.7078
1790516700000,2703.5,2709.7,2701.7,2709.7,1210.8997
1790517600000,2709.7,2710,2704.7,2706.6,3857.1509
1790518500000,2706.6,2707.6,2688.4,2690.1,10948.2054
1790519400000,2690.2,2693.9,2686.3,2691,4002.8298
1790520300000,2690.2,2691.7,2682.3,2687.6,4748.9502
1790521200000,2687.6,2689,2681.6,2687.6,4248.5295
1790522100000,2687.7,2693.2,2684.4,2689.8,2705.3316
1790523000000,2689.8,2691.8,2687.1,2687.1,1126.6753
1790523900000,2687.1,2691.9,2687.1,2689.4,1968.0732
1790524800000,2689.4,2693.8,2688.7,2692.7,2281.5426
1790525700000,2692.7,2695.3,2690.1,2690.3,3124.2468
1790526600000,2690.2,2690.3,2684.5,2684.9,3196.3912
1790527500000,2684.9,2687.6,2684.9,2686.3,470.8179
1790528400000,2686.2,2689.4,2685.4,2687.8,762.3005
1790529300000,2687.7,2689.3,2685.7,2685.7,276.6482
1790530200000,2685.7,2689.4,2685.7,2688,735.8426
1790531100000,2687.9,2692,2687.9,2691.3,2886.0316
1790532000000,2691.3,2692.8,2690,2692.7,422.2061
1790532900000,2692.7,2698.5,2692.7,2697.7,1942.6457
1790533800000,2697.6,2697.8,2695.8,2697.4,1187.3522
1790534700000,2697.3,2699.2,2695.9,2698.4,2176.3344
1790535600000,2698.5,2698.7,2693.3,2695.2,414.8008
1790536500000,2695.2,2696.8,2691.7,2691.8,662.7112
1790537400000,2691.8,2694.1,2690.2,2692.6,2507.1683
1790538300000,2692.7,2694.4,2690.9,2690.9,1390.1002
1790539200000,2691,2696.2,2690.9,2696.2,1093.6531
1790540100000,2696.2,2696.3,2687.9,2688.2,2571.604
1790541000000,2688.3,2690.8,2688.3,2690.8,1997.1761
1790541900000,2690.8,2691,2685.2,2685.8,698.5248
1790542800000,2685.7,2691.3,2685.7,2691.3,452.0798
1790543700000,2691.3,2692.9,2686.9,2687,302.7865
1790544600000,2686.9,2687.1,2674.8,2681.9,5256.2938
1790545500000,2681.9,2685.4,2681.3,2684.5,1646.6418
1790546400000,2684.5,2685.4,2671.9,2672.7,10412.0057
1790547300000,2673.1,2684.8,2670.3,2683.2,4585.0327
1790548200000,2683.2,2683.2,2670.2,2670.2,8878.3761
1790549100000,2670.2,2675.6,2668.6,2674.7,1307.0865
1790550000000,2675,2680.5,2673.3,2676.3,4226.647
1790550900000,2675.5,2687.4,2675.4,2685.4,16127.3297
1790551800000,2685.4,2687.8,2683.2,2683.2,2290.1531
1790552700000,2683.2,2691,2682.7,2688.4,1012.3875
1790553600000,2688.3,2691.6,2684.4,2686.2,2218.2931
1790554500000,2686.2,2703,2686.1,2692.6,7397.4194
1790555400000,2692.6,2692.6,2671.8,2677.5,9692.2174
1790556300000,2677.7,2689.1,2673.2,2673.2,2823.1255
1790557200000,2673.1,2678.7,2666.7,2667.6,3485.492
1790558100000,2667.5,2675.9,2666,2673.9,2623.6031
1790559000000,2673.9,2676.7,2664.2,2664.4,2952.4901
1790559900000,2664.4,2668.4,2649.2,2657,10719.132
1790560800000,2656.5,2661.9,2649.9,2660.7,4621.319
1790561700000,2660.9,2661,2652.2,2655.2,2083.4494
1790562600000,2655.2,2655.3,2649.2,2652.5,2665.6257
1790563500000,2651.7,2653.8,2648,2652.2,2106.6716
1790564400000,2652.2,2656.5,2652.2,2654.9,911.7421
1790565300000,2654.6,2657.1,2642.6,2646,4213.8486
1790566200000,2646,2654.1,2642.6,2652.7,3119.4879
1790567100000,2652.7,2654.6,2650.4,2651.1,904.3061
1790568000000,2651.1,2654.6,2645.9,2653.9,1599.2843
1790568900000,2653.8,2659,2651.9,2658.1,2797.5742
1790569800000,2658,2659.9,2655.2,2658.9,3192.5809
1790570700000,2658.9,2659.2,2655.4,2658.1,439.6319
1790571600000,2657.9,2660,2647.4,2651,1294.1504
1790572500000,2651,2652.3,2644.6,2647.5,2361.4702
1790573400000,2647.4,2650.2,2634.5,2650.2,6400.3539
1790574300000,2650.2,2653.4,2646.8,2650.8,3217.2332
1790575200000,2650.8,2656.4,2648.4,2653.4,3383.5371
1790576100000,2653.4,2653.8,2645.6,2645.8,2414.1593
1790577000000,2645.7,2652.1,2645,2650.4,2298.859
1790577900000,2650.1,2651.8,2647,2648.8,2563.8563
1790578800000,2648.9,2655,2646,2646.6,1020.4942
1790579700000,2646.6,2650.3,2642.4,2642.8,1503.4511
1790580600000,2642.9,2645.9,2641.4,2643.6,5016.9997
1790581500000,2643.5,2648.5,2643.3,2643.3,1708.7644
1790582400000,2643.4,2649.9,2641.1,2649.5,1899.2242
1790583300000,2649.4,2651.6,2642.5,2645.7,7185.0695
1790584200000,2646.1,2649.4,2639.8,2643.4,3027.9866
1790585100000,2643.5,2651.4,2642.9,2650.2,2200.127
1790586000000,2650.3,2652.6,2637,2647.7,4747.9892
1790586900000,2647.7,2654,2644.7,2647.6,3947.1421
1790587800000,2647.8,2648.1,2638.2,2638.2,1528.941
1790588700000,2638.3,2643.8,2638.3,2640.5,921.1003
1790589600000,2640.5,2650.7,2640.5,2647,1008.8217
1790590500000,2647,2650.5,2646,2648.8,797.334
1790591400000,2649,2656,2647.3,2656,1001.4102
1790592300000,2655.9,2658.9,2653.7,2655.7,5059.9706
1790593200000,2655.8,2662.3,2655.8,2661.5,2718.3197
1790594100000,2661.4,2666.4,2660.8,2663.7,5069.788
1790595000000,2663.8,2669,2662.2,2666.7,3618.3898
1790595900000,2666.5,2669.2,2662.3,2668,4702.321
1790596800000,2668,2692,2664.4,2684.4,10268.6517
1790597700000,2684.4,2687.5,2678.7,2679.3,5244.1191
1790598600000,2679.4,2682.9,2674.3,2679.4,5319.4053
1790599500000,2679,2692.7,2679,2690,3996.3297
1790600400000,2690.7,2690.7,2680.3,2685.1,5394.0056
1790601300000,2685.1,2690,2681.5,2690,2999.2565
1790602200000,2690,2698,2680.9,2697.3,21155.2669
1790603100000,2697.3,2698.3,2686.3,2690.7,6741.5284
1790604000000,2690.6,2690.6,2678.6,2681.2,3377.0791
1790604900000,2681.2,2687.8,2666.3,2671.7,15966.6363
1790605800000,2671.8,2683,2659.5,2662.5,14677.7729
1790606700000,2662.7,2669.9,2651.3,2666.7,15268.928
1790607600000,2666.8,2678,2662.2,2664.2,13871.6844
1790608500000,2663.6,2670,2653.8,2668.2,8444.8808
1790609400000,2668.3,2680.7,2665.7,2674.8,5203.3111
1790610300000,2675.2,2680.7,2672.8,2678.7,4510.2003
1790611200000,2678,2679.2,2670.3,2673.9,3375.9832
1790612100000,2674.1,2698.9,2671.7,2695.4,12568.7723
1790613000000,2695.2,2698.1,2682,2684.2,8290.4982
1790613900000,2684.3,2688.5,2680,2686.6,5275.5595
1790614800000,2687,2720,2682,2720,16561.5299
1790615700000,2720,2720.5,2699.1,2699.1,20610.6132
1790616600000,2699.2,2705.5,2695.4,2701.9,6389.1795
1790617500000,2701.9,2703,2692.5,2696,5433.3932
1790618400000,2695.7,2699.2,2692.7,2699.1,1859.6725
1790619300000,2699,2699.8,2695,2696.4,3137.1388
1790620200000,2696.5,2696.5,2688,2690.8,3621.1352
1790621100000,2690.9,2700.3,2688.9,2700.3,7181.9923
1790622000000,2700.3,2701.2,2683.7,2687.1,4251.1815
1790622900000,2686.6,2687.3,2681.3,2681.8,3579.9642
1790623800000,2681.9,2682.9,2664.7,2673,13748.4425
1790624700000,2673,2676.8,2670.1,2673.6,5502.2295
1790625600000,2673.7,2686.7,2671.1,2686.2,6397.7907
1790626500000,2686.2,2686.2,2680.1,2680.7,3246.0444
1790627400000,2680.7,2684.1,2679.3,2681,1879.1657
1790628300000,2681,2684,2678.8,2683.5,833.3508
1790629200000,2683.5,2690.5,2683.5,2687.1,4168.3509
1790630100000,2687.1,2687.1,2681.1,2681.7,2288.6795
1790631000000,2681.7,2683.4,2679.2,2681,1649.4541
1790631900000,2681.1,2681.1,2674.6,2674.6,2362.1506
1790632800000,2674.7,2675.7,2668.3,2673.1,3202.9436
1790633700000,2672.1,2676.2,2671.2,2675.7,3514.9297
1790634600000,2675.7,2685.6,2675.7,2685.3,4442.9737
1790635500000,2685.3,2688.2,2684.9,2688.2,809.3302
1790636400000,2688.2,2694.7,2686,2686.8,3912.3035
1790637300000,2686.8,2692.5,2686.7,2691.3,2255.2181
1790638200000,2691.4,2693.7,2690.9,2692.8,556.3454
1790639100000,2693,2693,2689.3,2689.4,1170.3093
1790640000000,2689.5,2692.3,2688,2690.9,3428.6128
1790640900000,2691,2691,2683,2688.9,2300.5346
1790641800000,2689.2,2695.4,2686.9,2691.6,1985.3511
1790642700000,2691.1,2691.1,2677.5,2677.5,4674.3011
1790643600000,2677.5,2680.6,2667.7,2669.8,8977.2619
1790644500000,2669.8,2670.9,2659.6,2659.7,6685.6371
1790645400000,2659.6,2665.4,2656.2,2663.7,6155.8138
1790646300000,2663.7,2669.9,2660.9,2665.5,1902.3872
1790647200000,2665.5,2668.1,2656.4,2660.1,4851.0585
1790648100000,2660.2,2665.2,2653.2,2656.3,4576.8712
1790649000000,2656.6,2660.3,2652.3,2660.1,1059.6132
1790649900000,2660.1,2662.6,2654,2657.8,1817.2169
1790650800000,2657.8,2663.5,2656.9,2657.4,3093.4145
1790651700000,2657.2,2668.6,2655.7,2667.8,2805.7565
1790652600000,2667.9,2669.6,2664,2667.1,4186.1824
1790653500000,2666.9,2668.9,2664.4,2665,1271.4883
1790654400000,2665,2668.2,2662.1,2667.9,4786.5088
1790655300000,2667.9,2673.5,2667.9,2669.8,2670.0011
1790656200000,2669.7,2670,2664,2666.8,1207.4054
1790657100000,2666.5,2668.7,2662,2667.8,2509.3677
1790658000000,2667.8,2670.6,2664.3,2669.3,1819.568
1790658900000,2669.3,2674,2667.2,2672.2,1531.3459
1790659800000,2672.2,2672.2,2655.7,2669.4,3541.3383
1790660700000,2669.3,2677.8,2665.1,2676,2416.4021
1790661600000,2675.9,2693.7,2675.9,2693.7,5253.989
1790662500000,2693.6,2695.7,2687.7,2694.5,2881.853
1790663400000,2694.6,2698.4,2694.1,2698.1,2938.1858
1790664300000,2698.1,2709.3,2697.5,2706.5,4330.7166
1790665200000,2706.5,2712.5,2700.4,2710.2,4623.1014
1790666100000,2710.2,2717.4,2709.7,2713.4,5989.7759
1790667000000,2713.5,2719.4,2711.3,2713.4,3637.373
1790667900000,2713.4,2714.4,2709.9,2712.6,1486.1905
1790668800000,2712.6,2718.8,2712.6,2716,6310.1663
1790669700000,2716.1,2735.5,2716.1,2724.2,10252.0423
1790670600000,2724.2,2724.2,2709.9,2711.8,7960.6787
1790671500000,2711.8,2713.3,2707,2709.9,2820.6154
1790672400000,2709.6,2709.6,2704.1,2704.9,3259.1857
1790673300000,2704.9,2707,2703.6,2705.6,2152.0853
1790674200000,2705.4,2713,2705.3,2712.7,2632.8144
1790675100000,2712.7,2723,2711.8,2718.2,3690.7457
1790676000000,2718.1,2721,2716.3,2716.8,1727.4301
1790676900000,2716.7,2717.6,2712.5,2715.4,3880.5679
1790677800000,2715.4,2715.4,2711,2711.3,708.0576
1790678700000,2711.4,2716,2710.5,2715.3,762.1438
1790679600000,2715.3,2721.7,2715.1,2717.1,5084.3524
1790680500000,2718,2720.3,2715.9,2719.6,1946.7238
1790681400000,2719.6,2732.5,2719.5,2725.5,8637.5357
1790682300000,2725.4,2738.9,2725.2,2733.7,16802.4149
1790683200000,2733.7,2734.8,2730.9,2733.3,3782.4206
1790684100000,2733.3,2750,2733.2,2738.1,18715.8167
1790685000000,2738.1,2745.8,2738,2740.2,11248.0204
1790685900000,2740.2,2741,2734.8,2737.6,5106.6061
1790686800000,2737.5,2741.6,2734.8,2737.6,8499.8088
1790687700000,2737.6,2740.9,2734,2738.2,13371.3759
1790688600000,2738.3,2738.4,2722.6,2727.2,18347.415
1790689500000,2727.2,2736.7,2722.6,2728.4,5736.1012
1790690400000,2728.4,2733.4,2716.9,2718.3,8397.2046
1790691300000,2718.4,2724.2,2713.1,2717.2,8121.5765
1790692200000,2717.2,2721.8,2710,2716.1,4316.7717
1790693100000,2716.2,2720,2709.3,2711.6,4887.9594
1790694000000,2711.8,2712.8,2690.6,2693.5,20644.6734
1790694900000,2693.5,2699.4,2671.8,2677.6,26174.3607
1790695800000,2677.6,2685.6,2676.5,2681.5,7837.4681
1790696700000,2681.5,2687,2668.6,2674.3,10106.7266
1790697600000,2674.3,2678.1,2670.9,2675.6,9076.0548
1790698500000,2675.6,2684.6,2675.3,2683.1,3651.4404
1790699400000,2683.2,2685,2673,2673.9,7122.5591
1790700300000,2673.6,2677.7,2669.5,2676.5,5321.8794
1790701200000,2676.6,2680.9,2674.4,2680.1,5585.7639
1790702100000,2680.7,2681.5,2673.6,2678.7,1337.6148
1790703000000,2678.7,2680.6,2674.1,2676,2673.3444
1790703900000,2676.1,2677.3,2670.5,2673.9,3489.968
1790704800000,2673.9,2685.5,2673.8,2685,4085.359
1790705700000,2685.1,2690,2684.2,2686.7,5143.9029
1790706600000,2686.7,2697.7,2685.9,2695.9,7270.3007
1790707500000,2696,2698.8,2693.8,2697.2,5452.2828
1790708400000,2697.2,2701.5,2695.9,2698.3,10439.959
1790709300000,2698.3,2700.5,2696.2,2696.4,1865.0641
1790710200000,2696.4,2698.6,2690.6,2690.7,2594.2586
1790711100000,2690.8,2693.7,2687.3,2691.2,6024.9748
1790712000000,2691.2,2693.4,2688,2690.7,3487.5293
1790712900000,2691.4,2695.9,2691.3,2693.5,1309.0385
1790713800000,2693.5,2694.5,2691.9,2694,469.2514
1790714700000,2694,2694.4,2691,2691,1516.9465
1790715600000,2690.9,2691.6,2687.1,2690.8,1467.957
1790716500000,2690.8,2691.2,2678.5,2679.8,5941.682
1790717400000,2679.9,2682.6,2679.3,2681.2,6261.1692
1790718300000,2681.2,2681.2,2677.7,2679.8,2946.8069
1790719200000,2679.8,2687.1,2679.6,2685.4,1061.4708
1790720100000,2685.4,2685.4,2680,2681.7,1630.4632
1790721000000,2681.7,2682.6,2675.3,2682.5,2007.1505
1790721900000,2682.6,2684.4,2681,2682.5,406.3404
1790722800000,2682.5,2689.3,2682.4,2688.5,1331.2141
1790723700000,2688.5,2688.6,2681,2681.1,2729.9021
1790724600000,2681.1,2681.1,2676.3,2678.3,1772.8861
1790725500000,2678.2,2679.9,2677.7,2678.4,1099.5698
1790726400000,2678.5,2680.4,2671.5,2672.1,3685.9186
1790727300000,2672.1,2674.3,2668.4,2673.5,3939.7342
1790728200000,2673.4,2675.8,2670.7,2671.2,1817.1609
1790729100000,2671.1,2673.9,2668.4,2673,2873.085
1790730000000,2673.1,2675.4,2671.1,2672.8,1318.0972
1790730900000,2672.8,2677,2672.3,2672.4,1409.7254
1790731800000,2671.9,2673.4,2668.7,2672.5,2588.6609
1790732700000,2672.6,2676.4,2671.4,2672.9,1379.4405
1790733600000,2672.9,2678.9,2671.8,2673,883.8674
1790734500000,2672.4,2675.4,2669.1,2669.7,936.5849
1790735400000,2669.6,2673,2666.7,2672.9,1682.6306
1790736300000,2672,2678.9,2671.7,2674.9,314.4622
1790737200000,2675,2676.8,2672.9,2674,593.1912
1790738100000,2674,2674.2,2668.6,2672.1,542.3276
1790739000000,2672,2677,2670.3,2675.3,4102.5792
1790739900000,2674.7,2674.9,2670.1,2672.3,4513.2228
1790740800000,2672.2,2676.6,2671.3,2674.9,439.0269
1790741700000,2675,2677.2,2673.1,2673.2,603.4495
1790742600000,2673.2,2675,2671.3,2673.3,644.049
1790743500000,2673.3,2673.3,2670.3,2670.4,277.1766
1790744400000,2670.3,2675.3,2669,2669.1,834.5429
1790745300000,2669.1,2675.5,2667.8,2675.3,2526.4109
1790746200000,2675.2,2680,2675.2,2678.9,1868.4231
1790747100000,2678.9,2679.6,2672.1,2675.6,825.092
1790748000000,2675.6,2676.8,2664.5,2665.7,3190.1726
1790748900000,2665.8,2668,2663.4,2666.7,2880.5112
1790749800000,2666.9,2666.9,2660.1,2663.6,2130.4085
1790750700000,2663.5,2668.3,2657.8,2662.3,3086.003
1790751600000,2662.2,2665.8,2660.3,2662.2,1921.1066
1790752500000,2662.1,2673.2,2662.1,2671.7,2157.3226
1790753400000,2671.7,2676.1,2670.5,2676.1,995.8343
1790754300000,2676.1,2678,2674.3,2675,557.5586
1790755200000,2674.9,2674.9,2666.7,2667.1,699.6802
1790756100000,2667.1,2672.3,2666.3,2668.9,363.4498
1790757000000,2668.9,2670.1,2665.1,2668.8,746.8556
1790757900000,2668.8,2674.5,2668.8,2671.9,2134.2848
1790758800000,2671.9,2680,2671.1,2679.2,2496.508
1790759700000,2679.2,2687.3,2677.9,2686.3,3343.6534
1790760600000,2686.3,2699.3,2685.4,2688.9,9699.9227
1790761500000,2688.9,2692,2687.3,2688.6,4259.342
1790762400000,2688.5,2692.4,2688.5,2691,1495.63
1790763300000,2691,2695,2688.2,2693.2,1812.046
1790764200000,2693.2,2697.9,2693,2694.1,5117.6987
1790765100000,2694.1,2696,2693.1,2695.8,380.852
1790766000000,2695.7,2695.7,2685.8,2690.5,1136.9108
1790766900000,2690.4,2695.7,2687.4,2693.9,1135.9745
1790767800000,2693.9,2700,2692,2698.9,2237.2507
1790768700000,2699,2699.9,2695.4,2697.8,1456.0001
1790769600000,2697.8,2699.6,2693,2699.5,749.9071
1790770500000,2699.6,2705,2693.4,2705,2153.7646
1790771400000,2704.9,2732.7,2701.4,2729.6,15997.6101
1790772300000,2729.9,2739,2726.5,2731.8,11041.8734
1790773200000,2731.8,2737.4,2727,2734,6252.9014
1790774100000,2734,2738.3,2718.8,2722.5,7153.6447
1790775000000,2722.5,2735.8,2689.1,2703.2,29866.8669
1790775900000,2703.2,2710.8,2700,2710,13732.1602
1790776800000,2709.9,2713.9,2693.2,2703.1,23995.9127
1790777700000,2702.8,2702.9,2678,2681.1,27116.2271
1790778600000,2681.1,2683.4,2668.5,2674.6,11114.5531
1790779500000,2674.5,2683.7,2673.9,2678.7,11721.4386
1790780400000,2678.6,2685.5,2677.7,2682.2,10731.0859
1790781300000,2682.2,2683.5,2671.8,2678,5732.9729
1790782200000,2677.9,2688.8,2677.9,2681.4,11966.7776
1790783100000,2681.5,2689.8,2681,2683.7,5691.9249
1790784000000,2683.7,2689,2682.5,2688.9,2897.359
1790784900000,2688.8,2693.8,2687,2688.1,9495.0689
1790785800000,2688.1,2692.2,2683.7,2692.2,2305.3622
1790786700000,2692.1,2697.3,2690.4,2696.8,10784.7667
1790787600000,2696.7,2698.5,2692.6,2693.7,6060.7111
1790788500000,2693.4,2693.5,2682.1,2687.9,8346.9878
1790789400000,2687.8,2687.8,2676.6,2680.4,6191.3288
1790790300000,2680.3,2685.9,2679,2683.3,3606.9107
1790791200000,2683.2,2685.2,2679,2682.5,5834.1828
1790792100000,2682.5,2683.5,2678.3,2680.5,2654.6854
1790793000000,2680.4,2682.2,2674.6,2675.5,1457.6486
1790793900000,2675.5,2681.3,2675.4,2680.1,2699.953
1790794800000,2680.1,2681.6,2674.4,2675,1105.1006
1790795700000,2675,2676.9,2670.9,2674.1,2024.0491
1790796600000,2673.8,2681.7,2673.7,2677.2,4278.9541
1790797500000,2677.2,2677.3,2668.5,2670.4,2463.489
1790798400000,2670.2,2675.7,2669.1,2675.6,3175.8556
1790799300000,2675.7,2682.2,2675.5,2680.8,2166.053
1790800200000,2680.8,2682.2,2679.7,2681.3,600.6313
1790801100000,2681.4,2683.3,2680.8,2683.2,414.9587
1790802000000,2683.3,2686.7,2682.9,2684.9,861.8378
1790802900000,2684.4,2685.9,2683.9,2685.1,1433.2223
1790803800000,2684.7,2686.8,2684.2,2684.2,2531.1441
1790804700000,2684.1,2685.4,2682.9,2684.9,2427.1639
1790805600000,2684.9,2685.4,2679.2,2682.4,374.8508
1790806500000,2683.1,2690.4,2683,2690.3,1261.986
1790807400000,2690.4,2693.8,2690,2691.9,7326.1011
1790808300000,2692,2692,2688.1,2688.2,3975.6689
1790809200000,2688.2,2693.9,2686.6,2688.8,4763.8662
1790810100000,2688.9,2694.9,2688,2689.6,1161.3183
1790811000000,2689.7,2691.5,2685.6,2690.2,4148.702
1790811900000,2690.2,2690.2,2685.6,2686.6,935.3863
1790812800000,2686.5,2687.4,2683.1,2683.5,2428.8117
1790813700000,2683.2,2685.3,2679.2,2683.2,954.4642
1790814600000,2683.3,2688.5,2681.7,2688.5,1025.496
1790815500000,2688.5,2688.9,2685.2,2686,784.9307
1790816400000,2685.9,2689.5,2685.2,2689.1,819.5107
1790817300000,2689,2694.3,2687.1,2692.1,853.7814
1790818200000,2692.2,2692.4,2688,2691.9,751.1359
1790819100000,2691.9,2693,2689.2,2690.6,327.613
1790820000000,2690.5,2695.3,2689.5,2692.1,1018.2733
1790820900000,2692.1,2692.1,2684.8,2689.6,4020.0251
1790821800000,2689.6,2692,2685.9,2685.9,4044.9264
1790822700000,2685.9,2687.5,2684.6,2687.3,7708.9196
1790823600000,2687.3,2689.2,2685.3,2688.3,3065.6643
1790824500000,2688.3,2689.8,2685.6,2687.4,1614.9525
1790825400000,2687.4,2694.4,2685.8,2692.9,4092.7545
1790826300000,2692.9,2697.4,2690.7,2696.8,777.7902
1790827200000,2696.8,2700.7,2696.3,2700.3,5427.5042
1790828100000,2700.2,2700.2,2697.5,2698.7,647.5327
1790829000000,2698.7,2699.5,2694.1,2699.5,995.9565
1790829900000,2699.6,2712.5,2699.6,2708,9496.8697
1790830800000,2708.4,2714.3,2706.1,2713.9,5510.2058
1790831700000,2713.6,2717.3,2712.9,2715.4,3399.9489
1790832600000,2715.7,2720.4,2714.4,2715.6,2353.3927
1790833500000,2715.5,2720.7,2715.3,2719.1,1268.7956
1790834400000,2719,2722,2715.7,2722,2068.76
1790835300000,2721.9,2723,2716.8,2722.6,6406.1405
1790836200000,2722.6,2722.7,2713,2715.6,8155.5683
1790837100000,2715.6,2718.9,2715.2,2716.5,1410.7995
1790838000000,2716.5,2721.9,2713.3,2713.9,1541.8823
1790838900000,2714,2715.5,2682.1,2683.5,14527.357
1790839800000,2682.5,2694.7,2679.6,2682.4,22387.0333
1790840700000,2682.3,2686.6,2675.2,2677.9,7209.1783
1790841600000,2677.9,2681.6,2674.7,2677.8,2997.0256
1790842500000,2677.8,2683.2,2676.4,2681.5,1863.6959
1790843400000,2681.2,2686,2673.3,2683.7,4787.9155
1790844300000,2683.7,2690.5,2682.2,2688.4,16052.0014
1790845200000,2688.3,2693.1,2687.4,2691.1,3620.4709
1790846100000,2691.2,2694.8,2689.2,2694.8,2432.5571
1790847000000,2694.9,2700,2694.9,2697.1,3282.308
1790847900000,2697.1,2697.1,2690.3,2692,2682.4217
1790848800000,2691.9,2692.7,2677.5,2687.4,3482.0812
1790849700000,2687.5,2691.1,2683.6,2688.7,853.9873
1790850600000,2689,2696.3,2689,2696.3,809.2055
1790851500000,2696.3,2707.1,2695.7,2702.5,5184.5403
1790852400000,2702.5,2702.5,2696.1,2698.1,1916.752
1790853300000,2698.1,2699.3,2696.1,2699,2791.3564
1790854200000,2699,2705.4,2695.9,2705.3,2044.9392
1790855100000,2705.3,2709.8,2704.4,2707.8,2055.2268
1790856000000,2707.8,2709.6,2705.4,2708.5,961.5581
1790856900000,2708.5,2710,2705.2,2706.9,1856.3086
1790857800000,2706.9,2712.9,2704,2704.7,6413.5903
1790858700000,2704.7,2705.8,2689.2,2693.7,5069.3096
1790859600000,2693.7,2694.9,2686.6,2687.1,4173.9012
1790860500000,2687.1,2689.5,2685,2685.9,1902.0291
1790861400000,2685.8,2701.3,2684.2,2699.1,12885.7256
1790862300000,2699.7,2703.6,2692.7,2699,6639.6236
1790863200000,2697.6,2701,2683.5,2690.2,6840.4353
1790864100000,2690,2702.7,2688.1,2698.5,3647.172
1790865000000,2698.2,2705.9,2691.1,2693.9,3319.3925
1790865900000,2693.9,2696.7,2681.8,2690.6,9371.7936
1790866800000,2690.6,2696,2679.5,2689.9,5640.3347
1790867700000,2689.9,2696,2688.4,2688.5,5015.9082
1790868600000,2688.3,2688.3,2673.6,2677.4,15746.1552
1790869500000,2677.3,2686.9,2677.1,2683,9419.532
1790870400000,2682.9,2691,2681.7,2686.9,6094.0874
1790871300000,2687.2,2689.9,2682.5,2685.9,1566.6097
1790872200000,2686,2694.7,2680.5,2684.3,4367.3772
1790873100000,2684.3,2688,2676.3,2680.9,3445.7948
1790874000000,2680.8,2693,2680.8,2691,9703.4849
1790874900000,2691.1,2708.7,2691.1,2707.2,6862.7434
1790875800000,2707.2,2713,2701.1,2708.6,7558.7627
1790876700000,2708.6,2709.3,2698.2,2701.8,4890.9304
1790877600000,2701.5,2704,2693.3,2700.8,4013.2124
1790878500000,2700.8,2705.7,2699.6,2701.1,546.8574
1790879400000,2701.1,2715.5,2700.7,2706.5,9157.8927
1790880300000,2706.5,2707.1,2697.8,2699.8,7780.4472
1790881200000,2699.8,2706,2698,2702.8,10875.5415
1790882100000,2702.6,2704.4,2692.7,2693.5,3188.3027
1790883000000,2693.4,2698.5,2692.8,2697.6,1843.168
1790883900000,2697.6,2701.7,2696.3,2700.2,1392.7898
1790884800000,2700.3,2706,2699.7,2701.1,1303.9031
1790885700000,2701.1,2704.3,2700.9,2700.9,768.0365
1790886600000,2700.9,2701.4,2696.2,2697.9,562.4736
1790887500000,2697.8,2699.8,2695.7,2698.7,601.3673
1790888400000,2698.6,2698.9,2695.7,2695.7,317.5499
1790889300000,2695.6,2698.6,2693.5,2693.5,1238.8871
1790890200000,2693.4,2694.8,2689,2689.8,2830.1162
1790891100000,2689.7,2693.6,2689.7,2693.4,1094.2609
1790892000000,2693,2702.1,2692.8,2699.7,2622.6941
1790892900000,2699.6,2701.4,2698.2,2700.1,601.735
1790893800000,2700,2703.3,2698.9,2701.4,2503.9207
1790894700000,2701.3,2703.6,2698,2703.2,1204.9363
1790895600000,2703.1,2703.9,2699.2,2699.2,740.7649
1790896500000,2699.3,2704,2698.6,2703,211.0957
1790897400000,2703,2707.4,2701.9,2705.4,1332.4891
1790898300000,2705.4,2707.1,2704,2706.6,583.2566
1790899200000,2706.6,2707.1,2703.2,2706.1,725.8632
1790900100000,2706.1,2709,2704.6,2706.3,2021.8388
1790901000000,2706.3,2706.3,2701.3,2705.8,2489.0734
1790901900000,2705.6,2709,2703.4,2708.6,2833.9279
1790902800000,2708.8,2708.8,2703.4,2703.8,1137.4709
1790903700000,2703.8,2706.9,2696,2701,4139.9834
1790904600000,2701.2,2703.8,2700.1,2700.9,1266.5906
1790905500000,2700.8,2719.1,2700.3,2716.5,13469.6432
1790906400000,2716.5,2721,2714,2720,1686.187
1790907300000,2720.1,2720.8,2711.1,2712,3135.4905
1790908200000,2712.1,2713.1,2709.8,2712.9,1151.1856
1790909100000,2713,2723.9,2713,2722,6562.1552
1790910000000,2722,2728.4,2717.3,2718.9,3202.3245
1790910900000,2719,2720,2715.3,2716.1,1964.9601
1790911800000,2716.1,2721.8,2715.5,2719.7,3554.0361
1790912700000,2719.7,2721.5,2716,2720.5,535.2957
1790913600000,2720.5,2721.7,2714.6,2715.3,5073.5119
1790914500000,2715.2,2746.6,2715.2,2746.3,15916.5043
1790915400000,2746.7,2749.1,2736.9,2741.7,7791.6252
1790916300000,2741.7,2748,2739.1,2744,5451.8482
1790917200000,2743.9,2744,2732.1,2736,8297.8026
1790918100000,2736,2736.7,2725.7,2729.4,10231.4101
1790919000000,2729.1,2730,2712.6,2721,13281.426
1790919900000,2721,2722.3,2717.7,2721.4,3109.9581
1790920800000,2721.5,2729.6,2721,2725.9,4972.4232
1790921700000,2725.8,2732.4,2725.1,2731.2,2608.5304
1790922600000,2731.1,2734.7,2728.9,2732,1717.5595
1790923500000,2732,2734.5,2728.9,2730.2,4060.2462
1790924400000,2730.2,2733,2726.3,2732.5,3498.4385
1790925300000,2732.4,2732.5,2727.3,2728.6,1377.3171
1790926200000,2728.6,2728.6,2725.2,2727.6,982.2117
1790927100000,2727.5,2742.4,2727.5,2739.2,7338.6206
1790928000000,2739.2,2744.9,2738.5,2744.1,3336.9622
1790928900000,2744.2,2779.4,2743.3,2761.5,17945.0581
1790929800000,2762,2766.6,2755.2,2760.8,5497.7073
1790930700000,2760.8,2760.8,2753.7,2755.1,2446.509
1790931600000,2755.1,2755.8,2749.7,2753.7,3968.3757
1790932500000,2753.6,2755.1,2745,2747.4,3021.6875
1790933400000,2747.4,2752.7,2744.7,2749.1,3575.7532
1790934300000,2749.2,2752,2745.7,2748.4,4505.4863
1790935200000,2748.4,2752.4,2744.5,2744.7,621.613
1790936100000,2744.8,2746.9,2737.2,2746.7,3492.1336
1790937000000,2746.7,2754.2,2744.7,2750.4,874.9191
1790937900000,2750.5,2750.5,2743.8,2744.1,2625.3839
1790938800000,2744.2,2751,2742.5,2750.5,2249.247
1790939700000,2750.6,2751.6,2747.5,2747.6,842.0778
1790940600000,2747.6,2752.8,2746.6,2748.8,2609.9236
1790941500000,2748.9,2751.8,2747.2,2747.2,1836.96
1790942400000,2747.2,2749.7,2741.9,2745.7,1678.3352
1790943300000,2745.8,2752,2744.6,2750.8,2132.9008
1790944200000,2750.8,2766.7,2740,2741.7,18324.6093
1790945100000,2742,2757.8,2740.8,2756,7794.618
1790946000000,2756.1,2760.8,2750.3,2750.3,6131.9173
1790946900000,2750.3,2753.9,2747.9,2750.9,1373.3742
1790947800000,2750.9,2770.2,2750,2763,20680.1172
1790948700000,2763.2,2765,2743,2745.6,19289.5547
1790949600000,2745.1,2751.7,2733.9,2735.1,10053.831
1790950500000,2735.5,2744.7,2730,2730,6039.3785
1790951400000,2730.1,2730.9,2720.4,2726.8,9846.2847
1790952300000,2726.9,2731,2700,2710.7,15082.3171
1790953200000,2710.7,2713.2,2700,2707.1,26701.6036
1790954100000,2707.7,2709,2695.7,2702.7,25782.8756
1790955000000,2702.7,2703,2692.4,2696.3,14057.0964
1790955900000,2696.3,2700.4,2692.5,2697.6,4475.9512
1790956800000,2697.6,2703.9,2692,2694.9,7333.3969
1790957700000,2694.9,2699.8,2690.1,2693.1,4032.6109
1790958600000,2693.1,2695,2687,2693.2,6441.326
1790959500000,2693.1,2695.5,2688.2,2690.4,2143.0418
1790960400000,2690.5,2692.7,2679.2,2680.1,9504.8133
1790961300000,2680.1,2687.3,2678,2683.2,19442.7691
1790962200000,2683.2,2687.8,2678,2681.5,2869.6961
1790963100000,2681.6,2686.1,2680.8,2684.9,1997.2724
1790964000000,2684.6,2689.5,2684.1,2687.2,985.3905
1790964900000,2687.3,2687.3,2678,2679.8,5103.8363
1790965800000,2679.9,2680.7,2651,2658,28794.1803
1790966700000,2657.9,2667.2,2651.8,2665.1,10624.736
1790967600000,2665.2,2672.8,2664.1,2665.1,21934.5901
1790968500000,2665.1,2669.4,2657.6,2666.2,8978.5255
1790969400000,2666.2,2669.1,2665,2666.4,4604.7976
1790970300000,2666.4,2669.3,2664,2668.5,2022.3045
1790971200000,2668.5,2670.7,2666.7,2668.8,1984.0828
1790972100000,2668.8,2671.1,2666.7,2667.1,1502.1803
1790973000000,2667.2,2671.8,2662.3,2662.3,4409.337
1790973900000,2662.4,2664.8,2659.4,2661.9,5039.7008
1790974800000,2661.9,2666.5,2660.9,2663.2,1711.7418
1790975700000,2663.2,2664.3,2658.6,2659.4,1650.7831
1790976600000,2659.5,2663.2,2657.3,2662.4,2452.2044
1790977500000,2662.4,2665.6,2662.1,2665.1,2186.5121
1790978400000,2665.1,2666.6,2661.2,2662.2,3574.0595
1790979300000,2662.3,2664.9,2661.3,2664.5,2500.4682
1790980200000,2664.6,2667,2664.6,2665.9,814.1392
1790981100000,2666,2668.9,2665.6,2668,1418.0458
1790982000000,2668,2668.1,2666.2,2666.4,651.2859
1790982900000,2666.5,2669.1,2666.4,2669,226.3167
1790983800000,2669,2670,2667.4,2669.4,347.9009
1790984700000,2669.5,2670,2668.6,2668.6,385.3719
1790985600000,2668.7,2669.1,2666,2668.9,1639.1399
1790986500000,2669,2673.3,2668.6,2673.2,989.9789
1790987400000,2673.2,2677,2673.1,2675.4,2972.1908
1790988300000,2675.5,2678.3,2675,2676.7,965.0755
1790989200000,2676.8,2680,2675.3,2679.9,1908.8446
1790990100000,2680,2684.7,2677.7,2678.9,876.1082
1790991000000,2679.2,2682.7,2679.2,2680.5,681.5356
1790991900000,2680.6,2681.8,2678.3,2679.6,833.8962
1790992800000,2679.7,2679.7,2676.5,2678.2,593.9245
1790993700000,2678.2,2680.9,2678.1,2679.5,1358.3599
1790994600000,2679.4,2683.5,2679.2,2683.5,925.8198
1790995500000,2683.1,2683.1,2677.7,2677.7,890.6688
1790996400000,2677.8,2679.2,2676.5,2677.6,1373.604
1790997300000,2677.6,2681.5,2677.5,2681.4,278.3184
1790998200000,2681.4,2681.4,2680,2681.3,191.405
1790999100000,2681.3,2682.2,2680.9,2682.2,286.5286
1791000000000,2682.2,2682.8,2680.8,2680.9,661.999
1791000900000,2680.9,2680.9,2672.4,2673.6,18424.2682
1791001800000,2673.7,2675,2672.1,2673.7,2829.3397
1791002700000,2673.8,2676.6,2673.7,2675.1,1424.3194
1791003600000,2675.2,2675.4,2673.3,2675,2059.0515
1791004500000,2675,2676.8,2674.9,2676.5,603.9535
1791005400000,2676.6,2677.7,2676.3,2676.5,356.6956
1791006300000,2676.5,2677.4,2676.3,2677.1,130.0167
1791007200000,2677.2,2679,2675.4,2675.6,588.0401
1791008100000,2675.6,2677.7,2675.4,2676.9,101.0803
1791009000000,2677,2679.7,2676.6,2678.1,155.4567
1791009900000,2678.1,2682,2676.8,2679.5,293.4283
1791010800000,2679.8,2680.8,2677.5,2680.5,233.4639
1791011700000,2680.6,2681.6,2679.3,2680,411.5046
1791012600000,2680,2682.8,2679.9,2680.3,331.0004
1791013500000,2680.1,2682.7,2679.7,2681.4,315.9003
1791014400000,2681.4,2682.8,2680,2682.8,121.0784
1791015300000,2682.8,2682.8,2677.9,2679.7,321.9658
1791016200000,2679.6,2681.5,2678.7,2681.4,91.4568
1791017100000,2681.5,2683.6,2681.4,2682.7,508.5982
1791018000000,2682.8,2685.4,2682.6,2684.6,1866.6954
1791018900000,2684.6,2685.8,2683.9,2684,998.3934
1791019800000,2684.1,2684.1,2681.2,2681.3,2856.8968
1791020700000,2681.3,2681.3,2679.6,2679.9,1041.2401
1791021600000,2680,2681.4,2679.2,2681.4,702.224
1791022500000,2681.4,2682.1,2679.4,2682,825.3141
1791023400000,2681.9,2683.5,2681.6,2682.4,3180.8237
1791024300000,2682.5,2684.2,2681.4,2683.1,526.7169
1791025200000,2682.8,2683.2,2681.1,2681.1,484.104
1791026100000,2681.2,2683,2680.9,2682.8,302.3948
1791027000000,2682.9,2685.2,2682.8,2684.5,253.8145
1791027900000,2684.5,2685.4,2683.7,2683.7,202.0211
1791028800000,2683.8,2684,2682.3,2682.6,1179.8293
1791029700000,2682.7,2686.6,2682.4,2682.5,1147.2267
1791030600000,2682.4,2682.7,2680,2680.2,1384.0601
1791031500000,2680.2,2682.7,2680.2,2681.8,321.7702
1791032400000,2681.8,2682,2679.5,2680.5,785.0891
1791033300000,2680.1,2680.1,2676.7,2677.7,2995.4199
1791034200000,2677.6,2681.5,2677.5,2680.3,1372.3877
1791035100000,2680.2,2681.3,2680.2,2681,229.4972
1791036000000,2681,2681,2678,2678,431.8943
1791036900000,2678,2680.8,2678,2680.3,80.3759
1791037800000,2680.3,2681.7,2678.8,2680.2,194.6245
1791038700000,2680.2,2683.8,2680.1,2682.2,247.603
1791039600000,2682.6,2682.6,2679.1,2681.8,147.5197
1791040500000,2681.8,2681.8,2680,2680,193.0361
1791041400000,2680,2680.2,2678.4,2680.1,251.4915
1791042300000,2679.8,2681.5,2679.8,2681.3,135.8601
1791043200000,2681.3,2681.3,2678.6,2679.1,503.9882
1791044100000,2679.1,2679.4,2678,2679.4,121.5969
1791045000000,2679.3,2681.5,2679.3,2681.2,278.4561
1791045900000,2681.1,2681.2,2680.1,2680.9,431.4668
1791046800000,2680.9,2684.3,2680.6,2684,2258.5049
1791047700000,2684,2685.7,2683.2,2683.2,1772.5412
1791048600000,2683.3,2685.2,2681.4,2685.1,726.578
1791049500000,2685.2,2688.6,2683.5,2688.2,680.5386
1791050400000,2688.2,2689.1,2685.4,2686.2,583.7671
1791051300000,2686.1,2687.1,2684.9,2685.5,327.2812
1791052200000,2685.4,2685.5,2683.7,2684.4,202.124
1791053100000,2684.5,2684.6,2682.8,2684.5,1296.9212
1791054000000,2684.6,2684.6,2681.8,2683.4,296.182
1791054900000,2683.4,2685.4,2680.8,2680.9,398.2828
1791055800000,2680.9,2682.9,2680.6,2682.7,3785.9208
1791056700000,2682,2684.8,2680.4,2684.7,458.2008
1791057600000,2684.7,2688.3,2684.7,2687.3,1328.4183
1791058500000,2687.4,2688.2,2686.7,2687.3,265.2335
1791059400000,2687.2,2687.2,2686.1,2686.2,190.5544
1791060300000,2686.2,2688,2685.6,2686.2,357.5933
1791061200000,2686.2,2687.4,2683,2686.1,878.3703
1791062100000,2686.1,2687.2,2685,2685.1,135.2588
1791063000000,2685.1,2686,2684.2,2684.9,238.3448
1791063900000,2685.3,2686.3,2683.9,2684.4,111.1832
1791064800000,2684.4,2688.7,2683.7,2688.5,193.119
1791065700000,2688.5,2688.8,2687.1,2687.4,199.7752
1791066600000,2687.5,2687.5,2686.6,2687.5,1145.2666
1791067500000,2687.5,2687.5,2686.2,2686.2,350.142
1791068400000,2686.3,2686.3,2684.4,2686.3,274.9215
1791069300000,2686.3,2687.7,2686.2,2687.4,793.6546
1791070200000,2687.4,2687.8,2687.4,2687.7,237.8558
1791071100000,2687.8,2687.8,2685.8,2686.9,857.7161
1791072000000,2686.9,2687.6,2686.2,2687.1,258.0089
1791072900000,2687.1,2693.5,2687,2690.3,1285.7861
1791073800000,2690.3,2693,2689.6,2690.4,403.9395
1791074700000,2690.5,2693.3,2689.8,2692.6,700.8816
1791075600000,2693.1,2694.7,2691.9,2693.5,1539.5893
1791076500000,2693.5,2693.5,2689.8,2690.1,253.1003
1791077400000,2690.1,2692.3,2689.5,2691.9,175.3266
1791078300000,2691.9,2694.7,2691.8,2694.5,182
1791079200000,2694.5,2695.9,2692.3,2693.6,778.7463
1791080100000,2693.6,2695.2,2692.6,2693.2,91.605
1791081000000,2693.3,2695,2692.3,2692.3,127.2393
1791081900000,2692.4,2693.5,2691.9,2692.1,380.4015
1791082800000,2692.1,2692.5,2691.6,2692.5,74.9167
1791083700000,2692.5,2693.1,2692,2692.6,127.9705
1791084600000,2692.6,2696.2,2692.4,2696,466.2671
1791085500000,2696,2696,2694,2694.1,288.3877
1791086400000,2694,2695.3,2694,2694.2,113.3957
1791087300000,2694.2,2694.2,2693.1,2693.1,69.7592
1791088200000,2693.1,2693.2,2691.7,2691.7,342.2242
1791089100000,2691.8,2692.1,2690.9,2692,116.6038
1791090000000,2692.1,2693.5,2692,2693.2,191.1251
1791090900000,2693.2,2695.1,2693.1,2694.7,213.06
1791091800000,2694.6,2696.6,2694.4,2696.6,158.3318
1791092700000,2696.6,2697.1,2694.5,2694.6,585.302
1791093600000,2694.6,2694.9,2693.8,2693.8,230.6299
1791094500000,2693.9,2697,2691,2691.5,575.7506
1791095400000,2691.6,2693.9,2691,2692.3,83.5427
1791096300000,2692.4,2696.7,2692.3,2695.7,542.8039
1791097200000,2695.7,2695.8,2694.5,2695.1,66.83
1791098100000,2695.1,2695.1,2692,2692.7,465.717
1791099000000,2692.8,2694.5,2691.6,2694.5,196.4616
1791099900000,2694.5,2706.7,2694.5,2705.3,6540.9375
1791100800000,2705.3,2707.1,2701.9,2702.1,4516.7053
1791101700000,2702,2703,2699,2701.1,179.4742
1791102600000,2701,2701.1,2697.8,2698.4,234.5794
1791103500000,2698.4,2699.8,2698.4,2699.5,411.5372
1791104400000,2699.5,2699.8,2697.4,2698.4,127.7306
1791105300000,2698.4,2702.7,2698.4,2702.4,470.5964
1791106200000,2702.4,2703.3,2700,2702.6,170.0921
1791107100000,2702.5,2705.5,2700.7,2700.7,869.9371
1791108000000,2700.8,2702.6,2700.8,2702.1,880.3609
1791108900000,2702.2,2707.1,2702.2,2704.8,21911.7059
1791109800000,2704.7,2704.8,2701.2,2702.3,1091.1063
1791110700000,2702.2,2703,2701,2701,326.392
1791111600000,2701,2701.7,2700,2700.9,1260.2878
1791112500000,2700.9,2703.4,2700.9,2703.4,95.3789
1791113400000,2703.4,2703.4,2700,2700.1,6112.736
1791114300000,2700,2700.3,2699.3,2699.5,953.6038
1791115200000,2699.5,2700.9,2699,2699,651.2275
1791116100000,2699,2702.6,2697,2701.4,2675.6238
1791117000000,2701.3,2702.5,2699.3,2699.3,348.7811
1791117900000,2699.3,2699.7,2694,2694.5,4185.7734
1791118800000,2694.5,2696.9,2693.9,2696.8,1575.518
1791119700000,2696.8,2698.8,2696.8,2698.2,1958.7901
1791120600000,2698.2,2700.5,2697,2697.1,526.1569
1791121500000,2697.1,2699.2,2697,2698.5,559.2185
1791122400000,2698.5,2698.6,2694.5,2695.5,1059.296
1791123300000,2695.6,2695.8,2693,2695.6,290.9363
1791124200000,2695.5,2698,2694.3,2694.4,585.9306
1791125100000,2694.4,2697.3,2691.5,2697,556.858
1791126000000,2697.1,2700.8,2695.7,2698.1,381.3962
1791126900000,2698.7,2703.9,2697.2,2698.6,2278.5864
1791127800000,2698.5,2699.1,2696.8,2697.9,255.3514
1791128700000,2697.9,2700,2697.8,2698.2,411.1258
1791129600000,2698.1,2700,2695.9,2699.4,376.5618
1791130500000,2699.4,2700.2,2696.2,2698,259.969
1791131400000,2698,2703.9,2697.9,2703.6,2028.4933
1791132300000,2703.6,2706.5,2702.7,2702.8,975.4504
1791133200000,2702.7,2703.7,2701.7,2702.3,137.5451
1791134100000,2702.3,2703.9,2702.2,2702.7,432.0264
1791135000000,2702.7,2704.4,2701.4,2704.3,83.238
1791135900000,2704.4,2704.9,2701.1,2701.2,1112.2556
1791136800000,2701.2,2701.3,2700.1,2700.5,231.5587
1791137700000,2700.5,2701.3,2699.8,2700.6,174.4653
1791138600000,2700.5,2701.3,2700.3,2701.3,1389.7652
1791139500000,2701.3,2701.3,2700.5,2700.5,80.2219
1791140400000,2700.5,2702.6,2700.1,2701,880.4096
1791141300000,2701.1,2703,2701.1,2702.8,247.172
1791142200000,2702.8,2704.7,2700.8,2702,786.935
1791143100000,2702.1,2703.5,2701.2,2701.2,306.2263
1791144000000,2701.3,2701.7,2699.2,2700,1252.4533
1791144900000,2700,2702.5,2700,2701.8,606.5098
1791145800000,2701.7,2705,2699.6,2702.2,1258.8111
1791146700000,2702.3,2706,2701.4,2705.7,2619.3666
1791147600000,2705.7,2709.5,2704.8,2707.2,2368.647
1791148500000,2707,2708.6,2702.1,2703.9,1634.816
1791149400000,2703.8,2707.4,2703.3,2705.3,3926.3359
1791150300000,2705.4,2707.9,2700.5,2702.1,2579.1317
1791151200000,2702.1,2719.1,2702.1,2718.4,8269.7112
1791152100000,2718.4,2737.4,2716.4,2726.2,35365.7455
1791153000000,2726.2,2730,2724,2728.3,2287.4891
1791153900000,2728.4,2731.3,2725,2731,2049.1486
1791154800000,2730.9,2734.9,2728.5,2733.7,3334.2059
1791155700000,2733.7,2739.5,2729.9,2732.7,2127.7544
1791156600000,2732.6,2734.8,2724.4,2727.5,2957.9046
1791157500000,2727.6,2729.1,2724.8,2726.8,2020.0686
1791158400000,2726.8,2727,2720.1,2724,1426.5239
1791159300000,2724,2729.3,2718.2,2718.7,2878.237
1791160200000,2718.6,2729,2717.5,2727.7,1517.6078
1791161100000,2727.6,2731.1,2725.3,2729.4,1426.73
1791162000000,2729.3,2730.9,2722.5,2730.2,2587.088
1791162900000,2730.3,2733.3,2727.3,2731.6,1601.0188
1791163800000,2731.5,2731.5,2722.9,2725,3341.1466
1791164700000,2725,2727.4,2722.3,2724.7,4004.9245
1791165600000,2724.6,2734.3,2724.6,2732.5,4322.0952
1791166500000,2732.5,2736.4,2730.6,2733.8,3034.0301
1791167400000,2733.8,2737.5,2728,2735,2686.2927
1791168300000,2734.9,2736.1,2730.2,2730.7,624.0713
1791169200000,2730.6,2730.8,2727,2728.9,1370.3929
1791170100000,2728.9,2729.1,2719.3,2727.7,7245.7069
1791171000000,2727.7,2728.5,2721.5,2721.6,1469.7114
1791171900000,2721.5,2723.5,2713.2,2716,2834.028
1791172800000,2715.9,2717.8,2710,2712.1,8395.4471
1791173700000,2712.1,2715.4,2704.3,2708.3,11622.0695
1791174600000,2708.3,2708.7,2697.4,2703,5911.4742
1791175500000,2702.9,2707,2701.4,2702.5,3399.8253
1791176400000,2702.4,2702.7,2696.4,2699.9,20284.1982
1791177300000,2699.9,2699.9,2694,2696.6,4219.6894
1791178200000,2696.5,2711.7,2693.4,2706.8,30437.1707
1791179100000,2706.8,2706.9,2703.4,2706.3,4096.2722
1791180000000,2706.2,2712.7,2706.2,2712.7,8125.7494
1791180900000,2712.7,2717.8,2711.7,2712.3,4022.2157
1791181800000,2712.2,2714.6,2711.1,2711.2,2447.1661
1791182700000,2711.1,2729.3,2711,2726.3,20156.5259
1791183600000,2726.3,2731.5,2724.2,2728.5,3090.9647
1791184500000,2728.4,2729.5,2720.8,2724,1685.7773
1791185400000,2723.9,2728,2721.9,2727.9,1640.6234
1791186300000,2728,2728.9,2722.4,2726.6,2047.2019
1791187200000,2726.5,2734.8,2724,2732,1233.1711
1791188100000,2731.9,2732,2713.5,2726.6,36119.9375
1791189000000,2726.6,2727.7,2720.5,2722.1,5072.0012
1791189900000,2722,2722.1,2712.2,2720.5,10685.6068
1791190800000,2720.5,2721.3,2716.1,2718.2,634.0714
1791191700000,2718.4,2720.8,2716.9,2717.4,1514.3736
1791192600000,2717.4,2720.3,2716.1,2718,652.1614
1791193500000,2718.1,2720,2715.2,2716.6,2361.7396
1791194400000,2716.5,2719.9,2714.6,2716.5,1502.1195
1791195300000,2716.6,2720.1,2716.4,2717.2,455.1243
1791196200000,2717.2,2717.6,2711.7,2713.5,1442.1349
1791197100000,2713.6,2719.6,2713.3,2716.6,301.8069
1791198000000,2716.6,2716.6,2710.4,2711.5,2791.2397
1791198900000,2711.6,2721.3,2711.5,2720.2,1739.828
1791199800000,2720.2,2723,2715,2715.5,2438.8008
1791200700000,2715.4,2718.9,2714.1,2717.7,2773.0043
1791201600000,2717.6,2719.8,2714.5,2716,950.4742
1791202500000,2716.1,2716.8,2713.3,2714.9,1687.9428
1791203400000,2714.9,2715,2709.2,2710.2,2707.6037
1791204300000,2710.1,2712,2708.1,2710.4,1847.5477
1791205200000,2710.3,2719.6,2710.3,2718.7,1357.5953
1791206100000,2718.7,2724.4,2717.3,2719.3,3587.7077
1791207000000,2719.5,2720.1,2711.1,2714.5,3341.9331
1791207900000,2714.5,2725.9,2711.1,2722.3,9235.1734
1791208800000,2722.3,2729.5,2716.5,2728.3,9720.6929
1791209700000,2728.3,2728.8,2714.6,2714.6,7083.3912
