t,o,h,l,c,v
1786711500000,226.02,226.29,225.94,226.05,1289.112
1786712400000,226.03,226.12,225.92,226.02,328.366
1786713300000,225.99,226.75,225.88,226.72,4376.904
1786714200000,226.73,227.47,225.15,225.81,18968.391
1786715100000,225.83,226.8,225.38,225.69,6859.625
1786716000000,225.69,226.57,225.41,226,5267.477
1786716900000,225.92,225.92,224.56,225.06,36063.71
1786717800000,225.09,226.4,225.02,226.36,13008.313
1786718700000,226.38,226.96,226.12,226.18,5763.936
1786719600000,226.15,226.34,225.42,225.53,2568.787
1786720500000,225.47,226.02,224.99,225.61,3300.152
1786721400000,225.61,225.63,224.71,224.86,1698.022
1786722300000,224.91,225.45,224.76,225.32,2688.566
1786723200000,225.33,225.73,225.21,225.63,19465.336
1786724100000,225.62,225.85,225.56,225.69,911.897
1786725000000,225.71,225.73,225.08,225.13,1018.716
1786725900000,225.12,225.26,225.02,225.12,552.495
1786726800000,225.14,225.36,225.12,225.31,709.656
1786727700000,225.36,225.4,225.14,225.2,875.349
1786728600000,225.19,225.47,225.14,225.45,2838.195
1786729500000,225.5,225.73,225.28,225.5,613.744
1786730400000,225.38,225.65,225.36,225.41,6556.798
1786731300000,225.4,225.45,224.66,224.86,1369.917
1786732200000,224.79,225.4,224.71,225.36,3415.192
1786733100000,225.33,225.33,224.95,225.13,2444.347
1786734000000,225.15,225.44,224.86,224.98,521.171
1786734900000,224.95,225.45,224.92,225.26,2247.007
1786735800000,225.27,225.46,225.13,225.15,2419.949
1786736700000,225.17,225.72,224.97,225.3,2595.746
1786737600000,225.29,225.29,225.01,225.08,507.753
1786738500000,225.06,225.1,224.94,224.95,349.912
1786739400000,224.96,225.07,224.81,225.05,3399.631
1786740300000,225.04,225.09,225.04,225.09,70.982
1786741200000,225.06,225.12,225.04,225.12,247.627
1786742100000,225.11,225.13,225.04,225.07,533.63
1786743000000,225.06,225.1,225.06,225.07,74.405
1786743900000,225.06,225.09,224.78,224.92,3291.466
1786744800000,224.92,224.93,224.88,224.9,252.111
1786745700000,224.89,225.02,224.83,224.96,423.119
1786746600000,224.96,224.98,224.84,224.84,247.532
1786747500000,224.83,224.86,224.8,224.84,413.768
1786748400000,224.83,224.87,224.82,224.85,171.99
1786749300000,224.84,225.1,224.82,225.02,2377.265
1786750200000,225.02,225.13,224.95,224.97,690.385
1786751100000,224.97,224.97,224.77,224.78,140.151
1786752000000,224.75,224.9,224.74,224.88,268.185
1786752900000,224.88,224.88,224.76,224.84,730.58
1786753800000,224.86,224.86,224.82,224.85,610.782
1786754700000,224.85,224.85,224.84,224.85,109.733
1786755600000,224.85,224.85,224.82,224.84,114.232
1786756500000,224.84,224.85,224.73,224.73,336.739
1786757400000,224.74,224.85,224.72,224.75,778.043
1786758300000,224.75,224.76,224.67,224.73,393.987
1786759200000,224.72,224.74,224.63,224.63,404.565
1786760100000,224.64,224.78,224.62,224.77,241.048
1786761000000,224.79,224.83,224.78,224.79,156.637
1786761900000,224.81,224.84,224.65,224.69,1849.749
1786762800000,224.69,224.69,224.58,224.6,475.141
1786763700000,224.58,224.65,224.55,224.62,122.53
1786764600000,224.63,224.77,224.58,224.72,429.781
1786765500000,224.72,224.74,224.5,224.58,1400.751
1786766400000,224.59,224.62,224.44,224.48,785.022
1786767300000,224.49,224.51,224.32,224.48,444.379
1786768200000,224.47,224.48,224.42,224.44,37.695
1786769100000,224.45,224.48,224.41,224.43,64.175
1786770000000,224.42,224.53,224.42,224.53,73.88
1786770900000,224.54,224.58,224.51,224.55,33.66
1786771800000,224.55,224.58,224.42,224.44,815.224
1786772700000,224.44,224.45,224.41,224.45,17.43
1786773600000,224.45,224.45,224.29,224.4,458.907
1786774500000,224.4,224.51,224.34,224.47,147.994
1786775400000,224.46,224.6,224.46,224.6,633.828
1786776300000,224.6,224.66,224.49,224.53,74.613
1786777200000,224.53,224.57,224.51,224.57,24.808
1786778100000,224.55,224.55,224.51,224.51,12.51
1786779000000,224.52,224.53,224.48,224.53,35.367
1786779900000,224.53,224.53,224.47,224.5,54.516
1786780800000,224.5,224.52,224.47,224.51,38.741
1786781700000,224.51,224.8,224.48,224.69,236.777
1786782600000,224.69,224.8,224.68,224.75,209.998
1786783500000,224.74,224.74,224.68,224.7,174.631
1786784400000,224.71,224.71,224.67,224.68,16.241
1786785300000,224.68,224.75,224.66,224.74,56.359
1786786200000,224.74,224.82,224.73,224.81,28.957
1786787100000,224.8,224.85,224.8,224.82,93.447
1786788000000,224.83,224.85,224.76,224.85,87.134
1786788900000,224.85,224.88,224.84,224.88,127.084
1786789800000,224.89,224.9,224.88,224.89,67.943
1786790700000,224.89,224.9,224.82,224.9,114.295
1786791600000,224.9,225,224.89,225,59.543
1786792500000,225,225,224.87,224.87,56.235
1786793400000,224.88,224.88,224.76,224.77,96.176
1786794300000,224.77,224.84,224.75,224.83,62.633
1786795200000,224.82,224.83,224.75,224.76,74.54
1786796100000,224.75,224.96,224.73,224.93,109.97
1786797000000,224.95,224.96,224.9,224.94,34.987
1786797900000,224.94,224.99,224.9,224.99,68.876
1786798800000,224.99,224.99,224.92,224.96,153.845
1786799700000,224.95,225.02,224.93,225,171.928
1786800600000,225,225.19,225,225.11,976.315
1786801500000,225.11,225.11,225.03,225.03,82.358
1786802400000,225.04,225.04,224.93,224.93,51.237
1786803300000,224.94,224.97,224.93,224.95,25.262
1786804200000,224.95,224.95,224.88,224.89,95.219
1786805100000,224.89,224.89,224.79,224.84,270.74
1786806000000,224.84,224.96,224.83,224.92,205.206
1786806900000,224.93,225.07,224.92,225.03,72.285
1786807800000,225.04,225.06,225.01,225.02,65.749
1786808700000,225.02,225.04,224.99,225.02,40.41
1786809600000,225.02,225.02,224.99,224.99,37.952
1786810500000,224.98,225.08,224.98,225.08,272.438
1786811400000,225.08,225.08,225.04,225.05,152.945
1786812300000,225.04,225.05,225.03,225.05,14.984
1786813200000,225.05,225.05,225.02,225.05,62.71
1786814100000,225.05,225.07,224.94,224.99,102.752
1786815000000,224.99,225.07,224.99,225.05,36.339
1786815900000,225.06,225.06,225.04,225.05,58.384
1786816800000,225.05,225.11,225.05,225.11,61.463
1786817700000,225.11,225.14,225.09,225.13,28.585
1786818600000,225.13,225.14,225.05,225.06,77.848
1786819500000,225.06,225.12,225.05,225.09,78.666
1786820400000,225.08,225.09,225.04,225.07,130.931
1786821300000,225.07,225.09,225.05,225.09,49.907
1786822200000,225.09,225.15,225.05,225.13,54.863
1786823100000,225.13,225.17,225.09,225.11,123.006
1786824000000,225.11,225.12,225.04,225.12,65.92
1786824900000,225.12,225.2,224.72,225.13,307.719
1786825800000,225.13,225.13,225.06,225.12,48.333
1786826700000,225.11,225.12,225.09,225.11,63.059
1786827600000,225.11,225.2,225.11,225.19,60.94
1786828500000,225.19,225.25,225.17,225.24,373.153
1786829400000,225.25,225.3,225.23,225.3,27.128
1786830300000,225.24,225.26,225.11,225.2,72.349
1786831200000,225.2,225.23,225.19,225.21,81.929
1786832100000,225.2,225.28,225.18,225.28,14.686
1786833000000,225.28,225.29,225.16,225.17,61.617
1786833900000,225.18,225.2,225.15,225.19,90.49
1786834800000,225.18,225.23,225.18,225.22,30.866
1786835700000,225.22,225.22,225.11,225.11,17.379
1786836600000,225.11,225.17,225.06,225.06,1215.126
1786837500000,225.06,225.07,225,225.07,43.441
1786838400000,225.06,225.08,225,225.02,65.322
1786839300000,225.02,225.08,224.99,225.08,69.273
1786840200000,225.08,225.08,225.05,225.06,59.508
1786841100000,225.06,225.08,225.02,225.04,31.652
1786842000000,225.04,225.04,224.97,224.98,78.311
1786842900000,224.98,225.09,224.94,224.99,86.055
1786843800000,224.99,225.02,224.95,224.96,38.045
1786844700000,224.98,225,224.95,225,22.505
1786845600000,225.03,225.07,224.96,224.99,61.411
1786846500000,225.01,225.11,225.01,225.11,41.463
1786847400000,225.1,225.1,225.03,225.06,87.608
1786848300000,225.08,225.09,225.06,225.07,51.023
1786849200000,225.09,225.09,225.05,225.09,61.338
1786850100000,225.09,225.25,225.07,225.24,48.909
1786851000000,225.24,225.26,225.23,225.23,74.345
1786851900000,225.23,225.29,225.2,225.23,192.207
1786852800000,225.22,225.28,225.2,225.28,30.689
1786853700000,225.29,225.29,225.2,225.25,84.311
1786854600000,225.25,225.26,225.2,225.25,83.06
1786855500000,225.25,225.27,225.2,225.26,173.039
1786856400000,225.27,225.28,225.22,225.24,41.869
1786857300000,225.24,225.3,225.24,225.29,56.115
1786858200000,225.28,225.28,225.2,225.24,44.531
1786859100000,225.24,225.27,225.15,225.21,67.851
1786860000000,225.24,225.27,225.22,225.26,56.13
1786860900000,225.26,225.27,225.23,225.26,50.943
1786861800000,225.26,225.26,225.22,225.24,118.582
1786862700000,225.24,225.28,225.23,225.28,46.177
1786863600000,225.27,225.31,225.26,225.3,119.003
1786864500000,225.27,225.32,225.27,225.27,31.467
1786865400000,225.27,225.3,225.27,225.28,56.937
1786866300000,225.28,225.37,225.28,225.35,261.254
1786867200000,225.36,225.4,225.36,225.39,135.096
1786868100000,225.38,225.39,225.36,225.37,51.181
1786869000000,225.37,225.4,225.25,225.31,108.778
1786869900000,225.32,225.33,225.18,225.2,373.326
1786870800000,225.21,225.25,225.16,225.23,125.323
1786871700000,225.23,225.25,225.17,225.2,339.517
1786872600000,225.19,225.26,225.18,225.26,81.632
1786873500000,225.26,225.27,225.2,225.2,30.462
1786874400000,225.2,225.21,225.15,225.17,20.65
1786875300000,225.17,225.17,224.98,225.04,981.116
1786876200000,225.04,225.04,224.96,224.97,141.555
1786877100000,224.97,225.05,224.96,225.05,132.923
1786878000000,225.05,225.2,225.05,225.1,275.149
1786878900000,225.1,225.15,225.09,225.15,27.035
1786879800000,225.15,225.26,225.15,225.26,290.439
1786880700000,225.25,225.26,225.25,225.26,131.163
1786881600000,225.26,225.34,225.25,225.26,113.278
1786882500000,225.26,225.27,225.25,225.26,85.272
1786883400000,225.26,225.27,225.1,225.15,417.996
1786884300000,225.16,225.21,225.15,225.2,92.983
1786885200000,225.12,225.17,225.07,225.15,132.772
1786886100000,225.15,225.17,225.14,225.16,28.281
1786887000000,225.16,225.17,225.09,225.16,60.27
1786887900000,225.16,225.17,225.14,225.17,24.932
1786888800000,225.17,225.17,225.16,225.17,39.458
1786889700000,225.17,225.17,225.12,225.12,151.316
1786890600000,225.11,225.13,225.06,225.12,32.85
1786891500000,225.13,225.13,225.11,225.13,23.441
1786892400000,225.13,225.17,225.13,225.16,69.065
1786893300000,225.17,225.17,225.11,225.17,76.728
1786894200000,225.17,225.17,225.12,225.15,57.326
1786895100000,225.14,225.16,225.1,225.16,45.373
1786896000000,225.14,225.14,225,225.11,355.371
1786896900000,225.11,225.11,225.07,225.11,80.716
1786897800000,225.11,225.18,225.1,225.17,245.906
1786898700000,225.15,225.17,225.12,225.15,25.235
1786899600000,225.15,225.2,225.12,225.2,41.008
1786900500000,225.2,225.2,225.12,225.14,101.942
1786901400000,225.14,225.2,225.13,225.15,177.156
1786902300000,225.15,225.17,225.13,225.15,31.127
1786903200000,225.15,225.19,225.14,225.17,94.258
1786904100000,225.18,225.2,225.17,225.18,13.466
1786905000000,225.17,225.21,225.13,225.19,404.655
1786905900000,225.19,225.37,225.19,225.37,306.008
1786906800000,225.36,225.4,225.27,225.27,580.074
1786907700000,225.29,225.29,225.22,225.24,58.673
1786908600000,225.24,225.41,225.24,225.37,74.724
1786909500000,225.38,225.54,225.35,225.49,1346.551
1786910400000,225.48,225.48,225.35,225.36,28.802
1786911300000,225.34,225.36,225.3,225.31,68.048
1786912200000,225.31,225.4,225.31,225.36,688.673
1786913100000,225.36,225.52,225.36,225.46,1120.409
1786914000000,225.47,225.56,225.46,225.52,232.501
1786914900000,225.52,225.55,225.5,225.55,84.801
1786915800000,225.55,225.59,225.42,225.42,103.06
1786916700000,225.44,225.55,225.44,225.54,166.229
1786917600000,225.53,225.56,225.39,225.5,493.507
1786918500000,225.51,225.51,225.4,225.41,30.15
1786919400000,225.4,225.5,225.38,225.49,112.313
1786920300000,225.5,225.67,225.46,225.61,340.681
1786921200000,225.61,225.61,225.54,225.59,55.983
1786922100000,225.59,225.6,225.52,225.55,21.409
1786923000000,225.54,225.57,225.4,225.44,1199.759
1786923900000,225.48,225.69,225.48,225.59,316.519
1786924800000,225.55,225.87,225.07,225.69,2300.742
1786925700000,225.67,225.81,225.57,225.71,441.104
1786926600000,225.71,225.77,225.6,225.75,88.899
1786927500000,225.75,225.76,225.56,225.69,177.547
1786928400000,225.75,225.94,225.62,225.9,151.334
1786929300000,225.92,225.97,225.8,225.95,98.51
1786930200000,225.95,225.95,225.69,225.73,207.148
1786931100000,225.73,225.8,225.59,225.6,557.653
1786932000000,225.6,225.79,225.58,225.79,93.04
1786932900000,225.78,225.91,225.75,225.79,449.557
1786933800000,225.79,225.83,225.65,225.76,97.04
1786934700000,225.76,225.89,225.64,225.79,1802.91
1786935600000,225.81,225.81,225.73,225.76,107.767
1786936500000,225.76,225.89,225.76,225.88,125.229
1786937400000,225.85,225.93,225.83,225.93,41.347
1786938300000,225.93,226,225.9,226,151.933
1786939200000,226,226.04,225.94,225.99,223.761
1786940100000,225.99,226.01,225.94,226,66.194
1786941000000,225.99,225.99,225.86,225.94,668.786
1786941900000,225.94,225.98,225.87,225.9,36.976
1786942800000,225.9,225.98,225.88,225.97,93.159
1786943700000,225.98,225.98,225.8,225.82,134.498
1786944600000,225.82,225.94,225.73,225.79,637.231
1786945500000,225.79,225.93,225.78,225.9,926.103
1786946400000,225.91,226.04,225.86,225.95,557.521
1786947300000,225.91,226.14,225.9,226.11,307.304
1786948200000,226.11,226.38,226.11,226.36,454.011
1786949100000,226.35,226.58,226.35,226.52,1378.549
1786950000000,226.5,226.57,226.02,226.06,748.526
1786950900000,226.05,226.15,225.94,226.15,189.459
1786951800000,226.21,226.5,226.2,226.41,132.635
1786952700000,226.39,226.42,226.15,226.16,438.32
1786953600000,226.15,226.56,225.91,226.2,727.482
1786954500000,226.21,226.4,226.19,226.34,176.674
1786955400000,226.36,226.37,226.02,226.06,1166.152
1786956300000,226.06,226.29,226.06,226.25,285.103
1786957200000,226.24,226.24,226.13,226.16,701.961
1786958100000,226.16,226.16,225.99,226.08,305.022
1786959000000,226.04,226.09,225.98,226.06,713.782
1786959900000,226.06,226.16,226.06,226.12,1231.149
1786960800000,226.13,226.4,226.12,226.22,1075.778
1786961700000,226.22,226.5,226.1,226.47,277.656
1786962600000,226.48,226.48,226.19,226.35,886.478
1786963500000,226.35,226.5,226.3,226.5,855.105
1786964400000,226.49,226.8,226.49,226.6,662.603
1786965300000,226.64,226.74,226.51,226.59,1089.46
1786966200000,226.62,226.83,226.56,226.69,393.579
1786967100000,226.75,226.94,226.75,226.77,733.611
1786968000000,226.71,226.85,226.56,226.84,1260.529
1786968900000,226.82,227.14,226.69,226.97,1202.434
1786969800000,226.99,227.15,226.14,226.3,1886.255
1786970700000,226.35,226.55,226.22,226.32,2126.4
1786971600000,226.43,226.5,226.27,226.42,3220.941
1786972500000,226.42,226.63,225.58,226.06,25117.382
1786973400000,226.07,227.13,225.29,226.03,26409.885
1786974300000,226.04,226.61,225.19,226.35,21205.032
1786975200000,226.22,226.47,225.47,226.19,15076.154
1786976100000,226.19,226.7,225.93,226.67,24895.349
1786977000000,226.69,227.31,226.53,227.1,11979.308
1786977900000,227.12,227.26,225.69,226.36,11098.96
1786978800000,226.36,227.15,226.35,226.78,9707.159
1786979700000,226.81,227.86,226.81,227.5,17485.306
1786980600000,227.53,227.58,226.77,227.32,14621.863
1786981500000,227.31,228.02,227.31,227.79,9231.095
1786982400000,227.78,227.78,227.19,227.26,5487.745
1786983300000,227.26,227.39,226.92,227.12,2068.977
1786984200000,227.13,227.15,226.83,226.86,1863.918
1786985100000,226.86,227.26,226.83,227.14,1509.607
1786986000000,227.12,227.2,226.23,226.23,3086.076
1786986900000,226.21,226.46,225.83,225.91,10570.754
1786987800000,225.94,226.35,225.88,226.31,12888.879
1786988700000,226.33,226.33,225.87,225.91,5985.445
1786989600000,225.93,225.94,225.54,225.73,1312.017
1786990500000,225.79,225.82,225.46,225.59,1537.784
1786991400000,225.59,225.78,225.47,225.78,603.649
1786992300000,225.77,225.97,225.68,225.68,231.883
1786993200000,225.68,225.73,225.38,225.47,3444.377
1786994100000,225.49,225.79,225.39,225.49,373.208
1786995000000,225.59,226,225.42,225.56,1157.151
1786995900000,225.57,225.68,224.91,225.15,2832.127
1786996800000,225.12,225.16,224.92,225.07,580.671
1786997700000,225.05,225.1,225,225.03,269.107
1786998600000,225.01,225.05,224.92,224.96,98.057
1786999500000,224.95,225.08,224.93,225.08,524.843
1787000400000,225.05,225.06,225,225,82.991
1787001300000,224.99,225.06,224.99,225.05,187.964
1787002200000,225.07,225.11,225.01,225.03,161.336
1787003100000,225.02,225.15,225.01,225.12,237.527
1787004000000,225.12,225.13,225.05,225.07,116.001
1787004900000,225.05,225.07,224.99,225.04,663.75
1787005800000,225.03,225.05,224.99,225.01,390.208
1787006700000,225.02,225.18,225.02,225.16,148.325
1787007600000,225.14,225.18,225.08,225.16,190.919
1787008500000,225.16,225.19,225.13,225.17,132.558
1787009400000,225.19,225.37,225.19,225.31,183.905
1787010300000,225.25,225.28,225.15,225.21,553.242
1787011200000,225.2,225.32,225.1,225.23,734.771
1787012100000,225.22,225.43,225.19,225.33,154.411
1787013000000,225.31,225.36,225.18,225.19,581.534
1787013900000,225.22,225.32,225.14,225.15,419.264
1787014800000,225.15,225.31,225.14,225.31,624.244
1787015700000,225.36,225.36,225.22,225.28,63.729
1787016600000,225.25,225.28,224.78,224.8,617.285
1787017500000,224.81,224.81,224.24,224.3,2588.546
1787018400000,224.3,224.39,224,224.01,4092.418
1787019300000,224.01,224.1,223.43,223.48,2303.884
1787020200000,223.46,223.71,223.17,223.17,925.785
1787021100000,223.16,223.22,222.85,223.11,2170.38
1787022000000,223.17,223.2,222.94,223.02,722.585
1787022900000,223.05,223.06,222.03,222.53,1977.033
1787023800000,222.48,222.94,222.3,222.88,4130.692
1787024700000,222.96,223.12,222.73,223.02,641.61
1787025600000,223.01,223.12,222.76,223.12,374.629
1787026500000,223.15,223.15,222.76,223.13,5871.087
1787027400000,223.13,223.13,222.79,223,625.561
1787028300000,223.02,223.17,222.98,223.14,831.029
1787029200000,223.1,223.1,222.76,222.84,291.187
1787030100000,222.8,222.86,222.62,222.64,286.716
1787031000000,222.64,222.68,222.34,222.47,597.542
1787031900000,222.46,222.53,222.14,222.16,673.102
1787032800000,222.12,222.36,221.74,222.23,3453.358
1787033700000,222.21,222.36,222.01,222.24,1372.593
1787034600000,222.22,222.42,222.22,222.42,983.383
1787035500000,222.4,222.66,222.33,222.61,606.903
1787036400000,222.6,222.76,222.49,222.61,779.598
1787037300000,222.63,222.67,222.33,222.33,963.099
1787038200000,222.35,222.37,221.99,222.01,2032.95
1787039100000,222.04,222.13,221.98,222.03,1446.547
1787040000000,222.04,222.13,220.68,220.98,4681.88
1787040900000,220.95,221.35,220.8,221.06,2502.665
1787041800000,221.1,221.23,220.95,221.14,854.572
1787042700000,221.18,221.18,220.49,220.58,1373.384
1787043600000,220.54,220.71,220.27,220.51,1846.461
1787044500000,220.46,220.47,219.87,219.94,2270.332
1787045400000,219.9,220,219.64,219.78,1411.481
1787046300000,219.74,220.33,219.67,220.3,1179.797
1787047200000,220.32,220.39,220.15,220.33,497.651
1787048100000,220.36,220.71,220.35,220.47,860.332
1787049000000,220.46,220.65,220.44,220.56,1382.338
1787049900000,220.54,220.86,220.53,220.83,568.359
1787050800000,220.86,221.04,220.57,220.89,1023.227
1787051700000,220.89,220.96,220.71,220.71,329.189
1787052600000,220.7,220.91,220.54,220.82,661.336
1787053500000,220.78,221.04,220.74,220.86,439.234
1787054400000,220.84,221.17,220.61,220.66,616.235
1787055300000,220.6,221.06,220.6,220.8,603.325
1787056200000,220.81,220.88,220.47,220.55,966.239
1787057100000,220.53,220.54,220.33,220.36,1597.272
1787058000000,220.36,220.44,220.09,220.16,3523.683
1787058900000,220.17,220.5,219.76,220.41,1557.445
1787059800000,220.37,221.58,219.5,220.38,17231.931
1787060700000,220.38,220.78,219.41,220.26,6667.105
1787061600000,220.24,220.75,218.88,219.05,23283.016
1787062500000,218.98,220.21,218.84,219.98,6255.13
1787063400000,219.94,220.47,219.43,219.45,4934.36
1787064300000,219.45,219.46,218.83,219.11,10095.479
1787065200000,219.1,219.6,218.79,219.49,18963.767
1787066100000,219.5,219.82,219.44,219.63,3810.503
1787067000000,219.6,219.93,219.44,219.76,2294.58
1787067900000,219.77,220.23,219.75,220.05,6902.371
1787068800000,220.08,220.38,220.02,220.02,8958.651
1787069700000,220.06,220.07,219.46,219.51,5145.981
1787070600000,219.53,220.05,219.4,219.84,3122.903
1787071500000,219.86,220.4,219.66,220.23,2718.188
1787072400000,220.2,220.31,219.88,220.1,854.713
1787073300000,220.06,220.36,219.95,220.33,1948.007
1787074200000,220.29,220.47,220.19,220.35,1587.383
1787075100000,220.39,220.48,219.94,219.95,971.285
1787076000000,219.98,220.03,219.31,219.64,3565.781
1787076900000,219.64,220.3,219.64,219.95,2010.33
1787077800000,219.99,220.25,219.91,219.99,2329.401
1787078700000,220.06,220.22,219.82,219.88,1159.192
1787079600000,219.84,219.94,219.7,219.74,635.87
1787080500000,219.72,219.73,219.18,219.38,2410.482
1787081400000,219.33,219.6,219.01,219.54,2294.242
1787082300000,219.52,219.97,219.21,219.72,6340.944
1787083200000,219.72,220.08,219.64,219.93,1338.78
1787084100000,219.94,219.97,219.79,219.81,1106.811
1787085000000,219.81,219.83,219.67,219.7,2083.752
1787085900000,219.7,219.7,219.52,219.63,304.346
1787086800000,219.62,219.63,219.5,219.51,376.035
1787087700000,219.51,219.55,219.39,219.45,603.103
1787088600000,219.46,219.58,219.46,219.52,542.685
1787089500000,219.52,219.52,219.42,219.44,455.031
1787090400000,219.42,219.52,219.42,219.48,575.321
1787091300000,219.47,219.69,219.45,219.51,318.712
1787092200000,219.48,219.51,219.28,219.33,115.089
1787093100000,219.27,219.27,218.96,218.96,561.451
1787094000000,218.98,219.23,218.98,219.14,293.553
1787094900000,219.15,219.19,219,219.07,684.076
1787095800000,219.09,219.23,218.98,219.22,1012.48
1787096700000,219.19,219.27,219.12,219.21,965.084
1787097600000,219.22,219.36,218.62,218.68,4592.26
1787098500000,218.67,218.94,218.43,218.94,973.771
1787099400000,218.94,219.27,218.94,219.26,247.909
1787100300000,219.25,219.47,219.16,219.19,266.42
1787101200000,219.1,219.81,219.07,219.78,457.841
1787102100000,219.79,220.01,219.66,219.85,684.228
1787103000000,219.89,219.91,219.57,219.7,274.069
1787103900000,219.69,219.74,219.6,219.68,300.776
1787104800000,219.68,219.69,219.26,219.35,1200.64
1787105700000,219.32,219.58,219.2,219.2,482.655
1787106600000,219.16,219.21,219.08,219.12,641.395
1787107500000,219.14,219.25,218.95,219.15,699.434
1787108400000,219.15,219.34,219.14,219.21,523.639
1787109300000,219.33,219.36,219.23,219.34,1140.131
1787110200000,219.3,219.56,219.3,219.38,183.222
1787111100000,219.36,219.43,219.2,219.24,342.065
1787112000000,219.2,219.2,219.04,219.13,106.144
1787112900000,219.12,219.14,218.94,219.07,138.725
1787113800000,219.06,219.08,218.76,218.91,807.455
1787114700000,218.96,219.03,218.77,219.03,175.737
1787115600000,219.09,219.29,218.71,218.81,558.321
1787116500000,218.81,219.1,218.69,219.1,105.078
1787117400000,219.12,219.12,218.83,218.89,180.447
1787118300000,218.92,218.94,218.67,218.75,922.225
1787119200000,218.74,218.77,218.56,218.56,838.235
1787120100000,218.56,218.95,218.56,218.69,2009.8
1787121000000,218.69,218.76,218.48,218.57,674.344
1787121900000,218.58,219.46,218.58,219.43,1036.655
1787122800000,219.3,219.4,219.14,219.4,1054.106
1787123700000,219.37,219.68,219.21,219.67,554.559
1787124600000,219.68,219.76,219.59,219.71,420.495
1787125500000,219.71,220.11,219.71,220.11,1412.755
1787126400000,220.08,221.08,219.88,221.07,3360.028
1787127300000,221.14,221.18,220.67,220.73,2026.011
1787128200000,220.73,220.86,220.43,220.81,462.364
1787129100000,220.79,220.95,220.54,220.54,383.918
1787130000000,220.51,220.77,220.39,220.39,689.314
1787130900000,220.4,220.52,220.22,220.23,582.466
1787131800000,220.23,220.56,220.19,220.24,1154.862
1787132700000,220.23,220.43,220.11,220.43,387.608
1787133600000,220.41,220.44,219.93,220.34,1155.788
1787134500000,220.25,220.45,220.19,220.44,255.707
1787135400000,220.41,220.74,220.38,220.7,395.943
1787136300000,220.7,220.78,220.18,220.19,514.38
1787137200000,220.19,220.59,220.07,220.19,483.846
1787138100000,220.16,220.29,220.07,220.12,183.294
1787139000000,220.11,220.11,219.54,219.66,895.464
1787139900000,219.63,219.87,219.53,219.81,466.34
1787140800000,219.81,220.55,219.66,220.55,599.928
1787141700000,220.59,220.69,220.2,220.2,1123.94
1787142600000,220.22,221,219.91,220.99,4110.889
1787143500000,220.98,221.33,220.79,221.24,2351.7
1787144400000,221.25,221.67,221.09,221.66,2020.499
1787145300000,221.67,222.09,221.06,221.75,3268.803
1787146200000,221.74,222.84,219.41,220,18669.214
1787147100000,220,220.44,218.01,218.75,5437.411
1787148000000,218.74,218.83,216.99,216.99,9037.375
1787148900000,217,218.06,216.88,218.06,6018.518
1787149800000,218.12,219.5,218.05,219.37,5812.3
1787150700000,219.4,219.86,219,219.84,2896.382
1787151600000,219.85,219.89,219.13,219.27,3122.939
1787152500000,219.2,219.62,218.94,219.17,4092.191
1787153400000,219.24,219.32,218.87,219.29,2260.777
1787154300000,219.32,219.42,218.73,219.3,1298.654
1787155200000,219.35,220.67,219.3,220.23,14882.405
1787156100000,220.23,220.35,219.35,219.38,9057.516
1787157000000,219.39,219.49,219.09,219.25,3110.14
1787157900000,219.27,219.38,218.83,218.94,1143.533
1787158800000,218.91,219.19,218.84,218.92,2882.506
1787159700000,218.95,219.23,218.74,218.92,3814.455
1787160600000,218.92,219.25,218.8,219.15,3916.536
1787161500000,219.14,219.38,218.99,219.04,1577.495
1787162400000,219.05,219.7,218.74,218.99,5997.965
1787163300000,219,219.08,218.65,219.08,1642.11
1787164200000,219.09,219.78,219.09,219.64,6228.908
1787165100000,219.59,219.73,219.4,219.46,1665.188
1787166000000,219.48,219.85,219.48,219.66,2054.466
1787166900000,219.64,219.94,219.55,219.55,2854.8
1787167800000,219.53,219.8,218.85,218.9,5938.664
1787168700000,218.91,218.91,217.13,217.6,7121.621
1787169600000,217.74,217.86,217.62,217.72,1663.346
1787170500000,217.71,217.85,217.64,217.85,876.705
1787171400000,217.85,217.95,217.85,217.87,497.915
1787172300000,217.87,218.1,217.84,218.05,898.936
1787173200000,218.08,218.35,218.04,218.3,1414.923
1787174100000,218.31,218.43,218.16,218.27,2536.132
1787175000000,218.26,218.33,218.18,218.28,5283.46
1787175900000,218.28,218.38,218.22,218.36,931.877
1787176800000,218.37,218.93,218.32,218.82,2445.695
1787177700000,218.8,218.81,218.76,218.78,3066.037
1787178600000,218.78,218.79,218.72,218.76,6193.668
1787179500000,218.75,218.78,218.65,218.78,1696.19
1787180400000,218.72,218.92,218.65,218.77,1200.183
1787181300000,218.78,218.88,218.77,218.81,290.592
1787182200000,218.8,219.01,218.76,218.98,319.126
1787183100000,218.98,218.98,218.87,218.87,877.798
1787184000000,218.83,218.83,218.47,218.8,2381.758
1787184900000,218.82,219.1,218.82,218.91,1163.169
1787185800000,218.91,219.07,218.73,218.96,393.406
1787186700000,218.97,219.23,218.89,219.17,1477.779
1787187600000,219.14,219.25,219,219.1,1141.366
1787188500000,219.13,219.26,219.05,219.08,249.649
1787189400000,219.06,219.32,219.02,219.28,562.392
1787190300000,219.27,219.33,219.11,219.2,298.468
1787191200000,219.21,219.48,219.18,219.22,528.487
1787192100000,219.22,219.23,218.82,218.84,320.906
1787193000000,218.84,219.07,218.71,219.02,496.62
1787193900000,219.03,219.04,218.81,218.95,176.266
1787194800000,218.97,219.24,218.95,219.06,192.458
1787195700000,219.02,219.14,219.01,219.03,146.144
1787196600000,219,219,218.85,219,87.165
1787197500000,219.02,219.1,218.94,218.97,665.877
1787198400000,218.97,219.31,218.93,219.24,741.14
1787199300000,219.22,219.22,219.03,219.03,179.569
1787200200000,219,219.09,218.87,219.08,1559.179
1787201100000,219.1,219.24,218.99,219.07,556.851
1787202000000,219.04,219.07,218.86,218.89,282.689
1787202900000,218.89,219.12,218.89,218.91,253.73
1787203800000,218.97,219.1,218.91,219,434.581
1787204700000,218.98,219.09,218.94,219.04,210.73
1787205600000,219.04,219.27,219.04,219.27,624.962
1787206500000,219.25,219.25,219,219.1,93.496
1787207400000,219.12,219.49,219.12,219.43,460.849
1787208300000,219.44,219.47,219.31,219.38,301.135
1787209200000,219.35,219.52,219.28,219.31,1966.443
1787210100000,219.33,219.36,219.07,219.09,992.746
1787211000000,219.06,219.17,218.98,219.07,1091.839
1787211900000,219.07,219.24,219.07,219.17,419.267
1787212800000,219.16,219.19,218.52,218.57,1956.303
1787213700000,218.57,218.65,218.27,218.33,884.546
1787214600000,218.29,218.44,218,218.31,3628.497
1787215500000,218.24,218.37,218,218.03,1601.014
1787216400000,218.03,218.56,217.99,218.4,1241.756
1787217300000,218.38,218.53,218.28,218.46,956.233
1787218200000,218.44,218.48,218.35,218.46,239.723
1787219100000,218.57,218.57,218.36,218.46,328.544
1787220000000,218.42,218.68,218.36,218.65,1002.144
1787220900000,218.65,218.69,218.54,218.57,336.189
1787221800000,218.57,218.71,218.45,218.46,768.304
1787222700000,218.55,218.78,218.53,218.63,577.918
1787223600000,218.74,218.82,218.32,218.42,1714.61
1787224500000,218.49,218.58,218.06,218.06,366.281
1787225400000,218.08,218.27,218.03,218.08,3748.041
1787226300000,218.05,218.13,217.28,217.37,8055.495
1787227200000,217.36,217.36,216.59,216.62,5494.073
1787228100000,216.61,217.06,216.42,216.91,1679.719
1787229000000,216.84,217.29,216.63,217.28,1219.46
1787229900000,217.35,217.85,217.29,217.82,1026.342
1787230800000,217.81,218.16,217.81,217.94,790.495
1787231700000,217.9,218.45,217.83,218.31,1927.844
1787232600000,218.4,219.76,217.24,219.14,11837.874
1787233500000,219.16,219.23,217.42,217.67,3129.648
1787234400000,217.74,218.01,217.11,217.85,2069.496
1787235300000,217.86,217.87,216.8,217.54,2012.538
1787236200000,217.46,218.88,217.36,218.8,1800.424
1787237100000,218.8,218.83,217.29,217.67,1990.171
1787238000000,217.7,218.23,217.26,217.52,3235.464
1787238900000,217.48,217.57,216.68,216.83,3059.322
1787239800000,216.84,216.92,215.96,215.96,1649.362
1787240700000,215.96,216.3,215.67,216.26,2069.272
1787241600000,216.28,216.74,216.26,216.43,1314.038
1787242500000,216.45,216.92,216.31,216.86,2133.258
1787243400000,216.87,217.02,216.62,216.9,658.682
1787244300000,216.9,217.91,216.79,217.78,1836.659
1787245200000,217.75,217.91,216.84,216.89,2049.183
1787246100000,216.86,216.91,216.25,216.32,2083.723
1787247000000,216.32,216.45,216.22,216.44,1520.332
1787247900000,216.44,216.99,216.44,216.8,547.536
1787248800000,216.8,216.84,216.48,216.59,614.204
1787249700000,216.61,216.9,216.37,216.88,196.786
1787250600000,216.87,216.94,216.5,216.61,357.618
1787251500000,216.62,216.78,216.52,216.65,856.409
1787252400000,216.62,217.07,216.59,216.89,954.089
1787253300000,216.88,217.39,216.8,217.38,1600.234
1787254200000,217.33,217.34,216.82,216.93,891.045
1787255100000,216.8,217.11,216.42,216.9,2703.683
1787256000000,216.95,217.07,216.69,216.84,1548.825
1787256900000,216.85,216.98,216.75,216.92,435.946
1787257800000,216.9,217.05,216.9,217.02,663.168
1787258700000,216.98,217.04,216.98,217.04,245.208
1787259600000,217.03,217.1,216.99,217.06,464.042
1787260500000,217.06,217.06,217,217.02,159.502
1787261400000,217.05,217.1,217.03,217.04,564.379
1787262300000,217.04,217.14,217.03,217.13,508.016
1787263200000,217.13,217.21,216.94,216.97,744.576
1787264100000,216.98,217.1,216.98,217.01,353.475
1787265000000,217.02,217.1,217,217.09,298.236
1787265900000,217.09,217.19,217.07,217.17,2033.093
1787266800000,217.17,217.18,217.13,217.14,163.524
1787267700000,217.15,217.23,217.11,217.14,700.452
1787268600000,217.13,217.19,217.02,217.12,469.389
1787269500000,217.11,217.11,217.01,217.04,595.563
1787270400000,217.03,217.3,216.67,217.3,2835.486
1787271300000,217.29,217.29,217.06,217.1,243.309
1787272200000,217.08,217.34,217.06,217.31,2126.348
1787273100000,217.29,217.58,217.28,217.36,1557.928
1787274000000,217.31,217.34,217,217.29,1536.522
1787274900000,217.23,217.5,217.16,217.36,936.292
1787275800000,217.29,217.64,217.29,217.64,3713.576
1787276700000,217.62,217.72,217.49,217.55,2418.634
1787277600000,217.55,217.69,217.5,217.69,681.352
1787278500000,217.68,217.9,217.6,217.85,281.131
1787279400000,217.89,218,217.87,217.98,1987.367
1787280300000,217.96,218.07,217.92,217.92,1305.8
1787281200000,217.92,217.92,217.73,217.8,305.914
1787282100000,217.79,217.91,217.79,217.84,1346.897
1787283000000,217.85,217.93,217.8,217.8,412.741
1787283900000,217.78,217.84,217.69,217.74,551.719
1787284800000,217.78,217.91,217.74,217.91,1171.055
1787285700000,217.92,217.95,217.59,217.61,3621.738
1787286600000,217.6,217.63,217.44,217.63,955.279
1787287500000,217.62,217.78,217.62,217.65,345.075
1787288400000,217.65,217.76,217.6,217.74,91.746
1787289300000,217.72,217.76,217.63,217.69,145.05
1787290200000,217.66,217.79,217.61,217.61,238.981
1787291100000,217.61,217.74,217.5,217.7,430.084
1787292000000,217.7,217.74,217.6,217.74,378.824
1787292900000,217.74,217.77,217.67,217.76,294.703
1787293800000,217.77,217.89,217.73,217.73,294.655
1787294700000,217.71,217.82,217.71,217.82,210.176
1787295600000,217.84,218,217.76,217.95,436.513
1787296500000,217.97,218.1,217.95,217.98,1466.736
1787297400000,217.97,218.21,217.96,218.12,1322.633
1787298300000,218.13,218.21,218.09,218.11,480.494
1787299200000,218.12,218.29,217.65,217.8,1646.374
1787300100000,217.82,218.03,217.71,218.03,1091.129
1787301000000,218,218.28,218,218.26,359.973
1787301900000,218.23,218.41,218.21,218.31,926.725
1787302800000,218.29,218.3,212.84,215.5,476547.837
1787303700000,215.49,216.36,215.34,216.32,16650.414
1787304600000,216.3,216.62,216.23,216.57,9087.946
1787305500000,216.58,217.16,216.55,217.16,8188.911
1787306400000,217.16,217.36,217.04,217.34,10634.288
1787307300000,217.34,217.41,217.13,217.41,6339.685
1787308200000,217.39,217.47,217.22,217.35,6080.155
1787309100000,217.37,217.52,217.31,217.47,1921.038
1787310000000,217.46,217.75,217.23,217.63,3396.842
1787310900000,217.63,218.22,217.62,218.12,3842.227
1787311800000,218.13,218.52,218.09,218.38,6120.785
1787312700000,218.38,218.38,217.97,218,2475.225
1787313600000,218.03,218.16,217.73,218.01,3155.135
1787314500000,217.99,218.09,217.7,218.04,5579.418
1787315400000,218.05,218.12,217.66,218.03,3568.673
1787316300000,218.06,218.11,217.78,217.79,930.915
1787317200000,217.78,217.78,217.38,217.39,1290.267
1787318100000,217.38,218.53,216.8,218.37,10328.408
1787319000000,218.27,218.62,216.72,216.83,24812.572
1787319900000,216.82,217.25,215.88,216.49,16216.412
1787320800000,216.47,216.63,215.24,215.39,10174.789
1787321700000,215.36,215.53,214.57,214.6,8029.055
1787322600000,214.61,215.2,214.49,214.85,14842.712
1787323500000,214.85,215.08,214.61,214.8,7278.234
1787324400000,214.83,215.67,214.82,215.63,3390.374
1787325300000,215.65,215.92,215.38,215.82,3229.23
1787326200000,215.78,216.95,215.73,216.7,7066.63
1787327100000,216.69,216.78,215.9,216.17,7617.825
1787328000000,216.16,216.32,215.69,215.7,6393.847
1787328900000,215.67,215.86,215.43,215.69,4128.436
1787329800000,215.66,215.8,215.48,215.79,2099.551
1787330700000,215.78,215.78,215.03,215.26,2459.787
1787331600000,215.24,215.61,215.19,215.33,8161.467
1787332500000,215.38,215.38,214.62,215.06,2679.869
1787333400000,215.07,215.54,214.91,215.54,3134.09
1787334300000,215.58,215.84,215.56,215.83,4310.141
1787335200000,215.75,216.08,215.62,215.72,2677.448
1787336100000,215.77,215.95,215.34,215.36,2284.421
1787337000000,215.37,215.37,215.02,215.03,1769.353
1787337900000,215.02,215.35,215.01,215.31,3314.617
1787338800000,215.31,215.43,214.91,214.96,2711.589
1787339700000,214.9,215.17,214.74,214.87,2168.019
1787340600000,214.92,215.33,214.89,215.3,2816.653
1787341500000,215.39,215.46,214.57,214.71,6930.278
1787342400000,214.72,214.93,214.69,214.93,1774.396
1787343300000,214.95,215.12,214.9,215.06,1945.04
1787344200000,215.07,215.12,214.99,215.02,366.293
1787345100000,215.04,215.08,215,215.05,486.878
1787346000000,215.05,215.07,215,215.04,569.079
1787346900000,215.03,215.07,215,215,231.274
1787347800000,215.03,215.03,214.95,215.03,927.715
1787348700000,215.06,215.17,215.06,215.11,588.143
1787349600000,215.16,215.26,215.08,215.22,1249.667
1787350500000,215.21,215.32,215.16,215.22,2020.968
1787351400000,215.2,215.24,215.18,215.2,125.516
1787352300000,215.2,215.32,215.2,215.27,83.97
1787353200000,215.28,215.31,215.26,215.31,96.682
1787354100000,215.33,215.34,215.23,215.32,706.374
1787355000000,215.35,215.36,215.3,215.32,90.478
1787355900000,215.32,215.33,215.24,215.33,152.38
1787356800000,215.33,215.34,215.19,215.22,154.935
1787357700000,215.2,215.3,215.15,215.19,248.273
1787358600000,215.18,215.27,215.17,215.25,22.63
1787359500000,215.24,215.28,215.1,215.28,201.956
1787360400000,215.27,215.27,215.09,215.2,243.619
1787361300000,215.21,215.34,215.21,215.29,245.263
1787362200000,215.28,215.47,215.26,215.41,433.521
1787363100000,215.41,215.44,215.28,215.29,108.24
1787364000000,215.36,215.53,215.33,215.51,228.431
1787364900000,215.51,215.52,215.36,215.39,274.385
1787365800000,215.38,215.58,215.32,215.58,138.563
1787366700000,215.56,215.7,215.54,215.68,953.614
1787367600000,215.68,215.79,215.6,215.79,329.471
1787368500000,215.79,215.8,215.71,215.74,214.27
1787369400000,215.74,215.87,215.73,215.79,38.045
1787370300000,215.81,215.87,215.69,215.74,437.702
1787371200000,215.72,215.75,215.57,215.59,1293.429
1787372100000,215.57,215.63,215.48,215.48,807.786
1787373000000,215.51,215.54,215.39,215.4,461.038
1787373900000,215.44,215.49,215.33,215.35,712.224
1787374800000,215.35,215.39,214.93,215.13,3692.302
1787375700000,215.15,215.32,215,215.23,1679.654
1787376600000,215.21,215.21,215.02,215.09,463.052
1787377500000,215.11,215.21,215.09,215.2,146.456
1787378400000,215.2,215.21,215.1,215.1,167.34
1787379300000,215.12,215.21,215.08,215.2,141.989
1787380200000,215.19,215.38,215.04,215.38,87.172
1787381100000,215.34,215.34,215.22,215.23,138.527
1787382000000,215.24,215.34,215.21,215.25,35.738
1787382900000,215.22,215.32,215.21,215.31,33.567
1787383800000,215.32,215.37,215.3,215.31,62.281
1787384700000,215.31,215.33,215.2,215.29,176.246
1787385600000,215.28,215.33,215.28,215.32,52.547
1787386500000,215.34,215.34,215.25,215.27,33.474
1787387400000,215.26,215.28,215.08,215.26,80.941
1787388300000,215.28,215.34,215.27,215.31,8.951
1787389200000,215.31,215.31,215.2,215.21,19.555
1787390100000,215.22,215.3,215.11,215.29,33.839
1787391000000,215.17,215.22,215.05,215.1,62.353
1787391900000,215.11,215.26,215.03,215.03,70.736
1787392800000,215.08,215.11,215,215.02,135.329
1787393700000,215.02,215.05,214.93,215.02,200.525
1787394600000,215,215.28,214.94,215.17,158.228
1787395500000,215.15,215.2,215.09,215.16,483.676
1787396400000,215.14,215.3,215.14,215.27,246.618
1787397300000,215.27,215.3,215.13,215.18,100.928
1787398200000,215.2,215.25,215.18,215.25,197.315
1787399100000,215.25,215.32,215.22,215.32,221.533
1787400000000,215.33,215.46,215.3,215.46,102.93
1787400900000,215.46,215.64,215.46,215.61,197.666
1787401800000,215.62,215.64,215.53,215.58,383.258
1787402700000,215.53,215.58,215.5,215.52,709.019
1787403600000,215.52,215.55,215.46,215.52,106.042
1787404500000,215.55,215.55,215.44,215.44,78.059
1787405400000,215.45,215.51,215.43,215.46,336.357
1787406300000,215.47,215.58,215.47,215.53,269.834
1787407200000,215.49,215.54,215.4,215.4,292.188
1787408100000,215.4,215.55,215.34,215.55,45.792
1787409000000,215.51,215.51,215.41,215.42,315.49
1787409900000,215.45,215.51,215.38,215.51,113.947
1787410800000,215.5,215.51,215.36,215.44,80.902
1787411700000,215.41,215.45,215.28,215.28,192.8
1787412600000,215.29,215.3,215.28,215.29,665.58
1787413500000,215.29,215.3,215.17,215.19,793.151
1787414400000,215.19,215.3,215.15,215.26,883.036
1787415300000,215.3,215.3,215.25,215.29,140.45
1787416200000,215.28,215.38,215.25,215.38,408.375
1787417100000,215.41,215.43,215.35,215.4,126.347
1787418000000,215.38,215.43,215.32,215.42,184.162
1787418900000,215.42,215.48,215.41,215.41,77.791
1787419800000,215.41,215.41,215.36,215.41,161.269
1787420700000,215.41,215.48,215.39,215.44,125.342
1787421600000,215.44,215.46,215.41,215.45,137.518
1787422500000,215.43,215.45,215.39,215.41,32.061
1787423400000,215.43,215.64,215.43,215.64,1131.512
1787424300000,215.63,215.99,215.11,215.69,6924.105
1787425200000,215.65,215.87,215.64,215.78,1148.343
1787426100000,215.77,215.82,215.74,215.8,986.631
1787427000000,215.8,216.07,215.79,216.03,2105.481
1787427900000,216.03,216.16,215.99,216.08,1172.327
1787428800000,216.08,216.16,215.97,216.08,1315.857
1787429700000,216.04,216.04,215.9,215.95,762.821
1787430600000,215.95,216.06,215.94,215.99,799.158
1787431500000,215.99,216,215.76,215.77,311.921
1787432400000,215.77,215.87,215.74,215.84,174.983
1787433300000,215.84,216.04,215.84,215.93,415.634
1787434200000,215.94,215.94,215.87,215.87,32.135
1787435100000,215.95,216.02,215.95,216.02,31.312
1787436000000,216.02,216.31,215.89,216.15,1182.997
1787436900000,216.14,216.14,216,216.04,133.984
1787437800000,216.03,216.1,215.96,216.07,196.453
1787438700000,216.07,216.11,216.03,216.04,282.583
1787439600000,216.03,216.03,215.84,215.85,863.664
1787440500000,215.85,215.9,215.75,215.9,607.296
1787441400000,215.9,216.09,215.9,216,354.353
1787442300000,216,216.26,215.95,216.13,1237.032
1787443200000,216.13,216.19,216.04,216.12,391.438
1787444100000,216.13,216.2,216.05,216.16,137.141
1787445000000,216.18,216.32,216.11,216.29,571.179
1787445900000,216.24,216.26,216.13,216.22,79.023
1787446800000,216.2,216.29,216.18,216.25,63.069
1787447700000,216.25,216.41,216.24,216.35,463.784
1787448600000,216.3,216.35,216.22,216.32,354.303
1787449500000,216.32,217.11,216.32,216.51,6392.533
1787450400000,216.49,216.52,216.4,216.4,766.656
1787451300000,216.4,216.54,216.4,216.49,727.191
1787452200000,216.49,216.53,216.36,216.49,172.513
1787453100000,216.47,216.6,216.47,216.6,165.89
1787454000000,216.57,216.61,216.49,216.61,235.57
1787454900000,216.61,216.73,216.61,216.72,609.55
1787455800000,216.73,216.79,216.67,216.72,1567.534
1787456700000,216.71,216.76,216.57,216.73,472.694
1787457600000,216.73,216.81,216.6,216.76,487.28
1787458500000,216.76,216.93,216.67,216.93,339.449
1787459400000,216.89,217.02,216.86,216.95,134.046
1787460300000,216.98,216.98,216.75,216.91,127.152
1787461200000,216.91,217.02,216.76,216.96,871.723
1787462100000,216.94,217.06,216.79,216.96,184.916
1787463000000,216.95,217.02,216.9,217.02,303.201
1787463900000,217.02,217.04,216.71,216.81,1006.002
1787464800000,216.77,216.78,216.64,216.7,212.34
1787465700000,216.71,216.91,216.64,216.88,258.8
1787466600000,216.89,217.03,216.85,216.87,163.908
1787467500000,216.87,217,216.85,216.94,102.805
1787468400000,216.93,217.06,216.92,217.05,444.484
1787469300000,217.05,217.23,216.82,216.89,2219.523
1787470200000,216.93,217.03,216.82,216.84,668.238
1787471100000,216.81,216.92,216.79,216.88,111.015
1787472000000,216.9,217.25,216.9,217.12,1062.516
1787472900000,217.13,217.2,217.09,217.1,42.606
1787473800000,217.1,217.35,217.1,217.31,636.683
1787474700000,217.31,217.34,217.22,217.26,198.221
1787475600000,217.26,217.27,217.18,217.24,435.782
1787476500000,217.24,217.28,217.17,217.22,109.346
1787477400000,217.25,217.31,217.21,217.24,64.645
1787478300000,217.26,217.34,217.06,217.18,877.467
1787479200000,217.18,217.27,217.13,217.23,354.368
1787480100000,217.23,217.29,217.23,217.28,22.592
1787481000000,217.3,217.3,217.24,217.24,9.739
1787481900000,217.26,217.33,217.25,217.27,36.141
1787482800000,217.28,217.42,217.28,217.34,134.78
1787483700000,217.34,217.35,217.23,217.33,67.29
1787484600000,217.33,217.49,217.33,217.48,357.261
1787485500000,217.49,217.58,217.31,217.5,1001.276
1787486400000,217.49,217.56,217.49,217.56,453.493
1787487300000,217.58,218.12,217.57,218.12,1955.044
1787488200000,218.09,218.27,217.94,218.03,365.675
1787489100000,218.03,218.26,218.02,218.21,618.922
1787490000000,218.21,218.23,217.94,217.94,1269.634
1787490900000,217.94,218.21,217.94,218.09,1177.865
1787491800000,218.09,218.13,217.98,218.11,688.502
1787492700000,218.1,218.44,218.04,218.3,584.963
1787493600000,218.31,218.62,218.18,218.58,1128.846
1787494500000,218.6,218.68,218.53,218.64,490.089
1787495400000,218.66,218.92,218.4,218.58,1365.243
1787496300000,218.59,218.87,218.53,218.64,598.275
1787497200000,218.64,218.68,218.38,218.44,1680.877
1787498100000,218.44,218.44,218.19,218.33,636.214
1787499000000,218.33,218.44,218.3,218.41,208.279
1787499900000,218.41,218.57,218.29,218.51,1273.387
1787500800000,218.49,218.62,218.4,218.6,362.681
1787501700000,218.57,218.69,218.36,218.58,417.62
1787502600000,218.58,218.7,218.56,218.69,400.948
1787503500000,218.69,218.75,218.67,218.72,175.821
1787504400000,218.73,218.77,218.67,218.74,141.533
1787505300000,218.73,218.89,218.7,218.78,366.228
1787506200000,218.79,218.91,218.69,218.87,732.975
1787507100000,218.87,218.92,218.76,218.91,550.297
1787508000000,218.92,219.21,218.89,219.07,1903.998
1787508900000,219.1,219.23,218.99,219.14,594.016
1787509800000,219.14,219.44,219.14,219.43,786.744
1787510700000,219.44,219.44,218.95,219.04,1185.734
1787511600000,219.04,219.05,218.8,218.81,710.353
1787512500000,218.81,218.97,218.8,218.97,1186.79
1787513400000,218.97,219.54,218.95,219.54,3794.825
1787514300000,219.54,219.64,219.41,219.53,1712.736
1787515200000,219.53,219.58,219.43,219.58,992.495
1787516100000,219.58,219.58,219.16,219.28,1290.42
1787517000000,219.24,219.25,219.15,219.23,204.175
1787517900000,219.24,219.48,219.19,219.34,853.836
1787518800000,219.35,219.56,219.28,219.52,434.125
1787519700000,219.51,219.52,219.28,219.4,604.114
1787520600000,219.4,219.53,219.26,219.37,885.973
1787521500000,219.38,219.4,219,219.01,1389.343
1787522400000,219.01,219.17,218.2,218.24,6080.035
1787523300000,218.22,218.51,218.2,218.5,1340.051
1787524200000,218.5,218.6,218.01,218.33,2461.57
1787525100000,218.33,218.66,218.33,218.54,2217.017
1787526000000,218.53,218.62,218.45,218.51,557.959
1787526900000,218.53,218.75,218.47,218.73,922.816
1787527800000,218.73,218.93,218.68,218.84,913.157
1787528700000,218.85,218.99,217.82,218.42,4825.116
1787529600000,218.42,218.42,216.7,216.83,34247.612
1787530500000,216.85,216.86,216.22,216.34,5924.339
1787531400000,216.32,216.65,216.25,216.56,3178.591
1787532300000,216.49,216.83,216.47,216.83,2869.874
1787533200000,216.83,217,216.61,216.99,1189.823
1787534100000,216.98,217.12,216.92,217.02,2582.23
1787535000000,217.03,217.03,216.68,216.78,502.919
1787535900000,216.73,216.78,216.54,216.54,641.749
1787536800000,216.55,216.57,216.16,216.57,1601.126
1787537700000,216.56,216.73,216.44,216.61,1735.994
1787538600000,216.63,216.71,216.6,216.63,341.626
1787539500000,216.65,216.68,216.41,216.59,1428.275
1787540400000,216.61,216.65,216.22,216.23,642.446
1787541300000,216.25,216.25,215.87,216,955.011
1787542200000,215.97,216.17,215.87,215.9,547.934
1787543100000,215.85,216.07,215.78,215.89,293.287
1787544000000,215.92,216.29,215.89,216.29,1859.589
1787544900000,216.33,216.37,216.16,216.24,449.606
1787545800000,216.24,216.38,216.18,216.38,368.951
1787546700000,216.37,216.43,216.18,216.22,1424.129
1787547600000,216.13,216.36,216.06,216.36,958.844
1787548500000,216.33,216.33,215.57,215.61,1468.245
1787549400000,215.62,215.85,215.48,215.63,1777.184
1787550300000,215.61,215.66,215.38,215.43,837.719
1787551200000,215.41,215.5,214.97,215.02,1360.663
1787552100000,215.02,215.32,214.83,215.2,816.744
1787553000000,215.22,215.35,214.94,214.99,4047.986
1787553900000,215.01,215.31,214.94,215.15,1530.054
1787554800000,215.16,215.51,215.09,215.39,829.847
1787555700000,215.38,215.54,215.28,215.45,1008.124
1787556600000,215.4,215.57,215.1,215.11,675.508
1787557500000,215.11,215.28,214.87,214.92,671.494
1787558400000,214.92,215.49,214.39,215.3,11557.669
1787559300000,215.29,215.33,214.66,214.95,3425.045
1787560200000,214.95,215.31,214.81,215.05,2926.743
1787561100000,215.05,215.14,214.85,214.99,508.693
1787562000000,214.99,215.16,214.74,215.06,2972.86
1787562900000,215.06,215.07,214.82,214.86,706.928
1787563800000,214.86,215.17,214.86,215.16,374.731
1787564700000,215.13,215.27,214.99,215.07,733.627
1787565600000,215.11,215.42,214.86,215.01,1463.477
1787566500000,214.98,215.1,214.85,214.93,1194.306
1787567400000,214.94,215.24,214.67,214.73,918.196
1787568300000,214.73,214.73,214.35,214.49,852.248
1787569200000,214.49,214.52,212.93,213.32,7999.491
1787570100000,213.33,214.19,213.32,214.09,4104.065
1787571000000,214.07,214.92,214.07,214.65,3557.884
1787571900000,214.61,214.65,214.31,214.58,1527.528
1787572800000,214.57,214.62,214.27,214.34,910.439
1787573700000,214.31,214.75,214.29,214.71,1063.29
1787574600000,214.77,215.08,214.35,214.84,1618.704
1787575500000,214.85,215.57,214.84,215.29,1823.954
1787576400000,215.29,215.43,214.97,215.27,3070.653
1787577300000,215.24,215.87,215.16,215.5,3862.543
1787578200000,215.57,215.57,209.72,209.92,42519.987
1787579100000,209.94,210.23,209.04,209.64,25691.611
1787580000000,209.64,210.07,208.89,209.21,16571.32
1787580900000,209.22,209.73,208.64,209.36,23509.875
1787581800000,209.35,210.31,209.32,209.86,17615.455
1787582700000,209.86,210.11,209.52,209.7,17078.204
1787583600000,209.7,210.22,208.99,209.17,27265.514
1787584500000,209.18,209.96,208.88,209.88,14098.985
1787585400000,209.88,210.39,209.66,210.24,8469.386
1787586300000,210.24,210.8,210.03,210.28,13288.477
1787587200000,210.27,210.56,210.1,210.47,7660.385
1787588100000,210.47,211.07,210.44,210.75,8332.773
1787589000000,210.77,210.81,210.19,210.36,10807.635
1787589900000,210.34,210.34,209.69,209.78,6013.139
1787590800000,209.76,210.27,209.72,210.12,4311.28
1787591700000,210.13,210.13,209.24,209.31,5595.781
1787592600000,209.28,209.68,209.26,209.59,1208.084
1787593500000,209.57,209.66,209.55,209.62,917.814
1787594400000,209.61,209.9,209.61,209.86,1136.977
1787595300000,209.89,210.39,209.75,210.39,2609.342
1787596200000,210.4,210.45,209.83,209.87,6119.634
1787597100000,209.87,209.88,209.31,209.39,2434.989
1787598000000,209.38,209.63,209.21,209.61,1244.745
1787598900000,209.54,209.6,209.3,209.45,3846.624
1787599800000,209.47,209.52,208.51,208.63,5629.487
1787600700000,208.65,208.67,207.74,208.47,13676.221
1787601600000,208.51,208.66,208.3,208.46,4262.193
1787602500000,208.44,208.5,208.21,208.32,2746.081
1787603400000,208.33,208.66,208.23,208.56,875.803
1787604300000,208.55,208.72,208.44,208.7,895.711
1787605200000,208.7,208.75,208.6,208.67,1192.548
1787606100000,208.69,208.79,208.68,208.78,763.813
1787607000000,208.77,208.94,208.72,208.94,639.18
1787607900000,208.94,208.96,208.82,208.87,313.536
1787608800000,208.87,208.96,208.71,208.77,420.904
1787609700000,208.77,208.78,208.67,208.73,193.426
1787610600000,208.74,208.83,208.72,208.82,385.85
1787611500000,208.82,208.84,208.76,208.8,259.815
1787612400000,208.81,208.99,208.8,208.99,505.94
1787613300000,208.98,209.05,208.88,208.9,1063.285
1787614200000,208.87,208.87,208.69,208.76,775.634
1787615100000,208.75,208.85,208.69,208.85,422.163
1787616000000,208.88,209.05,208.55,208.6,2455.834
1787616900000,208.5,208.73,208,208.69,2084.289
1787617800000,208.67,209.04,208.62,209.04,996.306
1787618700000,209.03,209.14,208.9,209.13,887.465
1787619600000,209.1,209.21,209.01,209.09,1028.579
1787620500000,209.09,209.16,208.86,209.04,536.363
1787621400000,209.06,209.33,209.06,209.14,959.169
1787622300000,209.21,209.39,209.21,209.24,295.431
1787623200000,209.23,209.4,209.18,209.33,574.496
1787624100000,209.33,209.52,209.26,209.42,894.55
1787625000000,209.43,209.5,209.25,209.27,1297.891
1787625900000,209.27,209.34,209.21,209.23,446.84
1787626800000,209.22,209.37,209.2,209.36,588.373
1787627700000,209.35,209.58,209.34,209.56,346.449
1787628600000,209.56,209.66,209.52,209.55,668.608
1787629500000,209.54,209.56,209.41,209.56,414.03
1787630400000,209.56,209.83,209.56,209.81,540.419
1787631300000,209.83,210.07,209.76,210.05,2072.747
1787632200000,210.08,210.11,209.88,210.07,1470.589
1787633100000,210.05,210.09,209.86,210.08,936.248
1787634000000,210.08,210.18,210.02,210.06,849.062
1787634900000,210.07,210.26,210.05,210.23,1182.09
1787635800000,210.23,210.43,210.23,210.33,873.063
1787636700000,210.33,210.61,210.29,210.52,1184.967
1787637600000,210.54,210.67,210.47,210.48,889.195
1787638500000,210.48,210.94,210.46,210.83,1494.421
1787639400000,210.84,210.89,210.55,210.74,3188.91
1787640300000,210.74,210.75,210.46,210.67,1918.918
1787641200000,210.67,210.78,210.6,210.67,841.318
1787642100000,210.67,210.74,210.3,210.48,515.49
1787643000000,210.48,210.58,210.35,210.5,1012.143
1787643900000,210.5,210.56,210.36,210.41,497.58
1787644800000,210.4,210.66,210.13,210.26,1507.341
1787645700000,210.25,211.05,210.25,210.88,3695.266
1787646600000,210.87,210.95,210.73,210.93,2151.061
1787647500000,210.94,211.12,210.92,211.01,1361.423
1787648400000,211.01,211.57,210.94,211.44,3579.948
1787649300000,211.44,211.62,210.96,211.07,1262.534
1787650200000,211.08,211.28,210.9,211.19,1469.002
1787651100000,211.2,211.55,211.17,211.46,1110.101
1787652000000,211.45,211.53,211.24,211.38,1983.137
1787652900000,211.42,211.42,211.26,211.31,1877.136
1787653800000,211.32,211.46,211.06,211.13,746.806
1787654700000,211.11,211.2,210.87,210.94,5246.755
1787655600000,210.92,210.92,210.14,210.38,4377.905
1787656500000,210.42,210.74,210.3,210.69,755.568
1787657400000,210.7,210.98,210.63,210.67,2489.112
1787658300000,210.68,211.06,210.64,211.01,698.265
1787659200000,211,211.33,210.77,211.33,1037.351
1787660100000,211.33,211.44,211.15,211.33,486.63
1787661000000,211.38,211.4,211.03,211.25,2789.573
1787661900000,211.28,211.28,211.12,211.21,1003.011
1787662800000,211.19,211.35,211.04,211.28,4616.306
1787663700000,211.26,211.54,211.12,211.18,2208.366
1787664600000,211.15,212.78,210.33,212.73,22482.145
1787665500000,212.68,214.71,212.68,213.46,36436.822
1787666400000,213.57,213.9,212.84,213.46,13118.878
1787667300000,213.47,213.93,211.93,211.93,14726.973
1787668200000,211.94,212.03,211.16,211.51,10750.898
1787669100000,211.48,211.95,211.08,211.16,5755.989
1787670000000,211.13,211.24,210.3,210.46,5386.348
1787670900000,210.45,211.3,210.3,211.28,3108.723
1787671800000,211.25,211.39,211.04,211.36,3133.525
1787672700000,211.36,211.87,210.98,211.69,1928.575
1787673600000,211.72,211.95,211.51,211.88,5121.513
1787674500000,211.92,212.33,211.92,212.29,2911.584
1787675400000,212.27,212.54,212.05,212.29,2828.804
1787676300000,212.32,212.63,212.09,212.2,2668.454
1787677200000,212.22,212.37,211.76,212,2711.874
1787678100000,211.98,212.47,211.95,212.27,1646.553
1787679000000,212.32,212.52,212.28,212.37,848.89
1787679900000,212.35,212.57,212.24,212.45,1430.556
1787680800000,212.45,212.46,212.03,212.03,1197.388
1787681700000,212.06,212.39,211.95,212.37,1177.616
1787682600000,212.37,212.95,212.37,212.85,2124.779
1787683500000,212.84,213.3,212.84,213.22,1779.662
1787684400000,213.21,213.44,212.29,212.3,1972.753
1787685300000,212.31,212.39,211.82,212.11,1817.987
1787686200000,212.14,212.76,211.95,212.47,933.198
1787687100000,212.53,213.3,212.39,213.11,16230.69
1787688000000,213.13,213.43,213.11,213.35,2319.359
1787688900000,213.36,213.95,213.33,213.84,1609.338
1787689800000,213.83,213.91,213.45,213.45,1712.324
1787690700000,213.45,213.66,213.36,213.63,1877.971
1787691600000,213.65,213.69,213.47,213.61,1520.429
1787692500000,213.64,213.97,213.63,213.92,762.886
1787693400000,213.93,213.99,213.84,213.98,890.44
1787694300000,213.98,214.07,213.91,214.06,695.348
1787695200000,214.06,214.4,214,214.3,985.322
1787696100000,214.3,214.3,214.05,214.17,1470.377
1787697000000,214.16,214.26,214.07,214.13,575.666
1787697900000,214.15,214.28,214.14,214.2,328.32
1787698800000,214.22,214.28,214.05,214.06,1389.243
1787699700000,214.08,214.14,213.86,213.94,505.349
1787700600000,213.94,213.98,213.74,213.79,1641.753
1787701500000,213.78,213.81,213.53,213.69,1713.312
1787702400000,213.65,213.87,213.49,213.53,2430.485
1787703300000,213.54,213.85,213.36,213.37,1112.858
1787704200000,213.39,213.44,212.59,212.93,21249.817
1787705100000,212.87,213.07,212.76,212.79,1472.292
1787706000000,212.79,213.21,212.78,213.04,4755.042
1787706900000,213.06,213.21,212.75,212.9,2596.54
1787707800000,212.9,213.01,212.81,212.88,1032.456
1787708700000,212.87,213.25,212.8,213.23,1157.516
1787709600000,213.24,213.27,213.05,213.24,744.499
1787710500000,213.27,213.74,213.27,213.69,993.581
1787711400000,213.68,213.85,213.53,213.85,1302.791
1787712300000,213.86,214.09,213.75,213.81,1803.784
1787713200000,213.83,214.01,213.78,214.01,466.022
1787714100000,214.01,214.05,213.85,213.85,527.743
1787715000000,213.8,214.16,213.78,214.07,1653.096
1787715900000,214.07,214.34,214.07,214.25,499.526
1787716800000,214.25,214.4,214.05,214.23,860.645
1787717700000,214.23,214.24,214.08,214.19,662.391
1787718600000,214.18,214.24,213.81,213.87,488.329
1787719500000,213.85,213.86,213.64,213.83,1001.895
1787720400000,213.84,214.05,213.79,213.93,894.133
1787721300000,213.92,214.03,213.78,214.01,1033.857
1787722200000,214.02,214.17,213.91,214.05,399.528
1787723100000,214.06,214.06,213.73,213.95,590.46
1787724000000,213.93,214.01,213.72,213.74,483.061
1787724900000,213.75,213.83,213.58,213.71,2109.624
1787725800000,213.7,213.82,213.52,213.8,709.8
1787726700000,213.82,214.04,213.77,213.93,676.939
1787727600000,213.91,213.92,213.48,213.6,1498.601
1787728500000,213.61,213.64,213.41,213.49,502.077
1787729400000,213.49,213.69,213.4,213.62,482.602
1787730300000,213.62,213.77,213.52,213.61,781.54
1787731200000,213.7,214.1,213.42,213.69,1120.656
1787732100000,213.69,213.78,213.36,213.78,1597.114
1787733000000,213.75,213.83,213.67,213.77,327.857
1787733900000,213.75,213.76,213.52,213.68,1558.606
1787734800000,213.69,213.76,213.61,213.76,889.913
1787735700000,213.72,213.77,213.46,213.6,643.103
1787736600000,213.59,213.76,213.58,213.72,384.096
1787737500000,213.7,213.88,213.66,213.85,1441.182
1787738400000,213.82,213.82,213.66,213.69,872.215
1787739300000,213.69,213.8,213.68,213.71,1086.427
1787740200000,213.67,214.01,213.51,213.93,1669.292
1787741100000,213.93,214.02,213.88,213.94,1174.171
1787742000000,213.97,214.16,213.62,213.7,1462.242
1787742900000,213.69,214.01,213.53,213.58,2822.382
1787743800000,213.59,213.69,212.8,212.83,3650.821
1787744700000,212.84,213.07,212.55,213.06,2277.983
1787745600000,213.06,213.15,212.66,212.95,1526.647
1787746500000,212.96,213.35,212.64,213.35,1462.222
1787747400000,213.35,213.35,212.61,212.75,4835.266
1787748300000,212.74,212.85,212.37,212.5,2372.271
1787749200000,212.47,212.7,212.15,212.45,2537.458
1787750100000,212.43,213.27,212.13,212.46,3968.963
1787751000000,212.5,213.54,210.87,212.94,17700.616
1787751900000,212.94,213.59,212.02,212.72,4348.112
1787752800000,212.76,212.76,211.53,211.58,6258.538
1787753700000,211.55,211.55,210.26,210.57,5571.799
1787754600000,210.57,210.99,210.17,210.89,3141.247
1787755500000,210.89,211.47,210.8,211.21,6559.733
1787756400000,211.19,211.53,210.86,211.1,4571.392
1787757300000,211.11,211.2,210.62,211.14,3002.067
1787758200000,211.14,211.31,210.87,211.29,3042.299
1787759100000,211.32,211.43,210.67,210.67,3644.039
1787760000000,210.65,210.66,209.77,209.92,4607.127
1787760900000,209.9,210.42,209.82,210.2,6592.146
1787761800000,210.22,210.31,209.58,209.76,2947.414
1787762700000,209.75,209.97,209.53,209.92,2943.174
1787763600000,209.92,210.23,209.79,210.16,4419.932
1787764500000,210.17,210.37,210.14,210.19,9457.178
1787765400000,210.2,210.73,210.02,210.62,7772.176
1787766300000,210.6,210.78,210.37,210.65,26487.593
1787767200000,210.67,210.97,210.26,210.34,4935.573
1787768100000,210.33,210.94,210.24,210.88,7697.283
1787769000000,210.87,211.09,210.62,210.65,3276.63
1787769900000,210.71,211.28,210.71,211.2,5019.982
1787770800000,211.18,211.42,210.98,211.08,7146.347
1787771700000,211.08,211.29,209.83,210.91,29067.416
1787772600000,210.91,210.95,209.62,209.62,14587.674
1787773500000,209.62,210.2,209.33,210.05,27486.169
1787774400000,210.05,210.71,209.93,210.63,30720.188
1787775300000,210.63,211.48,203.52,207.26,318834.15
1787776200000,207.23,208.3,205.59,207.39,94013.782
1787777100000,207.39,210.61,207.39,210.61,110622.001
1787778000000,210.48,220.12,208.75,219.13,304204.549
1787778900000,219.13,219.32,215.36,217,113349.909
1787779800000,217,219.54,217,219.05,48275.24
1787780700000,219.06,220.75,218.2,218.98,46803.451
1787781600000,218.96,219.45,217.83,218.25,21405.105
1787782500000,218.24,218.39,217.5,217.87,7867.377
1787783400000,217.85,218.72,217.84,218.71,25084.437
1787784300000,218.69,218.87,218.27,218.65,4065.672
1787785200000,218.65,218.66,217.81,218.23,10835.203
1787786100000,218.23,218.52,217.99,218.06,11593.454
1787787000000,218.05,218.27,217.93,218.26,4997.454
1787787900000,218.26,219.67,218.17,219.53,5821.134
1787788800000,219.51,219.68,218.68,218.79,5929.094
1787789700000,218.74,219.5,218.61,219.47,2640.739
1787790600000,219.46,219.48,218.72,218.95,8662.861
1787791500000,218.96,219.09,218.68,218.79,5480.39
1787792400000,218.79,219.5,218.74,219.18,8630.504
1787793300000,219.15,219.98,219.11,219.87,6878.376
1787794200000,219.87,221.41,219.83,220.62,10432.911
1787795100000,220.66,222.23,220.66,221.73,6262.861
1787796000000,221.72,221.99,221.42,221.64,2590.99
1787796900000,221.63,221.73,221.07,221.38,4005.241
1787797800000,221.38,221.55,220.69,220.87,4547.995
1787798700000,220.87,221.24,220.69,221.14,6361.394
1787799600000,221.14,221.38,220.84,220.84,6643.452
1787800500000,220.93,221.76,220.81,221.61,6246.15
1787801400000,221.64,221.69,220.99,221.04,5751.202
1787802300000,221.05,221.42,220.92,221.42,7614.043
1787803200000,221.42,221.76,221.11,221.53,21292.544
1787804100000,221.52,221.85,221.26,221.26,12630.731
1787805000000,221.25,221.27,220.98,221.21,3753.819
1787805900000,221.2,221.42,221.1,221.2,1514.416
1787806800000,221.2,221.26,220.87,221.05,2422.644
1787807700000,221.01,221.26,220.84,221.01,4452.378
1787808600000,221.03,221.03,220.46,220.56,2144.38
1787809500000,220.57,221.31,220.48,221.27,2227.325
1787810400000,221.27,221.27,219.81,220.16,7104.598
1787811300000,220.16,220.2,219.27,219.45,6483.557
1787812200000,219.46,220.02,219.25,220,3775.02
1787813100000,220,220.76,219.94,220.71,1587.738
1787814000000,220.72,221.78,220.37,221.54,4981.806
1787814900000,221.54,222.08,221.47,222.08,4688.435
1787815800000,222.08,222.27,221.5,221.53,2370.814
1787816700000,221.53,222.41,221.53,222.31,7742.441
1787817600000,222.3,224.36,221.72,224.26,16103.491
1787818500000,224.26,225.91,223.71,225.87,17618.589
1787819400000,225.81,225.91,224.81,225.31,17999.565
1787820300000,225.37,226.95,225.37,226.5,25971.622
1787821200000,226.49,226.5,225.05,225.14,23183.948
1787822100000,225.1,225.36,224.77,224.89,7591.026
1787823000000,224.89,225.45,224.83,225.34,5730.637
1787823900000,225.37,225.51,224.64,224.71,5669.561
1787824800000,224.71,225.07,224.47,225.07,8972.943
1787825700000,225.08,225.24,224.03,224.09,4848.572
1787826600000,224.07,225.08,224.07,224.99,9571.442
1787827500000,224.99,225.11,223.86,223.9,10173.482
1787828400000,223.87,224.1,223.13,223.56,11094.112
1787829300000,223.57,223.61,222.51,222.51,12759.451
1787830200000,222.52,222.58,221.81,222.43,16956.181
1787831100000,222.41,222.63,221.67,222.52,6126.186
1787832000000,222.51,222.87,222.15,222.69,7981.114
1787832900000,222.7,223.78,222.36,223.39,10620.951
1787833800000,223.41,223.61,222.66,222.73,5702.743
1787834700000,222.74,223.16,221.7,222.31,5413.814
1787835600000,222.32,223.47,221.89,223.38,3233.452
1787836500000,223.39,224.08,222.65,222.9,14528.759
1787837400000,222.89,225.79,221.07,225.01,99521.717
1787838300000,225.06,225.23,222.42,224.32,53021.219
1787839200000,224.24,225.86,224.08,225.47,40124.651
1787840100000,225.43,226.25,224.16,225.61,99597.069
1787841000000,225.66,226.13,223.54,224.56,31564.129
1787841900000,224.66,226.88,224.38,226.88,31348.868
1787842800000,226.87,227.15,224.98,225.66,31040.528
1787843700000,225.65,225.91,224.77,225.33,27945.604
1787844600000,225.33,226.19,224.88,225.23,12502.663
1787845500000,225.24,226.67,224.81,226.09,22239.108
1787846400000,226.07,227.65,226.05,227.28,22981.709
1787847300000,227.3,228.53,227.16,228.4,26739.481
1787848200000,228.44,229.78,228.26,229.4,35999.892
1787849100000,229.4,229.58,228.76,229.57,22764.204
1787850000000,229.58,229.88,229.3,229.84,21861.966
1787850900000,229.84,230.3,229.03,229.09,27567.385
1787851800000,229.13,229.9,228.83,228.89,30487.301
1787852700000,228.93,228.93,228.19,228.27,10207.248
1787853600000,228.2,228.24,227.46,227.6,45208.057
1787854500000,227.59,227.87,226.3,226.31,49650.154
1787855400000,226.31,227.03,225.75,226.84,57302.434
1787856300000,226.84,226.84,225.41,226.2,28077.785
1787857200000,226.19,226.69,225.87,225.94,37606.462
1787858100000,225.95,227.54,225.94,227.23,24411.453
1787859000000,227.24,228.69,226.96,228.17,61841.176
1787859900000,228.12,228.94,227.65,228.02,31843.927
1787860800000,228,228,226.73,226.79,9007.477
1787861700000,226.81,226.92,226.54,226.61,3728.567
1787862600000,226.62,226.88,226.47,226.86,5480.741
1787863500000,226.86,226.88,226.55,226.73,3273.866
1787864400000,226.71,226.96,226.67,226.85,6897.131
1787865300000,226.85,227.24,226.69,226.83,5078.084
1787866200000,226.81,226.83,226.69,226.7,4571.643
1787867100000,226.71,226.71,225.9,225.98,7281.996
1787868000000,226.01,226.14,225.88,225.93,3347.289
1787868900000,225.93,226.53,225.88,226.52,6169.767
1787869800000,226.53,226.59,226.46,226.48,5426.875
1787870700000,226.46,226.47,226.42,226.42,3996.611
1787871600000,226.42,226.48,226.3,226.31,7257.92
1787872500000,226.31,226.32,226.02,226.03,6773.909
1787873400000,226.03,226.12,225.97,226.06,3472.541
1787874300000,226.07,226.29,226.06,226.13,3811.085
1787875200000,226.14,226.51,225.93,226.5,5326.891
1787876100000,226.49,226.51,226.13,226.25,5711.596
1787877000000,226.25,226.31,226.05,226.3,1668.457
1787877900000,226.3,226.57,226.22,226.23,1851.803
1787878800000,226.25,226.5,226.17,226.34,1316.692
1787879700000,226.39,226.62,226.3,226.54,1216.634
1787880600000,226.54,226.81,226.44,226.56,2090.466
1787881500000,226.51,226.76,226.4,226.75,1087.475
1787882400000,226.78,226.83,226.56,226.6,1087.835
1787883300000,226.59,226.75,226.58,226.58,921.519
1787884200000,226.59,226.68,226.2,226.2,2050.93
1787885100000,226.2,226.45,226.14,226.34,1505.335
1787886000000,226.34,226.89,226.33,226.86,2456.884
1787886900000,226.86,226.99,226.84,226.9,1833.726
1787887800000,226.94,226.94,226.51,226.51,1159.241
1787888700000,226.53,226.59,226.38,226.44,990.434
1787889600000,226.43,226.6,226.25,226.55,951.094
1787890500000,226.54,226.68,226.48,226.5,1217.166
1787891400000,226.55,226.61,226.43,226.5,1349.257
1787892300000,226.51,226.59,226.47,226.53,1413.845
1787893200000,226.5,226.52,226.29,226.33,1598.356
1787894100000,226.33,226.4,226.17,226.28,1801.655
1787895000000,226.28,226.33,226.08,226.19,2090.376
1787895900000,226.2,226.26,225.98,226.05,3070.905
1787896800000,226.05,226.22,226.02,226.16,1477.347
1787897700000,226.16,226.4,226.11,226.2,1751.15
1787898600000,226.23,226.41,226.16,226.33,1500.764
1787899500000,226.35,227.09,226.35,227.01,4371.271
1787900400000,227.04,227.09,226.4,226.49,6799.081
1787901300000,226.48,226.59,226.37,226.47,1717.703
1787902200000,226.48,226.55,226.28,226.28,1960.067
1787903100000,226.27,226.4,226.13,226.2,1413.407
1787904000000,226.23,226.41,225.41,225.52,4039.73
1787904900000,225.52,225.71,225.31,225.32,6085.826
1787905800000,225.38,225.62,225.23,225.29,10786.098
1787906700000,225.29,225.35,225.02,225.31,18278.212
1787907600000,225.29,225.73,225.16,225.56,12692.581
1787908500000,225.56,225.69,225.43,225.55,4914.936
1787909400000,225.55,225.68,225.33,225.62,5216.984
1787910300000,225.61,226.13,225.54,226,5239.246
1787911200000,226,226.21,225.8,226.18,4858.535
1787912100000,226.18,226.44,226.06,226.4,2276.268
1787913000000,226.41,226.9,226.41,226.75,4488.658
1787913900000,226.75,226.86,226.6,226.76,3614.161
1787914800000,226.78,227.07,226.6,226.8,4019.341
1787915700000,226.83,227.44,226.8,227.14,2572.614
1787916600000,227.14,227.41,226.63,226.63,2451.768
1787917500000,226.68,226.94,226.52,226.67,7153.111
1787918400000,226.63,227.08,226.54,226.95,3398.351
1787919300000,226.92,227.78,226.76,227.74,12843.237
1787920200000,227.74,227.78,227.4,227.62,33537.295
1787921100000,227.62,227.85,227.41,227.77,6762.553
1787922000000,227.76,228.55,227.48,228.53,9283.329
1787922900000,228.53,228.56,227.4,227.61,52330.665
1787923800000,227.61,229.13,226.43,227.93,663987.543
1787924700000,227.95,228.15,224.61,225.22,72050.863
1787925600000,225.19,225.69,223.27,223.43,39233.736
1787926500000,223.44,225.44,223.4,225.05,51868.121
1787927400000,225.02,225.81,224.38,225.43,25532.103
1787928300000,225.47,226.82,225.34,226.75,18571.123
1787929200000,226.73,226.75,224.11,224.3,32783.953
1787930100000,224.34,224.5,223.48,224.01,17988.394
1787931000000,223.98,224.15,222.64,222.98,15247.175
1787931900000,222.97,223.05,221.07,221.39,41833.319
1787932800000,221.36,221.39,220.42,220.77,36722.354
1787933700000,220.77,220.86,220,220.27,52969.172
1787934600000,220.3,220.71,219.87,220.17,13534.848
1787935500000,220.2,221.01,219.91,219.93,21784.786
1787936400000,219.94,219.94,218.03,218.86,90516.662
1787937300000,218.86,219.46,218.62,218.83,28183.538
1787938200000,218.84,219.5,218.68,219.13,10769.433
1787939100000,219.1,219.86,219,219.44,4745.93
1787940000000,219.49,219.52,218.54,218.65,9297.517
1787940900000,218.61,218.77,218.15,218.43,6554.471
1787941800000,218.43,218.76,217.74,218.05,6553.798
1787942700000,218.01,218.04,216.88,217.33,11490.511
1787943600000,217.39,217.63,217.03,217.28,22499.642
1787944500000,217.27,217.7,217.02,217.39,15220.452
1787945400000,217.38,217.66,217.1,217.33,4247.689
1787946300000,217.35,218.26,217.1,217.57,12599.344
1787947200000,217.64,217.93,217.52,217.81,6791.256
1787948100000,217.8,218.06,217.8,217.94,4159.72
1787949000000,217.92,217.96,217.56,217.76,1034.079
1787949900000,217.77,217.88,217.76,217.86,757.179
1787950800000,217.85,218.07,217.82,217.88,2432.163
1787951700000,217.88,217.94,217.72,217.9,1176.092
1787952600000,217.9,217.93,217.74,217.77,1483.017
1787953500000,217.76,217.95,217.76,217.95,289.806
1787954400000,217.93,217.99,217.83,217.94,521.323
1787955300000,217.92,218.14,217.92,218.07,1305.705
1787956200000,218.05,218.13,218.04,218.09,264.05
1787957100000,218.09,218.14,218.02,218.05,333.589
1787958000000,218.05,218.11,217.98,218.1,454.848
1787958900000,218.1,218.14,218.01,218.05,194.243
1787959800000,218.07,218.12,218.03,218.11,146.21
1787960700000,218.11,218.15,218.01,218.01,1128.317
1787961600000,218.02,218.24,217.94,217.97,900.555
1787962500000,218,218,217.72,217.73,1475.928
1787963400000,217.73,217.76,217.69,217.75,196.84
1787964300000,217.77,217.81,217.59,217.76,345.958
1787965200000,217.76,217.91,217.75,217.89,229.462
1787966100000,217.94,218.04,217.88,218.02,180.31
1787967000000,218.04,218.07,218.01,218.06,123.365
1787967900000,218.05,218.13,218.04,218.11,30.964
1787968800000,218.12,218.26,217.94,218.17,473.011
1787969700000,218.15,218.16,217.98,218.06,419.695
1787970600000,218.03,218.24,218.01,218.15,2415.032
1787971500000,218.15,218.16,218.02,218.08,391.031
1787972400000,218.07,218.21,218.01,218.18,496.936
1787973300000,218.18,218.4,218.17,218.37,305.702
1787974200000,218.39,218.53,218.36,218.53,529.998
1787975100000,218.53,218.54,218.38,218.39,200.299
1787976000000,218.39,218.45,218.38,218.42,128.32
1787976900000,218.42,218.45,218.39,218.42,127.253
1787977800000,218.41,218.42,218.32,218.36,93.477
1787978700000,218.35,218.38,218.29,218.37,120.312
1787979600000,218.39,218.56,218.39,218.53,53.847
1787980500000,218.53,218.6,218.53,218.58,124.49
1787981400000,218.6,218.62,218.48,218.48,153.032
1787982300000,218.51,218.6,218.49,218.6,114.841
1787983200000,218.55,218.74,218.55,218.67,241.652
1787984100000,218.67,218.78,218.48,218.58,3379.757
1787985000000,218.57,218.62,218.52,218.61,166.563
1787985900000,218.61,218.75,218.61,218.66,82.931
1787986800000,218.67,218.74,218.67,218.74,165.419
1787987700000,218.73,218.75,218.7,218.72,22.246
1787988600000,218.72,218.78,218.69,218.77,290.19
1787989500000,218.76,218.79,218.74,218.79,105.585
1787990400000,218.78,218.8,218.75,218.79,182.499
1787991300000,218.8,218.8,218.74,218.78,100.908
1787992200000,218.79,218.8,218.77,218.77,232.858
1787993100000,218.76,218.8,218.71,218.8,310.602
1787994000000,218.77,218.8,218.71,218.76,181.495
1787994900000,218.72,218.76,218.69,218.72,300.027
1787995800000,218.71,218.75,218.71,218.74,42.099
1787996700000,218.75,218.8,218.75,218.76,135.822
1787997600000,218.77,218.8,218.65,218.67,615.096
1787998500000,218.69,218.73,218.67,218.72,57.544
1787999400000,218.72,218.8,218.68,218.77,217.961
1788000300000,218.78,218.8,218.66,218.76,781.294
1788001200000,218.75,218.79,218.74,218.79,59.749
1788002100000,218.78,218.8,218.75,218.8,273.534
1788003000000,218.8,218.8,218.79,218.8,516.534
1788003900000,218.8,218.8,218.76,218.76,102.383
1788004800000,218.72,218.8,218.7,218.7,96.324
1788005700000,218.7,218.76,218.65,218.76,280.702
1788006600000,218.75,218.75,218.6,218.67,241.047
1788007500000,218.65,218.68,218.61,218.65,23.977
1788008400000,218.65,218.65,218.53,218.57,508.824
1788009300000,218.57,218.57,218.52,218.52,23.735
1788010200000,218.53,218.57,218.52,218.52,43.697
1788011100000,218.53,218.6,218.52,218.58,38.43
1788012000000,218.57,218.72,218.57,218.72,145.031
1788012900000,218.68,218.71,218.67,218.67,49.822
1788013800000,218.69,218.79,218.62,218.74,157.56
1788014700000,218.75,218.79,218.63,218.77,1011.445
1788015600000,218.75,218.79,218.75,218.77,125.487
1788016500000,218.76,218.8,218.75,218.78,150.181
1788017400000,218.79,218.79,218.42,218.58,1814.092
1788018300000,218.58,218.62,218.58,218.6,102.875
1788019200000,218.61,218.73,218.58,218.73,476.107
1788020100000,218.73,218.79,218.71,218.79,119.716
1788021000000,218.78,218.8,218.72,218.75,213.191
1788021900000,218.76,218.8,218.76,218.78,39.461
1788022800000,218.77,218.78,218.6,218.69,479.657
1788023700000,218.68,218.69,218.65,218.65,96.575
1788024600000,218.66,218.69,218.63,218.64,72.301
1788025500000,218.64,218.71,218.64,218.69,62.091
1788026400000,218.69,218.71,218.67,218.7,44.274
1788027300000,218.7,218.76,218.7,218.73,45.091
1788028200000,218.74,218.8,218.74,218.8,26.043
1788029100000,218.8,218.8,218.79,218.8,349.69
1788030000000,218.79,218.8,218.77,218.78,114.892
1788030900000,218.79,218.79,218.73,218.75,67.503
1788031800000,218.75,218.79,218.75,218.78,61.854
1788032700000,218.78,218.79,218.75,218.79,167.457
1788033600000,218.78,218.8,218.76,218.8,101.709
1788034500000,218.8,218.8,218.64,218.72,1093.649
1788035400000,218.73,218.74,218.68,218.71,56.799
1788036300000,218.68,218.71,218.62,218.67,247.034
1788037200000,218.67,218.8,218.53,218.72,1470.679
1788038100000,218.7,218.71,218.66,218.69,92.874
1788039000000,218.72,218.83,218.72,218.81,1467.757
1788039900000,218.8,218.8,218.74,218.76,82.148
1788040800000,218.75,218.8,218.65,218.68,65.312
1788041700000,218.72,218.83,218.71,218.8,2470.467
1788042600000,218.76,218.81,218.76,218.78,21.401
1788043500000,218.79,218.82,218.73,218.74,27.737
1788044400000,218.75,218.81,218.74,218.78,28.359
1788045300000,218.78,218.8,218.76,218.78,26.365
1788046200000,218.78,218.8,218.73,218.75,111.523
1788047100000,218.76,218.83,218.74,218.78,594.265
1788048000000,218.78,218.78,218.71,218.78,69.607
1788048900000,218.76,218.83,218.75,218.76,53.586
1788049800000,218.76,218.76,218.72,218.75,19.043
1788050700000,218.74,218.75,218.72,218.75,10.898
1788051600000,218.8,218.8,218.73,218.77,74.061
1788052500000,218.75,218.83,218.75,218.82,208.577
1788053400000,218.82,218.82,218.79,218.8,65.123
1788054300000,218.81,218.82,218.8,218.81,63.804
1788055200000,218.81,218.83,218.81,218.83,37.626
1788056100000,218.83,218.83,218.81,218.83,194.317
1788057000000,218.82,218.83,218.82,218.83,78.527
1788057900000,218.83,218.83,218.82,218.83,45.219
1788058800000,218.83,218.85,218.82,218.83,66.788
1788059700000,218.83,218.85,218.79,218.84,233.878
1788060600000,218.83,218.86,218.81,218.84,43.695
1788061500000,218.84,218.86,218.82,218.82,54.986
1788062400000,218.83,218.85,218.83,218.83,43.938
1788063300000,218.84,218.85,218.75,218.81,365.156
1788064200000,218.8,218.84,218.8,218.82,73.454
1788065100000,218.82,218.84,218.82,218.82,37.403
1788066000000,218.83,218.86,218.83,218.84,310.383
1788066900000,218.84,218.86,218.82,218.83,91.91
1788067800000,218.84,218.85,218.82,218.84,212.265
1788068700000,218.84,218.86,218.81,218.82,96.299
1788069600000,218.82,218.83,218.78,218.82,97.072
1788070500000,218.84,218.86,218.82,218.85,122.173
1788071400000,218.85,218.86,218.83,218.84,86.476
1788072300000,218.84,218.86,218.71,218.86,1061.014
1788073200000,218.86,218.86,218.85,218.85,342.53
1788074100000,218.85,218.86,218.84,218.86,655.895
1788075000000,218.86,218.86,218.81,218.84,684.785
1788075900000,218.85,218.86,218.84,218.86,91.148
1788076800000,218.85,218.89,218.75,218.83,1572.199
1788077700000,218.84,218.87,218.83,218.86,61.38
1788078600000,218.86,218.87,218.74,218.82,355.97
1788079500000,218.8,218.83,218.76,218.83,136.95
1788080400000,218.82,218.88,218.81,218.88,66.72
1788081300000,218.86,218.88,218.86,218.87,10.559
1788082200000,218.88,218.89,218.84,218.89,180.418
1788083100000,218.88,218.88,218.86,218.87,38.322
1788084000000,218.87,218.89,218.86,218.87,35.61
1788084900000,218.87,218.87,218.83,218.86,18.903
1788085800000,218.85,218.87,218.85,218.87,5.244
1788086700000,218.86,218.89,218.79,218.86,1618.528
1788087600000,218.87,218.87,218.77,218.8,225.211
1788088500000,218.79,218.82,218.79,218.82,158.515
1788089400000,218.81,218.86,218.77,218.83,629.723
1788090300000,218.83,218.89,218.81,218.88,137.249
1788091200000,218.88,218.89,218.88,218.89,929.752
1788092100000,218.88,218.89,218.83,218.85,281.425
1788093000000,218.84,218.89,218.73,218.75,434.194
1788093900000,218.79,218.81,218.7,218.74,148.983
1788094800000,218.73,218.76,218.68,218.76,464.8
1788095700000,218.76,218.76,218.71,218.73,193.18
1788096600000,218.72,218.77,218.71,218.75,165.908
1788097500000,218.74,218.74,218.71,218.72,185.743
1788098400000,218.72,218.89,218.71,218.84,253.187
1788099300000,218.84,218.89,218.84,218.89,151.265
1788100200000,218.88,218.89,218.86,218.89,259.835
1788101100000,218.86,218.92,218.83,218.92,1050.363
1788102000000,218.92,218.92,218.85,218.89,239.084
1788102900000,218.89,218.91,218.87,218.9,161.326
1788103800000,218.88,218.92,218.88,218.91,405.919
1788104700000,218.92,218.92,218.9,218.9,37.068
1788105600000,218.9,218.92,218.9,218.92,270.988
1788106500000,218.92,218.92,218.89,218.92,119.444
1788107400000,218.92,218.92,218.91,218.92,130.061
1788108300000,218.91,218.92,218.86,218.92,279.103
1788109200000,218.92,218.95,218.91,218.95,786.989
1788110100000,218.95,218.95,218.86,218.94,227.999
1788111000000,218.93,218.95,218.93,218.95,418.537
1788111900000,218.95,218.95,218.61,218.8,4028.561
1788112800000,218.87,218.94,218.85,218.92,157.459
1788113700000,218.93,218.95,218.93,218.95,217.811
1788114600000,218.95,218.95,218.94,218.94,163.14
1788115500000,218.95,218.95,218.94,218.94,66.355
1788116400000,218.94,218.95,218.89,218.9,761.687
1788117300000,218.9,218.95,218.89,218.94,133.772
1788118200000,218.94,218.94,218.91,218.91,26.522
1788119100000,218.92,218.92,218.91,218.91,91.523
1788120000000,218.92,218.95,218.92,218.93,115.59
1788120900000,218.93,218.95,218.89,218.89,426.947
1788121800000,218.89,218.94,218.86,218.87,96.78
1788122700000,218.86,218.92,218.84,218.85,94.035
1788123600000,218.85,218.95,218.54,218.75,1079.657
1788124500000,218.76,218.89,218.56,218.62,458.042
1788125400000,218.6,218.6,218.37,218.49,619.515
1788126300000,218.49,218.49,218.34,218.38,193.877
1788127200000,218.46,218.56,217.88,217.96,2406.925
1788128100000,217.95,218.17,217.91,218.08,1295.741
1788129000000,218.09,218.24,217.75,217.9,3187.463
1788129900000,217.88,217.97,217.79,217.92,468.289
1788130800000,217.91,218.1,217.78,217.88,1197.099
1788131700000,217.81,217.98,217.62,217.72,2183.537
1788132600000,217.71,217.77,217.1,217.18,3619.961
1788133500000,217.16,217.16,216.6,216.79,2464.926
1788134400000,216.82,217.33,215.96,217.26,10429.606
1788135300000,217.23,217.54,217.03,217.19,5436.514
1788136200000,217.11,217.75,217.1,217.69,4305.974
1788137100000,217.71,218.3,217.53,217.87,6980.904
1788138000000,217.77,217.77,217.08,217.48,3100.921
1788138900000,217.41,217.56,217.22,217.47,936.467
1788139800000,217.49,217.49,216.89,216.96,3763.794
1788140700000,216.97,217.23,216.93,217.23,1883.629
1788141600000,217.23,217.61,217.15,217.56,323.47
1788142500000,217.53,217.54,217.03,217.25,852.176
1788143400000,217.23,217.32,216.99,217.05,1848.841
1788144300000,217.07,217.42,217.07,217.4,2168.084
1788145200000,217.43,217.67,217.38,217.63,1138.049
1788146100000,217.62,217.68,217.47,217.47,1020.042
1788147000000,217.53,217.63,217.46,217.56,718.364
1788147900000,217.56,217.66,217.45,217.65,564.287
1788148800000,217.66,217.66,217.46,217.56,161.376
1788149700000,217.57,217.57,217.31,217.44,800.244
1788150600000,217.43,217.86,217.3,217.77,438.489
1788151500000,217.8,217.97,217.65,217.94,947.026
1788152400000,217.93,218.29,217.87,218.28,777.258
1788153300000,218.27,218.57,218.27,218.45,1196.648
1788154200000,218.45,218.55,218.25,218.37,2332.956
1788155100000,218.39,218.66,218.33,218.66,588.499
1788156000000,218.66,218.88,218.56,218.84,1319.134
1788156900000,218.84,218.94,218.77,218.82,1362.379
1788157800000,218.87,219.01,218.8,218.9,5550.607
1788158700000,218.89,219.02,218.85,219,1725.841
1788159600000,218.96,219.02,218.83,218.83,779.549
1788160500000,218.88,218.91,218.59,218.62,1896.708
1788161400000,218.62,218.96,218.62,218.87,1526.528
1788162300000,218.87,218.87,218.74,218.82,922.29
1788163200000,218.85,219.11,218.65,218.91,11481.906
1788164100000,218.88,218.94,218.62,218.7,2471.76
1788165000000,218.73,218.95,218.69,218.84,1609.21
1788165900000,218.84,219.14,218.82,219.07,7880.766
1788166800000,219.07,219.2,218.82,219.13,11884.97
1788167700000,219.15,219.22,219.07,219.13,1321.528
1788168600000,219.14,219.17,218.98,219.04,1315.247
1788169500000,219.03,219.03,218.62,218.82,2664.668
1788170400000,218.81,218.86,218.52,218.64,1952.496
1788171300000,218.6,219.14,218.55,219.12,764.503
1788172200000,219.08,219.08,218.79,219.02,1440.144
1788173100000,219.03,219.19,219,219.02,804.994
1788174000000,219.01,219.09,218.56,218.57,3718.073
1788174900000,218.58,219.03,218.57,219.03,1272.347
1788175800000,218.97,218.99,218.62,218.67,1384.229
1788176700000,218.64,218.81,218.55,218.77,349.063
1788177600000,218.77,218.99,218.65,218.88,1577.627
1788178500000,218.89,219.09,218.52,218.77,1623.327
1788179400000,218.74,219.01,218.51,218.62,1636.385
1788180300000,218.6,218.63,218.18,218.25,922.389
1788181200000,218.24,218.41,217.79,218.34,2107.691
1788182100000,218.26,218.94,218.15,218.82,2083.54
1788183000000,218.83,219.24,216.37,218.02,28873.637
1788183900000,218.04,218.8,217.68,218.7,111026.523
1788184800000,218.7,220.13,218.33,220.13,35540.749
1788185700000,220.12,220.25,219.3,220.03,9973.952
1788186600000,219.93,220.55,219.66,219.93,9571.24
1788187500000,219.93,220.06,219.25,219.69,6349.922
1788188400000,219.69,219.97,219.14,219.21,11757.295
1788189300000,219.24,220.46,219.16,220.27,7321.486
1788190200000,220.25,220.25,219.5,219.71,3793.156
1788191100000,219.67,220.3,219.41,219.47,1783.328
1788192000000,219.48,219.71,219.12,219.7,1676.191
1788192900000,219.69,220.21,219.57,220.16,1233.074
1788193800000,220.2,220.2,219.75,219.75,4311.491
1788194700000,219.71,220.09,219.61,220.09,1802.984
1788195600000,220.12,220.19,219.78,219.78,1251.744
1788196500000,219.85,219.9,219.36,219.38,2143.067
1788197400000,219.38,219.7,219.15,219.58,2806.895
1788198300000,219.63,219.94,219.51,219.6,6905.208
1788199200000,219.62,219.7,219.33,219.33,5180.052
1788200100000,219.34,219.6,218.93,218.95,2078.846
1788201000000,218.98,218.98,217.82,218.03,4724.933
1788201900000,218.1,218.71,217.64,218.52,4311.386
1788202800000,218.52,219.1,218.52,218.95,4996.201
1788203700000,218.91,219.77,218.7,219.77,5746.052
1788204600000,219.76,219.93,219.56,219.92,5930.788
1788205500000,219.91,221.18,219.29,220.72,7874.531
1788206400000,220.73,220.8,220.41,220.43,9114.412
1788207300000,220.45,220.71,220.32,220.66,1397.069
1788208200000,220.65,220.68,220.51,220.58,381.842
1788209100000,220.6,220.62,220.52,220.55,715.871
1788210000000,220.54,220.54,220.44,220.44,284.812
1788210900000,220.45,220.56,220.41,220.55,278.471
1788211800000,220.53,220.53,220.46,220.5,182.982
1788212700000,220.49,220.55,220.44,220.44,108.309
1788213600000,220.47,220.48,220.17,220.27,758.921
1788214500000,220.27,220.31,220.26,220.31,337.273
1788215400000,220.3,220.38,220.28,220.31,974.791
1788216300000,220.3,220.3,220.18,220.22,640.306
1788217200000,220.22,220.25,220.14,220.16,147.489
1788218100000,220.16,220.36,220.1,220.34,3540.323
1788219000000,220.31,220.36,220.2,220.29,1485.519
1788219900000,220.29,220.33,220.12,220.23,738.963
1788220800000,220.28,220.38,220,220.01,1163.677
1788221700000,220.01,220.27,219.87,220.2,1317.411
1788222600000,220.2,220.37,220.17,220.28,1663.834
1788223500000,220.28,220.4,220.16,220.35,2588.887
1788224400000,220.35,220.46,220.23,220.33,731.749
1788225300000,220.33,220.37,220.09,220.15,658.322
1788226200000,220.15,220.26,220.01,220.18,423.047
1788227100000,220.15,220.26,220.08,220.13,793.572
1788228000000,220.09,220.16,220.05,220.16,467.364
1788228900000,220.16,220.19,219.97,219.98,753.666
1788229800000,219.99,220.07,219.68,219.75,848.673
1788230700000,219.73,220.11,219.66,220.11,779.002
1788231600000,220.1,220.16,219.84,219.99,586.053
1788232500000,220,220.04,219.85,219.87,525.883
1788233400000,219.84,220.05,219.84,219.95,618.837
1788234300000,219.93,220,219.9,219.96,701.286
1788235200000,219.98,220.12,219.98,220.03,302.93
1788236100000,220.03,220.38,220.03,220.36,822.323
1788237000000,220.34,220.38,220.11,220.13,401.361
1788237900000,220.15,220.28,220.05,220.08,352.079
1788238800000,220.09,220.11,219.99,219.99,326.824
1788239700000,219.98,220.11,219.87,220.11,1796.841
1788240600000,220.1,220.41,220.03,220.4,508.169
1788241500000,220.4,220.7,220.36,220.66,1724.731
1788242400000,220.68,220.77,220.61,220.7,460.28
1788243300000,220.67,220.74,220.37,220.4,1538.779
1788244200000,220.39,220.59,220.35,220.57,481.933
1788245100000,220.57,220.61,220.33,220.37,1267.161
1788246000000,220.36,220.58,220.26,220.55,796.374
1788246900000,220.54,220.6,220.41,220.49,726.617
1788247800000,220.45,220.5,219.9,220.02,2318.622
1788248700000,219.99,220.09,219.83,219.95,1017.431
1788249600000,219.95,220.07,218.89,219.04,7432.113
1788250500000,219.04,219.08,218.46,218.47,5011.06
1788251400000,218.49,218.67,218.27,218.38,2841.422
1788252300000,218.37,218.54,217.91,217.91,4584.398
1788253200000,217.94,218.01,217.54,217.84,2585.104
1788254100000,217.82,217.91,217.59,217.66,1041.091
1788255000000,217.66,218.34,217.63,218.23,2196.296
1788255900000,218.24,218.37,218.11,218.17,1414.445
1788256800000,218.17,218.31,218.06,218.06,1899.524
1788257700000,218.07,218.51,218.04,218.29,2654.18
1788258600000,218.29,218.35,218.17,218.17,891.65
1788259500000,218.13,218.27,217.81,217.94,1563.052
1788260400000,217.98,218.09,217.72,217.81,1625.467
1788261300000,217.82,218.02,217.78,218.02,449.586
1788262200000,218.01,218.27,217.94,218.14,2136.281
1788263100000,218.13,218.21,217.25,217.38,2546.1
1788264000000,217.39,217.68,217.25,217.63,5358.156
1788264900000,217.65,217.75,217.45,217.49,690.682
1788265800000,217.44,217.46,216.9,217.1,1942.577
1788266700000,217.09,217.3,216.51,217.06,10720.982
1788267600000,217.06,217.06,216.71,216.74,1995.606
1788268500000,216.73,217.1,216.61,216.74,1920.212
1788269400000,216.71,217.21,215.13,215.65,27515.355
1788270300000,215.6,217.34,215.56,216.95,22493.745
1788271200000,216.96,218.1,216.79,217.79,14976.018
1788272100000,217.87,218.38,217.63,217.66,4050.026
1788273000000,217.64,218.11,217.61,218,5465.873
1788273900000,218,218.56,217.68,218.06,3041.235
1788274800000,218.09,218.52,217.71,218.15,5822.594
1788275700000,217.96,218.73,217.89,218.72,4322.53
1788276600000,218.78,219.47,218.69,219.41,8271.878
1788277500000,219.42,220.36,219.38,220.19,27452.244
1788278400000,220.22,220.22,219.6,219.82,4303.41
1788279300000,219.78,219.91,219.07,219.53,8273.893
1788280200000,219.65,219.67,219.11,219.11,2738.125
1788281100000,219.09,219.76,219,219.67,3606.236
1788282000000,219.67,219.67,218.33,218.5,11606.234
1788282900000,218.51,218.59,218.2,218.39,4261.986
1788283800000,218.41,218.64,218.31,218.34,2767.518
1788284700000,218.33,218.4,217.84,218.06,2705.082
1788285600000,218.07,218.18,217.56,217.57,2376.651
1788286500000,217.56,217.9,217.35,217.49,1147.051
1788287400000,217.51,217.56,216.48,216.52,7779.925
1788288300000,216.5,217.35,216.36,217.31,2155.839
1788289200000,217.26,217.78,217.22,217.71,2360.235
1788290100000,217.77,217.85,217.48,217.49,487.86
1788291000000,217.42,217.47,217.03,217.35,2854.524
1788291900000,217.38,217.71,216.66,217.49,2857.957
1788292800000,217.5,217.68,217.37,217.61,3236.525
1788293700000,217.61,217.65,217.46,217.46,1973.076
1788294600000,217.48,217.62,217.43,217.53,1040.721
1788295500000,217.51,217.55,217.43,217.55,813.021
1788296400000,217.55,217.62,217.45,217.62,317.094
1788297300000,217.62,217.63,217.53,217.58,680.536
1788298200000,217.59,217.69,217.58,217.61,489.061
1788299100000,217.61,217.65,217.56,217.58,1209.778
1788300000000,217.63,217.69,217.27,217.32,710.103
1788300900000,217.32,217.36,217.2,217.28,260.712
1788301800000,217.27,217.39,217.26,217.39,194.97
1788302700000,217.39,217.54,217.38,217.5,242.668
1788303600000,217.49,217.55,217.45,217.48,54.475
1788304500000,217.47,217.55,217.42,217.52,134.829
1788305400000,217.53,217.63,217.48,217.56,429.615
1788306300000,217.57,217.64,217.47,217.47,163.842
1788307200000,217.49,217.74,217.42,217.67,584.655
1788308100000,217.69,217.88,217.58,217.58,710.566
1788309000000,217.59,217.75,217.54,217.63,409.971
1788309900000,217.64,217.65,217.41,217.41,233.61
1788310800000,217.36,217.62,217.35,217.37,338.832
1788311700000,217.39,217.5,217.36,217.39,187.5
1788312600000,217.32,217.42,217.07,217.1,618.437
1788313500000,217.13,217.15,216.89,217.15,871.357
1788314400000,217.08,217.08,216.85,217.04,340.674
1788315300000,217.05,217.25,217.05,217.18,430.459
1788316200000,217.14,217.31,217.08,217.3,386.906
1788317100000,217.31,217.31,217.13,217.21,173.928
1788318000000,217.22,217.27,217.11,217.2,335.355
1788318900000,217.15,217.15,216.98,217.07,675.323
1788319800000,217.05,217.25,216.98,217.1,340.422
1788320700000,217.15,217.15,216.92,216.98,293.686
1788321600000,216.98,217.13,216.93,217.13,523.478
1788322500000,217.14,217.22,217.07,217.11,392.645
1788323400000,217.12,217.24,217.08,217.18,202.696
1788324300000,217.14,217.15,216.98,217.01,278.768
1788325200000,217,217.14,216.95,217.14,177.131
1788326100000,217.12,217.4,217.12,217.36,673.569
1788327000000,217.37,217.49,217.27,217.49,331.211
1788327900000,217.48,217.48,217.36,217.39,285.231
1788328800000,217.43,217.46,217.21,217.28,662.248
1788329700000,217.3,217.32,217.01,217.02,815.934
1788330600000,217.01,217.53,216.93,217.37,528.662
1788331500000,217.36,217.37,217.24,217.37,671.794
1788332400000,217.38,217.64,217.33,217.57,593.351
1788333300000,217.59,217.61,217.39,217.43,356.711
1788334200000,217.48,217.5,217.31,217.41,128.466
1788335100000,217.38,217.42,217.24,217.37,192.084
1788336000000,217.36,217.41,217.15,217.27,1262.774
1788336900000,217.32,217.4,217.09,217.34,2057.782
1788337800000,217.33,217.4,217.1,217.1,1105.087
1788338700000,217.1,217.11,216.43,216.71,1516.27
1788339600000,216.72,216.93,216.7,216.73,1441.034
1788340500000,216.73,216.85,216.52,216.62,743.648
1788341400000,216.63,216.66,216.32,216.49,1213.975
1788342300000,216.47,216.75,216.4,216.74,750.269
1788343200000,216.7,216.73,216.39,216.6,4533.869
1788344100000,216.6,216.76,216.54,216.72,776.689
1788345000000,216.71,216.74,216.56,216.68,682.906
1788345900000,216.67,216.71,216.47,216.66,1596.362
1788346800000,216.66,216.94,216.08,216.93,2676.528
1788347700000,216.92,217.03,216.73,216.84,1380.153
1788348600000,216.87,217.13,216.74,216.94,1079.207
1788349500000,216.93,217.4,216.89,217.4,1204.66
1788350400000,217.39,218.32,217.26,218.32,4970.987
1788351300000,218.29,218.53,218.11,218.24,3171.85
1788352200000,218.25,218.25,217.72,217.75,1389.004
1788353100000,217.74,217.83,217.68,217.75,795.417
1788354000000,217.74,218.02,217.71,217.88,1327.692
1788354900000,217.88,218.82,217.88,218.69,1220.195
1788355800000,218.69,220.04,218.46,219.6,19395.378
1788356700000,219.61,221.44,219.29,221.44,10071.581
1788357600000,221.44,222.97,221.23,222.36,13872.884
1788358500000,222.38,223.36,222.16,222.78,20771.842
1788359400000,222.83,224.12,222.55,223.99,15453.702
1788360300000,224.02,224.15,223.32,223.92,28894.373
1788361200000,223.94,226.73,223.8,226.5,14693.537
1788362100000,226.47,226.93,226.1,226.18,9393.12
1788363000000,226.18,227,225.71,226.93,11655.638
1788363900000,226.95,227.89,226.54,227.52,12273.347
1788364800000,227.52,227.74,226.95,227.3,12169.014
1788365700000,227.36,227.6,226.73,226.9,5811.63
1788366600000,226.92,227.56,226.16,226.16,16247.91
1788367500000,226.13,226.2,225.51,225.72,6220.782
1788368400000,225.72,225.92,224.74,225.18,7398.767
1788369300000,225.18,225.46,224.7,225.42,6791.846
1788370200000,225.43,225.48,224.74,225.14,7095.23
1788371100000,225.24,225.38,224.4,224.6,2785.991
1788372000000,224.6,224.8,224.37,224.63,1287.337
1788372900000,224.65,225.28,224.51,224.84,6344.587
1788373800000,224.95,225.26,224.56,224.65,1495.255
1788374700000,224.7,224.81,224.24,224.48,8656.516
1788375600000,224.47,224.61,224.16,224.49,2404.07
1788376500000,224.46,224.77,224.3,224.47,707.82
1788377400000,224.34,224.37,223.74,224.03,4117.417
1788378300000,224.04,224.6,224.04,224.43,3061.271
1788379200000,224.38,224.71,224.29,224.65,1793.369
1788380100000,224.68,224.68,223.9,223.97,2283.606
1788381000000,223.97,224.16,223.92,224.13,393.431
1788381900000,224.13,224.23,224.01,224.02,509.282
1788382800000,224,224.11,224,224.05,27.8
1788383700000,224.06,225.58,224.06,225.19,43056.133
1788384600000,225.19,225.66,224.85,224.85,37865.795
1788385500000,224.85,225.28,224.81,225.21,3786.488
1788386400000,225.15,225.15,224.73,224.96,4127.724
1788387300000,224.97,225.4,224.91,225.25,15599.233
1788388200000,225.26,225.3,225.24,225.24,2987.532
1788389100000,225.24,225.27,225.08,225.15,3203.387
1788390000000,225.14,225.15,224.98,225,1837.94
1788390900000,224.98,225.21,224.9,225.21,1672.344
1788391800000,225.2,225.35,225.2,225.34,2050.55
1788392700000,225.35,225.67,225.34,225.52,2844.105
1788393600000,225.53,225.68,225.29,225.36,5184.199
1788394500000,225.36,225.38,225.01,225.19,3027.138
1788395400000,225.18,225.24,225.02,225.15,2487.243
1788396300000,225.12,225.29,225.03,225.1,2771.147
1788397200000,225.09,225.37,225.08,225.26,3432.837
1788398100000,225.27,225.42,225.17,225.39,3151.437
1788399000000,225.39,225.5,225.29,225.29,2907.752
1788399900000,225.3,225.33,224.86,224.93,2522.443
1788400800000,224.93,225.17,224.84,225.15,2442.807
1788401700000,225.16,225.19,225.04,225.06,1260.548
1788402600000,225.06,225.24,224.99,225.01,1119.695
1788403500000,224.99,225.34,224.98,225.14,1630.082
1788404400000,225.13,225.2,225.1,225.19,986.926
1788405300000,225.18,225.59,225.18,225.42,1307.706
1788406200000,225.43,225.8,225.43,225.68,1628.592
1788407100000,225.66,226,225.63,226,1873.782
1788408000000,226.01,226.11,225.91,225.95,1529.918
1788408900000,225.95,226.37,225.93,226.22,1659.617
1788409800000,226.22,226.27,225.85,225.92,1927.877
1788410700000,225.9,226.36,225.87,226.31,3023.891
1788411600000,226.33,226.39,225.42,225.49,2109.885
1788412500000,225.52,225.52,224.74,225.39,4376.792
1788413400000,225.4,225.95,225.27,225.4,13253.242
1788414300000,225.41,225.85,225.21,225.79,2269.131
1788415200000,225.77,225.93,225.61,225.81,3182.195
1788416100000,225.81,225.87,225.67,225.8,2264.362
1788417000000,225.77,225.81,225.55,225.66,2384.157
1788417900000,225.67,225.81,225.66,225.75,1796.947
1788418800000,225.77,225.96,225.66,225.78,2548.292
1788419700000,225.78,225.83,225.55,225.7,1489.961
1788420600000,225.72,226.08,225.61,225.98,1384.267
1788421500000,225.98,226.07,225.78,225.99,1751.881
1788422400000,225.96,226.4,225.58,225.89,6298.41
1788423300000,225.86,225.89,225.5,225.8,4157.568
1788424200000,225.77,225.77,225.36,225.41,1783.881
1788425100000,225.41,225.64,225.35,225.49,1352.795
1788426000000,225.52,225.57,225.38,225.44,2389.387
1788426900000,225.41,225.42,225.05,225.1,2239.928
1788427800000,225.12,225.24,224.88,224.95,2018.81
1788428700000,224.97,224.98,224.54,224.67,1949.419
1788429600000,224.67,224.94,224.65,224.73,2135.046
1788430500000,224.73,224.79,224.62,224.72,889.916
1788431400000,224.73,224.96,224.66,224.94,1172.658
1788432300000,224.95,224.98,224.73,224.91,1043.643
1788433200000,224.94,224.96,224.27,224.38,6764.733
1788434100000,224.38,224.65,224.38,224.57,2817.87
1788435000000,224.58,224.58,224.01,224.12,2880.135
1788435900000,224.09,224.1,223.24,223.43,3682.361
1788436800000,223.44,224.03,223.44,223.81,4632.891
1788437700000,223.81,225.02,223.44,224.99,4553.983
1788438600000,224.99,225.68,224.87,225.23,6090.127
1788439500000,225.27,226.08,225.1,225.9,3982.062
1788440400000,225.91,226.33,225.65,226.24,4897.092
1788441300000,226.24,226.32,225.55,226.05,2393.891
1788442200000,226,228.44,224.86,227.57,23629.704
1788443100000,227.7,229.05,227.46,228.26,14281.69
1788444000000,228.23,228.93,227.62,228.08,9432.389
1788444900000,228.05,228.69,227.44,227.44,4915.33
1788445800000,227.41,227.56,226.25,226.38,6985.538
1788446700000,226.36,226.46,225.53,226.18,4453.518
1788447600000,226.21,226.93,225.77,226.93,7261.972
1788448500000,226.95,227.93,226.81,227.82,4311.513
1788449400000,227.81,228.03,227.23,227.41,2469.179
1788450300000,227.42,227.7,227.12,227.43,2292.54
1788451200000,227.52,227.98,227.12,227.86,3073.247
1788452100000,227.92,228.08,226.91,227.05,5948.992
1788453000000,227.06,227.86,227.06,227.83,5520.408
1788453900000,227.8,227.8,227.19,227.49,809.731
1788454800000,227.49,227.67,227.24,227.3,3251.507
1788455700000,227.29,227.59,227.14,227.47,1440.971
1788456600000,227.51,229.92,227.47,229.75,25012.855
1788457500000,229.82,230.37,229.18,229.98,15010.37
1788458400000,230.02,230.39,229.94,230.17,4908.821
1788459300000,230.17,230.47,229.52,229.54,12145.855
1788460200000,229.54,230.07,229.34,229.58,1667.398
1788461100000,229.59,229.88,229.38,229.47,1618.194
1788462000000,229.53,229.7,229.24,229.39,1785.629
1788462900000,229.41,229.83,229.41,229.61,49158.637
1788463800000,229.6,229.81,228.88,229.02,25904.947
1788464700000,229.01,229.18,228.38,228.7,26803.796
1788465600000,228.65,228.89,228.48,228.7,8949.872
1788466500000,228.71,228.77,228.54,228.61,2314.481
1788467400000,228.6,228.72,228.57,228.67,899.028
1788468300000,228.67,228.7,228.57,228.63,786.755
1788469200000,228.62,228.76,228.62,228.74,364.778
1788470100000,228.74,228.78,228.68,228.69,797.834
1788471000000,228.69,228.79,228.65,228.77,1575.838
1788471900000,228.78,229.1,228.77,228.89,1667.333
1788472800000,228.88,229.09,228.81,229.09,2482.821
1788473700000,229.09,229.38,229.07,229.28,2162.052
1788474600000,229.29,229.54,229.22,229.32,3148.716
1788475500000,229.32,229.51,229.19,229.48,2140.278
1788476400000,229.49,229.56,229.44,229.51,806.846
1788477300000,229.51,229.72,229.4,229.68,1324.228
1788478200000,229.67,229.85,229.62,229.82,1068.871
1788479100000,229.82,229.97,229.67,229.67,719.257
1788480000000,229.67,229.88,229.37,229.69,2674.512
1788480900000,229.7,229.84,229.63,229.82,2091.957
1788481800000,229.83,229.91,229.68,229.81,1470.941
1788482700000,229.81,229.92,229.79,229.89,943.822
1788483600000,229.86,229.86,229.63,229.68,1037.827
1788484500000,229.68,229.97,229.62,229.92,1366.832
1788485400000,229.93,229.93,229.57,229.79,849.661
1788486300000,229.76,229.84,229.49,229.67,722.868
1788487200000,229.68,229.78,229.6,229.78,713.453
1788488100000,229.79,229.81,229.62,229.66,1064.924
1788489000000,229.66,230.01,229.66,229.98,1133.146
1788489900000,230,230.2,229.94,230.07,629.973
1788490800000,230.08,230.26,229.93,229.96,372.316
1788491700000,229.97,230.28,229.92,230.14,911.075
1788492600000,230.14,230.22,229.97,229.97,325.594
1788493500000,229.98,230.09,229.92,229.93,380.015
1788494400000,229.94,230.08,229.81,230.04,1245.567
1788495300000,230.04,230.16,229.92,230.16,649.559
1788496200000,230.16,230.19,230.05,230.08,657.179
1788497100000,230.09,230.37,230.06,230.28,565.369
1788498000000,230.26,230.44,230.22,230.38,905.214
1788498900000,230.31,230.69,230.3,230.59,763.103
1788499800000,230.55,230.55,230.21,230.21,343.553
1788500700000,230.23,230.35,230.07,230.24,511.348
1788501600000,230.27,230.49,230.24,230.46,490.485
1788502500000,230.46,230.46,230.13,230.17,609.886
1788503400000,230.16,230.18,229.9,229.91,605.269
1788504300000,229.92,229.93,229.59,229.7,1404.913
1788505200000,229.71,230.26,229.7,230.18,848.372
1788506100000,230.18,230.42,229.99,230.41,471.967
1788507000000,230.39,230.47,230.16,230.26,719.328
1788507900000,230.25,230.51,230.25,230.31,1086.76
1788508800000,230.36,230.84,230.23,230.71,2265.252
1788509700000,230.71,231.06,230.56,230.93,1267.309
1788510600000,230.94,230.94,230.35,230.48,1358.792
1788511500000,230.51,230.66,230.42,230.64,1168.602
1788512400000,230.64,230.64,230.07,230.09,2553.536
1788513300000,230.09,230.48,229.98,230.35,1235.393
1788514200000,230.35,230.6,230.32,230.57,731.581
1788515100000,230.59,231,230.57,230.9,905.716
1788516000000,230.98,231.79,230.98,231.78,1955.332
1788516900000,231.75,232.49,231.7,232.28,1794.686
1788517800000,232.25,232.27,231.66,231.74,2923.91
1788518700000,231.73,232.13,231.58,231.59,6348.519
1788519600000,231.56,231.69,231.22,231.44,3851.12
1788520500000,231.38,231.56,231.1,231.2,7377.106
1788521400000,231.2,231.45,231.05,231.13,1910.459
1788522300000,231.14,231.39,231.07,231.3,992.941
1788523200000,231.35,232.17,231.24,232,2867.488
1788524100000,231.86,232.13,231.52,231.81,7303.735
1788525000000,231.82,231.84,230.52,230.92,11211.919
1788525900000,230.91,230.91,230.11,230.51,9296.187
1788526800000,230.39,230.67,230.32,230.6,1030.766
1788527700000,230.62,231.67,230.62,231.07,6624.679
1788528600000,231.08,233.8,229.97,233.03,17820.971
1788529500000,232.93,234.64,232.68,234.5,7615.867
1788530400000,234.55,234.55,232.98,234.18,5137.248
1788531300000,234.18,234.73,233.41,234.66,7542.965
1788532200000,234.71,234.71,233.3,233.5,5096.581
1788533100000,233.47,233.52,232.19,232.26,4309.561
1788534000000,232.23,232.8,231.72,232.49,4175.258
1788534900000,232.49,232.58,231.85,231.91,2041.574
1788535800000,231.87,232.06,231.36,231.87,2559.252
1788536700000,231.88,231.94,230.77,231.15,4321.246
1788537600000,231.12,231.4,230.65,231.21,2647.422
1788538500000,231.26,231.31,230.83,231.25,1651.826
1788539400000,231.24,231.7,231.13,231.69,3116.724
1788540300000,231.71,232.3,231.38,231.66,1904.977
1788541200000,231.67,231.72,231.03,231.06,1661.736
1788542100000,231.02,231.09,230.65,230.76,11978.789
1788543000000,230.76,230.76,230.39,230.44,1963.899
1788543900000,230.44,230.49,230.16,230.35,1876.027
1788544800000,230.35,230.41,230.05,230.33,5414.443
1788545700000,230.33,230.55,230.33,230.47,1241.665
1788546600000,230.46,230.49,230.2,230.38,758.792
1788547500000,230.41,230.77,230.41,230.7,2959.495
1788548400000,230.68,230.74,230.01,230.11,1599.742
1788549300000,230.11,230.29,229.97,229.97,517.912
1788550200000,229.95,230.34,229.72,230.1,1567.462
1788551100000,230.13,231,230.13,230.32,4196.442
1788552000000,230.42,230.42,229.73,230.08,2126.68
1788552900000,230.08,230.08,229.9,230.05,782.253
1788553800000,230.05,230.14,230.03,230.13,291.62
1788554700000,230.13,230.17,230.04,230.07,810.204
1788555600000,230.09,230.12,230.01,230.11,779.927
1788556500000,230.11,230.23,230.04,230.06,1066.489
1788557400000,230.06,230.12,230.04,230.12,211.121
1788558300000,230.11,230.15,230.09,230.14,116.181
1788559200000,230.13,230.22,230.03,230.03,294.829
1788560100000,230.04,230.11,229.99,230.11,441.548
1788561000000,230.12,230.14,230.04,230.08,212.149
1788561900000,230.09,230.14,230.03,230.03,102.055
1788562800000,230.03,230.07,229.95,230.06,294.719
1788563700000,230.06,230.15,229.96,230.04,870.248
1788564600000,230.05,230.05,229.85,229.86,351.551
1788565500000,229.85,229.93,229.65,229.67,1000.03
1788566400000,229.67,230.24,229.67,230.24,1194.143
1788567300000,230.25,230.28,229.94,230.03,224.382
1788568200000,230.04,230.16,230.01,230.08,152.195
1788569100000,230.08,230.1,229.95,230.06,240.18
1788570000000,230.08,230.25,230.08,230.14,744.348
1788570900000,230.13,230.16,230.11,230.13,102.401
1788571800000,230.13,230.28,230.12,230.24,535.761
1788572700000,230.26,230.27,230.15,230.15,273.303
1788573600000,230.15,230.2,230.15,230.17,98.735
1788574500000,230.18,230.23,230.15,230.15,208.41
1788575400000,230.15,230.17,230.15,230.16,92.55
1788576300000,230.16,230.19,230.13,230.13,151.541
1788577200000,230.13,230.16,230.11,230.14,76.778
1788578100000,230.13,230.2,230.1,230.18,94.107
1788579000000,230.16,230.24,230.16,230.22,119.752
1788579900000,230.22,230.23,230.18,230.22,24.103
1788580800000,230.2,230.25,230.2,230.25,118.451
1788581700000,230.26,230.29,230.23,230.25,182.118
1788582600000,230.26,230.26,230.22,230.22,104.016
1788583500000,230.22,230.24,230.19,230.22,161.382
1788584400000,230.24,230.43,230.23,230.43,422.107
1788585300000,230.42,230.43,230.37,230.38,91.979
1788586200000,230.38,230.39,230.31,230.32,95.02
1788587100000,230.33,230.41,230.33,230.37,46.964
1788588000000,230.38,230.38,230.36,230.36,81.379
1788588900000,230.37,230.37,230.32,230.35,195.759
1788589800000,230.35,230.43,230.35,230.41,81.25
1788590700000,230.41,230.48,230.37,230.43,127.325
1788591600000,230.43,230.44,230.34,230.42,372.549
1788592500000,230.43,230.52,230.42,230.52,236.746
1788593400000,230.51,230.61,230.51,230.6,189.806
1788594300000,230.6,230.6,230.51,230.53,208.599
1788595200000,230.53,230.59,230.52,230.58,286.531
1788596100000,230.58,230.6,230.55,230.57,241.158
1788597000000,230.57,230.58,230.53,230.55,326.843
1788597900000,230.56,230.6,230.55,230.59,312.665
1788598800000,230.58,230.61,230.58,230.6,57.781
1788599700000,230.6,230.67,230.59,230.65,211.007
1788600600000,230.66,230.66,230.57,230.59,301.958
1788601500000,230.59,230.6,230.49,230.57,558.904
1788602400000,230.58,230.59,230.56,230.59,39.569
1788603300000,230.57,230.64,230.54,230.62,155.962
1788604200000,230.6,230.6,230.47,230.47,249.582
1788605100000,230.46,230.55,230.46,230.55,38.59
1788606000000,230.53,230.56,230.52,230.55,189.643
1788606900000,230.55,230.55,230.53,230.54,65.327
1788607800000,230.53,230.64,230.53,230.63,116.572
1788608700000,230.64,230.68,230.64,230.66,106.121
1788609600000,230.66,230.69,230.63,230.64,145.745
1788610500000,230.63,230.66,230.63,230.63,124.339
1788611400000,230.64,230.65,230.6,230.61,246.24
1788612300000,230.61,230.84,230.59,230.73,2085.344
1788613200000,230.73,230.76,230.73,230.73,146.16
1788614100000,230.75,230.86,230.74,230.8,605.249
1788615000000,230.8,230.8,230.72,230.73,482.495
1788615900000,230.74,230.86,230.69,230.75,533.848
1788616800000,230.77,230.84,230.77,230.82,145.228
1788617700000,230.81,230.89,230.81,230.89,120.211
1788618600000,230.89,230.9,230.87,230.9,308.984
1788619500000,230.9,230.94,230.89,230.91,262.558
1788620400000,230.91,231,230.91,230.97,359.107
1788621300000,230.98,231,230.98,231,114.57
1788622200000,231,231,230.99,231,1124.532
1788623100000,230.99,231,230.99,231,975.488
1788624000000,230.99,231,230.99,231,230.814
1788624900000,231,231.07,230.98,231.03,814.338
1788625800000,231.02,231.2,231.02,231.19,251.297
1788626700000,231.2,231.25,231.18,231.23,601.852
1788627600000,231.23,231.25,231.17,231.2,414.178
1788628500000,231.18,231.19,231.09,231.11,453.931
1788629400000,231.11,231.14,231.08,231.1,331.76
1788630300000,231.1,231.1,231.05,231.07,50.859
1788631200000,231.05,231.07,231.02,231.02,308.057
1788632100000,231.03,231.07,230.89,230.91,812.185
1788633000000,230.9,230.95,230.76,230.82,1953.163
1788633900000,230.85,230.99,230.53,230.86,3514.945
1788634800000,230.85,230.9,230.85,230.89,48.798
1788635700000,230.89,230.9,230.89,230.89,79.291
1788636600000,230.9,230.94,230.82,230.88,421.535
1788637500000,230.89,230.89,230.87,230.87,28.661
1788638400000,230.89,230.93,230.81,230.81,406.203
1788639300000,230.81,230.84,230.77,230.82,488.459
1788640200000,230.82,230.82,230.77,230.81,173.661
1788641100000,230.81,230.82,230.73,230.75,286.34
1788642000000,230.75,230.8,230.7,230.72,533.285
1788642900000,230.72,230.76,230.7,230.73,403.629
1788643800000,230.75,230.77,230.72,230.74,236.514
1788644700000,230.73,230.83,230.72,230.82,241.504
1788645600000,230.82,231.04,230.7,230.98,1640.841
1788646500000,230.96,230.98,230.94,230.96,509.509
1788647400000,230.96,231.1,230.95,230.95,432.971
1788648300000,230.95,231.08,230.94,231.07,142.007
1788649200000,231.08,231.12,231.07,231.07,77.109
1788650100000,231.07,231.26,231,231.09,558.482
1788651000000,231.08,231.08,230.87,231.01,337.575
1788651900000,231.01,231.07,230.98,230.98,192.241
1788652800000,230.97,231,230.88,230.99,105.077
1788653700000,230.98,231.01,230.92,230.94,100.975
1788654600000,230.99,231.08,230.98,231.03,377.237
1788655500000,231.03,231.05,231,231.03,335.234
1788656400000,231.02,231.2,230.97,230.98,829.696
1788657300000,230.98,231.06,230.97,231,202.229
1788658200000,231.01,231.1,231.01,231.07,303.349
1788659100000,231.08,231.16,231.06,231.12,345.52
1788660000000,231.12,231.2,231.03,231.12,319.84
1788660900000,231.12,231.2,231.02,231.13,197.262
1788661800000,231.12,231.24,231.09,231.21,373.121
1788662700000,231.21,231.22,231.16,231.21,380.018
1788663600000,231.2,231.2,231.06,231.07,187.772
1788664500000,231.07,231.12,231.02,231.05,496.067
1788665400000,231.05,231.23,231.03,231.14,663.523
1788666300000,231.13,231.14,231.02,231.02,338.11
1788667200000,231.02,231.14,231.01,231.13,212.23
1788668100000,231.14,231.19,231.06,231.15,193.962
1788669000000,231.15,231.18,231.1,231.1,373.055
1788669900000,231.09,231.21,231.06,231.17,632.724
1788670800000,231.18,231.21,231.16,231.21,174.71
1788671700000,231.2,231.28,231.14,231.28,251.8
1788672600000,231.24,231.3,231.12,231.28,592.785
1788673500000,231.28,231.32,231.22,231.24,241.786
1788674400000,231.24,231.29,231.13,231.29,214.349
1788675300000,231.29,231.29,231.12,231.19,150.822
1788676200000,231.17,231.22,231.17,231.2,150.038
1788677100000,231.2,231.2,230.96,231.09,1043.862
1788678000000,231.12,231.34,231.11,231.33,513.908
1788678900000,231.34,231.45,231.14,231.19,906.088
1788679800000,231.17,231.24,231.11,231.24,360.031
1788680700000,231.22,231.24,231.16,231.2,120.158
1788681600000,231.2,231.31,231.18,231.21,617.844
1788682500000,231.21,231.27,231.19,231.21,264.015
1788683400000,231.21,231.25,231.18,231.24,196.788
1788684300000,231.24,231.28,231.21,231.25,198.913
1788685200000,231.23,231.36,231.23,231.31,256.54
1788686100000,231.34,231.51,231.28,231.51,183.883
1788687000000,231.51,231.6,231.46,231.47,697.99
1788687900000,231.48,231.52,231.46,231.5,212.949
1788688800000,231.5,231.56,231.47,231.53,117.207
1788689700000,231.53,231.57,231.49,231.51,117.524
1788690600000,231.52,231.52,231.3,231.37,347.577
1788691500000,231.38,231.49,231.34,231.4,400.995
1788692400000,231.42,231.49,231.37,231.47,157.807
1788693300000,231.49,231.49,231.31,231.32,185.569
1788694200000,231.33,231.45,231.3,231.39,208.953
1788695100000,231.39,231.47,231.38,231.39,235.669
1788696000000,231.38,231.45,231.34,231.37,304.648
1788696900000,231.41,231.47,231.35,231.35,250.105
1788697800000,231.39,231.43,231.32,231.32,303.972
1788698700000,231.33,231.54,231.31,231.4,230.72
1788699600000,231.42,231.43,231.24,231.32,461.409
1788700500000,231.32,231.33,231.16,231.19,640.656
1788701400000,231.19,231.25,231.16,231.23,394.948
1788702300000,231.23,231.24,231.1,231.1,494.559
1788703200000,231.11,231.18,231.02,231.11,299.6
1788704100000,231.11,231.19,231.01,231.05,449.809
1788705000000,231.05,231.25,230.91,231.23,1003.515
1788705900000,231.24,231.24,231.12,231.12,148.038
1788706800000,231.13,231.13,230.95,231.06,224.075
1788707700000,231.06,231.18,231.05,231.11,283.29
1788708600000,231.12,231.16,231.1,231.14,191.695
1788709500000,231.15,231.21,231.08,231.19,501.851
1788710400000,231.19,231.23,231.17,231.22,439.447
1788711300000,231.22,231.24,231.04,231.11,666.951
1788712200000,231.12,231.24,231.09,231.12,337.484
1788713100000,231.13,231.27,231.11,231.21,205.164
1788714000000,231.2,231.32,231.2,231.3,483.965
1788714900000,231.3,231.32,231.16,231.19,395.561
1788715800000,231.19,231.25,231.19,231.25,208.712
1788716700000,231.25,231.25,231.16,231.24,181.722
1788717600000,231.23,231.3,231.22,231.25,239.123
1788718500000,231.25,231.25,231.09,231.23,307.424
1788719400000,231.22,231.29,231.15,231.25,290.68
1788720300000,231.25,231.31,231.25,231.29,90.953
1788721200000,231.3,231.31,231.22,231.3,123.479
1788722100000,231.3,231.31,231.19,231.3,176.063
1788723000000,231.32,231.35,231.2,231.22,292.003
1788723900000,231.22,231.38,231.22,231.37,149.228
1788724800000,231.39,231.39,231.28,231.35,226.933
1788725700000,231.33,231.43,231.3,231.43,300.482
1788726600000,231.43,231.47,231.39,231.44,350.184
1788727500000,231.44,231.5,231.32,231.32,916.275
1788728400000,231.32,231.51,231.32,231.47,418.59
1788729300000,231.47,231.47,231.39,231.41,166.746
1788730200000,231.4,231.65,231.4,231.54,1192.772
1788731100000,231.54,231.55,231.38,231.42,180.842
1788732000000,231.42,231.42,231.09,231.29,2275.18
1788732900000,231.29,231.38,231.06,231.29,646.304
1788733800000,231.29,231.39,231.23,231.32,494.425
1788734700000,231.31,231.39,231.24,231.28,190.584
1788735600000,231.27,231.42,231.19,231.2,970.746
1788736500000,231.21,231.37,231.12,231.13,1088.629
1788737400000,231.13,231.25,231.04,231.18,1185.937
1788738300000,231.17,231.25,230.97,231.14,1001.132
1788739200000,231.11,231.45,231.05,231.35,1280.929
1788740100000,231.36,231.37,231.2,231.28,247.632
1788741000000,231.28,231.34,231.15,231.3,687.691
1788741900000,231.26,231.31,231.06,231.11,397.57
1788742800000,231.13,231.25,231.03,231.12,303.352
1788743700000,231.13,231.2,231,231.2,455.949
1788744600000,231.2,231.42,231.12,231.39,674.952
1788745500000,231.4,231.54,231.28,231.36,492.73
1788746400000,231.38,231.52,231.35,231.44,807.8
1788747300000,231.44,231.54,231.34,231.53,367.619
1788748200000,231.52,231.71,231.5,231.68,527.365
1788749100000,231.68,231.73,231.48,231.5,851.428
1788750000000,231.48,231.62,231.42,231.59,575.236
1788750900000,231.6,231.66,231.55,231.64,132.515
1788751800000,231.62,231.71,231.51,231.53,305.014
1788752700000,231.53,231.71,231.53,231.56,341.494
1788753600000,231.58,231.7,231.58,231.64,1211.4
1788754500000,231.65,231.68,231.6,231.68,792.755
1788755400000,231.68,231.68,231.53,231.61,992.196
1788756300000,231.61,231.66,231.57,231.65,470.566
1788757200000,231.64,231.78,231.6,231.67,1741.105
1788758100000,231.68,231.68,231.6,231.64,1184.115
1788759000000,231.64,231.68,231.61,231.68,960.966
1788759900000,231.68,231.69,231.67,231.68,929.495
1788760800000,231.68,231.69,231.67,231.69,199.637
1788761700000,231.69,231.83,231.68,231.82,1510.275
1788762600000,231.82,232,231.82,231.98,1924.151
1788763500000,231.98,232.12,231.97,232.12,435.417
1788764400000,232.11,232.38,232.11,232.36,655.422
1788765300000,232.36,232.36,232.06,232.06,1789.115
1788766200000,232.07,232.21,232.03,232.19,1321.158
1788767100000,232.19,232.38,232.18,232.37,760.324
1788768000000,232.36,232.8,232.35,232.64,1003.192
1788768900000,232.67,232.96,232.66,232.81,969.993
1788769800000,232.82,233.03,232.81,232.87,856.297
1788770700000,232.88,233,232.83,232.96,992.21
1788771600000,232.96,233.04,232.72,232.89,856.294
1788772500000,232.9,232.91,232.16,232.2,520.734
1788773400000,232.22,232.41,232.09,232.15,1965.849
1788774300000,232.15,232.28,231.93,231.97,1420.849
1788775200000,231.97,232.2,231.91,232.11,1138.187
1788776100000,232.11,232.25,231.98,232.07,808.677
1788777000000,232.07,232.27,232.03,232.27,659.621
1788777900000,232.27,232.36,231.95,232.09,1068.963
1788778800000,232.11,232.27,231.95,232.25,729.586
1788779700000,232.25,232.26,231.91,232.14,681.849
1788780600000,232.13,232.19,231.92,231.97,1654.024
1788781500000,231.96,232.06,231.76,231.79,1456.495
1788782400000,231.79,231.95,231.75,231.86,924.449
1788783300000,231.87,231.94,231.72,231.84,1395.775
1788784200000,231.87,232,231.81,231.97,316.199
1788785100000,231.97,232.19,231.95,232.13,663.317
1788786000000,232.11,232.39,232.09,232.36,819.449
1788786900000,232.36,232.45,232.17,232.25,1035.558
1788787800000,232.24,232.27,232.04,232.2,1328.468
1788788700000,232.21,232.36,232.09,232.24,487.273
1788789600000,232.22,232.29,231.97,232.07,266.327
1788790500000,232.11,232.2,231.96,232.12,376.703
1788791400000,232.12,232.13,231.91,232.09,570.559
1788792300000,232.03,232.34,231.98,232.08,797.078
1788793200000,232.07,232.18,231.92,232,619.676
1788794100000,232.03,232.09,231.84,231.94,1256.321
1788795000000,231.92,231.92,231.47,231.57,1536.882
1788795900000,231.58,231.68,231.5,231.67,399.398
1788796800000,231.7,231.9,231.66,231.84,229.727
1788797700000,231.92,231.92,231.67,231.72,581.658
1788798600000,231.7,231.77,231.6,231.73,664.02
1788799500000,231.75,231.75,231.51,231.51,694.044
1788800400000,231.56,231.8,231.56,231.78,743.435
1788801300000,231.81,231.81,231.64,231.78,421.08
1788802200000,231.78,231.9,231.78,231.87,275.693
1788803100000,231.85,231.97,231.77,231.91,1107.923
1788804000000,231.91,232.08,231.9,232.07,640.676
1788804900000,232.07,232.12,231.96,232.12,189.99
1788805800000,232.1,232.14,231.86,231.86,314.533
1788806700000,231.88,231.95,231.83,231.88,337.738
1788807600000,231.87,231.92,231.74,231.92,1883.346
1788808500000,231.97,232.25,231.97,232.25,564.763
1788809400000,232.24,232.3,232.16,232.19,734.342
1788810300000,232.21,232.21,231.82,231.9,1737.878
1788811200000,231.92,232.12,231.81,232.01,1758.674
1788812100000,232.02,232.02,231.82,231.87,400.464
1788813000000,231.89,231.98,231.87,231.98,130.483
1788813900000,231.98,232,231.95,231.98,308.557
1788814800000,231.98,232,231.81,231.93,984.465
1788815700000,231.95,232,231.94,232,689.426
1788816600000,231.99,232.07,231.96,232.03,653.759
1788817500000,232.03,232.05,231.97,232.04,144.057
1788818400000,232.04,232.04,231.56,231.6,2580.905
1788819300000,231.6,231.61,231.41,231.44,380.844
1788820200000,231.45,231.45,231.22,231.22,595.67
1788821100000,231.22,231.4,231.15,231.26,1323.005
1788822000000,231.26,231.29,231.16,231.29,393.42
1788822900000,231.28,231.35,231.14,231.3,378.813
1788823800000,231.29,231.55,231.2,231.55,497.541
1788824700000,231.52,231.66,231.32,231.38,398.822
1788825600000,231.42,231.42,230.62,230.73,18844.964
1788826500000,230.73,232.04,230.62,232.01,8085.199
1788827400000,232,232.12,231.79,231.83,6023.048
1788828300000,231.82,232.12,231.71,231.87,2280.981
1788829200000,231.87,232.15,231.67,232.1,1539.714
1788830100000,232.11,232.11,231.94,232.11,1152.628
1788831000000,232.05,232.42,231.98,232.42,1338.193
1788831900000,232.42,232.74,232.32,232.56,1530.884
1788832800000,232.58,232.73,232.44,232.65,1601.463
1788833700000,232.63,232.67,232.33,232.61,1162.386
1788834600000,232.62,232.62,232.29,232.35,2222.791
1788835500000,232.35,232.44,232.16,232.29,1388.968
1788836400000,232.27,232.67,232.25,232.67,2337.576
1788837300000,232.68,232.82,232.61,232.8,583.24
1788838200000,232.8,233.07,232.71,232.95,3159.912
1788839100000,232.94,233.13,232.89,233.05,1192.412
1788840000000,233.04,233.07,232.81,232.87,941.177
1788840900000,232.85,233.02,232.79,232.88,771.873
1788841800000,232.88,233.14,232.8,233.01,922.386
1788842700000,233.01,233.09,232.94,232.95,862.072
1788843600000,232.94,233.06,232.27,232.34,2566.45
1788844500000,232.32,232.81,232.22,232.45,3953.067
1788845400000,232.46,232.54,232.14,232.15,2034.003
1788846300000,232.16,232.26,231.86,231.93,1314.498
1788847200000,231.92,231.97,231.61,231.66,2411.549
1788848100000,231.61,231.7,231.44,231.56,2813.892
1788849000000,231.53,231.8,231.38,231.61,1471.101
1788849900000,231.63,231.7,231.24,231.33,1368.719
1788850800000,231.31,231.74,231.24,231.56,1770.936
1788851700000,231.56,231.81,231.4,231.69,1089.961
1788852600000,231.64,231.64,231.16,231.33,1371.32
1788853500000,231.34,231.52,231.28,231.32,1549.384
1788854400000,231.33,231.36,230.42,230.87,3815.145
1788855300000,230.88,230.95,230.7,230.81,2140.435
1788856200000,230.78,230.88,230.56,230.65,1265.335
1788857100000,230.61,230.9,230.45,230.54,2578.135
1788858000000,230.54,230.98,230.3,230.94,2762.977
1788858900000,230.94,231.03,230.84,231.03,1186.536
1788859800000,230.99,231.65,230.99,231.46,1614.441
1788860700000,231.45,231.79,231.45,231.79,808.257
1788861600000,231.79,231.9,231.54,231.6,1401.42
1788862500000,231.59,231.99,231.53,231.76,1787.476
1788863400000,231.72,231.74,231.27,231.73,1450.944
1788864300000,231.64,231.64,231.01,231.24,1930.42
1788865200000,231.19,231.32,230.72,230.82,2370.112
1788866100000,230.85,231.21,230.85,231.03,2227.8
1788867000000,231.03,231.23,230.8,230.83,1948.139
1788867900000,230.84,231.66,230.8,231.64,1839.023
1788868800000,231.63,231.65,231.31,231.36,1390.074
1788869700000,231.36,231.87,231.3,231.72,1126.622
1788870600000,231.81,232.26,231.78,232.02,3007.517
1788871500000,232.05,232.59,232.03,232.26,3610.32
1788872400000,232.27,232.62,232.23,232.61,1243.211
1788873300000,232.6,233.17,232.46,233.14,2494.861
1788874200000,233.15,233.65,229.57,229.79,11018.165
1788875100000,229.79,230.46,229.13,229.61,6395.683
1788876000000,229.58,229.66,228.15,228.52,9237.154
1788876900000,228.52,228.71,227.63,227.97,5417.778
1788877800000,227.94,227.95,227.17,227.49,11755.748
1788878700000,227.47,227.56,226.86,227.19,8835.713
1788879600000,227.14,227.8,227,227.48,4533.365
1788880500000,227.46,227.6,226.47,226.9,3388.097
1788881400000,226.9,227.14,226.42,226.97,4716.748
1788882300000,226.97,226.97,226.13,226.32,3172.982
1788883200000,226.3,226.53,225.9,226.11,7429.828
1788884100000,226.11,226.12,225.6,225.67,5223.641
1788885000000,225.65,226.22,225.58,225.84,4556.442
1788885900000,225.88,226.2,225.69,225.76,3498.782
1788886800000,225.77,226.41,225.76,226.11,2032.819
1788887700000,226.11,226.25,225.48,225.65,1745.811
1788888600000,225.73,226.24,225.71,225.91,1367.989
1788889500000,225.92,226.13,225.78,225.8,1594.101
1788890400000,225.78,226.04,225.71,225.86,1828.739
1788891300000,225.87,226.15,225.86,226.07,1825.685
1788892200000,226.1,226.37,225.84,226.2,2089.472
1788893100000,226.21,226.21,225.38,225.72,2104.438
1788894000000,225.62,225.75,225.44,225.48,1904.207
1788894900000,225.53,225.59,225.33,225.53,778.965
1788895800000,225.54,225.86,225.33,225.54,1490.415
1788896700000,225.57,225.85,224.92,225.85,4557.622
1788897600000,225.8,225.91,225.54,225.77,1082.509
1788898500000,225.76,225.77,225.55,225.55,292.323
1788899400000,225.54,225.65,225.52,225.55,527.341
1788900300000,225.54,225.73,225.54,225.72,674.059
1788901200000,225.72,225.75,225.67,225.71,360.169
1788902100000,225.71,225.74,225.64,225.65,241.859
1788903000000,225.66,225.69,225.63,225.67,494.598
1788903900000,225.66,225.68,225.59,225.63,944.24
1788904800000,225.63,225.75,225.5,225.64,723.768
1788905700000,225.67,225.8,225.65,225.78,784.228
1788906600000,225.8,225.96,225.71,225.94,1372.95
1788907500000,225.91,225.99,225.89,225.99,234.019
1788908400000,225.99,226.03,225.86,225.87,562.869
1788909300000,225.85,225.89,225.71,225.71,527.825
1788910200000,225.71,225.72,225.39,225.41,537.674
1788911100000,225.39,225.53,225.28,225.29,1211.721
1788912000000,225.29,225.84,225.25,225.64,3413.208
1788912900000,225.62,225.74,225.49,225.62,2100.567
1788913800000,225.62,225.8,225.43,225.74,1128.803
1788914700000,225.77,226,225.7,226,821.395
1788915600000,225.99,226.09,225.8,225.82,2825.863
1788916500000,225.85,226.02,225.74,225.99,2935.914
1788917400000,225.99,226.18,225.93,226.07,3805.977
1788918300000,226.07,226.12,225.9,225.98,1537.794
1788919200000,225.96,226.1,225.96,225.98,579.246
1788920100000,225.98,226.04,225.87,226.01,843.828
1788921000000,226.01,226.21,225.99,226.2,606.267
1788921900000,226.2,226.32,226.12,226.13,1163.735
1788922800000,226.13,226.15,225.95,226.03,864.024
1788923700000,226.04,226.22,226.04,226.12,443.507
1788924600000,226.11,226.19,226.09,226.13,1084.968
1788925500000,226.13,226.13,225.89,225.9,715.634
1788926400000,225.91,226.14,225.82,225.85,1066.82
1788927300000,225.85,226.11,225.82,226.07,858.897
1788928200000,226.07,226.15,226.02,226.12,641.544
1788929100000,226.14,226.21,226.09,226.19,330.264
1788930000000,226.18,226.21,226.15,226.15,699.519
1788930900000,226.16,226.16,225.95,226.06,897.375
1788931800000,226.07,226.18,225.98,226.02,637.095
1788932700000,226.02,226.17,225.92,226.15,1707.115
1788933600000,226.14,226.36,226.13,226.32,879.502
1788934500000,226.32,226.47,226.1,226.16,1890.114
1788935400000,226.16,226.3,226.15,226.28,927.425
1788936300000,226.29,226.3,226.11,226.13,741.075
1788937200000,226.11,226.34,225.96,226.13,1020.733
1788938100000,226.12,226.35,225.97,226.35,692.998
1788939000000,226.36,226.41,226.25,226.33,1208.324
1788939900000,226.32,226.38,226.18,226.29,672.25
1788940800000,226.29,226.44,226.12,226.17,2825.167
1788941700000,226.15,226.39,226.09,226.38,1858.099
1788942600000,226.38,226.4,225.94,225.94,1392.241
1788943500000,225.95,226.21,225.93,226.15,1675.013
1788944400000,226.16,226.18,225.92,226.04,1315.106
1788945300000,226.05,226.08,225.74,225.88,1787.03
1788946200000,225.89,225.91,225.34,225.4,2804.473
1788947100000,225.4,225.49,224.13,224.22,6224.775
1788948000000,224.22,224.54,223.94,224.35,6622.695
1788948900000,224.25,224.56,224.11,224.52,3533.524
1788949800000,224.45,224.78,224.32,224.39,1911.546
1788950700000,224.39,224.55,224.17,224.32,2271.126
1788951600000,224.37,224.88,224.23,224.57,2337.11
1788952500000,224.57,224.83,224.37,224.71,2509.537
1788953400000,224.71,224.93,224.55,224.8,3025.446
1788954300000,224.79,225.3,224.78,224.9,3165.7
1788955200000,224.93,224.93,224.42,224.45,4598.266
1788956100000,224.43,224.8,224.42,224.56,2854.304
1788957000000,224.53,224.74,224.49,224.69,2067.717
1788957900000,224.68,224.85,224.62,224.66,891.293
1788958800000,224.65,224.87,224.61,224.72,1095.625
1788959700000,224.72,225.29,224.37,225.29,2220.073
1788960600000,225.27,226.14,224.68,224.91,8624.847
1788961500000,224.88,225.23,224.51,224.94,8840.846
1788962400000,224.92,224.92,223.9,224.33,3312.942
1788963300000,224.23,225.34,223.64,224.9,7205.172
1788964200000,224.89,225.37,224.22,224.44,8093.178
1788965100000,224.46,224.72,224.09,224.43,4359.657
1788966000000,224.43,224.74,224.22,224.28,3777.063
1788966900000,224.26,224.57,223.52,223.61,4478.411
1788967800000,223.61,224.55,223.58,224.18,5353.85
1788968700000,224.16,224.42,224.08,224.39,2524.229
1788969600000,224.39,224.42,223.84,223.85,1985.849
1788970500000,223.85,223.91,223.67,223.81,3914.79
1788971400000,223.83,224.13,223.72,224.11,1377.394
1788972300000,224.12,224.33,224,224.04,1353.582
1788973200000,224,224.43,223.89,224.34,1143.08
1788974100000,224.35,224.36,224.16,224.23,2113.69
1788975000000,224.23,224.32,224.03,224.3,1590.527
1788975900000,224.28,224.34,224.07,224.2,3252.683
1788976800000,224.21,224.36,224.04,224.08,1607.549
1788977700000,224.09,224.23,223.9,224.17,1516.645
1788978600000,224.16,224.2,224.06,224.12,393.941
1788979500000,224.13,224.17,223.62,223.62,2100.887
1788980400000,223.61,224.12,223.5,223.66,3695.259
1788981300000,223.59,224.32,223.58,224.14,3804.707
1788982200000,224.13,224.19,223.74,223.84,2136.079
1788983100000,223.84,224.01,223.51,223.76,4921.317
1788984000000,223.76,223.92,223.63,223.69,2902.039
1788984900000,223.69,223.75,223.61,223.71,550.479
1788985800000,223.71,223.74,223.68,223.72,319.467
1788986700000,223.71,223.72,223.64,223.69,254.187
1788987600000,223.69,223.71,223.63,223.65,254.761
1788988500000,223.65,223.67,223.62,223.64,364.212
1788989400000,223.64,223.67,223.61,223.64,406.826
1788990300000,223.64,223.64,223.53,223.59,513.943
1788991200000,223.6,223.63,223.38,223.53,1525.567
1788992100000,223.52,223.55,223.47,223.5,1046.957
1788993000000,223.51,223.66,223.51,223.63,414.184
1788993900000,223.63,223.64,223.52,223.54,227.616
1788994800000,223.54,223.59,223.49,223.53,1086.062
1788995700000,223.52,223.61,223.51,223.51,486.5
1788996600000,223.51,223.54,223.47,223.5,189.471
1788997500000,223.51,223.63,223.46,223.63,196.092
1788998400000,223.62,223.8,223.44,223.46,3734.45
1788999300000,223.48,223.55,222.95,223.41,6013.395
1789000200000,223.41,223.41,223.14,223.31,1926.16
1789001100000,223.29,223.32,223.02,223.02,1608.058
1789002000000,223.03,223.17,222.83,222.86,4125.163
1789002900000,222.85,222.99,222.47,222.49,3400.722
1789003800000,222.49,222.7,222.34,222.7,2608.004
1789004700000,222.68,222.81,222.55,222.76,2012.34
1789005600000,222.76,222.87,222.65,222.8,1326.452
1789006500000,222.81,222.83,222.56,222.61,1915.214
1789007400000,222.6,223.05,222.57,222.89,2437.474
1789008300000,222.9,223.1,222.9,223,884.064
1789009200000,223,223.08,222.93,222.98,663.252
1789010100000,222.98,223.08,222.9,223.08,599.907
1789011000000,223.08,223.11,222.93,223.1,704.299
1789011900000,223.1,223.16,223.02,223.14,699.542
1789012800000,223.13,223.17,223.08,223.09,447.225
1789013700000,223.08,223.16,223.01,223.05,156.653
1789014600000,223.02,223.06,222.9,222.91,316.604
1789015500000,222.9,223.23,222.89,223.23,322.733
1789016400000,223.24,223.34,223.1,223.34,629.575
1789017300000,223.34,223.34,223.15,223.28,359.209
1789018200000,223.29,223.46,223.26,223.44,1465.012
1789019100000,223.47,223.51,223.19,223.28,670.274
1789020000000,223.27,223.35,222.99,223,634.938
1789020900000,222.98,223.03,222.78,223.03,1096.092
1789021800000,223.03,223.08,222.93,223.06,704.367
1789022700000,223.09,223.29,223.08,223.14,634.922
1789023600000,223.11,223.16,222.99,223.06,853.916
1789024500000,223.06,223.09,222.89,222.89,235
1789025400000,222.89,222.95,222.77,222.91,930.649
1789026300000,222.9,223.01,222.85,222.86,654.313
1789027200000,222.86,223.08,222.69,222.87,4408.709
1789028100000,222.87,223.36,222.86,223.34,2042.537
1789029000000,223.34,223.52,223.19,223.23,3600.491
1789029900000,223.23,223.29,223.07,223.18,1712.422
1789030800000,223.17,223.42,223.1,223.41,1368.33
1789031700000,223.42,223.5,223.33,223.48,1373.289
1789032600000,223.47,223.47,222.97,223.17,3722.912
1789033500000,223.17,223.37,223.16,223.22,2283.172
1789034400000,223.23,223.33,223.11,223.21,1134.817
1789035300000,223.21,223.26,223.05,223.11,784.05
1789036200000,223.11,223.11,222.74,222.99,2846.008
1789037100000,222.96,223.14,222.74,222.92,1232.128
1789038000000,222.96,222.98,222.56,222.81,4904.694
1789038900000,222.82,222.83,222.46,222.54,1067.012
1789039800000,222.54,222.74,222.39,222.43,1534.375
1789040700000,222.43,222.47,222.1,222.14,2690.115
1789041600000,222.14,222.2,221.78,222.12,2838.909
1789042500000,222.11,222.12,221.69,221.92,3088.905
1789043400000,221.98,222.19,220.8,220.88,4480.506
1789044300000,220.89,220.93,220.22,220.25,4376.781
1789045200000,220.24,220.73,220.24,220.52,7420.089
1789046100000,220.52,221.11,220.27,220.55,3581.08
1789047000000,220.53,220.99,218.41,218.41,15345.123
1789047900000,218.41,218.89,217.25,217.44,10705.28
1789048800000,217.44,218.41,217.44,218.01,4429.822
1789049700000,218.04,219.04,217.94,218.29,4593.091
1789050600000,218.29,218.52,218.01,218.36,4707.656
1789051500000,218.39,218.57,217.86,218.15,1810.651
1789052400000,218.17,218.63,218.03,218.37,984.336
1789053300000,218.37,218.53,217.9,218.22,723.021
1789054200000,218.21,219.02,218.1,218.8,1591.695
1789055100000,218.8,219.16,218.59,218.88,1226.061
1789056000000,218.88,219.12,218.28,218.28,9331.38
1789056900000,218.3,218.62,217.63,217.75,7771.521
1789057800000,217.77,218.4,217.7,218.4,1555.261
1789058700000,218.42,218.86,218.4,218.76,1367.076
1789059600000,218.76,219.07,218.66,218.81,963.117
1789060500000,218.82,218.89,218.53,218.76,5593.025
1789061400000,218.75,218.75,218.2,218.42,1921.944
1789062300000,218.42,218.66,218.35,218.43,1681.988
1789063200000,218.43,218.57,218.09,218.25,645.589
1789064100000,218.26,218.37,218.11,218.12,692.129
1789065000000,218.12,218.13,217.85,217.95,1484.3
1789065900000,217.97,218.46,217.85,218.3,3533.687
1789066800000,218.29,218.31,217.74,218,2010.561
1789067700000,218,218.4,217.99,218.35,670.6
1789068600000,218.35,218.78,218.28,218.53,2642.916
1789069500000,218.53,218.84,218.3,218.45,2941.85
1789070400000,218.47,218.6,218.25,218.6,3176.946
1789071300000,218.59,218.7,218.47,218.54,1183.202
1789072200000,218.55,218.59,218.37,218.51,901.132
1789073100000,218.51,218.56,218.31,218.4,2068.173
1789074000000,218.42,219.98,218.42,219.41,6558.42
1789074900000,219.42,219.45,218.83,218.83,1975.116
1789075800000,218.83,218.96,218.62,218.64,1268.966
1789076700000,218.63,218.71,218.44,218.7,664.586
1789077600000,218.7,218.87,218.7,218.82,1175.275
1789078500000,218.82,218.9,218.6,218.6,366.524
1789079400000,218.61,218.61,218.36,218.37,309.466
1789080300000,218.36,218.48,218.32,218.32,963.788
1789081200000,218.37,218.43,218.25,218.3,623.556
1789082100000,218.29,218.36,218.19,218.27,364.81
1789083000000,218.27,218.32,218.15,218.17,529.102
1789083900000,218.16,218.18,217.75,217.81,809.537
1789084800000,217.82,218.57,217.81,218.19,1354.603
1789085700000,218.25,218.43,218.07,218.4,2692.193
1789086600000,218.4,218.61,218.24,218.32,1691.17
1789087500000,218.3,218.6,218.3,218.6,434.189
1789088400000,218.58,218.86,218.56,218.71,907.859
1789089300000,218.7,218.71,218.49,218.5,819.407
1789090200000,218.5,218.63,218.23,218.37,1607.3
1789091100000,218.37,218.48,218.27,218.45,1602.417
1789092000000,218.45,218.59,218.32,218.58,1450.163
1789092900000,218.58,218.58,218.3,218.34,1034.219
1789093800000,218.34,218.41,218.17,218.21,825.663
1789094700000,218.23,218.46,218.17,218.21,2282.789
1789095600000,218.19,218.28,218.03,218.15,804.256
1789096500000,218.14,218.32,218.08,218.25,1196.831
1789097400000,218.23,218.35,218.05,218.34,779.34
1789098300000,218.34,218.35,217.97,217.98,1312.032
1789099200000,217.97,218.16,217.8,218.15,1173.693
1789100100000,218.16,218.38,218.08,218.34,574.744
1789101000000,218.37,218.65,218.34,218.65,918.997
1789101900000,218.64,218.71,218.31,218.31,1204.473
1789102800000,218.33,218.64,218.24,218.64,1918.212
1789103700000,218.63,218.63,218.44,218.45,782.748
1789104600000,218.48,218.93,218.48,218.9,1152.331
1789105500000,218.9,219.25,218.82,219.15,1822.039
1789106400000,219.13,219.56,219.12,219.54,696.664
1789107300000,219.56,219.59,219.34,219.45,1098.27
1789108200000,219.45,219.57,219.34,219.42,579.432
1789109100000,219.43,219.9,219.43,219.82,1531.895
1789110000000,219.81,219.93,219.66,219.69,1861.357
1789110900000,219.7,220.02,219.63,219.71,1321.804
1789111800000,219.72,219.81,219.67,219.7,1513.33
1789112700000,219.68,219.68,219.56,219.62,738.784
1789113600000,219.65,219.85,219.55,219.64,1508.847
1789114500000,219.64,220.18,219.57,220.13,2297.761
1789115400000,220.11,220.31,220.08,220.12,1487.388
1789116300000,220.12,220.38,220.12,220.35,1088.134
1789117200000,220.39,220.56,219.99,220.06,1456.478
1789118100000,220.06,220.44,220.04,220.29,1732.603
1789119000000,220.29,220.32,220.12,220.19,1823.996
1789119900000,220.18,220.4,220.16,220.39,953.614
1789120800000,220.34,220.5,220.18,220.36,1035.648
1789121700000,220.36,220.4,220.25,220.27,1050.784
1789122600000,220.23,220.3,220.15,220.16,1634.31
1789123500000,220.15,220.32,220.14,220.21,615.482
1789124400000,220.2,220.23,219.67,219.85,1444.989
1789125300000,219.85,220.15,219.78,219.94,1368.237
1789126200000,219.94,220.05,219.8,219.94,724.933
1789127100000,219.93,219.98,219.7,219.71,1481.443
1789128000000,219.71,219.83,219.18,219.29,2903.977
1789128900000,219.25,219.86,219.23,219.82,4237.559
1789129800000,219.8,219.91,218.4,219.9,10766.228
1789130700000,219.92,221.54,219.82,221.4,6603.439
1789131600000,221.39,221.9,220.9,221.02,6436.787
1789132500000,221.02,221.38,220.81,221.28,1197.112
1789133400000,221.26,221.26,219.2,220.12,5279.645
1789134300000,220.17,221.71,219.38,221.69,5037.834
1789135200000,221.62,222.02,220.93,221.17,4973.677
1789136100000,221.23,221.93,220.78,221.69,3913.629
1789137000000,221.68,221.68,219.71,219.85,5429.599
1789137900000,219.84,220.06,219.38,219.56,2099.011
1789138800000,219.52,220.28,219.44,219.83,2596.88
1789139700000,219.88,220.58,219.88,220.25,3296.558
1789140600000,220.28,220.38,219.53,219.69,4163.8
1789141500000,219.63,219.89,219.6,219.75,1197.076
1789142400000,219.75,220.01,219.62,219.64,1385.041
1789143300000,219.64,219.64,219.17,219.19,1298.437
1789144200000,219.25,219.26,218.69,219.19,824.038
1789145100000,219.18,219.28,219.05,219.14,844.99
1789146000000,219.14,219.39,218.99,219.06,1328.28
1789146900000,219.08,219.47,219.01,219.29,662.046
1789147800000,219.3,219.44,219.08,219.31,355.776
1789148700000,219.33,219.44,219.19,219.23,380.339
1789149600000,219.22,219.29,219.13,219.25,189.51
1789150500000,219.24,219.56,219.2,219.56,510.074
1789151400000,219.58,220.01,219.56,219.7,1026.818
1789152300000,219.68,219.7,219.31,219.39,789.312
1789153200000,219.38,219.48,218.91,219.17,1187.096
1789154100000,219.22,219.27,218.5,218.51,3718.903
1789155000000,218.51,218.85,218.34,218.77,2963.874
1789155900000,218.82,218.86,218.31,218.33,1472.269
1789156800000,218.3,218.54,218.19,218.4,1511.512
1789157700000,218.41,218.48,218.39,218.43,120.824
1789158600000,218.42,218.47,218.37,218.46,190.452
1789159500000,218.44,218.48,218.44,218.47,139.585
1789160400000,218.46,218.48,218.37,218.41,501.057
1789161300000,218.41,218.47,218.4,218.44,468.587
1789162200000,218.44,218.47,218.41,218.42,586.283
1789163100000,218.42,218.44,218.35,218.42,646.892
1789164000000,218.4,218.42,218.36,218.4,394.252
1789164900000,218.38,218.44,218.33,218.39,748.148
1789165800000,218.38,218.42,218.22,218.23,561.253
1789166700000,218.23,218.34,218.22,218.34,213.953
1789167600000,218.31,218.38,218.26,218.37,1964.786
1789168500000,218.38,218.4,218.36,218.38,880.825
1789169400000,218.37,218.4,218.36,218.37,196.614
1789170300000,218.36,218.37,218.27,218.37,210.223
1789171200000,218.36,218.51,218.36,218.5,437.407
1789172100000,218.51,218.64,218.49,218.63,378.534
1789173000000,218.63,218.74,218.63,218.73,151.937
1789173900000,218.71,218.74,218.62,218.74,129.378
1789174800000,218.72,218.75,218.65,218.67,495.198
1789175700000,218.66,218.73,218.65,218.7,454.956
1789176600000,218.69,218.73,218.65,218.72,264.724
1789177500000,218.72,218.75,218.5,218.54,271.308
1789178400000,218.54,218.79,218.54,218.78,167.053
1789179300000,218.78,218.81,218.77,218.8,98.544
1789180200000,218.8,218.95,218.78,218.91,135.629
1789181100000,218.92,218.99,218.9,218.98,179.67
1789182000000,218.98,219.01,218.96,219,126.93
1789182900000,218.99,219.02,218.94,218.95,100.542
1789183800000,218.94,219,218.89,218.94,827.807
1789184700000,218.93,219.04,218.93,219.01,86.709
1789185600000,219.01,219.02,218.99,218.99,98.106
1789186500000,218.98,219.04,218.98,219.02,251.895
1789187400000,219.01,219.03,218.99,219.03,154.455
1789188300000,219.03,219.03,219.01,219.03,77.72
1789189200000,219.03,219.07,219.01,219.07,111.161
1789190100000,219.06,219.13,219.06,219.11,224.754
1789191000000,219.08,219.08,219.05,219.07,121.376
1789191900000,219.07,219.08,219.05,219.06,226.074
1789192800000,219.06,219.08,218.99,219.03,260.191
1789193700000,219.03,219.04,219.02,219.04,193.365
1789194600000,219.04,219.06,219.01,219.05,216.584
1789195500000,219.04,219.06,219,219.04,189.412
1789196400000,219.04,219.19,219.02,219.19,1074.768
1789197300000,219.19,219.19,219.17,219.19,166.63
1789198200000,219.19,219.22,219.17,219.19,283.818
1789199100000,219.2,219.24,219.17,219.18,73.277
1789200000000,219.18,219.2,219.07,219.08,580.917
1789200900000,219.08,219.14,219.01,219.14,171.481
1789201800000,219.13,219.25,219.13,219.25,73.383
1789202700000,219.25,219.28,219.18,219.28,149.698
1789203600000,219.28,219.29,219.2,219.21,72.637
1789204500000,219.21,219.23,219.04,219.16,380.668
1789205400000,219.16,219.22,219.16,219.19,68.327
1789206300000,219.19,219.23,219.18,219.21,65.079
1789207200000,219.22,219.29,219.22,219.29,96.495
1789208100000,219.29,219.29,219.21,219.28,356.286
1789209000000,219.27,219.28,219.23,219.25,113.412
1789209900000,219.25,219.25,219.13,219.17,686.348
1789210800000,219.17,219.19,219.13,219.17,124.999
1789211700000,219.16,219.19,219.13,219.15,97.125
1789212600000,219.15,219.16,219.13,219.16,111.939
1789213500000,219.16,219.17,219.14,219.17,85.794
1789214400000,219.16,219.17,219.11,219.13,99.406
1789215300000,219.12,219.22,219.12,219.22,523.754
1789216200000,219.21,219.3,219.16,219.22,535.047
1789217100000,219.22,219.24,219.17,219.21,177.008
1789218000000,219.23,219.24,219.16,219.18,166.776
1789218900000,219.17,219.26,219.17,219.24,121.64
1789219800000,219.24,219.27,219.22,219.27,101.166
1789220700000,219.27,219.31,219.21,219.23,106.387
1789221600000,219.21,219.26,219.19,219.26,103.529
1789222500000,219.26,219.28,218.86,219.02,4951.209
1789223400000,219.02,219.07,218.99,219.07,225.751
1789224300000,219.04,219.2,219.03,219.2,1468.657
1789225200000,219.2,219.28,219.18,219.28,76.606
1789226100000,219.28,219.3,219.13,219.13,235.91
1789227000000,219.12,219.22,219.12,219.22,92.729
1789227900000,219.2,219.26,219.19,219.25,76.618
1789228800000,219.25,219.35,219.22,219.33,166.977
1789229700000,219.33,219.34,219.28,219.31,57.235
1789230600000,219.3,219.33,219.26,219.27,293.146
1789231500000,219.26,219.29,219.24,219.29,286.418
1789232400000,219.28,219.34,219.28,219.34,464.719
1789233300000,219.33,219.34,219.3,219.32,193.744
1789234200000,219.32,219.33,219.2,219.22,121.169
1789235100000,219.22,219.22,219.14,219.15,147.452
1789236000000,219.14,219.15,219.1,219.12,235.909
1789236900000,219.1,219.14,219.09,219.14,167.258
1789237800000,219.12,219.15,219.11,219.15,79.672
1789238700000,219.16,219.28,219.14,219.2,2323.672
1789239600000,219.2,219.22,219.19,219.22,106.675
1789240500000,219.22,219.22,219.18,219.18,325.952
1789241400000,219.19,219.19,219.06,219.08,690.003
1789242300000,219.08,219.09,218.79,218.9,2396.22
1789243200000,218.9,218.91,218.64,218.69,2161.183
1789244100000,218.67,218.7,218.62,218.65,872.673
1789245000000,218.63,218.68,218.48,218.66,857.799
1789245900000,218.63,218.64,218.27,218.3,2462.993
1789246800000,218.29,218.31,218.11,218.13,3114.553
1789247700000,218.12,218.17,218.07,218.15,1159.868
1789248600000,218.14,218.2,218.1,218.2,1169.676
1789249500000,218.18,218.4,218.18,218.37,618.511
1789250400000,218.36,218.36,218.22,218.25,433.657
1789251300000,218.24,218.24,218.1,218.11,789.042
1789252200000,218.12,218.25,218.07,218.23,709.793
1789253100000,218.21,218.33,218.12,218.23,979.231
1789254000000,218.22,218.53,218.17,218.51,974.195
1789254900000,218.5,218.59,218.49,218.58,233.833
1789255800000,218.57,218.57,218.45,218.53,314.855
1789256700000,218.53,218.56,218.42,218.46,129.265
1789257600000,218.38,218.44,218.38,218.42,113.396
1789258500000,218.38,218.39,217.72,217.81,1637.758
1789259400000,217.76,217.94,217.64,217.94,2676.598
1789260300000,217.93,217.96,217.91,217.96,220.459
1789261200000,217.94,217.95,217.89,217.95,276.263
1789262100000,217.94,217.97,217.92,217.93,226.999
1789263000000,217.92,217.98,217.92,217.95,409.033
1789263900000,217.94,217.97,217.94,217.97,122.723
1789264800000,217.97,217.97,217.92,217.92,312.381
1789265700000,217.92,217.93,217.72,217.73,605.616
1789266600000,217.72,217.74,217.64,217.66,943.115
1789267500000,217.67,217.72,217.66,217.7,318.39
1789268400000,217.69,217.7,217.66,217.7,116.932
1789269300000,217.67,217.7,217.66,217.69,89.809
1789270200000,217.68,217.75,217.63,217.74,799.83
1789271100000,217.74,217.74,217.35,217.4,599.721
1789272000000,217.39,217.4,217.34,217.38,1007.626
1789272900000,217.38,217.4,217.35,217.4,426.302
1789273800000,217.39,217.4,217.38,217.39,153.808
1789274700000,217.39,217.4,217.34,217.36,464.103
1789275600000,217.35,217.36,217.34,217.36,70.737
1789276500000,217.35,217.37,217.12,217.13,242.661
1789277400000,217.12,217.17,217.03,217.13,553.808
1789278300000,217.13,217.14,217.04,217.08,577.518
1789279200000,217.07,217.1,217.04,217.05,158.923
1789280100000,217.04,217.13,216.93,217.13,1405.705
1789281000000,217.13,217.27,217.09,217.11,567.001
1789281900000,217.09,217.13,216.79,216.88,2876.783
1789282800000,216.88,216.89,216.76,216.79,1158.002
1789283700000,216.8,216.8,216.5,216.58,1221.545
1789284600000,216.57,216.59,216.46,216.47,1414.911
1789285500000,216.47,216.5,216.42,216.5,1363.785
1789286400000,216.49,216.51,216.37,216.39,1170.288
1789287300000,216.38,216.38,216,216.08,756.694
1789288200000,216.05,216.08,215.62,215.98,5648.628
1789289100000,215.98,216.2,215.87,215.9,1695.371
1789290000000,215.89,216.05,215.65,215.74,1790.103
1789290900000,215.71,215.72,215.17,215.25,6677.874
1789291800000,215.25,215.28,214.93,214.95,1579.784
1789292700000,214.95,215.12,214.93,215.1,729.979
1789293600000,215.1,215.1,214.94,215.06,275.483
1789294500000,215.05,215.11,214.81,214.83,1483.916
1789295400000,214.83,214.85,214.64,214.72,654.008
1789296300000,214.68,214.94,214.68,214.93,828.971
1789297200000,214.93,214.93,214.66,214.67,1436.303
1789298100000,214.67,214.8,214.61,214.71,657.597
1789299000000,214.7,214.71,214.27,214.28,4787.66
1789299900000,214.28,214.54,214.27,214.46,1805.082
1789300800000,214.46,214.46,214.24,214.29,1326.736
1789301700000,214.28,214.43,214.25,214.33,700.741
1789302600000,214.33,214.36,214.12,214.25,1747.667
1789303500000,214.24,214.26,214.18,214.19,564.954
1789304400000,214.19,214.19,213.99,214.11,1026.655
1789305300000,214.11,214.11,213.91,213.94,1072.422
1789306200000,213.94,214.22,213.77,214.21,2626.512
1789307100000,214.23,214.41,214.2,214.41,2511.96
1789308000000,214.4,214.93,214.4,214.92,3333.327
1789308900000,214.92,215.14,214.89,215.07,1458.419
1789309800000,215.06,215.24,215,215.16,1722.242
1789310700000,215.16,215.46,215.15,215.4,957.566
1789311600000,215.39,215.45,215.21,215.32,928.904
1789312500000,215.27,215.3,215.15,215.16,991.259
1789313400000,215.15,215.23,215.12,215.22,884.901
1789314300000,215.25,215.33,215.22,215.33,814.32
1789315200000,215.33,215.65,215.29,215.6,778.949
1789316100000,215.6,215.67,215.47,215.5,479.759
1789317000000,215.49,215.6,215.44,215.6,112.462
1789317900000,215.59,215.64,215.42,215.47,588.908
1789318800000,215.47,215.5,215.42,215.47,745.549
1789319700000,215.45,215.45,215.26,215.27,540.637
1789320600000,215.27,215.28,215.19,215.24,605.733
1789321500000,215.23,215.37,215.23,215.31,308.288
1789322400000,215.31,215.48,215.31,215.48,299.2
1789323300000,215.47,215.5,215.43,215.46,313.286
1789324200000,215.48,215.5,215.36,215.41,339.441
1789325100000,215.41,215.44,215.35,215.37,224.754
1789326000000,215.31,215.48,215.24,215.25,428.277
1789326900000,215.24,215.27,215.17,215.23,436.502
1789327800000,215.23,215.25,215.14,215.25,275.169
1789328700000,215.24,215.33,215.19,215.33,415.834
1789329600000,215.34,215.46,215.33,215.42,248.966
1789330500000,215.42,215.44,215.4,215.42,122.675
1789331400000,215.42,215.52,215.42,215.46,125.728
1789332300000,215.46,215.5,215.4,215.47,410.864
1789333200000,215.47,215.54,215.45,215.49,343.995
1789334100000,215.49,215.62,215.41,215.62,1412.668
1789335000000,215.61,215.68,215.6,215.65,809.016
1789335900000,215.65,215.69,215.56,215.58,349.438
1789336800000,215.51,215.51,214.51,215.01,6902.077
1789337700000,215.01,215.24,214.7,215.21,2051.498
1789338600000,215.21,215.46,215.04,215.32,4271.578
1789339500000,215.33,215.37,215.03,215.05,1766.736
1789340400000,215.04,215.23,214.99,215.23,836.93
1789341300000,215.22,215.47,214.75,214.8,3656.6
1789342200000,214.79,214.92,214.62,214.71,1809.214
1789343100000,214.7,214.7,214.31,214.31,3701.728
1789344000000,214.34,215.9,214.34,214.95,12089.114
1789344900000,214.95,215.09,214.36,214.45,1746.886
1789345800000,214.44,214.57,214.26,214.33,1749.583
1789346700000,214.33,214.49,214.08,214.13,4463.854
1789347600000,214.08,214.49,214.02,214.29,864.855
1789348500000,214.27,214.3,214.02,214.16,1693.488
1789349400000,214.17,214.66,213.99,214.42,2948.865
1789350300000,214.42,215.14,214.38,215.12,1474.281
1789351200000,215.1,215.26,214.92,215.26,950.115
1789352100000,215.23,215.23,214.92,215.12,1701.018
1789353000000,215.12,215.19,214.93,214.94,1312.764
1789353900000,214.93,215.19,214.92,215.16,1726.458
1789354800000,215.16,215.16,214.91,214.94,1615.235
1789355700000,214.93,214.99,214.74,214.99,2287.677
1789356600000,214.97,214.97,214.69,214.77,942.811
1789357500000,214.77,214.8,214.68,214.79,672.182
1789358400000,214.79,214.94,214.7,214.8,1041.019
1789359300000,214.81,215.02,214.75,214.88,367.321
1789360200000,214.87,214.93,214.76,214.78,820.118
1789361100000,214.78,215,214.78,214.94,789.783
1789362000000,214.96,214.96,214.82,214.91,400.885
1789362900000,214.91,214.92,214.72,214.85,766.52
1789363800000,214.86,214.97,214.71,214.78,733.306
1789364700000,214.78,214.87,214.72,214.87,1407.637
1789365600000,214.87,214.96,214.65,214.75,1563.501
1789366500000,214.75,214.75,214.58,214.67,968.418
1789367400000,214.65,214.68,214.5,214.57,745.245
1789368300000,214.57,214.63,214.14,214.15,1691.144
1789369200000,214.15,214.15,213.37,213.89,7981.878
1789370100000,213.87,214.03,213.74,213.76,2084.18
1789371000000,213.73,213.97,213.63,213.64,2306.151
1789371900000,213.61,213.78,213.53,213.62,2371.965
1789372800000,213.64,214.04,213.6,213.74,5283.092
1789373700000,213.67,213.71,212.9,212.96,2574.427
1789374600000,212.91,213.09,212.82,212.95,5126.977
1789375500000,212.95,212.97,212.01,212.05,6147.69
1789376400000,212.04,212.24,211.34,211.49,5609.691
1789377300000,211.48,211.7,211.03,211.54,5823.008
1789378200000,211.52,212,211.51,211.84,3780.388
1789379100000,211.88,212.03,211.8,211.92,2026.172
1789380000000,211.99,211.99,211.64,211.82,4626.745
1789380900000,211.82,212.22,211.66,212.08,2018.453
1789381800000,212.08,212.32,211.98,212.21,2083.537
1789382700000,212.2,212.39,211.65,212.35,2920.93
1789383600000,212.36,212.43,212.16,212.24,2212.247
1789384500000,212.23,213.23,212.02,213.23,2336.675
1789385400000,213.27,213.36,213.02,213.19,3087.928
1789386300000,213.17,213.33,212.85,212.92,2286.744
1789387200000,212.94,213.06,212.65,212.85,2884.885
1789388100000,212.84,213.23,212.81,212.92,2685.909
1789389000000,212.84,212.98,212.3,212.73,2391.721
1789389900000,212.73,212.77,212.16,212.16,2531.727
1789390800000,212.14,212.32,211.73,212.22,8657.093
1789391700000,212.21,212.67,211.34,211.34,2856.738
1789392600000,211.39,211.42,208.98,209.92,42091.003
1789393500000,209.93,211.55,209.93,210.86,13135.691
1789394400000,210.9,211.8,210.59,211.53,15801.93
1789395300000,211.54,211.6,210.15,210.56,7584.897
1789396200000,210.54,211.08,210.39,210.57,9707.962
1789397100000,210.62,210.96,210.45,210.59,5018.844
1789398000000,210.58,211.26,210.41,210.82,3933.888
1789398900000,210.83,211.66,210.83,211.56,8731.009
1789399800000,211.58,212.27,211.3,212.21,6481.988
1789400700000,212.21,212.39,211.8,212.27,5537.357
1789401600000,212.29,212.36,211.77,211.79,1903.657
1789402500000,211.81,212.3,211.81,211.9,2145.719
1789403400000,211.89,211.93,211.62,211.91,1281.104
1789404300000,211.97,212.45,211.84,212.19,1678.589
1789405200000,212.19,212.49,212.17,212.19,1144.933
1789406100000,212.2,212.69,212.08,212.69,6690.714
1789407000000,212.7,212.71,212.32,212.49,2510.22
1789407900000,212.58,212.86,212.54,212.55,2416.655
1789408800000,212.56,212.72,212.36,212.61,1164.335
1789409700000,212.6,212.63,212.19,212.25,1828.64
1789410600000,212.24,212.54,212.22,212.49,1225.134
1789411500000,212.49,212.64,212.33,212.63,2451.039
1789412400000,212.64,212.68,212.28,212.33,1736.317
1789413300000,212.33,212.41,212.18,212.22,2058.098
1789414200000,212.18,212.27,211.76,212.11,3902.73
1789415100000,212.11,212.29,210.96,211.13,6926.106
1789416000000,211.07,211.31,210.6,211.18,4546.096
1789416900000,211.18,211.6,211.07,211.57,2121.797
1789417800000,211.58,212.44,211.56,212.4,1511.431
1789418700000,212.43,212.72,212.32,212.46,1098.048
1789419600000,212.45,212.5,212.23,212.34,2947.569
1789420500000,212.34,212.56,212.34,212.48,1015.319
1789421400000,212.48,212.5,212.36,212.41,932.483
1789422300000,212.41,212.64,212.4,212.64,628.463
1789423200000,212.63,212.7,212.5,212.63,712.403
1789424100000,212.63,212.71,212.46,212.54,436.242
1789425000000,212.54,212.54,212.3,212.32,2010.818
1789425900000,212.32,212.52,212.31,212.44,350.642
1789426800000,212.44,212.49,212.31,212.46,1566.316
1789427700000,212.46,212.46,212.29,212.3,1329.238
1789428600000,212.29,212.29,212.17,212.26,3956.332
1789429500000,212.25,212.27,212.09,212.19,1606.475
1789430400000,212.15,212.38,212.03,212.29,1955.287
1789431300000,212.29,212.42,212.16,212.38,1116.489
1789432200000,212.42,212.6,212.37,212.6,1224.973
1789433100000,212.59,212.66,212.4,212.51,1347.312
1789434000000,212.49,212.66,212.41,212.65,1165.6
1789434900000,212.65,212.68,212.51,212.52,708.813
1789435800000,212.51,212.64,212.26,212.4,1091.974
1789436700000,212.39,212.58,212.37,212.5,1014.46
1789437600000,212.5,212.62,212.5,212.6,544.403
1789438500000,212.6,212.6,212.44,212.52,1268.967
1789439400000,212.53,212.65,212.51,212.63,611.193
1789440300000,212.62,212.82,212.61,212.66,889.475
1789441200000,212.68,212.73,212.59,212.64,574.734
1789442100000,212.64,212.71,212.61,212.68,743.359
1789443000000,212.67,212.77,212.66,212.74,356.111
1789443900000,212.74,212.76,212.49,212.54,943.272
1789444800000,212.53,212.63,212.51,212.6,678.715
1789445700000,212.6,212.61,212.22,212.27,1856.568
1789446600000,212.26,212.32,212.11,212.3,1164.15
1789447500000,212.31,212.37,212.16,212.25,1075.781
1789448400000,212.25,212.34,211.84,211.88,3739.655
1789449300000,211.88,212.02,211.66,211.95,1585.724
1789450200000,211.94,212.32,211.91,212.3,1139.231
1789451100000,212.31,212.52,212.27,212.36,723.2
1789452000000,212.38,212.53,212.27,212.53,1085.255
1789452900000,212.51,212.57,212.35,212.38,1318.627
1789453800000,212.39,212.4,212.19,212.23,1235.012
1789454700000,212.23,212.3,212.11,212.15,878.604
1789455600000,212.15,212.29,211.89,211.91,1118.46
1789456500000,211.91,212.16,211.9,212.03,1120.26
1789457400000,212.03,212.05,211.8,211.83,731.392
1789458300000,211.83,211.97,211.78,211.9,1440.809
1789459200000,211.92,212,211.12,211.34,3532.876
1789460100000,211.35,211.69,211.35,211.5,1939.389
1789461000000,211.5,211.52,211.35,211.39,1725.407
1789461900000,211.41,211.58,211.36,211.49,1149.141
1789462800000,211.49,211.66,211.37,211.58,1816.939
1789463700000,211.55,211.8,211.41,211.78,2313.129
1789464600000,211.78,211.96,211.67,211.93,1144.344
1789465500000,211.93,212.38,211.92,212.27,1783.988
1789466400000,212.27,212.49,212.26,212.39,2156.432
1789467300000,212.38,212.56,212.21,212.47,1765.932
1789468200000,212.48,212.6,212.42,212.51,2006.807
1789469100000,212.51,212.56,212.36,212.51,1578.719
1789470000000,212.5,212.77,212.5,212.64,2437.58
1789470900000,212.64,212.64,212.28,212.39,1551.695
1789471800000,212.39,212.39,212.18,212.33,1605.297
1789472700000,212.33,212.48,212.24,212.43,1614.929
1789473600000,212.43,212.62,212.25,212.62,1796.625
1789474500000,212.62,212.85,212.39,212.42,965.413
1789475400000,212.38,212.51,212.16,212.44,3051.129
1789476300000,212.43,213.05,212.43,212.74,2713.414
1789477200000,212.71,212.96,212.63,212.95,3054.559
1789478100000,212.93,213.52,212.5,213.38,5938.487
1789479000000,213.45,213.88,212.77,213.44,14650.695
1789479900000,213.46,214,213.15,213.43,12455.474
1789480800000,213.38,213.38,212.43,212.71,10063.241
1789481700000,212.68,212.94,212.08,212.87,6844.493
1789482600000,212.79,213.09,212.64,212.76,5250.126
1789483500000,212.8,213.01,211.69,212.11,6353.337
1789484400000,212.11,212.63,212.09,212.31,3922.314
1789485300000,212.27,212.41,212.06,212.29,2522.439
1789486200000,212.29,212.46,212.04,212.33,3024.805
1789487100000,212.31,212.44,212,212.21,2843.348
1789488000000,212.2,212.38,211.92,211.92,2412.108
1789488900000,211.92,212.19,211.83,212,1705.205
1789489800000,212,212.24,211.8,212.12,1256.345
1789490700000,212.14,212.23,211.8,211.86,1248.545
1789491600000,211.84,211.88,211.39,211.56,1235.027
1789492500000,211.53,211.82,211.27,211.44,1593.178
1789493400000,211.45,211.85,211.45,211.65,958.29
1789494300000,211.65,212.03,211.59,212.01,844.14
1789495200000,212.03,212.16,211.79,211.8,798.294
1789496100000,211.79,212.26,211.66,212.16,782.415
1789497000000,212.17,212.36,212.04,212.1,3997.982
1789497900000,212.13,212.23,211.98,212.19,648.85
1789498800000,212.16,212.23,211.97,212.08,690.56
1789499700000,212.07,212.22,211.96,212.2,2191.299
1789500600000,212.2,212.21,211.87,212.03,2606.789
1789501500000,212.03,212.34,211.93,212.15,1561.248
1789502400000,212.2,212.47,212.2,212.46,1991.732
1789503300000,212.44,212.47,212.41,212.44,640.46
1789504200000,212.44,212.66,212.41,212.66,1831.624
1789505100000,212.65,212.69,212.6,212.6,922.238
1789506000000,212.59,212.63,212.47,212.49,1216.754
1789506900000,212.5,212.54,212.33,212.4,1080.052
1789507800000,212.4,212.42,212.31,212.31,371.032
1789508700000,212.31,212.43,212.25,212.42,222.55
1789509600000,212.42,212.53,212.33,212.34,954.138
1789510500000,212.34,212.63,212.34,212.62,542.163
1789511400000,212.63,212.69,212.63,212.66,147.782
1789512300000,212.67,212.67,212.49,212.51,190.991
1789513200000,212.48,212.53,212.44,212.47,124.135
1789514100000,212.49,212.52,212.25,212.29,899.348
1789515000000,212.3,212.5,212.27,212.5,509.693
1789515900000,212.49,212.5,212.41,212.49,278.069
1789516800000,212.48,212.59,212.38,212.51,2179.147
1789517700000,212.51,212.58,212.41,212.42,710.264
1789518600000,212.44,212.54,212.43,212.43,695.315
1789519500000,212.44,212.54,212.4,212.41,355.127
1789520400000,212.42,212.53,212.29,212.53,734.454
1789521300000,212.55,212.58,212.44,212.44,586.299
1789522200000,212.43,212.43,212.08,212.16,1592.134
1789523100000,212.16,212.17,211.9,211.94,797.613
1789524000000,211.95,212.22,211.95,212.07,1205.223
1789524900000,212.09,212.36,212.09,212.36,269.101
1789525800000,212.37,212.73,212.36,212.46,6492.541
1789526700000,212.46,212.61,212.46,212.61,1924.033
1789527600000,212.62,213.03,212.61,213.01,2727.75
1789528500000,213.02,213.32,213,213.13,2002.914
1789529400000,213.13,213.13,212.88,212.97,1375.366
1789530300000,212.99,213.2,212.98,213.19,1221.012
1789531200000,213.19,213.27,213.17,213.26,631.095
1789532100000,213.26,213.32,213.19,213.21,863.357
1789533000000,213.21,213.22,213.06,213.1,1147.424
1789533900000,213.09,213.19,213.09,213.12,475.254
1789534800000,213.11,213.39,213,213.37,1401.575
1789535700000,213.35,213.49,213.27,213.34,1245.255
1789536600000,213.38,213.71,213.33,213.71,1220.955
1789537500000,213.71,213.8,213.47,213.64,1249.285
1789538400000,213.68,213.79,213.47,213.66,1208.149
1789539300000,213.66,213.72,213.38,213.47,1456.303
1789540200000,213.47,213.68,213.43,213.54,1429.352
1789541100000,213.51,213.78,213.42,213.76,1004.046
1789542000000,213.75,213.96,213.73,213.92,1480.567
1789542900000,213.91,214.02,213.8,213.94,875.747
1789543800000,213.93,214.01,213.8,213.87,984.48
1789544700000,213.88,213.9,213.74,213.81,233.87
1789545600000,213.84,213.86,213.48,213.52,10099.792
1789546500000,213.51,213.74,213.41,213.62,3656.069
1789547400000,213.56,213.7,213.3,213.45,2504.739
1789548300000,213.44,213.64,213.35,213.63,1621.155
1789549200000,213.63,213.71,213.38,213.4,4117.658
1789550100000,213.4,213.44,213.13,213.14,10255.033
1789551000000,213.15,213.46,213.14,213.41,2001.109
1789551900000,213.42,213.44,213.28,213.38,1501.428
1789552800000,213.38,213.38,213.08,213.3,2686.322
1789553700000,213.29,213.35,213.22,213.28,1890.077
1789554600000,213.28,213.31,213.19,213.24,1697.249
1789555500000,213.23,213.29,213.17,213.24,1724.255
1789556400000,213.28,213.53,213.13,213.13,2995.726
1789557300000,213.12,213.28,213.05,213.26,1448.653
1789558200000,213.26,213.62,213.26,213.55,2022.997
1789559100000,213.52,213.86,213.49,213.83,2368.262
1789560000000,213.82,214.32,213.76,214.09,5618.58
1789560900000,214.1,214.33,214.05,214.33,2671.035
1789561800000,214.32,214.5,213.78,213.79,3451.055
1789562700000,213.79,214.04,213.72,213.93,1876.42
1789563600000,213.92,214.77,213.65,213.99,4191.179
1789564500000,213.98,214.37,213.92,214.25,1763.672
1789565400000,213.99,214.36,213.47,213.58,6178.14
1789566300000,213.77,215.22,213.69,214.83,10035.616
1789567200000,214.8,215.41,214.65,214.98,7788.42
1789568100000,214.94,215.35,214.94,215.08,4413.458
1789569000000,215.12,215.4,214.93,215.35,5165.207
1789569900000,215.36,215.58,215.21,215.58,11926.889
1789570800000,215.58,216.39,215.58,216.09,10782.004
1789571700000,216.05,216.2,215.84,215.95,1862.062
1789572600000,215.97,216.33,215.89,216.29,1956.842
1789573500000,216.24,216.78,216.13,216.16,2497.201
1789574400000,216.2,216.26,215.63,215.75,1999.741
1789575300000,215.79,216.03,215.68,216.03,1072.835
1789576200000,215.96,216.03,215.84,215.95,519.118
1789577100000,215.95,216.16,215.95,216.08,695.87
1789578000000,215.98,215.98,215.55,215.71,1907.817
1789578900000,215.74,215.74,215.3,215.47,1395.908
1789579800000,215.49,215.53,214.79,214.82,1136.938
1789580700000,214.82,215.35,214.82,215.26,1738.229
1789581600000,215.29,216.51,215.08,215.73,6499.496
1789582500000,215.78,215.93,215.21,215.61,1824.95
1789583400000,215.55,215.77,214.26,215.63,4526.979
1789584300000,215.55,215.7,213.82,214.01,2307.184
1789585200000,213.94,214.54,212.9,213.06,7528.519
1789586100000,213.09,213.45,212.59,213.45,3041.378
1789587000000,213.39,214.11,213.34,213.75,4677.965
1789587900000,213.81,214.47,213.48,213.9,5142.559
1789588800000,213.95,214.49,213.93,214.37,2090.865
1789589700000,214.38,214.44,214.25,214.3,276.775
1789590600000,214.37,214.39,214.29,214.35,231.481
1789591500000,214.42,214.56,214.42,214.48,248.873
1789592400000,214.47,214.58,214.42,214.57,563.632
1789593300000,214.56,214.59,214.54,214.57,328.506
1789594200000,214.56,214.88,214.53,214.88,414.287
1789595100000,214.87,214.87,214.7,214.74,622.97
1789596000000,214.74,214.77,214.44,214.75,1242.042
1789596900000,214.73,214.93,214.7,214.93,1870.552
1789597800000,214.92,215.32,214.92,215.22,3050.467
1789598700000,215.2,215.24,215,215,391.559
1789599600000,215.03,215.19,215.01,215.13,1354.562
1789600500000,215.13,215.34,215.13,215.29,1138.227
1789601400000,215.28,215.42,215.18,215.42,824.192
1789602300000,215.42,215.82,215.42,215.73,1181.991
1789603200000,215.74,215.88,215.33,215.39,2930.466
1789604100000,215.39,215.75,215.39,215.58,2181.301
1789605000000,215.58,215.86,215.58,215.71,1079.818
1789605900000,215.71,215.71,215.42,215.59,3480.398
1789606800000,215.59,215.79,215.45,215.55,1123.272
1789607700000,215.58,215.68,215.55,215.68,314.657
1789608600000,215.68,215.82,215.49,215.61,1118.9
1789609500000,215.65,215.67,215.4,215.49,591.623
1789610400000,215.49,215.54,215.37,215.37,1289.357
1789611300000,215.37,215.59,215.33,215.51,947.822
1789612200000,215.52,215.87,215.52,215.8,1676.16
1789613100000,215.78,215.9,215.64,215.67,1398.229
1789614000000,215.66,215.88,215.64,215.78,1125.82
1789614900000,215.81,215.81,215.67,215.71,1442.76
1789615800000,215.7,215.85,215.64,215.85,1754.752
1789616700000,215.85,215.91,215.71,215.9,1072.937
1789617600000,215.9,215.91,215.76,215.81,1387.009
1789618500000,215.81,215.81,215.63,215.77,2618.824
1789619400000,215.75,215.94,215.69,215.93,415.976
1789620300000,215.94,215.98,215.82,215.88,737.939
1789621200000,215.87,215.9,215.75,215.78,502.87
1789622100000,215.77,215.88,215.67,215.81,534.068
1789623000000,215.81,215.81,215.52,215.53,587.875
1789623900000,215.53,215.65,215.44,215.47,848.781
1789624800000,215.46,215.71,215.43,215.43,1586.288
1789625700000,215.43,215.58,215.22,215.58,2651.046
1789626600000,215.59,215.77,215.58,215.77,2262.506
1789627500000,215.76,215.86,215.74,215.83,849.412
1789628400000,215.82,216.11,215.71,216.07,1203.031
1789629300000,216.09,216.29,216.02,216.28,3236.461
1789630200000,216.32,216.49,216.32,216.4,2142.984
1789631100000,216.39,216.41,216.19,216.25,1321.462
1789632000000,216.28,216.67,216.18,216.3,2695.203
1789632900000,216.3,216.83,216.29,216.81,1425.701
1789633800000,216.8,216.97,216.7,216.78,1674.209
1789634700000,216.79,217.23,216.76,217.14,2253.826
1789635600000,217.17,217.44,217.17,217.3,2680.837
1789636500000,217.31,217.45,217.17,217.33,906.738
1789637400000,217.35,217.59,217.31,217.34,1676.809
1789638300000,217.34,217.39,217.2,217.23,2052.862
1789639200000,217.23,217.28,216.95,217.04,1867.367
1789640100000,217.05,217.21,216.97,217.09,1318.12
1789641000000,217.1,217.13,216.9,216.92,603.118
1789641900000,216.91,217.09,216.86,217.08,757.765
1789642800000,217.08,217.37,216.9,217.03,2721.367
1789643700000,217,217.02,216.5,216.88,2644.514
1789644600000,216.89,217.03,216.74,216.95,963.952
1789645500000,216.93,217.2,216.71,217.2,1533.874
1789646400000,217.22,217.63,217.19,217.57,2145.137
1789647300000,217.57,218.2,217.51,218.13,2001.516
1789648200000,218.13,218.92,217.66,218.33,88696.036
1789649100000,218.32,218.77,218.21,218.5,5200.257
1789650000000,218.46,218.74,218.31,218.55,4032.714
1789650900000,218.55,218.97,218.34,218.38,3291.777
1789651800000,218.32,218.65,217.29,217.93,11254.469
1789652700000,218,219.14,217.82,219,3967.163
1789653600000,219.02,219.56,218.59,219.49,5257.027
1789654500000,219.5,219.76,219.11,219.53,4703.23
1789655400000,219.48,219.81,219.31,219.35,1175.571
1789656300000,219.35,219.35,218.99,219.15,4881.224
1789657200000,219.16,219.46,218.86,218.9,4221.417
1789658100000,218.9,219.33,218.87,219.29,2956.561
1789659000000,219.29,219.32,219.02,219.22,1093.633
1789659900000,219.26,219.26,218.75,218.94,682.823
1789660800000,218.97,219,218.68,218.71,524.56
1789661700000,218.71,218.96,218.71,218.92,1137.889
1789662600000,218.92,219.03,218.79,218.9,901.209
1789663500000,218.92,219.04,218.54,218.74,2476.695
1789664400000,218.72,219.18,218.68,218.94,3251.212
1789665300000,218.94,219.03,218.83,218.92,1340.841
1789666200000,218.93,219.34,218.81,219.33,1132.517
1789667100000,219.39,219.43,219.13,219.26,1106.553
1789668000000,219.23,219.51,219.13,219.39,802.336
1789668900000,219.41,219.72,219.39,219.57,722.752
1789669800000,219.59,219.63,219.33,219.46,631.22
1789670700000,219.41,219.51,219.32,219.37,36.83
1789671600000,219.38,219.72,219.38,219.67,452.152
1789672500000,219.66,219.82,219.56,219.56,174.213
1789673400000,219.58,219.77,219.41,219.49,280.352
1789674300000,219.49,219.87,219.32,219.32,932.812
1789675200000,219.36,219.37,219,219.14,1853.917
1789676100000,219.15,219.15,218.96,218.98,329.797
1789677000000,218.98,219.12,218.98,219.08,252.5
1789677900000,219.07,219.27,219.02,219.23,1223.171
1789678800000,219.27,219.29,219.26,219.29,35.131
1789679700000,219.29,219.31,219.24,219.26,227.638
1789680600000,219.25,219.32,219.25,219.32,272.549
1789681500000,219.32,219.39,219.27,219.38,805.096
1789682400000,219.38,219.38,219.21,219.28,1287.987
1789683300000,219.28,219.28,219.04,219.09,1064.629
1789684200000,219.1,219.14,219.01,219.06,1366.732
1789685100000,219.05,219.17,219.03,219.14,2430.617
1789686000000,219.14,219.31,219.14,219.2,326.75
1789686900000,219.21,219.24,219.12,219.15,149.012
1789687800000,219.16,219.27,219.12,219.2,350.361
1789688700000,219.19,219.25,219.07,219.17,1321.676
1789689600000,219.17,219.35,219.03,219.23,1342.484
1789690500000,219.24,219.34,219.1,219.14,932.463
1789691400000,219.14,219.27,219.04,219.15,573.364
1789692300000,219.16,219.17,219.04,219.05,293.748
1789693200000,219.05,219.21,218.94,219.09,1223.928
1789694100000,219.08,219.08,218.93,219.06,375.79
1789695000000,219.06,219.29,219.04,219.17,594.823
1789695900000,219.16,219.3,219.15,219.25,588.931
1789696800000,219.27,219.3,219.12,219.25,636.783
1789697700000,219.25,219.94,219.21,219.89,42735.024
1789698600000,219.89,220,219.64,219.9,8612.733
1789699500000,219.9,219.98,219.9,219.9,6767.875
1789700400000,219.9,220.64,219.9,220.59,5639.48
1789701300000,220.59,220.77,220.38,220.75,2948.81
1789702200000,220.75,220.8,220.57,220.71,1245.919
1789703100000,220.71,220.81,220.27,220.47,1088.964
1789704000000,220.45,220.49,220.3,220.38,942.755
1789704900000,220.4,220.44,220.19,220.43,846.023
1789705800000,220.43,220.55,220.33,220.55,796.727
1789706700000,220.56,220.82,220.55,220.74,430.307
1789707600000,220.75,220.75,220.63,220.63,241.462
1789708500000,220.64,220.86,220.62,220.69,1091.869
1789709400000,220.69,220.94,220.64,220.93,1316.313
1789710300000,220.94,220.95,220.66,220.75,1165.936
1789711200000,220.81,221.38,220.81,221.3,14345.908
1789712100000,221.31,221.34,221.02,221.02,1137.06
1789713000000,221.01,221.45,220.98,221.4,7179.479
1789713900000,221.41,221.43,221.4,221.42,6485.387
1789714800000,221.42,221.84,221.4,221.54,4173.788
1789715700000,221.51,222.11,221.47,222.08,1916.211
1789716600000,222.1,222.21,222.03,222.04,1065.632
1789717500000,222.03,222.03,221.77,221.84,1833.152
1789718400000,221.85,222.07,221.43,221.44,20528.753
1789719300000,221.45,221.75,221.45,221.56,2029.562
1789720200000,221.53,221.77,221.53,221.7,1702.122
1789721100000,221.7,221.76,221.44,221.46,1550.469
1789722000000,221.46,221.6,221.4,221.55,3708.214
1789722900000,221.54,221.6,221.4,221.4,7990.517
1789723800000,221.4,221.41,220.9,220.92,2936.141
1789724700000,220.9,221.03,220.84,220.85,2122.102
1789725600000,220.85,221.23,220.84,221.15,15941.052
1789726500000,221.15,221.21,221.1,221.11,3313.294
1789727400000,221.12,221.34,221.05,221.16,3009.577
1789728300000,221.15,221.16,220.93,221.06,2682.853
1789729200000,220.99,221.1,220.49,220.67,11008.592
1789730100000,220.67,220.67,220.22,220.22,2483.737
1789731000000,220.22,220.46,220.08,220.12,4755.348
1789731900000,220.12,220.23,220.08,220.09,3933.218
1789732800000,220.1,220.21,219.44,219.58,7881.91
1789733700000,219.63,219.66,219.33,219.39,6601.58
1789734600000,219.4,219.67,219.4,219.56,2434.846
1789735500000,219.55,219.55,219.14,219.28,7760.099
1789736400000,219.27,219.48,219.14,219.36,1247.375
1789737300000,219.36,219.95,218.76,219.52,9949.727
1789738200000,219.32,220.11,218.3,219.83,16219.993
1789739100000,219.86,220.12,219.44,219.44,4304.235
1789740000000,219.38,220.98,219.12,220.75,5686.983
1789740900000,220.77,220.89,219.64,219.66,18540.896
1789741800000,219.62,219.64,218.98,219.1,3814.813
1789742700000,219.08,219.6,219.08,219.12,1355.132
1789743600000,219.17,219.59,219.08,219.51,2533.649
1789744500000,219.55,219.96,219.54,219.93,2376.589
1789745400000,219.94,219.96,219.59,219.74,1291.251
1789746300000,219.75,219.78,219.6,219.66,577.127
1789747200000,219.62,219.66,219.39,219.54,1244.148
1789748100000,219.52,219.81,219.26,219.66,1339.412
1789749000000,219.65,219.96,219.59,219.65,1475.048
1789749900000,219.62,219.88,219.53,219.74,662.333
1789750800000,219.75,220.05,219.55,220,4509.467
1789751700000,220.02,220.31,219.93,220.1,1857.088
1789752600000,220.09,220.09,219.71,219.85,2364.202
1789753500000,219.85,219.89,219.57,219.62,508.43
1789754400000,219.62,219.66,219.49,219.57,834.883
1789755300000,219.57,219.77,219.37,219.45,325.685
1789756200000,219.45,219.55,219.37,219.38,83.279
1789757100000,219.41,219.89,219.4,219.61,752.128
1789758000000,219.62,219.67,219.45,219.6,427.493
1789758900000,219.61,219.98,219.52,219.52,3666.267
1789759800000,219.54,219.85,219.47,219.79,240.954
1789760700000,219.82,222.65,219.68,222.02,10414.941
1789761600000,222.06,222.17,221.61,221.76,2741.607
1789762500000,221.77,221.88,221.57,221.59,472.561
1789763400000,221.63,221.65,221.37,221.53,490.145
1789764300000,221.52,222.04,221.52,221.94,1100.19
1789765200000,221.94,222.18,221.86,222.14,689.874
1789766100000,222.15,222.27,222.09,222.11,565.881
1789767000000,222.1,222.27,222.1,222.23,700.547
1789767900000,222.23,222.32,222.12,222.27,163.936
1789768800000,222.3,222.45,222.3,222.36,188.423
1789769700000,222.36,222.36,222.16,222.19,337.656
1789770600000,222.19,222.23,222.04,222.14,568.32
1789771500000,222.14,222.29,222.11,222.25,529.899
1789772400000,222.25,222.41,222.24,222.4,546.874
1789773300000,222.41,222.41,222.32,222.37,963.544
1789774200000,222.37,222.45,222.37,222.44,260.953
1789775100000,222.44,222.51,222.44,222.47,283.178
1789776000000,222.49,222.5,222.35,222.48,493.305
1789776900000,222.49,222.53,222.41,222.41,248.677
1789777800000,222.42,222.47,222.35,222.44,186.408
1789778700000,222.45,222.58,222.44,222.44,304.138
1789779600000,222.44,222.45,222.3,222.31,125.846
1789780500000,222.3,222.3,222.21,222.26,231.907
1789781400000,222.27,222.3,222.17,222.28,334.841
1789782300000,222.29,222.31,222.22,222.24,98.125
1789783200000,222.23,222.27,222.14,222.26,134.029
1789784100000,222.25,222.35,222.15,222.15,172.596
1789785000000,222.15,222.16,222.1,222.13,164.097
1789785900000,222.11,222.17,222.06,222.14,57.903
1789786800000,222.12,222.12,222.04,222.06,98.167
1789787700000,222.07,222.11,222.07,222.09,34.065
1789788600000,222.1,222.1,222.05,222.06,205.284
1789789500000,222.09,222.19,222.09,222.18,113.494
1789790400000,222.19,222.27,222.17,222.27,65.005
1789791300000,222.27,222.28,222.24,222.28,125.208
1789792200000,222.28,222.28,222.1,222.23,267.539
1789793100000,222.22,222.25,222.22,222.25,77.883
1789794000000,222.28,222.3,222.2,222.2,102.887
1789794900000,222.18,222.23,222.09,222.15,252.508
1789795800000,222.15,222.16,222.09,222.1,71.718
1789796700000,222.1,222.18,222.08,222.13,38.797
1789797600000,222.12,222.14,222.09,222.09,31.481
1789798500000,222.06,222.15,221.98,222.05,262.488
1789799400000,222.06,222.16,222.04,222.15,78.283
1789800300000,222.15,222.15,222.02,222.07,348.164
1789801200000,222.08,222.14,222.07,222.1,198.759
1789802100000,222.09,222.1,222.02,222.02,6.578
1789803000000,222.04,222.06,222.04,222.05,42.34
1789803900000,222.05,222.05,222.02,222.03,38.614
1789804800000,222.04,222.15,222.02,222.1,211.681
1789805700000,222.09,222.25,222.08,222.16,109.866
1789806600000,222.17,222.2,222.14,222.2,21.704
1789807500000,222.2,222.2,222.06,222.16,182.279
1789808400000,222.16,222.16,222.1,222.1,96.235
1789809300000,222.1,222.15,222.04,222.05,97.919
1789810200000,222.05,222.1,222,222.08,173.751
1789811100000,222.1,222.19,222.08,222.17,33.853
1789812000000,222.19,222.2,222.06,222.06,264.933
1789812900000,222.08,222.09,222.04,222.07,15.466
1789813800000,222.09,222.09,222.05,222.05,17.99
1789814700000,222.07,222.08,222.06,222.07,23.439
1789815600000,222.06,222.1,222.03,222.06,32.995
1789816500000,222.06,222.07,221.95,222.02,138.812
1789817400000,222.01,222.07,222.01,222.07,190.205
1789818300000,222.06,222.14,222.06,222.1,53.177
1789819200000,222.11,222.13,222.09,222.11,68.031
1789820100000,222.12,222.12,222.05,222.07,29.588
1789821000000,222.07,222.07,222.03,222.04,21.111
1789821900000,222.05,222.06,221.96,221.98,119.826
1789822800000,221.99,222.05,221.91,221.94,139.329
1789823700000,221.98,222.05,221.96,221.99,39.644
1789824600000,222,222.05,221.98,222.01,83.94
1789825500000,222.03,222.04,222.01,222.04,30.133
1789826400000,222.04,222.15,222.03,222.12,192.662
1789827300000,222.13,222.15,222.09,222.15,60.84
1789828200000,222.14,222.15,222.09,222.13,41.871
1789829100000,222.13,222.14,222.11,222.11,18.625
1789830000000,222.1,222.16,222.07,222.11,297.756
1789830900000,222.13,222.14,222.09,222.09,11.172
1789831800000,222.1,222.19,222.07,222.18,342.267
1789832700000,222.18,222.23,222.16,222.23,418.442
1789833600000,222.22,222.25,222.2,222.24,191.433
1789834500000,222.24,222.33,222.24,222.3,97.376
1789835400000,222.3,222.34,222.28,222.33,312.76
1789836300000,222.32,222.35,222.21,222.23,265.786
1789837200000,222.23,222.36,222.19,222.31,769.804
1789838100000,222.31,222.33,222.26,222.3,128.025
1789839000000,222.29,222.29,222.18,222.2,596.071
1789839900000,222.2,222.25,222.17,222.2,8.505
1789840800000,222.2,222.2,222.09,222.14,276.476
1789841700000,222.14,222.14,222.09,222.1,133.581
1789842600000,222.11,222.13,222.09,222.13,125.227
1789843500000,222.12,222.13,222.11,222.13,15.222
1789844400000,222.12,222.13,222.11,222.12,77.711
1789845300000,222.12,222.12,221.99,222.12,539.136
1789846200000,222.12,222.13,222.09,222.09,27.923
1789847100000,222.1,222.1,222.08,222.08,7.042
1789848000000,222.09,222.26,222.08,222.17,321.253
1789848900000,222.17,222.17,222.07,222.07,258.608
1789849800000,222.09,222.1,222.08,222.1,5.971
1789850700000,222.09,222.13,222.08,222.13,11.068
1789851600000,222.12,222.16,222.02,222.07,64.927
1789852500000,222.09,222.15,222.07,222.15,6.738
1789853400000,222.14,222.17,222.14,222.17,37.432
1789854300000,222.2,222.2,222.15,222.16,20.575
1789855200000,222.16,222.16,222.04,222.12,328.322
1789856100000,222.12,222.12,222.09,222.11,19.914
1789857000000,222.12,222.12,222.03,222.06,186.308
1789857900000,222.07,222.07,222.04,222.06,8.912
1789858800000,222.05,222.07,222.04,222.06,96.862
1789859700000,222.06,222.07,222.04,222.04,91.57
1789860600000,222.05,222.05,221.98,221.99,275.135
1789861500000,222,222.11,221.95,222.09,92.132
1789862400000,222.08,222.09,222.02,222.02,87.14
1789863300000,222.03,222.06,222.01,222.04,80.324
1789864200000,222.03,222.14,222.01,222.14,33.305
1789865100000,222.13,222.14,222.09,222.09,49.621
1789866000000,222.12,222.12,222.04,222.05,21.775
1789866900000,222.05,222.1,222.01,222.1,204.41
1789867800000,222.09,222.09,222,222.05,136.828
1789868700000,222.05,222.05,221.91,222,346.11
1789869600000,221.99,222.09,221.99,222.09,102.916
1789870500000,222.11,222.13,222.03,222.09,56.47
1789871400000,222.09,222.09,221.77,221.78,226.233
1789872300000,221.78,221.99,221.63,221.74,1388.257
1789873200000,221.74,221.77,221.65,221.66,329.539
1789874100000,221.66,221.66,220.93,220.94,1060.562
1789875000000,220.94,221.12,220.81,220.82,469.149
1789875900000,220.82,220.82,220.63,220.65,3348.743
1789876800000,220.65,220.65,220.64,220.65,52.897
1789877700000,220.64,220.65,220.54,220.61,504.85
1789878600000,220.59,220.64,220.59,220.63,112.187
1789879500000,220.64,220.65,220.56,220.61,1647.668
1789880400000,220.58,220.65,220.58,220.63,1204.835
1789881300000,220.63,220.64,220.61,220.62,61.122
1789882200000,220.63,220.64,220.62,220.63,27.676
1789883100000,220.64,220.65,220.63,220.63,91.719
1789884000000,220.63,220.64,220.63,220.63,30.555
1789884900000,220.64,220.65,220.6,220.63,273.386
1789885800000,220.62,220.64,220.62,220.64,47.703
1789886700000,220.64,220.65,220.63,220.64,191.305
1789887600000,220.65,220.65,220.64,220.65,181.634
1789888500000,220.65,220.65,220.63,220.65,167.857
1789889400000,220.65,220.65,220.63,220.63,28.192
1789890300000,220.64,220.64,220.63,220.63,13.316
1789891200000,220.63,220.65,220.63,220.65,106.95
1789892100000,220.64,220.72,220.64,220.66,1980.066
1789893000000,220.66,220.68,220.52,220.53,235.421
1789893900000,220.53,220.53,220.48,220.51,97.309
1789894800000,220.5,220.66,220.45,220.51,559.907
1789895700000,220.51,220.51,220.36,220.43,1288.031
1789896600000,220.43,220.6,220.39,220.58,111.347
1789897500000,220.56,220.58,220.55,220.58,16.663
1789898400000,220.58,220.61,220.48,220.49,17.36
1789899300000,220.49,220.52,220.48,220.48,43.787
1789900200000,220.51,220.67,220.51,220.62,362.355
1789901100000,220.62,220.71,220.57,220.71,158.983
1789902000000,220.68,220.69,220.53,220.68,198.929
1789902900000,220.68,220.68,220.43,220.45,149.344
1789903800000,220.44,220.47,220.33,220.33,298.32
1789904700000,220.33,220.43,220.28,220.42,244.707
1789905600000,220.42,220.43,220.15,220.15,450.261
1789906500000,220.19,220.19,220.1,220.12,200.815
1789907400000,220.12,220.12,220.04,220.07,327.253
1789908300000,220.06,220.26,220.06,220.18,910.026
1789909200000,220.18,220.3,220.17,220.28,149.521
1789910100000,220.28,220.4,220.27,220.37,60.23
1789911000000,220.37,220.38,220.25,220.25,158.126
1789911900000,220.25,220.25,220.13,220.22,72.296
1789912800000,220.23,220.53,220.23,220.53,193.413
1789913700000,220.52,220.52,220.45,220.46,89.162
1789914600000,220.45,220.62,220.45,220.62,1115.43
1789915500000,220.62,220.74,220.57,220.69,1756.65
1789916400000,220.7,220.86,220.7,220.84,944.279
1789917300000,220.84,220.86,220.54,220.57,393.853
1789918200000,220.57,220.75,220.56,220.75,384.598
1789919100000,220.73,221.04,220.73,221.04,1279.689
1789920000000,221.02,221.21,221.01,221.11,1233.687
1789920900000,221.11,221.11,220.9,221.06,232.414
1789921800000,221.03,221.12,221.01,221.01,394.819
1789922700000,220.99,220.99,220.87,220.98,244.45
1789923600000,220.95,221.01,220.92,220.92,286.465
1789924500000,220.92,220.95,220.83,220.83,126.018
1789925400000,220.83,221.02,220.83,221,124.82
1789926300000,221.01,221.22,220.97,221.22,1382.583
1789927200000,221.22,221.44,221.16,221.29,2740.148
1789928100000,221.26,221.4,221.19,221.4,306.13
1789929000000,221.39,221.39,221.24,221.27,89.385
1789929900000,221.29,221.29,221.17,221.19,201.068
1789930800000,221.19,221.28,221.19,221.26,276.5
1789931700000,221.25,221.25,221.18,221.18,31.088
1789932600000,221.21,221.45,221.21,221.38,230.173
1789933500000,221.36,221.47,221.33,221.33,19.902
1789934400000,221.32,221.32,221.23,221.27,646.469
1789935300000,221.26,221.3,221.21,221.29,45.065
1789936200000,221.29,221.38,221.29,221.34,60.435
1789937100000,221.34,221.36,221.31,221.31,31.901
1789938000000,221.29,221.44,221.22,221.27,32.154
1789938900000,221.29,221.31,221.11,221.12,98.057
1789939800000,221.12,221.21,221.12,221.21,112.446
1789940700000,221.18,221.24,221.11,221.24,121.945
1789941600000,221.25,221.93,221.13,221.93,1373.933
1789942500000,221.9,222.17,221.75,222,2564.532
1789943400000,222,222.18,221.85,221.93,3092.236
1789944300000,221.92,222.12,221.83,222.12,2054.097
1789945200000,222.13,222.27,222.12,222.24,1226.824
1789946100000,222.24,222.28,222.14,222.25,1243.609
1789947000000,222.25,222.41,222.17,222.36,334.7
1789947900000,222.36,222.49,222.24,222.4,632.976
1789948800000,222.41,222.96,222.41,222.53,9874.863
1789949700000,222.51,222.83,222.29,222.73,1627.749
1789950600000,222.73,223.1,222.73,222.94,4230.406
1789951500000,222.91,223.36,222.86,223.34,1246.152
1789952400000,223.36,223.73,223.3,223.52,1443.618
1789953300000,223.54,223.94,223.54,223.78,6132.103
1789954200000,223.81,223.88,223.58,223.62,877.333
1789955100000,223.64,223.65,223.08,223.11,2044.647
1789956000000,223.1,223.3,223.02,223.08,783.312
1789956900000,223.09,223.26,223.07,223.21,626.466
1789957800000,223.21,223.21,223.04,223.18,758.191
1789958700000,223.18,223.42,223.18,223.29,1979.673
1789959600000,223.3,223.56,223.3,223.54,434.226
1789960500000,223.56,223.65,223.4,223.4,619.529
1789961400000,223.4,223.53,223.31,223.46,1123.681
1789962300000,223.48,223.59,223.4,223.4,534.348
1789963200000,223.37,223.41,223.18,223.36,599.573
1789964100000,223.37,223.54,223.37,223.48,164.166
1789965000000,223.45,223.5,223.35,223.39,697.039
1789965900000,223.39,223.49,223.37,223.45,574.759
1789966800000,223.45,223.45,223.28,223.34,247.302
1789967700000,223.32,223.37,223.22,223.22,635.633
1789968600000,223.21,223.33,223.14,223.26,685.283
1789969500000,223.25,223.27,223.16,223.25,93.373
1789970400000,223.27,223.52,223.27,223.36,521.555
1789971300000,223.38,223.69,223.3,223.35,1088.987
1789972200000,223.37,223.42,223.33,223.37,508.638
1789973100000,223.38,223.44,223.3,223.44,695.297
1789974000000,223.43,223.5,223.27,223.48,1706.961
1789974900000,223.51,223.51,223.33,223.47,782.192
1789975800000,223.49,223.58,223.43,223.47,577.008
1789976700000,223.49,223.73,223.49,223.66,516.946
1789977600000,223.61,224.01,223.56,223.9,2166.218
1789978500000,223.95,224.1,223.9,224.02,2135.565
1789979400000,224.01,224.33,224.01,224.21,1671.983
1789980300000,224.18,224.22,224.1,224.22,190.741
1789981200000,224.24,224.8,224.22,224.65,2020.543
1789982100000,224.65,224.88,224.62,224.77,2175.14
1789983000000,224.74,224.97,224.74,224.97,1535.595
1789983900000,224.95,224.98,224.64,224.64,671.414
1789984800000,224.63,224.79,224.48,224.5,1044.269
1789985700000,224.51,224.59,224.35,224.45,1107.91
1789986600000,224.47,224.62,224.3,224.41,1123.48
1789987500000,224.41,224.46,224.22,224.23,439.206
1789988400000,224.28,224.36,224,224.27,8303.37
1789989300000,224.26,224.39,224.19,224.28,1402.019
1789990200000,224.28,224.35,224.1,224.22,2397.913
1789991100000,224.22,224.69,224.19,224.63,2196.212
1789992000000,224.61,224.77,224.32,224.32,2423.734
1789992900000,224.3,224.31,223.76,223.8,7974.341
1789993800000,223.79,223.95,223.59,223.94,5676.787
1789994700000,223.93,223.96,223.55,223.61,2069.034
1789995600000,223.6,223.85,223.56,223.61,2550.733
1789996500000,223.63,223.83,222.9,223.12,6150.103
1789997400000,223.11,224.42,221.8,224.13,13380.011
1789998300000,224.16,224.95,224.16,224.26,1831.135
1789999200000,224.26,224.31,222.71,223.34,5610.276
1790000100000,223.43,223.85,223.25,223.7,2442.261
1790001000000,223.69,224.62,223.65,224.6,3038.794
1790001900000,224.57,225.16,224.35,224.95,4114.427
1790002800000,225.04,225.56,225,225.56,2675.801
1790003700000,225.53,225.55,224.78,224.95,3972.033
1790004600000,225,225.41,224.98,225.08,2863.344
1790005500000,225.13,225.38,225,225.27,4168.215
1790006400000,225.23,225.48,224.99,225.41,2391.151
1790007300000,225.42,225.79,225.35,225.59,3115.723
1790008200000,225.59,226.53,225.59,226.12,15711.469
1790009100000,226.14,226.42,225.89,226.32,1619.571
1790010000000,226.32,227.23,226.28,227.11,4770.788
1790010900000,227.11,227.28,226.69,227.25,2852.347
1790011800000,227.27,227.49,226.91,227.37,7338.386
1790012700000,227.38,227.74,227.25,227.25,1293.755
1790013600000,227.27,227.44,227.15,227.31,2181.276
1790014500000,227.31,227.66,227.22,227.49,2119.283
1790015400000,227.5,227.76,227.43,227.75,639.772
1790016300000,227.78,228.55,227.59,227.82,2601.853
1790017200000,227.78,227.85,227.42,227.46,3787.344
1790018100000,227.5,227.62,227.34,227.45,2104.063
1790019000000,227.45,227.74,227.29,227.46,423.543
1790019900000,227.47,227.64,227.04,227.38,5147.52
1790020800000,227.36,227.47,227.22,227.22,2594.767
1790021700000,227.19,227.22,226.93,227.05,1769.169
1790022600000,227.06,227.06,226.88,226.91,1759.092
1790023500000,226.91,227.01,226.85,226.95,348.703
1790024400000,226.93,226.95,226.76,226.86,118.261
1790025300000,226.87,227.11,226.83,227.07,395.95
1790026200000,227.08,227.08,226.98,226.99,117.272
1790027100000,227,227.02,226.85,227,313.638
1790028000000,227.02,227.17,227.01,227.11,419.698
1790028900000,227.11,227.33,227.09,227.32,395.336
1790029800000,227.33,227.41,227.26,227.31,471.454
1790030700000,227.31,227.33,227.26,227.3,312.727
1790031600000,227.3,227.41,227.27,227.4,219.816
1790032500000,227.4,227.45,227.15,227.16,3078.762
1790033400000,227.16,227.31,227.16,227.24,257.649
1790034300000,227.24,227.45,227.22,227.29,392.291
1790035200000,227.3,227.68,227.25,227.57,1491.439
1790036100000,227.57,227.69,227.38,227.69,1031.447
1790037000000,227.7,227.8,227.54,227.73,850.145
1790037900000,227.74,227.82,227.68,227.78,1212.541
1790038800000,227.76,227.76,227.54,227.61,711.721
1790039700000,227.61,227.76,227.53,227.76,943.509
1790040600000,227.77,227.81,227.62,227.66,389.205
1790041500000,227.67,227.73,227.48,227.52,604.851
1790042400000,227.54,227.64,227.51,227.51,326.89
1790043300000,227.53,227.61,227.43,227.48,633.502
1790044200000,227.49,227.61,227.37,227.56,314.117
1790045100000,227.55,227.64,227.45,227.62,440.864
1790046000000,227.61,227.61,227.38,227.4,288.448
1790046900000,227.4,227.48,227.36,227.47,607.639
1790047800000,227.47,227.63,227.43,227.44,310.806
1790048700000,227.45,227.54,227.44,227.54,140.658
1790049600000,227.54,227.54,227.19,227.22,406.047
1790050500000,227.21,227.25,227,227.12,365.697
1790051400000,227.12,227.16,226.79,226.81,450.12
1790052300000,226.81,226.81,226.55,226.66,635.27
1790053200000,226.68,226.86,226.66,226.73,248.953
1790054100000,226.73,226.73,226.25,226.34,998.127
1790055000000,226.34,226.6,226.17,226.51,615.503
1790055900000,226.51,226.7,226.49,226.49,476.686
1790056800000,226.51,226.58,226.17,226.2,638.02
1790057700000,226.23,226.31,226.12,226.31,260.859
1790058600000,226.33,226.59,226.31,226.47,394.785
1790059500000,226.47,226.58,226.23,226.23,371.616
1790060400000,226.27,226.29,225.96,226.21,980.059
1790061300000,226.22,226.33,226.07,226.07,728.637
1790062200000,226.08,226.27,226.01,226.19,784.608
1790063100000,226.19,226.35,226.04,226.04,1157.732
1790064000000,226.11,226.39,226.05,226.33,2148.039
1790064900000,226.25,226.25,225.93,225.97,2155.778
1790065800000,225.96,226.54,225.9,226.54,5194.962
1790066700000,226.59,226.87,226.38,226.8,3059.958
1790067600000,226.81,226.9,226.5,226.57,3725.559
1790068500000,226.6,226.75,226.44,226.5,2354.622
1790069400000,226.51,226.72,226.41,226.69,1025.433
1790070300000,226.67,227.37,226.67,227.35,2764.562
1790071200000,227.31,227.54,227.2,227.33,2578.939
1790072100000,227.34,227.45,227.05,227.3,862.482
1790073000000,227.29,227.51,227.14,227.42,885.212
1790073900000,227.43,227.69,227.32,227.66,802.512
1790074800000,227.71,227.74,226.97,227.12,2622.797
1790075700000,227.15,227.18,226.91,226.92,847.794
1790076600000,226.93,227.14,226.88,226.98,1546.773
1790077500000,227.02,227.09,226.77,226.81,1281.511
1790078400000,226.81,226.99,226.6,226.83,1552.979
1790079300000,226.81,227.04,226.72,227.01,768.414
1790080200000,227,227.01,226.38,226.41,2218.821
1790081100000,226.41,226.47,226.24,226.32,2170.064
1790082000000,226.32,226.35,226.09,226.16,1967.267
1790082900000,226.15,226.93,225.69,226.92,1072.464
1790083800000,226.93,229.6,226.74,228.17,10054.012
1790084700000,228.18,228.21,227.32,227.64,4180.419
1790085600000,227.65,228.24,227.19,228.21,3965.37
1790086500000,228.24,228.59,228,228.37,10769.173
1790087400000,228.35,228.95,227.77,228.01,3048.084
1790088300000,228.03,228.53,227.84,228.37,564.541
1790089200000,228.41,228.93,228.24,228.77,4194.128
1790090100000,228.77,229.14,228.59,228.84,7707.569
1790091000000,228.77,228.77,228.22,228.28,4143.432
1790091900000,228.28,228.6,228.26,228.49,7295.649
1790092800000,228.55,228.75,228.32,228.74,3381.394
1790093700000,228.75,229.05,228.64,228.72,1760.666
1790094600000,228.7,229.04,228.62,228.77,1742.362
1790095500000,228.8,229.35,228.74,229.34,2538.853
1790096400000,229.36,229.97,229.35,229.81,6156.29
1790097300000,229.81,229.87,229.4,229.5,1545.17
1790098200000,229.52,229.58,229.01,229.03,1909.399
1790099100000,229.04,229.29,228.82,229.14,479.953
1790100000000,229.18,229.41,228.96,229.2,574.743
1790100900000,229.19,229.54,229.18,229.49,573.329
1790101800000,229.47,229.5,229.24,229.49,2424.681
1790102700000,229.5,229.58,229.31,229.33,1152.857
1790103600000,229.37,229.73,229.24,229.6,270.331
1790104500000,229.58,229.81,229.49,229.69,795.403
1790105400000,229.68,229.76,229.28,229.28,1394.591
1790106300000,229.3,229.91,228.79,228.86,4234.412
1790107200000,228.89,228.97,228.18,228.36,2719.338
1790108100000,228.37,228.37,228.03,228.18,531.718
1790109000000,228.19,228.36,228.18,228.31,861.995
1790109900000,228.29,228.32,228.19,228.2,168.347
1790110800000,228.2,228.3,228.14,228.16,121.29
1790111700000,228.19,228.31,228.1,228.27,282.302
1790112600000,228.27,228.42,228.25,228.31,178.039
1790113500000,228.34,228.37,228.25,228.26,265.084
1790114400000,228.24,228.39,228.22,228.35,672.287
1790115300000,228.35,228.51,228.33,228.4,196.296
1790116200000,228.4,228.44,228.35,228.4,117.984
1790117100000,228.41,228.42,228.31,228.35,507.717
1790118000000,228.35,228.47,228.35,228.44,228.531
1790118900000,228.44,228.55,228.42,228.49,257.852
1790119800000,228.51,228.65,228.44,228.57,181.737
1790120700000,228.57,228.63,228.48,228.59,200.369
1790121600000,228.59,228.89,228.45,228.49,1062.688
1790122500000,228.49,228.72,228.49,228.54,2177.563
1790123400000,228.54,228.71,228.51,228.63,1093.959
1790124300000,228.63,228.63,228.44,228.46,415.497
1790125200000,228.47,228.63,228.36,228.54,613.701
1790126100000,228.54,228.62,228.46,228.59,1770.839
1790127000000,228.59,228.61,228.34,228.36,796.641
1790127900000,228.38,228.42,228.27,228.28,241.335
1790128800000,228.29,228.3,228.06,228.12,487.351
1790129700000,228.12,228.38,228.07,228.31,547.575
1790130600000,228.31,228.35,228.22,228.29,289.278
1790131500000,228.29,228.44,228.29,228.4,223.269
1790132400000,228.4,228.41,228.3,228.34,614.025
1790133300000,228.34,228.44,228.26,228.33,418.847
1790134200000,228.33,228.64,228.32,228.6,352.308
1790135100000,228.61,228.65,228.48,228.49,219.268
1790136000000,228.49,228.63,228.45,228.61,354.876
1790136900000,228.6,228.79,228.59,228.69,551.936
1790137800000,228.68,228.94,228.68,228.86,786.68
1790138700000,228.85,228.89,228.69,228.73,275.123
1790139600000,228.74,228.78,228.59,228.77,238.581
1790140500000,228.77,228.84,228.7,228.8,655.626
1790141400000,228.79,228.91,228.72,228.77,593.181
1790142300000,228.78,228.9,228.76,228.76,1222.732
1790143200000,228.76,228.97,228.76,228.96,463.501
1790144100000,228.97,229.05,228.92,229.05,448.794
1790145000000,229.04,229.23,229.01,229.16,838.674
1790145900000,229.16,229.23,228.94,228.94,1568.28
1790146800000,228.89,228.9,228.71,228.88,977.347
1790147700000,228.9,228.96,228.73,228.96,704.611
1790148600000,228.98,229.07,228.89,228.93,603.731
1790149500000,228.93,229,228.7,228.71,523.954
1790150400000,228.73,229.27,228.73,229.15,1388.2
1790151300000,229.15,229.28,228.94,229.16,1381.926
1790152200000,229.16,229.22,228.96,229,590.297
1790153100000,228.97,229.13,228.94,229,1014.974
1790154000000,229.02,229.28,229.02,229.19,620.081
1790154900000,229.17,229.42,229.17,229.4,748.667
1790155800000,229.41,229.47,229.33,229.33,690.143
1790156700000,229.31,229.31,229.04,229.2,1111.836
1790157600000,229.2,229.2,228.98,229.05,501.762
1790158500000,229.07,229.14,228.89,229.12,692.202
1790159400000,229.14,229.14,228.93,229.04,554.974
1790160300000,229.07,229.2,228.98,229.06,631.537
1790161200000,229.07,229.07,228.15,228.4,1820.254
1790162100000,228.41,228.47,227.82,227.93,1973.909
1790163000000,227.87,227.95,227.4,227.66,1450.754
1790163900000,227.75,228.01,227.74,227.93,1699.811
1790164800000,227.93,227.97,227.47,227.5,979.089
1790165700000,227.49,227.78,227.41,227.7,1214.714
1790166600000,227.75,227.96,227.41,227.41,1875.194
1790167500000,227.44,227.81,227.44,227.76,1678.134
1790168400000,227.76,227.76,227.46,227.68,693.564
1790169300000,227.71,228.15,227.48,228.08,1312.333
1790170200000,228.11,228.97,227.76,228.77,8603.901
1790171100000,228.79,228.86,227.83,227.85,872.219
1790172000000,227.79,228.17,226.09,226.16,7161.257
1790172900000,226.13,226.39,225.09,225.69,8380.146
1790173800000,225.71,226.15,225.36,226.04,1611.539
1790174700000,226.04,226.64,225.67,226.19,6040.295
1790175600000,226.19,226.4,225.95,225.99,3599
1790176500000,226.03,226.03,225.39,225.42,2108.129
1790177400000,225.42,225.67,225.1,225.52,1590.771
1790178300000,225.52,225.54,224.8,224.84,2079.11
1790179200000,224.83,225.03,224.74,224.88,2788.697
1790180100000,224.87,224.93,224.45,224.54,4109.488
1790181000000,224.54,224.76,224.25,224.28,790.146
1790181900000,224.27,224.61,224.04,224.61,5293.936
1790182800000,224.6,224.85,224.16,224.4,1800.122
1790183700000,224.39,224.67,224.32,224.45,1225.375
1790184600000,224.44,225.2,224.41,225.2,1054.577
1790185500000,225.18,225.43,225.15,225.42,967.956
1790186400000,225.39,225.46,225.13,225.32,577.435
1790187300000,225.32,225.62,225.29,225.58,708.531
1790188200000,225.58,225.58,225.3,225.43,327.526
1790189100000,225.43,225.57,225.33,225.34,749.478
1790190000000,225.3,225.55,225.18,225.36,576.117
1790190900000,225.4,225.5,225.12,225.17,1107.221
1790191800000,225.16,225.78,225.08,225.35,1262.877
1790192700000,225.34,225.67,224.82,225.59,1815.314
1790193600000,225.59,225.76,225.39,225.5,830.464
1790194500000,225.48,225.48,225.24,225.24,118.01
1790195400000,225.24,225.31,225.21,225.31,165.234
1790196300000,225.31,225.35,225.25,225.34,183.863
1790197200000,225.34,225.34,225.12,225.12,183.068
1790198100000,225.12,225.19,225.09,225.11,91.455
1790199000000,225.12,225.16,225.12,225.13,113.242
1790199900000,225.22,225.28,225.15,225.16,212.911
1790200800000,225.17,225.34,225.17,225.34,855.429
1790201700000,225.35,225.36,225.26,225.27,332.335
1790202600000,225.26,225.34,225.15,225.31,528.694
1790203500000,225.31,225.36,225.29,225.33,257.262
1790204400000,225.33,225.37,225.31,225.32,156.82
1790205300000,225.34,225.36,225.27,225.32,470.158
1790206200000,225.31,225.33,225.23,225.29,734.02
1790207100000,225.3,225.33,225.12,225.21,1233.878
1790208000000,225.21,225.38,225.09,225.15,1657.932
1790208900000,225.11,225.22,224.93,225.13,1928.669
1790209800000,225.15,225.23,224.91,224.91,700.647
1790210700000,224.92,225.08,224.82,225.01,969.833
1790211600000,225.07,225.18,225.01,225.11,813.618
1790212500000,225.13,225.14,224.99,225,823.472
1790213400000,224.99,225.27,224.99,225.06,668.745
1790214300000,225.03,225.1,224.87,225.09,334.937
1790215200000,225.09,225.12,224.91,225.1,610.717
1790216100000,225.1,225.21,225.02,225.07,585.117
1790217000000,225.12,225.41,225.11,225.27,1989.85
1790217900000,225.28,225.56,225.25,225.54,866.725
1790218800000,225.54,225.55,225.24,225.37,520.273
1790219700000,225.4,225.4,225.21,225.21,769.303
1790220600000,225.21,225.21,225.09,225.09,1527.077
1790221500000,225.08,225.15,225.05,225.15,1017.649
1790222400000,225.16,225.16,224.7,224.89,2361.376
1790223300000,224.88,225.05,224.84,225.05,661.02
1790224200000,225.07,225.15,224.98,224.98,989.269
1790225100000,224.99,225.15,224.93,225.15,350.674
1790226000000,225.15,225.31,225.15,225.24,1653.273
1790226900000,225.25,225.26,225.05,225.16,609.759
1790227800000,225.18,225.18,224.95,224.95,330.1
1790228700000,224.94,224.98,224.45,224.48,1242.892
1790229600000,224.47,224.54,224.17,224.51,2029.02
1790230500000,224.51,224.81,224.51,224.59,1538.178
1790231400000,224.58,224.58,224.27,224.34,1146.565
1790232300000,224.33,224.36,224.08,224.09,568.036
1790233200000,224.11,224.38,223.96,224.26,1819.893
1790234100000,224.26,224.29,224.02,224.29,757.718
1790235000000,224.31,224.67,224.3,224.6,1553.452
1790235900000,224.59,224.59,224.12,224.17,749.86
1790236800000,224.15,224.35,223.32,223.38,3370.711
1790237700000,223.42,223.55,222.8,222.94,3028.442
1790238600000,222.94,223.22,222.65,223.02,3281.953
1790239500000,223.04,223.1,222.52,222.69,2859.46
1790240400000,222.69,222.73,222.35,222.56,16238.066
1790241300000,222.56,222.98,222.47,222.84,2271.666
1790242200000,222.86,222.87,222.3,222.31,2013.849
1790243100000,222.34,222.84,222.3,222.84,2114.785
1790244000000,222.83,223.02,222.6,222.72,2346.812
1790244900000,222.75,223.06,222.7,222.76,3392.014
1790245800000,222.76,223.22,222.73,223.19,4328.789
1790246700000,223.19,223.51,223.09,223.43,2790.178
1790247600000,223.43,223.47,222.84,223.14,2865.545
1790248500000,223.15,223.26,222.98,222.99,2632.011
1790249400000,222.98,223.35,222.79,222.87,2864.95
1790250300000,222.88,223.09,222.71,222.98,1118.312
1790251200000,222.97,223.12,222.62,223.11,3899.641
1790252100000,223.11,223.69,223.08,223.35,2256.704
1790253000000,223.39,223.41,222.76,223.1,2012.495
1790253900000,223.1,223.21,222.92,222.93,2038.008
1790254800000,222.93,223.13,222.71,222.75,1883.918
1790255700000,222.76,222.96,221.86,222.13,7004.237
1790256600000,222.12,223.24,221.28,222.72,10455.996
1790257500000,222.75,222.92,222.29,222.62,2570.906
1790258400000,222.64,222.93,221.78,222.15,3571.242
1790259300000,222.21,222.58,222.12,222.48,1664.713
1790260200000,222.52,222.73,222.22,222.24,1471.163
1790261100000,222.28,222.47,221.46,221.63,4192.76
1790262000000,221.65,221.81,221.48,221.56,1458.683
1790262900000,221.57,222.05,221.57,221.97,6697.728
1790263800000,221.95,222.16,221.78,222.09,1245.55
1790264700000,222.09,222.6,221.79,222.51,1640.565
1790265600000,222.45,222.46,222.11,222.37,926.806
1790266500000,222.44,224,222.44,223.49,10845.36
1790267400000,223.41,224.52,223.28,224.05,4093.625
1790268300000,224.03,224.6,223.94,224.39,1985.862
1790269200000,224.33,224.7,224.19,224.52,2943.648
1790270100000,224.53,224.59,223.89,224.18,1089.818
1790271000000,224.23,224.46,223.67,223.69,986.947
1790271900000,223.64,224.27,223.61,224.02,1222.995
1790272800000,223.97,223.98,223.42,223.9,1689.916
1790273700000,223.87,224.2,223.77,224.08,1844.625
1790274600000,224.05,224.39,223.91,224.1,1422.965
1790275500000,224.06,224.54,224.04,224.32,2141.216
1790276400000,224.29,224.34,223.79,223.79,1395.237
1790277300000,223.78,224.15,223.78,223.81,3987.266
1790278200000,223.82,223.91,223.51,223.6,1293.653
1790279100000,223.58,224.88,223.56,224.58,4684.241
1790280000000,224.58,224.6,224.09,224.09,1681.012
1790280900000,224.1,224.1,223.52,223.6,2511.5
1790281800000,223.61,223.9,223.61,223.8,646.54
1790282700000,223.81,224.07,223.77,224.04,2583.924
1790283600000,224.06,224.08,223.96,224.02,1275.779
1790284500000,224.01,224.06,223.98,224.03,232.595
1790285400000,224.04,224.14,223.99,224.1,816.868
1790286300000,224.12,224.17,224.07,224.07,351.246
1790287200000,224.08,224.21,223.96,224.03,929.136
1790288100000,224.02,224.03,223.83,223.87,526.582
1790289000000,223.86,224.08,223.85,224.08,251.291
1790289900000,224.1,224.11,223.98,224.08,1329.146
1790290800000,224.08,224.11,223.97,224.01,590.619
1790291700000,224.02,224.16,223.98,224.13,156.857
1790292600000,224.16,224.17,223.96,223.96,119.887
1790293500000,223.97,224,223.83,223.86,638.41
1790294400000,223.87,224.07,223.84,224.01,1382.179
1790295300000,224,224.1,223.93,224.05,674.13
1790296200000,224.03,224.04,223.82,223.91,1342.094
1790297100000,223.92,224,223.8,223.99,1015.962
1790298000000,224.01,224.43,223.88,224.41,1283.219
1790298900000,224.39,224.6,224.39,224.56,2087.818
1790299800000,224.56,224.82,224.31,224.82,921.424
1790300700000,224.83,224.85,224.66,224.79,850.786
1790301600000,224.81,224.84,224.63,224.66,1273.231
1790302500000,224.71,224.83,224.53,224.53,654.409
1790303400000,224.56,224.61,224.38,224.55,541.481
1790304300000,224.55,224.58,224.36,224.57,704.955
1790305200000,224.57,224.66,224.5,224.58,322.434
1790306100000,224.6,224.81,224.53,224.7,659.819
1790307000000,224.69,224.76,224.62,224.62,596.598
1790307900000,224.61,224.69,224.52,224.68,475.892
1790308800000,224.67,224.67,224.52,224.64,687.571
1790309700000,224.63,224.64,224.56,224.6,161.336
1790310600000,224.6,224.65,224.54,224.62,519.336
1790311500000,224.62,224.65,224.45,224.5,256.822
1790312400000,224.51,224.66,224.5,224.6,716.432
1790313300000,224.6,224.67,224.51,224.67,653.455
1790314200000,224.66,224.99,224.64,224.99,1379.268
1790315100000,224.99,225.04,224.95,224.95,589.639
1790316000000,224.96,225.23,224.95,225.2,975.808
1790316900000,225.19,225.48,225.12,225.38,1461.924
1790317800000,225.39,225.45,225.29,225.43,1045.376
1790318700000,225.43,225.45,225.17,225.18,2198.506
1790319600000,225.17,225.4,225.17,225.38,1740.966
1790320500000,225.39,225.51,225.32,225.51,835.696
1790321400000,225.5,225.5,225.23,225.23,1101.661
1790322300000,225.22,225.37,225.21,225.34,705.283
1790323200000,225.35,225.62,225.23,225.59,2703.997
1790324100000,225.61,225.98,225.59,225.94,1004.655
1790325000000,225.93,226.14,225.85,226.12,1165.592
1790325900000,226.11,226.48,226.01,226.48,1566.424
1790326800000,226.5,226.56,226.39,226.41,1320.553
1790327700000,226.4,226.51,226.28,226.46,1374.399
1790328600000,226.46,226.52,226.33,226.35,1518.954
1790329500000,226.35,226.35,226.15,226.23,938.599
1790330400000,226.23,226.29,226.06,226.28,370.599
1790331300000,226.28,226.38,226.27,226.3,662.3
1790332200000,226.3,226.35,226,226.04,2053.331
1790333100000,226.04,226.06,225.84,225.88,971.901
1790334000000,225.87,225.98,225.52,225.85,2981.015
1790334900000,225.89,226.34,225.89,226.23,1640.656
1790335800000,226.23,226.39,226.07,226.2,2396.019
1790336700000,226.2,226.26,226.06,226.14,945.709
1790337600000,226.1,226.38,226.06,226.12,1582.635
1790338500000,226.13,226.13,225.92,226.03,1416.714
1790339400000,226.05,226.05,225.5,225.67,2578.59
1790340300000,225.65,225.71,225.3,225.53,2818.501
1790341200000,225.54,225.87,225.25,225.79,1942.579
1790342100000,225.79,225.82,225.03,225.2,3051.277
1790343000000,225.23,226.97,224.81,225.12,10485.955
1790343900000,225.25,225.6,224.84,225.28,2497.188
1790344800000,225.32,225.35,224.17,224.19,6434.651
1790345700000,224.19,224.22,223.34,223.34,4737.359
1790346600000,223.36,224.12,223.24,223.56,1662.118
1790347500000,223.53,224.5,223.35,224.47,1657.417
1790348400000,224.47,224.73,224.23,224.46,1142.434
1790349300000,224.46,224.69,224.18,224.33,1996.428
1790350200000,224.25,224.7,223.45,223.54,2284.589
1790351100000,223.53,225.23,223.51,225.21,4018.927
1790352000000,225.23,225.89,225.19,225.74,6393.422
1790352900000,225.72,225.74,224.47,225.12,3588.985
1790353800000,225.12,225.25,224.74,225.09,1569.267
1790354700000,225.08,225.14,224.5,224.66,1000.782
1790355600000,224.72,225.26,224.71,225.26,649.237
1790356500000,225.34,225.36,224.96,225.11,563.782
1790357400000,225.1,225.17,224.77,224.83,1042.539
1790358300000,224.83,224.97,224.7,224.75,545.375
1790359200000,224.79,225.21,224.78,225.09,512.586
1790360100000,225.07,225.13,224.39,224.45,3577.7
1790361000000,224.44,224.74,224.25,224.36,1350.145
1790361900000,224.36,224.37,224.09,224.09,1692.889
1790362800000,224.1,224.29,223.91,224.29,1553.294
1790363700000,224.26,224.26,223.66,223.88,1579.738
1790364600000,223.85,224.33,223.76,224.23,1392.212
1790365500000,224.24,225.52,224.24,225,3912.943
1790366400000,225.07,225.14,224.89,225.07,1733.847
1790367300000,225.07,225.07,224.97,225.01,425.769
1790368200000,225.02,225.08,225.01,225.08,184.03
1790369100000,225.08,225.08,225.02,225.06,710.76
1790370000000,225.09,225.1,225,225,826.255
1790370900000,225.02,225.31,225,225.14,369.041
1790371800000,225.14,225.29,225.12,225.28,635.62
1790372700000,225.27,225.27,225.17,225.17,206.387
1790373600000,225.16,225.18,225.13,225.15,206.618
1790374500000,225.14,225.18,225.12,225.16,268.626
1790375400000,225.15,225.22,225.12,225.19,532.477
1790376300000,225.18,225.2,225.18,225.2,146.199
1790377200000,225.19,225.2,225.18,225.18,339.788
1790378100000,225.19,225.19,225.13,225.15,541.202
1790379000000,225.13,225.14,225.02,225.03,33.865
1790379900000,225.03,225.07,225,225.07,93.36
1790380800000,225.07,225.1,225.05,225.09,242.414
1790381700000,225.09,225.09,224.96,224.98,384.158
1790382600000,224.98,224.98,224.4,224.53,2261.113
1790383500000,224.53,224.67,224.53,224.56,157.562
1790384400000,224.56,224.57,224.51,224.55,393.27
1790385300000,224.56,224.56,224.48,224.49,145.125
1790386200000,224.51,224.72,224.51,224.72,387.066
1790387100000,224.72,224.8,224.72,224.78,264.223
1790388000000,224.77,224.79,224.67,224.77,384.955
1790388900000,224.77,224.78,224.7,224.71,137.123
1790389800000,224.71,224.72,224.68,224.72,17.661
1790390700000,224.7,224.7,224.68,224.69,29.534
1790391600000,224.69,224.7,224.61,224.63,107.771
1790392500000,224.63,224.63,224.61,224.63,5.436
1790393400000,224.61,224.62,224.54,224.55,38.783
1790394300000,224.54,224.55,224.53,224.53,31.822
1790395200000,224.53,224.59,224.51,224.57,28.055
1790396100000,224.61,224.62,224.53,224.53,113.356
1790397000000,224.53,224.54,224.51,224.51,28.309
1790397900000,224.51,224.78,224.45,224.62,191.003
1790398800000,224.64,224.67,224.61,224.63,77.084
1790399700000,224.64,224.64,224.57,224.58,45.42
1790400600000,224.62,224.62,224.6,224.6,2.799
1790401500000,224.61,224.65,224.61,224.64,4.533
1790402400000,224.64,224.64,224.52,224.52,13.714
1790403300000,224.52,224.52,224.5,224.5,4.481
1790404200000,224.51,224.52,224.5,224.5,2.582
1790405100000,224.49,224.58,224.49,224.57,14.996
1790406000000,224.58,224.66,224.58,224.65,10.341
1790406900000,224.61,224.68,224.51,224.52,113.94
1790407800000,224.52,224.53,224.45,224.45,76.177
1790408700000,224.45,224.47,224.37,224.37,76.402
1790409600000,224.38,224.46,224.38,224.44,62.965
1790410500000,224.43,224.45,224.4,224.42,58.199
1790411400000,224.41,224.43,224.4,224.43,140.596
1790412300000,224.43,224.44,224.4,224.4,279.648
1790413200000,224.4,224.4,224.26,224.26,368.308
1790414100000,224.27,224.27,224.13,224.23,78.978
1790415000000,224.24,224.39,224.24,224.34,231.384
1790415900000,224.35,224.39,224.34,224.39,6.247
1790416800000,224.38,224.47,224.38,224.45,27.92
1790417700000,224.45,224.49,224.45,224.49,22.671
1790418600000,224.48,224.49,224.46,224.48,51.554
1790419500000,224.48,224.48,224.39,224.4,17.223
1790420400000,224.4,224.41,224.39,224.4,10.347
1790421300000,224.4,224.41,224.39,224.4,50.139
1790422200000,224.41,224.45,224.39,224.4,204.663
1790423100000,224.4,224.41,224.33,224.33,126.994
1790424000000,224.33,224.35,224.33,224.33,42.099
1790424900000,224.34,224.36,224.33,224.36,45.572
1790425800000,224.34,224.34,224.3,224.32,8.229
1790426700000,224.3,224.32,224.25,224.26,25.22
1790427600000,224.26,224.28,224.26,224.26,59.602
1790428500000,224.28,224.28,224.25,224.28,92.508
1790429400000,224.26,224.28,224.26,224.27,2.65
1790430300000,224.27,224.28,224.25,224.28,134.253
1790431200000,224.28,224.33,224.28,224.29,261.013
1790432100000,224.32,224.52,224.32,224.5,19.513
1790433000000,224.54,224.67,224.54,224.67,988.511
1790433900000,224.66,224.76,224.66,224.76,32.439
1790434800000,224.76,224.76,224.74,224.75,25.473
1790435700000,224.76,224.77,224.7,224.73,515.708
1790436600000,224.72,224.75,224.65,224.7,96.639
1790437500000,224.7,224.74,224.66,224.74,57.881
1790438400000,224.74,224.74,224.65,224.65,79.615
1790439300000,224.65,224.65,224.63,224.64,30.722
1790440200000,224.64,224.7,224.64,224.7,118.092
1790441100000,224.69,224.76,224.68,224.74,462.771
1790442000000,224.74,224.74,224.68,224.68,84.392
1790442900000,224.69,224.69,224.68,224.69,36.712
1790443800000,224.68,224.68,224.67,224.67,7.699
1790444700000,224.68,224.68,224.67,224.68,2.456
1790445600000,224.67,224.67,224.64,224.64,39.032
1790446500000,224.64,224.65,224.6,224.6,102.931
1790447400000,224.6,224.62,224.5,224.51,127.193
1790448300000,224.51,224.59,224.5,224.59,131.229
1790449200000,224.58,224.65,224.58,224.65,60.958
1790450100000,224.64,224.67,224.61,224.67,112.244
1790451000000,224.67,224.67,224.54,224.55,46.552
1790451900000,224.54,224.54,224.5,224.5,4.453
1790452800000,224.5,224.52,224.5,224.51,22.227
1790453700000,224.51,224.51,224.5,224.5,4.98
1790454600000,224.5,224.55,224.27,224.28,504.51
1790455500000,224.28,224.4,224.27,224.4,221.536
1790456400000,224.4,224.41,224.38,224.39,130.48
1790457300000,224.38,224.43,224.38,224.42,99.23
1790458200000,224.43,224.47,224.42,224.46,159.53
1790459100000,224.45,224.45,224.38,224.39,155.375
1790460000000,224.38,224.44,224.38,224.42,263.879
1790460900000,224.43,224.43,224.39,224.4,76.615
1790461800000,224.4,224.43,224.4,224.43,137.036
1790462700000,224.45,224.45,224.4,224.41,151.271
1790463600000,224.4,224.41,224.39,224.4,29.46
1790464500000,224.4,224.45,224.4,224.45,50.136
1790465400000,224.45,224.5,224.45,224.5,137.123
1790466300000,224.5,224.5,224.5,224.5,14.086
1790467200000,224.5,224.52,224.5,224.51,135.778
1790468100000,224.52,224.58,224.52,224.57,223.826
1790469000000,224.57,224.58,224.53,224.54,323.556
1790469900000,224.54,224.54,224.47,224.47,45.126
1790470800000,224.47,224.53,224.41,224.53,117.604
1790471700000,224.53,224.53,224.53,224.53,0
1790472600000,224.53,224.53,224.46,224.46,39.929
1790473500000,224.47,224.51,224.46,224.51,153.518
1790474400000,224.51,224.51,224.49,224.5,79.402
1790475300000,224.5,224.52,224.49,224.52,47.953
1790476200000,224.53,224.54,224.51,224.51,150.217
1790477100000,224.52,224.52,224.48,224.49,479.818
1790478000000,224.49,224.49,224.47,224.48,13.923
1790478900000,224.48,224.48,224.42,224.42,79.728
1790479800000,224.42,224.48,224.42,224.48,73.857
1790480700000,224.48,224.49,224.47,224.49,98.185
1790481600000,224.49,224.49,224.45,224.45,5.557
1790482500000,224.45,224.53,224.45,224.53,53.11
1790483400000,224.52,224.53,224.51,224.52,32.597
1790484300000,224.52,224.54,224.52,224.53,622.147
1790485200000,224.53,224.62,224.53,224.59,255.418
1790486100000,224.6,224.6,224.6,224.6,35.744
1790487000000,224.6,224.69,224.55,224.56,491.572
1790487900000,224.58,224.59,224.57,224.58,115.903
1790488800000,224.57,224.57,224.56,224.56,29.737
1790489700000,224.56,224.59,224.53,224.59,197.226
1790490600000,224.59,224.59,224.56,224.57,54.832
1790491500000,224.58,224.7,224.58,224.66,287.034
1790492400000,224.67,224.82,224.65,224.81,97.83
1790493300000,224.82,224.84,224.81,224.81,87.529
1790494200000,224.81,224.83,224.81,224.82,107.616
1790495100000,224.82,224.92,224.82,224.91,160.729
1790496000000,224.92,224.99,224.92,224.96,80.778
1790496900000,224.97,224.97,224.86,224.92,218.012
1790497800000,224.91,225,224.91,225,52.655
1790498700000,224.99,225,224.99,224.99,28.597
1790499600000,225,225,224.89,224.92,61.672
1790500500000,224.92,225.04,224.9,225.03,13.305
1790501400000,225.03,225.19,225.03,225.17,85.459
1790502300000,225.17,225.24,225.11,225.11,450.886
1790503200000,225.13,225.13,225.08,225.08,191.336
1790504100000,225.09,225.09,224.99,225.03,265.105
1790505000000,225.11,225.11,224.96,224.97,67.634
1790505900000,224.97,225.04,224.96,224.98,99.291
1790506800000,224.98,225.04,224.95,225.03,11.59
1790507700000,225.02,225.06,224.95,224.95,536.816
1790508600000,224.96,224.98,224.87,224.89,404.385
1790509500000,224.89,224.9,224.88,224.89,55.354
1790510400000,224.89,224.9,224.88,224.9,192.683
1790511300000,224.91,224.93,224.9,224.92,191.777
1790512200000,224.92,224.93,224.91,224.93,88.212
1790513100000,224.92,224.93,224.88,224.88,324.602
1790514000000,224.88,225.2,224.87,225.09,483.475
1790514900000,225.1,225.38,225.08,225.25,743.327
1790515800000,225.25,225.26,225.08,225.08,252.827
1790516700000,225.04,225.06,225.03,225.05,218.94
1790517600000,225.06,225.06,224.98,224.98,33.208
1790518500000,224.99,224.99,224.82,224.83,210.849
1790519400000,224.83,224.98,224.83,224.86,241.057
1790520300000,224.87,224.87,224.83,224.84,222.388
1790521200000,224.84,225.22,224.83,225.12,2810.803
1790522100000,225.13,225.26,224.94,224.97,623.642
1790523000000,224.97,225.02,224.84,224.89,449.982
1790523900000,224.9,224.93,224.89,224.93,128.956
1790524800000,224.93,225.07,224.91,225.02,414.027
1790525700000,225.01,225.12,224.99,225.12,477.695
1790526600000,225.12,225.19,225.09,225.15,1592.008
1790527500000,225.18,225.22,225.16,225.17,577.534
1790528400000,225.18,225.21,225.09,225.11,644.575
1790529300000,225.17,225.22,225.14,225.22,381.616
1790530200000,225.22,225.24,225.2,225.21,505.348
1790531100000,225.21,225.38,225.2,225.36,437.142
1790532000000,225.37,225.37,225.24,225.27,228.552
1790532900000,225.26,225.33,225.21,225.33,1092.617
1790533800000,225.33,225.35,225.31,225.35,150.463
1790534700000,225.35,225.53,225.35,225.42,1261.071
1790535600000,225.45,225.48,225.43,225.47,209.779
1790536500000,225.47,225.54,225.46,225.51,118.988
1790537400000,225.51,225.61,225.5,225.58,287.088
1790538300000,225.59,225.59,225.46,225.47,83.234
1790539200000,225.47,225.54,225.47,225.53,41.021
1790540100000,225.54,225.58,225.53,225.54,150.404
1790541000000,225.49,225.57,225.49,225.56,114.482
1790541900000,225.55,225.55,225.45,225.46,56.225
1790542800000,225.46,225.49,225.42,225.42,72.597
1790543700000,225.42,225.44,225.42,225.43,95.384
1790544600000,225.43,225.44,225.33,225.36,341.743
1790545500000,225.37,225.37,225.26,225.26,495.512
1790546400000,225.27,225.28,224.46,224.5,5952.321
1790547300000,224.5,224.81,224.37,224.67,1336.507
1790548200000,224.67,224.74,224.54,224.55,703.735
1790549100000,224.55,224.67,224.41,224.42,871.502
1790550000000,224.42,224.58,224.34,224.58,383.709
1790550900000,224.58,224.59,224.34,224.34,1711.641
1790551800000,224.35,224.49,224.34,224.45,322.56
1790552700000,224.45,224.81,224.44,224.81,1142.402
1790553600000,224.83,225.58,224.82,225.56,8365.469
1790554500000,225.55,225.66,225.38,225.47,4405.451
1790555400000,225.45,225.47,225,225.17,4266.221
1790556300000,225.18,225.44,224.84,224.85,2955.925
1790557200000,224.86,225.2,224.7,224.7,2464.019
1790558100000,224.69,224.88,224.53,224.83,1954.196
1790559000000,224.83,224.99,224.56,224.56,1928.692
1790559900000,224.57,224.61,224.29,224.41,1975.654
1790560800000,224.4,224.69,224.33,224.57,1778.1
1790561700000,224.6,224.6,224.37,224.38,1014.296
1790562600000,224.39,224.39,224.07,224.2,1617.74
1790563500000,224.21,224.37,224.08,224.1,1956.54
1790564400000,224.11,224.25,223.83,224.01,1295.657
1790565300000,223.94,224.14,223.87,223.96,772.302
1790566200000,223.96,224.06,223.84,224.06,544.22
1790567100000,224.06,224.16,223.76,223.81,430.778
1790568000000,223.8,224.17,223.76,224.17,844.856
1790568900000,224.19,224.27,224.11,224.17,714.768
1790569800000,224.18,224.18,224.01,224.02,418.534
1790570700000,224.03,224.26,223.88,224.26,410.207
1790571600000,224.23,224.4,224.12,224.21,652.991
1790572500000,224.21,224.26,223.98,224.07,635.485
1790573400000,224.11,224.19,223.99,224.07,816.747
1790574300000,224.08,224.12,223.88,223.99,505.792
1790575200000,223.97,224.25,223.86,223.86,1314.144
1790576100000,223.86,223.86,223.35,223.44,2856.595
1790577000000,223.44,223.57,223.32,223.32,946.388
1790577900000,223.31,223.55,223.26,223.54,1635.174
1790578800000,223.54,223.54,223.13,223.13,1682.445
1790579700000,223.14,223.3,223.11,223.13,1833.632
1790580600000,223.14,223.24,223.05,223.07,1788.535
1790581500000,223.09,223.35,223.09,223.17,1368.607
1790582400000,223.17,223.52,222.96,223.33,2833.871
1790583300000,223.33,223.35,223.05,223.19,2471.566
1790584200000,223.19,223.25,222.9,223.1,2972.851
1790585100000,223.11,223.44,222.93,223.26,2218.921
1790586000000,223.27,224.32,223.22,223.86,5559.783
1790586900000,223.85,225.05,223.83,224.92,3834.034
1790587800000,224.89,224.9,224.36,224.51,2720.45
1790588700000,224.53,224.89,224.5,224.54,1466.856
1790589600000,224.56,224.78,224.29,224.39,3164.945
1790590500000,224.4,224.52,224.26,224.35,1488.967
1790591400000,224.36,224.37,224.11,224.23,2531.299
1790592300000,224.22,224.73,224.14,224.6,1266.673
1790593200000,224.75,229.56,224.75,228.61,59998.139
1790594100000,228.49,229.49,227.41,227.52,29338.019
1790595000000,227.68,227.75,226.21,227.1,8101.384
1790595900000,227.12,228.18,226.83,227.98,6501.743
1790596800000,227.97,228.6,227.55,228.53,5632.173
1790597700000,228.52,229.29,228.38,228.93,4840.216
1790598600000,228.92,229.62,228.86,229,4081.364
1790599500000,229.06,230.03,229.06,229.73,3075.874
1790600400000,229.65,229.89,229.01,229.82,3261.079
1790601300000,229.9,230.15,228.93,229.88,8138.937
1790602200000,229.92,233.19,229.71,232.3,35379.985
1790603100000,232.3,232.92,231.01,231.95,19793.558
1790604000000,232,232.38,230.54,230.81,11920.794
1790604900000,230.89,231.69,230.86,231.25,6627.663
1790605800000,231.26,231.67,229.95,230.05,6241.121
1790606700000,230.04,230.04,228.58,229.26,6370.087
1790607600000,229.3,230.68,229.19,230.5,5348.971
1790608500000,230.5,230.5,229.76,230.15,5062.438
1790609400000,230.24,230.58,229.69,229.75,6130.369
1790610300000,229.77,230.21,229.57,230.17,1349.964
1790611200000,230.15,230.63,229.77,230.55,3497.01
1790612100000,230.52,232.33,230.48,231.89,5284.322
1790613000000,231.85,231.86,231.02,231.09,4575.291
1790613900000,231.07,231.27,230.83,231,1108.991
1790614800000,231,231.26,230.22,231.26,6328.432
1790615700000,231.29,231.4,230,230.02,52378.627
1790616600000,230.02,230.47,230.01,230.23,72805.089
1790617500000,230.29,230.54,230.06,230.17,1437.953
1790618400000,230.17,230.2,229.83,230.06,1625.465
1790619300000,230.15,230.34,229.71,229.87,2365.731
1790620200000,229.84,229.95,229.5,229.87,2050.204
1790621100000,229.87,230.11,229.6,229.89,1140.983
1790622000000,229.9,230.19,229.6,229.95,1614.673
1790622900000,229.94,230.09,229.18,229.32,2279.625
1790623800000,229.33,229.36,228.25,228.49,7210.643
1790624700000,228.46,229.02,228.12,228.76,6070.234
1790625600000,228.87,229.16,228.69,228.8,2751.201
1790626500000,228.77,228.77,228.49,228.6,988.804
1790627400000,228.59,228.66,228.53,228.61,460.991
1790628300000,228.58,228.77,228.54,228.76,411.663
1790629200000,228.75,229,228.75,228.8,665.595
1790630100000,228.84,229.22,228.84,229.17,1279.325
1790631000000,229.15,229.18,229.04,229.16,651.91
1790631900000,229.19,229.24,229.03,229.13,894.864
1790632800000,229.03,229.32,228.74,229.27,1358.183
1790633700000,229.25,229.49,229.1,229.23,1333.565
1790634600000,229.23,229.36,229.13,229.32,285.367
1790635500000,229.31,229.31,229.26,229.27,153.091
1790636400000,229.3,229.34,229.26,229.28,865.663
1790637300000,229.29,229.67,229.27,229.67,476.189
1790638200000,229.67,229.67,229.37,229.49,1022.086
1790639100000,229.49,229.53,229.33,229.39,963.634
1790640000000,229.36,229.53,229.16,229.29,4840.288
1790640900000,229.32,229.32,228.74,228.83,1586.162
1790641800000,228.82,229.17,228.74,229.15,1800.467
1790642700000,229.14,229.14,228.44,228.45,3411.762
1790643600000,228.45,228.74,228.29,228.34,3398.117
1790644500000,228.34,228.38,228,228.37,2270.573
1790645400000,228.37,228.85,228.32,228.74,3412.498
1790646300000,228.75,228.86,228.59,228.66,660.49
1790647200000,228.66,228.87,228.49,228.84,682.309
1790648100000,228.82,229.09,228.74,228.93,1009.304
1790649000000,228.93,228.97,228.52,228.55,1103.136
1790649900000,228.57,228.64,228.23,228.4,1870.178
1790650800000,228.38,228.52,228.01,228.11,7452.065
1790651700000,228.12,228.53,228.12,228.5,1149.939
1790652600000,228.46,228.7,228.38,228.59,1053.029
1790653500000,228.59,228.59,228.28,228.29,951.559
1790654400000,228.3,228.3,228.11,228.24,567.08
1790655300000,228.25,228.46,228.22,228.33,684.587
1790656200000,228.29,228.35,228.22,228.29,1352.163
1790657100000,228.35,228.44,228.28,228.29,1501.02
1790658000000,228.34,228.46,228.14,228.39,842.906
1790658900000,228.39,228.47,228.25,228.28,1093.208
1790659800000,228.22,228.28,227.93,228.16,2215.316
1790660700000,228.15,228.45,228.07,228.44,1585.966
1790661600000,228.46,229.16,228.37,229.11,2981.193
1790662500000,229.11,229.36,228.97,229.3,3358.548
1790663400000,229.31,229.53,229.31,229.53,1194.957
1790664300000,229.53,229.66,229.46,229.52,1573.386
1790665200000,229.53,229.7,229.37,229.65,1916.285
1790666100000,229.63,230.23,229.58,230.1,1523.904
1790667000000,230.12,230.47,230.08,230.11,2490.969
1790667900000,230.11,230.33,230.11,230.17,902.394
1790668800000,230.18,231.02,230.15,230.96,3292.21
1790669700000,230.95,231.53,230.94,230.95,8868.695
1790670600000,230.97,231.07,230.56,231.02,4386.688
1790671500000,231.01,231.03,230.31,230.53,3890.689
1790672400000,230.52,230.66,230.38,230.4,3685.892
1790673300000,230.41,230.5,230.23,230.29,2393.927
1790674200000,230.27,230.72,230.23,230.71,2628.079
1790675100000,230.71,230.85,230.5,230.65,2152.806
1790676000000,230.65,231.13,230.63,231.13,1965.732
1790676900000,231.13,231.16,230.64,230.85,2252.81
1790677800000,230.87,230.93,230.54,230.74,2439.015
1790678700000,230.74,230.89,230.61,230.89,2134.068
1790679600000,230.88,231.05,230.35,230.53,5126.606
1790680500000,230.53,230.6,230.23,230.24,14831.783
1790681400000,230.24,230.6,230.22,230.5,15070.41
1790682300000,230.47,230.93,230.39,230.69,3699.022
1790683200000,230.72,230.98,230.71,230.87,2155.622
1790684100000,230.94,231.16,230.33,230.57,6667.503
1790685000000,230.56,230.68,230.42,230.51,2330.172
1790685900000,230.51,230.52,230.15,230.18,3282.383
1790686800000,230.17,230.64,230.14,230.63,2906.722
1790687700000,230.63,231.01,230.25,231.01,5486.485
1790688600000,231,232.77,229.73,229.93,36101.07
1790689500000,230.01,230.84,229.87,229.94,8178.482
1790690400000,229.93,230.45,229.49,229.56,6718.398
1790691300000,229.56,230.49,229.35,230.46,3258.909
1790692200000,230.48,231.26,230.48,231.16,5803.974
1790693100000,231.19,231.51,230.93,231.33,3650.685
1790694000000,231.36,231.41,230.34,230.47,4286.046
1790694900000,230.45,230.75,229.67,229.98,2521.75
1790695800000,230.07,231.05,229.95,230.92,3426.171
1790696700000,230.92,230.99,230.31,230.52,1997.635
1790697600000,230.48,230.48,230.13,230.22,1105.769
1790698500000,230.2,230.47,230.13,230.43,1103.596
1790699400000,230.39,230.49,229.68,229.72,3396.11
1790700300000,229.71,229.96,229.36,229.56,2378.735
1790701200000,229.52,229.6,229.15,229.39,52077.148
1790702100000,229.4,229.46,228.93,229.32,21649.791
1790703000000,229.31,229.36,228.57,228.67,4351.455
1790703900000,228.68,228.77,227.83,227.88,25078.239
1790704800000,227.92,228.41,227.92,228.31,3537.466
1790705700000,228.39,228.6,227.91,227.92,19739.471
1790706600000,227.91,228.5,227.73,228.24,94246.549
1790707500000,228.25,228.68,228.03,228.56,4687.491
1790708400000,228.54,228.67,228.01,228.01,3705.409
1790709300000,228,228.34,227.95,228.15,1279.754
1790710200000,228.12,228.24,227.86,227.9,2206.724
1790711100000,227.93,228.21,227.18,227.34,10250.392
1790712000000,227.36,227.72,227.29,227.7,2107.071
1790712900000,227.65,227.79,227.63,227.79,548.123
1790713800000,227.79,228.04,227.75,227.95,1386.12
1790714700000,227.94,227.94,227.78,227.88,839.516
1790715600000,227.9,227.94,227.8,227.93,1578.59
1790716500000,227.91,228.1,227.91,228.02,1905.419
1790717400000,228.01,228.12,228.01,228.12,573.493
1790718300000,228.12,228.12,227.89,227.97,1134.889
1790719200000,227.99,228.21,227.99,228.09,2055.229
1790720100000,228.1,228.31,228.07,228.17,3935.484
1790721000000,228.17,228.22,228.07,228.18,1880.509
1790721900000,228.18,228.24,228.12,228.13,651.026
1790722800000,228.14,228.4,228.14,228.37,1468.927
1790723700000,228.35,228.36,228.24,228.3,605.18
1790724600000,228.3,228.43,228.22,228.31,1142.743
1790725500000,228.31,228.5,228.3,228.5,614.98
1790726400000,228.46,228.61,228.37,228.57,4923.736
1790727300000,228.56,228.58,228.42,228.53,1280.707
1790728200000,228.52,228.61,228.26,228.31,1725.653
1790729100000,228.28,228.33,228.14,228.31,1301.231
1790730000000,228.32,228.39,228.17,228.3,1208.492
1790730900000,228.31,228.4,228.2,228.22,1744.869
1790731800000,228.23,228.3,228.11,228.24,1681.951
1790732700000,228.21,228.28,228.14,228.27,874.555
1790733600000,228.28,228.36,227.91,227.96,2447.725
1790734500000,227.94,228.1,227.72,227.77,4226.397
1790735400000,227.78,227.92,227.72,227.86,2761.529
1790736300000,227.86,228.05,227.84,227.95,1014.245
1790737200000,227.98,228,227.83,228,1140.04
1790738100000,228.01,228.03,227.87,227.97,620.72
1790739000000,227.96,228.38,227.96,228.24,2907.505
1790739900000,228.25,228.3,228.13,228.24,3644.255
1790740800000,228.23,228.28,228.18,228.24,1042.38
1790741700000,228.25,228.32,228.22,228.31,1278.929
1790742600000,228.31,228.47,228.27,228.45,1052.371
1790743500000,228.47,228.47,228.22,228.27,889.22
1790744400000,228.27,228.37,227.86,227.86,2108.729
1790745300000,227.83,228.06,227.77,228.06,1395.673
1790746200000,228.08,228.38,228.08,228.28,1146.998
1790747100000,228.28,228.3,227.98,228.18,2723.531
1790748000000,228.17,228.31,228.02,228.03,2713.542
1790748900000,228.03,228.2,228,228.13,1641.134
1790749800000,228.15,228.16,227.76,227.79,2389.583
1790750700000,227.78,228.05,227.6,228,2133.573
1790751600000,227.98,228.47,227.97,228.41,2723.941
1790752500000,228.42,228.75,228.42,228.47,3372.88
1790753400000,228.48,228.85,228.44,228.76,1053.07
1790754300000,228.74,228.81,228.68,228.78,1064.442
1790755200000,228.78,229.05,228.55,228.71,2847.545
1790756100000,228.68,228.9,228.61,228.87,1154.748
1790757000000,228.85,228.98,228.6,228.66,3241.992
1790757900000,228.66,228.83,228.51,228.51,1884.862
1790758800000,228.5,228.5,228.13,228.41,4447.501
1790759700000,228.42,228.57,228.29,228.4,2038.498
1790760600000,228.41,228.63,228.17,228.2,2498.089
1790761500000,228.24,228.43,228.19,228.42,2029.84
1790762400000,228.42,228.44,228.11,228.23,2296.627
1790763300000,228.21,228.24,227.98,228.16,3535.923
1790764200000,228.17,228.24,228.06,228.16,1625.816
1790765100000,228.07,228.28,227.95,228.11,2931.85
1790766000000,228.1,228.1,227.67,227.81,1829.248
1790766900000,227.83,228.03,227.39,227.89,4607.009
1790767800000,227.87,228.16,227.85,228.12,1967.179
1790768700000,228.11,228.19,227.81,228.03,2495.099
1790769600000,228.01,228.05,227.62,227.84,1967.325
1790770500000,227.82,228.05,227.42,228.05,3501.231
1790771400000,228.05,228.98,228.03,228.78,8601.795
1790772300000,228.78,229.1,228.56,228.82,5058.367
1790773200000,228.83,229.17,228.74,229.02,1777.944
1790774100000,229.04,229.78,229.01,229.39,3177.895
1790775000000,229.34,231.44,228.99,230.61,14543.683
1790775900000,230.69,231.5,230.43,231.48,7441.887
1790776800000,231.48,232.5,230.09,230.81,11330.254
1790777700000,230.85,231.44,230.55,231.19,3419.772
1790778600000,231.18,231.27,230.3,230.56,1297.107
1790779500000,230.55,231.29,230.29,230.8,2217.721
1790780400000,230.79,231.07,230.44,230.44,64894.059
1790781300000,230.47,230.7,230.11,230.36,15263.281
1790782200000,230.36,230.93,230.32,230.48,29292.268
1790783100000,230.47,231.24,230.39,230.96,14810.461
1790784000000,231.02,231.02,230.39,230.75,2166.899
1790784900000,230.81,231.01,230.29,230.37,1890.822
1790785800000,230.38,230.57,230.15,230.48,1238.309
1790786700000,230.43,230.62,230.26,230.57,2876.753
1790787600000,230.52,231,230.47,230.64,3734.61
1790788500000,230.62,230.62,230.16,230.28,2014.501
1790789400000,230.27,230.54,229.9,230.01,1458.839
1790790300000,229.99,230.61,229.85,230.47,2251.762
1790791200000,230.42,230.8,230.23,230.8,1354.972
1790792100000,230.79,230.86,230.53,230.82,1296.043
1790793000000,230.83,230.84,230.54,230.74,715.861
1790793900000,230.72,230.72,230.36,230.46,1176.486
1790794800000,230.46,231.06,230.41,230.92,101858.032
1790795700000,230.91,230.98,230.6,230.83,3864.483
1790796600000,230.79,230.97,230.65,230.72,15603.049
1790797500000,230.73,230.74,228.45,228.6,152572.619
1790798400000,228.53,228.83,228.03,228.51,18805.466
1790799300000,228.53,229.16,228.34,229.05,4424.673
1790800200000,229.06,229.45,229.02,229.26,2314.061
1790801100000,229.24,229.28,228.98,229.2,2887.833
1790802000000,229.22,229.23,228.69,228.75,2205.23
1790802900000,228.75,228.93,228.61,228.71,3251.27
1790803800000,228.7,228.91,228.64,228.85,1034.197
1790804700000,228.85,228.89,228.85,228.88,808.591
1790805600000,228.89,229.14,228.89,229.14,920.726
1790806500000,229.14,229.34,229.13,229.31,684.295
1790807400000,229.3,229.68,229.28,229.62,1562.589
1790808300000,229.62,229.63,229.5,229.57,1009.935
1790809200000,229.57,229.75,229.56,229.64,662.2
1790810100000,229.65,229.82,229.65,229.72,577.336
1790811000000,229.72,229.94,229.72,229.92,752.185
1790811900000,229.91,229.92,229.83,229.84,394.642
1790812800000,229.83,229.97,229.54,229.7,4899.258
1790813700000,229.68,229.68,229.26,229.35,2791.671
1790814600000,229.29,229.64,229.01,229.63,2813.867
1790815500000,229.63,229.77,229.47,229.77,2205.954
1790816400000,229.79,230.13,229.79,229.96,3575.841
1790817300000,229.93,230.02,229.84,229.94,1223.094
1790818200000,229.91,230.05,229.85,229.91,960.624
1790819100000,229.93,229.96,229.83,229.89,2824.758
1790820000000,229.94,230.09,229.88,229.94,924.304
1790820900000,229.96,230.13,229.94,230.09,1534.044
1790821800000,230.09,230.31,230,230.31,1048.719
1790822700000,230.3,230.31,230.03,230.19,1214.193
1790823600000,230.17,230.34,230.17,230.34,714.144
1790824500000,230.33,230.35,230.2,230.25,873.752
1790825400000,230.24,230.34,230.06,230.33,976.713
1790826300000,230.32,230.51,230.28,230.48,465.03
1790827200000,230.51,230.92,230.49,230.77,2194.469
1790828100000,230.78,230.8,230.63,230.74,697.792
1790829000000,230.77,230.86,230.71,230.77,724.515
1790829900000,230.78,231,230.78,230.99,685.973
1790830800000,230.99,231.17,230.92,231.06,2475.464
1790831700000,231.06,231.33,231,231.31,8067.439
1790832600000,231.31,231.55,231.23,231.38,1784.456
1790833500000,231.35,231.75,231.21,231.73,2476.124
1790834400000,231.73,232.23,231.73,232.08,2666.186
1790835300000,232.08,232.26,231.81,232.25,1164.52
1790836200000,232.27,232.32,231.69,231.8,1281.091
1790837100000,231.8,231.88,231.61,231.62,2258.048
1790838000000,231.61,231.7,231.19,231.19,2583.772
1790838900000,231.19,231.21,230.19,230.21,4630.416
1790839800000,230.19,230.65,228.94,230.16,94213.353
1790840700000,230.17,230.4,230.15,230.22,5497.804
1790841600000,230.22,230.39,229.92,230.07,4550.324
1790842500000,230.06,230.26,229.84,229.91,3635.662
1790843400000,229.9,230.35,229.57,230.23,5974.348
1790844300000,230.23,230.72,230.12,230.67,3949.285
1790845200000,230.66,230.93,230.64,230.84,3235.836
1790846100000,230.83,231.09,230.71,231.06,2621.549
1790847000000,231.06,231.16,230.76,230.78,2522.192
1790847900000,230.73,230.89,230.55,230.58,1194.962
1790848800000,230.57,230.63,230.1,230.6,2198.976
1790849700000,230.59,230.88,230.45,230.88,1771.097
1790850600000,230.88,231.09,230.8,231.04,2336.687
1790851500000,231.06,231.17,230.92,230.96,1956.99
1790852400000,230.94,230.94,230.29,230.29,2309.124
1790853300000,230.31,230.33,230.02,230.18,1586.449
1790854200000,230.17,230.31,229.99,230.05,1277.37
1790855100000,230.11,230.44,230.11,230.3,933.618
1790856000000,230.26,230.42,230.18,230.23,1439.951
1790856900000,230.18,230.39,230.1,230.38,1344.351
1790857800000,230.35,230.58,230.32,230.41,2044.807
1790858700000,230.43,230.46,229.97,229.98,2183.944
1790859600000,230.03,230.33,229.87,230.13,1286.442
1790860500000,230.14,230.93,229.96,230.05,2718.048
1790861400000,230.09,231.35,228.59,231.23,34392.938
1790862300000,231.18,231.96,230.46,230.93,11278.869
1790863200000,230.78,230.89,229.94,230.19,10359.899
1790864100000,230.2,230.2,229.51,229.96,2832.456
1790865000000,229.95,230.8,229.84,230.51,2377.844
1790865900000,230.53,230.73,229.02,229.27,5176.756
1790866800000,229.25,229.43,228.33,229.41,5330.682
1790867700000,229.4,230.81,229.34,230.65,6174.301
1790868600000,230.62,230.64,229.24,229.38,32856.275
1790869500000,229.43,229.61,229.14,229.38,2049.788
1790870400000,229.46,230.23,229.25,229.94,2242.46
1790871300000,230.02,230.66,229.96,230.44,1912.715
1790872200000,230.48,231.41,230.48,230.61,3885.07
1790873100000,230.61,231.08,230,230.13,2567.855
1790874000000,230.16,230.81,230.15,230.59,1840.508
1790874900000,230.67,230.95,230.44,230.88,1405.101
1790875800000,231,231.44,230.62,231.33,2534.214
1790876700000,231.33,231.57,230.52,230.59,1457.141
1790877600000,230.6,230.79,230.25,230.62,842.123
1790878500000,230.7,231.37,230.58,231.24,1956.232
1790879400000,231.19,232.16,231.08,231.77,2106.626
1790880300000,231.8,232.3,231.72,232.25,7115.756
1790881200000,232.25,232.29,231.59,231.63,10856.958
1790882100000,231.63,231.84,231.41,231.5,1873.025
1790883000000,231.47,231.78,231.17,231.71,1450.109
1790883900000,231.71,232.14,230.75,231.07,5486.292
1790884800000,231.05,231.26,230.76,231.24,4269.971
1790885700000,231.25,231.38,231.12,231.15,1078.196
1790886600000,231.15,231.34,231.14,231.34,1256.283
1790887500000,231.36,231.43,231.1,231.21,2531.468
1790888400000,231.35,231.46,231.13,231.18,1151.328
1790889300000,231.17,231.3,231.15,231.19,721.223
1790890200000,231.2,231.21,231.13,231.14,33.616
1790891100000,231.15,231.21,231.14,231.19,526.078
1790892000000,231.21,231.4,231.21,231.34,1828.097
1790892900000,231.36,231.36,231.28,231.31,515.285
1790893800000,231.31,231.46,231.31,231.37,402.663
1790894700000,231.38,231.54,231.31,231.54,442.208
1790895600000,231.54,231.69,231.52,231.67,1412.222
1790896500000,231.68,231.78,231.6,231.65,581.538
1790897400000,231.65,231.67,231.39,231.5,710.244
1790898300000,231.5,231.62,231.39,231.57,723.002
1790899200000,231.58,231.89,231.43,231.76,2509.48
1790900100000,231.76,232.41,231.72,231.98,4170.708
1790901000000,231.94,232.05,231.7,231.82,1409.274
1790901900000,231.79,231.91,231.68,231.76,1907.845
1790902800000,231.76,231.86,231.57,231.68,1148.155
1790903700000,231.69,231.77,231.44,231.51,1421.541
1790904600000,231.52,231.56,231.32,231.43,1322.417
1790905500000,231.47,231.83,231.44,231.83,2311.986
1790906400000,231.82,231.83,231.63,231.7,1568.127
1790907300000,231.69,231.82,231.58,231.68,754.598
1790908200000,231.68,231.77,231.63,231.74,1498.64
1790909100000,231.76,231.9,231.72,231.86,783.771
1790910000000,231.89,231.94,231.69,231.82,647.476
1790910900000,231.82,231.86,231.67,231.76,351.431
1790911800000,231.75,231.77,231.59,231.73,558.72
1790912700000,231.73,231.81,231.55,231.8,644.957
1790913600000,231.8,231.92,231.35,231.63,3184.522
1790914500000,231.69,231.84,231.58,231.73,3026.649
1790915400000,231.73,231.74,231.61,231.63,1147.85
1790916300000,231.65,232.15,231.65,232.15,743.946
1790917200000,232.15,232.19,231.92,231.93,1334.862
1790918100000,231.93,232.05,231.85,231.88,375.529
1790919000000,231.87,231.98,231.62,231.95,489.701
1790919900000,231.95,232.13,231.83,231.93,1084.42
1790920800000,231.95,232.22,231.85,232.14,1428.4
1790921700000,232.14,232.15,231.74,231.78,1064.769
1790922600000,231.81,231.89,231.73,231.73,600.704
1790923500000,231.74,231.9,231.6,231.74,1538.183
1790924400000,231.73,232.16,231.7,232.15,1835.786
1790925300000,232.17,232.18,231.91,231.95,1869.376
1790926200000,231.99,232.13,231.98,232.09,864.152
1790927100000,232.09,232.4,232.01,232.33,1208.298
1790928000000,232.34,232.91,232.23,232.74,3732.491
1790928900000,232.78,232.9,232.61,232.68,1569.024
1790929800000,232.69,233.11,232.69,232.73,3067.988
1790930700000,232.74,233.43,232.74,233.23,4418.072
1790931600000,233.24,233.35,233,233.26,3076.961
1790932500000,233.28,233.65,233.26,233.62,5422.327
1790933400000,233.63,233.77,233.43,233.52,3021.491
1790934300000,233.53,233.83,233.39,233.8,4212.446
1790935200000,233.83,233.92,233.48,233.53,2874.923
1790936100000,233.54,233.71,233.32,233.64,2396.399
1790937000000,233.65,233.77,233.52,233.72,2680.511
1790937900000,233.71,233.81,233.55,233.68,1714.459
1790938800000,233.62,234.83,233.56,234.78,9875.802
1790939700000,234.8,235.49,234.57,234.67,8892.661
1790940600000,234.66,234.77,234.45,234.68,3727.104
1790941500000,234.69,234.91,234.53,234.91,2323.408
1790942400000,234.88,235.1,234.68,235.01,4860.606
1790943300000,235.01,235.47,234.91,235.37,9140.319
1790944200000,235.25,236.18,235.16,235.86,10955.523
1790945100000,235.9,236.09,235.68,235.9,3486.1
1790946000000,235.9,236.28,235.54,235.6,2241.516
1790946900000,235.59,236.43,235.06,236.17,5327.682
1790947800000,236.17,237.52,234.77,237.4,19839.105
1790948700000,237.4,237.65,236.71,237.45,17635.58
1790949600000,237.44,237.88,236.32,236.92,11491.356
1790950500000,236.92,237.73,236.78,237.43,4712.616
1790951400000,237.44,237.45,236.68,236.81,3296.524
1790952300000,236.78,237.33,236.54,236.66,2540.391
1790953200000,236.64,236.79,234.95,235.05,6113.165
1790954100000,235.02,235.18,234.37,234.86,7437.903
1790955000000,234.86,235.46,234.66,235.28,2396.896
1790955900000,235.31,235.8,235.26,235.68,7338.476
1790956800000,235.68,236.57,235.62,236.4,4560.942
1790957700000,236.42,236.6,236.11,236.12,3390.415
1790958600000,236.14,236.25,235.31,235.4,2372.283
1790959500000,235.41,235.63,234.92,235.23,4443.317
1790960400000,235.22,235.48,234.56,234.76,3172.027
1790961300000,234.74,235.09,234.2,234.32,5959.681
1790962200000,234.31,234.65,234.29,234.59,3696.781
1790963100000,234.6,234.88,234.5,234.65,1019.077
1790964000000,234.71,234.83,234.55,234.82,1376.426
1790964900000,234.79,234.84,234.58,234.68,799.621
1790965800000,234.66,234.66,234.34,234.55,955.03
1790966700000,234.53,234.63,234.38,234.59,1140.408
1790967600000,234.58,234.65,234.31,234.43,908.621
1790968500000,234.48,234.52,233.71,233.84,1946.565
1790969400000,233.82,234.56,233.78,234.4,2885.468
1790970300000,234.39,234.61,233.85,234.08,6208.371
1790971200000,234.08,234.17,233.75,234.17,5044.541
1790972100000,234.13,234.2,234.05,234.13,1119.344
1790973000000,234.12,234.12,233.94,233.97,1634.482
1790973900000,233.98,234.03,233.91,234,1061.087
1790974800000,234,234.1,233.95,233.95,498.009
1790975700000,233.97,234.02,233.91,233.95,1071.32
1790976600000,233.94,233.98,233.91,233.96,634.993
1790977500000,233.95,233.99,233.92,233.96,306.986
1790978400000,233.95,233.97,233.91,233.93,240.578
1790979300000,233.93,233.96,233.93,233.96,116.216
1790980200000,233.95,233.99,233.94,233.99,164.62
1790981100000,233.99,233.99,233.97,233.98,39.806
1790982000000,233.98,234.03,233.98,234.02,209.902
1790982900000,234.02,234.23,234.01,234.22,293.87
1790983800000,234.22,234.28,234.17,234.26,431.834
1790984700000,234.25,234.32,234.23,234.26,464.584
1790985600000,234.27,234.45,234.23,234.44,1279.422
1790986500000,234.43,234.43,234.36,234.41,241.131
1790987400000,234.42,234.42,234.21,234.23,43.118
1790988300000,234.23,234.3,234.21,234.29,35.921
1790989200000,234.29,234.35,234.27,234.35,192.778
1790990100000,234.34,234.45,234.34,234.43,192.81
1790991000000,234.44,234.5,234.43,234.5,47.385
1790991900000,234.49,234.5,234.4,234.47,139.908
1790992800000,234.46,234.47,234.28,234.31,2353.516
1790993700000,234.31,234.4,234.3,234.37,38.505
1790994600000,234.37,234.38,234.34,234.36,134.254
1790995500000,234.36,234.36,234.28,234.29,263.948
1790996400000,234.26,234.26,234.22,234.25,288.304
1790997300000,234.24,234.32,234.23,234.29,28.211
1790998200000,234.29,234.3,234.29,234.3,28.03
1790999100000,234.3,234.3,234.26,234.29,38.921
1791000000000,234.28,234.31,234.27,234.29,250.953
1791000900000,234.27,234.27,234.24,234.24,32.989
1791001800000,234.22,234.25,234.18,234.19,123.344
1791002700000,234.19,234.27,234.18,234.24,20.488
1791003600000,234.23,234.25,234.17,234.2,529.731
1791004500000,234.2,234.21,234.18,234.19,90.91
1791005400000,234.18,234.26,234.18,234.22,518.964
1791006300000,234.2,234.23,234.2,234.22,5.328
1791007200000,234.23,234.32,234.2,234.2,128.451
1791008100000,234.2,234.21,234.18,234.19,82.43
1791009000000,234.18,234.19,234.17,234.19,5.775
1791009900000,234.18,234.25,234.17,234.25,69.154
1791010800000,234.26,234.29,234.26,234.29,113.972
1791011700000,234.29,234.37,234.28,234.37,239.645
1791012600000,234.36,234.44,234.35,234.42,44.075
1791013500000,234.42,234.43,234.4,234.42,29.225
1791014400000,234.42,234.48,234.39,234.42,400.638
1791015300000,234.43,234.43,234.26,234.36,676.593
1791016200000,234.35,234.39,234.34,234.38,117.209
1791017100000,234.37,234.47,234.36,234.45,540.136
1791018000000,234.43,234.51,234.43,234.49,175.74
1791018900000,234.49,234.75,234.48,234.75,311.761
1791019800000,234.74,234.8,234.73,234.79,71.929
1791020700000,234.79,234.79,234.48,234.49,277.742
1791021600000,234.48,234.48,234.33,234.36,142.249
1791022500000,234.35,234.55,234.35,234.5,55.096
1791023400000,234.47,234.47,234.42,234.42,212.331
1791024300000,234.41,234.61,234.39,234.49,1354.262
1791025200000,234.49,234.5,234.48,234.49,86.491
1791026100000,234.49,234.56,234.42,234.54,154.533
1791027000000,234.53,234.53,234.4,234.4,48.678
1791027900000,234.45,234.46,234.42,234.43,44.656
1791028800000,234.38,234.51,234.26,234.32,151.401
1791029700000,234.3,234.31,234.27,234.29,137.254
1791030600000,234.29,234.29,234.22,234.24,223.193
1791031500000,234.24,234.28,234.23,234.27,14.47
1791032400000,234.26,234.27,234.23,234.24,66.652
1791033300000,234.26,234.26,234.24,234.25,5.097
1791034200000,234.25,234.39,234.22,234.35,126.776
1791035100000,234.34,234.36,234.32,234.33,67.313
1791036000000,234.33,234.43,234.3,234.43,52.474
1791036900000,234.41,234.44,234.33,234.42,275.657
1791037800000,234.42,234.42,234.38,234.42,211.185
1791038700000,234.43,234.54,234.43,234.54,98.44
1791039600000,234.54,234.54,234.31,234.41,146.134
1791040500000,234.4,234.4,234.35,234.37,49.078
1791041400000,234.36,234.53,234.35,234.53,55.776
1791042300000,234.53,234.55,234.51,234.54,122.128
1791043200000,234.53,234.56,234.44,234.56,119.724
1791044100000,234.56,234.56,234.5,234.53,231.268
1791045000000,234.52,234.54,234.51,234.51,145.688
1791045900000,234.53,234.53,234.45,234.48,83.41
1791046800000,234.48,234.55,234.47,234.5,153.574
1791047700000,234.48,234.55,234.48,234.55,286.103
1791048600000,234.53,234.56,234.53,234.56,27.63
1791049500000,234.55,234.6,234.49,234.59,214.109
1791050400000,234.6,234.65,234.55,234.58,102.016
1791051300000,234.58,234.58,234.56,234.57,18.749
1791052200000,234.57,234.58,234.56,234.58,35.804
1791053100000,234.59,234.6,234.52,234.53,138.264
1791054000000,234.52,234.63,234.38,234.46,98.143
1791054900000,234.47,234.62,234.46,234.55,177.959
1791055800000,234.51,234.58,234.47,234.53,986.386
1791056700000,234.49,234.5,234.46,234.48,51.184
1791057600000,234.48,234.8,234.47,234.74,314.993
1791058500000,234.74,234.83,234.74,234.81,16.409
1791059400000,234.81,234.82,234.79,234.82,19.712
1791060300000,234.81,234.95,234.77,234.94,342.004
1791061200000,234.93,234.98,234.89,234.96,36.121
1791062100000,234.96,235.06,234.83,234.87,438.606
1791063000000,234.86,234.88,234.81,234.88,67.494
1791063900000,234.89,234.95,234.88,234.92,147.68
1791064800000,234.93,235.02,234.93,234.99,148.41
1791065700000,235,235.02,234.96,235.02,66.361
1791066600000,235.02,235.03,235.01,235.02,3.663
1791067500000,235.02,235.05,235.02,235.05,42.057
1791068400000,235.05,235.09,235.05,235.08,135.255
1791069300000,235.07,235.09,235.05,235.06,120.821
1791070200000,235.07,235.07,235,235.01,66.71
1791071100000,235,235,234.82,234.91,134.723
1791072000000,234.91,234.92,234.87,234.89,266.832
1791072900000,234.89,234.94,234.88,234.92,111.68
1791073800000,234.94,234.94,234.87,234.87,49.715
1791074700000,234.87,234.96,234.77,234.92,594.02
1791075600000,234.93,234.93,234.91,234.92,24.003
1791076500000,234.92,234.92,234.87,234.87,224.243
1791077400000,234.89,234.93,234.89,234.91,136.215
1791078300000,234.91,234.93,234.8,234.81,95.565
1791079200000,234.83,234.86,234.8,234.82,96.044
1791080100000,234.82,234.88,234.81,234.86,16.442
1791081000000,234.86,234.88,234.74,234.74,30.626
1791081900000,234.71,234.73,234.47,234.49,468.192
1791082800000,234.48,234.6,234.48,234.56,484.85
1791083700000,234.58,234.58,234.48,234.53,182.586
1791084600000,234.53,234.67,234.52,234.61,496.76
1791085500000,234.62,234.62,234.5,234.52,31.54
1791086400000,234.51,234.57,234.35,234.39,526.653
1791087300000,234.36,234.39,234.28,234.29,15.823
1791088200000,234.28,234.42,234.24,234.39,281.099
1791089100000,234.38,234.41,234.34,234.38,56.818
1791090000000,234.37,234.55,234.37,234.53,105.468
1791090900000,234.53,234.6,234.53,234.6,51.126
1791091800000,234.6,234.62,234.59,234.59,44.451
1791092700000,234.6,234.7,234.59,234.63,296.478
1791093600000,234.62,234.65,234.61,234.61,44.455
1791094500000,234.62,234.63,234.61,234.62,59.705
1791095400000,234.62,234.63,234.61,234.62,7.406
1791096300000,234.62,234.78,234.6,234.75,501.099
1791097200000,234.73,234.74,234.65,234.66,145.366
1791098100000,234.66,234.67,234.61,234.63,29.406
1791099000000,234.63,234.65,234.61,234.62,208.633
1791099900000,234.64,234.68,234.61,234.67,171.982
1791100800000,234.67,234.68,234.58,234.61,220.863
1791101700000,234.6,234.64,234.57,234.6,583.128
1791102600000,234.63,234.63,234.55,234.56,475.741
1791103500000,234.56,234.6,234.55,234.59,175.64
1791104400000,234.6,234.61,234.58,234.59,112.226
1791105300000,234.59,234.62,234.59,234.61,209.059
1791106200000,234.61,234.65,234.59,234.65,166.997
1791107100000,234.63,234.72,234.63,234.69,376.261
1791108000000,234.71,234.8,234.71,234.74,155.538
1791108900000,234.74,234.8,234.73,234.76,224.207
1791109800000,234.75,234.77,234.73,234.74,43.508
1791110700000,234.74,234.76,234.74,234.75,27.427
1791111600000,234.75,234.75,234.64,234.69,103.48
1791112500000,234.68,234.73,234.67,234.72,559.248
1791113400000,234.71,234.72,234.64,234.66,520.219
1791114300000,234.66,234.67,234.63,234.63,153.18
1791115200000,234.64,234.7,234.63,234.67,66.523
1791116100000,234.67,234.67,234.56,234.57,142.438
1791117000000,234.55,234.6,234.55,234.57,146.333
1791117900000,234.59,234.63,234.55,234.57,107.715
1791118800000,234.55,234.57,234.52,234.56,339.397
1791119700000,234.53,234.56,234.52,234.56,65.098
1791120600000,234.54,234.62,234.53,234.61,96.401
1791121500000,234.61,234.66,234.58,234.65,82.211
1791122400000,234.67,234.74,234.66,234.68,55.526
1791123300000,234.69,234.81,234.69,234.8,1149.382
1791124200000,234.79,234.8,234.77,234.78,88.144
1791125100000,234.77,234.84,234.76,234.82,61.55
1791126000000,234.8,234.87,234.8,234.87,133.517
1791126900000,234.86,234.88,234.82,234.82,261.597
1791127800000,234.83,234.86,234.82,234.85,37.328
1791128700000,234.84,234.86,234.83,234.83,51.2
1791129600000,234.85,234.86,234.83,234.83,40.3
1791130500000,234.84,234.85,234.83,234.84,22.805
1791131400000,234.85,234.88,234.84,234.88,41.14
1791132300000,234.88,234.88,234.84,234.84,50.831
1791133200000,234.85,234.88,234.84,234.87,21.587
1791134100000,234.85,234.87,234.85,234.86,9.069
1791135000000,234.86,234.89,234.83,234.86,20496.249
1791135900000,234.86,234.9,234.85,234.88,600.974
1791136800000,234.9,234.96,234.9,234.94,258.402
1791137700000,234.94,234.98,234.86,234.87,315.645
1791138600000,234.87,234.93,234.84,234.85,578.28
1791139500000,234.86,234.92,234.85,234.9,210.031
1791140400000,234.9,234.96,234.9,234.92,573.689
1791141300000,234.92,234.93,234.88,234.88,298.526
1791142200000,234.91,234.93,234.88,234.89,89.348
1791143100000,234.89,234.9,234.88,234.89,38.383
1791144000000,234.9,234.92,234.89,234.89,56.02
1791144900000,234.89,234.91,234.89,234.91,107.645
1791145800000,234.89,234.97,234.88,234.94,79.294
1791146700000,234.94,234.98,234.93,234.98,385.036
1791147600000,234.98,234.99,234.93,234.95,38.26
1791148500000,234.95,234.99,234.94,234.97,90.389
1791149400000,234.98,235.04,234.96,235,584.942
1791150300000,234.99,234.99,234.72,234.86,1918.535
1791151200000,234.91,235.14,234.8,234.95,1243.096
1791152100000,234.98,235.34,234.98,235.23,827.935
1791153000000,235.24,235.47,235.24,235.44,724.587
1791153900000,235.43,235.52,235.39,235.44,907.765
1791154800000,235.43,235.44,235.23,235.36,1286.05
1791155700000,235.35,235.39,235.23,235.23,611.357
1791156600000,235.23,235.34,235.05,235.26,637.579
1791157500000,235.22,235.25,235,235.13,2563.124
1791158400000,235.11,235.42,234.77,235.33,5801.724
1791159300000,235.35,235.84,235.29,235.31,4426.7
1791160200000,235.41,235.68,235.32,235.68,1221.241
1791161100000,235.7,235.7,235.53,235.67,1120.896
1791162000000,235.7,235.81,235.62,235.78,785.403
1791162900000,235.78,236.09,235.76,236.08,1108.529
1791163800000,236.07,236.41,235.95,236.21,3929.305
1791164700000,236.21,236.27,235.99,236,1243.797
1791165600000,235.93,236.08,235.93,236.02,1199.893
1791166500000,236,236.13,236,236.08,1087.988
1791167400000,236.05,236.06,235.72,235.77,1579.253
1791168300000,235.75,235.79,235.4,235.43,1055.178
1791169200000,235.42,235.49,235.29,235.44,1341.162
1791170100000,235.46,235.71,235.33,235.7,1014.862
1791171000000,235.66,235.69,235.57,235.58,716.361
1791171900000,235.56,235.6,235.26,235.34,1285.59
1791172800000,235.33,235.44,235.19,235.36,573.431
1791173700000,235.36,235.37,235.15,235.21,761.428
1791174600000,235.19,235.42,235.09,235.4,819.561
1791175500000,235.4,235.51,235.23,235.28,1264.081
1791176400000,235.28,235.49,235.24,235.26,699.295
1791177300000,235.24,235.27,235.09,235.12,783.719
1791178200000,235.1,235.16,234.98,235.16,1507.355
1791179100000,235.15,235.25,235.03,235.17,535.508
1791180000000,235.18,235.39,235.14,235.35,957.197
1791180900000,235.34,235.46,235.26,235.28,660.286
1791181800000,235.25,235.35,235.15,235.29,1009.683
1791182700000,235.26,235.52,235.21,235.52,886.647
1791183600000,235.44,235.56,235.36,235.55,799.784
1791184500000,235.53,235.57,235.4,235.55,1102.801
1791185400000,235.54,235.6,235.31,235.47,866.208
1791186300000,235.48,235.61,235.32,235.49,1403.573
1791187200000,235.45,235.99,235.31,235.91,3186.891
1791188100000,235.89,236.12,235.67,235.69,4929.894
1791189000000,235.69,235.9,235.24,235.28,2114.193
1791189900000,235.24,235.72,235.08,235.55,1795.892
1791190800000,235.53,235.67,235.45,235.53,1249.319
1791191700000,235.52,235.62,235.32,235.37,2127.216
1791192600000,235.38,235.53,234.93,235.15,2993.81
1791193500000,235.13,235.33,235.09,235.29,1199.217
1791194400000,235.27,235.31,235.11,235.29,806.533
1791195300000,235.27,235.39,235.09,235.1,787.381
1791196200000,235.09,235.16,235,235.12,1542.752
1791197100000,235.13,235.68,235.03,235.59,2670.969
1791198000000,235.52,235.53,234.94,235.01,3427.673
1791198900000,234.98,235.32,234.9,235.23,2233.911
1791199800000,235.25,235.46,235.03,235.05,2247.118
1791200700000,235.05,235.15,234.91,235.12,829.159
1791201600000,235.12,235.32,235.04,235.24,860.754
1791202500000,235.22,235.31,234.93,235.31,1250.268
1791203400000,235.29,235.54,235.15,235.31,1744.163
1791204300000,235.32,235.56,235.27,235.43,1035.366
1791205200000,235.4,235.6,235.27,235.57,413.857
1791206100000,235.57,236.37,235.36,236.22,6620.655
1791207000000,236.08,237.8,235.36,237.68,15861.891
1791207900000,237.6,237.88,236.87,237.34,9205.217
1791208800000,237.29,237.32,236.82,236.95,5136.418
1791209700000,236.98,237.25,236.51,237.13,3801.496
