date,rolling_30d,rolling_90d,rolling_252d
2018-09-01,,,
2018-09-02,,,
2018-09-03,,,
2018-09-04,,,
2018-09-05,,,
2018-09-06,,,
2018-09-07,,,
2018-09-08,,,
2018-09-09,,,
2018-09-10,,,
2018-09-11,,,
2018-09-12,,,
2018-09-13,,,
2018-09-14,,,
2018-09-15,,,
2018-09-16,,,
2018-09-17,,,
2018-09-18,,,
2018-09-19,,,
2018-09-20,,,
2018-09-21,,,
2018-09-22,,,
2018-09-23,,,
2018-09-24,,,
2018-09-25,,,
2018-09-26,,,
2018-09-27,,,
2018-09-28,,,
2018-09-29,,,
2018-09-30,0.06759534,,
2018-10-01,0.06759534,,
2018-10-02,0.06759534,,
2018-10-03,0.07074724,,
2018-10-04,0.07062975,,
2018-10-05,0.08779506,,
2018-10-06,0.08972448,,
2018-10-07,0.08228421,,
2018-10-08,0.09857601,,
2018-10-09,0.07904148,,
2018-10-10,0.07904148,,
2018-10-11,0.05308257,,
2018-10-12,0.04425836,,
2018-10-13,0.04517510,,
2018-10-14,0.04825927,,
2018-10-15,-0.00607708,,
2018-10-16,-0.00758788,,
2018-10-17,0.00214079,,
2018-10-18,-0.01141466,,
2018-10-19,-0.02264106,,
2018-10-20,-0.00083203,,
2018-10-21,-0.03084880,,
2018-10-22,-0.04459003,,
2018-10-23,-0.04481051,,
2018-10-24,-0.03989969,,
2018-10-25,-0.04073900,,
2018-10-26,-0.04205571,,
2018-10-27,-0.03436331,,
2018-10-28,-0.03465851,,
2018-10-29,0.00665846,,
2018-10-30,0.00368561,,
2018-10-31,0.02822192,,
2018-11-01,0.02756237,,
2018-11-02,0.05343315,,
2018-11-03,0.05343315,,
2018-11-04,-0.01463242,,
2018-11-05,-0.01587730,,
2018-11-06,-0.05233413,,
2018-11-07,-0.03645666,,
2018-11-08,-0.03713860,,
2018-11-09,-0.03849940,,
2018-11-10,-0.13034959,,
2018-11-11,-0.12341069,,
2018-11-12,-0.11667255,,
2018-11-13,-0.14532501,,
2018-11-14,0.73279657,,
2018-11-15,0.73166073,,
2018-11-16,0.73130210,,
2018-11-17,0.73668506,,
2018-11-18,0.73939152,,
2018-11-19,0.86084426,,
2018-11-20,0.81453509,,
2018-11-21,0.80929325,,
2018-11-22,0.78321126,,
2018-11-23,0.78233704,,
2018-11-24,0.76758571,,
2018-11-25,0.76961488,,
2018-11-26,0.76875106,,
2018-11-27,0.76902224,,
2018-11-28,0.77284691,,
2018-11-29,0.77285528,0.48410066,
2018-11-30,0.76996972,0.48410066,
2018-12-01,0.77085159,0.48410066,
2018-12-02,0.77146632,0.48473335,
2018-12-03,0.77146632,0.48472875,
2018-12-04,0.80882646,0.59802304,
2018-12-05,0.80991968,0.59813009,
2018-12-06,0.83760217,0.60471690,
2018-12-07,0.83641023,0.61537403,
2018-12-08,0.84014197,0.61536833,
2018-12-09,0.84063328,0.61536833,
2018-12-10,0.83999491,0.61520801,
2018-12-11,0.83964400,0.61521174,
2018-12-12,0.83964400,0.61739296,
2018-12-13,0.84447988,0.61730948,
2018-12-14,0.79331426,0.61719603,
2018-12-15,0.79381191,0.61719603,
2018-12-16,0.79408352,0.62132146,
2018-12-17,0.77282023,0.61244247,
2018-12-18,0.75079851,0.61017386,
2018-12-19,0.49428564,0.60557565,
2018-12-20,0.76566451,0.60813110,
2018-12-21,0.73286169,0.59983987,
2018-12-22,0.71597297,0.58588315,
2018-12-23,0.61160507,0.54930267,
2018-12-24,0.55439680,0.53425387,
2018-12-25,0.55512858,0.53425387,
2018-12-26,0.55512858,0.53425387,
2018-12-27,0.55512858,0.53425387,
2018-12-28,0.55792312,0.53459397,
2018-12-29,0.55524543,0.53301592,
2018-12-30,0.55524543,0.53301592,
2018-12-31,0.55524543,0.53301592,
2019-01-01,0.55483477,0.53283255,
2019-01-02,0.55469182,0.53278505,
2019-01-03,0.55469182,0.53352169,
2019-01-04,0.55469182,0.53352169,
2019-01-05,0.55469182,0.53352169,
2019-01-06,0.56013561,0.53451355,
2019-01-07,0.56013561,0.53490371,
2019-01-08,0.56170785,0.53527903,
2019-01-09,0.56170785,0.58618820,
2019-01-10,0.56170785,0.58761785,
2019-01-11,0.56170785,0.58864629,
2019-01-12,0.56168302,0.58937722,
2019-01-13,0.56221934,0.59967014,
2019-01-14,0.56221934,0.60017878,
2019-01-15,0.56218727,0.59983560,
2019-01-16,0.60737502,0.60074483,
2019-01-17,0.57550161,0.60085319,
2019-01-18,0.61259464,0.59964859,
2019-01-19,-0.19820219,0.60063708,
2019-01-20,-0.09959188,0.58727755,
2019-01-21,-0.10349059,0.58739603,
2019-01-22,-0.17359564,0.58734262,
2019-01-23,0.08703535,0.58776833,
2019-01-24,0.06789682,0.58895883,
2019-01-25,0.06789682,0.58826290,
2019-01-26,0.06789682,0.58829852,
2019-01-27,0.06789682,0.58821388,
2019-01-28,0.11263085,0.58141182,
2019-01-29,0.11777907,0.57725101,
2019-01-30,0.10051625,0.57727879,
2019-01-31,0.11286179,0.57443255,
2019-02-01,0.18937288,0.57518193,
2019-02-02,0.11793031,0.59150901,
2019-02-03,0.11793031,0.59166455,
2019-02-04,0.11793031,0.60317763,
2019-02-05,-0.00440763,0.60207743,
2019-02-06,-0.00440763,0.60280615,
2019-02-07,-0.00469814,0.60305902,
2019-02-08,-0.73055711,0.55480506,
2019-02-09,-0.73055897,0.55465771,
2019-02-10,-0.35613504,0.55464986,
2019-02-11,0.01845250,0.56380453,
2019-02-12,0.09198814,0.49639648,
2019-02-13,0.09198814,0.49675981,
2019-02-14,0.09198814,0.49444052,
2019-02-15,0.09198814,0.49453817,
2019-02-16,0.09198814,0.49229740,
2019-02-17,0.09198814,0.27486202,
2019-02-18,0.10369186,0.24143385,
2019-02-19,0.08331512,0.23638597,
2019-02-20,0.04016381,0.22892275,
2019-02-21,0.03591717,0.22941740,
2019-02-22,0.04311170,0.23154188,
2019-02-23,0.31084995,0.25695979,
2019-02-24,0.56840491,0.31939030,
2019-02-25,0.56840491,0.31939030,
2019-02-26,0.56840491,0.31671988,
2019-02-27,0.57023135,0.31671988,
2019-02-28,0.56905850,0.31671988,
2019-03-01,0.57889071,0.31671988,
2019-03-02,0.57737170,0.31671988,
2019-03-03,0.57794733,0.31671988,
2019-03-04,0.58523623,0.31671988,
2019-03-05,0.58527118,0.31873613,
2019-03-06,0.58527118,0.31873613,
2019-03-07,0.58527118,0.31873613,
2019-03-08,0.58527118,0.31873613,
2019-03-09,0.58527118,0.31873613,
2019-03-10,0.78885822,0.31873613,
2019-03-11,0.78888211,0.31873613,
2019-03-12,0.81503113,0.31873613,
2019-03-13,0.86208148,0.31888304,
2019-03-14,0.85705947,0.31894687,
2019-03-15,0.85705947,0.31894687,
2019-03-16,0.83545474,0.31882498,
2019-03-17,0.83545474,0.33043361,
2019-03-18,0.83545474,0.31826308,
2019-03-19,0.83545474,0.32369092,
2019-03-20,0.83611061,0.21154824,
2019-03-21,0.87851796,0.22166124,
2019-03-22,0.96199832,0.24252595,
2019-03-23,0.96679838,0.37068556,
2019-03-24,0.97489978,0.50880083,
2019-03-25,0.96367112,0.50880083,
2019-03-26,0.52379178,0.50880083,
2019-03-27,0.52379178,0.50880083,
2019-03-28,0.52379178,0.50880083,
2019-03-29,0.66044150,0.52520328,
2019-03-30,0.35581954,0.50764078,
2019-03-31,0.35576508,0.50767978,
2019-04-01,0.30218391,0.50848880,
2019-04-02,0.03351316,0.27689721,
2019-04-03,0.03752758,0.26097906,
2019-04-04,0.02343771,0.26097906,
2019-04-05,0.02343771,0.26097906,
2019-04-06,0.02343771,0.25884128,
2019-04-07,0.00937986,0.25310491,
2019-04-08,0.03508726,0.25647053,
2019-04-09,0.03508726,0.25647053,
2019-04-10,0.03508726,0.25647053,
2019-04-11,0.03508726,0.25647053,
2019-04-12,0.03508726,0.25647053,
2019-04-13,0.03508726,0.25647053,
2019-04-14,0.02989990,0.25475953,
2019-04-15,0.05958963,0.25641725,
2019-04-16,0.06023937,0.25664145,
2019-04-17,0.06061954,0.25677651,
2019-04-18,0.06061954,0.25677651,
2019-04-19,0.06061954,0.25677651,
2019-04-20,0.06061954,0.25635528,
2019-04-21,0.06061954,0.25622865,
2019-04-22,0.05840574,0.25563068,
2019-04-23,0.05840574,0.25570752,
2019-04-24,0.05840574,0.25691024,
2019-04-25,0.05840574,0.25691024,
2019-04-26,0.05840574,0.25691024,
2019-04-27,0.05840574,0.25691024,
2019-04-28,0.05734590,0.25614059,
2019-04-29,0.04962947,0.25545046,
2019-04-30,0.04955827,0.25715967,
2019-05-01,0.04504290,0.25566828,
2019-05-02,0.00363213,0.25511647,
2019-05-03,0.37069268,0.26090607,
2019-05-04,0.61509479,0.27480519,
2019-05-05,0.54306191,0.27280795,
2019-05-06,0.54306191,0.27280795,
2019-05-07,0.71531779,0.28378770,
2019-05-08,0.73073797,0.28378770,
2019-05-09,0.73073797,0.33266634,
2019-05-10,0.73073797,0.33267530,0.31579151
2019-05-11,0.75330871,0.41032809,0.31649488
2019-05-12,0.70211896,0.40413713,0.31527292
2019-05-13,0.46758366,0.35976217,0.28857542
2019-05-14,0.47940062,0.36004058,0.28728117
2019-05-15,0.30437806,0.29099656,0.33512450
2019-05-16,0.25759314,0.26424193,0.32760929
2019-05-17,0.25784496,0.26424193,0.32989702
2019-05-18,0.25784496,0.26424193,0.33330572
2019-05-19,0.25923869,0.26300177,0.33311876
2019-05-20,0.26530441,0.26733773,0.33383543
2019-05-21,0.26530441,0.27305793,0.33379275
2019-05-22,0.26432215,0.27320850,0.33372574
2019-05-23,0.26432215,0.27343440,0.33402743
2019-05-24,0.26432215,0.24869928,0.33402743
2019-05-25,0.26432215,0.17418860,0.33397021
2019-05-26,0.28852613,0.19631032,0.33701682
2019-05-27,0.28921155,0.19671413,0.33767670
2019-05-28,0.29003595,0.19717150,0.33766518
2019-05-29,0.29068289,0.19716632,0.33778290
2019-05-30,0.29068289,0.19716632,0.33794586
2019-05-31,0.28991544,0.19716632,0.33769466
2019-06-01,0.28991544,0.19716632,0.33780350
2019-06-02,0.28976649,0.19716632,0.33780350
2019-06-03,0.26901402,0.19449089,0.33780350
2019-06-04,0.26762456,0.19449089,0.33780350
2019-06-05,0.26762456,0.19449089,0.33780350
2019-06-06,0.24707549,0.19449089,0.33780350
2019-06-07,0.24707549,0.19449089,0.33780350
2019-06-08,0.24707549,0.19449089,0.33782087
2019-06-09,0.24707549,0.19449089,0.33775708
2019-06-10,0.18654543,0.19449089,0.33775708
2019-06-11,0.18430082,0.19449089,0.33775708
2019-06-12,0.42288143,0.19712228,0.33832843
2019-06-13,0.44637948,0.19704963,0.33807652
2019-06-14,0.12543705,0.19429266,0.33718734
2019-06-15,0.40696798,0.18766407,0.33582657
2019-06-16,0.39112133,0.18814001,0.33447785
2019-06-17,0.39112133,0.18814001,0.33449166
2019-06-18,0.41791807,0.18814001,0.33451953
2019-06-19,0.39993651,0.18814001,0.33451953
2019-06-20,0.39763419,0.18812776,0.36094881
2019-06-21,0.48224606,0.19615421,0.36359715
2019-06-22,0.46627496,0.19559131,0.36302420
2019-06-23,0.43390992,0.19504991,0.36296110
2019-06-24,0.43390992,0.19504991,0.36557689
2019-06-25,0.24570670,0.19504991,0.36565046
2019-06-26,0.23864266,0.19507109,0.36537368
2019-06-27,0.23671820,0.19475742,0.36610618
2019-06-28,0.24232210,0.19530870,0.36617008
2019-06-29,0.24232210,0.19530950,0.36552764
2019-06-30,0.24232210,0.19548236,0.36568353
2019-07-01,0.24232210,0.28493799,0.36563299
2019-07-02,0.24232210,0.29331001,0.36563791
2019-07-03,0.24232210,0.29331001,0.36558847
2019-07-04,0.24232210,0.29331001,0.36559470
2019-07-05,0.24232210,0.29331001,0.36575455
2019-07-06,0.24232210,0.29657075,0.36546117
2019-07-07,0.23862602,0.29302793,0.36535568
2019-07-08,0.23661512,0.29246588,0.36507377
2019-07-09,0.21166580,0.28916644,0.36352722
2019-07-10,0.21245055,0.28905820,0.36272816
2019-07-11,0.21245055,0.28905820,0.36269336
2019-07-12,0.16881853,0.28905820,0.36190743
2019-07-13,0.15968198,0.28977337,0.36190743
2019-07-14,0.23264342,0.28750042,0.37031657
2019-07-15,0.35126169,0.28759511,0.37028365
2019-07-16,0.39061915,0.28764341,0.37631505
2019-07-17,0.39061915,0.28764341,0.37580849
2019-07-18,0.39061915,0.28764341,0.37591973
2019-07-19,0.39061915,0.28764341,0.37595845
2019-07-20,0.39708498,0.28764341,0.37591704
2019-07-21,0.04395179,0.28774719,0.37589154
2019-07-22,0.02721653,0.28774719,0.37589154
2019-07-23,-0.06592797,0.28774719,0.37632739
2019-07-24,-0.06592797,0.28774719,0.31224815
2019-07-25,-0.06592797,0.28774719,0.31252699
2019-07-26,-0.04863887,0.28774719,0.31143214
2019-07-27,-0.04863887,0.28774719,0.31148124
2019-07-28,-0.04863887,0.28774719,0.31051858
2019-07-29,-0.04863887,0.28774719,0.19390896
2019-07-30,-0.01981694,0.28803402,0.19136198
2019-07-31,-0.02196896,0.28785986,0.19134203
2019-08-01,-0.02590181,0.28551318,0.19547368
2019-08-02,-0.27378621,0.26714288,0.19483340
2019-08-03,-0.08000498,0.26890956,0.19844938
2019-08-04,-0.08376774,0.26765842,0.19889647
2019-08-05,0.36791294,0.26597025,0.20378059
2019-08-06,0.29976740,0.26156591,0.20244640
2019-08-07,0.30811785,0.26188351,0.20133331
2019-08-08,0.33699017,0.25679949,0.20039536
2019-08-09,0.22609274,0.18652903,0.19691423
2019-08-10,0.21610714,0.18571684,0.19626822
2019-08-11,0.21266651,0.32478408,0.19630482
2019-08-12,0.21266651,0.33787049,0.19630482
2019-08-13,0.21266651,0.16827395,0.19630482
2019-08-14,0.17221671,0.25618495,0.19335933
2019-08-15,0.17256259,0.25645896,0.19342416
2019-08-16,0.16754322,0.25203729,0.19289336
2019-08-17,0.16775190,0.25881677,0.19298076
2019-08-18,0.16812435,0.25038806,0.19306154
2019-08-19,0.13918501,0.22443050,0.19034065
2019-08-20,0.18170671,0.23707377,0.19162444
2019-08-21,0.17718590,0.23103800,0.19089378
2019-08-22,0.17341339,0.22994976,0.19095005
2019-08-23,0.17341339,0.22994976,0.19086798
2019-08-24,0.17346495,0.15253244,0.19088871
2019-08-25,0.19406644,0.16037386,0.19165761
2019-08-26,0.19039644,0.15982115,0.19602741
2019-08-27,0.19039644,0.16012911,0.19325753
2019-08-28,0.39135718,0.27287350,0.20212135
2019-08-29,0.39760044,0.30079069,0.18029055
2019-08-30,0.39863889,0.29616267,0.18280986
2019-08-31,0.41944792,0.29863454,0.19174322
2019-09-01,0.42873992,0.28666150,0.22119179
2019-09-02,0.22585191,0.22322837,0.23715135
2019-09-03,0.17501038,0.18917494,0.23055687
2019-09-04,0.13459636,0.18917494,0.23055687
2019-09-05,0.14917963,0.18917494,0.23055687
2019-09-06,0.14829047,0.18917494,0.23055687
2019-09-07,0.15626667,0.18917494,0.23101235
2019-09-08,0.18786482,0.19005123,0.23086794
2019-09-09,0.19381887,0.18896830,0.23060570
2019-09-10,0.19170022,0.18030526,0.23023363
2019-09-11,0.19234656,0.18065308,0.23031404
2019-09-12,0.19234656,0.19086700,0.23031404
2019-09-13,0.22046813,0.20311438,0.23031404
2019-09-14,0.20592484,0.20185720,0.22757689
2019-09-15,0.21010851,0.20121780,0.22661771
2019-09-16,0.20879944,0.20102814,0.22656019
2019-09-17,0.19324882,0.19297667,0.22335182
2019-09-18,0.21696687,0.19080535,0.22269395
2019-09-19,0.18681423,0.15251483,0.21782017
2019-09-20,0.19427535,0.15623452,0.21782017
2019-09-21,0.19345903,0.15673283,0.21782017
2019-09-22,0.19345903,0.15673283,0.21782017
2019-09-23,0.19319985,0.15673283,0.21782017
2019-09-24,0.18560436,0.15829207,0.21782017
2019-09-25,0.18411846,0.15829207,0.21782017
2019-09-26,0.17537031,0.15267671,0.21666059
2019-09-27,0.05637704,0.15267671,0.21666059
2019-09-28,-0.01722902,0.15267671,0.21666059
2019-09-29,-0.01161354,0.15283340,0.21783397
2019-09-30,-0.01556422,0.15300244,0.21790762
2019-10-01,-0.01018009,0.15318119,0.21800689
2019-10-02,-0.13748344,0.15295023,0.21800106
2019-10-03,-0.02994086,0.14847517,0.21703313
2019-10-04,-0.03541858,0.14851240,0.21711176
2019-10-05,-0.03541858,0.14871417,0.21711176
2019-10-06,-0.03992388,0.14977361,0.21689155
2019-10-07,-0.04505240,0.15660951,0.21745674
2019-10-08,-0.02934906,0.15696569,0.21761048
2019-10-09,-0.02595652,0.15696569,0.21782369
2019-10-10,-0.02233644,0.15696569,0.21788367
2019-10-11,-0.01121847,0.15711751,0.21751551
2019-10-12,-0.01121847,0.15711751,0.21794247
2019-10-13,-0.01121847,0.15711751,0.21794247
2019-10-14,-0.03844621,0.15711751,0.21794247
2019-10-15,-0.04235982,0.15697458,0.21793985
2019-10-16,-0.02945862,0.15214580,0.21745710
2019-10-17,-0.06276512,0.15236270,0.21740349
2019-10-18,-0.04860707,0.15363057,0.23495038
2019-10-19,-0.20652929,0.13936205,0.23122827
2019-10-20,-0.17038651,0.13718235,0.22957992
2019-10-21,-0.18148234,0.13655207,0.22217548
2019-10-22,-0.18148234,0.13655207,0.21861322
2019-10-23,0.37645986,0.18783668,0.23287401
2019-10-24,0.37506750,0.18942654,0.23297781
2019-10-25,0.59897190,0.29057454,0.26247389
2019-10-26,0.63843865,0.28884685,0.26225825
2019-10-27,0.63843865,0.28884685,0.26225825
2019-10-28,0.63843865,0.28889173,0.26203640
2019-10-29,0.63758768,0.28859314,0.26342556
2019-10-30,0.63314895,0.28875932,0.26671390
2019-10-31,0.63473444,0.29431412,0.26683420
2019-11-01,0.63417668,0.29331804,0.26699180
2019-11-02,0.67830443,0.29581314,0.25236969
2019-11-03,0.67936068,0.27447575,0.21354728
2019-11-04,0.66644171,0.28068119,0.21305119
2019-11-05,0.65248251,0.27951380,0.21209897
2019-11-06,0.63787084,0.28098608,0.21140694
2019-11-07,0.60605928,0.29100889,0.21075530
2019-11-08,0.57816081,0.28885298,0.21003808
2019-11-09,0.57816081,0.29049663,0.21003808
2019-11-10,0.58234859,0.28988696,0.21007153
2019-11-11,0.58271332,0.28965349,0.21013955
2019-11-12,0.58169387,0.30296008,0.20902400
2019-11-13,0.58169387,0.30305882,0.20902400
2019-11-14,0.58103723,0.30497577,0.20902400
2019-11-15,0.58568588,0.30542357,0.20902400
2019-11-16,0.59050897,0.30567227,0.20902400
2019-11-17,0.58016463,0.32003304,0.20894849
2019-11-18,0.65882130,0.31740858,0.20892985
2019-11-19,0.68323874,0.32125118,0.20888109
2019-11-20,0.68810668,0.32576187,0.20885864
2019-11-21,0.58568724,0.30050840,0.20468878
2019-11-22,0.47446535,0.29308773,0.20303161
2019-11-23,0.47590893,0.29059706,0.20352954
2019-11-24,0.37675676,0.35321263,0.22305175
2019-11-25,0.24854311,0.32122449,0.21497925
2019-11-26,0.24854311,0.30619574,0.21497925
2019-11-27,0.24094637,0.28482215,0.21458746
2019-11-28,0.23802030,0.28513230,0.21440253
2019-11-29,0.23648637,0.28587300,0.21440253
2019-11-30,0.23648637,0.29026907,0.21440253
2019-12-01,0.26872013,0.30607360,0.21735713
2019-12-02,0.26872013,0.33322931,0.21735713
2019-12-03,0.26869200,0.33163942,0.21737585
2019-12-04,0.29269188,0.33618213,0.21915925
2019-12-05,0.35348905,0.35160149,0.22447967
2019-12-06,0.36651484,0.35160149,0.22389058
2019-12-07,0.38396868,0.35501806,0.22478216
2019-12-08,0.38782468,0.35425729,0.22377026
2019-12-09,0.32684560,0.33641801,0.21969519
2019-12-10,0.32772431,0.33815915,0.27576869
2019-12-11,0.32736517,0.33799346,0.27944647
2019-12-12,0.32603468,0.33686312,0.27912443
2019-12-13,0.33735771,0.35030888,0.28057565
2019-12-14,0.33475593,0.34820612,0.27898357
2019-12-15,0.34371227,0.35064982,0.28161389
2019-12-16,0.39561401,0.38910214,0.28673546
2019-12-17,0.36512026,0.39087986,0.29433842
2019-12-18,0.44055732,0.45444238,0.31020085
2019-12-19,0.44435000,0.45594427,0.31110301
2019-12-20,0.44298390,0.45316493,0.31064922
2019-12-21,0.50720907,0.45316493,0.31064922
2019-12-22,0.56349231,0.47629098,0.32009302
2019-12-23,0.56757992,0.47707510,0.32209154
2019-12-24,0.49759847,0.48073519,0.32432425
2019-12-25,0.59486406,0.49313324,0.32432602
2019-12-26,0.59486406,0.49313324,0.32432602
2019-12-27,0.61782413,0.49313324,0.32432602
2019-12-28,0.62152039,0.49335458,0.32432602
2019-12-29,0.62042496,0.49303412,0.32423380
2019-12-30,0.62847226,0.49704629,0.32688042
2019-12-31,0.62775191,0.49612065,0.32674584
2020-01-01,0.62804390,0.50845526,0.32676527
2020-01-02,0.63173051,0.50911218,0.32839497
2020-01-03,0.64002858,0.51733295,0.33299817
2020-01-04,0.62861099,0.52063066,0.33299817
2020-01-05,0.62861099,0.52048215,0.33299817
2020-01-06,0.62688457,0.52029241,0.33270583
2020-01-07,0.63807356,0.52006991,0.33269112
2020-01-08,0.66037783,0.53152229,0.34171115
2020-01-09,0.66726454,0.53306439,0.34171115
2020-01-10,0.66745543,0.53306439,0.34089001
2020-01-11,0.66395090,0.53122082,0.33581557
2020-01-12,0.66166813,0.53122082,0.33637442
2020-01-13,0.68579866,0.53108602,0.33637442
2020-01-14,0.47269289,0.40842131,0.29651483
2020-01-15,0.46955586,0.40708210,0.29586780
2020-01-16,0.40102625,0.40576421,0.29573994
2020-01-17,0.30984183,0.40440945,0.29001299
2020-01-18,0.30542229,0.40260392,0.27517997
2020-01-19,0.30605494,0.39989501,0.27747166
2020-01-20,0.30605494,0.39989501,0.32136887
2020-01-21,0.29615823,0.38890245,0.32343858
2020-01-22,0.27534384,0.38797566,0.29721993
2020-01-23,0.25940778,0.33421281,0.31637126
2020-01-24,0.25940778,0.33526305,0.31637126
2020-01-25,0.25940778,0.33526305,0.31637126
2020-01-26,0.25698601,0.33523339,0.31785824
2020-01-27,0.13738819,0.30397238,0.30094341
2020-01-28,0.12534936,0.30154437,0.29951117
2020-01-29,0.11022600,0.30195876,0.29987409
2020-01-30,0.11341940,0.30072884,0.29936888
2020-01-31,0.11358425,0.30072884,0.29936888
2020-02-01,0.08259020,0.30028382,0.29909690
2020-02-02,0.04194819,0.29962127,0.28722156
2020-02-03,0.04194819,0.30106082,0.28743732
2020-02-04,0.04194819,0.30212285,0.28748747
2020-02-05,0.03071816,0.28724158,0.27894498
2020-02-06,-0.00993585,0.26315587,0.26479447
2020-02-07,-0.19159577,0.25574564,0.26031538
2020-02-08,-0.19154528,0.25594762,0.26032179
2020-02-09,-0.19017777,0.25410544,0.25909757
2020-02-10,-0.18093333,0.24749888,0.25507247
2020-02-11,-0.17744658,0.24242141,0.25267726
2020-02-12,-0.08895715,0.23993550,0.24944322
2020-02-13,0.06857610,0.26599229,0.26423125
2020-02-14,0.06830461,0.26599229,0.26423125
2020-02-15,0.06873792,0.26598635,0.26423125
2020-02-16,0.08941962,0.26589406,0.26423125
2020-02-17,0.09080373,0.26639796,0.26423125
2020-02-18,0.07434597,0.26669194,0.26423125
2020-02-19,0.07434597,0.29301572,0.26321467
2020-02-20,0.07434597,0.30720849,0.26375839
2020-02-21,0.07434597,0.30706631,0.26610018
2020-02-22,0.07434597,0.27225169,0.26849450
2020-02-23,0.03920504,0.28289255,0.26513302
2020-02-24,0.06428170,0.28266733,0.26566267
2020-02-25,0.06592340,0.28504060,0.26566267
2020-02-26,0.16357364,0.28632206,0.26566267
2020-02-27,0.18140216,0.28632206,0.26568197
2020-02-28,0.17181277,0.28632206,0.25894465
2020-02-29,0.16704095,0.28123489,0.25987133
2020-03-01,0.16704095,0.28123489,0.26094786
2020-03-02,0.16999657,0.28183298,0.26094786
2020-03-03,0.16875425,0.27834689,0.26094786
2020-03-04,0.16875425,0.26711938,0.26143078
2020-03-05,0.15461853,0.26432983,0.26067782
2020-03-06,0.17471758,0.26284319,0.26029602
2020-03-07,0.21175773,0.25189592,0.25515130
2020-03-08,0.22307315,0.26327130,0.25515130
2020-03-09,0.22319050,0.26700517,0.25515130
2020-03-10,0.22589819,0.26734965,0.25515130
2020-03-11,0.25491502,0.26848261,0.25515130
2020-03-12,0.28807961,0.26552380,0.25515130
2020-03-13,0.44920543,0.27434197,0.25515130
2020-03-14,-0.31933454,0.27205729,0.25515130
2020-03-15,-0.29349139,0.25992797,0.25427734
2020-03-16,-0.29349139,0.21723236,0.25458608
2020-03-17,-0.29349139,0.17300994,0.25661624
2020-03-18,-0.29349139,0.17031642,0.25667790
2020-03-19,0.05573781,0.18002836,0.25847171
2020-03-20,0.28321745,0.19311393,0.26414869
2020-03-21,0.27763329,0.17233984,0.26399728
2020-03-22,0.27763329,0.16100626,0.26399728
2020-03-23,0.27763329,0.15388063,0.26399728
2020-03-24,0.33297722,0.15388063,0.26399728
2020-03-25,0.32573277,0.15388063,0.26399728
2020-03-26,0.32522313,0.15347319,0.26385096
2020-03-27,0.32522313,0.15347319,0.26385096
2020-03-28,0.32522313,0.15315194,0.26385096
2020-03-29,0.32522313,0.14476709,0.26385096
2020-03-30,0.32522313,0.14515085,0.26385096
2020-03-31,0.32522313,0.14516858,0.26385096
2020-04-01,0.38049891,0.14435805,0.26695168
2020-04-02,0.14319470,0.10002901,0.25248768
2020-04-03,0.14319470,0.10002901,0.25248768
2020-04-04,0.14776346,0.10002901,0.25248768
2020-04-05,0.15047166,0.10193201,0.25248768
2020-04-06,0.14642184,0.09871010,0.24871359
2020-04-07,0.14875361,0.05884775,0.24878717
2020-04-08,0.14875361,0.05884775,0.24888824
2020-04-09,0.14875361,0.05884775,0.24925279
2020-04-10,0.14875361,0.05875259,0.25091132
2020-04-11,0.14875361,0.05875259,0.25054551
2020-04-12,0.14875361,0.05875259,0.25122482
2020-04-13,0.14875361,0.07282652,0.24426098
2020-04-14,0.15964748,0.07393067,0.24627213
2020-04-15,0.15964748,0.07381570,0.24628289
2020-04-16,0.15292590,0.08601959,0.24645490
2020-04-17,0.15292590,0.08753051,0.24962628
2020-04-18,0.09034336,0.07933726,0.25002661
2020-04-19,-0.12748274,0.07933726,0.25033268
2020-04-20,-0.15063768,0.07933726,0.25033268
2020-04-21,-0.15063768,0.07933726,0.25033268
2020-04-22,-0.15063768,0.07933726,0.25322123
2020-04-23,-0.15669454,0.07606015,0.25235573
2020-04-24,-0.15669454,0.07606015,0.25274957
2020-04-25,-0.16766631,0.07533681,0.25215338
2020-04-26,-0.16766631,0.12008973,0.25218766
2020-04-27,-0.16434050,0.12611896,0.25507490
2020-04-28,-0.16434050,0.12213745,0.25390609
2020-04-29,-0.34944519,-0.02591341,0.19135688
2020-04-30,-0.35078811,-0.02812559,0.18991080
2020-05-01,-0.37908068,-0.02916061,0.18991080
2020-05-02,-0.40327408,-0.02826471,0.18990068
2020-05-03,-0.40327408,-0.02826471,0.18917510
2020-05-04,-0.40327408,-0.02826471,0.18939808
2020-05-05,-0.40327408,-0.01879632,0.18939808
2020-05-06,-0.62342024,0.00335838,0.17797493
2020-05-07,-0.62646116,0.00630395,0.17240613
2020-05-08,-0.62246429,0.00663498,0.17278060
2020-05-09,-0.62246429,0.00866272,0.17257041
2020-05-10,-0.62246429,0.00487513,0.17316803
2020-05-11,-0.62246429,0.00694121,0.17591757
2020-05-12,-0.62246429,-0.03166330,0.18241457
2020-05-13,-0.60946458,-0.12377093,0.18241387
2020-05-14,-0.61356075,-0.12543946,0.18179053
2020-05-15,-0.61356075,-0.12543946,0.18179053
2020-05-16,-0.66268492,-0.12417628,0.18177076
2020-05-17,-0.66299821,-0.12427915,0.18198138
2020-05-18,-0.68485294,-0.12543706,0.18185704
2020-05-19,-0.68485294,-0.12543706,0.18215242
2020-05-20,-0.68485294,-0.12543706,0.18234053
2020-05-21,-0.68485294,-0.12543706,0.18234053
2020-05-22,-0.68485294,-0.12543706,0.18234053
2020-05-23,-0.69046295,-0.11257900,0.18339002
2020-05-24,-0.69046295,-0.12945466,0.18345005
2020-05-25,-0.87806571,-0.12945466,0.18346457
2020-05-26,-0.87806571,-0.12945466,0.18478370
2020-05-27,-0.90295043,-0.12945466,0.18502291
2020-05-28,-0.54299643,-0.13712455,0.18354970
2020-05-29,-0.27458133,-0.13737469,0.18353118
2020-05-30,-0.30996132,-0.13753111,0.16223614
2020-05-31,-0.30495636,-0.13254506,0.16164952
2020-06-01,0.00766969,-0.08102378,0.16945902
2020-06-02,0.23544334,0.03243773,0.19533958
2020-06-03,0.23544334,0.03361114,0.19533958
2020-06-04,0.23511216,0.03431221,0.19655932
2020-06-05,0.23511216,0.03855987,0.19655932
2020-06-06,0.24129630,0.03877625,0.19656603
2020-06-07,0.23983499,0.03877625,0.19660313
2020-06-08,0.24020482,0.03925903,0.19672158
2020-06-09,0.24160655,0.04108736,0.19711000
2020-06-10,0.23747567,0.04180364,0.19696135
2020-06-11,0.23747567,0.04180364,0.19812913
2020-06-12,0.23848142,0.04180364,0.19812803
2020-06-13,0.23989383,0.04297962,0.19812803
2020-06-14,0.23989383,0.04297962,0.19830451
2020-06-15,0.24208208,0.04331808,0.19828827
2020-06-16,0.24197663,0.04331808,0.19828827
2020-06-17,0.24247227,0.02770483,0.19828827
2020-06-18,0.24247227,-0.00627285,0.19828827
2020-06-19,0.24247227,-0.00703613,0.19832721
2020-06-20,0.24247227,-0.00703613,0.19832721
2020-06-21,0.24247227,-0.00703613,0.19832721
2020-06-22,0.31467200,0.04376936,0.21193544
2020-06-23,0.31580245,0.04435454,0.21194796
2020-06-24,0.31663982,0.04446706,0.21291093
2020-06-25,0.31663982,0.04446706,0.21291489
2020-06-26,0.31663982,0.04446706,0.21268773
2020-06-27,0.34077681,0.04446706,0.21612620
2020-06-28,0.34071574,0.04446706,0.21655449
2020-06-29,0.73259290,0.04446706,0.21661189
2020-06-30,0.80622240,0.03395865,0.21661189
2020-07-01,0.82925712,0.06449500,0.20590558
2020-07-02,0.86950873,0.06941944,0.20669108
2020-07-03,0.86950873,0.06941944,0.17651614
2020-07-04,0.87013772,0.06941944,0.17694731
2020-07-05,0.86997436,0.07694652,0.17695948
2020-07-06,0.80938739,0.07307159,0.17588210
2020-07-07,0.71847181,0.07282141,0.17546582
2020-07-08,0.71618980,0.07268140,0.17547658
2020-07-09,0.73185152,0.08005128,0.17750809
2020-07-10,0.76168667,0.08005128,0.17750809
2020-07-11,0.75991663,0.08016454,0.17753694
2020-07-12,0.72955226,0.08041763,0.17748562
2020-07-13,0.72977317,0.08048788,0.17768066
2020-07-14,0.72998173,0.08056513,0.17805935
2020-07-15,0.72092462,0.08138951,0.17815764
2020-07-16,0.70900544,0.08112312,0.17841423
2020-07-17,0.70909262,0.08103332,0.17888253
2020-07-18,0.70909262,0.08103332,0.17888253
2020-07-19,0.70602474,0.08074820,0.17883228
2020-07-20,0.68274005,0.08077985,0.17872349
2020-07-21,0.66062521,0.07973311,0.17838629
2020-07-22,0.12081995,0.07849490,0.17747218
2020-07-23,0.35001540,0.08909953,0.18021563
2020-07-24,0.24299766,0.08345998,0.17778510
2020-07-25,0.24238307,0.08146906,0.17676589
2020-07-26,0.32323532,0.09680698,0.18127191
2020-07-27,0.46718679,0.20090247,0.21012567
2020-07-28,0.47764826,0.36160749,0.21224650
2020-07-29,0.47336335,0.36495518,0.21220353
2020-07-30,0.38625492,0.34352446,0.21529577
2020-07-31,0.41315742,0.35913974,0.22557581
2020-08-01,0.45664608,0.39244438,0.24031290
2020-08-02,0.57976020,0.45397352,0.25352322
2020-08-03,0.57976020,0.45397352,0.26045229
2020-08-04,0.55989978,0.44680991,0.25935239
2020-08-05,0.49900897,0.41457073,0.24830336
2020-08-06,0.50550278,0.41438209,0.24854941
2020-08-07,0.49829875,0.40970910,0.24712300
2020-08-08,0.49343540,0.40970910,0.24712300
2020-08-09,0.49343540,0.40970910,0.24469757
2020-08-10,0.49291095,0.40970910,0.24469757
2020-08-11,0.49213603,0.40992403,0.24479658
2020-08-12,0.49182347,0.41082643,0.24325072
2020-08-13,0.47882086,0.40692174,0.23762388
2020-08-14,0.48093150,0.40728468,0.23762388
2020-08-15,0.48287361,0.40728400,0.23762388
2020-08-16,0.48206061,0.40728088,0.23807615
2020-08-17,0.46537143,0.39952822,0.23957596
2020-08-18,0.46673605,0.39952822,0.24045073
2020-08-19,0.46813314,0.39952822,0.24051419
2020-08-20,0.47407942,0.39952822,0.24079730
2020-08-21,0.47914707,0.39952822,0.23957852
2020-08-22,0.49932534,0.39952822,0.24146893
2020-08-23,0.51574358,0.39952822,0.24052695
2020-08-24,0.54433029,0.39952822,0.23656634
2020-08-25,0.53555767,0.39952822,0.22596261
2020-08-26,0.47824936,0.41329817,0.21138636
2020-08-27,0.46993357,0.41335472,0.21044302
2020-08-28,0.47308114,0.53104807,0.21065967
2020-08-29,0.55806460,0.54032179,0.21065967
2020-08-30,0.49607814,0.53051521,0.20395456
2020-08-31,0.36098260,0.48302697,0.19958057
2020-09-01,0.06917847,0.43517313,0.19926801
2020-09-02,0.27118981,0.45110171,0.21400373
2020-09-03,0.24484905,0.42049963,0.20868169
2020-09-04,0.36064541,0.42045890,0.20868169
2020-09-05,0.36088845,0.42045890,0.20868169
2020-09-06,0.47103578,0.42023807,0.20868100
2020-09-07,0.47103578,0.41943386,0.20619765
2020-09-08,0.47103578,0.42017797,0.20625620
2020-09-09,0.47103578,0.42017797,0.20625029
2020-09-10,0.47042927,0.41999411,0.20408921
2020-09-11,0.47042927,0.41999411,0.19944533
2020-09-12,0.48033465,0.41999411,0.19944533
2020-09-13,0.47850410,0.42011130,0.19950113
2020-09-14,0.46509611,0.42024590,0.20037072
2020-09-15,0.45307111,0.41997948,0.20042875
2020-09-16,0.64285658,0.41997948,0.19061791
2020-09-17,0.64285658,0.41997948,0.19061791
2020-09-18,0.64285658,0.41997948,0.19061791
2020-09-19,0.64224696,0.41999391,0.19073083
2020-09-20,0.64224696,0.39778213,0.19073083
2020-09-21,0.64224696,0.39791767,0.19073083
2020-09-22,0.64224696,0.39774755,0.20696896
2020-09-23,0.64224696,0.39774755,0.20741190
2020-09-24,0.64203907,0.39779200,0.20748977
2020-09-25,0.64188686,0.39783596,0.21209250
2020-09-26,0.64188686,0.39783596,0.21312541
2020-09-27,0.62775085,0.39732452,0.21226051
2020-09-28,0.62587221,0.39720102,0.21219171
2020-09-29,0.55017858,0.39744267,0.21217017
2020-09-30,0.55800791,0.39598763,0.21269283
2020-10-01,0.47182328,0.39475758,0.21216086
2020-10-02,0.05838144,0.39452252,0.21204068
2020-10-03,0.34761958,0.39441101,0.21198094
2020-10-04,0.30842754,0.39680009,0.21210351
2020-10-05,0.27362244,0.39838173,0.22349840
2020-10-06,-0.15324552,0.38945566,0.22113991
2020-10-07,-0.15839191,0.38580117,0.22051275
2020-10-08,-0.06304755,0.38706991,0.22117491
2020-10-09,0.08453007,0.38688286,0.22180829
2020-10-10,0.22934959,0.38898240,0.22327918
2020-10-11,0.22750228,0.38844498,0.22351184
2020-10-12,0.18974523,0.38601852,0.22288695
2020-10-13,0.29166327,0.39209780,0.22612689
2020-10-14,0.31117533,0.39633754,0.23407063
2020-10-15,0.32189304,0.39632244,0.24438300
2020-10-16,0.32189304,0.39632244,0.24819552
2020-10-17,0.32189304,0.39676158,0.24818342
2020-10-18,0.32189304,0.39715715,0.24935203
2020-10-19,0.27187896,0.39524232,0.25096234
2020-10-20,0.26838569,0.39568801,0.25236037
2020-10-21,0.58706880,0.42124309,0.28025300
2020-10-22,0.50173713,0.42832238,0.27064506
2020-10-23,0.50617463,0.43662308,0.27118086
2020-10-24,0.50845513,0.43183051,0.27184644
2020-10-25,0.52334736,0.42972645,0.27408932
2020-10-26,0.52334736,0.42586853,0.27408932
2020-10-27,0.50475203,0.41970769,0.27226181
2020-10-28,0.46901767,0.42366176,0.27005120
2020-10-29,0.47327801,0.40844515,0.27005120
2020-10-30,0.46996145,0.37151757,0.27005120
2020-10-31,0.47313934,0.30361489,0.27005120
2020-11-01,0.47365209,0.30361489,0.27423287
2020-11-02,0.47384714,0.30613645,0.27304755
2020-11-03,0.47658626,0.35071661,0.27304755
2020-11-04,0.48024549,0.35074023,0.27304755
2020-11-05,0.48936974,0.35287622,0.27152501
2020-11-06,0.33513314,0.29486840,0.25457876
2020-11-07,0.33054427,0.29489657,0.25459856
2020-11-08,0.33264504,0.29489657,0.25459856
2020-11-09,0.35973154,0.30954967,0.25979385
2020-11-10,0.36160633,0.30954967,0.25979385
2020-11-11,0.36572916,0.31247486,0.25951689
2020-11-12,0.36235815,0.31658239,0.26156711
2020-11-13,0.33707717,0.31325128,0.26064442
2020-11-14,0.31661811,0.30902917,0.26277310
2020-11-15,0.31661811,0.32053313,0.26277310
2020-11-16,0.31705315,0.32048718,0.26280086
2020-11-17,0.34128541,0.33303165,0.26674596
2020-11-18,0.33446129,0.32498114,0.26436096
2020-11-19,0.34030663,0.32498114,0.26436096
2020-11-20,0.19161949,0.32156346,0.26290514
2020-11-21,0.07483569,0.31029092,0.25819090
2020-11-22,0.07486986,0.30992540,0.25880971
2020-11-23,0.06344836,0.30992540,0.25880971
2020-11-24,0.03624665,0.30992540,0.25880971
2020-11-25,0.03624665,0.30992540,0.25880971
2020-11-26,0.05489865,0.30992540,0.25752558
2020-11-27,0.04319167,0.30992540,0.25203468
2020-11-28,0.04319167,0.30536525,0.25198331
2020-11-29,0.04319167,0.30801190,0.25198331
2020-11-30,0.11250363,0.31848565,0.25614619
2020-12-01,0.11288434,0.26858756,0.25613847
2020-12-02,0.11288434,0.30933013,0.25613847
2020-12-03,0.11288434,0.30933013,0.25623844
2020-12-04,0.11288434,0.30933013,0.25623844
2020-12-05,0.12288476,0.30933013,0.25623844
2020-12-06,0.41615494,0.30921710,0.25624946
2020-12-07,0.41870967,0.30921710,0.25624946
2020-12-08,0.41794678,0.30929431,0.25630636
2020-12-09,0.34499542,0.30944088,0.25368329
2020-12-10,0.34499542,0.30944088,0.26827154
2020-12-11,0.34651287,0.30944088,0.26827154
2020-12-12,0.30700673,0.30935559,0.26827154
2020-12-13,0.32214984,0.30648208,0.26825562
2020-12-14,0.35729528,0.30686895,0.27332895
2020-12-15,0.35617212,0.30666156,0.27322808
2020-12-16,0.38025041,0.31225334,0.27438029
2020-12-17,0.22217592,0.31218843,0.27535964
2020-12-18,0.28438160,0.31169331,0.27528457
2020-12-19,0.28438160,0.31169331,0.27528457
2020-12-20,0.29270165,0.31169331,0.27528457
2020-12-21,0.50991288,0.31169331,0.27528457
2020-12-22,0.52694661,0.31169331,0.27528457
2020-12-23,0.52694661,0.31183494,0.27528457
2020-12-24,0.52694661,0.31194539,0.27600493
2020-12-25,0.52774678,0.31177494,0.27596458
2020-12-26,0.54467667,0.31765375,0.27741709
2020-12-27,0.36655769,0.30339077,0.27390204
2020-12-28,0.33022617,0.30244686,0.27369044
2020-12-29,0.33022617,0.30093793,0.27369044
2020-12-30,0.23703657,0.30356859,0.27369044
2020-12-31,0.26062526,0.31019786,0.27645410
2021-01-01,0.25143302,0.31012519,0.27642979
2021-01-02,0.25493542,0.30987200,0.27682157
2021-01-03,0.11742048,0.28308373,0.26970499
2021-01-04,0.12950058,0.29227333,0.26729680
2021-01-05,0.11714816,0.28959082,0.26696548
2021-01-06,0.11714816,0.28806483,0.33799329
2021-01-07,0.11582509,0.28443584,0.33998209
2021-01-08,0.11582509,0.27901160,0.33998209
2021-01-09,0.11582509,0.28007598,0.33998209
2021-01-10,0.11582509,0.28127848,0.33998209
2021-01-11,0.11582509,0.27222487,0.33998209
2021-01-12,0.12150879,0.26443160,0.33998209
2021-01-13,0.12150879,0.26443160,0.33998209
2021-01-14,0.12591024,0.26443160,0.34104767
2021-01-15,0.08570954,0.26443160,0.34108650
2021-01-16,-0.08136453,0.26124787,0.34034279
2021-01-17,-0.07315552,0.27026749,0.34034279
2021-01-18,-0.06172571,0.27388632,0.34021170
2021-01-19,-0.04681074,0.17637409,0.33992777
2021-01-20,-0.03609905,0.10995548,0.33986617
2021-01-21,-0.05552054,0.10399117,0.33962145
2021-01-22,-0.05552054,0.09562681,0.33962145
2021-01-23,-0.05552054,0.08217992,0.33975605
2021-01-24,-0.05034847,0.08287180,0.33973461
2021-01-25,-0.12079577,0.08990583,0.33827199
2021-01-26,-0.03967928,0.09467504,0.33827199
2021-01-27,-0.02817751,0.09467504,0.33827199
2021-01-28,-0.02817751,0.09467504,0.33827199
2021-01-29,0.12161784,0.11503433,0.34075403
2021-01-30,0.01629177,0.11503433,0.34075403
2021-01-31,0.00196718,0.11503433,0.34075403
2021-02-01,-0.04227749,0.11503433,0.34075403
2021-02-02,0.16166076,0.11184517,0.34039912
2021-02-03,0.10229201,0.11386043,0.33951769
2021-02-04,0.12944278,0.22400727,0.34492076
2021-02-05,0.12944278,0.22555182,0.34492325
2021-02-06,0.12944278,0.22555182,0.38135099
2021-02-07,0.12944278,0.18218622,0.38364434
2021-02-08,0.12944278,0.18218622,0.38357644
2021-02-09,0.11789703,0.17926247,0.36184502
2021-02-10,0.11789703,0.16764639,0.36184502
2021-02-11,0.09262670,0.15925584,0.36032151
2021-02-12,0.09502374,0.17305869,0.36015866
2021-02-13,0.09290949,0.17237694,0.36016115
2021-02-14,0.09227863,0.17112409,0.36003445
2021-02-15,0.10937631,0.11483552,0.35994460
2021-02-16,0.10294242,0.14248270,0.35896489
2021-02-17,0.10425576,0.14248270,0.35963834
2021-02-18,0.10259979,0.14097993,0.35963834
2021-02-19,0.10039728,0.14926760,0.35948969
2021-02-20,0.14897955,0.15048321,0.35986639
2021-02-21,0.14897955,0.15048321,0.35986639
2021-02-22,0.14897955,0.15048321,0.35989591
2021-02-23,0.14736124,0.15048321,0.35989591
2021-02-24,0.28462038,0.15048321,0.35989591
2021-02-25,0.28462038,0.15048321,0.35989591
2021-02-26,0.28462038,0.15048321,0.35989591
2021-02-27,0.28462038,0.15048321,0.35989591
2021-02-28,-0.10650377,0.09678913,0.35989591
2021-03-01,-0.10650377,0.09660052,0.34392961
2021-03-02,-0.10650377,0.09660052,0.34397770
2021-03-03,-0.36729350,0.05840129,0.33910003
2021-03-04,-0.36954519,0.05840129,0.33910003
2021-03-05,-0.28762143,0.05840129,0.33910003
2021-03-06,-0.27400008,0.06039253,0.33900500
2021-03-07,-0.26921357,0.06129491,0.33894814
2021-03-08,-0.34577891,0.04239835,0.33583205
2021-03-09,-0.30107047,0.04025016,0.33433818
2021-03-10,-0.10068767,0.05564651,0.33624746
2021-03-11,-0.12034345,0.05564651,0.33493494
2021-03-12,-0.12034345,0.05564651,0.33493494
2021-03-13,-0.13299475,0.05574180,0.33485504
2021-03-14,-0.13359618,0.05574180,0.33484389
2021-03-15,-0.14017941,0.05651344,0.33642145
2021-03-16,-0.14562521,0.03199682,0.33800768
2021-03-17,-0.14562521,-0.03955941,0.33805249
2021-03-18,-0.14147422,-0.03899878,0.33604710
2021-03-19,-0.11831959,-0.03949164,0.33592952
2021-03-20,-0.11831959,-0.03949164,0.33591566
2021-03-21,-0.12606362,-0.03949164,0.33624597
2021-03-22,-0.17423787,-0.03949164,0.33622893
2021-03-23,-0.17423787,-0.03949164,0.33621180
2021-03-24,-0.17423787,-0.03949164,0.33650999
2021-03-25,-0.17423787,-0.03948705,0.33677391
2021-03-26,-0.17423787,-0.06891852,0.33676210
2021-03-27,-0.17423787,-0.02138194,0.33676210
2021-03-28,-0.17423787,-0.02128863,0.33689276
2021-03-29,0.07550976,0.04854083,0.33669213
2021-03-30,0.05979016,0.04823651,0.33693273
2021-03-31,0.04861323,0.00175486,0.33806304
2021-04-01,0.02058561,-0.00152862,0.33490401
2021-04-02,0.05173672,-0.00897473,0.32087783
2021-04-03,0.25969646,0.14867624,0.32663740
2021-04-04,0.24472667,0.14962244,0.31934403
2021-04-05,0.24507283,0.15044407,0.30225833
2021-04-06,0.24593407,0.15044407,0.29969103
2021-04-07,0.36245862,0.15044407,0.30040609
2021-04-08,0.60975992,0.15044407,0.30616800
2021-04-09,0.63953645,0.15044407,0.29415291
2021-04-10,0.37081813,0.10804744,0.26105763
2021-04-11,0.37081813,0.10804744,0.21067231
2021-04-12,0.37380972,0.10804744,0.21067231
2021-04-13,0.13854162,0.05876806,0.20318658
2021-04-14,0.23387220,0.10973863,0.23573641
2021-04-15,0.23387220,0.10973863,0.23578353
2021-04-16,0.23387220,0.11094047,0.24114037
2021-04-17,0.23119583,0.11053613,0.24090021
2021-04-18,0.23308546,0.11087878,0.24090021
2021-04-19,0.23308546,0.11141034,0.24090021
2021-04-20,0.23308546,0.11172385,0.24090021
2021-04-21,0.23085789,0.11260239,0.24071346
2021-04-22,0.22671524,0.11206041,0.24132671
2021-04-23,0.22671524,0.11206041,0.24132671
2021-04-24,0.22671524,0.11213130,0.24132671
2021-04-25,0.22671524,0.12066054,0.24149997
2021-04-26,0.20496474,0.11763811,0.24725364
2021-04-27,0.16007411,0.10910528,0.24448538
2021-04-28,0.12310487,0.11421741,0.24523534
2021-04-29,0.10981347,0.08088537,0.24224546
2021-04-30,0.04536114,0.04433829,0.21025781
2021-05-01,0.05121405,0.04426909,0.21022675
2021-05-02,0.10251054,0.05105374,0.21083108
2021-05-03,0.13656400,0.11290909,0.22845157
2021-05-04,0.15716267,0.11587673,0.22619408
2021-05-05,0.15912483,0.11587673,0.22619408
2021-05-06,0.15912483,0.11587673,0.22619408
2021-05-07,0.15912483,0.11587673,0.22619408
2021-05-08,0.10818130,0.09648817,0.21948484
2021-05-09,0.10818130,0.09648817,0.21583391
2021-05-10,0.15328837,0.09609608,0.21702823
2021-05-11,0.15328837,0.09609608,0.20911120
2021-05-12,0.15328837,0.09866989,0.17910786
2021-05-13,0.18676155,0.09927340,0.19021377
2021-05-14,0.13735567,0.09909326,0.19021377
2021-05-15,0.13735567,0.09941411,0.19021377
2021-05-16,0.13735567,0.09941411,0.19021377
2021-05-17,0.13511452,0.09943788,0.19021377
2021-05-18,0.13511452,0.09943788,0.19021377
2021-05-19,0.13511452,0.09943788,0.19021377
2021-05-20,0.13511452,0.09978751,0.19023812
2021-05-21,0.13307649,0.09766990,0.19023812
2021-05-22,0.13073623,0.09766990,0.19023812
2021-05-23,0.13073623,0.09766990,0.19019474
2021-05-24,0.13073623,0.09766990,0.18867907
2021-05-25,0.13073623,0.09766990,0.18872075
2021-05-26,0.13330447,0.09794133,0.18873859
2021-05-27,0.13965807,0.09818183,0.18860912
2021-05-28,0.13374414,0.09818183,0.18860912
2021-05-29,0.13401683,0.09818183,0.18869428
2021-05-30,0.40469475,0.09818183,0.18869428
2021-05-31,0.40636998,0.09818183,0.18869428
2021-06-01,0.47246625,0.11164331,0.18869428
2021-06-02,-0.38383812,0.10648233,0.18630972
2021-06-03,-0.49481290,0.10497036,0.18562802
2021-06-04,-0.49481290,0.10541491,0.18564493
2021-06-05,-0.49481290,0.10574847,0.18564493
2021-06-06,-0.49481290,0.11393472,0.18594587
2021-06-07,-0.47093052,0.11703725,0.18603536
2021-06-08,-0.47093052,0.10969446,0.18630416
2021-06-09,-0.47093052,0.10969446,0.18544068
2021-06-10,-0.47093052,0.10969446,0.18652494
2021-06-11,-0.47093052,0.10955590,0.18669540
2021-06-12,-0.47093052,0.10955590,0.18677640
2021-06-13,-0.46558816,0.10936425,0.18683957
2021-06-14,-0.77010933,0.09172888,0.17907129
2021-06-15,-0.55914265,0.09375185,0.18666691
2021-06-16,-0.55914265,0.09375185,0.18664004
2021-06-17,-0.55914265,0.09346246,0.18542903
2021-06-18,-0.55914265,0.09346246,0.18321752
2021-06-19,-0.55914265,0.09346246,0.17923986
2021-06-20,-0.55914265,0.09346246,0.17953682
2021-06-21,-0.09155357,0.06994489,0.16022911
2021-06-22,-0.09227489,0.06982045,0.15373364
2021-06-23,-0.07735877,0.07000104,0.14782511
2021-06-24,-0.07472421,0.07032713,0.14771852
2021-06-25,-0.08710657,0.06123925,0.13980227
2021-06-26,-0.10336208,0.06152886,0.13972621
2021-06-27,-0.09414545,0.05201192,0.13926705
2021-06-28,-0.09414545,0.05263924,0.14227565
2021-06-29,-0.02664037,0.06278163,0.14726235
2021-06-30,-0.02828156,0.06373285,0.10207400
2021-07-01,-0.02828156,0.07333003,0.08023145
2021-07-02,-0.01017819,0.03832779,0.07924910
2021-07-03,-0.00204181,0.04059916,0.07698014
2021-07-04,-0.00460533,0.03954751,0.07172932
2021-07-05,-0.00460533,0.03954751,0.07172932
2021-07-06,-0.00470097,0.03942157,0.07401880
2021-07-07,-0.00470097,0.03942157,0.07530413
2021-07-08,-0.00470097,0.03942157,0.07530413
2021-07-09,-0.00470097,0.05489021,0.07530413
2021-07-10,-0.00470097,0.05489021,0.07530413
2021-07-11,-0.00470097,0.05489021,0.07530413
2021-07-12,-0.00470097,0.07184298,0.07530413
2021-07-13,-0.00305215,0.04809542,0.07530413
2021-07-14,0.11314225,0.04809542,0.07530413
2021-07-15,0.10188371,0.04809542,0.07621125
2021-07-16,0.10188371,0.04766949,0.10547570
2021-07-17,0.10188371,0.04766949,0.10554351
2021-07-18,0.10103355,0.04821862,0.10546473
2021-07-19,0.10406214,0.04834757,0.09214751
2021-07-20,0.05131904,0.05086093,0.09220142
2021-07-21,0.22472303,0.09597139,0.11500232
2021-07-22,0.22433234,0.09597139,0.11152234
2021-07-23,0.25110114,0.09597139,0.11205408
2021-07-24,0.25472553,0.09597139,0.11329532
2021-07-25,0.54884709,0.09702296,0.11329532
2021-07-26,0.81808445,0.20652852,0.17444905
2021-07-27,0.87563366,0.20454746,0.16479433
2021-07-28,0.87563366,0.20696188,0.16943517
2021-07-29,0.86719474,0.28324445,0.16941744
2021-07-30,0.86663898,0.28314063,0.17031101
2021-07-31,0.83221234,0.28207685,0.17405652
2021-08-01,0.83013970,0.23382272,0.17415322
2021-08-02,0.83013970,0.23893953,0.17415322
2021-08-03,0.84568747,0.23893953,0.17415322
2021-08-04,0.81791990,0.23763301,0.17382978
2021-08-05,0.78698461,0.23601250,0.17340953
2021-08-06,0.80876713,0.28419437,0.18696733
2021-08-07,0.76337229,0.43088646,0.26614493
2021-08-08,0.76770877,0.45753622,0.28114949
2021-08-09,0.79758471,0.50529699,0.31677615
2021-08-10,0.79702046,0.50606783,0.31801044
2021-08-11,0.79633215,0.50596773,0.31812047
2021-08-12,0.77008560,0.49868933,0.31519662
2021-08-13,0.64635283,0.46424361,0.30528233
2021-08-14,0.64751047,0.46616387,0.31086036
2021-08-15,0.64751047,0.46616387,0.31088393
2021-08-16,0.64411174,0.46314300,0.30987508
2021-08-17,0.64512859,0.46314300,0.30982131
2021-08-18,0.64480628,0.46314300,0.30982131
2021-08-19,0.67570343,0.46314300,0.30982131
2021-08-20,0.65575866,0.46314300,0.30982131
2021-08-21,0.65575866,0.46314300,0.30982131
2021-08-22,0.65575866,0.46314300,0.30990476
2021-08-23,0.65145810,0.46168057,0.30922690
2021-08-24,0.65145810,0.46173648,0.30927524
2021-08-25,0.65228093,0.46258181,0.30775184
2021-08-26,0.65228093,0.46258181,0.31087873
2021-08-27,0.65228093,0.46258181,0.31100227
2021-08-28,0.65226657,0.46258181,0.31100227
2021-08-29,0.65986325,0.46636337,0.31357025
2021-08-30,0.66182852,0.46636337,0.31357025
2021-08-31,0.66135286,0.47035448,0.31339661
2021-09-01,0.53333850,0.41693670,0.28841274
2021-09-02,0.53229566,0.41681249,0.28838661
2021-09-03,0.53280130,0.41681291,0.28849413
2021-09-04,0.53181047,0.41623790,0.28623065
2021-09-05,0.53278593,0.41522853,0.29077111
2021-09-06,0.39445946,0.41512360,0.29094996
2021-09-07,0.34701145,0.41399632,0.29045659
2021-09-08,0.21555729,0.41399632,0.29045659
2021-09-09,0.20584561,0.41399632,0.28729161
2021-09-10,0.20390981,0.41399632,0.28732075
2021-09-11,0.22305621,0.41426127,0.28749568
2021-09-12,0.16298284,0.43164478,0.29652557
2021-09-13,0.08613943,0.43089106,0.29908014
2021-09-14,0.08865052,0.43117063,0.29941462
2021-09-15,0.12521483,0.43117063,0.29941462
2021-09-16,0.12173802,0.43087088,0.29934966
2021-09-17,0.12173802,0.43087088,0.29934966
2021-09-18,0.12173802,0.43087088,0.29934966
2021-09-19,0.12173802,0.47908283,0.29934966
2021-09-20,0.12173802,0.47910759,0.29934966
2021-09-21,0.12173802,0.48632887,0.29934966
2021-09-22,0.13032498,0.48686415,0.29934966
2021-09-23,0.13032498,0.52254933,0.29934966
2021-09-24,0.13032498,0.52305636,0.29934966
2021-09-25,0.13032498,0.52592770,0.29979139
2021-09-26,0.13032498,0.52592770,0.29979139
2021-09-27,0.13032498,0.52290105,0.30004912
2021-09-28,0.03815203,0.52336929,0.30040690
2021-09-29,0.03815203,0.52336929,0.30062348
2021-09-30,0.03976497,0.52338915,0.30114363
2021-10-01,0.75480709,0.54070873,0.31561532
2021-10-02,0.76494740,0.54171855,0.31561532
2021-10-03,0.76479627,0.54171855,0.31567452
2021-10-04,0.79171848,0.54177821,0.31779669
2021-10-05,0.83807664,0.54261674,0.31848436
2021-10-06,0.57500388,0.51904832,0.31056168
2021-10-07,0.58542082,0.51763868,0.31023833
2021-10-08,0.58542082,0.51763868,0.30691801
2021-10-09,0.58542082,0.51763868,0.30691801
2021-10-10,0.57991217,0.51755962,0.30691446
2021-10-11,0.57991217,0.51755962,0.30691446
2021-10-12,0.57991217,0.51755962,0.30725144
2021-10-13,0.57991217,0.51755962,0.30855577
2021-10-14,0.51076933,0.51459087,0.30749934
2021-10-15,0.60053040,0.50743920,0.31204036
2021-10-16,0.60952897,0.50905313,0.31252008
2021-10-17,0.60084043,0.50743647,0.31197772
2021-10-18,0.60032873,0.52194088,0.31191823
2021-10-19,0.60032873,0.50671047,0.31192104
2021-10-20,0.38213360,0.48724826,0.30549781
2021-10-21,0.38148969,0.48704646,0.30750296
2021-10-22,0.38148969,0.48704646,0.30769409
2021-10-23,0.38148969,0.48704646,0.30767756
2021-10-24,0.38148969,0.46448477,0.30787059
2021-10-25,0.38095507,0.46445596,0.30784298
2021-10-26,0.35524624,0.45877615,0.30685752
2021-10-27,0.35070354,0.45696718,0.30639441
2021-10-28,0.35070354,0.45731053,0.30639441
2021-10-29,0.35070354,0.45857654,0.30658875
2021-10-30,0.35102343,0.45869145,0.30609073
2021-10-31,0.22210989,0.45730811,0.30576783
2021-11-01,0.22210989,0.45730811,0.30576783
2021-11-02,0.22142274,0.45682072,0.30523855
2021-11-03,0.27475958,0.46586272,0.31043741
2021-11-04,0.27067490,0.45829203,0.31043741
2021-11-05,0.30697848,0.36072357,0.31043741
2021-11-06,0.31259265,0.33469580,0.31043741
2021-11-07,0.31259265,0.24218428,0.31043741
2021-11-08,0.42551167,0.27169877,0.31867868
2021-11-09,0.44099524,0.27767653,0.32089013
2021-11-10,0.43065252,0.27989196,0.32450565
2021-11-11,0.43065252,0.30145770,0.32450565
2021-11-12,0.43065252,0.28591480,0.32450565
2021-11-13,0.45058796,0.28591480,0.32464840
2021-11-14,0.38227194,0.29022097,0.32474925
2021-11-15,0.38383895,0.28993762,0.32784444
2021-11-16,0.39978241,0.28993762,0.32973060
2021-11-17,0.39908166,0.28993762,0.32819545
2021-11-18,0.39908166,0.28993762,0.32819545
2021-11-19,0.59266025,0.28993762,0.32819545
2021-11-20,0.59018091,0.28993762,0.32819299
2021-11-21,0.59018091,0.29085643,0.32819299
2021-11-22,0.59018091,0.29085643,0.32819299
2021-11-23,0.59018091,0.29085643,0.32819299
2021-11-24,0.59250405,0.29085643,0.32819299
2021-11-25,0.68549311,0.28917549,0.32744985
2021-11-26,0.66080487,0.28127135,0.32536855
2021-11-27,0.66080487,0.27377211,0.32536855
2021-11-28,0.66080487,0.27377211,0.32536855
2021-11-29,0.66080487,0.27463129,0.32536855
2021-11-30,0.59513318,0.40874246,0.32403755
2021-12-01,0.59513318,0.40925057,0.32403755
2021-12-02,0.59711045,0.40920575,0.32403755
2021-12-03,0.54368610,0.41120328,0.32403755
2021-12-04,0.54368610,0.41810728,0.32403755
2021-12-05,0.54368610,0.41819516,0.32403755
2021-12-06,0.54368610,0.42338747,0.32355960
2021-12-07,0.54368610,0.42338747,0.32398967
2021-12-08,0.09556870,0.42320933,0.32426473
2021-12-09,-0.02912640,0.42320933,0.32567461
2021-12-10,0.00331653,0.42320933,0.34012422
2021-12-11,0.00331653,0.42320933,0.33505655
2021-12-12,0.00331653,0.42320933,0.33781932
2021-12-13,0.00331653,0.42374973,0.33792092
2021-12-14,0.00331653,0.42374973,0.33792092
2021-12-15,0.01324603,0.42433122,0.33792092
2021-12-16,0.01324603,0.42433122,0.33792092
2021-12-17,0.23137743,0.43255248,0.34102553
2021-12-18,0.23137743,0.43255248,0.34722740
2021-12-19,0.23137743,0.43255248,0.34722740
2021-12-20,0.23137743,0.43255248,0.34722740
2021-12-21,0.18843194,0.42512905,0.35180000
2021-12-22,0.18365791,0.42383977,0.34652689
2021-12-23,-0.20352145,0.32098137,0.32037481
2021-12-24,-0.20379718,0.32088566,0.32038505
2021-12-25,-0.20995111,0.32088566,0.32040518
2021-12-26,-0.22385373,0.32088566,0.32040518
2021-12-27,-0.22131177,0.31816416,0.31994508
2021-12-28,0.36024241,0.41757693,0.34370459
2021-12-29,0.42684480,0.44043280,0.35192968
2021-12-30,0.49922654,0.41173387,0.35532348
2021-12-31,0.53936527,0.42926109,0.36117945
2022-01-01,0.53936527,0.42926109,0.36117945
2022-01-02,0.53909194,0.42865060,0.36105741
2022-01-03,0.55942302,0.43785469,0.36487032
2022-01-04,0.56032898,0.45393360,0.36679664
2022-01-05,0.56368112,0.45774419,0.36639367
2022-01-06,0.53719199,0.45271027,0.36973493
2022-01-07,0.62015079,0.50737137,0.42589004
2022-01-08,0.55063461,0.47562387,0.41761533
2022-01-09,0.54812596,0.47347484,0.41798340
2022-01-10,0.48680025,0.44264993,0.39936780
2022-01-11,0.48681979,0.44235565,0.40188964
2022-01-12,0.44680116,0.42681423,0.39688156
2022-01-13,0.46566578,0.42217742,0.40027971
2022-01-14,0.48112579,0.43064164,0.40331801
2022-01-15,0.47947605,0.43278083,0.40956990
2022-01-16,0.47885661,0.43809421,0.41150762
2022-01-17,0.47457808,0.43558928,0.41090016
2022-01-18,0.47024877,0.46870364,0.41025036
2022-01-19,0.46062951,0.46063965,0.40813388
2022-01-20,0.51573466,0.48902376,0.41765550
2022-01-21,0.76449113,0.70960918,0.52715521
2022-01-22,0.87117976,0.71987275,0.53484904
2022-01-23,0.87845885,0.72861056,0.54122890
2022-01-24,0.86906267,0.72833683,0.53768315
2022-01-25,0.86906267,0.73196414,0.53768315
2022-01-26,0.86890805,0.73196414,0.53768315
2022-01-27,0.86628524,0.73196414,0.53768315
2022-01-28,0.86245410,0.73038368,0.53721095
2022-01-29,0.85912819,0.73314435,0.53718257
2022-01-30,0.86042706,0.73256852,0.53698815
2022-01-31,0.86067741,0.73223585,0.53667626
2022-02-01,0.86430670,0.72862669,0.53663156
2022-02-02,0.83711991,0.71989828,0.53305294
2022-02-03,0.83977924,0.71888882,0.53307683
2022-02-04,0.82765119,0.70420443,0.52677295
2022-02-05,0.83071024,0.70462391,0.52705058
2022-02-06,0.81677147,0.71328020,0.52731965
2022-02-07,0.83152800,0.70988207,0.52671275
2022-02-08,0.84087398,0.71563641,0.52671275
2022-02-09,0.86290617,0.71526324,0.52824224
2022-02-10,0.86628101,0.71526324,0.52918842
2022-02-11,0.89057946,0.71526324,0.52918842
2022-02-12,0.88865463,0.71612049,0.52986036
2022-02-13,0.85760283,0.69913075,0.52206648
2022-02-14,0.85849842,0.69746183,0.52175905
2022-02-15,0.83290430,0.68670939,0.51781231
2022-02-16,0.83369184,0.68567234,0.51738779
2022-02-17,0.83898386,0.68905069,0.51949179
2022-02-18,0.83040478,0.68356239,0.51825863
2022-02-19,0.81395921,0.67963267,0.51737846
2022-02-20,0.37092037,0.67963267,0.51743791
2022-02-21,0.11200057,0.67963267,0.52351554
2022-02-22,-0.11129765,0.66576386,0.51968216
2022-02-23,-0.08576274,0.66758087,0.51967972
2022-02-24,-0.10288094,0.66737385,0.51798488
2022-02-25,-0.11044149,0.66669430,0.51782218
2022-02-26,-0.10626963,0.66661172,0.51778226
2022-02-27,-0.12508155,0.66649015,0.51773318
2022-02-28,0.03206700,0.67878320,0.55193062
2022-03-01,0.08030001,0.66695002,0.54676391
2022-03-02,0.07000167,0.66556252,0.54993504
2022-03-03,0.02612610,0.65290439,0.54468602
2022-03-04,-0.00209732,0.65290439,0.56273967
2022-03-05,0.01122595,0.65290439,0.56295601
2022-03-06,0.08853860,0.65290439,0.56423122
2022-03-07,0.09282499,0.65290439,0.56423122
2022-03-08,0.09688733,0.65329330,0.56331521
2022-03-09,0.12469511,0.64679405,0.56047070
2022-03-10,0.12469511,0.64679405,0.56047070
2022-03-11,0.12671563,0.64679405,0.56047070
2022-03-12,0.12671563,0.64679405,0.56047070
2022-03-13,0.12671563,0.64679405,0.56091930
2022-03-14,0.12389752,0.64679405,0.56091930
2022-03-15,0.24373571,0.64656279,0.56088621
2022-03-16,0.24761112,0.64649234,0.56087336
2022-03-17,0.23044796,0.64589095,0.56049617
2022-03-18,0.28890768,0.64432117,0.56048715
2022-03-19,0.24833610,0.64387050,0.56036414
2022-03-20,0.25424079,0.64155352,0.55957451
2022-03-21,0.26412002,0.64692219,0.55957451
2022-03-22,0.26412002,0.64712405,0.55957451
2022-03-23,0.25563464,0.69876162,0.55857943
2022-03-24,0.28887798,0.69496286,0.55681003
2022-03-25,0.28809866,0.69478288,0.55679149
2022-03-26,0.31757323,0.69390829,0.55623361
2022-03-27,0.56530714,0.71073886,0.56848397
2022-03-28,0.56826031,0.69608149,0.56873107
2022-03-29,0.57049552,0.69039399,0.57398910
2022-03-30,0.50007295,0.68962596,0.57012490
2022-03-31,0.57149555,0.68639804,0.57005191
2022-04-01,0.57259459,0.68639804,0.57005191
2022-04-02,0.66033611,0.68816641,0.57005191
2022-04-03,0.66033611,0.68528602,0.57005191
2022-04-04,0.66033611,0.68567180,0.56085858
2022-04-05,0.66033611,0.68599705,0.56085858
2022-04-06,0.66033611,0.68869258,0.56085858
2022-04-07,0.66033611,0.67038536,0.56089418
2022-04-08,0.74678629,0.68785282,0.56115335
2022-04-09,0.74678629,0.69151968,0.56178287
2022-04-10,0.74645678,0.71049106,0.56181474
2022-04-11,0.74645678,0.71165532,0.56181474
2022-04-12,0.74645678,0.72864476,0.56181474
2022-04-13,0.74645678,0.72595294,0.56237566
2022-04-14,0.74854417,0.72338581,0.56312120
2022-04-15,0.74921941,0.72551335,0.56032511
2022-04-16,0.75743585,0.72387434,0.53830841
2022-04-17,0.78662103,0.72576311,0.53386847
2022-04-18,0.79164824,0.72790477,0.51582612
2022-04-19,0.78890348,0.72915560,0.51456964
2022-04-20,0.77529473,0.71917215,0.51401927
2022-04-21,0.77529473,0.43919842,0.51816253
2022-04-22,0.80750906,0.37565317,0.53916144
2022-04-23,0.88163456,0.32931698,0.53816326
2022-04-24,0.88271913,0.34197389,0.53816326
2022-04-25,0.88079426,0.33845026,0.53893643
2022-04-26,0.40788750,0.33700232,0.53802097
2022-04-27,0.19539687,0.32373450,0.53348467
2022-04-28,0.10216035,0.32515692,0.53348467
2022-04-29,-0.05841020,0.32563237,0.53348568
2022-04-30,-0.01511669,0.31940912,0.52922449
2022-05-01,-0.03386595,0.30318253,0.52454025
2022-05-02,-0.03386595,0.30380614,0.52574467
2022-05-03,-0.03386595,0.30993280,0.52574467
2022-05-04,-0.04659490,0.31014493,0.52539842
2022-05-05,0.23597746,0.36483484,0.52936041
2022-05-06,0.23811620,0.36158619,0.52789690
2022-05-07,0.24069278,0.35804281,0.52627496
2022-05-08,0.22593755,0.34179827,0.51555058
2022-05-09,0.16992845,0.25924031,0.46300739
2022-05-10,0.15683524,0.25519882,0.46154042
2022-05-11,0.16455707,0.24644060,0.50056719
2022-05-12,0.16545669,0.24656471,0.50077162
2022-05-13,0.16213746,0.24240396,0.50051086
2022-05-14,0.15276940,0.26867890,0.49911977
2022-05-15,0.16002590,0.27011367,0.49996015
2022-05-16,0.19130881,0.27843138,0.50148560
2022-05-17,0.19130881,0.27854246,0.50272889
2022-05-18,0.19130881,0.26154343,0.50272889
2022-05-19,0.21112978,0.26592788,0.50272889
2022-05-20,0.21539008,0.26917734,0.50272889
2022-05-21,0.21539008,0.26917734,0.50272889
2022-05-22,0.21539008,0.26917734,0.50272889
2022-05-23,0.21539008,0.28996404,0.50272889
2022-05-24,0.21539008,0.29006775,0.50278719
2022-05-25,0.22100547,0.30191121,0.50278719
2022-05-26,0.21776911,0.30274634,0.50297880
2022-05-27,0.23271433,0.30339649,0.50297880
2022-05-28,0.23271433,0.30392964,0.50297880
2022-05-29,0.23355036,0.25636778,0.50297880
2022-05-30,0.21826549,0.27371901,0.50497549
2022-05-31,0.22476375,0.27362966,0.50436061
2022-06-01,0.22162833,0.26891285,0.49905726
2022-06-02,0.21870866,0.26867413,0.49843035
2022-06-03,0.22433110,0.26867413,0.49843035
2022-06-04,0.12467415,0.26867413,0.49843035
2022-06-05,0.12633993,0.26867413,0.49843035
2022-06-06,0.12773294,0.26817354,0.49827674
2022-06-07,0.13369367,0.26908154,0.49668130
2022-06-08,0.17422098,0.25775851,0.49357790
2022-06-09,0.18877392,0.25760986,0.49362398
2022-06-10,0.51258640,0.31442946,0.49648318
2022-06-11,0.53665230,0.32381297,0.49824198
2022-06-12,0.65845797,0.40385170,0.51829501
2022-06-13,0.85738327,0.62310520,0.59624473
2022-06-14,0.85882572,0.62209613,0.59567833
2022-06-15,0.85464790,0.62351764,0.60035036
2022-06-16,0.85464790,0.63241977,0.60116538
2022-06-17,0.85464790,0.63250745,0.60116538
2022-06-18,0.85464790,0.63479163,0.60116538
2022-06-19,0.85464790,0.63479163,0.60124486
2022-06-20,0.85464790,0.63479163,0.60124486
2022-06-21,0.85464790,0.63993060,0.60124486
2022-06-22,0.85464790,0.64901946,0.60124486
2022-06-23,0.85464790,0.64892270,0.60317867
2022-06-24,0.85464790,0.65229078,0.60207703
2022-06-25,0.85464790,0.63486800,0.60205897
2022-06-26,0.85452171,0.63550459,0.60269563
2022-06-27,0.85452171,0.63602131,0.60271321
2022-06-28,0.85419950,0.63329418,0.60258727
2022-06-29,0.85622543,0.63325445,0.61593845
2022-06-30,0.86001043,0.63325445,0.61607413
2022-07-01,0.88864460,0.63325445,0.61607413
2022-07-02,0.89285442,0.63325445,0.61607413
2022-07-03,0.89285442,0.63325445,0.61607413
2022-07-04,0.89311237,0.63414886,0.61635796
2022-07-05,0.89295970,0.63526306,0.62122229
2022-07-06,0.89348592,0.63526306,0.62267783
2022-07-07,0.90040864,0.63473240,0.62243147
2022-07-08,0.91506809,0.63363734,0.62189541
2022-07-09,0.91558776,0.63355132,0.62189541
2022-07-10,0.91280225,0.63546004,0.62416080
2022-07-11,0.97075540,0.64977036,0.63400664
2022-07-12,0.96088589,0.65345673,0.63829120
2022-07-13,0.94740492,0.67195097,0.64511227
2022-07-14,0.93681283,0.67031300,0.64425184
2022-07-15,0.88486995,0.66000011,0.63992394
2022-07-16,0.25497973,0.48463253,0.55879237
2022-07-17,0.24220500,0.48239591,0.55752958
2022-07-18,-0.12671415,0.25676825,0.41678775
2022-07-19,-0.18336748,0.22987850,0.39855382
2022-07-20,-0.16214366,0.23573664,0.40155359
2022-07-21,-0.16214366,0.23573664,0.40155359
2022-07-22,-0.16214366,0.23573664,0.40155359
2022-07-23,-0.16214366,0.23573664,0.40155359
2022-07-24,-0.16702128,0.23373721,0.39962748
2022-07-25,-0.17051080,0.23268480,0.39863053
2022-07-26,-0.17164753,0.23253822,0.39863053
2022-07-27,-0.17164753,0.23253822,0.39863053
2022-07-28,-0.16187427,0.23375048,0.39983378
2022-07-29,-0.16003717,0.23737192,0.39987754
2022-07-30,-0.16003717,0.23730045,0.39987754
2022-07-31,-0.16003717,0.23730045,0.39987754
2022-08-01,-0.16003717,0.23730045,0.39987754
2022-08-02,-0.16003717,0.23718422,0.39987754
2022-08-03,-0.16572099,0.22834371,0.39987754
2022-08-04,-0.18358969,0.22997877,0.40032008
2022-08-05,-0.18353143,0.22969040,0.40024072
2022-08-06,-0.18832897,0.23688657,0.40024072
2022-08-07,-0.19547374,0.28083778,0.40024007
2022-08-08,-0.19612874,0.27878742,0.39927362
2022-08-09,-0.20275888,0.29378891,0.40045997
2022-08-10,-0.34259897,0.29418930,0.40044697
2022-08-11,-0.43309564,0.29365437,0.40044697
2022-08-12,-0.64277876,0.29355835,0.40044697
2022-08-13,-0.66659209,0.29527275,0.40039539
2022-08-14,-0.66820493,0.29152003,0.40039525
2022-08-15,-0.55102434,0.29210898,0.40025015
2022-08-16,-0.54771114,0.29210898,0.40025015
2022-08-17,-0.17757831,0.29210898,0.40026236
2022-08-18,0.31430325,0.29210898,0.40026236
2022-08-19,0.14875216,0.29210898,0.40026236
2022-08-20,0.14875216,0.29210898,0.40026236
2022-08-21,0.14875216,0.29210898,0.40026236
2022-08-22,0.14875216,0.29210898,0.40026236
2022-08-23,0.25820299,0.29210898,0.40026236
2022-08-24,0.40189327,0.29210898,0.40026236
2022-08-25,0.40189327,0.29210898,0.40026236
2022-08-26,0.34791931,0.29205818,0.39847539
2022-08-27,0.01271660,0.29205818,0.39847539
2022-08-28,0.00999268,0.28966449,0.39847539
2022-08-29,0.00232800,0.28935503,0.39842592
2022-08-30,-0.01826176,0.29881517,0.39960009
2022-08-31,-0.01826176,0.29835100,0.39956181
2022-09-01,-0.01826176,0.29835100,0.41387356
2022-09-02,-0.01727918,0.29864909,0.41390176
2022-09-03,-0.01715849,0.29787271,0.41366772
2022-09-04,-0.04856542,0.29867082,0.41368549
2022-09-05,-0.05319371,0.30255751,0.41377715
2022-09-06,0.00571105,0.29988821,0.40129810
2022-09-07,-0.03110482,0.30021547,0.39651179
2022-09-08,-0.03110482,0.28288984,0.39473740
2022-09-09,0.01860811,0.25402936,0.38677869
2022-09-10,-0.00599154,0.21037596,0.38549279
2022-09-11,-0.06072757,-0.14693986,0.38406996
2022-09-12,-0.02381331,-0.14576765,0.37984634
2022-09-13,-0.04223286,-0.14562501,0.37986929
2022-09-14,-0.02982528,-0.14562501,0.37987616
2022-09-15,-0.02982528,-0.14562501,0.37985362
2022-09-16,-0.02982528,-0.14562501,0.36904000
2022-09-17,-0.02982528,-0.14562501,0.37382475
2022-09-18,-0.02982528,-0.14562501,0.37417544
2022-09-19,-0.02982528,-0.14562501,0.37911166
2022-09-20,-0.02982528,-0.14562501,0.37916573
2022-09-21,0.02156260,-0.14055399,0.37796222
2022-09-22,0.02156260,-0.14055399,0.37586707
2022-09-23,0.02156260,-0.14055399,0.37392149
2022-09-24,0.02156260,-0.14084097,0.37404055
2022-09-25,0.01011964,-0.14084097,0.37274791
2022-09-26,0.01290528,-0.14133333,0.37311006
2022-09-27,0.06596220,-0.13548469,0.37300988
2022-09-28,0.06610915,-0.13515177,0.37429153
2022-09-29,0.08219720,-0.13515177,0.36889773
2022-09-30,0.08696257,-0.13498632,0.26901440
2022-10-01,0.08696257,-0.13498632,0.25837893
2022-10-02,0.08514911,-0.13554715,0.24951784
2022-10-03,0.10760276,-0.14200674,0.25165722
2022-10-04,0.10646685,-0.14182537,0.25167209
2022-10-05,0.13247936,-0.13599945,0.25329500
2022-10-06,0.09428082,-0.13555337,0.25306045
2022-10-07,0.14710882,-0.13422849,0.25360386
2022-10-08,0.15766820,-0.14210002,0.25391635
2022-10-09,0.19048539,-0.23759417,0.25582576
2022-10-10,0.21713055,-0.29154530,0.25625227
2022-10-11,0.25682005,-0.39632112,0.25631293
2022-10-12,0.28430052,-0.39479283,0.25866196
2022-10-13,0.31252016,-0.38845437,0.25905003
2022-10-14,0.30033680,-0.27810469,0.26270110
2022-10-15,0.30033680,-0.27623083,0.26235476
2022-10-16,0.30033680,0.05105533,0.26201767
2022-10-17,0.30033680,0.19148245,0.26234076
2022-10-18,0.31500805,0.17162487,0.26366193
2022-10-19,0.31500805,0.17162487,0.26361537
2022-10-20,0.29154545,0.16768065,0.26351959
2022-10-21,0.48909634,0.16383780,0.26342610
2022-10-22,0.48909634,0.18106337,0.26251734
2022-10-23,0.59521896,0.23361168,0.27208932
2022-10-24,0.63363267,0.26915099,0.27597990
2022-10-25,0.58065664,0.25682364,0.27614519
2022-10-26,0.76140623,0.40962514,0.29561861
2022-10-27,0.83022629,0.43574319,0.29702559
2022-10-28,0.83637778,0.43574319,0.29743194
2022-10-29,0.83637778,0.43574319,0.29768907
2022-10-30,0.83913947,0.43574319,0.29768907
2022-10-31,0.82348529,0.43288986,0.29757363
2022-11-01,0.83208664,0.43288986,0.29928471
2022-11-02,0.83069801,0.43288986,0.29930064
2022-11-03,0.83060693,0.44135414,0.30001445
2022-11-04,0.83468144,0.46238548,0.30280856
2022-11-05,0.83309683,0.45429263,0.30171430
2022-11-06,0.84587961,0.46611763,0.30240202
2022-11-07,0.84387031,0.46611763,0.29427505
2022-11-08,0.84196938,0.46621076,0.29677948
2022-11-09,0.83981353,0.46621076,0.29689447
2022-11-10,0.83896541,0.46621076,0.29903212
2022-11-11,0.84086783,0.46676144,0.29903212
2022-11-12,0.84188555,0.46673648,0.29903212
2022-11-13,0.86013899,0.47385547,0.29903212
2022-11-14,0.86013899,0.47385547,0.29903212
2022-11-15,0.86013899,0.47385547,0.29903212
2022-11-16,0.86013899,0.47385547,0.30062405
2022-11-17,0.85638729,0.47385547,0.30062405
2022-11-18,0.85638729,0.47385547,0.30062405
2022-11-19,0.86753052,0.47385547,0.30062405
2022-11-20,0.88022075,0.47385547,0.30062405
2022-11-21,0.88022075,0.47385547,0.30062405
2022-11-22,0.87019014,0.47385547,0.30057436
2022-11-23,0.85619415,0.47385547,0.30054037
2022-11-24,0.89537067,0.47852586,0.30091830
2022-11-25,0.77313899,0.47852586,0.29988125
2022-11-26,0.57374819,0.47556603,0.29954708
2022-11-27,0.57374819,0.47604986,0.29969094
2022-11-28,0.57374819,0.48311336,0.29969094
2022-11-29,0.57374819,0.48311336,0.29969094
2022-11-30,0.54770142,0.47722372,0.29985493
2022-12-01,0.45966096,0.47286310,0.30090090
2022-12-02,0.42867840,0.47002478,0.30082912
2022-12-03,0.34066522,0.45677661,0.29977920
2022-12-04,-0.08724409,0.45132054,0.28118424
2022-12-05,0.04498847,0.45604746,0.28052664
2022-12-06,0.01127475,0.47501914,0.28054619
2022-12-07,-0.02839562,0.46800969,0.27793354
2022-12-08,0.05718984,0.52361058,0.27880990
2022-12-09,0.05379384,0.53476238,0.27885405
2022-12-10,0.05379384,0.54989783,0.27885405
2022-12-11,0.05645239,0.58293251,0.27882647
2022-12-12,0.06720144,0.59177688,0.27908431
2022-12-13,0.05878727,0.57287474,0.27800230
2022-12-14,0.06107936,0.57035301,0.27775224
2022-12-15,0.06107936,0.57035301,0.27775224
2022-12-16,0.62069405,0.65145382,0.29544303
2022-12-17,0.63748014,0.65526464,0.29694586
2022-12-18,0.63595057,0.65489572,0.29684289
2022-12-19,0.60353517,0.64447153,0.29558621
2022-12-20,0.55699538,0.67541519,0.29422888
2022-12-21,0.55610937,0.67521968,0.29417530
2022-12-22,0.55585419,0.67500982,0.29440073
2022-12-23,0.55616388,0.67500494,0.29442791
2022-12-24,0.55623866,0.67501296,0.29443363
2022-12-25,0.55260066,0.67566873,0.29435423
2022-12-26,0.55991649,0.69825982,0.29440482
2022-12-27,0.53560610,0.69078648,0.29342422
2022-12-28,0.49865263,0.67579542,0.29170265
2022-12-29,0.49778306,0.67504140,0.29174936
2022-12-30,0.50726036,0.67497912,0.29174755
2022-12-31,0.51811339,0.67963370,0.29168307
2023-01-01,0.52569398,0.67666550,0.29172404
2023-01-02,0.55801956,0.67676295,0.29199077
2023-01-03,0.57313732,0.67371180,0.29244913
2023-01-04,0.50107345,0.65536270,0.29032861
2023-01-05,0.49922350,0.65978918,0.29038298
2023-01-06,0.54605582,0.66107491,0.29091311
2023-01-07,0.53607221,0.65665659,0.29283209
2023-01-08,0.49619085,0.63567995,0.29230265
2023-01-09,0.49590931,0.63336454,0.29205320
2023-01-10,0.49232850,0.62908995,0.29165185
2023-01-11,0.52547765,0.64125811,0.29626669
2023-01-12,0.29483937,0.49911484,0.27954655
2023-01-13,0.20126937,0.41805391,0.27204008
2023-01-14,0.29531652,0.45548648,0.28356415
2023-01-15,0.16042274,0.45546173,0.28753987
2023-01-16,0.11507411,0.43878410,0.31371780
2023-01-17,0.13051160,0.44030420,0.31521541
2023-01-18,0.14906260,0.44101197,0.32303078
2023-01-19,0.14117677,0.44201171,0.32308937
2023-01-20,0.14315859,0.44201171,0.32314830
2023-01-21,0.23132218,0.45266951,0.33029332
2023-01-22,0.23037311,0.43842746,0.33084217
2023-01-23,0.23018783,0.44744917,0.32904825
2023-01-24,0.23087648,0.37169947,0.32904825
2023-01-25,0.22540002,0.34434951,0.32886981
2023-01-26,0.24439542,0.34430393,0.32888824
2023-01-27,0.27478486,0.34134587,0.32843235
2023-01-28,0.27182511,0.34134587,0.32843235
2023-01-29,0.27288327,0.34242617,0.32846199
2023-01-30,0.27821771,0.34229185,0.32847012
2023-01-31,0.27652146,0.34229185,0.32847012
2023-02-01,0.27542167,0.34229185,0.32847012
2023-02-02,0.27365553,0.32520927,0.32847012
2023-02-03,0.34461000,0.33185413,0.32847012
2023-02-04,0.34534302,0.32847172,0.32851083
2023-02-05,0.34821296,0.32847172,0.32851083
2023-02-06,0.34580059,0.32847172,0.32629881
2023-02-07,0.39853736,0.32847172,0.32662407
2023-02-08,0.43860088,0.32847172,0.33109947
2023-02-09,0.46046360,0.32847172,0.33145886
2023-02-10,0.42405030,0.32847172,0.33145886
2023-02-11,0.56259465,0.32847172,0.33145886
2023-02-12,0.73990689,0.32847172,0.33145886
2023-02-13,0.37851843,0.32847172,0.33164422
2023-02-14,0.33351496,0.32659200,0.33285592
2023-02-15,0.94468360,0.54011160,0.38206288
2023-02-16,0.95161808,0.54012286,0.38211976
2023-02-17,0.90127844,0.52982342,0.36978374
2023-02-18,0.90105931,0.52989560,0.36159813
2023-02-19,0.88656902,0.52809339,0.33953657
2023-02-20,0.88112356,0.52798381,0.20072127
2023-02-21,0.88103128,0.52795400,0.20104760
2023-02-22,0.88103128,0.52795400,0.20038487
2023-02-23,0.88103128,0.52795400,0.20038487
2023-02-24,0.88296236,0.52946254,0.20038487
2023-02-25,0.88300321,0.52946254,0.20038487
2023-02-26,0.89399027,0.52946254,0.20038487
2023-02-27,0.89341983,0.52933395,0.20040416
2023-02-28,0.89365861,0.53404068,0.20040416
2023-03-01,0.89823326,0.54005514,0.20146064
2023-03-02,0.89823326,0.54080157,0.20146064
2023-03-03,0.89823326,0.55356884,0.20146064
2023-03-04,0.89823326,0.55904935,0.20146064
2023-03-05,0.89806943,0.56058198,0.20146063
2023-03-06,0.90546603,0.55963778,0.20146063
2023-03-07,0.90546603,0.56400012,0.20143720
2023-03-08,0.90546603,0.56340025,0.20143720
2023-03-09,0.90546603,0.56375650,0.20143720
2023-03-10,0.90546603,0.56375650,0.20143720
2023-03-11,0.90546603,0.56389343,0.20143720
2023-03-12,0.90260778,0.56251170,0.20123943
2023-03-13,0.37515120,0.35680656,0.14286396
2023-03-14,0.32375026,0.33061793,0.13066595
2023-03-15,0.31992031,0.32927949,0.13051888
2023-03-16,0.31810903,0.27611776,0.12911744
2023-03-17,-0.42967264,0.23358349,0.11713010
2023-03-18,-0.39288146,0.24112659,0.11947336
2023-03-19,-0.38002100,0.24275568,0.11459152
2023-03-20,-0.38510356,0.24571870,0.08467968
2023-03-21,-0.42583622,0.24622109,0.06928533
2023-03-22,-0.42667394,0.24517494,0.04264536
2023-03-23,-0.42608040,0.24487846,0.04260179
2023-03-24,-0.42608040,0.24481939,0.04617477
2023-03-25,-0.42608040,0.24534823,0.10927311
2023-03-26,-0.42608040,0.24448824,0.11002451
2023-03-27,-0.42608040,0.25084508,0.28304321
2023-03-28,-0.41700439,0.26180382,0.31254926
2023-03-29,-0.41589965,0.26088161,0.30757826
2023-03-30,-0.36925857,0.26511709,0.30905331
2023-03-31,-0.41225958,0.26389133,0.30852079
2023-04-01,-0.41196027,0.26344498,0.30853855
2023-04-02,-0.37711776,0.26387519,0.31207575
2023-04-03,-0.37711776,0.26332211,0.31279419
2023-04-04,-0.37631458,0.28552508,0.31279419
2023-04-05,-0.37631458,0.28481575,0.31279419
2023-04-06,-0.37631458,0.28530007,0.30942428
2023-04-07,-0.37631458,0.28460489,0.30955991
2023-04-08,-0.37631458,0.29886058,0.30955991
2023-04-09,-0.37650655,0.30738484,0.30954903
2023-04-10,-0.22900332,0.33133562,0.31721490
2023-04-11,-0.22679789,0.31796612,0.31560494
2023-04-12,0.20530287,0.35021489,0.31890484
2023-04-13,0.19758757,0.33797070,0.31300960
2023-04-14,0.11121543,0.25485700,0.30644091
2023-04-15,0.12059800,0.25557902,0.30656395
2023-04-16,0.20107970,0.25544895,0.30362904
2023-04-17,0.16446586,0.25421406,0.30660419
2023-04-18,0.21536534,0.25448637,0.30660419
2023-04-19,0.22631377,0.25448637,0.30647556
2023-04-20,0.22631377,0.25448637,0.30647556
2023-04-21,0.22631377,0.23102228,0.30647556
2023-04-22,0.22631377,0.23102228,0.30669162
2023-04-23,0.22631377,0.23102228,0.30656376
2023-04-24,0.22631377,0.23102228,0.30725895
2023-04-25,0.22631377,0.23105029,0.30725895
2023-04-26,0.27194903,0.23947716,0.31027200
2023-04-27,0.25181040,0.23725029,0.30762024
2023-04-28,0.25181040,0.23725029,0.30762024
2023-04-29,0.23661915,0.23702078,0.30762024
2023-04-30,0.24951454,0.23943120,0.30854165
2023-05-01,0.24955679,0.23943120,0.30854165
2023-05-02,0.25729493,0.23943120,0.30854165
2023-05-03,0.25729493,0.23943120,0.30854165
2023-05-04,0.25729493,0.23943120,0.30854165
2023-05-05,0.09002282,0.18580433,0.28605645
2023-05-06,0.16605638,0.19832376,0.28966928
2023-05-07,0.16605638,0.19832376,0.28966928
2023-05-08,0.16605638,0.19832376,0.28959098
2023-05-09,0.16590720,0.19832376,0.29044422
2023-05-10,0.10064982,0.19832376,0.29044422
2023-05-11,0.14017708,0.19832376,0.29044422
2023-05-12,0.09275798,0.19832376,0.29052989
2023-05-13,0.07023762,0.19832376,0.29054760
2023-05-14,0.03729243,0.19832376,0.29056088
2023-05-15,0.04418652,0.19969061,0.29060458
2023-05-16,0.07488419,-0.07475253,0.29241516
2023-05-17,0.08053544,-0.07611203,0.29380741
2023-05-18,0.07340909,-0.08308926,0.29330160
2023-05-19,0.07340909,-0.08321580,0.29725521
2023-05-20,0.07340909,-0.08536474,0.29856471
2023-05-21,0.07340909,-0.08545837,0.30100429
2023-05-22,0.06398322,-0.08461483,0.30274810
2023-05-23,0.07909938,-0.08517069,0.30246929
2023-05-24,-0.05295511,-0.10054856,0.29393833
2023-05-25,-0.05804152,-0.10075827,0.29345167
2023-05-26,-0.09651031,-0.10075827,0.29345167
2023-05-27,-0.10791636,-0.10075827,0.29345167
2023-05-28,0.28473515,-0.01924878,0.31335752
2023-05-29,0.28948321,-0.01637025,0.31403254
2023-05-30,0.28316116,-0.02185602,0.31384343
2023-05-31,0.27969626,-0.02167428,0.32338406
2023-06-01,0.26574255,-0.02258748,0.32235793
2023-06-02,0.26160752,-0.02275836,0.32205991
2023-06-03,0.26160752,-0.02270788,0.32205991
2023-06-04,0.48155113,-0.02270788,0.32205991
2023-06-05,0.44861297,-0.02175656,0.32006760
2023-06-06,0.37623199,-0.02208217,0.31528248
2023-06-07,0.37623199,-0.02208217,0.31532575
2023-06-08,0.37623199,-0.02208217,0.31532575
2023-06-09,0.37616136,-0.02210131,0.31527628
2023-06-10,0.41139129,-0.00966902,0.31817091
2023-06-11,0.40864950,0.13034007,0.31822396
2023-06-12,0.40638527,0.16233303,0.31646675
2023-06-13,0.39813884,0.16297496,0.31637042
2023-06-14,0.47230052,0.19333568,0.32143331
2023-06-15,0.47254852,0.26590459,0.32351767
2023-06-16,0.44456255,0.25075176,0.32166698
2023-06-17,0.45060872,0.27027279,0.32120094
2023-06-18,0.45060872,0.27764922,0.31862256
2023-06-19,0.46727730,0.28537557,0.31862151
2023-06-20,0.42626635,0.26952193,0.31538181
2023-06-21,0.62537955,0.41418039,0.35444778
2023-06-22,0.64249200,0.41733760,0.35528208
2023-06-23,0.69875845,0.41568656,0.35576675
2023-06-24,0.70432729,0.41568656,0.35576675
2023-06-25,0.70432729,0.41568656,0.35576675
2023-06-26,0.70432729,0.41588622,0.35576675
2023-06-27,0.65419635,0.41568733,0.35419198
2023-06-28,0.65121178,0.41258344,0.35424573
2023-06-29,0.65432126,0.41350484,0.35450236
2023-06-30,0.64744185,0.41188168,0.35436735
2023-07-01,0.65662211,0.41376044,0.35436735
2023-07-02,0.66076313,0.41376044,0.35028691
2023-07-03,0.66008069,0.41296721,0.34526833
2023-07-04,0.65146979,0.41086828,0.34782014
2023-07-05,0.67804645,0.41086828,0.32465834
2023-07-06,0.73862558,0.41038988,0.31664928
2023-07-07,0.73862558,0.41038988,0.31664928
2023-07-08,0.73862558,0.41038203,0.31664928
2023-07-09,0.73886016,0.40198429,0.31664928
2023-07-10,0.75082668,0.41370934,0.31817716
2023-07-11,0.75084480,0.40591027,0.31817716
2023-07-12,0.75636200,0.41935242,0.31817716
2023-07-13,0.67280925,0.45314792,0.31947942
2023-07-14,0.69693142,0.48846271,0.32944637
2023-07-15,0.69339569,0.49539441,0.33116379
2023-07-16,0.71707624,0.49644038,0.33033359
2023-07-17,0.71773089,0.49644038,0.33033359
2023-07-18,0.71773089,0.49644038,0.33033359
2023-07-19,0.71269875,0.49644038,0.33033359
2023-07-20,0.82683263,0.49644038,0.33033359
2023-07-21,0.72791379,0.49644038,0.33033359
2023-07-22,0.72406716,0.49644038,0.33033359
2023-07-23,0.74442596,0.49616041,0.33028022
2023-07-24,0.74442596,0.49616041,0.33028022
2023-07-25,0.74442596,0.49059026,0.33028022
2023-07-26,0.74442596,0.50450328,0.33028022
2023-07-27,0.75122537,0.50450328,0.33028022
2023-07-28,0.75850806,0.50395521,0.33019272
2023-07-29,0.75850806,0.50227956,0.33019272
2023-07-30,0.78331756,0.50227956,0.33019272
2023-07-31,0.78331756,0.50227956,0.33019272
2023-08-01,0.78372380,0.50227406,0.33019114
2023-08-02,0.79667448,0.50092899,0.32997540
2023-08-03,0.84090843,0.58419350,0.32997540
2023-08-04,0.84090843,0.60928536,0.32997540
2023-08-05,0.85090577,0.60928536,0.33053860
2023-08-06,0.85090577,0.60928536,0.33053860
2023-08-07,0.85090577,0.60928536,0.33053860
2023-08-08,0.84115193,0.60811694,0.33056584
2023-08-09,0.83932716,0.60811694,0.33205847
2023-08-10,0.83932716,0.60811694,0.33314219
2023-08-11,0.83932716,0.60811694,0.33332799
2023-08-12,0.91307632,0.60811694,0.33711266
2023-08-13,-0.06024351,0.60866706,0.33837568
2023-08-14,-0.07103773,0.60522089,0.33884897
2023-08-15,-0.07103773,0.60686978,0.33834703
2023-08-16,-0.07103773,0.61014599,0.33941365
2023-08-17,0.91927227,0.63408596,0.35046482
2023-08-18,0.93059539,0.63818744,0.35284802
2023-08-19,0.86434545,0.63662692,0.35299956
2023-08-20,0.86198684,0.63691127,0.35301819
2023-08-21,0.85564706,0.64300060,0.35366510
2023-08-22,0.81279584,0.68413071,0.35665495
2023-08-23,0.81279584,0.68745776,0.35683870
2023-08-24,0.81279584,0.68745776,0.35683870
2023-08-25,0.81411449,0.68794356,0.33560232
2023-08-26,0.80163661,0.64969647,0.33327976
2023-08-27,0.80096832,0.64785502,0.33346364
2023-08-28,0.76597316,0.64395300,0.33493033
2023-08-29,0.76597316,0.64514377,0.33993835
2023-08-30,0.76597316,0.65179279,0.34004951
2023-08-31,0.65402973,0.63776683,0.33650182
2023-09-01,0.64880300,0.63493243,0.33572569
2023-09-02,0.64664992,0.63452615,0.33576855
2023-09-03,0.64643494,0.65531874,0.33593318
2023-09-04,0.64446228,0.69343594,0.33580453
2023-09-05,0.63921256,0.69237045,0.33817650
2023-09-06,0.63921256,0.69237045,0.34208960
2023-09-07,0.64529706,0.69241085,0.34211173
2023-09-08,0.65650784,0.69062461,0.34327928
2023-09-09,0.65649997,0.69138636,0.34342356
2023-09-10,0.63678643,0.68819221,0.34231529
2023-09-11,0.59180929,0.67231861,0.34055026
2023-09-12,0.60622667,0.66167772,0.34202538
2023-09-13,0.60759166,0.65887932,0.35012213
2023-09-14,0.60759166,0.67565987,0.35006837
2023-09-15,0.60913876,0.67616883,0.34964140
2023-09-16,0.56020181,0.67569555,0.34961745
2023-09-17,0.65305636,0.67196887,0.35438169
2023-09-18,0.66747747,0.74635782,0.35606377
2023-09-19,0.66641029,0.64275635,0.35712006
2023-09-20,0.64910558,0.63897225,0.34966163
2023-09-21,0.59063800,0.64691667,0.36558930
2023-09-22,0.57835402,0.64492083,0.37637849
2023-09-23,0.57760318,0.64484665,0.35369187
2023-09-24,0.57092238,0.64228812,0.35304170
2023-09-25,0.59573080,0.64637318,0.35839902
2023-09-26,0.61055380,0.64918580,0.35822712
2023-09-27,0.62920979,0.64048840,0.35771703
2023-09-28,0.61635283,0.64665326,0.35761699
2023-09-29,0.61758994,0.64493199,0.35702247
2023-09-30,0.65673779,0.64502937,0.34795199
2023-10-01,0.66101524,0.65014449,0.34763525
2023-10-02,0.65617498,0.66305279,0.34762734
2023-10-03,0.65560309,0.66305279,0.34762734
2023-10-04,0.65406772,0.66649852,0.34770602
2023-10-05,0.66684127,0.66649852,0.34772728
2023-10-06,0.65056948,0.66334232,0.34843364
2023-10-07,0.65056948,0.66334232,0.34843364
2023-10-08,0.64444701,0.66018894,0.34840443
2023-10-09,0.64371975,0.65887388,0.34837473
2023-10-10,0.67501278,0.65742140,0.34787464
2023-10-11,0.38595600,0.65190723,0.34786213
2023-10-12,0.23984980,0.53669912,0.34602176
2023-10-13,0.20766597,0.52757700,0.34553709
2023-10-14,0.20766597,0.52757700,0.34578473
2023-10-15,0.12332245,0.52258169,0.34565305
2023-10-16,-0.19377538,0.24814209,0.32220763
2023-10-17,-0.18220266,0.24743323,0.32215521
2023-10-18,-0.17937279,0.24751181,0.32220098
2023-10-19,-0.16605354,0.24650899,0.32209188
2023-10-20,-0.16561204,0.24646000,0.32209118
2023-10-21,-0.17066282,0.23877708,0.32101622
2023-10-22,-0.18004963,0.23782451,0.32084888
2023-10-23,-0.38468065,0.01435657,0.27358269
2023-10-24,-0.38196780,0.01353662,0.27304249
2023-10-25,-0.40262536,0.01353662,0.15755196
2023-10-26,-0.40262536,0.01300160,0.15724381
2023-10-27,-0.41777710,0.01300160,0.15648277
2023-10-28,-0.42430925,0.01300160,0.15644939
2023-10-29,-0.42317889,0.01287720,0.15655083
2023-10-30,-0.39929234,0.01891108,0.15764362
2023-10-31,-0.39785644,0.01822832,0.15765129
2023-11-01,-0.39408478,0.01821503,0.15748096
2023-11-02,-0.37689241,0.01896341,0.15727851
2023-11-03,-0.37689241,0.01896341,0.15727851
2023-11-04,-0.37689241,0.01896341,0.15727851
2023-11-05,-0.37437098,0.01949455,0.15730486
2023-11-06,-0.37437098,0.01910274,0.15733605
2023-11-07,-0.36948859,0.02068091,0.15762569
2023-11-08,-0.36945207,0.02059365,0.15602274
2023-11-09,-0.08294613,0.09638438,0.15099679
2023-11-10,-0.07811411,0.09632896,0.15079832
2023-11-11,-0.07311258,0.09650457,0.15084903
2023-11-12,-0.07488527,0.09627503,0.15091318
2023-11-13,-0.07628376,0.09579949,0.15061695
2023-11-14,-0.07425126,0.09579949,0.15061695
2023-11-15,-0.00927806,0.03170694,0.15061695
2023-11-16,-0.00896711,0.01539794,0.15069815
2023-11-17,-0.00852154,0.01360358,0.15069815
2023-11-18,-0.00699593,0.01325542,0.15069815
2023-11-19,-0.00399266,0.00804729,0.15087152
2023-11-20,0.04755779,0.00120188,0.22816479
2023-11-21,0.04248618,0.00120188,0.24246845
2023-11-22,0.71758268,0.00120188,0.24310694
2023-11-23,0.71852604,-0.00173882,0.24604299
2023-11-24,0.68980817,-0.00057724,0.28727616
2023-11-25,0.68980817,-0.00067470,0.28424957
2023-11-26,0.68919151,0.00127738,0.29390115
2023-11-27,0.68919151,0.00127738,0.29695173
2023-11-28,0.69343996,0.00127738,0.29695173
2023-11-29,0.69316254,0.00177244,0.29695173
2023-11-30,0.69316254,0.00197538,0.29695173
2023-12-01,0.74308335,0.00182017,0.29691812
2023-12-02,0.75209550,0.00183439,0.29691812
2023-12-03,0.75209550,0.00189831,0.29691812
2023-12-04,0.62724379,0.00874597,0.29808310
2023-12-05,0.51314063,0.02004316,0.30061447
2023-12-06,0.51314063,0.02004316,0.30061447
2023-12-07,0.51247228,0.01329435,0.29894457
2023-12-08,0.51242995,0.01333933,0.29912287
2023-12-09,0.42459283,0.01553053,0.29832493
2023-12-10,0.51878449,-0.01257512,0.29888038
2023-12-11,0.56636751,-0.02215654,0.29888038
2023-12-12,0.57295386,-0.02215654,0.29888038
2023-12-13,0.60703069,-0.02215654,0.29888038
2023-12-14,0.59836104,-0.02316420,0.29882363
2023-12-15,0.59836104,-0.02333006,0.29882363
2023-12-16,0.61320810,-0.02333006,0.29882363
2023-12-17,0.61320810,-0.02360594,0.29881645
2023-12-18,0.61320810,-0.02360594,0.29434743
2023-12-19,0.57826306,-0.02310641,0.29851835
2023-12-20,0.50648421,-0.02294836,0.29426458
2023-12-21,0.50648421,-0.02317869,0.29752924
2023-12-22,0.43548958,-0.02265589,0.30323050
2023-12-23,0.43548958,-0.02175885,0.30330753
2023-12-24,0.45789907,-0.02674920,0.30611278
2023-12-25,0.45789907,-0.02674920,0.30636739
2023-12-26,0.45826923,-0.02745295,0.30636739
2023-12-27,0.49113943,-0.01870384,0.30771886
2023-12-28,0.48769398,-0.01821828,0.30764107
2023-12-29,0.48769398,-0.01814129,0.30764107
2023-12-30,0.48769398,-0.01797567,0.30764107
2023-12-31,0.49213738,-0.01787012,0.30764107
2024-01-01,0.25476943,-0.02636542,0.30021744
2024-01-02,0.14911601,-0.03616626,0.29421301
2024-01-03,0.10059483,-0.03592634,0.29015602
2024-01-04,-0.08302199,-0.03654268,0.29505045
2024-01-05,-0.08302199,-0.03654268,0.29505045
2024-01-06,-0.08302199,-0.03654268,0.29505045
2024-01-07,-0.08857239,-0.03596797,0.29383394
2024-01-08,0.67533131,0.08875391,0.32471409
2024-01-09,0.61022164,0.08668251,0.32088778
2024-01-10,0.48732611,0.08499082,0.31787341
2024-01-11,0.47723596,0.08371899,0.31756824
2024-01-12,0.47723596,0.08371899,0.34484122
2024-01-13,0.47739215,0.08429010,0.33917824
2024-01-14,0.47739215,0.15613987,0.33917824
2024-01-15,0.47739215,0.15618274,0.33917824
2024-01-16,0.47739215,0.15615337,0.33917824
2024-01-17,0.47739215,0.15624900,0.33917824
2024-01-18,0.47886561,0.15647996,0.33917824
2024-01-19,0.47886561,0.16203599,0.33917824
2024-01-20,0.47886561,0.16199128,0.33917824
2024-01-21,0.48921565,0.31538142,0.33917824
2024-01-22,0.48921565,0.31722686,0.33900562
2024-01-23,0.48921565,0.31722686,0.33712707
2024-01-24,0.48921565,0.31722686,0.33749005
2024-01-25,0.48921565,0.31722686,0.33826247
2024-01-26,0.48612883,0.31433991,0.33759357
2024-01-27,0.48780157,0.31421963,0.33756708
2024-01-28,0.48838389,0.31253373,0.33802786
2024-01-29,0.48325121,0.31075295,0.33766716
2024-01-30,0.48343235,0.31206611,0.33846308
2024-01-31,0.57013615,0.31492154,0.35370691
2024-02-01,0.65570244,0.31492154,0.35450424
2024-02-02,0.64190073,0.31481231,0.35432219
2024-02-03,0.64190073,0.31510174,0.35432219
2024-02-04,0.64190073,0.31510174,0.32443425
2024-02-05,0.64024325,0.31391623,0.32336839
2024-02-06,0.60637883,0.30344990,0.32035845
2024-02-07,0.21583395,0.45095330,0.32639254
2024-02-08,0.14043435,0.44224410,0.32317158
2024-02-09,0.65564135,0.55129751,0.34460771
2024-02-10,0.68153808,0.55501158,0.34531129
2024-02-11,0.67820063,0.56093205,0.34519526
2024-02-12,0.74274545,0.62393555,0.38832128
2024-02-13,0.74198491,0.62729226,0.39976622
2024-02-14,0.73462090,0.63199720,0.41409475
2024-02-15,0.71968937,0.62469155,0.41329237
2024-02-16,0.70944943,0.61862078,0.41172533
2024-02-17,0.66178869,0.59712026,0.40221677
2024-02-18,0.66189573,0.59261176,0.40219955
2024-02-19,0.62116068,0.56728071,0.39657481
2024-02-20,0.63632480,0.57482888,0.40133837
2024-02-21,0.63632480,0.57482888,0.39333226
2024-02-22,0.63632480,0.57519820,0.39150797
2024-02-23,0.63632480,0.57519820,0.39372306
2024-02-24,0.63648873,0.57522499,0.39376951
2024-02-25,0.58579704,0.53525615,0.38565970
2024-02-26,0.40940093,0.44115096,0.35167703
2024-02-27,0.42111573,0.46304950,0.37251408
2024-02-28,0.52078522,0.54585712,0.36546930
2024-02-29,0.53914125,0.55476542,0.36842339
2024-03-01,0.53953591,0.56242606,0.37715987
2024-03-02,0.54315515,0.56355424,0.37766824
2024-03-03,0.52340050,0.54966325,0.37205549
2024-03-04,0.46371823,0.51450306,0.35661616
2024-03-05,0.39676707,0.45544482,0.32782442
2024-03-06,0.39790474,0.45544482,0.32783977
2024-03-07,0.39981372,0.45544482,0.32783977
2024-03-08,0.40509565,0.45747413,0.32805107
2024-03-09,0.41880156,0.45747413,0.32805107
2024-03-10,0.40189281,0.45768142,0.32808869
2024-03-11,0.40146095,0.45637480,0.32792058
2024-03-12,0.40520466,0.45637480,0.32828837
2024-03-13,0.37923400,0.45621411,0.32828837
2024-03-14,0.36684356,0.45621411,0.32830765
2024-03-15,0.37772436,0.45621411,0.32830765
2024-03-16,0.38981584,0.45621411,0.32830765
2024-03-17,0.39403609,0.45621411,0.32830765
2024-03-18,0.39407127,0.45598067,0.32700521
2024-03-19,0.39383519,0.45598067,0.32700521
2024-03-20,0.42872068,0.45598067,0.32700521
2024-03-21,0.41838252,0.45690101,0.32280803
2024-03-22,0.41838252,0.45690101,0.30476375
2024-03-23,0.41838252,0.45690101,0.30476375
2024-03-24,0.41395487,0.45477191,0.30389332
2024-03-25,0.41839688,0.46066145,0.30969228
2024-03-26,0.52515706,0.45997323,0.30972840
2024-03-27,0.61996736,0.45982023,0.30972840
2024-03-28,0.58846345,0.45982023,0.30972840
2024-03-29,0.23798130,0.45982023,0.30972840
2024-03-30,0.17074324,0.45982023,0.30972840
2024-03-31,0.07315219,0.47090540,0.30968333
2024-04-01,0.06002910,0.48062450,0.30968333
2024-04-02,0.11500967,0.48026435,0.30968333
2024-04-03,-0.31135183,0.48026435,0.30968333
2024-04-04,0.79162676,0.48026435,0.30968333
2024-04-05,0.76734839,0.48069663,0.30964787
2024-04-06,0.76734839,0.48047943,0.30964787
2024-04-07,0.74970397,0.44609876,0.30946770
2024-04-08,0.60769137,0.44310749,0.30980999
2024-04-09,0.60989037,0.45710340,0.30979792
2024-04-10,0.64970914,0.45858438,0.30975602
2024-04-11,0.64233583,0.45894488,0.30979598
2024-04-12,0.64233583,0.45894488,0.30979598
2024-04-13,0.64233583,0.45894488,0.30979598
2024-04-14,0.64233583,0.45894488,0.30979598
2024-04-15,0.64233583,0.45894488,0.30979598
2024-04-16,0.64233583,0.45894488,0.30976038
2024-04-17,0.64233583,0.45894488,0.30976038
2024-04-18,0.64233583,0.45894488,0.30976038
2024-04-19,0.64233583,0.45894488,0.30976038
2024-04-20,0.64233583,0.45894488,0.30976038
2024-04-21,0.64233583,0.45894488,0.30976038
2024-04-22,0.64110710,0.45924802,0.30976653
2024-04-23,0.73176111,0.45924802,0.30976653
2024-04-24,0.51484160,0.45929664,0.30983274
2024-04-25,0.54193634,0.46094582,0.29648072
2024-04-26,0.54193634,0.46070747,0.29392285
2024-04-27,0.51972067,0.45999753,0.29365137
2024-04-28,0.51972067,0.46121044,0.29359720
2024-04-29,0.51972067,0.46113234,0.29221574
2024-04-30,0.49754267,0.45988124,0.28915291
2024-05-01,0.49754267,0.45988124,0.28915291
2024-05-02,0.49754267,0.46038182,0.28915291
2024-05-03,0.49754267,0.46038182,0.28848396
2024-05-04,0.47854682,0.46027696,0.28885644
2024-05-05,0.58768479,0.46063562,0.28880995
2024-05-06,0.60293901,0.46556976,0.29033127
2024-05-07,0.60684737,0.46429155,0.29033127
2024-05-08,0.10548049,0.47261165,0.29033127
2024-05-09,0.10548049,0.44750678,0.29289828
2024-05-10,0.08952091,0.44735456,0.29352044
2024-05-11,0.20916954,0.44822649,0.29345096
2024-05-12,0.20916954,0.41556691,0.29347391
2024-05-13,0.20916954,0.40908300,0.29360227
2024-05-14,0.20916954,0.40927201,0.29355310
2024-05-15,0.20916954,0.41653888,0.29355310
2024-05-16,0.20916954,0.42138276,0.29355310
2024-05-17,0.48323717,0.42411866,0.29289021
2024-05-18,0.48323717,0.42417974,0.29290017
2024-05-19,0.48323717,0.44910015,0.29384452
2024-05-20,0.90397270,0.43466483,0.29794757
2024-05-21,0.77065646,0.42619002,0.29382673
2024-05-22,0.79600614,0.42619002,0.29382673
2024-05-23,0.79170248,0.42611278,0.29390295
2024-05-24,0.79597741,0.42596259,0.29356308
2024-05-25,0.79597741,0.48203866,0.29348800
2024-05-26,0.79186671,0.55053678,0.29356495
2024-05-27,0.74245884,0.50555652,0.29301943
2024-05-28,0.74245884,0.24604756,0.29301943
2024-05-29,0.74245884,0.21321990,0.29301943
2024-05-30,0.74770772,0.15023401,0.29324183
2024-05-31,0.74770772,0.14625943,0.29316264
2024-06-01,0.74770772,0.17220116,0.29314702
2024-06-02,0.74770772,0.06563159,0.29382090
2024-06-03,0.64382509,0.55764348,0.29363843
2024-06-04,0.63611138,0.55550888,0.29368189
2024-06-05,0.61841816,0.54996620,0.29390807
2024-06-06,0.61841816,0.54996620,0.29385445
2024-06-07,0.61841816,0.54996620,0.29440663
2024-06-08,0.61841816,0.55349344,0.29448890
2024-06-09,0.61841816,0.57311848,0.29480374
2024-06-10,0.61841816,0.57311848,0.29488052
2024-06-11,0.61841816,0.57311848,0.29488052
2024-06-12,0.61841816,0.57311848,0.29488052
2024-06-13,0.61841816,0.57311848,0.29488052
2024-06-14,0.61841816,0.57311848,0.29484744
2024-06-15,0.61841816,0.57311848,0.29484744
2024-06-16,0.59901123,0.56999948,0.29491311
2024-06-17,0.59581341,0.56885781,0.29541829
2024-06-18,0.59581341,0.56885781,0.29588885
2024-06-19,-0.08609745,0.56885781,0.29590516
2024-06-20,0.08403822,0.56885781,0.29747384
2024-06-21,0.08403822,0.56885781,0.29761332
2024-06-22,0.09471951,0.61029833,0.29761332
2024-06-23,0.09471951,0.56226419,0.29791442
2024-06-24,0.09471951,0.57646668,0.32719672
2024-06-25,0.10548863,0.57646668,0.32722564
2024-06-26,0.25739218,0.57646668,0.32718249
2024-06-27,0.25739218,0.57646668,0.32726443
2024-06-28,0.25739218,0.57646668,0.32732543
2024-06-29,0.25739218,0.57646668,0.32889463
2024-06-30,0.16977721,0.53761775,0.32882817
2024-07-01,0.17728721,0.53427648,0.38338124
2024-07-02,0.09271512,0.47451889,0.38398754
2024-07-03,0.01522443,0.30997899,0.37832179
2024-07-04,0.06046468,0.20301001,0.36546173
2024-07-05,0.06572345,0.18882667,0.36163654
2024-07-06,0.06572345,0.19025717,0.36163654
2024-07-07,0.07071660,0.17468516,0.36134004
2024-07-08,0.04727602,0.15972230,0.35788441
2024-07-09,0.04727602,0.15948671,0.35788441
2024-07-10,0.04727602,0.16081129,0.35804462
2024-07-11,0.04727602,0.16081129,0.35877167
2024-07-12,0.05886002,0.16107239,0.35883519
2024-07-13,0.08984834,0.16489441,0.35930040
2024-07-14,0.18568890,0.18336453,0.36127851
2024-07-15,0.15734316,0.18638053,0.36119742
2024-07-16,0.14104237,0.18358280,0.36060525
2024-07-17,0.13719840,0.18358280,0.36066816
2024-07-18,0.13719840,0.18358280,0.43532089
2024-07-19,0.14104684,0.18370914,0.43865291
2024-07-20,0.14505635,0.18384334,0.43957687
2024-07-21,0.13608105,0.18129194,0.43921145
2024-07-22,0.13608105,0.18129194,0.44023924
2024-07-23,0.13608105,0.18132422,0.44023924
2024-07-24,0.13608105,0.18132422,0.44023924
2024-07-25,0.13608105,0.18132422,0.44035950
2024-07-26,0.13608105,0.18157540,0.44035950
2024-07-27,0.12954174,0.17928764,0.44016343
2024-07-28,0.12954174,0.17928764,0.44025309
2024-07-29,0.13177380,0.17961814,0.43839499
2024-07-30,0.14388558,0.17943642,0.43834617
2024-07-31,0.14149538,0.17943642,0.43834617
2024-08-01,0.15649678,0.17943642,0.43834617
2024-08-02,0.13872119,0.17991455,0.43840405
2024-08-03,0.13231476,0.17991455,0.43840405
2024-08-04,0.11821503,0.17588670,0.43836438
2024-08-05,0.12284482,0.15802453,0.42733488
2024-08-06,0.11522020,0.15802453,0.42733488
2024-08-07,0.16777911,0.15802453,0.42733488
2024-08-08,0.60521343,0.34479413,0.44957427
2024-08-09,0.60362021,0.34648262,0.45002498
2024-08-10,0.60362021,0.34648262,0.45002498
2024-08-11,0.60319279,0.34648262,0.45002498
2024-08-12,0.59927653,0.34640053,0.44852620
2024-08-13,0.58473680,0.34640053,0.44653604
2024-08-14,0.59395172,0.34640053,0.44653604
2024-08-15,0.60847900,0.34570385,0.44653604
2024-08-16,0.60847900,0.34570385,0.44653604
2024-08-17,0.60847900,0.34570385,0.44845141
2024-08-18,0.60886586,0.34210101,0.44849055
2024-08-19,0.60870856,0.36894780,0.44849055
2024-08-20,0.62005867,0.36984970,0.44834349
2024-08-21,0.61752001,0.37021527,0.44793062
2024-08-22,0.61752001,0.37021527,0.44793270
2024-08-23,0.63044772,0.38391631,0.44926254
2024-08-24,0.63182228,0.38391115,0.44926589
2024-08-25,0.63182228,0.40445471,0.44926589
2024-08-26,0.64068349,0.40445471,0.44926589
2024-08-27,0.64068349,0.40445471,0.44934297
2024-08-28,0.63886862,0.40445471,0.44934297
2024-08-29,0.63741362,0.40445471,0.44934297
2024-08-30,0.63741362,0.40445471,0.45029934
2024-08-31,0.63741362,0.40445471,0.45029934
2024-09-01,0.63741362,0.39879309,0.45029934
2024-09-02,0.63912649,0.39971433,0.45031272
2024-09-03,0.63597682,0.40184989,0.45028873
2024-09-04,0.93401736,0.40184989,0.45021192
2024-09-05,0.93401736,0.40184989,0.45021508
2024-09-06,0.93401736,0.40184989,0.45021508
2024-09-07,0.58211702,0.40184989,0.45021508
2024-09-08,0.59571500,0.40184989,0.45021508
2024-09-09,0.40561743,0.39633216,0.45457065
2024-09-10,0.36744584,0.39287780,0.46016795
2024-09-11,0.36930481,0.39287780,0.46019433
2024-09-12,0.35172229,0.39140512,0.46014722
2024-09-13,0.27838878,0.38281232,0.45625941
2024-09-14,0.25887913,0.38016591,0.45600249
2024-09-15,0.24392330,0.37722774,0.45579302
2024-09-16,0.24392330,0.37722774,0.42625915
2024-09-17,0.23979516,0.37722774,0.42904798
2024-09-18,0.23979516,0.37722774,0.43865342
2024-09-19,0.23487415,0.37722774,0.43977600
2024-09-20,0.23402341,0.37763131,0.43980236
2024-09-21,0.23402341,0.37763131,0.43980236
2024-09-22,0.03662592,0.37763131,0.43980236
2024-09-23,0.03680096,0.37771012,0.43978111
2024-09-24,0.03263803,0.37727448,0.43978000
2024-09-25,0.01580580,0.37453460,0.43948136
2024-09-26,0.01580580,0.37453460,0.43948136
2024-09-27,0.00607536,0.37320927,0.43939462
2024-09-28,-0.00262698,0.37480575,0.43932830
2024-09-29,-0.00262698,0.37452545,0.43932830
2024-09-30,-0.00262698,0.37950059,0.43932830
2024-10-01,-0.00262698,0.39397347,0.43932830
2024-10-02,-0.00223645,0.45080070,0.43932830
2024-10-03,0.00393696,0.47227494,0.43932830
2024-10-04,0.00393696,0.47227494,0.43989794
2024-10-05,0.00393696,0.47291679,0.43990608
2024-10-06,-0.00401954,0.50395210,0.43957156
2024-10-07,0.28501422,0.52865426,0.44406718
2024-10-08,0.17395805,0.50089646,0.44163679
2024-10-09,0.14644375,0.49855935,0.44093477
2024-10-10,0.14595502,0.49338821,0.44045259
2024-10-11,0.14595502,0.49221087,0.44086556
2024-10-12,0.15823782,0.48134601,0.44086556
2024-10-13,0.15626372,0.48407159,0.44086556
2024-10-14,0.87316578,0.65631687,0.47588084
2024-10-15,0.69943828,0.57595839,0.46294827
2024-10-16,0.69272534,0.57449602,0.46053184
2024-10-17,0.69008040,0.57335314,0.46470774
2024-10-18,0.66700874,0.56655668,0.44492751
2024-10-19,0.66655119,0.57127083,0.44413453
2024-10-20,0.66045516,0.56111475,0.44253754
2024-10-21,0.66230410,0.56140658,0.41837014
2024-10-22,0.66230410,0.56140658,0.41562682
2024-10-23,0.66223392,0.56140658,0.41055209
2024-10-24,0.66326927,0.56140658,0.41360849
2024-10-25,0.66139352,0.56002451,0.41517209
2024-10-26,0.66139352,0.56002451,0.41916806
2024-10-27,0.66583005,0.55979023,0.41929693
2024-10-28,0.59753334,0.52842074,0.42325156
2024-10-29,0.65510919,0.58170416,0.44312498
2024-10-30,0.63665905,0.57158948,0.44009211
2024-10-31,0.66771231,0.58976187,0.44673614
2024-11-01,0.66771231,0.58976187,0.44673614
2024-11-02,0.66771231,0.58976187,0.44664280
2024-11-03,0.66771231,0.65131929,0.47087765
2024-11-04,0.66771231,0.65131929,0.50338758
2024-11-05,0.67142268,0.65131929,0.48579229
2024-11-06,0.76972829,0.69585932,0.45379601
2024-11-07,0.66830774,0.61889396,0.41310460
2024-11-08,0.66460654,0.62054733,0.40288364
2024-11-09,0.60026044,0.57539313,0.37990212
2024-11-10,0.55850817,0.56175019,0.39958685
2024-11-11,0.60788217,0.63045498,0.51819483
2024-11-12,0.63509138,0.64556309,0.57869022
2024-11-13,0.60551277,0.64556309,0.57869022
2024-11-14,0.63611875,0.64556309,0.57869022
2024-11-15,0.63930789,0.64556309,0.57869022
2024-11-16,0.63875559,0.64547235,0.57869022
2024-11-17,0.64671546,0.64547235,0.57883831
2024-11-18,0.64627893,0.64584389,0.57955462
2024-11-19,0.65432308,0.64688880,0.57955462
2024-11-20,0.65400298,0.64688880,0.57955462
2024-11-21,0.65720388,0.64792325,0.58054231
2024-11-22,0.65671833,0.64757036,0.58022587
2024-11-23,0.65671833,0.64757036,0.58022587
2024-11-24,0.65653933,0.64757036,0.58022587
2024-11-25,0.65021987,0.64348804,0.57736269
2024-11-26,0.65021987,0.64348804,0.57736269
2024-11-27,0.67372526,0.64348804,0.57736269
2024-11-28,0.66634370,0.64348804,0.57736269
2024-11-29,0.67023908,0.64328876,0.57715182
2024-11-30,0.65802406,0.64260180,0.57659676
2024-12-01,0.65903639,0.64218023,0.57754358
2024-12-02,0.66009980,0.64153640,0.57181012
2024-12-03,0.66009980,0.64153640,0.57204757
2024-12-04,0.65862392,0.64109458,0.57167625
2024-12-05,0.65427412,0.63968476,0.57096284
2024-12-06,0.60385366,0.63968476,0.57096284
2024-12-07,0.72098682,0.63968476,0.57096284
2024-12-08,0.73027581,0.64589092,0.57100190
2024-12-09,0.91884336,0.64578133,0.57037436
2024-12-10,0.92165762,0.64578133,0.57037436
2024-12-11,0.66155270,0.64598894,0.57037436
2024-12-12,0.09463262,0.65643397,0.57037436
2024-12-13,0.09463262,0.65729307,0.57083166
2024-12-14,0.09463262,0.65800475,0.57083166
2024-12-15,0.09463262,0.65800475,0.57112200
2024-12-16,0.03639867,0.65586685,0.57150037
2024-12-17,0.03639867,0.65586685,0.57150037
2024-12-18,0.03505509,0.65586685,0.57152391
2024-12-19,0.03505509,0.65593444,0.57183527
2024-12-20,0.03505509,0.65593444,0.57183527
2024-12-21,-0.06110027,0.65593444,0.57183527
2024-12-22,-0.04504582,0.65609482,0.57183527
2024-12-23,-0.04504582,0.65607341,0.57183527
2024-12-24,-0.04504582,0.65682950,0.57183527
2024-12-25,-0.13340971,0.65682950,0.57183527
2024-12-26,-0.13340971,0.65704514,0.57183527
2024-12-27,-0.13340971,0.65721859,0.57183527
2024-12-28,-0.13340971,0.65721859,0.57183527
2024-12-29,-0.12242240,0.65721859,0.57183527
2024-12-30,-0.12667563,0.65721859,0.57198768
2024-12-31,-0.11830167,0.65721859,0.57198768
2025-01-01,-0.11050599,0.65721859,0.57203437
2025-01-02,0.12212243,0.65811016,0.57266647
2025-01-03,0.13747274,0.65752471,0.57214731
2025-01-04,0.14063188,0.65775841,0.57226221
2025-01-05,0.14063188,0.65546732,0.57226221
2025-01-06,0.03990103,0.65652339,0.57085827
2025-01-07,0.05102759,0.65676059,0.57100349
2025-01-08,0.08651741,0.65743989,0.57100349
2025-01-09,0.08651741,0.65743989,0.57100349
2025-01-10,0.08651741,0.65743989,0.57100349
2025-01-11,0.08651741,0.65743989,0.57114300
2025-01-12,0.06053101,0.62107868,0.57076964
2025-01-13,0.27751616,0.65130093,0.57190913
2025-01-14,0.27751616,0.65292807,0.57190913
2025-01-15,0.45642199,0.65294791,0.57190913
2025-01-16,0.45642199,0.65780108,0.57190913
2025-01-17,-0.10238798,0.63495562,0.55967062
2025-01-18,-0.11887516,0.63736472,0.55896945
2025-01-19,-0.11887516,0.63875235,0.55896945
2025-01-20,-0.13863854,0.63137303,0.55434082
2025-01-21,-0.13863854,0.63137303,0.55434082
2025-01-22,-0.13863854,0.63137303,0.55434082
2025-01-23,-0.15184617,0.63159412,0.55373391
2025-01-24,-0.15922143,0.63117272,0.55395605
2025-01-25,-0.15922143,0.63117272,0.55395605
2025-01-26,-0.15922143,0.64771230,0.55395605
2025-01-27,-0.15922143,0.63202323,0.55406967
2025-01-28,-0.15922143,0.63542126,0.55755651
2025-01-29,-0.15922143,0.62883555,0.55755651
2025-01-30,-0.15922143,0.62883555,0.55761436
2025-01-31,-0.16704812,0.62802634,0.55740844
2025-02-01,-0.22442821,0.62802634,0.55740844
2025-02-02,-0.21231445,0.62802634,0.55745932
2025-02-03,-0.21231445,0.62802634,0.55993725
2025-02-04,-0.21231445,0.56809023,0.55993725
2025-02-05,-0.24691439,0.66152806,0.55993725
2025-02-06,-0.24691439,0.66653545,0.55993725
2025-02-07,-0.24691439,0.81608190,0.55993725
2025-02-08,-0.24691439,0.80630019,0.55993725
2025-02-09,-0.25771274,0.28471089,0.55927778
2025-02-10,-0.25771274,-0.06413939,0.55902084
2025-02-11,-0.29396551,-0.11723641,0.55400109
2025-02-12,-0.00368977,0.05845217,0.55598938
2025-02-13,-0.01229581,0.05127225,0.55494845
2025-02-14,-0.03106346,0.04310404,0.55394958
2025-02-15,-0.03106346,0.04310404,0.55394958
2025-02-16,0.10998078,0.04368628,0.55394294
2025-02-17,0.13679976,0.05115017,0.55444125
2025-02-18,0.13679976,0.05115017,0.55444125
2025-02-19,0.27785388,0.03634690,0.55444125
2025-02-20,0.27785388,0.04070896,0.55444125
2025-02-21,0.26770113,0.03766133,0.55432813
2025-02-22,0.31784033,0.03766133,0.55432813
2025-02-23,0.32617164,0.03181922,0.55447732
2025-02-24,0.18170310,0.03664871,0.49888746
2025-02-25,0.18488763,0.03811787,0.49848027
2025-02-26,0.40712513,0.16293395,0.49483217
2025-02-27,0.18019310,0.08721757,0.47780021
2025-02-28,0.25285505,0.17400974,0.48603239
2025-03-01,0.25366476,0.17480475,0.48566061
2025-03-02,0.15598146,0.11834393,0.47117878
2025-03-03,0.15133568,0.10933623,0.46476243
2025-03-04,0.15133568,0.11046732,0.46476243
2025-03-05,0.15133568,0.11173861,0.46476243
2025-03-06,0.15133568,0.11173861,0.46476243
2025-03-07,0.15133568,0.11173861,0.46476243
2025-03-08,0.15133568,0.11204305,0.46476243
2025-03-09,0.15133568,0.11212321,0.46514234
2025-03-10,0.15133568,0.11212321,0.46520088
2025-03-11,0.14858234,0.11212321,0.46604674
2025-03-12,0.14858234,0.11212321,0.47232148
2025-03-13,0.16808421,0.11212321,0.48905089
2025-03-14,0.12332449,0.11223461,0.49452556
2025-03-15,0.12603839,0.11223461,0.49452556
2025-03-16,0.11905203,0.11418515,0.49494683
2025-03-17,0.11905203,0.11418515,0.49947096
2025-03-18,0.12061693,0.11418515,0.49947096
2025-03-19,0.11740572,0.11655111,0.49990353
2025-03-20,0.11740572,0.11655111,0.49990353
2025-03-21,0.11740572,0.11655111,0.49994492
2025-03-22,0.11740572,0.11655111,0.49969422
2025-03-23,0.11440424,0.11616451,0.49836682
2025-03-24,0.09843905,0.10119028,0.49177782
2025-03-25,0.09843905,0.10119028,0.49244193
2025-03-26,0.15491029,0.10119028,0.49244193
2025-03-27,0.15454899,0.10119028,0.49244193
2025-03-28,-0.00178704,0.10119028,0.49248584
2025-03-29,0.15143856,0.10119028,0.49253210
2025-03-30,-0.40385646,0.10119028,0.49306884
2025-03-31,-0.42106391,0.10119028,0.49306884
2025-04-01,-0.13474635,0.10119748,0.49306781
2025-04-02,-0.79513640,0.04767886,0.47738102
2025-04-03,-0.75496373,0.04767954,0.47708078
2025-04-04,-0.49170680,0.05534232,0.47732221
2025-04-05,-0.49170680,0.05534232,0.47763755
2025-04-06,0.59508540,0.24287959,0.50141907
2025-04-07,0.58613608,0.24068850,0.50036296
2025-04-08,0.58613608,0.24068850,0.50040712
2025-04-09,0.52391343,0.23607889,0.49751883
2025-04-10,0.52391343,0.23607889,0.49751883
2025-04-11,0.51990609,0.23608877,0.49729274
2025-04-12,0.51990609,0.23603038,0.49729274
2025-04-13,0.52024408,0.22960813,0.49729274
2025-04-14,0.51886995,0.22915286,0.51252438
2025-04-15,0.51886995,0.22915286,0.51252438
2025-04-16,0.51886995,0.22915286,0.51252438
2025-04-17,0.51886995,0.26044774,0.49610014
2025-04-18,0.51608193,0.26068092,0.49593445
2025-04-19,0.51608193,0.26068092,0.49593445
2025-04-20,0.51608193,0.26780404,0.49593445
2025-04-21,0.52036315,0.27036996,0.49641152
2025-04-22,0.51926133,0.27407573,0.49484843
2025-04-23,0.57123981,0.27317952,0.49440315
2025-04-24,0.57123981,0.27361569,0.49440315
2025-04-25,0.57477788,0.27643724,0.49503335
2025-04-26,0.57477788,0.27643724,0.49503335
2025-04-27,0.57477788,0.27643724,0.49506737
2025-04-28,0.57477788,0.27643724,0.49506737
2025-04-29,0.57477788,0.27643724,0.49530278
2025-04-30,0.57477788,0.27643724,0.49592013
2025-05-01,0.57323006,0.27629369,0.49575174
2025-05-02,0.74863002,0.27051009,0.49302972
2025-05-03,0.73859043,0.26975122,0.49246626
2025-05-04,0.74239817,0.26996853,0.49246365
2025-05-05,0.74239817,0.26996853,0.49246365
2025-05-06,0.11849232,0.26996853,0.49246365
2025-05-07,0.14961484,0.26999101,0.49223745
2025-05-08,0.71096400,0.38724450,0.46720598
2025-05-09,0.76405155,0.36609561,0.45178064
2025-05-10,0.81748973,0.40820151,0.45509675
2025-05-11,0.83235694,0.41328489,0.45648037
2025-05-12,0.80453747,0.42070316,0.45640280
2025-05-13,0.80316957,0.40916732,0.45628281
2025-05-14,0.80429855,0.41018905,0.45628281
2025-05-15,0.80196994,0.40977711,0.45606434
2025-05-16,0.80196994,0.40977711,0.45606434
2025-05-17,0.80196994,0.41030755,0.45606434
2025-05-18,0.80194550,0.40855304,0.45606363
2025-05-19,0.75790548,0.40606097,0.45825036
2025-05-20,0.75790548,0.40606097,0.45847248
2025-05-21,0.74826528,0.40552398,0.45793064
2025-05-22,0.74457297,0.40588434,0.45792926
2025-05-23,0.74801788,0.40588434,0.46338173
2025-05-24,0.74801788,0.40588434,0.46361801
2025-05-25,0.74555863,0.42750247,0.46379056
2025-05-26,0.74555863,0.42739890,0.46379056
2025-05-27,0.74677882,0.41462173,0.46460466
2025-05-28,0.74677882,0.45713181,0.46460466
2025-05-29,0.74881320,0.46213005,0.46424733
2025-05-30,0.74881320,0.46199298,0.46430240
2025-05-31,0.75297841,0.52718704,0.46430240
2025-06-01,0.77241690,0.58279000,0.46430240
2025-06-02,0.78081793,0.58279000,0.46438579
2025-06-03,0.78069031,0.58273499,0.46436773
2025-06-04,0.78332085,0.58302339,0.46461614
2025-06-05,0.78332085,0.58302339,0.46461614
2025-06-06,0.78372583,0.58302339,0.46461626
2025-06-07,0.56952967,0.58302339,0.46460236
2025-06-08,0.67140284,0.58302339,0.46460236
2025-06-09,0.81404048,0.62174626,0.48498115
2025-06-10,0.50524719,0.56907491,0.46674399
2025-06-11,0.48854510,0.56691394,0.46607751
2025-06-12,0.42520713,0.55514547,0.46138315
2025-06-13,0.42520713,0.55514547,0.46138315
2025-06-14,0.42979241,0.55514547,0.46138315
2025-06-15,0.42979241,0.55514547,0.46137385
2025-06-16,0.42145543,0.55356134,0.45963859
2025-06-17,0.42146767,0.55284077,0.46032491
2025-06-18,0.44536522,0.55284077,0.46042465
2025-06-19,0.44536522,0.55284077,0.46062424
2025-06-20,0.46155714,0.55284077,0.46062424
2025-06-21,0.46155714,0.55463167,0.46062424
2025-06-22,0.46155714,0.56428524,0.46062424
2025-06-23,0.46139430,0.56419477,0.43743404
2025-06-24,0.45277984,0.56067842,0.44670247
2025-06-25,0.42811872,0.55053623,0.44598706
2025-06-26,0.42365078,0.55130195,0.44624781
2025-06-27,0.42338668,0.55108467,0.44853225
2025-06-28,0.42840630,0.55036130,0.44836628
2025-06-29,0.41554758,0.54388834,0.44498237
2025-06-30,0.41103701,0.54328900,0.44410729
2025-07-01,0.41103701,0.59269499,0.44410729
2025-07-02,0.40365388,0.59375274,0.44370112
2025-07-03,0.40443553,0.59152791,0.44368884
2025-07-04,0.40506244,0.59152791,0.44392792
2025-07-05,0.40506244,0.54551153,0.44392792
2025-07-06,0.40506244,0.54755060,0.44392792
2025-07-07,0.40506244,0.54755060,0.45125992
2025-07-08,0.40503300,0.57428279,0.44549127
2025-07-09,-0.30387610,0.55872055,0.43849048
2025-07-10,0.55820173,0.59652736,0.45365797
2025-07-11,0.53069350,0.58352140,0.45218742
2025-07-12,0.57429893,0.58379290,0.45224071
2025-07-13,0.56406046,0.57615879,0.45240151
2025-07-14,0.56665592,0.57669924,0.45301956
2025-07-15,0.61030820,0.58416931,0.45648281
2025-07-16,0.54422243,0.57644671,0.42105834
2025-07-17,0.54425135,0.57644503,0.42562179
2025-07-18,0.52776816,0.57486752,0.42297165
2025-07-19,0.52041056,0.57433613,0.42750730
2025-07-20,0.46083455,0.56605766,0.42644062
2025-07-21,0.46047661,0.56505374,0.40686215
2025-07-22,0.44931324,0.56081091,0.39304106
2025-07-23,0.44970107,0.56081091,0.39304106
2025-07-24,0.46135502,0.55968348,0.39304106
2025-07-25,0.49541384,0.55968348,0.39304106
2025-07-26,0.48935549,0.55968348,0.39304106
2025-07-27,0.47995229,0.55752145,0.39193618
2025-07-28,0.49433775,0.55931767,0.39272891
2025-07-29,0.51453883,0.55775590,0.39179300
2025-07-30,0.51449046,0.55857674,0.39179300
2025-07-31,0.51449046,0.56358372,0.39059649
2025-08-01,0.51910824,0.56710939,0.39086100
2025-08-02,0.51956898,0.56684421,0.39086100
2025-08-03,0.51956898,0.56684421,0.39086100
2025-08-04,0.51956898,0.56684421,0.39117405
2025-08-05,0.51956898,0.56788643,0.39117405
2025-08-06,0.52056496,0.47633451,0.39125986
2025-08-07,0.41559896,0.47184910,0.37750180
2025-08-08,0.46213104,0.40164524,0.37648370
2025-08-09,0.07321407,0.36560640,0.36973031
2025-08-10,0.11088224,0.36711352,0.37003471
2025-08-11,0.15116897,0.37524481,0.37236444
2025-08-12,0.26381113,0.38926788,0.37705418
2025-08-13,0.33843212,0.42024695,0.38889417
2025-08-14,0.47046063,0.48074055,0.41338061
2025-08-15,0.46470572,0.47569337,0.41175649
2025-08-16,0.46008372,0.47461840,0.41137990
2025-08-17,0.45999169,0.47997546,0.41141140
2025-08-18,0.45869829,0.47997546,0.41164223
2025-08-19,0.48142226,0.48258473,0.41164223
2025-08-20,0.48106327,0.48258473,0.41164223
2025-08-21,0.50917475,0.48258473,0.41164223
2025-08-22,0.51006170,0.48180217,0.41153116
2025-08-23,0.49571865,0.47870230,0.41038030
2025-08-24,0.49571865,0.47870230,0.41038030
2025-08-25,0.49571865,0.47584683,0.41142881
2025-08-26,0.50052668,0.47584683,0.41142881
2025-08-27,0.50481848,0.47669887,0.41142881
2025-08-28,0.51691508,0.47669887,0.41142881
2025-08-29,0.51691508,0.47669887,0.41142881
2025-08-30,0.51691508,0.47669887,0.41142881
2025-08-31,0.51691508,0.47669887,0.41142881
2025-09-01,0.51691508,0.47652422,0.41142881
2025-09-02,0.51691508,0.47625298,0.41142881
2025-09-03,0.51691508,0.47625298,0.41142881
2025-09-04,0.50487969,0.46884666,0.40908513
2025-09-05,0.49612421,0.46686204,0.40833283
2025-09-06,0.57731736,0.46541978,0.40783663
2025-09-07,0.58398050,0.37780050,0.40740989
2025-09-08,0.73236549,0.45055752,0.40846692
2025-09-09,0.71398216,0.44899772,0.40765322
2025-09-10,0.71075620,0.46698340,0.40765322
2025-09-11,0.74522652,0.46294984,0.40556911
2025-09-12,0.57139245,0.46410821,0.40714202
2025-09-13,0.19062122,0.46395256,0.40710951
2025-09-14,0.24125142,0.46874738,0.40788898
2025-09-15,0.22136899,0.46415306,0.40729337
2025-09-16,0.22136899,0.46415306,0.40729337
2025-09-17,0.22136899,0.46415306,0.40729337
2025-09-18,0.22136899,0.46415306,0.40729337
2025-09-19,0.22136899,0.46415306,0.40729337
2025-09-20,0.22136899,0.46415306,0.40729337
2025-09-21,0.21835076,0.46424989,0.40730198
2025-09-22,0.24682951,0.46751835,0.40559916
2025-09-23,0.24682951,0.47714109,0.40559916
2025-09-24,0.24682951,0.47584310,0.40559916
2025-09-25,0.24665003,0.47577246,0.40550307
2025-09-26,0.24064437,0.47661061,0.42052845
2025-09-27,0.24063722,0.48354126,0.42080824
2025-09-28,0.24026468,0.48381544,0.42090236
2025-09-29,0.35695690,0.48509079,0.42708534
2025-09-30,0.34637119,0.48430842,0.42706899
2025-10-01,0.42926909,0.46445438,0.42023056
2025-10-02,0.49344389,0.48027266,0.42658838
2025-10-03,0.49677179,0.47704456,0.42545849
2025-10-04,0.52157819,0.47611328,0.42511101
2025-10-05,0.52494511,0.47623667,0.42518949
2025-10-06,0.36541704,0.44192940,0.41373431
2025-10-07,0.36946034,0.46663572,0.41358726
2025-10-08,0.35572722,0.38616750,0.41358726
2025-10-09,0.35596957,0.39119772,0.41358726
2025-10-10,0.35596957,0.39100160,0.41373569
2025-10-11,0.36157684,0.38915849,0.41373569
2025-10-12,0.39823249,0.38549270,0.41373569
2025-10-13,0.39333493,0.36965448,0.41373569
2025-10-14,0.37786707,0.38239555,0.41373569
2025-10-15,0.38615383,0.38239869,0.41373569
2025-10-16,0.38615383,0.38534476,0.41373569
2025-10-17,0.38615383,0.38644955,0.41373569
2025-10-18,0.38615383,0.40525883,0.41373569
2025-10-19,0.38676147,0.40525382,0.41407839
2025-10-20,0.38504695,0.41536292,0.41381114
2025-10-21,0.38369714,0.41539222,0.41721466
2025-10-22,0.38369714,0.41539222,0.41175976
2025-10-23,0.38369714,0.41539222,0.41219167
2025-10-24,0.38517488,0.41515352,0.41258024
2025-10-25,0.38572103,0.41990107,0.41258024
2025-10-26,0.38357778,0.41946895,0.41276165
2025-10-27,0.38364447,0.42333796,0.41211219
2025-10-28,0.38370277,0.42351018,0.41221971
2025-10-29,0.33650609,0.42351018,0.41221971
2025-10-30,0.33104962,0.42351018,0.41221971
2025-10-31,0.17787049,0.42268068,0.41222238
2025-11-01,-0.29829767,0.42225845,0.41221889
2025-11-02,-0.54742121,0.42064090,0.41189206
2025-11-03,-0.09978440,0.43042594,0.42812787
2025-11-04,0.73949442,0.55426489,0.46387878
2025-11-05,0.94894022,0.61862087,0.46837456
2025-11-06,0.95530757,0.64113086,0.49272372
2025-11-07,0.95542317,0.70044174,0.49286891
2025-11-08,0.95542317,0.70023253,0.49292842
2025-11-09,0.95069885,0.69798155,0.51478266
2025-11-10,0.95097353,0.70795154,0.52905506
2025-11-11,0.95097353,0.68683362,0.52905506
2025-11-12,0.95097353,0.64017096,0.52905506
2025-11-13,0.95097353,0.65074516,0.52905506
2025-11-14,0.95097353,0.65246796,0.52905506
2025-11-15,0.95097353,0.65246796,0.52905506
2025-11-16,0.95097353,0.65246796,0.52905506
2025-11-17,0.95097353,0.65246796,0.52905506
2025-11-18,0.95186774,0.65246796,0.52905506
2025-11-19,0.95309771,0.65246796,0.52905506
2025-11-20,0.95316605,0.65613670,0.52905506
2025-11-21,0.95316605,0.66413836,0.52900660
2025-11-22,0.95316605,0.66413836,0.52900660
2025-11-23,0.95412456,0.66413836,0.52900660
2025-11-24,0.95193375,0.66352947,0.52888145
2025-11-25,0.94788022,0.66202176,0.52861839
2025-11-26,0.94788022,0.66202176,0.52827694
2025-11-27,0.94855759,0.66202176,0.52827694
2025-11-28,0.93208935,0.65664147,0.52706947
2025-11-29,0.93208935,0.65664147,0.52706947
2025-11-30,0.93576165,0.65502896,0.52729278
2025-12-01,0.86075911,0.62180719,0.52780996
2025-12-02,0.76558949,0.57654439,0.52043398
2025-12-03,0.74931363,0.58111652,0.51881069
2025-12-04,0.51175879,0.58260933,0.51881069
2025-12-05,0.37342244,0.58327526,0.51881069
2025-12-06,0.03158686,0.58758883,0.51881069
2025-12-07,0.03340349,0.58495456,0.51881069
2025-12-08,0.03340349,0.59291355,0.51881069
2025-12-09,0.32875802,0.60583729,0.52328348
2025-12-10,0.31532893,0.60827944,0.54116055
2025-12-11,0.31506519,0.62361756,0.54146858
2025-12-12,0.30583914,0.62273310,0.54059902
2025-12-13,0.30264344,0.62006727,0.54031755
2025-12-14,0.29864526,0.62047535,0.51486430
2025-12-15,0.28422306,0.60370674,0.51350844
2025-12-16,0.28434291,0.60365777,0.51351380
2025-12-17,0.28058542,0.60251903,0.51919745
2025-12-18,0.28058542,0.60251903,0.51919745
2025-12-19,0.27872934,0.60220247,0.51939799
2025-12-20,0.27872934,0.60220247,0.51939799
2025-12-21,0.27872934,0.60220247,0.51939799
2025-12-22,0.30249386,0.60642160,0.52092322
2025-12-23,0.27535886,0.60201332,0.51986242
2025-12-24,0.27838552,0.60209916,0.51986242
2025-12-25,0.28442249,0.60396047,0.52002507
2025-12-26,0.29917590,0.60646127,0.52096914
2025-12-27,0.30662817,0.60833174,0.52165606
2025-12-28,0.33972330,0.60361823,0.52169182
2025-12-29,0.37747561,0.61611123,0.52406672
2025-12-30,0.36653552,0.64416312,0.52292796
2025-12-31,0.37933259,0.62394637,0.52324538
2026-01-01,0.53440926,0.62736467,0.52289604
2026-01-02,0.42818671,0.58538213,0.51406401
2026-01-03,0.42878938,0.58450166,0.51406916
2026-01-04,0.41478366,0.64583876,0.51303549
2026-01-05,0.39966334,0.63262102,0.51073160
2026-01-06,0.41172864,0.63444683,0.51148716
2026-01-07,0.41172864,0.63444683,0.51148716
2026-01-08,0.19560750,0.63444683,0.51177812
2026-01-09,0.18006987,0.63444683,0.51380043
2026-01-10,0.18345534,0.63444683,0.51487764
2026-01-11,0.16771810,0.63349221,0.51466594
2026-01-12,0.18695420,0.63349221,0.51466594
2026-01-13,0.16174895,0.63349221,0.51466594
2026-01-14,0.11834633,0.63349221,0.51497826
2026-01-15,0.11669045,0.63349221,0.49002382
2026-01-16,0.14217165,0.63349221,0.50728847
2026-01-17,0.14217165,0.63371382,0.49331212
2026-01-18,0.13996489,0.63303324,0.49072332
2026-01-19,0.13996489,0.63291798,0.49167678
2026-01-20,0.13996489,0.63291798,0.49191380
2026-01-21,0.07221308,0.63291798,0.49191380
2026-01-22,0.08148828,0.63341961,0.49239536
2026-01-23,0.08148828,0.63341961,0.49239536
2026-01-24,0.08002380,0.63331890,0.49239536
2026-01-25,0.03646390,0.63331890,0.49239659
2026-01-26,-0.00495667,0.63340160,0.49579089
2026-01-27,-0.00539217,0.63340160,0.49579089
2026-01-28,-0.37176283,0.63340160,0.49759909
2026-01-29,0.16306570,0.63327493,0.49906124
2026-01-30,0.21591900,0.62836629,0.49839351
2026-01-31,0.77396112,0.73995297,0.56301957
2026-02-01,0.84801285,0.74817989,0.57302696
2026-02-02,0.85874250,0.70109841,0.57772910
2026-02-03,0.86761520,0.69604157,0.58416569
2026-02-04,0.89128596,0.68888389,0.58699615
2026-02-05,0.90946030,0.76169523,0.63235421
2026-02-06,0.92712760,0.79020701,0.65341636
2026-02-07,0.92604945,0.79039246,0.65323084
2026-02-08,0.92601201,0.79016880,0.65322579
2026-02-09,0.91630548,0.78454761,0.65127367
2026-02-10,0.91690408,0.78454761,0.65131153
2026-02-11,0.91690408,0.78454761,0.65129715
2026-02-12,0.91690408,0.78454761,0.65129715
2026-02-13,0.91690408,0.78454761,0.65129715
2026-02-14,0.91669486,0.78441143,0.65124969
2026-02-15,0.91651912,0.78423573,0.65119878
2026-02-16,0.91651912,0.78423573,0.63804846
2026-02-17,0.91771294,0.78423573,0.66105394
2026-02-18,0.91771294,0.78423573,0.66214004
2026-02-19,0.91771294,0.78423573,0.67036747
2026-02-20,0.91771294,0.78423573,0.67036747
2026-02-21,0.91771294,0.78423573,0.67036747
2026-02-22,0.91771294,0.78465567,0.67036747
2026-02-23,0.91771294,0.78561501,0.67131894
2026-02-24,0.91771294,0.78561501,0.67131894
2026-02-25,0.91771294,0.78561501,0.67131894
2026-02-26,0.91771294,0.78720692,0.67131894
2026-02-27,0.91771294,0.78720692,0.67131894
2026-02-28,0.91963913,0.78819095,0.67131894
2026-03-01,0.94163520,0.80587577,0.67131894
2026-03-02,0.90367087,0.81734177,0.65899813
2026-03-03,0.94515495,0.82560460,0.65955835
2026-03-04,0.94341654,0.82574582,0.66142446
2026-03-05,0.94141063,0.82574582,0.66122137
2026-03-06,0.93885820,0.82574582,0.66125594
2026-03-07,0.81608208,0.82574582,0.66137683
2026-03-08,-0.34561448,0.82574582,0.66256312
2026-03-09,-0.32994082,0.82531984,0.66224995
2026-03-10,-0.18388997,0.82556221,0.66271130
2026-03-11,-0.31516624,0.82568773,0.66343245
2026-03-12,-0.31516624,0.82573328,0.66345737
2026-03-13,-0.34799097,0.82431449,0.66217420
2026-03-14,-0.34799097,0.82767491,0.66217420
2026-03-15,-0.34609122,0.84037337,0.66212555
2026-03-16,-0.36275843,0.82980126,0.65811055
2026-03-17,-0.34442558,0.82936852,0.65713345
2026-03-18,-0.34442558,0.82936852,0.67188770
2026-03-19,-0.34442558,0.83012245,0.66040673
2026-03-20,-0.34442558,0.83012245,0.66186364
2026-03-21,-0.34442558,0.83012245,0.66189587
2026-03-22,-0.34442558,0.82922787,0.66179871
2026-03-23,-0.34442558,0.83054996,0.66137827
2026-03-24,-0.34442558,0.83054996,0.65927698
2026-03-25,-0.34442558,0.83045286,0.66741492
2026-03-26,-0.34442558,0.83071695,0.66741558
2026-03-27,-0.34442558,0.83029425,0.66931469
2026-03-28,-0.34450277,0.83026726,0.67005688
2026-03-29,-0.23425580,0.81480814,0.67554713
2026-03-30,-0.23425580,0.81580989,0.67555632
2026-03-31,-0.14470318,0.81590780,0.68114535
2026-04-01,0.01073883,0.81719822,0.68114535
2026-04-02,0.01073883,0.84412401,0.68114535
2026-04-03,0.01065913,0.84413324,0.68114535
2026-04-04,0.01065913,0.84653646,0.68114535
2026-04-05,0.17614456,0.85890978,0.68331954
2026-04-06,0.16446746,0.85767309,0.68440961
2026-04-07,0.26511228,0.85090412,0.68207710
2026-04-08,0.26942645,0.85088222,0.68203975
2026-04-09,0.22987011,0.85088222,0.68203975
2026-04-10,0.22987011,0.85088222,0.68203975
2026-04-11,0.22987011,0.85118743,0.68203975
2026-04-12,0.25409805,0.85118743,0.68203975
2026-04-13,0.19813339,0.83552847,0.67684085
2026-04-14,0.16276720,0.82808476,0.67346095
2026-04-15,0.22949442,0.82403295,0.67216273
2026-04-16,0.24339887,0.81781392,0.68343370
2026-04-17,0.24412680,0.81776936,0.68677301
2026-04-18,0.21796194,0.81518730,0.70667126
2026-04-19,0.21796194,0.81518730,0.70661090
2026-04-20,0.21796194,0.81518730,0.70595505
2026-04-21,0.21796194,0.81518730,0.70961556
2026-04-22,0.19655633,0.80805629,0.69936392
2026-04-23,0.19655633,0.80805629,0.68739066
2026-04-24,0.19655633,0.80805629,0.69060709
2026-04-25,0.19655633,0.80805629,0.69112699
2026-04-26,0.18997604,0.80699913,0.69070359
2026-04-27,0.19444702,0.80716201,0.69081762
2026-04-28,0.20674728,0.80716201,0.69081762
2026-04-29,0.20674728,0.80603571,0.69081762
2026-04-30,0.14920026,0.82225564,0.69081762
2026-05-01,0.15327693,0.78567892,0.69141103
2026-05-02,0.15327693,0.80361504,0.69367766
2026-05-03,0.15773019,0.79575453,0.69248431
2026-05-04,0.21462433,0.78588719,0.69355708
2026-05-05,0.16263123,0.77776017,0.69355708
2026-05-06,0.17204997,0.53578627,0.69355708
2026-05-07,0.06070862,0.08141412,0.69355708
2026-05-08,0.06086634,0.08123890,0.69355708
2026-05-09,0.06086634,0.08118798,0.69355708
2026-05-10,0.07210466,0.08841944,0.69358712
2026-05-11,0.06617034,0.08641168,0.69319668
2026-05-12,0.06617034,0.08641168,0.69319668
2026-05-13,0.07118352,0.08641168,0.69319668
2026-05-14,0.14374986,0.08641168,0.69613658
2026-05-15,0.15423431,0.08639019,0.69665725
2026-05-16,0.23084906,0.08762615,0.69685810
2026-05-17,0.22841729,0.08762615,0.69778677
2026-05-18,0.28669712,0.08762615,0.69732256
2026-05-19,0.28669712,0.08762615,0.69888845
2026-05-20,0.28669712,0.08762615,0.69888845
2026-05-21,0.25043403,0.08435090,0.69857591
2026-05-22,0.35331103,0.08435090,0.70663818
2026-05-23,0.35331103,0.08435090,0.70692800
2026-05-24,0.35331103,0.08435090,0.70688920
2026-05-25,0.35331103,0.08435090,0.70961119
2026-05-26,0.48629700,0.12570344,0.70879312
2026-05-27,0.48634713,0.12570344,0.70879312
2026-05-28,0.48634713,0.12570344,0.70879312
2026-05-29,0.48634713,0.12570344,0.70879312
2026-05-30,0.48634713,0.12570344,0.70879312
2026-05-31,0.49318660,0.20183490,0.70840198
2026-06-01,0.49318660,0.20183490,0.70840198
2026-06-02,0.33603739,0.17895884,0.69828083
2026-06-03,0.26373860,0.17423111,0.69482346
2026-06-04,0.26970119,0.17131686,0.69220226
2026-06-05,0.19184493,0.12602629,0.64790620
2026-06-06,0.19577570,0.12635527,0.64772957
2026-06-07,0.13646476,0.11168764,0.63171819
2026-06-08,0.13646476,0.10041635,0.63034732
2026-06-09,0.12403020,0.10041635,0.63224995
2026-06-10,0.11448035,0.09967570,0.63511744
2026-06-11,0.11448035,0.10611052,0.63139637
2026-06-12,0.11736101,0.10626745,0.63188394
2026-06-13,0.11736101,0.10634596,0.63223483
2026-06-14,0.10638377,0.12171630,0.63159120
2026-06-15,0.09314000,0.11409011,0.64474483
2026-06-16,0.09314000,0.11409011,0.64498058
2026-06-17,0.09314000,0.11409011,0.64498058
2026-06-18,0.09314000,0.11409011,0.64498058
2026-06-19,0.09314000,0.11409011,0.64498058
2026-06-20,0.08655767,0.11409011,0.64498058
2026-06-21,0.08655767,0.11409011,0.64498058
2026-06-22,0.11357970,0.12312017,0.64565007
2026-06-23,0.11357970,0.12312017,0.64565007
2026-06-24,0.11357970,0.12312017,0.64565007
2026-06-25,0.02890966,0.12312017,0.64565007
2026-06-26,0.02890966,0.12312968,0.64565007
2026-06-27,0.02890966,0.12787017,0.64565007
2026-06-28,0.02890966,0.12787017,0.64568461
2026-06-29,0.18330565,0.17088031,0.64758547
2026-06-30,0.17753891,0.16783723,0.64576957
2026-07-01,0.17753891,0.16783723,0.64576957
2026-07-02,0.16986465,0.16720047,0.64555222
2026-07-03,0.17002364,0.16454004,0.64011460
2026-07-04,0.16874337,0.15211904,0.63938754
2026-07-05,0.21129563,0.15284101,0.63931156
2026-07-06,0.17750511,0.13631086,0.63723024
2026-07-07,0.42001904,0.17088430,0.63906796
2026-07-08,0.38517371,0.17727410,0.63691776
2026-07-09,0.39236549,0.18210982,0.63736462
2026-07-10,0.40782545,0.18210982,0.63783069
2026-07-11,0.40782545,0.18210982,0.63816374
2026-07-12,0.40810912,0.18060756,0.63865554
2026-07-13,0.36727786,0.18443804,0.63611924
2026-07-14,0.20842182,0.13232996,0.59606335
2026-07-15,0.23368883,0.14113010,0.58817494
2026-07-16,0.20598519,0.13662038,0.58012922
2026-07-17,0.20598519,0.13916487,0.58006668
2026-07-18,0.20598519,0.13916487,0.58006668
2026-07-19,0.20608737,0.13908880,0.57991453
2026-07-20,0.23410380,0.15429848,0.58097524
2026-07-21,0.22798010,0.16679086,0.58043198
2026-07-22,0.21907759,0.16624222,0.58039227
2026-07-23,0.20686974,0.16364869,0.57996187
2026-07-24,0.20686974,0.16364869,0.57996187
2026-07-25,0.20686974,0.16177972,0.57996187
2026-07-26,0.22104321,0.16425805,0.57865880
2026-07-27,0.22809730,0.17038730,0.57942426
2026-07-28,0.22809730,0.17038730,0.57942426
2026-07-29,0.09636748,0.17038730,0.57942426
2026-07-30,0.12585443,0.17312285,0.57942426
2026-07-31,0.12585443,0.17312285,0.57942426
2026-08-01,0.13508550,0.17803846,0.57942426
2026-08-02,0.10474178,0.16617311,0.57942426
2026-08-03,0.08670936,0.16617311,0.57965164
2026-08-04,0.08567028,0.16617311,0.58013439
2026-08-05,0.09438870,0.16161635,0.57863098
2026-08-06,-0.06683259,0.16325008,0.57864569
2026-08-07,-0.10862693,0.16466102,0.57951494
2026-08-08,-0.14381290,0.16254017,0.57952372
2026-08-09,-0.10860896,0.16695266,0.58046797
2026-08-10,-0.10860896,0.16695266,0.58772408
2026-08-11,-0.10860896,0.16695266,0.60273398
2026-08-12,-0.04659754,0.16695266,0.60641288
2026-08-13,0.33634700,0.16695266,0.60641288
2026-08-14,0.33304850,0.16695266,0.60641288
2026-08-15,0.44837004,0.16695266,0.60641288
2026-08-16,0.44837004,0.16695266,0.60641288
2026-08-17,0.39981190,0.16229143,0.60509385
2026-08-18,0.39088993,0.16103279,0.60131149
2026-08-19,0.96130177,0.68505442,0.67596502
2026-08-20,0.86982403,0.65204499,0.67532804
2026-08-21,0.87123114,0.69396485,0.70236475
2026-08-22,0.87624658,0.69991771,0.70503509
2026-08-23,0.84251081,0.67981621,0.69565074
2026-08-24,0.84031251,0.68045960,0.69810541
2026-08-25,0.84441630,0.68119473,0.69830913
2026-08-26,0.83564694,0.67823100,0.69641306
2026-08-27,0.83521499,0.67810441,0.69619215
2026-08-28,0.83564575,0.67848414,0.69650286
2026-08-29,0.83564575,0.67920570,0.69650286
2026-08-30,0.83564575,0.67920570,0.69650286
2026-08-31,0.83526828,0.68619237,0.69572136
2026-09-01,0.83526828,0.68853542,0.69628887
2026-09-02,0.83526828,0.69034711,0.69628887
2026-09-03,0.82908186,0.73634610,0.69429650
2026-09-04,0.83239061,0.73647772,0.69407818
2026-09-05,0.83267986,0.76390106,0.69378834
2026-09-06,0.83317669,0.76390106,0.69377660
2026-09-07,0.83324881,0.76390106,0.69256754
2026-09-08,0.83293614,0.76505174,0.69295992
2026-09-09,0.83293614,0.76505174,0.69298853
2026-09-10,0.83293614,0.76499306,0.69339978
2026-09-11,0.83298117,0.76476133,0.70150786
2026-09-12,0.83263781,0.76608951,0.70146983
2026-09-13,0.83259721,0.76962175,0.70212529
2026-09-14,0.83131545,0.76750211,0.70439273
2026-09-15,0.83131545,0.76750211,0.70413580
2026-09-16,0.83464662,0.76750211,0.70413580
2026-09-17,0.83513669,0.76750211,0.70413580
2026-09-18,0.80466428,0.77156412,0.70662690
2026-09-19,0.80665168,0.77174917,0.70672355
2026-09-20,0.42877876,0.77122927,0.70716188
2026-09-21,0.38104264,0.77161865,0.70720311
2026-09-22,0.68193771,0.77089786,0.70693514
2026-09-23,0.67276556,0.76392992,0.70382787
2026-09-24,0.65578162,0.76392992,0.70382787
2026-09-25,0.72068852,0.76392992,0.70382787
2026-09-26,0.74943391,0.76392992,0.70382787
2026-09-27,0.73779107,0.76651198,0.70405127
2026-09-28,0.73779107,0.76942644,0.70405127
2026-09-29,0.73779107,0.76942644,0.70405127
2026-09-30,0.73587522,0.76981684,0.70405127
