date,btc_return,eth_return,portfolio_return,btc_equity,eth_equity,portfolio_equity,btc_sleeve_value,eth_sleeve_value,btc_weight,btc_drawdown,eth_drawdown,portfolio_drawdown
2018-09-01,0.00000000,0.00000000,0.00000000,100.00000000,100.00000000,100.00000000,50.00000000,50.00000000,0.50000000,0.00000000,0.00000000,0.00000000
2018-09-02,0.00000000,0.00000000,0.00000000,100.00000000,100.00000000,100.00000000,50.00000000,50.00000000,0.50000000,0.00000000,0.00000000,0.00000000
2018-09-03,0.00000000,-0.01520895,-0.00760448,100.00000000,98.47910479,99.23955240,50.00000000,49.23955240,0.50383137,0.00000000,-0.01520895,-0.00760448
2018-09-04,0.00000000,0.00060042,0.00029791,100.00000000,98.53823363,99.26911682,50.00000000,49.26911682,0.50368132,0.00000000,-0.01461766,-0.00730883
2018-09-05,0.00000000,0.19865523,0.09859630,100.00000000,118.11336941,109.05668471,50.00000000,59.05668471,0.45847717,0.00000000,0.00000000,0.00000000
2018-09-06,0.00000000,-0.00341564,-0.00184965,100.00000000,117.70993610,108.85496805,50.00000000,58.85496805,0.45932676,0.00000000,-0.00341564,-0.00184965
2018-09-07,0.00000000,0.04241713,0.02293381,100.00000000,122.70285430,111.35142715,50.00000000,61.35142715,0.44902882,0.00000000,0.00000000,0.00000000
2018-09-08,0.00000000,0.05201608,0.02865936,100.00000000,129.08537612,114.54268806,50.00000000,64.54268806,0.43651848,0.00000000,0.00000000,0.00000000
2018-09-09,0.00000000,0.00059199,0.00033358,100.00000000,129.16179397,114.58089698,50.00000000,64.58089698,0.43637291,0.00000000,0.00000000,0.00000000
2018-09-10,0.00000000,0.00000000,0.00000000,100.00000000,129.16179397,114.58089698,50.00000000,64.58089698,0.43637291,0.00000000,0.00000000,0.00000000
2018-09-11,-0.00239966,0.00000000,-0.00104715,99.76003433,129.16179397,114.46091415,49.88001716,64.58089698,0.43578210,-0.00239966,0.00000000,-0.00104715
2018-09-12,-0.00825372,0.00000000,-0.00359682,98.93664330,129.16179397,114.04921863,49.46832165,64.58089698,0.43374538,-0.01063357,0.00000000,-0.00464020
2018-09-13,0.00000000,-0.02125417,-0.01203527,98.93664330,126.41656771,112.67660550,49.46832165,63.20828385,0.43902921,-0.01063357,-0.02125417,-0.01661962
2018-09-14,0.00000000,0.00000000,0.00000000,98.93664330,126.41656771,112.67660550,49.46832165,63.20828385,0.43902921,-0.01063357,-0.02125417,-0.01661962
2018-09-15,-0.01010951,0.00000000,-0.00443837,97.93644228,126.41656771,112.17650499,48.96822114,63.20828385,0.43652832,-0.02063558,-0.02125417,-0.02098423
2018-09-16,0.00000000,0.00000000,0.00000000,97.93644228,126.41656771,112.17650499,48.96822114,63.20828385,0.43652832,-0.02063558,-0.02125417,-0.02098423
2018-09-17,0.01520783,0.00000000,0.00663865,99.42584291,126.41656771,112.92120531,49.71292146,63.20828385,0.44024434,-0.00574157,-0.02125417,-0.01448489
2018-09-18,-0.01206392,0.00000000,-0.00531107,98.22637770,126.41656771,112.32147271,49.11318885,63.20828385,0.43725556,-0.01773622,-0.02125417,-0.01971903
2018-09-19,-0.01500336,0.00000000,-0.00656030,96.75265237,126.41656771,111.58461004,48.37632618,63.20828385,0.43353941,-0.03247348,-0.02125417,-0.02614997
2018-09-20,0.00000000,0.00823928,0.00466723,96.75265237,127.45814913,112.10540075,48.37632618,63.72907456,0.43152538,-0.03247348,-0.01319001,-0.02160479
2018-09-21,0.01652354,0.00946697,0.01251206,98.35134883,128.66479099,113.50806991,49.17567442,64.33239550,0.43323505,-0.01648651,-0.00384791,-0.00936305
2018-09-22,-0.01666621,0.00000000,-0.00722039,96.71220426,128.66479099,112.68849762,48.35610213,64.33239550,0.42911303,-0.03287796,-0.00384791,-0.01651584
2018-09-23,0.00000000,0.00000000,0.00000000,96.71220426,128.66479099,112.68849762,48.35610213,64.33239550,0.42911303,-0.03287796,-0.00384791,-0.01651584
2018-09-24,0.00000000,0.00000000,0.00000000,96.71220426,128.66479099,112.68849762,48.35610213,64.33239550,0.42911303,-0.03287796,-0.00384791,-0.01651584
2018-09-25,0.00000000,0.00000000,0.00000000,96.71220426,128.66479099,112.68849762,48.35610213,64.33239550,0.42911303,-0.03287796,-0.00384791,-0.01651584
2018-09-26,0.00000000,0.00000000,0.00000000,96.71220426,128.66479099,112.68849762,48.35610213,64.33239550,0.42911303,-0.03287796,-0.00384791,-0.01651584
2018-09-27,0.00000000,0.00000000,0.00000000,96.71220426,128.66479099,112.68849762,48.35610213,64.33239550,0.42911303,-0.03287796,-0.00384791,-0.01651584
2018-09-28,0.00000000,0.00000000,0.00000000,96.71220426,128.66479099,112.68849762,48.35610213,64.33239550,0.42911303,-0.03287796,-0.00384791,-0.01651584
2018-09-29,0.00000000,-0.01121931,-0.00640496,96.71220426,127.22126137,111.96673281,48.35610213,63.61063068,0.43187919,-0.03287796,-0.01502404,-0.02281501
2018-09-30,-0.00795993,0.00000000,-0.00343773,95.94238221,127.22126137,111.58182179,47.97119111,63.61063068,0.42991941,-0.04057618,-0.01502404,-0.02617430
2018-10-01,0.00000000,0.00000000,0.00000000,95.94238221,127.22126137,111.58182179,47.97119111,63.61063068,0.42991941,-0.04057618,-0.01502404,-0.02617430
2018-10-02,0.00000000,0.00000000,0.00000000,95.94238221,127.22126137,111.58182179,47.97119111,63.61063068,0.42991941,-0.04057618,-0.01502404,-0.02617430
2018-10-03,0.00000000,0.00000000,0.00000000,95.94238221,127.22126137,111.58182179,47.97119111,63.61063068,0.42991941,-0.04057618,-0.01502404,-0.02617430
2018-10-04,0.00000000,0.00000000,0.00000000,95.94238221,127.22126137,111.58182179,47.97119111,63.61063068,0.42991941,-0.04057618,-0.01502404,-0.02617430
2018-10-05,0.00000000,-0.01759177,-0.01002872,95.94238221,124.98321458,110.46279839,47.97119111,62.49160729,0.43427463,-0.04057618,-0.03235151,-0.03594053
2018-10-06,0.00000000,0.00000000,0.00000000,95.94238221,124.98321458,110.46279839,47.97119111,62.49160729,0.43427463,-0.04057618,-0.03235151,-0.03594053
2018-10-07,0.00000000,0.00000000,0.00000000,95.94238221,124.98321458,110.46279839,47.97119111,62.49160729,0.43427463,-0.04057618,-0.03235151,-0.03594053
2018-10-08,0.00000000,0.00111760,0.00063226,95.94238221,125.12289618,110.53263919,47.97119111,62.56144809,0.43400023,-0.04057618,-0.03127007,-0.03533100
2018-10-09,0.00000000,-0.01230104,-0.00696239,95.94238221,123.58375450,109.76306836,47.97119111,61.79187725,0.43704309,-0.04057618,-0.04318645,-0.04204740
2018-10-10,0.00000000,0.00000000,0.00000000,95.94238221,123.58375450,109.76306836,47.97119111,61.79187725,0.43704309,-0.04057618,-0.04318645,-0.04204740
2018-10-11,0.00000000,0.14309687,0.08055737,95.94238221,141.26820331,118.60529276,47.97119111,70.63410165,0.40446080,-0.04057618,0.00000000,0.00000000
2018-10-12,0.00000000,-0.02104034,-0.01253034,95.94238221,138.29587285,117.11912753,47.97119111,69.14793643,0.40959314,-0.04057618,-0.02104034,-0.01253034
2018-10-13,0.00000000,-0.01733785,-0.01023639,95.94238221,135.89811929,115.92025075,47.97119111,67.94905964,0.41382926,-0.04057618,-0.03801340,-0.02263847
2018-10-14,0.00000000,0.01744049,0.01022310,95.94238221,138.26824896,117.10531559,47.97119111,69.13412448,0.40964145,-0.04057618,-0.02123588,-0.01264680
2018-10-15,0.01815669,-0.01086764,0.00102193,97.68437815,136.76559891,117.22498853,48.84218908,68.38279945,0.41665339,-0.02315622,-0.03187274,-0.01163780
2018-10-16,0.00302226,0.00000000,0.00125923,97.97960556,136.76559891,117.37260223,48.98980278,68.38279945,0.41738704,-0.02020394,-0.03187274,-0.01039322
2018-10-17,-0.00370218,0.00000000,-0.00154524,97.61686726,136.76559891,117.19123308,48.80843363,68.38279945,0.41648537,-0.02383133,-0.03187274,-0.01192240
2018-10-18,-0.00432377,0.01195243,0.00517363,97.19479397,138.40028051,117.79753724,48.59739699,69.20014025,0.41255020,-0.02805206,-0.02030126,-0.00681045
2018-10-19,0.00198367,0.00586771,0.00426535,97.38759635,139.21237332,118.29998484,48.69379818,69.60618666,0.41161289,-0.02612404,-0.01455267,-0.00257415
2018-10-20,-0.00586269,-0.01368986,-0.01046810,96.81664351,137.30657486,117.06160919,48.40832175,68.65328743,0.41352859,-0.03183356,-0.02804331,-0.01301530
2018-10-21,0.00000000,-0.01618095,-0.00948967,96.81664351,135.08482376,115.95073363,48.40832175,67.54241188,0.41749043,-0.03183356,-0.04377050,-0.02238146
2018-10-22,-0.00495841,0.00000000,-0.00207009,96.33658680,135.08482376,115.71070528,48.16829340,67.54241188,0.41628208,-0.03663413,-0.04377050,-0.02440521
2018-10-23,0.00000000,-0.00949751,-0.00554387,96.33658680,133.80185420,115.06922050,48.16829340,66.90092710,0.41860276,-0.03663413,-0.05285230,-0.02981378
2018-10-24,-0.00667173,0.00000000,-0.00279281,95.69385475,133.80185420,114.74785447,47.84692737,66.90092710,0.41697448,-0.04306145,-0.05285230,-0.03252332
2018-10-25,0.00000000,-0.00967686,-0.00564186,95.69385475,132.50707177,114.10046326,47.84692737,66.25353589,0.41934034,-0.04306145,-0.06201772,-0.03798169
2018-10-26,0.00000000,-0.01626050,-0.00944182,95.69385475,130.35244071,113.02314773,47.84692737,65.17622036,0.42333742,-0.04306145,-0.07726978,-0.04706489
2018-10-27,-0.00406100,-0.00625704,-0.00532738,95.30524155,129.53681995,112.42103075,47.65262078,64.76840997,0.42387639,-0.04694758,-0.08304334,-0.05214153
2018-10-28,0.00000000,-0.00225171,-0.00129727,95.30524155,129.24514007,112.27519081,47.65262078,64.62257003,0.42442699,-0.04694758,-0.08510806,-0.05337116
2018-10-29,0.00605963,0.02355959,0.01613214,95.88275587,132.29010319,114.08642953,47.94137794,66.14505160,0.42021981,-0.04117244,-0.06355358,-0.03810001
2018-10-30,-0.00046330,-0.00148206,-0.00105396,95.83833354,132.09404159,113.96618756,47.91916677,66.04702079,0.42046828,-0.04161666,-0.06494145,-0.03911381
2018-10-31,-0.01188383,-0.00699038,-0.00904792,94.69940672,131.17065466,112.93503069,47.34970336,65.58532733,0.41926498,-0.05300593,-0.07147786,-0.04780783
2018-11-01,0.00000000,-0.00593061,-0.00344411,94.69940672,130.39273280,112.54606976,47.34970336,65.19636640,0.42071397,-0.05300593,-0.07698456,-0.05108729
2018-11-02,-0.00585301,-0.01959681,-0.01381460,94.14512975,127.83745133,110.99129054,47.07256488,63.91872566,0.42411044,-0.05854870,-0.09507272,-0.06419614
2018-11-03,0.00000000,0.00000000,0.00000000,94.14512975,127.83745133,110.99129054,47.07256488,63.91872566,0.42411044,-0.05854870,-0.09507272,-0.06419614
2018-11-04,-0.00606952,0.05750800,0.03054411,93.57371415,135.18912785,114.38142100,46.78685708,67.59456392,0.40904245,-0.06426286,-0.04303216,-0.03561284
2018-11-05,0.00000000,-0.00683898,-0.00404155,93.57371415,134.26457149,113.91914282,46.78685708,67.13228574,0.41070233,-0.06426286,-0.04957685,-0.03951046
2018-11-06,-0.00486163,0.04787012,0.02621306,93.11879302,140.69183224,116.90531263,46.55939651,70.34591612,0.39826587,-0.06881207,-0.00407998,-0.01433309
2018-11-07,-0.00669568,-0.00756856,-0.00722092,92.49529964,139.62699837,116.06114900,46.24764982,69.81349918,0.39847658,-0.07504700,-0.01161765,-0.02145051
2018-11-08,0.00000000,-0.01523941,-0.00916686,92.49529964,137.49916475,114.99723219,46.24764982,68.74958237,0.40216316,-0.07504700,-0.02668002,-0.03042074
2018-11-09,0.00183095,0.00000000,0.00073634,92.66465403,137.49916475,115.08190939,46.33232702,68.74958237,0.40260304,-0.07335346,-0.02668002,-0.02970680
2018-11-10,-0.00382928,0.00000000,-0.00154168,92.30981534,137.49916475,114.90449004,46.15490767,68.74958237,0.40168063,-0.07690185,-0.02668002,-0.03120268
2018-11-11,-0.00175144,0.00000000,-0.00070352,92.14814061,137.49916475,114.82365268,46.07407030,68.74958237,0.40125940,-0.07851859,-0.02668002,-0.03188424
2018-11-12,0.00000000,0.00000000,0.00000000,92.14814061,137.49916475,114.82365268,46.07407030,68.74958237,0.40125940,-0.07851859,-0.02668002,-0.03188424
2018-11-13,0.00356993,-0.01083792,-0.00505663,92.47710297,136.00896032,114.24303164,46.23855148,68.00448016,0.40473848,-0.07522897,-0.03722878,-0.03677965
2018-11-14,0.10541131,0.10684373,0.10626397,102.22523514,150.54066543,126.38295029,51.11261757,75.27033272,0.40442653,0.00000000,0.00000000,0.00000000
2018-11-15,0.00156447,0.01326697,0.00853416,102.38516314,152.53788327,127.46152321,51.19258157,76.26894164,0.40163165,0.00000000,0.00000000,0.00000000
2018-11-16,0.01092271,0.03171289,0.02336290,103.50348646,157.37530050,130.43939348,51.75174323,78.68765025,0.39674934,0.00000000,0.00000000,0.00000000
2018-11-17,0.00075770,0.00284307,0.00201570,103.58191128,157.82272917,130.70232023,51.79095564,78.91136459,0.39625123,0.00000000,0.00000000,0.00000000
2018-11-18,-0.00791093,-0.01216418,-0.01047883,102.76248182,155.90294503,129.33271342,51.38124091,77.95147251,0.39727954,-0.00791093,-0.01216418,-0.01047883
2018-11-19,0.11751614,0.13147886,0.12593175,114.83873182,176.40088575,145.61980878,57.41936591,88.20044287,0.39431013,0.00000000,0.00000000,0.00000000
2018-11-20,0.01214982,0.08643151,0.05714149,116.23400211,191.64748125,153.94074168,58.11700105,95.82374062,0.37752839,0.00000000,0.00000000,0.00000000
2018-11-21,0.00000000,-0.02064976,-0.01285389,116.23400211,187.69000708,151.96200459,58.11700105,93.84500354,0.38244429,0.00000000,-0.02064976,-0.01285389
2018-11-22,0.00000000,0.05546210,0.03425094,116.23400211,198.09968970,157.16684591,58.11700105,99.04984485,0.36977901,0.00000000,0.00000000,0.00000000
2018-11-23,0.00000000,0.00729326,0.00459636,116.23400211,199.54448186,157.88924198,58.11700105,99.77224093,0.36808715,0.00000000,0.00000000,0.00000000
2018-11-24,0.00000000,0.04555638,0.02878766,116.23400211,208.63500643,162.43450427,58.11700105,104.31750321,0.35778729,0.00000000,0.00000000,0.00000000
2018-11-25,0.00000000,0.01931398,0.01240368,116.23400211,212.66457887,164.44929049,58.11700105,106.33228943,0.35340378,0.00000000,0.00000000,0.00000000
2018-11-26,0.00000000,0.00000000,0.00000000,116.23400211,212.66457887,164.44929049,58.11700105,106.33228943,0.35340378,0.00000000,0.00000000,0.00000000
2018-11-27,0.00000000,0.00000000,0.00000000,116.23400211,212.66457887,164.44929049,58.11700105,106.33228943,0.35340378,0.00000000,0.00000000,0.00000000
2018-11-28,-0.01160225,-0.00797589,-0.00925746,114.88542584,210.96838888,162.92690736,57.44271292,105.48419444,0.35256738,-0.01160225,-0.00797589,-0.00925746
2018-11-29,0.00000000,0.00000000,0.00000000,114.88542584,210.96838888,162.92690736,57.44271292,105.48419444,0.35256738,-0.01160225,-0.00797589,-0.00925746
2018-11-30,0.00000000,0.00000000,0.00000000,114.88542584,210.96838888,162.92690736,57.44271292,105.48419444,0.35256738,-0.01160225,-0.00797589,-0.00925746
2018-12-01,0.00000000,0.00000000,0.00000000,114.88542584,210.96838888,162.92690736,57.44271292,105.48419444,0.35256738,-0.01160225,-0.00797589,-0.00925746
2018-12-02,0.00000000,0.00000000,0.00000000,114.88542584,210.96838888,162.92690736,57.44271292,105.48419444,0.35256738,-0.01160225,-0.00797589,-0.00925746
2018-12-03,0.00000000,0.00000000,0.00000000,114.88542584,210.96838888,162.92690736,57.44271292,105.48419444,0.35256738,-0.01160225,-0.00797589,-0.00925746
2018-12-04,0.00000000,0.00000000,0.00000000,114.88542584,210.96838888,162.92690736,57.44271292,105.48419444,0.35256738,-0.01160225,-0.00797589,-0.00925746
2018-12-05,0.00000000,0.00000000,0.00000000,114.88542584,210.96838888,162.92690736,57.44271292,105.48419444,0.35256738,-0.01160225,-0.00797589,-0.00925746
2018-12-06,0.00000000,0.00000000,0.00000000,114.88542584,210.96838888,162.92690736,57.44271292,105.48419444,0.35256738,-0.01160225,-0.00797589,-0.00925746
2018-12-07,0.00000000,0.00000000,0.00000000,114.88542584,210.96838888,162.92690736,57.44271292,105.48419444,0.35256738,-0.01160225,-0.00797589,-0.00925746
2018-12-08,0.00000000,0.00000000,0.00000000,114.88542584,210.96838888,162.92690736,57.44271292,105.48419444,0.35256738,-0.01160225,-0.00797589,-0.00925746
2018-12-09,0.00000000,0.00000000,0.00000000,114.88542584,210.96838888,162.92690736,57.44271292,105.48419444,0.35256738,-0.01160225,-0.00797589,-0.00925746
2018-12-10,0.00000000,0.00000000,0.00000000,114.88542584,210.96838888,162.92690736,57.44271292,105.48419444,0.35256738,-0.01160225,-0.00797589,-0.00925746
2018-12-11,0.00000000,0.00000000,0.00000000,114.88542584,210.96838888,162.92690736,57.44271292,105.48419444,0.35256738,-0.01160225,-0.00797589,-0.00925746
2018-12-12,0.00000000,0.00000000,0.00000000,114.88542584,210.96838888,162.92690736,57.44271292,105.48419444,0.35256738,-0.01160225,-0.00797589,-0.00925746
2018-12-13,0.00000000,0.00599419,0.00388083,114.88542584,212.23297322,163.55919953,57.44271292,106.11648661,0.35120441,-0.01160225,-0.00202951,-0.00541256
2018-12-14,0.00000000,-0.00708199,-0.00459476,114.88542584,210.72994119,162.80768352,57.44271292,105.36497059,0.35282556,-0.01160225,-0.00909713,-0.00998245
2018-12-15,0.00000000,0.00000000,0.00000000,114.88542584,210.72994119,162.80768352,57.44271292,105.36497059,0.35282556,-0.01160225,-0.00909713,-0.00998245
2018-12-16,0.00000000,0.00096526,0.00062469,114.88542584,210.93335063,162.90938824,57.44271292,105.46667532,0.35260530,-0.01160225,-0.00814065,-0.00936399
2018-12-17,-0.00844834,0.03018343,0.01656166,113.91483422,217.30004363,165.60743892,56.95741711,108.65002182,0.34393031,-0.01995258,0.00000000,0.00000000
2018-12-18,0.01171332,0.06778059,0.04849736,115.24915503,232.02876953,173.63896228,57.62457752,116.01438476,0.33186433,-0.00847297,0.00000000,0.00000000
2018-12-19,0.00647202,-0.01644250,-0.00883799,115.99505000,228.21363645,172.10434323,57.99752500,114.10681822,0.33699048,-0.00205578,-0.01644250,-0.00883799
2018-12-20,0.03043474,0.15511698,0.11310026,119.52532972,263.61344704,191.56938838,59.76266486,131.80672352,0.31196354,0.00000000,0.00000000,0.00000000
2018-12-21,0.00000000,-0.05578473,-0.03838193,119.52532972,248.90784316,184.21658644,59.76266486,124.45392158,0.32441522,0.00000000,-0.05578473,-0.03838193
2018-12-22,0.00000000,0.06976331,0.04713103,119.52532972,266.27247919,192.89890445,59.76266486,133.13623959,0.30981340,0.00000000,0.00000000,0.00000000
2018-12-23,0.00000000,0.12009409,0.08288733,119.52532972,298.25023102,208.88778037,59.76266486,149.12511551,0.28609938,0.00000000,0.00000000,0.00000000
2018-12-24,-0.00616291,0.06247229,0.04283580,118.78870601,316.88260686,217.83565643,59.39435300,158.44130343,0.27265671,-0.00616291,0.00000000,0.00000000
2018-12-25,0.00000000,0.00000000,0.00000000,118.78870601,316.88260686,217.83565643,59.39435300,158.44130343,0.27265671,-0.00616291,0.00000000,0.00000000
2018-12-26,0.00000000,0.00000000,0.00000000,118.78870601,316.88260686,217.83565643,59.39435300,158.44130343,0.27265671,-0.00616291,0.00000000,0.00000000
2018-12-27,0.00000000,0.00000000,0.00000000,118.78870601,316.88260686,217.83565643,59.39435300,158.44130343,0.27265671,-0.00616291,0.00000000,0.00000000
2018-12-28,0.00000000,0.00000000,0.00000000,118.78870601,316.88260686,217.83565643,59.39435300,158.44130343,0.27265671,-0.00616291,0.00000000,0.00000000
2018-12-29,0.00000000,-0.02132246,-0.01550875,118.78870601,310.12589002,214.45729801,59.39435300,155.06294501,0.27695189,-0.00616291,-0.02132246,-0.01550875
2018-12-30,0.00000000,0.00000000,0.00000000,118.78870601,310.12589002,214.45729801,59.39435300,155.06294501,0.27695189,-0.00616291,-0.02132246,-0.01550875
2018-12-31,0.00000000,0.00000000,0.00000000,118.78870601,310.12589002,214.45729801,59.39435300,155.06294501,0.27695189,-0.00616291,-0.02132246,-0.01550875
2019-01-01,0.00000000,-0.00859589,-0.00621524,118.78870601,307.46008314,213.12439457,59.39435300,153.73004157,0.27868397,-0.00616291,-0.02973506,-0.02162760
2019-01-02,0.00000000,0.00517209,0.00373071,118.78870601,309.05029370,213.91949985,59.39435300,154.52514685,0.27764815,-0.00616291,-0.02471677,-0.01797757
2019-01-03,0.00000000,0.00000000,0.00000000,118.78870601,309.05029370,213.91949985,59.39435300,154.52514685,0.27764815,-0.00616291,-0.02471677,-0.01797757
2019-01-04,0.00000000,0.00000000,0.00000000,118.78870601,309.05029370,213.91949985,59.39435300,154.52514685,0.27764815,-0.00616291,-0.02471677,-0.01797757
2019-01-05,0.00000000,0.00000000,0.00000000,118.78870601,309.05029370,213.91949985,59.39435300,154.52514685,0.27764815,-0.00616291,-0.02471677,-0.01797757
2019-01-06,-0.00487278,-0.00890557,-0.00778588,118.20987489,306.29802348,212.25394919,59.10493744,153.14901174,0.27846331,-0.01100566,-0.03340222,-0.02562348
2019-01-07,0.00000000,0.00000000,0.00000000,118.20987489,306.29802348,212.25394919,59.10493744,153.14901174,0.27846331,-0.01100566,-0.03340222,-0.02562348
2019-01-08,-0.00355502,0.00000000,-0.00098994,117.78963694,306.29802348,212.04383021,58.89481847,153.14901174,0.27774832,-0.01452155,-0.03340222,-0.02658805
2019-01-09,0.00000000,0.00000000,0.00000000,117.78963694,306.29802348,212.04383021,58.89481847,153.14901174,0.27774832,-0.01452155,-0.03340222,-0.02658805
2019-01-10,0.00000000,0.00000000,0.00000000,117.78963694,306.29802348,212.04383021,58.89481847,153.14901174,0.27774832,-0.01452155,-0.03340222,-0.02658805
2019-01-11,0.00000000,0.00000000,0.00000000,117.78963694,306.29802348,212.04383021,58.89481847,153.14901174,0.27774832,-0.01452155,-0.03340222,-0.02658805
2019-01-12,0.00000000,0.00000000,0.00000000,117.78963694,306.29802348,212.04383021,58.89481847,153.14901174,0.27774832,-0.01452155,-0.03340222,-0.02658805
2019-01-13,0.00000000,0.00000000,0.00000000,117.78963694,306.29802348,212.04383021,58.89481847,153.14901174,0.27774832,-0.01452155,-0.03340222,-0.02658805
2019-01-14,0.00000000,0.00000000,0.00000000,117.78963694,306.29802348,212.04383021,58.89481847,153.14901174,0.27774832,-0.01452155,-0.03340222,-0.02658805
2019-01-15,0.00000000,0.00000000,0.00000000,117.78963694,306.29802348,212.04383021,58.89481847,153.14901174,0.27774832,-0.01452155,-0.03340222,-0.02658805
2019-01-16,0.00000000,0.00000000,0.00000000,117.78963694,306.29802348,212.04383021,58.89481847,153.14901174,0.27774832,-0.01452155,-0.03340222,-0.02658805
2019-01-17,0.00000000,0.00000000,0.00000000,117.78963694,306.29802348,212.04383021,58.89481847,153.14901174,0.27774832,-0.01452155,-0.03340222,-0.02658805
2019-01-18,0.00000000,0.00000000,0.00000000,117.78963694,306.29802348,212.04383021,58.89481847,153.14901174,0.27774832,-0.01452155,-0.03340222,-0.02658805
2019-01-19,0.00000000,0.00000000,0.00000000,117.78963694,306.29802348,212.04383021,58.89481847,153.14901174,0.27774832,-0.01452155,-0.03340222,-0.02658805
2019-01-20,0.02886231,0.00000000,0.00801646,121.18931835,306.29802348,213.74367092,60.59465918,153.14901174,0.28349218,0.00000000,-0.03340222,-0.01878474
2019-01-21,0.00138982,0.00000000,0.00039400,121.35774998,306.29802348,213.82788673,60.67887499,153.14901174,0.28377438,0.00000000,-0.03340222,-0.01839813
2019-01-22,-0.00364012,0.00000000,-0.00103297,120.91599323,306.29802348,213.60700836,60.45799661,153.14901174,0.28303377,-0.00364012,-0.03340222,-0.01941210
2019-01-23,-0.00079356,0.00000000,-0.00022460,120.82003968,306.29802348,213.55903158,60.41001984,153.14901174,0.28287270,-0.00443079,-0.03340222,-0.01963235
2019-01-24,-0.00979984,0.00000000,-0.00277211,119.63602276,306.29802348,212.96702312,59.81801138,153.14901174,0.28087922,-0.01418720,-0.03340222,-0.02235003
2019-01-25,0.00000000,0.00000000,0.00000000,119.63602276,306.29802348,212.96702312,59.81801138,153.14901174,0.28087922,-0.01418720,-0.03340222,-0.02235003
2019-01-26,0.00000000,0.00000000,0.00000000,119.63602276,306.29802348,212.96702312,59.81801138,153.14901174,0.28087922,-0.01418720,-0.03340222,-0.02235003
2019-01-27,0.00000000,0.00000000,0.00000000,119.63602276,306.29802348,212.96702312,59.81801138,153.14901174,0.28087922,-0.01418720,-0.03340222,-0.02235003
2019-01-28,0.01968726,0.00000000,0.00552974,121.99132799,306.29802348,214.14467574,60.99566400,153.14901174,0.28483390,0.00000000,-0.03340222,-0.01694388
2019-01-29,0.01092778,0.00000000,0.00311260,123.32442272,306.29802348,214.81122310,61.66221136,153.14901174,0.28705302,0.00000000,-0.03340222,-0.01388401
2019-01-30,-0.01298545,0.00000000,-0.00372751,121.72299995,306.29802348,214.01051172,60.86149998,153.14901174,0.28438556,-0.01298545,-0.03340222,-0.01755977
2019-01-31,0.00680701,0.00000000,0.00193582,122.55156960,306.29802348,214.42479654,61.27578480,153.14901174,0.28576818,-0.00626683,-0.03340222,-0.01565795
2019-02-01,-0.00605811,-0.00297336,-0.00385489,121.80913838,305.38728782,213.59821310,60.90456919,152.69364391,0.28513614,-0.01228698,-0.03627627,-0.01945248
2019-02-02,-0.00545066,0.00339127,0.00087012,121.14519858,306.42293869,213.78406864,60.57259929,153.21146934,0.28333542,-0.01767066,-0.03300802,-0.01859929
2019-02-03,0.00000000,0.00000000,0.00000000,121.14519858,306.42293869,213.78406864,60.57259929,153.21146934,0.28333542,-0.01767066,-0.03300802,-0.01859929
2019-02-04,0.00000000,0.00000000,0.00000000,121.14519858,306.42293869,213.78406864,60.57259929,153.21146934,0.28333542,-0.01767066,-0.03300802,-0.01859929
2019-02-05,0.00000000,0.00000000,0.00000000,121.14519858,306.42293869,213.78406864,60.57259929,153.21146934,0.28333542,-0.01767066,-0.03300802,-0.01859929
2019-02-06,0.00000000,0.00000000,0.00000000,121.14519858,306.42293869,213.78406864,60.57259929,153.21146934,0.28333542,-0.01767066,-0.03300802,-0.01859929
2019-02-07,0.00000000,0.00000000,0.00000000,121.14519858,306.42293869,213.78406864,60.57259929,153.21146934,0.28333542,-0.01767066,-0.03300802,-0.01859929
2019-02-08,0.04901440,-0.01811974,0.00090174,127.08305737,300.87063504,213.97684620,63.54152869,150.43531752,0.29695516,0.00000000,-0.05052966,-0.01771432
2019-02-09,-0.00008836,0.00000000,-0.00002624,127.07182781,300.87063504,213.97123142,63.53591391,150.43531752,0.29693671,-0.00008836,-0.05052966,-0.01774009
2019-02-10,0.00766349,0.02588090,0.02047148,128.04564125,308.65743781,218.35153953,64.02282062,154.32871890,0.29320984,0.00000000,-0.02595652,0.00000000
2019-02-11,-0.01690137,-0.04016913,-0.03334680,125.88149442,296.25893565,211.07021503,62.94074721,148.12946783,0.29819815,-0.01690137,-0.06508300,-0.03334680
2019-02-12,-0.01645251,-0.01585337,-0.01603204,123.81042761,291.56223171,207.68632966,61.90521381,145.78111585,0.29807072,-0.03307581,-0.07990459,-0.04884422
2019-02-13,0.00000000,0.00000000,0.00000000,123.81042761,291.56223171,207.68632966,61.90521381,145.78111585,0.29807072,-0.03307581,-0.07990459,-0.04884422
2019-02-14,0.00000000,0.00000000,0.00000000,123.81042761,291.56223171,207.68632966,61.90521381,145.78111585,0.29807072,-0.03307581,-0.07990459,-0.04884422
2019-02-15,0.00000000,0.00000000,0.00000000,123.81042761,291.56223171,207.68632966,61.90521381,145.78111585,0.29807072,-0.03307581,-0.07990459,-0.04884422
2019-02-16,0.00000000,0.00000000,0.00000000,123.81042761,291.56223171,207.68632966,61.90521381,145.78111585,0.29807072,-0.03307581,-0.07990459,-0.04884422
2019-02-17,0.00000000,0.00000000,0.00000000,123.81042761,291.56223171,207.68632966,61.90521381,145.78111585,0.29807072,-0.03307581,-0.07990459,-0.04884422
2019-02-18,0.01184623,0.00292466,0.00558392,125.27711498,292.41495083,208.84603291,62.63855749,146.20747542,0.29992697,-0.02162140,-0.07721363,-0.04353304
2019-02-19,0.00482408,-0.01545068,-0.00936973,125.88146125,287.89694105,206.88920115,62.94073063,143.94847052,0.30422434,-0.01690163,-0.09147131,-0.05249488
2019-02-20,0.01236763,-0.01558701,-0.00708253,127.43831684,283.40948916,205.42390300,63.71915842,141.70474458,0.31018376,-0.00474303,-0.10563255,-0.05920561
2019-02-21,-0.00918210,0.00000000,-0.00284814,126.26816514,283.40948916,204.83882715,63.13408257,141.70474458,0.30821345,-0.01388158,-0.10563255,-0.06188513
2019-02-22,0.01011107,0.00000000,0.00311637,127.54487093,283.40948916,205.47718004,63.77243546,141.70474458,0.31036262,-0.00391087,-0.10563255,-0.05896162
2019-02-23,0.04410990,0.03112688,0.03515632,133.17086187,292.23114313,212.70100250,66.58543094,146.11557156,0.31304710,0.00000000,-0.07779368,-0.02587816
2019-02-24,-0.06990868,-0.04545025,-0.05310689,123.86106268,278.94916346,201.40511307,61.93053134,139.47458173,0.30749235,-0.06990868,-0.11970819,-0.07761075
2019-02-25,0.00000000,0.00000000,0.00000000,123.86106268,278.94916346,201.40511307,61.93053134,139.47458173,0.30749235,-0.06990868,-0.11970819,-0.07761075
2019-02-26,0.00000000,0.00000000,0.00000000,123.86106268,278.94916346,201.40511307,61.93053134,139.47458173,0.30749235,-0.06990868,-0.11970819,-0.07761075
2019-02-27,0.00000000,0.00000000,0.00000000,123.86106268,278.94916346,201.40511307,61.93053134,139.47458173,0.30749235,-0.06990868,-0.11970819,-0.07761075
2019-02-28,0.00000000,0.00000000,0.00000000,123.86106268,278.94916346,201.40511307,61.93053134,139.47458173,0.30749235,-0.06990868,-0.11970819,-0.07761075
2019-03-01,0.00000000,0.00000000,0.00000000,123.86106268,278.94916346,201.40511307,61.93053134,139.47458173,0.30749235,-0.06990868,-0.11970819,-0.07761075
2019-03-02,0.00000000,0.00000000,0.00000000,123.86106268,278.94916346,201.40511307,61.93053134,139.47458173,0.30749235,-0.06990868,-0.11970819,-0.07761075
2019-03-03,0.00000000,0.00000000,0.00000000,123.86106268,278.94916346,201.40511307,61.93053134,139.47458173,0.30749235,-0.06990868,-0.11970819,-0.07761075
2019-03-04,0.00000000,0.00000000,0.00000000,123.86106268,278.94916346,201.40511307,61.93053134,139.47458173,0.30749235,-0.06990868,-0.11970819,-0.07761075
2019-03-05,-0.01355717,-0.00616412,-0.00843743,122.18185659,277.22968822,199.70577241,61.09092830,138.61484411,0.30590467,-0.08251809,-0.12513441,-0.08539334
2019-03-06,0.00000000,0.00000000,0.00000000,122.18185659,277.22968822,199.70577241,61.09092830,138.61484411,0.30590467,-0.08251809,-0.12513441,-0.08539334
2019-03-07,0.00000000,0.00000000,0.00000000,122.18185659,277.22968822,199.70577241,61.09092830,138.61484411,0.30590467,-0.08251809,-0.12513441,-0.08539334
2019-03-08,0.00000000,0.00000000,0.00000000,122.18185659,277.22968822,199.70577241,61.09092830,138.61484411,0.30590467,-0.08251809,-0.12513441,-0.08539334
2019-03-09,0.00000000,0.00000000,0.00000000,122.18185659,277.22968822,199.70577241,61.09092830,138.61484411,0.30590467,-0.08251809,-0.12513441,-0.08539334
2019-03-10,0.00000000,0.00000000,0.00000000,122.18185659,277.22968822,199.70577241,61.09092830,138.61484411,0.30590467,-0.08251809,-0.12513441,-0.08539334
2019-03-11,0.00000000,0.00000000,0.00000000,122.18185659,277.22968822,199.70577241,61.09092830,138.61484411,0.30590467,-0.08251809,-0.12513441,-0.08539334
2019-03-12,0.00000000,0.00000000,0.00000000,122.18185659,277.22968822,199.70577241,61.09092830,138.61484411,0.30590467,-0.08251809,-0.12513441,-0.08539334
2019-03-13,0.00000000,0.00000000,0.00000000,122.18185659,277.22968822,199.70577241,61.09092830,138.61484411,0.30590467,-0.08251809,-0.12513441,-0.08539334
2019-03-14,0.00000000,0.00000000,0.00000000,122.18185659,277.22968822,199.70577241,61.09092830,138.61484411,0.30590467,-0.08251809,-0.12513441,-0.08539334
2019-03-15,0.00000000,0.00000000,0.00000000,122.18185659,277.22968822,199.70577241,61.09092830,138.61484411,0.30590467,-0.08251809,-0.12513441,-0.08539334
2019-03-16,0.00129613,0.01351380,0.00977636,122.34021958,280.97611499,201.65816728,61.17010979,140.48805749,0.30333564,-0.08132892,-0.11331165,-0.07645182
2019-03-17,0.00000000,0.00000000,0.00000000,122.34021958,280.97611499,201.65816728,61.17010979,140.48805749,0.30333564,-0.08132892,-0.11331165,-0.07645182
2019-03-18,0.00000000,0.00000000,0.00000000,122.34021958,280.97611499,201.65816728,61.17010979,140.48805749,0.30333564,-0.08132892,-0.11331165,-0.07645182
2019-03-19,0.00000000,0.00000000,0.00000000,122.34021958,280.97611499,201.65816728,61.17010979,140.48805749,0.30333564,-0.08132892,-0.11331165,-0.07645182
2019-03-20,0.00000000,0.00000000,0.00000000,122.34021958,280.97611499,201.65816728,61.17010979,140.48805749,0.30333564,-0.08132892,-0.11331165,-0.07645182
2019-03-21,0.00000000,0.00000000,0.00000000,122.34021958,280.97611499,201.65816728,61.17010979,140.48805749,0.30333564,-0.08132892,-0.11331165,-0.07645182
2019-03-22,0.00000000,0.00000000,0.00000000,122.34021958,280.97611499,201.65816728,61.17010979,140.48805749,0.30333564,-0.08132892,-0.11331165,-0.07645182
2019-03-23,0.00000000,0.00000000,0.00000000,122.34021958,280.97611499,201.65816728,61.17010979,140.48805749,0.30333564,-0.08132892,-0.11331165,-0.07645182
2019-03-24,0.00000000,0.00000000,0.00000000,122.34021958,280.97611499,201.65816728,61.17010979,140.48805749,0.30333564,-0.08132892,-0.11331165,-0.07645182
2019-03-25,0.00000000,0.00000000,0.00000000,122.34021958,280.97611499,201.65816728,61.17010979,140.48805749,0.30333564,-0.08132892,-0.11331165,-0.07645182
2019-03-26,0.00000000,0.00000000,0.00000000,122.34021958,280.97611499,201.65816728,61.17010979,140.48805749,0.30333564,-0.08132892,-0.11331165,-0.07645182
2019-03-27,0.00000000,0.00000000,0.00000000,122.34021958,280.97611499,201.65816728,61.17010979,140.48805749,0.30333564,-0.08132892,-0.11331165,-0.07645182
2019-03-28,0.00000000,0.00000000,0.00000000,122.34021958,280.97611499,201.65816728,61.17010979,140.48805749,0.30333564,-0.08132892,-0.11331165,-0.07645182
2019-03-29,0.00718735,0.01191749,0.01048267,123.21952145,284.32464535,203.77208340,61.60976072,142.16232268,0.30234642,-0.07472611,-0.10274455,-0.06677057
2019-03-30,0.00120347,-0.02203320,-0.01500767,123.36781262,278.06006469,200.71393865,61.68390631,139.03003234,0.30732248,-0.07361257,-0.12251396,-0.08077617
2019-03-31,0.00028340,0.00000000,0.00008710,123.40277558,278.06006469,200.73142013,61.70138779,139.03003234,0.30738281,-0.07335003,-0.12251396,-0.08069611
2019-04-01,0.00982841,0.00000000,0.00302108,124.61562861,278.06006469,201.33784665,62.30781430,139.03003234,0.30946896,-0.06424253,-0.12251396,-0.07791881
2019-04-02,0.18461996,0.00000000,0.05713415,147.62216052,278.06006469,212.84111260,73.81108026,139.03003234,0.34678958,0.00000000,-0.12251396,-0.02523649
2019-04-03,0.00291254,-0.03127879,-0.01942159,148.05211571,269.36268306,208.70739938,74.02605786,134.68134153,0.35468823,0.00000000,-0.14996066,-0.04416795
2019-04-04,0.00000000,0.00000000,0.00000000,148.05211571,269.36268306,208.70739938,74.02605786,134.68134153,0.35468823,0.00000000,-0.14996066,-0.04416795
2019-04-05,0.00000000,0.00000000,0.00000000,148.05211571,269.36268306,208.70739938,74.02605786,134.68134153,0.35468823,0.00000000,-0.14996066,-0.04416795
2019-04-06,0.00000000,0.00000000,0.00000000,148.05211571,269.36268306,208.70739938,74.02605786,134.68134153,0.35468823,0.00000000,-0.14996066,-0.04416795
2019-04-07,-0.00993281,0.00584621,0.00024958,146.58154221,270.93743406,208.75948814,73.29077111,135.46871703,0.35107756,-0.00993281,-0.14499115,-0.04392940
2019-04-08,-0.00590390,-0.01830217,-0.01394942,145.71613936,265.97869143,205.84741539,72.85806968,132.98934572,0.35394212,-0.01577807,-0.16063966,-0.05726602
2019-04-09,0.00000000,0.00000000,0.00000000,145.71613936,265.97869143,205.84741539,72.85806968,132.98934572,0.35394212,-0.01577807,-0.16063966,-0.05726602
2019-04-10,0.00000000,0.00000000,0.00000000,145.71613936,265.97869143,205.84741539,72.85806968,132.98934572,0.35394212,-0.01577807,-0.16063966,-0.05726602
2019-04-11,0.00000000,0.00000000,0.00000000,145.71613936,265.97869143,205.84741539,72.85806968,132.98934572,0.35394212,-0.01577807,-0.16063966,-0.05726602
2019-04-12,0.00000000,0.00000000,0.00000000,145.71613936,265.97869143,205.84741539,72.85806968,132.98934572,0.35394212,-0.01577807,-0.16063966,-0.05726602
2019-04-13,0.00000000,0.00000000,0.00000000,145.71613936,265.97869143,205.84741539,72.85806968,132.98934572,0.35394212,-0.01577807,-0.16063966,-0.05726602
2019-04-14,0.00154059,0.00823569,0.00586601,145.94062764,268.16920861,207.05491812,72.97031382,134.08460430,0.35242009,-0.01426179,-0.15372696,-0.05173594
2019-04-15,-0.00432394,-0.01905720,-0.01386491,145.30958848,263.05865399,204.18412123,72.65479424,131.52932699,0.35582980,-0.01852407,-0.16985455,-0.06488353
2019-04-16,0.00252300,0.00000000,0.00089776,145.67620516,263.05865399,204.36742958,72.83810258,131.52932699,0.35640759,-0.01604780,-0.16985455,-0.06404402
2019-04-17,0.00146918,0.00000000,0.00052363,145.89023024,263.05865399,204.47444211,72.94511512,131.52932699,0.35674441,-0.01460219,-0.16985455,-0.06355393
2019-04-18,0.00000000,0.00000000,0.00000000,145.89023024,263.05865399,204.47444211,72.94511512,131.52932699,0.35674441,-0.01460219,-0.16985455,-0.06355393
2019-04-19,0.00000000,0.00000000,0.00000000,145.89023024,263.05865399,204.47444211,72.94511512,131.52932699,0.35674441,-0.01460219,-0.16985455,-0.06355393
2019-04-20,0.00000000,0.00000000,0.00000000,145.89023024,263.05865399,204.47444211,72.94511512,131.52932699,0.35674441,-0.01460219,-0.16985455,-0.06355393
2019-04-21,0.00000000,0.00000000,0.00000000,145.89023024,263.05865399,204.47444211,72.94511512,131.52932699,0.35674441,-0.01460219,-0.16985455,-0.06355393
2019-04-22,-0.00829671,0.00000000,-0.00295981,144.67982100,263.05865399,203.86923749,72.33991050,131.52932699,0.35483485,-0.02277775,-0.16985455,-0.06632562
2019-04-23,0.00000000,0.00000000,0.00000000,144.67982100,263.05865399,203.86923749,72.33991050,131.52932699,0.35483485,-0.02277775,-0.16985455,-0.06632562
2019-04-24,0.00000000,0.00000000,0.00000000,144.67982100,263.05865399,203.86923749,72.33991050,131.52932699,0.35483485,-0.02277775,-0.16985455,-0.06632562
2019-04-25,0.00000000,0.00000000,0.00000000,144.67982100,263.05865399,203.86923749,72.33991050,131.52932699,0.35483485,-0.02277775,-0.16985455,-0.06632562
2019-04-26,0.00000000,0.00000000,0.00000000,144.67982100,263.05865399,203.86923749,72.33991050,131.52932699,0.35483485,-0.02277775,-0.16985455,-0.06632562
2019-04-27,0.00000000,0.00000000,0.00000000,144.67982100,263.05865399,203.86923749,72.33991050,131.52932699,0.35483485,-0.02277775,-0.16985455,-0.06632562
2019-04-28,0.00000000,0.00000000,0.00000000,144.67982100,263.05865399,203.86923749,72.33991050,131.52932699,0.35483485,-0.02277775,-0.16985455,-0.06632562
2019-04-29,0.00000000,0.00000000,0.00000000,144.67982100,263.05865399,203.86923749,72.33991050,131.52932699,0.35483485,-0.02277775,-0.16985455,-0.06632562
2019-04-30,0.00000000,0.00000000,0.00000000,144.67982100,263.05865399,203.86923749,72.33991050,131.52932699,0.35483485,-0.02277775,-0.16985455,-0.06632562
2019-05-01,-0.00829229,0.00000000,-0.00294239,143.48009358,263.05865399,203.26937378,71.74004679,131.52932699,0.35293092,-0.03088117,-0.16985455,-0.06907286
2019-05-02,0.00000000,0.00000000,0.00000000,143.48009358,263.05865399,203.26937378,71.74004679,131.52932699,0.35293092,-0.03088117,-0.16985455,-0.06907286
2019-05-03,0.01296677,0.00734563,0.00932951,145.34056731,264.99098670,205.16577700,72.67028365,132.49549335,0.35420276,-0.01831482,-0.16375661,-0.06038777
2019-05-04,-0.01789703,-0.02423424,-0.02198958,142.73940322,258.56913156,200.65426739,71.36970161,129.28456578,0.35568494,-0.03588407,-0.18402233,-0.08104945
2019-05-05,-0.01395552,0.00000000,-0.00496377,140.74739999,258.56913156,199.65826578,70.37370000,129.28456578,0.35247076,-0.04933881,-0.18402233,-0.08561091
2019-05-06,0.00000000,0.00000000,0.00000000,140.74739999,258.56913156,199.65826578,70.37370000,129.28456578,0.35247076,-0.04933881,-0.18402233,-0.08561091
2019-05-07,-0.01668744,-0.02159856,-0.01986753,138.39868601,252.98441078,195.69154840,69.19934300,126.49220539,0.35361437,-0.06520292,-0.20164627,-0.10377757
2019-05-08,0.00000000,0.00000000,0.00000000,138.39868601,252.98441078,195.69154840,69.19934300,126.49220539,0.35361437,-0.06520292,-0.20164627,-0.10377757
2019-05-09,0.00000000,0.00000000,0.00000000,138.39868601,252.98441078,195.69154840,69.19934300,126.49220539,0.35361437,-0.06520292,-0.20164627,-0.10377757
2019-05-10,0.00000000,0.00000000,0.00000000,138.39868601,252.98441078,195.69154840,69.19934300,126.49220539,0.35361437,-0.06520292,-0.20164627,-0.10377757
2019-05-11,0.08815784,0.02636291,0.04821449,150.59961566,259.65381564,205.12671565,75.29980783,129.82690782,0.36708923,0.00000000,-0.18059934,-0.06056666
2019-05-12,-0.03369886,0.00000000,-0.01237049,145.52457968,259.65381564,202.58919766,72.76228984,129.82690782,0.35916175,-0.03369886,-0.18059934,-0.07218791
2019-05-13,0.11987607,0.00000000,0.04305490,162.96949400,259.65381564,211.31165482,81.48474700,129.82690782,0.38561407,0.00000000,-0.18059934,-0.03224106
2019-05-14,0.02253727,0.00000000,0.00869069,166.64238220,259.65381564,213.14809892,83.32119110,129.82690782,0.39090750,0.00000000,-0.18059934,-0.02383057
2019-05-15,0.02789547,0.11631269,0.08174974,171.29094983,289.85485033,230.57290008,85.64547492,144.92742517,0.37144641,0.00000000,-0.08529265,0.00000000
2019-05-16,-0.03313830,0.02179786,0.00139202,165.61465917,296.17306708,230.89386312,82.80732959,148.08653354,0.35863807,-0.03313830,-0.06535398,0.00000000
2019-05-17,0.00000000,0.00000000,0.00000000,165.61465917,296.17306708,230.89386312,82.80732959,148.08653354,0.35863807,-0.03313830,-0.06535398,0.00000000
2019-05-18,0.00000000,0.00000000,0.00000000,165.61465917,296.17306708,230.89386312,82.80732959,148.08653354,0.35863807,-0.03313830,-0.06535398,0.00000000
2019-05-19,-0.01929036,0.00000000,-0.00691826,162.41989267,296.17306708,229.29647987,81.20994634,148.08653354,0.35417005,-0.05178941,-0.06535398,-0.00691826
2019-05-20,-0.01328529,-0.00662368,-0.00898302,160.26209648,294.21131153,227.23670401,80.13104824,147.10565577,0.35263251,-0.06438667,-0.07154478,-0.01583914
2019-05-21,0.00000000,0.00000000,0.00000000,160.26209648,294.21131153,227.23670401,80.13104824,147.10565577,0.35263251,-0.06438667,-0.07154478,-0.01583914
2019-05-22,0.00000000,0.00000000,0.00000000,160.26209648,294.21131153,227.23670401,80.13104824,147.10565577,0.35263251,-0.06438667,-0.07154478,-0.01583914
2019-05-23,0.00000000,0.00000000,0.00000000,160.26209648,294.21131153,227.23670401,80.13104824,147.10565577,0.35263251,-0.06438667,-0.07154478,-0.01583914
2019-05-24,0.00000000,0.00000000,0.00000000,160.26209648,294.21131153,227.23670401,80.13104824,147.10565577,0.35263251,-0.06438667,-0.07154478,-0.01583914
2019-05-25,0.00000000,0.00000000,0.00000000,160.26209648,294.21131153,227.23670401,80.13104824,147.10565577,0.35263251,-0.06438667,-0.07154478,-0.01583914
2019-05-26,0.04592582,0.02260772,0.03083044,167.62226404,300.86275965,234.24251184,83.81113202,150.43137982,0.35779642,-0.02141786,-0.05055452,0.00000000
2019-05-27,0.00000000,-0.01282289,-0.00823491,167.62226404,297.00482985,232.31354695,83.81113202,148.50241493,0.36076730,-0.02141786,-0.06272915,-0.00823491
2019-05-28,0.00000000,-0.00785419,-0.00502066,167.62226404,294.67209720,231.14718062,83.81113202,147.33604860,0.36258773,-0.02141786,-0.07009066,-0.01321422
2019-05-29,-0.00627153,0.00000000,-0.00227398,166.57101637,294.67209720,230.62155679,83.28550819,147.33604860,0.36113497,-0.02755507,-0.07009066,-0.01545815
2019-05-30,0.00000000,0.00000000,0.00000000,166.57101637,294.67209720,230.62155679,83.28550819,147.33604860,0.36113497,-0.02755507,-0.07009066,-0.01545815
2019-05-31,0.00000000,0.00000000,0.00000000,166.57101637,294.67209720,230.62155679,83.28550819,147.33604860,0.36113497,-0.02755507,-0.07009066,-0.01545815
2019-06-01,0.00000000,0.00000000,0.00000000,166.57101637,294.67209720,230.62155679,83.28550819,147.33604860,0.36113497,-0.02755507,-0.07009066,-0.01545815
2019-06-02,0.00000000,0.00000000,0.00000000,166.57101637,294.67209720,230.62155679,83.28550819,147.33604860,0.36113497,-0.02755507,-0.07009066,-0.01545815
2019-06-03,0.00000000,0.00000000,0.00000000,166.57101637,294.67209720,230.62155679,83.28550819,147.33604860,0.36113497,-0.02755507,-0.07009066,-0.01545815
2019-06-04,0.00000000,0.00000000,0.00000000,166.57101637,294.67209720,230.62155679,83.28550819,147.33604860,0.36113497,-0.02755507,-0.07009066,-0.01545815
2019-06-05,0.00000000,0.00000000,0.00000000,166.57101637,294.67209720,230.62155679,83.28550819,147.33604860,0.36113497,-0.02755507,-0.07009066,-0.01545815
2019-06-06,0.00000000,0.00000000,0.00000000,166.57101637,294.67209720,230.62155679,83.28550819,147.33604860,0.36113497,-0.02755507,-0.07009066,-0.01545815
2019-06-07,0.00000000,0.00000000,0.00000000,166.57101637,294.67209720,230.62155679,83.28550819,147.33604860,0.36113497,-0.02755507,-0.07009066,-0.01545815
2019-06-08,0.00000000,0.00000000,0.00000000,166.57101637,294.67209720,230.62155679,83.28550819,147.33604860,0.36113497,-0.02755507,-0.07009066,-0.01545815
2019-06-09,0.00000000,0.00000000,0.00000000,166.57101637,294.67209720,230.62155679,83.28550819,147.33604860,0.36113497,-0.02755507,-0.07009066,-0.01545815
2019-06-10,0.00000000,0.00000000,0.00000000,166.57101637,294.67209720,230.62155679,83.28550819,147.33604860,0.36113497,-0.02755507,-0.07009066,-0.01545815
2019-06-11,0.00000000,0.00000000,0.00000000,166.57101637,294.67209720,230.62155679,83.28550819,147.33604860,0.36113497,-0.02755507,-0.07009066,-0.01545815
2019-06-12,-0.00456622,-0.02050541,-0.01474921,165.81041624,288.62972434,227.22007029,82.90520812,144.31486217,0.36486745,-0.03199546,-0.08915883,-0.02997936
2019-06-13,0.00000000,-0.02104033,-0.01336340,165.81041624,282.55686072,224.18363848,82.90520812,141.27843036,0.36980936,-0.03199546,-0.10832323,-0.04294213
2019-06-14,-0.01292844,0.00831283,0.00045761,163.66674668,284.90570707,224.28622687,81.83337334,142.45285354,0.36486134,-0.04451025,-0.10091087,-0.04250418
2019-06-15,-0.00465492,0.02039238,0.01125359,162.90489062,290.71561216,226.81025139,81.45244531,145.35780608,0.35912153,-0.04895798,-0.08257630,-0.03172891
2019-06-16,0.02812592,0.00257418,0.01175036,167.48674048,291.46396757,229.47535402,83.74337024,145.73198379,0.36493405,-0.02220905,-0.08021469,-0.02035138
2019-06-17,0.00000000,0.00000000,0.00000000,167.48674048,291.46396757,229.47535402,83.74337024,145.73198379,0.36493405,-0.02220905,-0.08021469,-0.02035138
2019-06-18,0.00000000,0.00000000,0.00000000,167.48674048,291.46396757,229.47535402,83.74337024,145.73198379,0.36493405,-0.02220905,-0.08021469,-0.02035138
2019-06-19,0.00000000,0.00000000,0.00000000,167.48674048,291.46396757,229.47535402,83.74337024,145.73198379,0.36493405,-0.02220905,-0.08021469,-0.02035138
2019-06-20,-0.00410421,0.00000000,-0.00149777,166.79934005,291.46396757,229.13165381,83.39967003,145.73198379,0.36398144,-0.02622211,-0.08021469,-0.02181866
2019-06-21,0.01938076,0.02947784,0.02580269,170.03203819,300.05569708,235.04386764,85.01601910,150.02784854,0.36170277,-0.00734955,-0.05310140,0.00000000
2019-06-22,0.01606547,0.00000000,0.00581093,172.76368342,300.05569708,236.40969025,86.38184171,150.02784854,0.36539044,0.00000000,-0.05310140,0.00000000
2019-06-23,0.00000000,-0.02772110,-0.01759208,172.76368342,291.73782216,232.25075279,86.38184171,145.86891108,0.37193353,0.00000000,-0.07935047,-0.01759208
2019-06-24,0.00000000,0.00000000,0.00000000,172.76368342,291.73782216,232.25075279,86.38184171,145.86891108,0.37193353,0.00000000,-0.07935047,-0.01759208
2019-06-25,0.00000000,0.00000000,0.00000000,172.76368342,291.73782216,232.25075279,86.38184171,145.86891108,0.37193353,0.00000000,-0.07935047,-0.01759208
2019-06-26,0.00247094,-0.00849986,-0.00441945,173.19057213,289.25809031,231.22433122,86.59528606,144.62904515,0.37450767,0.00000000,-0.08717587,-0.02193378
2019-06-27,0.00000000,0.00000000,0.00000000,173.19057213,289.25809031,231.22433122,86.59528606,144.62904515,0.37450767,0.00000000,-0.08717587,-0.02193378
2019-06-28,0.00000000,0.00000000,0.00000000,173.19057213,289.25809031,231.22433122,86.59528606,144.62904515,0.37450767,0.00000000,-0.08717587,-0.02193378
2019-06-29,0.00000000,0.00000000,0.00000000,173.19057213,289.25809031,231.22433122,86.59528606,144.62904515,0.37450767,0.00000000,-0.08717587,-0.02193378
2019-06-30,0.00000000,0.00000000,0.00000000,173.19057213,289.25809031,231.22433122,86.59528606,144.62904515,0.37450767,0.00000000,-0.08717587,-0.02193378
2019-07-01,0.00000000,0.00000000,0.00000000,173.19057213,289.25809031,231.22433122,86.59528606,144.62904515,0.37450767,0.00000000,-0.08717587,-0.02193378
2019-07-02,0.00000000,0.00000000,0.00000000,173.19057213,289.25809031,231.22433122,86.59528606,144.62904515,0.37450767,0.00000000,-0.08717587,-0.02193378
2019-07-03,0.00000000,0.00000000,0.00000000,173.19057213,289.25809031,231.22433122,86.59528606,144.62904515,0.37450767,0.00000000,-0.08717587,-0.02193378
2019-07-04,0.00000000,0.00000000,0.00000000,173.19057213,289.25809031,231.22433122,86.59528606,144.62904515,0.37450767,0.00000000,-0.08717587,-0.02193378
2019-07-05,0.00000000,0.00000000,0.00000000,173.19057213,289.25809031,231.22433122,86.59528606,144.62904515,0.37450767,0.00000000,-0.08717587,-0.02193378
2019-07-06,0.00000000,0.00000000,0.00000000,173.19057213,289.25809031,231.22433122,86.59528606,144.62904515,0.37450767,0.00000000,-0.08717587,-0.02193378
2019-07-07,0.00000000,0.00453904,0.00283913,173.19057213,290.57104400,231.88080807,86.59528606,145.28552200,0.37344741,0.00000000,-0.08303252,-0.01915692
2019-07-08,0.00866787,0.00000000,0.00323699,174.69176525,290.57104400,232.63140463,87.34588263,145.28552200,0.37546901,0.00000000,-0.08303252,-0.01598194
2019-07-09,0.02428986,0.00000000,0.00912009,178.93500446,290.57104400,234.75302423,89.46750223,145.28552200,0.38111331,0.00000000,-0.08303252,-0.00700761
2019-07-10,0.00309043,0.00000000,0.00117780,179.48799085,290.57104400,235.02951743,89.74399543,145.28552200,0.38184138,0.00000000,-0.08303252,-0.00583806
2019-07-11,0.00000000,0.00000000,0.00000000,179.48799085,290.57104400,235.02951743,89.74399543,145.28552200,0.38184138,0.00000000,-0.08303252,-0.00583806
2019-07-12,0.00000000,0.00000000,0.00000000,179.48799085,290.57104400,235.02951743,89.74399543,145.28552200,0.38184138,0.00000000,-0.08303252,-0.00583806
2019-07-13,0.00000000,0.00000000,0.00000000,179.48799085,290.57104400,235.02951743,89.74399543,145.28552200,0.38184138,0.00000000,-0.08303252,-0.00583806
2019-07-14,0.00000000,0.00000000,0.00000000,179.48799085,290.57104400,235.02951743,89.74399543,145.28552200,0.38184138,0.00000000,-0.08303252,-0.00583806
2019-07-15,0.00000000,0.00000000,0.00000000,179.48799085,290.57104400,235.02951743,89.74399543,145.28552200,0.38184138,0.00000000,-0.08303252,-0.00583806
2019-07-16,0.00000000,0.00000000,0.00000000,179.48799085,290.57104400,235.02951743,89.74399543,145.28552200,0.38184138,0.00000000,-0.08303252,-0.00583806
2019-07-17,0.00000000,0.00000000,0.00000000,179.48799085,290.57104400,235.02951743,89.74399543,145.28552200,0.38184138,0.00000000,-0.08303252,-0.00583806
2019-07-18,0.00000000,0.00000000,0.00000000,179.48799085,290.57104400,235.02951743,89.74399543,145.28552200,0.38184138,0.00000000,-0.08303252,-0.00583806
2019-07-19,0.00000000,0.00000000,0.00000000,179.48799085,290.57104400,235.02951743,89.74399543,145.28552200,0.38184138,0.00000000,-0.08303252,-0.00583806
2019-07-20,0.00000000,0.00000000,0.00000000,179.48799085,290.57104400,235.02951743,89.74399543,145.28552200,0.38184138,0.00000000,-0.08303252,-0.00583806
2019-07-21,0.00000000,0.00000000,0.00000000,179.48799085,290.57104400,235.02951743,89.74399543,145.28552200,0.38184138,0.00000000,-0.08303252,-0.00583806
2019-07-22,0.00000000,0.00000000,0.00000000,179.48799085,290.57104400,235.02951743,89.74399543,145.28552200,0.38184138,0.00000000,-0.08303252,-0.00583806
2019-07-23,0.00000000,0.00000000,0.00000000,179.48799085,290.57104400,235.02951743,89.74399543,145.28552200,0.38184138,0.00000000,-0.08303252,-0.00583806
2019-07-24,0.00000000,0.00000000,0.00000000,179.48799085,290.57104400,235.02951743,89.74399543,145.28552200,0.38184138,0.00000000,-0.08303252,-0.00583806
2019-07-25,0.00000000,0.00000000,0.00000000,179.48799085,290.57104400,235.02951743,89.74399543,145.28552200,0.38184138,0.00000000,-0.08303252,-0.00583806
2019-07-26,0.00000000,0.00000000,0.00000000,179.48799085,290.57104400,235.02951743,89.74399543,145.28552200,0.38184138,0.00000000,-0.08303252,-0.00583806
2019-07-27,0.00000000,0.00000000,0.00000000,179.48799085,290.57104400,235.02951743,89.74399543,145.28552200,0.38184138,0.00000000,-0.08303252,-0.00583806
2019-07-28,0.00000000,0.00000000,0.00000000,179.48799085,290.57104400,235.02951743,89.74399543,145.28552200,0.38184138,0.00000000,-0.08303252,-0.00583806
2019-07-29,0.00000000,0.00000000,0.00000000,179.48799085,290.57104400,235.02951743,89.74399543,145.28552200,0.38184138,0.00000000,-0.08303252,-0.00583806
2019-07-30,0.00000000,-0.00241458,-0.00149259,179.48799085,289.86943788,234.67871437,89.74399543,144.93471894,0.38241217,0.00000000,-0.08524661,-0.00732193
2019-07-31,0.00412008,0.00000000,0.00157557,180.22749563,289.86943788,235.04846675,90.11374781,144.93471894,0.38338369,0.00000000,-0.08524661,-0.00575790
2019-08-01,0.00934863,0.00000000,0.00358411,181.91237570,289.86943788,235.89090679,90.95618785,144.93471894,0.38558582,0.00000000,-0.08524661,-0.00219443
2019-08-02,-0.02067191,0.00233304,-0.00653734,178.15189976,290.54571349,234.34880663,89.07594988,145.27285675,0.38009987,-0.02067191,-0.08311246,-0.00871742
2019-08-03,-0.00439783,-0.00568166,-0.00519367,177.36841886,288.89493198,233.13167542,88.68420943,144.44746599,0.38040395,-0.02497882,-0.08832190,-0.01386582
2019-08-04,0.00251752,-0.01220611,-0.00660518,177.81494721,285.36864862,231.59179791,88.90747360,142.68432431,0.38389733,-0.02252419,-0.09944995,-0.02037942
2019-08-05,0.01751230,0.03676798,0.02937577,180.92889515,295.86107691,238.39498603,90.46444758,147.93053845,0.37947295,-0.00540634,-0.06633854,0.00000000
2019-08-06,0.00936165,-0.01051255,-0.00297083,182.62268825,292.75082289,237.68675557,91.31134413,146.37541144,0.38416673,0.00000000,-0.07615370,-0.00297083
2019-08-07,0.00000000,-0.00377816,-0.00232671,182.62268825,291.64476455,237.13372640,91.31134413,145.82238228,0.38506266,0.00000000,-0.07964414,-0.00529063
2019-08-08,0.00000000,0.02098009,0.01290144,182.62268825,297.76349708,240.19309267,91.31134413,148.88174854,0.38015808,0.00000000,-0.06033499,0.00000000
2019-08-09,0.00000000,0.04738042,0.02936837,182.62268825,311.87165744,247.24717285,91.31134413,155.93582872,0.36931198,0.00000000,-0.01581327,0.00000000
2019-08-10,0.00000000,0.01687018,0.01063982,182.62268825,317.13298796,249.87783811,91.31134413,158.56649398,0.36542394,0.00000000,0.00000000,0.00000000
2019-08-11,0.00000000,-0.01587186,-0.01007190,182.62268825,312.09949644,247.36109235,91.31134413,156.04974822,0.36914190,0.00000000,-0.01587186,-0.01007190
2019-08-12,0.00000000,0.00000000,0.00000000,182.62268825,312.09949644,247.36109235,91.31134413,156.04974822,0.36914190,0.00000000,-0.01587186,-0.01007190
2019-08-13,0.00000000,0.00000000,0.00000000,182.62268825,312.09949644,247.36109235,91.31134413,156.04974822,0.36914190,0.00000000,-0.01587186,-0.01007190
2019-08-14,0.00000000,0.04404499,0.02778614,182.62268825,325.84591669,254.23430247,91.31134413,162.92295834,0.35916217,0.00000000,0.00000000,0.00000000
2019-08-15,0.00000000,-0.00443680,-0.00284327,182.62268825,324.40020483,253.51144654,91.31134413,162.20010242,0.36018628,0.00000000,-0.00443680,-0.00284327
2019-08-16,0.00000000,0.01509483,0.00965788,182.62268825,329.29697079,255.95982952,91.31134413,164.64848539,0.35674092,0.00000000,0.00000000,0.00000000
2019-08-17,0.00000000,-0.00851609,-0.00547805,182.62268825,326.49264733,254.55766779,91.31134413,163.24632367,0.35870593,0.00000000,-0.00851609,-0.00547805
2019-08-18,0.00000000,-0.00648550,-0.00415911,182.62268825,324.37518028,253.49893427,91.31134413,162.18759014,0.36020406,0.00000000,-0.01494636,-0.00961438
2019-08-19,-0.00045000,0.04092832,0.02602368,182.54050805,337.65131217,260.09591011,91.27025402,168.82565609,0.35090999,-0.00045000,0.00000000,0.00000000
2019-08-20,-0.00522121,-0.02116375,-0.01556935,181.58742636,330.50534567,256.04638602,90.79371318,165.25267284,0.35459869,-0.00566886,-0.02116375,-0.01556935
2019-08-21,0.00000000,0.01916297,0.01236781,181.58742636,336.83880993,259.21311815,90.79371318,168.41940497,0.35026666,-0.00566886,-0.00240634,-0.00339410
2019-08-22,0.00000000,-0.02250949,-0.01462516,181.58742636,329.25674159,255.42208398,90.79371318,164.62837080,0.35546540,-0.00566886,-0.02486166,-0.01796963
2019-08-23,0.00000000,0.00000000,0.00000000,181.58742636,329.25674159,255.42208398,90.79371318,164.62837080,0.35546540,-0.00566886,-0.02486166,-0.01796963
2019-08-24,0.00000000,-0.00118398,-0.00076312,181.58742636,328.86690707,255.22716671,90.79371318,164.43345353,0.35573687,-0.00566886,-0.02601620,-0.01871903
2019-08-25,-0.00582109,-0.00901043,-0.00787587,180.53038929,325.90367437,253.21703183,90.26519464,162.95183718,0.35647363,-0.01145695,-0.03479222,-0.02644747
2019-08-26,0.00000000,-0.01936342,-0.01246087,180.53038929,319.59306542,250.06172735,90.26519464,159.79653271,0.36097165,-0.01145695,-0.05348194,-0.03857878
2019-08-27,0.00000000,0.00000000,0.00000000,180.53038929,319.59306542,250.06172735,90.26519464,159.79653271,0.36097165,-0.01145695,-0.05348194,-0.03857878
2019-08-28,0.01852149,0.06374686,0.04742179,183.87408159,339.96612083,261.92010121,91.93704079,169.98306041,0.35101178,0.00000000,0.00000000,0.00000000
2019-08-29,0.02199556,0.02043859,0.02098510,187.91849451,346.91454767,267.41652109,93.95924726,173.45727384,0.35135917,0.00000000,0.00000000,0.00000000
2019-08-30,-0.00870960,0.00254102,-0.00141199,186.28180022,347.79606451,267.03893236,93.14090011,173.89803225,0.34879146,-0.00870960,0.00000000,-0.00141199
2019-08-31,-0.00140970,-0.01688387,-0.01148661,186.01919969,341.92391960,263.97155964,93.00959984,170.96195980,0.35234705,-0.01010701,-0.01688387,-0.01288238
2019-09-01,-0.02072817,0.00000000,-0.00730351,182.16336268,341.92391960,262.04364114,91.08168134,170.96195980,0.34758211,-0.03062568,-0.01688387,-0.02009180
2019-09-02,0.06319184,0.00412007,0.02465236,193.67460018,343.33267161,268.50363590,96.83730009,171.66633581,0.36065545,0.00000000,-0.01283336,0.00000000
2019-09-03,0.01912466,-0.01859903,-0.00499377,197.37856186,336.94701864,267.16279025,98.68928093,168.47350932,0.36939755,0.00000000,-0.03119370,-0.00499377
2019-09-04,0.00000000,0.00000000,0.00000000,197.37856186,336.94701864,267.16279025,98.68928093,168.47350932,0.36939755,0.00000000,-0.03119370,-0.00499377
2019-09-05,0.00000000,0.00000000,0.00000000,197.37856186,336.94701864,267.16279025,98.68928093,168.47350932,0.36939755,0.00000000,-0.03119370,-0.00499377
2019-09-06,0.00000000,0.00000000,0.00000000,197.37856186,336.94701864,267.16279025,98.68928093,168.47350932,0.36939755,0.00000000,-0.03119370,-0.00499377
2019-09-07,0.00000000,0.00000000,0.00000000,197.37856186,336.94701864,267.16279025,98.68928093,168.47350932,0.36939755,0.00000000,-0.03119370,-0.00499377
2019-09-08,0.00000000,-0.01639022,-0.01033571,197.37856186,331.42438378,264.40147282,98.68928093,165.71219189,0.37325541,0.00000000,-0.04707265,-0.01527787
2019-09-09,-0.01376235,0.00000000,-0.00513687,194.66216934,331.42438378,263.04327656,97.33108467,165.71219189,0.37001928,-0.01376235,-0.04707265,-0.02033626
2019-09-10,-0.01457456,0.00000000,-0.00539287,191.82505450,331.42438378,261.62471914,95.91252725,165.71219189,0.36660346,-0.02813632,-0.04707265,-0.02561945
2019-09-11,0.00000000,-0.01606224,-0.01017377,191.82505450,326.10096427,258.96300939,95.91252725,163.05048213,0.37037153,-0.02813632,-0.06237880,-0.03553258
2019-09-12,0.00000000,0.00000000,0.00000000,191.82505450,326.10096427,258.96300939,95.91252725,163.05048213,0.37037153,-0.02813632,-0.06237880,-0.03553258
2019-09-13,0.00000000,0.00000000,0.00000000,191.82505450,326.10096427,258.96300939,95.91252725,163.05048213,0.37037153,-0.02813632,-0.06237880,-0.03553258
2019-09-14,0.00000000,0.02730198,0.01719010,191.82505450,335.00416638,263.41461044,95.91252725,167.50208319,0.36411240,-0.02813632,-0.03677988,-0.01895328
2019-09-15,0.00000000,0.00478602,0.00304337,191.82505450,336.60750354,264.21627902,95.91252725,168.30375177,0.36300764,-0.02813632,-0.03216989,-0.01596759
2019-09-16,0.00000000,0.00163372,0.00104067,191.82505450,337.15742559,264.49124005,95.91252725,168.57871280,0.36263026,-0.02813632,-0.03058873,-0.01494354
2019-09-17,0.00000000,0.03054782,0.01947025,191.82505450,347.45684872,269.64095161,95.91252725,173.72842436,0.35570460,-0.02813632,-0.00097533,0.00000000
2019-09-18,0.00000000,0.01140795,0.00735009,191.82505450,351.42061922,271.62283686,95.91252725,175.71030961,0.35310922,-0.02813632,0.00000000,0.00000000
2019-09-19,0.00000000,-0.05330894,-0.03448506,191.82505450,332.68675723,262.25590587,95.91252725,166.34337862,0.36572113,-0.02813632,-0.05330894,-0.03448506
2019-09-20,0.00000000,0.00000000,0.00000000,191.82505450,332.68675723,262.25590587,95.91252725,166.34337862,0.36572113,-0.02813632,-0.05330894,-0.03448506
2019-09-21,0.00000000,0.00000000,0.00000000,191.82505450,332.68675723,262.25590587,95.91252725,166.34337862,0.36572113,-0.02813632,-0.05330894,-0.03448506
2019-09-22,0.00000000,0.00000000,0.00000000,191.82505450,332.68675723,262.25590587,95.91252725,166.34337862,0.36572113,-0.02813632,-0.05330894,-0.03448506
2019-09-23,0.00000000,0.00000000,0.00000000,191.82505450,332.68675723,262.25590587,95.91252725,166.34337862,0.36572113,-0.02813632,-0.05330894,-0.03448506
2019-09-24,0.00000000,0.00000000,0.00000000,191.82505450,332.68675723,262.25590587,95.91252725,166.34337862,0.36572113,-0.02813632,-0.05330894,-0.03448506
2019-09-25,0.00000000,0.00000000,0.00000000,191.82505450,332.68675723,262.25590587,95.91252725,166.34337862,0.36572113,-0.02813632,-0.05330894,-0.03448506
2019-09-26,-0.03065039,0.00000000,-0.01120950,185.94554150,332.68675723,259.31614937,92.97277075,166.34337862,0.35853059,-0.05792433,-0.05330894,-0.04530800
2019-09-27,0.00000000,0.00000000,0.00000000,185.94554150,332.68675723,259.31614937,92.97277075,166.34337862,0.35853059,-0.05792433,-0.05330894,-0.04530800
2019-09-28,0.00000000,0.00000000,0.00000000,185.94554150,332.68675723,259.31614937,92.97277075,166.34337862,0.35853059,-0.05792433,-0.05330894,-0.04530800
2019-09-29,0.00000000,-0.00902057,-0.00578642,185.94554150,329.68573176,257.81563663,92.97277075,164.84286588,0.36061727,-0.05792433,-0.06184864,-0.05083225
2019-09-30,0.00000000,-0.00859252,-0.00549391,185.94554150,326.85290136,256.39922143,92.97277075,163.42645068,0.36260941,-0.05792433,-0.06990972,-0.05604689
2019-10-01,0.00000000,-0.00606137,-0.00386346,185.94554150,324.87172347,255.40863249,92.97277075,162.43586174,0.36401577,-0.05792433,-0.07554735,-0.05969382
2019-10-02,0.00213626,0.00000000,0.00077763,186.34277001,324.87172347,255.60724674,93.17138501,162.43586174,0.36450995,-0.05591181,-0.07554735,-0.05896261
2019-10-03,-0.02932515,0.00000000,-0.01068931,180.87824069,324.87172347,252.87498208,90.43912034,162.43586174,0.35764361,-0.08359733,-0.07554735,-0.06902164
2019-10-04,0.00000000,-0.00626491,-0.00402431,180.87824069,322.83643101,251.85733585,90.43912034,161.41821550,0.35908869,-0.08359733,-0.08133896,-0.07276819
2019-10-05,0.00000000,0.00000000,0.00000000,180.87824069,322.83643101,251.85733585,90.43912034,161.41821550,0.35908869,-0.08359733,-0.08133896,-0.07276819
2019-10-06,-0.01326129,0.00000000,-0.00476198,178.47956195,322.83643101,250.65799648,89.23978097,161.41821550,0.35602208,-0.09575001,-0.08133896,-0.07718364
2019-10-07,0.00000000,-0.00519250,-0.00334386,178.47956195,321.16010156,249.81983175,89.23978097,160.58005078,0.35721656,-0.09575001,-0.08610911,-0.08026941
2019-10-08,0.00000000,0.00000000,0.00000000,178.47956195,321.16010156,249.81983175,89.23978097,160.58005078,0.35721656,-0.09575001,-0.08610911,-0.08026941
2019-10-09,0.00000000,0.00000000,0.00000000,178.47956195,321.16010156,249.81983175,89.23978097,160.58005078,0.35721656,-0.09575001,-0.08610911,-0.08026941
2019-10-10,0.00000000,0.00000000,0.00000000,178.47956195,321.16010156,249.81983175,89.23978097,160.58005078,0.35721656,-0.09575001,-0.08610911,-0.08026941
2019-10-11,-0.00827125,0.00000000,-0.00295463,177.00331253,321.16010156,249.08170705,88.50165627,160.58005078,0.35531175,-0.10322929,-0.08610911,-0.08298687
2019-10-12,0.00000000,0.00000000,0.00000000,177.00331253,321.16010156,249.08170705,88.50165627,160.58005078,0.35531175,-0.10322929,-0.08610911,-0.08298687
2019-10-13,0.00000000,0.00000000,0.00000000,177.00331253,321.16010156,249.08170705,88.50165627,160.58005078,0.35531175,-0.10322929,-0.08610911,-0.08298687
2019-10-14,0.00000000,0.00000000,0.00000000,177.00331253,321.16010156,249.08170705,88.50165627,160.58005078,0.35531175,-0.10322929,-0.08610911,-0.08298687
2019-10-15,0.00140062,0.00000000,0.00049766,177.25122631,321.16010156,249.20566393,88.62561315,160.58005078,0.35563242,-0.10197326,-0.08610911,-0.08253052
2019-10-16,0.01946296,0.00000000,0.00692166,180.70106046,321.16010156,250.93058101,90.35053023,160.58005078,0.36006185,-0.08449500,-0.08610911,-0.07618010
2019-10-17,-0.00646580,0.00000000,-0.00232809,179.53268391,321.16010156,250.34639274,89.76634196,160.58005078,0.35856855,-0.09041447,-0.08610911,-0.07833084
2019-10-18,0.00705446,0.00473314,0.00556549,180.79919066,322.68019649,251.73969357,90.39959533,161.34009825,0.35909949,-0.08399783,-0.08178354,-0.07320129
2019-10-19,-0.02881065,0.00544532,-0.00685598,175.59024838,324.43729219,250.01377028,87.79512419,162.21864609,0.35116115,-0.11038845,-0.07678356,-0.07955541
2019-10-20,0.00000000,-0.02303601,-0.01494666,175.59024838,316.96355299,246.27690068,87.79512419,158.48177649,0.35648948,-0.11038845,-0.09805078,-0.09331298
2019-10-21,0.00000000,-0.01149189,-0.00739515,175.59024838,313.32104361,244.45564599,87.79512419,156.66052181,0.35914541,-0.11038845,-0.10841588,-0.10001807
2019-10-22,0.00000000,0.00000000,0.00000000,175.59024838,313.32104361,244.45564599,87.79512419,156.66052181,0.35914541,-0.11038845,-0.10841588,-0.10001807
2019-10-23,0.06101459,0.02200906,0.03601772,186.30381582,320.21694397,253.26037990,93.15190791,160.10847198,0.36781082,-0.05610916,-0.08879296,-0.06760277
2019-10-24,0.00423529,0.01160631,0.00889517,187.09286601,323.93348092,255.51317346,93.54643301,161.96674046,0.36611198,-0.05211151,-0.07821720,-0.05930894
2019-10-25,-0.05174825,-0.04850134,-0.04969007,177.41113719,308.22227237,242.81670478,88.70556860,154.11113619,0.36531905,-0.10116309,-0.12292491,-0.10605195
2019-10-26,0.01216463,0.00000000,0.00444397,179.56927845,308.22227237,243.89577541,89.78463922,154.11113619,0.36812708,-0.09022907,-0.12292491,-0.10207927
2019-10-27,0.00000000,0.00000000,0.00000000,179.56927845,308.22227237,243.89577541,89.78463922,154.11113619,0.36812708,-0.09022907,-0.12292491,-0.10207927
2019-10-28,0.00000000,0.00000000,0.00000000,179.56927845,308.22227237,243.89577541,89.78463922,154.11113619,0.36812708,-0.09022907,-0.12292491,-0.10207927
2019-10-29,0.00000000,-0.00965772,-0.00610245,179.56927845,305.24554799,242.40741322,89.78463922,152.62277400,0.37038735,-0.09022907,-0.13139545,-0.10755879
2019-10-30,0.00000000,-0.01166684,-0.00734559,179.56927845,301.68429845,240.62678845,89.78463922,150.84214923,0.37312819,-0.09022907,-0.14152932,-0.11411429
2019-10-31,0.00000000,0.00000000,0.00000000,179.56927845,301.68429845,240.62678845,89.78463922,150.84214923,0.37312819,-0.09022907,-0.14152932,-0.11411429
2019-11-01,0.00000000,0.00000000,0.00000000,179.56927845,301.68429845,240.62678845,89.78463922,150.84214923,0.37312819,-0.09022907,-0.14152932,-0.11411429
2019-11-02,0.00000000,0.00000000,0.00000000,179.56927845,301.68429845,240.62678845,89.78463922,150.84214923,0.37312819,-0.09022907,-0.14152932,-0.11411429
2019-11-03,0.00000000,0.00000000,0.00000000,179.56927845,301.68429845,240.62678845,89.78463922,150.84214923,0.37312819,-0.09022907,-0.14152932,-0.11411429
2019-11-04,0.00000000,0.01043672,0.00654249,179.56927845,304.83289410,242.20108627,89.78463922,152.41644705,0.37070288,-0.09022907,-0.13256970,-0.10831840
2019-11-05,0.00000000,0.01599980,0.01006863,179.56927845,309.71015917,244.63971881,89.78463922,154.85507959,0.36700761,-0.09022907,-0.11869099,-0.09934039
2019-11-06,0.00000000,0.01314971,0.00832367,179.56927845,313.78275762,246.67601803,89.78463922,156.89137881,0.36397798,-0.09022907,-0.10710203,-0.09184360
2019-11-07,0.00000000,-0.02344600,-0.01491218,179.56927845,306.42580559,242.99754202,89.78463922,153.21290279,0.36948785,-0.09022907,-0.12803692,-0.10538619
2019-11-08,0.00000000,-0.02458680,-0.01550228,179.56927845,298.89177504,239.23052674,89.78463922,149.44588752,0.37530595,-0.09022907,-0.14947570,-0.11925474
2019-11-09,0.00000000,0.00000000,0.00000000,179.56927845,298.89177504,239.23052674,89.78463922,149.44588752,0.37530595,-0.09022907,-0.14947570,-0.11925474
2019-11-10,0.00000000,-0.00962624,-0.00601345,179.56927845,296.01457222,237.79192533,89.78463922,148.00728611,0.37757648,-0.09022907,-0.15766305,-0.12455106
2019-11-11,0.00000000,-0.00606099,-0.00377250,179.56927845,294.22043066,236.89485455,89.78463922,147.11021533,0.37900629,-0.09022907,-0.16276845,-0.12785369
2019-11-12,0.00000000,-0.00971501,-0.00603296,179.56927845,291.36207545,235.46567695,89.78463922,145.68103773,0.38130670,-0.09022907,-0.17090216,-0.13311532
2019-11-13,0.00000000,0.00000000,0.00000000,179.56927845,291.36207545,235.46567695,89.78463922,145.68103773,0.38130670,-0.09022907,-0.17090216,-0.13311532
2019-11-14,0.00000000,0.00000000,0.00000000,179.56927845,291.36207545,235.46567695,89.78463922,145.68103773,0.38130670,-0.09022907,-0.17090216,-0.13311532
2019-11-15,0.00000000,0.00000000,0.00000000,179.56927845,291.36207545,235.46567695,89.78463922,145.68103773,0.38130670,-0.09022907,-0.17090216,-0.13311532
2019-11-16,0.00000000,0.00000000,0.00000000,179.56927845,291.36207545,235.46567695,89.78463922,145.68103773,0.38130670,-0.09022907,-0.17090216,-0.13311532
2019-11-17,-0.00787230,0.00000000,-0.00300176,178.15565528,291.36207545,234.75886537,89.07782764,145.68103773,0.37944393,-0.09739106,-0.17090216,-0.13571750
2019-11-18,-0.00401440,0.00000000,-0.00152324,177.44046778,291.36207545,234.40127162,88.72023389,145.68103773,0.37849724,-0.10101449,-0.17090216,-0.13703401
2019-11-19,0.00604518,0.00000000,0.00228808,178.51312648,291.36207545,234.93760097,89.25656324,145.68103773,0.37991604,-0.09557996,-0.17090216,-0.13505947
2019-11-20,0.00406842,0.00000000,0.00154566,179.23939213,291.36207545,235.30073379,89.61969607,145.68103773,0.38087300,-0.09190040,-0.17090216,-0.13372257
2019-11-21,0.05822499,0.00000000,0.02217633,189.67560413,291.36207545,240.51883979,94.83780206,145.68103773,0.39430509,-0.03902631,-0.17090216,-0.11451172
2019-11-22,0.03757000,0.00000000,0.01481404,196.80171655,291.36207545,244.08189600,98.40085828,145.68103773,0.40314689,-0.00292253,-0.17090216,-0.10139405
2019-11-23,-0.00384045,0.00000000,-0.00154826,196.04591012,291.36207545,243.70399279,98.02295506,145.68103773,0.40222137,-0.00675176,-0.17090216,-0.10278533
2019-11-24,0.04388871,0.03999975,0.04156397,204.65011128,303.01648456,253.83329792,102.32505564,151.50824228,0.40311912,0.00000000,-0.13773846,-0.06549353
2019-11-25,-0.03514958,0.01145611,-0.00733153,197.45674508,306.48787612,251.97231060,98.72837254,153.24393806,0.39182231,-0.03514958,-0.12786029,-0.07234490
2019-11-26,0.00000000,0.00000000,0.00000000,197.45674508,306.48787612,251.97231060,98.72837254,153.24393806,0.39182231,-0.03514958,-0.12786029,-0.07234490
2019-11-27,-0.01890418,0.00000000,-0.00740708,193.72398635,306.48787612,250.10593124,96.86199318,153.24393806,0.38728387,-0.05338929,-0.12786029,-0.07921611
2019-11-28,0.00000000,-0.01801557,-0.01103843,193.72398635,300.96632153,247.34515394,96.86199318,150.48316076,0.39160659,-0.05338929,-0.14357239,-0.08938012
2019-11-29,0.00000000,0.00000000,0.00000000,193.72398635,300.96632153,247.34515394,96.86199318,150.48316076,0.39160659,-0.05338929,-0.14357239,-0.08938012
2019-11-30,0.00000000,0.00000000,0.00000000,193.72398635,300.96632153,247.34515394,96.86199318,150.48316076,0.39160659,-0.05338929,-0.14357239,-0.08938012
2019-12-01,-0.01836475,-0.01238707,-0.01472797,190.16629336,297.23823030,243.70226183,95.08314668,148.61911515,0.39016112,-0.07077356,-0.15418102,-0.10279171
2019-12-02,0.00000000,0.00000000,0.00000000,190.16629336,297.23823030,243.70226183,95.08314668,148.61911515,0.39016112,-0.07077356,-0.15418102,-0.10279171
2019-12-03,0.00000000,-0.01194494,-0.00728449,190.16629336,293.68773869,241.92701602,95.08314668,146.84386934,0.39302410,-0.07077356,-0.16428427,-0.10932741
2019-12-04,-0.01274518,-0.01044476,-0.01134888,187.74259063,290.62023929,239.18141496,93.87129531,145.31011965,0.39246902,-0.08261672,-0.17301313,-0.11943555
2019-12-05,-0.02136089,-0.02018783,-0.02064822,183.73224099,284.75324593,234.24274346,91.86612050,142.37662297,0.39218342,-0.10221285,-0.18970820,-0.13761764
2019-12-06,0.00000000,0.00000000,0.00000000,183.73224099,284.75324593,234.24274346,91.86612050,142.37662297,0.39218342,-0.10221285,-0.18970820,-0.13761764
2019-12-07,0.00000000,0.00000000,0.00000000,183.73224099,284.75324593,234.24274346,91.86612050,142.37662297,0.39218342,-0.10221285,-0.18970820,-0.13761764
2019-12-08,0.00000000,0.01665500,0.01012318,183.73224099,289.49581018,236.61402559,91.86612050,144.74790509,0.38825306,-0.10221285,-0.17621279,-0.12888758
2019-12-09,0.00966259,-0.02436218,-0.01115196,185.50757000,282.44306011,233.97531506,92.75378500,141.22153006,0.39642552,-0.09353790,-0.19628205,-0.13860220
2019-12-10,0.01662178,0.00000000,0.00658930,188.59103660,282.44306011,235.51704836,94.29551830,141.22153006,0.40037661,-0.07847088,-0.19628205,-0.13292619
2019-12-11,0.00113642,-0.00338768,-0.00157634,188.80535549,281.48623362,235.14579456,94.40267775,140.74311681,0.40146445,-0.07742364,-0.19900479,-0.13429299
2019-12-12,0.00249335,-0.00676240,-0.00304654,189.27611375,279.58271148,234.42941261,94.63805687,139.79135574,0.40369532,-0.07512333,-0.20442144,-0.13693040
2019-12-13,-0.00903883,-0.01076627,-0.01006891,187.56527913,276.57264840,232.06896377,93.78263956,138.28632420,0.40411539,-0.08348313,-0.21298685,-0.14562057
2019-12-14,0.02621326,0.00000000,0.01059318,192.48197749,276.57264840,234.52731295,96.24098875,138.28632420,0.41036154,-0.05945823,-0.21298685,-0.13656997
2019-12-15,-0.00721489,-0.01015963,-0.00895122,191.09324063,273.76277331,232.42800697,95.54662032,136.88138665,0.41108050,-0.06624414,-0.22098261,-0.14429873
2019-12-16,0.03019603,0.01803702,0.02303535,196.86349805,278.70063850,237.78206828,98.43174903,139.35031925,0.41395783,-0.03804842,-0.20693146,-0.12458735
2019-12-17,0.01943750,0.07881214,0.05423354,200.69003212,300.66563215,250.67783213,100.34501606,150.33281607,0.40029473,-0.01935049,-0.14442803,-0.07711062
2019-12-18,-0.03075547,-0.04273979,-0.03794253,194.51771516,287.81524745,241.16648130,97.25885758,143.90762372,0.40328514,-0.04951083,-0.18099499,-0.11212737
2019-12-19,-0.00794020,-0.00823853,-0.00811822,192.97320463,285.44407301,239.20863882,96.48660231,142.72203650,0.40335752,-0.05705791,-0.18774239,-0.11933532
2019-12-20,0.00000000,-0.01722866,-0.01027935,192.97320463,280.52625548,236.74973005,96.48660231,140.26312774,0.40754683,-0.05705791,-0.20173649,-0.12838798
2019-12-21,0.00000000,0.00000000,0.00000000,192.97320463,280.52625548,236.74973005,96.48660231,140.26312774,0.40754683,-0.05705791,-0.20173649,-0.12838798
2019-12-22,0.04761205,0.02136481,0.03206179,202.16105536,286.51964456,244.34034996,101.08052768,143.25982228,0.41368741,-0.01216249,-0.18468175,-0.10044254
2019-12-23,-0.00973932,-0.03628804,-0.02530517,200.19214401,276.12240893,238.15727647,100.09607201,138.06120446,0.42029399,-0.02178336,-0.21426805,-0.12320599
2019-12-24,-0.01508931,-0.01238025,-0.01351885,197.17138265,272.70394333,234.93766299,98.58569132,136.35197167,0.41962489,-0.03654398,-0.22399561,-0.13505924
2019-12-25,0.00000000,0.00000000,0.00000000,197.17138265,272.70394333,234.93766299,98.58569132,136.35197167,0.41962489,-0.03654398,-0.22399561,-0.13505924
2019-12-26,0.00000000,0.00000000,0.00000000,197.17138265,272.70394333,234.93766299,98.58569132,136.35197167,0.41962489,-0.03654398,-0.22399561,-0.13505924
2019-12-27,0.00000000,0.00000000,0.00000000,197.17138265,272.70394333,234.93766299,98.58569132,136.35197167,0.41962489,-0.03654398,-0.22399561,-0.13505924
2019-12-28,0.00000000,0.00000000,0.00000000,197.17138265,272.70394333,234.93766299,98.58569132,136.35197167,0.41962489,-0.03654398,-0.22399561,-0.13505924
2019-12-29,0.00148861,0.00667091,0.00449629,197.46489450,274.52312556,235.99401003,98.73244725,137.26156278,0.41836845,-0.03510976,-0.21881896,-0.13117022
2019-12-30,-0.01058460,-0.02064368,-0.01643528,195.37480773,268.85595870,232.11538322,97.68740386,134.42797935,0.42085709,-0.04532274,-0.23494541,-0.14544968
2019-12-31,0.00000000,-0.01186240,-0.00687002,195.37480773,265.66668264,230.52074518,97.68740386,132.83334132,0.42376838,-0.04532274,-0.24402079,-0.15132046
2020-01-01,0.00000000,-0.00113871,-0.00065616,195.37480773,265.36416660,230.36948716,97.68740386,132.68208330,0.42404663,-0.04532274,-0.24488163,-0.15187732
2020-01-02,0.01008728,0.02742639,0.02007380,197.34560905,272.64214887,234.99387896,98.67280453,136.32107444,0.41989521,-0.03569264,-0.22417145,-0.13485228
2020-01-03,-0.02108946,-0.01937481,-0.02009478,193.18369655,267.35975986,230.27172820,96.59184827,133.67987993,0.41946899,-0.05602936,-0.23920298,-0.15223723
2020-01-04,0.00000000,0.00000000,0.00000000,193.18369655,267.35975986,230.27172820,96.59184827,133.67987993,0.41946899,-0.05602936,-0.23920298,-0.15223723
2020-01-05,0.00000000,0.00000000,0.00000000,193.18369655,267.35975986,230.27172820,96.59184827,133.67987993,0.41946899,-0.05602936,-0.23920298,-0.15223723
2020-01-06,0.01140107,0.00000000,0.00478239,195.38619673,267.35975986,231.37297830,97.69309837,133.67987993,0.42223210,-0.04526709,-0.23920298,-0.14818290
2020-01-07,-0.00175802,0.00000000,-0.00074229,195.04270428,267.35975986,231.20123207,97.52135214,133.67987993,0.42180291,-0.04694553,-0.23920298,-0.14881519
2020-01-08,-0.04535039,-0.02149463,-0.03155706,186.19744071,261.61296201,223.90520136,93.09872036,130.80648101,0.41579526,-0.09016692,-0.25555603,-0.17567608
2020-01-09,0.00000000,0.00000000,0.00000000,186.19744071,261.61296201,223.90520136,93.09872036,130.80648101,0.41579526,-0.09016692,-0.25555603,-0.17567608
2020-01-10,0.00000000,0.00000000,0.00000000,186.19744071,261.61296201,223.90520136,93.09872036,130.80648101,0.41579526,-0.09016692,-0.25555603,-0.17567608
2020-01-11,0.00000000,-0.01640215,-0.00958221,186.19744071,257.32194764,221.75969418,93.09872036,128.66097382,0.41981804,-0.09016692,-0.26776651,-0.18357493
2020-01-12,0.00000000,0.00000000,0.00000000,186.19744071,257.32194764,221.75969418,93.09872036,128.66097382,0.41981804,-0.09016692,-0.26776651,-0.18357493
2020-01-13,0.00000000,0.00000000,0.00000000,186.19744071,257.32194764,221.75969418,93.09872036,128.66097382,0.41981804,-0.09016692,-0.26776651,-0.18357493
2020-01-14,0.00000000,0.12260919,0.07113564,186.19744071,288.87198333,237.53471202,93.09872036,144.43599167,0.39193733,-0.09016692,-0.17798795,-0.12549801
2020-01-15,-0.00702248,0.00459010,0.00003870,184.88987213,290.19793546,237.54390380,92.44493606,145.09896773,0.38916989,-0.09655621,-0.17421483,-0.12546417
2020-01-16,0.00000000,-0.01316631,-0.00804238,184.88987213,286.37709971,235.63348592,92.44493606,143.18854986,0.39232512,-0.09655621,-0.18508737,-0.13249752
2020-01-17,-0.00616924,0.03436015,0.01845945,183.74924274,296.21706028,239.98315151,91.87462137,148.10853014,0.38283780,-0.10212977,-0.15708685,-0.11648389
2020-01-18,0.00000000,0.02526745,0.01559412,183.74924274,303.70171114,243.72547694,91.87462137,151.85085557,0.37695945,-0.10212977,-0.13578858,-0.10270624
2020-01-19,-0.00382713,-0.04259726,-0.02798249,183.04601051,290.76484979,236.90543015,91.52300526,145.38242489,0.38632717,-0.10556603,-0.17260162,-0.12781476
2020-01-20,0.00000000,0.00000000,0.00000000,183.04601051,290.76484979,236.90543015,91.52300526,145.38242489,0.38632717,-0.10556603,-0.17260162,-0.12781476
2020-01-21,0.00000000,0.00000000,0.00000000,183.04601051,290.76484979,236.90543015,91.52300526,145.38242489,0.38632717,-0.10556603,-0.17260162,-0.12781476
2020-01-22,0.00000000,0.00000000,0.00000000,183.04601051,290.76484979,236.90543015,91.52300526,145.38242489,0.38632717,-0.10556603,-0.17260162,-0.12781476
2020-01-23,0.00000000,0.00000000,0.00000000,183.04601051,290.76484979,236.90543015,91.52300526,145.38242489,0.38632717,-0.10556603,-0.17260162,-0.12781476
2020-01-24,0.00000000,0.00000000,0.00000000,183.04601051,290.76484979,236.90543015,91.52300526,145.38242489,0.38632717,-0.10556603,-0.17260162,-0.12781476
2020-01-25,0.00000000,0.00000000,0.00000000,183.04601051,290.76484979,236.90543015,91.52300526,145.38242489,0.38632717,-0.10556603,-0.17260162,-0.12781476
2020-01-26,0.00345320,0.00000000,0.00133407,183.67810511,290.76484979,237.22147745,91.83905255,145.38242489,0.38714476,-0.10247737,-0.17260162,-0.12665120
2020-01-27,0.03541087,-0.01613245,0.00382228,190.18230630,286.07410155,238.12820393,95.09115315,143.03705077,0.39932755,-0.07069532,-0.18594958,-0.12331302
2020-01-28,0.01079342,-0.00527465,0.00114177,192.23502441,284.56515998,238.40009219,96.11751221,142.28257999,0.40317733,-0.06066494,-0.19024342,-0.12231205
2020-01-29,-0.01179465,-0.00407910,-0.00718984,189.96767944,283.40438947,236.68603446,94.98383972,141.70219473,0.40130733,-0.07174407,-0.19354650,-0.12862248
2020-01-30,-0.01106182,0.00000000,-0.00443919,187.86629117,283.40438947,235.63534032,93.93314559,141.70219473,0.39863777,-0.08201227,-0.19354650,-0.13249069
2020-01-31,0.00000000,0.00000000,0.00000000,187.86629117,283.40438947,235.63534032,93.93314559,141.70219473,0.39863777,-0.08201227,-0.19354650,-0.13249069
2020-02-01,0.00000000,-0.01456127,-0.00875660,187.86629117,279.27766288,233.57197703,93.93314559,139.63883144,0.40215931,-0.08201227,-0.20528948,-0.14008712
2020-02-02,0.00000000,0.01559696,0.00932450,187.86629117,283.63354517,235.74991817,93.93314559,141.81677258,0.39844402,-0.08201227,-0.19289441,-0.13206886
2020-02-03,0.00000000,0.00000000,0.00000000,187.86629117,283.63354517,235.74991817,93.93314559,141.81677258,0.39844402,-0.08201227,-0.19289441,-0.13206886
2020-02-04,0.00000000,0.00000000,0.00000000,187.86629117,283.63354517,235.74991817,93.93314559,141.81677258,0.39844402,-0.08201227,-0.19289441,-0.13206886
2020-02-05,-0.00416957,0.04618585,0.02612203,187.08296867,296.73340155,241.90818511,93.54148433,148.36670077,0.38668177,-0.08583989,-0.15561756,-0.10939674
2020-02-06,-0.01051528,0.04619711,0.02426746,185.11573867,310.44162784,247.77868326,92.55786933,155.22081392,0.37355057,-0.09545254,-0.11660952,-0.08778405
2020-02-07,0.00000000,0.04758276,0.02980819,185.11573867,325.21329784,255.16451825,92.55786933,162.60664892,0.36273801,-0.09545254,-0.07457537,-0.06059254
2020-02-08,0.00000000,-0.00125424,-0.00079928,185.11573867,324.80540163,254.96057015,92.55786933,162.40270081,0.36302817,-0.09545254,-0.07573607,-0.06134339
2020-02-09,0.00000000,0.02439873,0.01554131,185.11573867,332.73024233,258.92299050,92.55786933,166.36512117,0.35747258,-0.09545254,-0.05318520,-0.04675544
2020-02-10,0.00000000,-0.05073349,-0.03259766,185.11573867,315.84967608,250.48270737,92.55786933,157.92483804,0.36951800,-0.09545254,-0.10122042,-0.07782898
2020-02-11,0.02678082,0.00000000,0.00989600,190.07329046,315.84967608,252.96148327,95.03664523,157.92483804,0.37569611,-0.07122801,-0.10122042,-0.06870318
2020-02-12,0.00777438,0.10156543,0.06632850,191.55099283,347.92908321,269.74003802,95.77549642,173.96454161,0.35506593,-0.06400738,-0.00993549,-0.00693167
2020-02-13,-0.03641124,-0.03277367,-0.03406524,184.57638419,336.52617182,260.55127801,92.28819209,168.26308591,0.35420357,-0.09808803,-0.04238353,-0.04076078
2020-02-14,0.00000000,0.00000000,0.00000000,184.57638419,336.52617182,260.55127801,92.28819209,168.26308591,0.35420357,-0.09808803,-0.04238353,-0.04076078
2020-02-15,0.00000000,0.00000000,0.00000000,184.57638419,336.52617182,260.55127801,92.28819209,168.26308591,0.35420357,-0.09808803,-0.04238353,-0.04076078
2020-02-16,0.00000000,0.00000000,0.00000000,184.57638419,336.52617182,260.55127801,92.28819209,168.26308591,0.35420357,-0.09808803,-0.04238353,-0.04076078
2020-02-17,0.00000000,0.00000000,0.00000000,184.57638419,336.52617182,260.55127801,92.28819209,168.26308591,0.35420357,-0.09808803,-0.04238353,-0.04076078
2020-02-18,0.00000000,0.00000000,0.00000000,184.57638419,336.52617182,260.55127801,92.28819209,168.26308591,0.35420357,-0.09808803,-0.04238353,-0.04076078
2020-02-19,0.00000000,0.00000000,0.00000000,184.57638419,336.52617182,260.55127801,92.28819209,168.26308591,0.35420357,-0.09808803,-0.04238353,-0.04076078
2020-02-20,0.00000000,0.00000000,0.00000000,184.57638419,336.52617182,260.55127801,92.28819209,168.26308591,0.35420357,-0.09808803,-0.04238353,-0.04076078
2020-02-21,0.00000000,0.00000000,0.00000000,184.57638419,336.52617182,260.55127801,92.28819209,168.26308591,0.35420357,-0.09808803,-0.04238353,-0.04076078
2020-02-22,0.00000000,0.00000000,0.00000000,184.57638419,336.52617182,260.55127801,92.28819209,168.26308591,0.35420357,-0.09808803,-0.04238353,-0.04076078
2020-02-23,0.01967047,-0.01051526,0.00017663,188.20708784,332.98751157,260.59729971,94.10354392,166.49375579,0.36110713,-0.08034700,-0.05245312,-0.04059135
2020-02-24,-0.02700852,-0.00590353,-0.01352469,183.12389319,331.02170852,257.07280086,91.56194659,165.51085426,0.35617127,-0.10518547,-0.05804699,-0.05356706
2020-02-25,0.00000000,0.00000000,0.00000000,183.12389319,331.02170852,257.07280086,91.56194659,165.51085426,0.35617127,-0.10518547,-0.05804699,-0.05356706
2020-02-26,0.00000000,0.00000000,0.00000000,183.12389319,331.02170852,257.07280086,91.56194659,165.51085426,0.35617127,-0.10518547,-0.05804699,-0.05356706
2020-02-27,0.00000000,0.00000000,0.00000000,183.12389319,331.02170852,257.07280086,91.56194659,165.51085426,0.35617127,-0.10518547,-0.05804699,-0.05356706
2020-02-28,0.00000000,0.00000000,0.00000000,183.12389319,331.02170852,257.07280086,91.56194659,165.51085426,0.35617127,-0.10518547,-0.05804699,-0.05356706
2020-02-29,0.00000000,0.00000000,0.00000000,183.12389319,331.02170852,257.07280086,91.56194659,165.51085426,0.35617127,-0.10518547,-0.05804699,-0.05356706
2020-03-01,0.00000000,0.00000000,0.00000000,183.12389319,331.02170852,257.07280086,91.56194659,165.51085426,0.35617127,-0.10518547,-0.05804699,-0.05356706
2020-03-02,0.00000000,0.00000000,0.00000000,183.12389319,331.02170852,257.07280086,91.56194659,165.51085426,0.35617127,-0.10518547,-0.05804699,-0.05356706
2020-03-03,0.00000000,0.00000000,0.00000000,183.12389319,331.02170852,257.07280086,91.56194659,165.51085426,0.35617127,-0.10518547,-0.05804699,-0.05356706
2020-03-04,0.00000000,0.00000000,0.00000000,183.12389319,331.02170852,257.07280086,91.56194659,165.51085426,0.35617127,-0.10518547,-0.05804699,-0.05356706
2020-03-05,0.01396062,0.00000000,0.00497237,185.68041709,331.02170852,258.35106281,92.84020855,165.51085426,0.35935679,-0.09269330,-0.05804699,-0.04886104
2020-03-06,0.00961531,0.00000000,0.00345533,187.46579233,331.02170852,259.24375043,93.73289616,165.51085426,0.36156280,-0.08396926,-0.05804699,-0.04557454
2020-03-07,-0.03111040,0.00464986,-0.00827972,181.63365722,332.56091233,257.09728477,90.81682861,166.28045616,0.35323916,-0.11246734,-0.05366705,-0.05347692
2020-03-08,0.00000000,0.00000000,0.00000000,181.63365722,332.56091233,257.09728477,90.81682861,166.28045616,0.35323916,-0.11246734,-0.05366705,-0.05347692
2020-03-09,0.00000000,0.00000000,0.00000000,181.63365722,332.56091233,257.09728477,90.81682861,166.28045616,0.35323916,-0.11246734,-0.05366705,-0.05347692
2020-03-10,0.00000000,0.00000000,0.00000000,181.63365722,332.56091233,257.09728477,90.81682861,166.28045616,0.35323916,-0.11246734,-0.05366705,-0.05347692
2020-03-11,0.00000000,0.00000000,0.00000000,181.63365722,332.56091233,257.09728477,90.81682861,166.28045616,0.35323916,-0.11246734,-0.05366705,-0.05347692
2020-03-12,0.00000000,0.00000000,0.00000000,181.63365722,332.56091233,257.09728477,90.81682861,166.28045616,0.35323916,-0.11246734,-0.05366705,-0.05347692
2020-03-13,0.00000000,0.00000000,0.00000000,181.63365722,332.56091233,257.09728477,90.81682861,166.28045616,0.35323916,-0.11246734,-0.05366705,-0.05347692
2020-03-14,0.00000000,0.00000000,0.00000000,181.63365722,332.56091233,257.09728477,90.81682861,166.28045616,0.35323916,-0.11246734,-0.05366705,-0.05347692
2020-03-15,0.01592064,0.00000000,0.00562379,184.52538088,332.56091233,258.54314661,92.26269044,166.28045616,0.35685607,-0.09833726,-0.05366705,-0.04815387
2020-03-16,0.00000000,0.00000000,0.00000000,184.52538088,332.56091233,258.54314661,92.26269044,166.28045616,0.35685607,-0.09833726,-0.05366705,-0.04815387
2020-03-17,0.00000000,0.00000000,0.00000000,184.52538088,332.56091233,258.54314661,92.26269044,166.28045616,0.35685607,-0.09833726,-0.05366705,-0.04815387
2020-03-18,0.00000000,0.00000000,0.00000000,184.52538088,332.56091233,258.54314661,92.26269044,166.28045616,0.35685607,-0.09833726,-0.05366705,-0.04815387
2020-03-19,-0.00679200,-0.05244518,-0.03615357,183.27208433,315.11969496,249.19588964,91.63604216,157.55984748,0.36772694,-0.10446135,-0.10329765,-0.08256650
2020-03-20,0.05341540,0.01750825,0.03071228,193.06163656,320.63689033,256.84926344,96.53081828,160.31844516,0.37582673,-0.05662579,-0.08759796,-0.05439003
2020-03-21,-0.00842390,0.00000000,-0.00316593,191.43530430,320.63689033,256.03609731,95.71765215,160.31844516,0.37384436,-0.06457268,-0.08759796,-0.05738376
2020-03-22,0.00000000,0.00000000,0.00000000,191.43530430,320.63689033,256.03609731,95.71765215,160.31844516,0.37384436,-0.06457268,-0.08759796,-0.05738376
2020-03-23,0.00000000,0.00000000,0.00000000,191.43530430,320.63689033,256.03609731,95.71765215,160.31844516,0.37384436,-0.06457268,-0.08759796,-0.05738376
2020-03-24,0.00000000,0.00000000,0.00000000,191.43530430,320.63689033,256.03609731,95.71765215,160.31844516,0.37384436,-0.06457268,-0.08759796,-0.05738376
2020-03-25,0.00000000,0.00000000,0.00000000,191.43530430,320.63689033,256.03609731,95.71765215,160.31844516,0.37384436,-0.06457268,-0.08759796,-0.05738376
2020-03-26,0.00000000,-0.01125654,-0.00704835,191.43530430,317.02762818,254.23146624,95.71765215,158.51381409,0.37649805,-0.06457268,-0.09786845,-0.06402765
2020-03-27,0.00000000,0.00000000,0.00000000,191.43530430,317.02762818,254.23146624,95.71765215,158.51381409,0.37649805,-0.06457268,-0.09786845,-0.06402765
2020-03-28,0.00000000,0.00000000,0.00000000,191.43530430,317.02762818,254.23146624,95.71765215,158.51381409,0.37649805,-0.06457268,-0.09786845,-0.06402765
2020-03-29,0.00000000,0.00000000,0.00000000,191.43530430,317.02762818,254.23146624,95.71765215,158.51381409,0.37649805,-0.06457268,-0.09786845,-0.06402765
2020-03-30,0.00000000,0.00000000,0.00000000,191.43530430,317.02762818,254.23146624,95.71765215,158.51381409,0.37649805,-0.06457268,-0.09786845,-0.06402765
2020-03-31,0.00000000,0.00000000,0.00000000,191.43530430,317.02762818,254.23146624,95.71765215,158.51381409,0.37649805,-0.06457268,-0.09786845,-0.06402765
2020-04-01,0.02379312,0.01399678,0.01768508,195.99014824,321.46499441,258.72757133,97.99507412,160.73249720,0.37875776,-0.04231595,-0.08524151,-0.04747489
2020-04-02,-0.01019583,0.05769159,0.03197870,193.99186540,340.01081948,267.00134244,96.99593270,170.00540974,0.36327882,-0.05208033,-0.03246764,-0.01701438
2020-04-03,0.00000000,0.00000000,0.00000000,193.99186540,340.01081948,267.00134244,96.99593270,170.00540974,0.36327882,-0.05208033,-0.03246764,-0.01701438
2020-04-04,0.00000000,0.00000000,0.00000000,193.99186540,340.01081948,267.00134244,96.99593270,170.00540974,0.36327882,-0.05208033,-0.03246764,-0.01701438
2020-04-05,0.00000000,0.00000000,0.00000000,193.99186540,340.01081948,267.00134244,96.99593270,170.00540974,0.36327882,-0.05208033,-0.03246764,-0.01701438
2020-04-06,-0.00045000,0.04912363,0.03111458,193.90456906,356.71338661,275.30897783,96.95228453,178.35669330,0.35215809,-0.05250690,0.00000000,0.00000000
2020-04-07,-0.00487676,-0.00097381,-0.00234826,192.95894252,356.36601698,274.66247975,96.47947126,178.18300849,0.35126557,-0.05712760,-0.00097381,-0.00234826
2020-04-08,0.00000000,0.00000000,0.00000000,192.95894252,356.36601698,274.66247975,96.47947126,178.18300849,0.35126557,-0.05712760,-0.00097381,-0.00234826
2020-04-09,0.00000000,0.00000000,0.00000000,192.95894252,356.36601698,274.66247975,96.47947126,178.18300849,0.35126557,-0.05712760,-0.00097381,-0.00234826
2020-04-10,0.00000000,0.00000000,0.00000000,192.95894252,356.36601698,274.66247975,96.47947126,178.18300849,0.35126557,-0.05712760,-0.00097381,-0.00234826
2020-04-11,0.00000000,0.00000000,0.00000000,192.95894252,356.36601698,274.66247975,96.47947126,178.18300849,0.35126557,-0.05712760,-0.00097381,-0.00234826
2020-04-12,0.00000000,0.00000000,0.00000000,192.95894252,356.36601698,274.66247975,96.47947126,178.18300849,0.35126557,-0.05712760,-0.00097381,-0.00234826
2020-04-13,0.00000000,0.00000000,0.00000000,192.95894252,356.36601698,274.66247975,96.47947126,178.18300849,0.35126557,-0.05712760,-0.00097381,-0.00234826
2020-04-14,0.00000000,0.00000000,0.00000000,192.95894252,356.36601698,274.66247975,96.47947126,178.18300849,0.35126557,-0.05712760,-0.00097381,-0.00234826
2020-04-15,0.00000000,0.00000000,0.00000000,192.95894252,356.36601698,274.66247975,96.47947126,178.18300849,0.35126557,-0.05712760,-0.00097381,-0.00234826
2020-04-16,0.00000000,0.01779245,0.01154258,192.95894252,362.70664203,277.83279228,96.47947126,181.35332102,0.34725732,-0.05712760,0.00000000,0.00000000
2020-04-17,0.00000000,0.00000000,0.00000000,192.95894252,362.70664203,277.83279228,96.47947126,181.35332102,0.34725732,-0.05712760,0.00000000,0.00000000
2020-04-18,0.00000000,-0.00663267,-0.00432943,192.95894252,360.30092687,276.62993470,96.47947126,180.15046343,0.34876728,-0.05712760,-0.00663267,-0.00432943
2020-04-19,0.00000000,0.00000000,0.00000000,192.95894252,360.30092687,276.62993470,96.47947126,180.15046343,0.34876728,-0.05712760,-0.00663267,-0.00432943
2020-04-20,0.00000000,0.00000000,0.00000000,192.95894252,360.30092687,276.62993470,96.47947126,180.15046343,0.34876728,-0.05712760,-0.00663267,-0.00432943
2020-04-21,0.00000000,0.00000000,0.00000000,192.95894252,360.30092687,276.62993470,96.47947126,180.15046343,0.34876728,-0.05712760,-0.00663267,-0.00432943
2020-04-22,0.00000000,0.00000000,0.00000000,192.95894252,360.30092687,276.62993470,96.47947126,180.15046343,0.34876728,-0.05712760,-0.00663267,-0.00432943
2020-04-23,0.01638790,0.00000000,0.00571556,196.12113493,360.30092687,278.21103090,98.06056746,180.15046343,0.35246829,-0.04167589,-0.00663267,0.00000000
2020-04-24,0.00000000,0.00000000,0.00000000,196.12113493,360.30092687,278.21103090,98.06056746,180.15046343,0.35246829,-0.04167589,-0.00663267,0.00000000
2020-04-25,0.00000000,0.02005382,0.01298549,196.12113493,367.52633855,281.82373674,98.06056746,183.76316927,0.34794999,-0.04167589,0.00000000,0.00000000
2020-04-26,0.00000000,0.00000000,0.00000000,196.12113493,367.52633855,281.82373674,98.06056746,183.76316927,0.34794999,-0.04167589,0.00000000,0.00000000
2020-04-27,0.00000000,-0.00589048,-0.00384089,196.12113493,365.36143101,280.74128297,98.06056746,182.68071551,0.34929158,-0.04167589,-0.00589048,-0.00384089
2020-04-28,0.00000000,0.00000000,0.00000000,196.12113493,365.36143101,280.74128297,98.06056746,182.68071551,0.34929158,-0.04167589,-0.00589048,-0.00384089
2020-04-29,0.10980477,-0.02146681,0.02438525,217.65617071,357.51828597,287.58722834,108.82808535,178.75914298,0.37841766,0.00000000,-0.02723084,0.00000000
2020-04-30,-0.01525444,0.00613172,-0.00196118,214.33594720,359.71048834,287.02321777,107.16797360,179.85524417,0.37337737,-0.01525444,-0.02126610,-0.00196118
2020-05-01,0.00000000,0.00000000,0.00000000,214.33594720,359.71048834,287.02321777,107.16797360,179.85524417,0.37337737,-0.01525444,-0.02126610,-0.00196118
2020-05-02,0.00000000,0.00000000,0.00000000,214.33594720,359.71048834,287.02321777,107.16797360,179.85524417,0.37337737,-0.01525444,-0.02126610,-0.00196118
2020-05-03,0.00000000,0.00000000,0.00000000,214.33594720,359.71048834,287.02321777,107.16797360,179.85524417,0.37337737,-0.01525444,-0.02126610,-0.00196118
2020-05-04,0.00000000,0.00000000,0.00000000,214.33594720,359.71048834,287.02321777,107.16797360,179.85524417,0.37337737,-0.01525444,-0.02126610,-0.00196118
2020-05-05,0.00000000,0.00000000,0.00000000,214.33594720,359.71048834,287.02321777,107.16797360,179.85524417,0.37337737,-0.01525444,-0.02126610,-0.00196118
2020-05-06,0.00000000,0.00000000,0.00000000,214.33594720,359.71048834,287.02321777,107.16797360,179.85524417,0.37337737,-0.01525444,-0.02126610,-0.00196118
2020-05-07,0.01466836,0.00000000,0.00547683,217.47990301,359.71048834,288.59519567,108.73995150,179.85524417,0.37679058,-0.00080984,-0.02126610,0.00000000
2020-05-08,-0.00808938,0.00000000,-0.00304800,215.72062628,359.71048834,287.71555731,107.86031314,179.85524417,0.37488523,-0.00889267,-0.02126610,-0.00304800
2020-05-09,0.00000000,0.00000000,0.00000000,215.72062628,359.71048834,287.71555731,107.86031314,179.85524417,0.37488523,-0.00889267,-0.02126610,-0.00304800
2020-05-10,0.00000000,0.00000000,0.00000000,215.72062628,359.71048834,287.71555731,107.86031314,179.85524417,0.37488523,-0.00889267,-0.02126610,-0.00304800
2020-05-11,0.00000000,0.00000000,0.00000000,215.72062628,359.71048834,287.71555731,107.86031314,179.85524417,0.37488523,-0.00889267,-0.02126610,-0.00304800
2020-05-12,0.00000000,0.00000000,0.00000000,215.72062628,359.71048834,287.71555731,107.86031314,179.85524417,0.37488523,-0.00889267,-0.02126610,-0.00304800
2020-05-13,0.00000000,-0.00547351,-0.00342157,215.72062628,357.74161044,286.73111836,107.86031314,178.87080522,0.37617233,-0.00889267,-0.02662320,-0.00645914
2020-05-14,-0.00936645,0.00330013,-0.00146469,213.70009064,358.92220454,286.31114759,106.85004532,179.46110227,0.37319555,-0.01817582,-0.02341093,-0.00791437
2020-05-15,0.00000000,0.00000000,0.00000000,213.70009064,358.92220454,286.31114759,106.85004532,179.46110227,0.37319555,-0.01817582,-0.02341093,-0.00791437
2020-05-16,0.00000000,-0.00728011,-0.00456321,213.70009064,356.30921114,285.00465089,106.85004532,178.15460557,0.37490632,-0.01817582,-0.03052061,-0.01244146
2020-05-17,0.00000000,0.00082167,0.00051362,213.70009064,356.60197834,285.15103449,106.85004532,178.30098917,0.37471386,-0.01817582,-0.02972402,-0.01193423
2020-05-18,-0.00679251,0.00293889,-0.00070760,212.24853156,357.64999404,284.94926280,106.12426578,178.82499702,0.37243215,-0.02484487,-0.02687248,-0.01263338
2020-05-19,0.00000000,0.00000000,0.00000000,212.24853156,357.64999404,284.94926280,106.12426578,178.82499702,0.37243215,-0.02484487,-0.02687248,-0.01263338
2020-05-20,0.00000000,0.00000000,0.00000000,212.24853156,357.64999404,284.94926280,106.12426578,178.82499702,0.37243215,-0.02484487,-0.02687248,-0.01263338
2020-05-21,0.00000000,0.00000000,0.00000000,212.24853156,357.64999404,284.94926280,106.12426578,178.82499702,0.37243215,-0.02484487,-0.02687248,-0.01263338
2020-05-22,0.00000000,0.00000000,0.00000000,212.24853156,357.64999404,284.94926280,106.12426578,178.82499702,0.37243215,-0.02484487,-0.02687248,-0.01263338
2020-05-23,0.00000000,0.00000000,0.00000000,212.24853156,357.64999404,284.94926280,106.12426578,178.82499702,0.37243215,-0.02484487,-0.02687248,-0.01263338
2020-05-24,0.00000000,0.00000000,0.00000000,212.24853156,357.64999404,284.94926280,106.12426578,178.82499702,0.37243215,-0.02484487,-0.02687248,-0.01263338
2020-05-25,0.00000000,0.00000000,0.00000000,212.24853156,357.64999404,284.94926280,106.12426578,178.82499702,0.37243215,-0.02484487,-0.02687248,-0.01263338
2020-05-26,0.00000000,0.00000000,0.00000000,212.24853156,357.64999404,284.94926280,106.12426578,178.82499702,0.37243215,-0.02484487,-0.02687248,-0.01263338
2020-05-27,0.00000000,0.00000000,0.00000000,212.24853156,357.64999404,284.94926280,106.12426578,178.82499702,0.37243215,-0.02484487,-0.02687248,-0.01263338
2020-05-28,-0.00432969,0.03734631,0.02182483,211.32956194,371.00690324,291.16823259,105.66478097,185.50345162,0.36289941,-0.02906699,0.00000000,0.00000000
2020-05-29,0.00000000,0.00208982,0.00133143,211.32956194,371.78224137,291.55590165,105.66478097,185.89112069,0.36241688,-0.02906699,0.00000000,0.00000000
2020-05-30,-0.00567783,0.10422782,0.06439616,210.12966895,410.53229257,310.33098076,105.06483448,205.26614628,0.33855735,-0.03457978,0.00000000,0.00000000
2020-05-31,0.00000000,-0.02802799,-0.01853891,210.12966895,399.02589889,304.57778392,105.06483448,199.51294944,0.34495239,-0.03457978,-0.02802799,-0.01853891
2020-06-01,0.06455474,0.01630268,0.03294734,223.69453481,405.53109158,314.61281319,111.84726740,202.76554579,0.35550767,0.00000000,-0.01218224,0.00000000
2020-06-02,-0.07159510,-0.03420068,-0.04749468,207.67910294,391.66165283,299.67037789,103.83955147,195.83082642,0.34651257,-0.07159510,-0.04596627,-0.04749468
2020-06-03,0.00000000,0.00000000,0.00000000,207.67910294,391.66165283,299.67037789,103.83955147,195.83082642,0.34651257,-0.07159510,-0.04596627,-0.04749468
2020-06-04,0.00112430,0.00000000,0.00038959,207.91259723,391.66165283,299.78712503,103.95629862,195.83082642,0.34676706,-0.07055129,-0.04596627,-0.04712360
2020-06-05,0.00000000,0.00000000,0.00000000,207.91259723,391.66165283,299.78712503,103.95629862,195.83082642,0.34676706,-0.07055129,-0.04596627,-0.04712360
2020-06-06,0.00000000,-0.00367047,-0.00239767,207.91259723,390.22406974,299.06833349,103.95629862,195.11203487,0.34760049,-0.07055129,-0.04946803,-0.04940829
2020-06-07,0.00000000,0.00000000,0.00000000,207.91259723,390.22406974,299.06833349,103.95629862,195.11203487,0.34760049,-0.07055129,-0.04946803,-0.04940829
2020-06-08,-0.00169143,-0.00287915,-0.00246630,207.56092775,389.10055619,298.33074197,103.78046387,194.55027810,0.34787050,-0.07212339,-0.05220475,-0.05175273
2020-06-09,-0.00343458,-0.00846764,-0.00671679,206.84804323,385.80579364,296.32691843,103.42402161,192.90289682,0.34902000,-0.07531025,-0.06023034,-0.05812190
2020-06-10,0.00000000,-0.01535713,-0.00999719,206.84804323,379.88092338,293.36448330,103.42402161,189.94046169,0.35254445,-0.07531025,-0.07466250,-0.06753803
2020-06-11,0.00000000,0.00000000,0.00000000,206.84804323,379.88092338,293.36448330,103.42402161,189.94046169,0.35254445,-0.07531025,-0.07466250,-0.06753803
2020-06-12,0.00000000,0.00000000,0.00000000,206.84804323,379.88092338,293.36448330,103.42402161,189.94046169,0.35254445,-0.07531025,-0.07466250,-0.06753803
2020-06-13,0.00000000,0.00000000,0.00000000,206.84804323,379.88092338,293.36448330,103.42402161,189.94046169,0.35254445,-0.07531025,-0.07466250,-0.06753803
2020-06-14,0.00000000,0.00000000,0.00000000,206.84804323,379.88092338,293.36448330,103.42402161,189.94046169,0.35254445,-0.07531025,-0.07466250,-0.06753803
2020-06-15,-0.00603836,0.00000000,-0.00212879,205.59902031,379.88092338,292.73997185,102.79951016,189.94046169,0.35116322,-0.08089386,-0.07466250,-0.06952305
2020-06-16,0.00000000,0.00000000,0.00000000,205.59902031,379.88092338,292.73997185,102.79951016,189.94046169,0.35116322,-0.08089386,-0.07466250,-0.06952305
2020-06-17,0.00000000,0.00000000,0.00000000,205.59902031,379.88092338,292.73997185,102.79951016,189.94046169,0.35116322,-0.08089386,-0.07466250,-0.06952305
2020-06-18,0.00000000,0.00000000,0.00000000,205.59902031,379.88092338,292.73997185,102.79951016,189.94046169,0.35116322,-0.08089386,-0.07466250,-0.06952305
2020-06-19,0.00000000,0.00000000,0.00000000,205.59902031,379.88092338,292.73997185,102.79951016,189.94046169,0.35116322,-0.08089386,-0.07466250,-0.06952305
2020-06-20,0.00000000,0.00000000,0.00000000,205.59902031,379.88092338,292.73997185,102.79951016,189.94046169,0.35116322,-0.08089386,-0.07466250,-0.06952305
2020-06-21,0.00000000,0.00000000,0.00000000,205.59902031,379.88092338,292.73997185,102.79951016,189.94046169,0.35116322,-0.08089386,-0.07466250,-0.06952305
2020-06-22,0.03160480,0.04146129,0.03800005,212.09693637,395.63127729,303.86410683,106.04846818,197.81563864,0.34899965,-0.05184569,-0.03629682,-0.03416487
2020-06-23,-0.00623108,0.00004115,-0.00214786,210.77534311,395.64755674,303.21144992,105.38767155,197.82377837,0.34757154,-0.05775372,-0.03625716,-0.03623935
2020-06-24,-0.00282058,-0.00131388,-0.00183757,210.18083432,395.12772384,302.65427908,105.09041716,197.56386192,0.34722925,-0.06041140,-0.03752340,-0.03801032
2020-06-25,0.00000000,0.00000000,0.00000000,210.18083432,395.12772384,302.65427908,105.09041716,197.56386192,0.34722925,-0.06041140,-0.03752340,-0.03801032
2020-06-26,0.00000000,0.00000000,0.00000000,210.18083432,395.12772384,302.65427908,105.09041716,197.56386192,0.34722925,-0.06041140,-0.03752340,-0.03801032
2020-06-27,0.00000000,0.00000000,0.00000000,210.18083432,395.12772384,302.65427908,105.09041716,197.56386192,0.34722925,-0.06041140,-0.03752340,-0.03801032
2020-06-28,0.00000000,0.00000000,0.00000000,210.18083432,395.12772384,302.65427908,105.09041716,197.56386192,0.34722925,-0.06041140,-0.03752340,-0.03801032
2020-06-29,0.00000000,0.00000000,0.00000000,210.18083432,395.12772384,302.65427908,105.09041716,197.56386192,0.34722925,-0.06041140,-0.03752340,-0.03801032
2020-06-30,0.00000000,0.00000000,0.00000000,210.18083432,395.12772384,302.65427908,105.09041716,197.56386192,0.34722925,-0.06041140,-0.03752340,-0.03801032
2020-07-01,0.00000000,0.01328650,0.00867304,210.18083432,400.37759027,305.27921229,105.09041716,200.18879513,0.34424361,-0.06041140,-0.02473545,-0.02966694
2020-07-02,-0.00795179,-0.01131640,-0.01015816,208.50951952,395.84675537,302.17813744,104.25475976,197.92337769,0.34501093,-0.06788282,-0.03577194,-0.03952374
2020-07-03,0.00000000,0.00000000,0.00000000,208.50951952,395.84675537,302.17813744,104.25475976,197.92337769,0.34501093,-0.06788282,-0.03577194,-0.03952374
2020-07-04,0.00000000,0.00000000,0.00000000,208.50951952,395.84675537,302.17813744,104.25475976,197.92337769,0.34501093,-0.06788282,-0.03577194,-0.03952374
2020-07-05,-0.00091293,0.00000000,-0.00031497,208.31916464,395.84675537,302.08296001,104.15958232,197.92337769,0.34480456,-0.06873378,-0.03577194,-0.03982626
2020-07-06,-0.00531939,0.01131766,0.00558113,207.21103467,400.32681514,303.76892490,103.60551733,200.16340757,0.34106687,-0.07368754,-0.02485913,-0.03446741
2020-07-07,0.00000000,-0.02497587,-0.01645743,207.21103467,390.32830428,298.76966947,103.60551733,195.16415214,0.34677388,-0.07368754,-0.04921413,-0.05035759
2020-07-08,-0.00096154,0.00210765,0.00104333,207.01179200,391.15097918,299.08138559,103.50589600,195.57548959,0.34607936,-0.07457823,-0.04721020,-0.04936680
2020-07-09,-0.00842038,-0.01778235,-0.01454236,205.26867346,384.19539690,294.73203518,102.63433673,192.09769845,0.34822932,-0.08237064,-0.06415304,-0.06319125
2020-07-10,0.00000000,0.00000000,0.00000000,205.26867346,384.19539690,294.73203518,102.63433673,192.09769845,0.34822932,-0.08237064,-0.06415304,-0.06319125
2020-07-11,-0.00313953,0.00000000,-0.00109327,204.62422715,384.19539690,294.40981203,102.31211358,192.09769845,0.34751598,-0.08525156,-0.06415304,-0.06421544
2020-07-12,-0.01127461,0.00000000,-0.00391811,202.31716923,384.19539690,293.25628306,101.15858461,192.09769845,0.34494942,-0.09556499,-0.06415304,-0.06788195
2020-07-13,-0.00181435,0.00000000,-0.00062586,201.95009543,384.19539690,293.07274617,100.97504772,192.09769845,0.34453919,-0.09720595,-0.06415304,-0.06846532
2020-07-14,-0.00200895,0.00000000,-0.00069216,201.54438681,384.19539690,292.86989186,100.77219341,192.09769845,0.34408519,-0.09901962,-0.06415304,-0.06911009
2020-07-15,0.00669766,0.00000000,0.00230456,202.89426212,384.19539690,293.54482951,101.44713106,192.09769845,0.34559332,-0.09298516,-0.06415304,-0.06696480
2020-07-16,0.00618591,0.00000000,0.00213781,204.14934774,384.19539690,294.17237232,102.07467387,192.09769845,0.34698933,-0.08737445,-0.06415304,-0.06497015
2020-07-17,-0.00086861,0.00000000,-0.00030140,203.97202130,384.19539690,294.08370910,101.98601065,192.09769845,0.34679245,-0.08816717,-0.06415304,-0.06525196
2020-07-18,0.00000000,0.00000000,0.00000000,203.97202130,384.19539690,294.08370910,101.98601065,192.09769845,0.34679245,-0.08816717,-0.06415304,-0.06525196
2020-07-19,0.00000000,0.00632895,0.00413412,203.97202130,386.62694935,295.29948532,101.98601065,193.31347467,0.34536467,-0.08816717,-0.05823012,-0.06138761
2020-07-20,0.00000000,-0.01380924,-0.00904002,203.97202130,381.28792555,292.62997342,101.98601065,190.64396278,0.34851526,-0.08816717,-0.07123524,-0.06987268
2020-07-21,0.00000000,0.01610698,0.01049345,203.97202130,387.42932128,295.70067129,101.98601065,193.71466064,0.34489611,-0.08816717,-0.05627565,-0.06011243
2020-07-22,0.00977027,-0.00410492,0.00068058,205.96488281,385.83895520,295.90191901,102.98244141,192.91947760,0.34802897,-0.07925832,-0.06014956,-0.05947277
2020-07-23,0.00814765,0.04385057,0.03142492,207.64301331,402.75821437,305.20061384,103.82150666,201.37910718,0.34017463,-0.07175643,-0.01893658,-0.02991677
2020-07-24,-0.00788473,0.01767506,0.00898027,206.00580325,409.87699193,307.94139759,103.00290163,204.93849597,0.33448865,-0.07907539,-0.00159622,-0.02120516
2020-07-25,0.00070570,0.03383881,0.02275616,206.15118104,423.74674244,314.94896174,103.07559052,211.87337122,0.32727712,-0.07842549,0.00000000,0.00000000
2020-07-26,0.02407327,0.01881183,0.02053378,211.11391480,431.71819305,321.41605392,105.55695740,215.85909653,0.32841221,-0.05624018,0.00000000,0.00000000
2020-07-27,0.11081574,0.03515971,0.06000607,234.50865844,446.89727932,340.70296888,117.25432922,223.44863966,0.34415412,0.00000000,0.00000000,0.00000000
2020-07-28,-0.00968318,-0.01603494,-0.01384896,232.23786846,439.73130630,335.98458738,116.11893423,219.86565315,0.34560792,-0.00968318,-0.01603494,-0.01384896
2020-07-29,0.01572030,0.00296870,0.00737575,235.88871766,441.03673549,338.46272658,117.94435883,220.51836775,0.34847075,0.00000000,-0.01311385,-0.00657535
2020-07-30,0.00008553,0.05403411,0.03523461,235.90889397,464.86776206,350.38832802,117.95444698,232.43388103,0.33663920,0.00000000,0.00000000,0.00000000
2020-07-31,0.02202245,0.03423581,0.03012432,241.10418619,480.78288820,360.94353719,120.55209309,240.39144410,0.33399155,0.00000000,0.00000000,0.00000000
2020-08-01,0.04058622,0.04027959,0.04038200,250.88969387,500.14862606,375.51915996,125.44484693,250.07431303,0.33405711,0.00000000,0.00000000,0.00000000
2020-08-02,-0.07031933,-0.04305261,-0.05216125,233.24729987,478.61592058,355.93161023,116.62364993,239.30796029,0.32765747,-0.07031933,-0.04305261,-0.05216125
2020-08-03,0.00000000,0.00000000,0.00000000,233.24729987,478.61592058,355.93161023,116.62364993,239.30796029,0.32765747,-0.07031933,-0.04305261,-0.05216125
2020-08-04,0.00000000,-0.03062072,-0.02058761,233.24729987,463.96035875,348.60382931,116.62364993,231.98017938,0.33454495,-0.07031933,-0.07235503,-0.07167499
2020-08-05,0.01996305,-0.03543820,-0.01690399,237.90362800,447.51843824,342.71103312,118.95181400,223.75921912,0.34709070,-0.05176006,-0.10522910,-0.08736738
2020-08-06,0.00126297,0.00000000,0.00043837,238.20409379,447.51843824,342.86126602,119.10204690,223.75921912,0.34737679,-0.05056246,-0.10522910,-0.08696732
2020-08-07,-0.03273162,0.00000000,-0.01137021,230.40728704,447.51843824,338.96286264,115.20364352,223.75921912,0.33987099,-0.08163909,-0.10522910,-0.09734869
2020-08-08,0.00000000,0.00000000,0.00000000,230.40728704,447.51843824,338.96286264,115.20364352,223.75921912,0.33987099,-0.08163909,-0.10522910,-0.09734869
2020-08-09,0.00000000,0.00000000,0.00000000,230.40728704,447.51843824,338.96286264,115.20364352,223.75921912,0.33987099,-0.08163909,-0.10522910,-0.09734869
2020-08-10,0.00000000,0.00000000,0.00000000,230.40728704,447.51843824,338.96286264,115.20364352,223.75921912,0.33987099,-0.08163909,-0.10522910,-0.09734869
2020-08-11,0.00000000,0.00000000,0.00000000,230.40728704,447.51843824,338.96286264,115.20364352,223.75921912,0.33987099,-0.08163909,-0.10522910,-0.09734869
2020-08-12,0.00000000,0.00000000,0.00000000,230.40728704,447.51843824,338.96286264,115.20364352,223.75921912,0.33987099,-0.08163909,-0.10522910,-0.09734869
2020-08-13,0.00000000,0.02542366,0.01678290,230.40728704,458.89599458,344.65164081,115.20364352,229.44799729,0.33426112,-0.08163909,-0.08248075,-0.08219959
2020-08-14,0.00000000,0.00000000,0.00000000,230.40728704,458.89599458,344.65164081,115.20364352,229.44799729,0.33426112,-0.08163909,-0.08248075,-0.08219959
2020-08-15,0.00000000,0.00000000,0.00000000,230.40728704,458.89599458,344.65164081,115.20364352,229.44799729,0.33426112,-0.08163909,-0.08248075,-0.08219959
2020-08-16,0.00000000,-0.00801465,-0.00533566,230.40728704,455.21810531,342.81269618,115.20364352,227.60905265,0.33605419,-0.08163909,-0.08983434,-0.08709666
2020-08-17,0.03033720,0.00000000,0.01019494,237.39719866,455.21810531,346.30765198,118.69859933,227.60905265,0.34275477,-0.05377859,-0.08983434,-0.07778966
2020-08-18,0.00000000,0.00000000,0.00000000,237.39719866,455.21810531,346.30765198,118.69859933,227.60905265,0.34275477,-0.05377859,-0.08983434,-0.07778966
2020-08-19,0.00000000,0.00000000,0.00000000,237.39719866,455.21810531,346.30765198,118.69859933,227.60905265,0.34275477,-0.05377859,-0.08983434,-0.07778966
2020-08-20,0.00000000,0.00000000,0.00000000,237.39719866,455.21810531,346.30765198,118.69859933,227.60905265,0.34275477,-0.05377859,-0.08983434,-0.07778966
2020-08-21,0.00000000,0.00000000,0.00000000,237.39719866,455.21810531,346.30765198,118.69859933,227.60905265,0.34275477,-0.05377859,-0.08983434,-0.07778966
2020-08-22,0.00000000,0.00000000,0.00000000,237.39719866,455.21810531,346.30765198,118.69859933,227.60905265,0.34275477,-0.05377859,-0.08983434,-0.07778966
2020-08-23,0.00000000,0.00000000,0.00000000,237.39719866,455.21810531,346.30765198,118.69859933,227.60905265,0.34275477,-0.05377859,-0.08983434,-0.07778966
2020-08-24,0.00000000,0.00000000,0.00000000,237.39719866,455.21810531,346.30765198,118.69859933,227.60905265,0.34275477,-0.05377859,-0.08983434,-0.07778966
2020-08-25,0.00000000,0.00000000,0.00000000,237.39719866,455.21810531,346.30765198,118.69859933,227.60905265,0.34275477,-0.05377859,-0.08983434,-0.07778966
2020-08-26,0.00000000,0.00000000,0.00000000,237.39719866,455.21810531,346.30765198,118.69859933,227.60905265,0.34275477,-0.05377859,-0.08983434,-0.07778966
2020-08-27,0.00000000,0.00000000,0.00000000,237.39719866,455.21810531,346.30765198,118.69859933,227.60905265,0.34275477,-0.05377859,-0.08983434,-0.07778966
2020-08-28,0.00000000,0.00000000,0.00000000,237.39719866,455.21810531,346.30765198,118.69859933,227.60905265,0.34275477,-0.05377859,-0.08983434,-0.07778966
2020-08-29,0.00000000,0.00000000,0.00000000,237.39719866,455.21810531,346.30765198,118.69859933,227.60905265,0.34275477,-0.05377859,-0.08983434,-0.07778966
2020-08-30,0.00682695,0.04112156,0.02936692,239.01789681,473.93738412,356.47764046,119.50894840,236.96869206,0.33524949,-0.04731879,-0.05240691,-0.05070718
2020-08-31,-0.00376901,0.01131183,0.00625598,238.11703515,479.29848317,358.70775916,119.05851757,239.64924158,0.33190951,-0.05090946,-0.04168789,-0.04476842
2020-09-01,0.01022639,0.09596299,0.06750619,240.55211182,525.29339687,382.92275435,120.27605591,262.64669844,0.31410005,-0.04120369,0.00000000,0.00000000
2020-09-02,-0.02082171,-0.07554480,-0.05835628,235.54340641,485.61021009,360.57680825,117.77170320,242.80510504,0.32662029,-0.06116747,-0.07554480,-0.05835628
2020-09-03,0.00000000,-0.07602253,-0.05119203,235.54340641,448.69289291,342.11814966,117.77170320,224.34644645,0.34424278,-0.06116747,-0.14582423,-0.10656093
2020-09-04,0.00000000,0.00000000,0.00000000,235.54340641,448.69289291,342.11814966,117.77170320,224.34644645,0.34424278,-0.06116747,-0.14582423,-0.10656093
2020-09-05,0.00000000,0.00000000,0.00000000,235.54340641,448.69289291,342.11814966,117.77170320,224.34644645,0.34424278,-0.06116747,-0.14582423,-0.10656093
2020-09-06,0.00000000,0.00000000,0.00000000,235.54340641,448.69289291,342.11814966,117.77170320,224.34644645,0.34424278,-0.06116747,-0.14582423,-0.10656093
2020-09-07,0.00000000,0.00000000,0.00000000,235.54340641,448.69289291,342.11814966,117.77170320,224.34644645,0.34424278,-0.06116747,-0.14582423,-0.10656093
2020-09-08,0.00000000,0.00000000,0.00000000,235.54340641,448.69289291,342.11814966,117.77170320,224.34644645,0.34424278,-0.06116747,-0.14582423,-0.10656093
2020-09-09,0.00000000,0.00000000,0.00000000,235.54340641,448.69289291,342.11814966,117.77170320,224.34644645,0.34424278,-0.06116747,-0.14582423,-0.10656093
2020-09-10,0.00000000,0.00386493,0.00253446,235.54340641,450.42706037,342.98523339,117.77170320,225.21353018,0.34337252,-0.06116747,-0.14252290,-0.10429655
2020-09-11,0.00000000,0.00000000,0.00000000,235.54340641,450.42706037,342.98523339,117.77170320,225.21353018,0.34337252,-0.06116747,-0.14252290,-0.10429655
2020-09-12,0.00000000,0.00000000,0.00000000,235.54340641,450.42706037,342.98523339,117.77170320,225.21353018,0.34337252,-0.06116747,-0.14252290,-0.10429655
2020-09-13,-0.00264967,0.00000000,-0.00090983,234.91929318,450.42706037,342.67317677,117.45964659,225.21353018,0.34277456,-0.06365507,-0.14252290,-0.10511148
2020-09-14,0.01478070,0.00643270,0.00929418,238.39156533,453.32452109,345.85804321,119.19578266,226.66226054,0.34463788,-0.04981523,-0.13700701,-0.09679422
2020-09-15,-0.00839973,0.00000000,-0.00289487,236.38913980,453.32452109,344.85683044,118.19456990,226.66226054,0.34273519,-0.05779653,-0.13700701,-0.09940888
2020-09-16,0.00000000,0.00000000,0.00000000,236.38913980,453.32452109,344.85683044,118.19456990,226.66226054,0.34273519,-0.05779653,-0.13700701,-0.09940888
2020-09-17,0.00000000,0.00000000,0.00000000,236.38913980,453.32452109,344.85683044,118.19456990,226.66226054,0.34273519,-0.05779653,-0.13700701,-0.09940888
2020-09-18,0.00000000,0.00000000,0.00000000,236.38913980,453.32452109,344.85683044,118.19456990,226.66226054,0.34273519,-0.05779653,-0.13700701,-0.09940888
2020-09-19,0.00000000,-0.00550657,-0.00361928,236.38913980,450.82825721,343.60869850,118.19456990,225.41412860,0.34398014,-0.05779653,-0.14175914,-0.10266837
2020-09-20,0.00000000,0.00000000,0.00000000,236.38913980,450.82825721,343.60869850,118.19456990,225.41412860,0.34398014,-0.05779653,-0.14175914,-0.10266837
2020-09-21,0.00000000,0.00000000,0.00000000,236.38913980,450.82825721,343.60869850,118.19456990,225.41412860,0.34398014,-0.05779653,-0.14175914,-0.10266837
2020-09-22,0.00000000,0.00000000,0.00000000,236.38913980,450.82825721,343.60869850,118.19456990,225.41412860,0.34398014,-0.05779653,-0.14175914,-0.10266837
2020-09-23,0.00000000,0.00000000,0.00000000,236.38913980,450.82825721,343.60869850,118.19456990,225.41412860,0.34398014,-0.05779653,-0.14175914,-0.10266837
2020-09-24,0.00000000,-0.00295589,-0.00193912,236.38913980,449.49565885,342.94239933,118.19456990,224.74782943,0.34464846,-0.05779653,-0.14429600,-0.10440841
2020-09-25,0.00000000,-0.00249041,-0.00163209,236.38913980,448.37623259,342.38268620,118.19456990,224.18811630,0.34521188,-0.05779653,-0.14642705,-0.10587009
2020-09-26,0.00000000,0.00000000,0.00000000,236.38913980,448.37623259,342.38268620,118.19456990,224.18811630,0.34521188,-0.05779653,-0.14642705,-0.10587009
2020-09-27,0.00642491,0.00006440,0.00226012,237.90791864,448.40510897,343.15651380,118.95395932,224.20255448,0.34664637,-0.05174296,-0.14637208,-0.10384925
2020-09-28,0.00254907,0.00000000,0.00088363,238.51436306,448.40510897,343.45973601,119.25718153,224.20255448,0.34722318,-0.04932578,-0.14637208,-0.10305739
2020-09-29,-0.01302332,0.00000000,-0.00452200,235.40811390,448.40510897,341.90661143,117.70405695,224.20255448,0.34425791,-0.06170672,-0.14637208,-0.10711336
2020-09-30,-0.00666473,-0.00462010,-0.00532398,233.83918266,446.33343251,340.08630758,116.91959133,223.16671625,0.34379388,-0.06796019,-0.15031593,-0.11186707
2020-10-01,0.00581325,-0.00449868,-0.00095350,235.19854811,444.32552333,339.76203572,117.59927405,222.16276167,0.34612247,-0.06254201,-0.15413838,-0.11271390
2020-10-02,0.00408912,0.00000000,0.00141534,236.16030379,444.32552333,340.24291356,118.08015190,222.16276167,0.34704662,-0.05870863,-0.15413838,-0.11145810
2020-10-03,0.00229393,0.00000000,0.00079610,236.70203984,444.32552333,340.51378159,118.35101992,222.16276167,0.34756602,-0.05654937,-0.15413838,-0.11075073
2020-10-04,-0.01066795,0.00000000,-0.00370782,234.17691404,444.32552333,339.25121868,117.08845702,222.16276167,0.34513791,-0.06661405,-0.15413838,-0.11404790
2020-10-05,-0.01165700,0.00000000,-0.00402327,231.44711304,444.32552333,337.88631818,115.72355652,222.16276167,0.34249258,-0.07749454,-0.15413838,-0.11761233
2020-10-06,0.01774959,-0.01019859,-0.00062655,235.55520552,439.79402734,337.67461643,117.77760276,219.89701367,0.34879022,-0.06112044,-0.16276498,-0.11816518
2020-10-07,-0.00580595,0.00000000,-0.00202506,234.18758328,439.79402734,336.99080531,117.09379164,219.89701367,0.34746880,-0.06657153,-0.16276498,-0.11995095
2020-10-08,-0.00409643,-0.01197220,-0.00923562,233.22824949,434.52872354,333.87848651,116.61412474,217.26436177,0.34927116,-0.07039526,-0.17278853,-0.12807875
2020-10-09,0.00513842,0.02488708,0.01798944,234.42667468,445.34287406,339.88477437,117.21333734,222.67143703,0.34486198,-0.06561856,-0.15220165,-0.11239337
2020-10-10,0.02255805,0.00976831,0.01417900,239.71488328,449.69311993,344.70400161,119.85744164,224.84655996,0.34771120,-0.04454073,-0.14392010,-0.09980800
2020-10-11,0.00634989,0.00000000,0.00220793,241.23704702,449.69311993,345.46508347,120.61852351,224.84655996,0.34914823,-0.03847367,-0.14392010,-0.09782044
2020-10-12,-0.00048356,0.01668158,0.01068840,241.12039515,457.19471121,349.15755318,120.56019758,228.59735560,0.34528881,-0.03893862,-0.12963933,-0.08817758
2020-10-13,-0.00936618,-0.03143798,-0.02381683,238.86201878,442.82143320,340.84172599,119.43100939,221.41071660,0.35040020,-0.04794009,-0.15700171,-0.10989430
2020-10-14,-0.01233305,-0.01284463,-0.01266537,235.91612256,437.13355579,336.52483917,117.95806128,218.56677789,0.35051814,-0.05968189,-0.16782971,-0.12116782
2020-10-15,0.00000000,0.00000000,0.00000000,235.91612256,437.13355579,336.52483917,117.95806128,218.56677789,0.35051814,-0.05968189,-0.16782971,-0.12116782
2020-10-16,0.00000000,0.00000000,0.00000000,235.91612256,437.13355579,336.52483917,117.95806128,218.56677789,0.35051814,-0.05968189,-0.16782971,-0.12116782
2020-10-17,0.00000000,0.00000000,0.00000000,235.91612256,437.13355579,336.52483917,117.95806128,218.56677789,0.35051814,-0.05968189,-0.16782971,-0.12116782
2020-10-18,0.00000000,0.00000000,0.00000000,235.91612256,437.13355579,336.52483917,117.95806128,218.56677789,0.35051814,-0.05968189,-0.16782971,-0.12116782
2020-10-19,0.00848139,-0.01111153,-0.00424385,237.91701905,432.27633408,335.09667657,118.95850953,216.13816704,0.35499758,-0.05170669,-0.17707640,-0.12489746
2020-10-20,0.01334905,0.00000000,0.00473888,241.09298421,432.27633408,336.68465915,120.54649211,216.13816704,0.35803975,-0.03904788,-0.17707640,-0.12075045
2020-10-21,0.07398205,0.03232864,0.04724222,258.92953799,446.25124220,352.59039009,129.46476899,223.12562110,0.36718179,0.00000000,-0.15047239,-0.07921275
2020-10-22,0.01411143,0.06048027,0.04345448,262.58340528,473.24063738,367.91202133,131.29170264,236.62031869,0.35685625,0.00000000,-0.09909274,-0.03920042
2020-10-23,-0.00321082,-0.01176869,-0.00871476,261.74029851,467.67121558,364.70575705,130.87014926,233.83560779,0.35883763,-0.00321082,-0.10969523,-0.04757356
2020-10-24,0.01400241,0.00740940,0.00977522,265.40529392,471.13637945,368.27083669,132.70264696,235.56818973,0.36033982,0.00000000,-0.10309861,-0.03826338
2020-10-25,-0.01209885,-0.01398877,-0.01330776,262.19419553,464.54576128,363.36997840,131.09709777,232.27288064,0.36078131,-0.01209885,-0.11564515,-0.05106193
2020-10-26,0.00000000,0.00000000,0.00000000,262.19419553,464.54576128,363.36997840,131.09709777,232.27288064,0.36078131,-0.01209885,-0.11564515,-0.05106193
2020-10-27,0.02570789,0.00000000,0.00927493,268.93465631,464.54576128,366.74020879,134.46732815,232.27288064,0.36665554,0.00000000,-0.11564515,-0.04226060
2020-10-28,-0.03538782,0.00000000,-0.01297514,259.41764474,464.54576128,361.98170301,129.70882237,232.27288064,0.35832978,-0.03538782,-0.11564515,-0.05468740
2020-10-29,0.00000000,0.00000000,0.00000000,259.41764474,464.54576128,361.98170301,129.70882237,232.27288064,0.35832978,-0.03538782,-0.11564515,-0.05468740
2020-10-30,0.00000000,0.00000000,0.00000000,259.41764474,464.54576128,361.98170301,129.70882237,232.27288064,0.35832978,-0.03538782,-0.11564515,-0.05468740
2020-10-31,0.00000000,0.00000000,0.00000000,259.41764474,464.54576128,361.98170301,129.70882237,232.27288064,0.35832978,-0.03538782,-0.11564515,-0.05468740
2020-11-01,0.00000000,0.00000000,0.00000000,259.41764474,464.54576128,361.98170301,129.70882237,232.27288064,0.35832978,-0.03538782,-0.11564515,-0.05468740
2020-11-02,0.00000000,0.00000000,0.00000000,259.41764474,464.54576128,361.98170301,129.70882237,232.27288064,0.35832978,-0.03538782,-0.11564515,-0.05468740
2020-11-03,0.00000000,0.00000000,0.00000000,259.41764474,464.54576128,361.98170301,129.70882237,232.27288064,0.35832978,-0.03538782,-0.11564515,-0.05468740
2020-11-04,0.00000000,0.00000000,0.00000000,259.41764474,464.54576128,361.98170301,129.70882237,232.27288064,0.35832978,-0.03538782,-0.11564515,-0.05468740
2020-11-05,-0.03029147,0.00000000,-0.01085434,251.55950252,464.54576128,358.05263190,125.77975126,232.27288064,0.35128844,-0.06460734,-0.11564515,-0.06494814
2020-11-06,-0.01773427,0.04706511,0.02430184,247.09827922,486.40965722,366.75396822,123.54913961,243.20482861,0.33687199,-0.08119585,-0.07402290,-0.04222467
2020-11-07,0.00000000,-0.00599942,-0.00397838,247.09827922,483.49148093,365.29488007,123.54913961,241.74574046,0.33821755,-0.08119585,-0.07957822,-0.04603507
2020-11-08,0.00000000,0.00000000,0.00000000,247.09827922,483.49148093,365.29488007,123.54913961,241.74574046,0.33821755,-0.08119585,-0.07957822,-0.04603507
2020-11-09,-0.02113412,-0.02036044,-0.02062211,241.87607506,473.64738067,357.76172786,120.93803753,236.82369033,0.33804074,-0.10061396,-0.09831842,-0.06570784
2020-11-10,0.00000000,0.00000000,0.00000000,241.87607506,473.64738067,357.76172786,120.93803753,236.82369033,0.33804074,-0.10061396,-0.09831842,-0.06570784
2020-11-11,0.00000000,0.00971513,0.00643102,241.87607506,478.24892598,360.06250052,120.93803753,239.12446299,0.33588068,-0.10061396,-0.08955847,-0.05969939
2020-11-12,-0.00688702,-0.01714234,-0.01369778,240.21026902,470.05061810,355.13044356,120.10513451,235.02530905,0.33820005,-0.10680805,-0.10516557,-0.07257942
2020-11-13,0.00000000,0.02465973,0.01631981,240.21026902,481.64194133,360.92610518,120.10513451,240.82097067,0.33276932,-0.10680805,-0.08309919,-0.05744409
2020-11-14,0.00000000,-0.03331930,-0.02223166,240.21026902,465.59396812,352.90211857,120.10513451,232.79698406,0.34033554,-0.10680805,-0.11364968,-0.07839867
2020-11-15,0.00000000,0.00000000,0.00000000,240.21026902,465.59396812,352.90211857,120.10513451,232.79698406,0.34033554,-0.10680805,-0.11364968,-0.07839867
2020-11-16,-0.00264942,0.00000000,-0.00090169,239.57385221,465.59396812,352.58391017,119.78692611,232.79698406,0.33974019,-0.10917449,-0.11364968,-0.07922967
2020-11-17,0.02067675,0.02120575,0.02102603,244.52746126,475.46723929,359.99735028,122.26373063,237.73361964,0.33962397,-0.09075511,-0.09485396,-0.05986953
2020-11-18,0.00556968,-0.02195782,-0.01260882,245.88940008,465.02701401,355.45820705,122.94470004,232.51350701,0.34587667,-0.08569091,-0.11472899,-0.07172347
2020-11-19,0.00000000,0.00000000,0.00000000,245.88940008,465.02701401,355.45820705,122.94470004,232.51350701,0.34587667,-0.08569091,-0.11472899,-0.07172347
2020-11-20,0.00000000,0.02594839,0.01697345,245.88940008,477.09371649,361.49155829,122.94470004,238.54685824,0.34010393,-0.08569091,-0.09175764,-0.05596741
2020-11-21,0.00000000,0.05047841,0.03331050,245.88940008,501.17664684,373.53302346,122.94470004,250.58832342,0.32914011,-0.08569091,-0.04591101,-0.02452121
2020-11-22,0.00000000,0.00842904,0.00565470,245.88940008,505.40108319,375.64524163,122.94470004,252.70054159,0.32728938,-0.08569091,-0.03786896,-0.01900517
2020-11-23,0.00000000,0.00000000,0.00000000,245.88940008,505.40108319,375.64524163,122.94470004,252.70054159,0.32728938,-0.08569091,-0.03786896,-0.01900517
2020-11-24,0.00000000,0.00000000,0.00000000,245.88940008,505.40108319,375.64524163,122.94470004,252.70054159,0.32728938,-0.08569091,-0.03786896,-0.01900517
2020-11-25,0.00000000,0.00000000,0.00000000,245.88940008,505.40108319,375.64524163,122.94470004,252.70054159,0.32728938,-0.08569091,-0.03786896,-0.01900517
2020-11-26,0.00000000,0.00000000,0.00000000,245.88940008,505.40108319,375.64524163,122.94470004,252.70054159,0.32728938,-0.08569091,-0.03786896,-0.01900517
2020-11-27,0.00000000,0.00000000,0.00000000,245.88940008,505.40108319,375.64524163,122.94470004,252.70054159,0.32728938,-0.08569091,-0.03786896,-0.01900517
2020-11-28,0.00000000,0.00000000,0.00000000,245.88940008,505.40108319,375.64524163,122.94470004,252.70054159,0.32728938,-0.08569091,-0.03786896,-0.01900517
2020-11-29,0.00000000,0.00000000,0.00000000,245.88940008,505.40108319,375.64524163,122.94470004,252.70054159,0.32728938,-0.08569091,-0.03786896,-0.01900517
2020-11-30,-0.01475826,-0.02312364,-0.02038574,242.26050073,493.71437147,367.98743610,121.13025037,246.85718574,0.32916953,-0.09918452,-0.06011693,-0.03900348
2020-12-01,0.00000000,0.00074880,0.00050232,242.26050073,494.08406689,368.17228381,121.13025037,247.04203345,0.32900426,-0.09918452,-0.05941314,-0.03852075
2020-12-02,0.00000000,0.00000000,0.00000000,242.26050073,494.08406689,368.17228381,121.13025037,247.04203345,0.32900426,-0.09918452,-0.05941314,-0.03852075
2020-12-03,0.00000000,0.00000000,0.00000000,242.26050073,494.08406689,368.17228381,121.13025037,247.04203345,0.32900426,-0.09918452,-0.05941314,-0.03852075
2020-12-04,0.00000000,0.00000000,0.00000000,242.26050073,494.08406689,368.17228381,121.13025037,247.04203345,0.32900426,-0.09918452,-0.05941314,-0.03852075
2020-12-05,0.00000000,0.00000000,0.00000000,242.26050073,494.08406689,368.17228381,121.13025037,247.04203345,0.32900426,-0.09918452,-0.05941314,-0.03852075
2020-12-06,0.00000000,-0.00384955,-0.00258303,242.26050073,492.18206703,367.22128388,121.13025037,246.09103351,0.32985629,-0.09918452,-0.06303397,-0.04100428
2020-12-07,0.00000000,0.00000000,0.00000000,242.26050073,492.18206703,367.22128388,121.13025037,246.09103351,0.32985629,-0.09918452,-0.06303397,-0.04100428
2020-12-08,-0.00387776,0.00000000,-0.00127910,241.32107338,492.18206703,366.75157020,120.66053669,246.09103351,0.32899801,-0.10267767,-0.06303397,-0.04223093
2020-12-09,0.00000000,0.00000000,0.00000000,241.32107338,492.18206703,366.75157020,120.66053669,246.09103351,0.32899801,-0.10267767,-0.06303397,-0.04223093
2020-12-10,0.00000000,0.00000000,0.00000000,241.32107338,492.18206703,366.75157020,120.66053669,246.09103351,0.32899801,-0.10267767,-0.06303397,-0.04223093
2020-12-11,0.00000000,0.00000000,0.00000000,241.32107338,492.18206703,366.75157020,120.66053669,246.09103351,0.32899801,-0.10267767,-0.06303397,-0.04223093
2020-12-12,0.00000000,0.00000000,0.00000000,241.32107338,492.18206703,366.75157020,120.66053669,246.09103351,0.32899801,-0.10267767,-0.06303397,-0.04223093
2020-12-13,0.00000000,-0.00651196,-0.00436953,241.32107338,488.97699949,365.14903643,120.66053669,244.48849974,0.33044189,-0.10267767,-0.06913545,-0.04641594
2020-12-14,0.00000000,0.00000000,0.00000000,241.32107338,488.97699949,365.14903643,120.66053669,244.48849974,0.33044189,-0.10267767,-0.06913545,-0.04641594
2020-12-15,0.00000000,-0.00506672,-0.00339247,241.32107338,486.49948814,363.91028076,120.66053669,243.24974407,0.33156672,-0.10267767,-0.07385189,-0.04965094
2020-12-16,0.01144037,0.01176852,0.01165971,244.08187473,492.22486619,368.15337046,122.04093736,246.11243309,0.33149483,-0.09241197,-0.06295250,-0.03857014
2020-12-17,-0.04583817,-0.00736537,-0.02011891,232.89360707,488.59944706,360.74652706,116.44680353,244.29972353,0.32279397,-0.13401415,-0.06985420,-0.05791306
2020-12-18,0.00000000,-0.00881601,-0.00597025,232.89360707,484.29195018,358.59277863,116.44680353,242.14597509,0.32473271,-0.13401415,-0.07805437,-0.06353756
2020-12-19,0.00000000,0.00000000,0.00000000,232.89360707,484.29195018,358.59277863,116.44680353,242.14597509,0.32473271,-0.13401415,-0.07805437,-0.06353756
2020-12-20,0.00000000,0.00000000,0.00000000,232.89360707,484.29195018,358.59277863,116.44680353,242.14597509,0.32473271,-0.13401415,-0.07805437,-0.06353756
2020-12-21,0.00000000,0.00000000,0.00000000,232.89360707,484.29195018,358.59277863,116.44680353,242.14597509,0.32473271,-0.13401415,-0.07805437,-0.06353756
2020-12-22,0.00000000,0.00000000,0.00000000,232.89360707,484.29195018,358.59277863,116.44680353,242.14597509,0.32473271,-0.13401415,-0.07805437,-0.06353756
2020-12-23,0.00000000,0.00000000,0.00000000,232.89360707,484.29195018,358.59277863,116.44680353,242.14597509,0.32473271,-0.13401415,-0.07805437,-0.06353756
2020-12-24,0.00000000,0.00000000,0.00000000,232.89360707,484.29195018,358.59277863,116.44680353,242.14597509,0.32473271,-0.13401415,-0.07805437,-0.06353756
2020-12-25,0.00205036,0.00000000,0.00066582,233.37112241,484.29195018,358.83153630,116.68556121,242.14597509,0.32518201,-0.13223857,-0.07805437,-0.06291404
2020-12-26,-0.00993463,-0.01126085,-0.01082959,231.05266574,478.83841212,354.94553893,115.52633287,239.41920606,0.32547622,-0.14085946,-0.08843626,-0.07306230
2020-12-27,-0.01505946,0.01293143,0.00382106,227.57313784,485.03047529,356.30180657,113.78656892,242.51523765,0.31935445,-0.15379765,-0.07664844,-0.06952041
2020-12-28,0.00000000,-0.01274702,-0.00867620,227.57313784,478.84778195,353.21045990,113.78656892,239.42389098,0.32214949,-0.15379765,-0.08841843,-0.07759344
2020-12-29,0.00000000,0.00000000,0.00000000,227.57313784,478.84778195,353.21045990,113.78656892,239.42389098,0.32214949,-0.15379765,-0.08841843,-0.07759344
2020-12-30,0.00000000,0.00000000,0.00000000,227.57313784,478.84778195,353.21045990,113.78656892,239.42389098,0.32214949,-0.15379765,-0.08841843,-0.07759344
2020-12-31,-0.00837700,-0.02244983,-0.01791627,225.66675847,468.09773032,346.88224439,112.83337923,234.04886516,0.32527862,-0.16088629,-0.10888328,-0.09411953
2021-01-01,-0.00785086,0.00000000,-0.00255372,223.89507992,468.09773032,345.99640512,111.94753996,234.04886516,0.32355116,-0.16747405,-0.10888328,-0.09643289
2021-01-02,0.00173546,0.02153766,0.01513064,224.28364183,478.17946221,351.23155202,112.14182091,239.08973110,0.31928174,-0.16602923,-0.08969070,-0.08276135
2021-01-03,-0.00766544,0.03855951,0.02380073,222.56440851,496.61782765,359.59111808,111.28220425,248.30891382,0.30946872,-0.17242199,-0.05458962,-0.06093040
2021-01-04,0.00000000,0.03653001,0.02522511,222.56440851,514.75928205,368.66184528,111.28220425,257.37964103,0.30185441,-0.17242199,-0.02005377,-0.03724226
2021-01-05,0.00000000,-0.01515069,-0.01057739,222.56440851,506.96032540,364.76236695,111.28220425,253.48016270,0.30508137,-0.17242199,-0.03490063,-0.04742572
2021-01-06,0.00000000,0.00000000,0.00000000,222.56440851,506.96032540,364.76236695,111.28220425,253.48016270,0.30508137,-0.17242199,-0.03490063,-0.04742572
2021-01-07,0.00000000,0.00000000,0.00000000,222.56440851,506.96032540,364.76236695,111.28220425,253.48016270,0.30508137,-0.17242199,-0.03490063,-0.04742572
2021-01-08,0.00000000,0.00000000,0.00000000,222.56440851,506.96032540,364.76236695,111.28220425,253.48016270,0.30508137,-0.17242199,-0.03490063,-0.04742572
2021-01-09,0.00000000,0.00000000,0.00000000,222.56440851,506.96032540,364.76236695,111.28220425,253.48016270,0.30508137,-0.17242199,-0.03490063,-0.04742572
2021-01-10,0.00000000,0.00000000,0.00000000,222.56440851,506.96032540,364.76236695,111.28220425,253.48016270,0.30508137,-0.17242199,-0.03490063,-0.04742572
2021-01-11,0.00000000,0.00000000,0.00000000,222.56440851,506.96032540,364.76236695,111.28220425,253.48016270,0.30508137,-0.17242199,-0.03490063,-0.04742572
2021-01-12,0.00000000,0.00000000,0.00000000,222.56440851,506.96032540,364.76236695,111.28220425,253.48016270,0.30508137,-0.17242199,-0.03490063,-0.04742572
2021-01-13,0.00000000,0.00000000,0.00000000,222.56440851,506.96032540,364.76236695,111.28220425,253.48016270,0.30508137,-0.17242199,-0.03490063,-0.04742572
2021-01-14,0.00000000,0.00000000,0.00000000,222.56440851,506.96032540,364.76236695,111.28220425,253.48016270,0.30508137,-0.17242199,-0.03490063,-0.04742572
2021-01-15,0.00000000,0.00000000,0.00000000,222.56440851,506.96032540,364.76236695,111.28220425,253.48016270,0.30508137,-0.17242199,-0.03490063,-0.04742572
2021-01-16,0.00000000,-0.01785469,-0.01240756,222.56440851,497.90870492,360.23655671,111.28220425,248.95435246,0.30891425,-0.17242199,-0.05213218,-0.05924484
2021-01-17,0.00000000,0.00000000,0.00000000,222.56440851,497.90870492,360.23655671,111.28220425,248.95435246,0.30891425,-0.17242199,-0.05213218,-0.05924484
2021-01-18,-0.01015120,0.00000000,-0.00313585,220.30511363,497.90870492,359.10690927,110.15255681,248.95435246,0.30674029,-0.18082289,-0.05213218,-0.06219491
2021-01-19,0.00000000,0.01229275,0.00852207,220.30511363,504.02937219,362.16724291,110.15255681,252.01468610,0.30414832,-0.18082289,-0.04048028,-0.05420287
2021-01-20,0.00000000,0.00913462,0.00635634,220.30511363,508.63349084,364.46930223,110.15255681,254.31674542,0.30222726,-0.18082289,-0.03171543,-0.04819106
2021-01-21,0.00000000,-0.01896127,-0.01323066,220.30511363,498.98915413,359.64713388,110.15255681,249.49457706,0.30627953,-0.18082289,-0.05007533,-0.06078411
2021-01-22,0.00000000,0.00000000,0.00000000,220.30511363,498.98915413,359.64713388,110.15255681,249.49457706,0.30627953,-0.18082289,-0.05007533,-0.06078411
2021-01-23,0.00000000,0.00000000,0.00000000,220.30511363,498.98915413,359.64713388,110.15255681,249.49457706,0.30627953,-0.18082289,-0.05007533,-0.06078411
2021-01-24,0.00000000,0.00385149,0.00267186,220.30511363,500.91100571,360.60805967,110.15255681,250.45550285,0.30546338,-0.18082289,-0.04641671,-0.05827466
2021-01-25,-0.00186919,0.02360538,0.01582383,219.89332216,512.73519811,366.31426014,109.94666108,256.36759905,0.30014300,-0.18235409,-0.02390702,-0.04337296
2021-01-26,0.00000000,0.00000000,0.00000000,219.89332216,512.73519811,366.31426014,109.94666108,256.36759905,0.30014300,-0.18235409,-0.02390702,-0.04337296
2021-01-27,0.00000000,0.00000000,0.00000000,219.89332216,512.73519811,366.31426014,109.94666108,256.36759905,0.30014300,-0.18235409,-0.02390702,-0.04337296
2021-01-28,0.00000000,0.00000000,0.00000000,219.89332216,512.73519811,366.31426014,109.94666108,256.36759905,0.30014300,-0.18235409,-0.02390702,-0.04337296
2021-01-29,-0.01587479,-0.01353195,-0.01423514,216.40256215,505.79689127,361.09972671,108.20128108,252.89844564,0.29964376,-0.19533404,-0.03711546,-0.05699068
2021-01-30,0.00000000,0.00000000,0.00000000,216.40256215,505.79689127,361.09972671,108.20128108,252.89844564,0.29964376,-0.19533404,-0.03711546,-0.05699068
2021-01-31,0.00000000,0.00000000,0.00000000,216.40256215,505.79689127,361.09972671,108.20128108,252.89844564,0.29964376,-0.19533404,-0.03711546,-0.05699068
2021-02-01,0.00000000,0.00000000,0.00000000,216.40256215,505.79689127,361.09972671,108.20128108,252.89844564,0.29964376,-0.19533404,-0.03711546,-0.05699068
2021-02-02,0.00203785,-0.00603665,-0.00361717,216.84355834,502.74357384,359.79356609,108.42177917,251.37178692,0.30134441,-0.19369426,-0.04292805,-0.06040171
2021-02-03,-0.00829992,0.00598304,0.00167895,215.04377327,505.75150919,360.39764123,107.52188664,252.87575460,0.29834237,-0.20038653,-0.03720185,-0.05882417
2021-02-04,0.00000000,0.00000000,0.00000000,215.04377327,505.75150919,360.39764123,107.52188664,252.87575460,0.29834237,-0.20038653,-0.03720185,-0.05882417
2021-02-05,0.00000000,0.00000000,0.00000000,215.04377327,505.75150919,360.39764123,107.52188664,252.87575460,0.29834237,-0.20038653,-0.03720185,-0.05882417
2021-02-06,0.00000000,0.00000000,0.00000000,215.04377327,505.75150919,360.39764123,107.52188664,252.87575460,0.29834237,-0.20038653,-0.03720185,-0.05882417
2021-02-07,0.00000000,0.00000000,0.00000000,215.04377327,505.75150919,360.39764123,107.52188664,252.87575460,0.29834237,-0.20038653,-0.03720185,-0.05882417
2021-02-08,0.00000000,0.00000000,0.00000000,215.04377327,505.75150919,360.39764123,107.52188664,252.87575460,0.29834237,-0.20038653,-0.03720185,-0.05882417
2021-02-09,0.00000000,-0.00718257,-0.00503971,215.04377327,502.11891141,358.58134234,107.52188664,251.05945570,0.29985354,-0.20038653,-0.04411722,-0.06356742
2021-02-10,0.00000000,0.00000000,0.00000000,215.04377327,502.11891141,358.58134234,107.52188664,251.05945570,0.29985354,-0.20038653,-0.04411722,-0.06356742
2021-02-11,0.01669214,0.00000000,0.00500520,218.63331383,502.11891141,360.37611262,109.31665692,251.05945570,0.30334046,-0.18703927,-0.04411722,-0.05888039
2021-02-12,0.00000000,0.00786270,0.00547763,218.63331383,506.06692231,362.35011807,109.31665692,253.03346115,0.30168793,-0.18703927,-0.03660140,-0.05372529
2021-02-13,0.00000000,-0.00355021,-0.00247915,218.63331383,504.27028032,361.45179707,109.31665692,252.13514016,0.30243772,-0.18703927,-0.04002167,-0.05607125
2021-02-14,0.00359022,0.00000000,0.00108582,219.41825579,504.27028032,361.84426805,109.70912789,252.13514016,0.30319432,-0.18412056,-0.04002167,-0.05504631
2021-02-15,0.00000000,0.00000000,0.00000000,219.41825579,504.27028032,361.84426805,109.70912789,252.13514016,0.30319432,-0.18412056,-0.04002167,-0.05504631
2021-02-16,-0.01434078,0.00000000,-0.00434804,216.27162608,504.27028032,360.27095320,108.13581304,252.13514016,0.30015135,-0.19582091,-0.04002167,-0.05915501
2021-02-17,0.00000000,0.00000000,0.00000000,216.27162608,504.27028032,360.27095320,108.13581304,252.13514016,0.30015135,-0.19582091,-0.04002167,-0.05915501
2021-02-18,0.00000000,0.00000000,0.00000000,216.27162608,504.27028032,360.27095320,108.13581304,252.13514016,0.30015135,-0.19582091,-0.04002167,-0.05915501
2021-02-19,0.00385262,0.00000000,0.00115637,217.10483821,504.27028032,360.68755926,108.55241911,252.13514016,0.30095970,-0.19272272,-0.04002167,-0.05806705
2021-02-20,-0.00468415,-0.00496773,-0.00488238,216.08788669,501.76520327,358.92654498,108.04394334,250.88260163,0.30101965,-0.19650413,-0.04479058,-0.06266593
2021-02-21,0.00000000,0.00000000,0.00000000,216.08788669,501.76520327,358.92654498,108.04394334,250.88260163,0.30101965,-0.19650413,-0.04479058,-0.06266593
2021-02-22,0.00000000,0.00000000,0.00000000,216.08788669,501.76520327,358.92654498,108.04394334,250.88260163,0.30101965,-0.19650413,-0.04479058,-0.06266593
2021-02-23,0.00000000,0.00000000,0.00000000,216.08788669,501.76520327,358.92654498,108.04394334,250.88260163,0.30101965,-0.19650413,-0.04479058,-0.06266593
2021-02-24,0.00000000,0.00000000,0.00000000,216.08788669,501.76520327,358.92654498,108.04394334,250.88260163,0.30101965,-0.19650413,-0.04479058,-0.06266593
2021-02-25,0.00000000,0.00000000,0.00000000,216.08788669,501.76520327,358.92654498,108.04394334,250.88260163,0.30101965,-0.19650413,-0.04479058,-0.06266593
2021-02-26,0.00000000,0.00000000,0.00000000,216.08788669,501.76520327,358.92654498,108.04394334,250.88260163,0.30101965,-0.19650413,-0.04479058,-0.06266593
2021-02-27,0.00000000,0.00000000,0.00000000,216.08788669,501.76520327,358.92654498,108.04394334,250.88260163,0.30101965,-0.19650413,-0.04479058,-0.06266593
2021-02-28,0.00000000,0.00000000,0.00000000,216.08788669,501.76520327,358.92654498,108.04394334,250.88260163,0.30101965,-0.19650413,-0.04479058,-0.06266593
2021-03-01,0.00000000,0.00000000,0.00000000,216.08788669,501.76520327,358.92654498,108.04394334,250.88260163,0.30101965,-0.19650413,-0.04479058,-0.06266593
2021-03-02,0.00000000,0.00000000,0.00000000,216.08788669,501.76520327,358.92654498,108.04394334,250.88260163,0.30101965,-0.19650413,-0.04479058,-0.06266593
2021-03-03,0.01578839,-0.01013406,-0.00233089,219.49956691,496.68028512,358.08992602,109.74978346,248.34014256,0.30648665,-0.18381822,-0.05447072,-0.06485075
2021-03-04,0.00000000,0.00000000,0.00000000,219.49956691,496.68028512,358.08992602,109.74978346,248.34014256,0.30648665,-0.18381822,-0.05447072,-0.06485075
2021-03-05,0.00000000,0.00000000,0.00000000,219.49956691,496.68028512,358.08992602,109.74978346,248.34014256,0.30648665,-0.18381822,-0.05447072,-0.06485075
2021-03-06,0.00000000,0.00610506,0.00423394,219.49956691,499.71254668,359.60605680,109.74978346,249.85627334,0.30519448,-0.18381822,-0.04869821,-0.06089139
2021-03-07,0.00000000,0.00477207,0.00331566,219.49956691,502.09720821,360.79838756,109.74978346,251.04860411,0.30418590,-0.18381822,-0.04415854,-0.05777762
2021-03-08,0.01693903,-0.00467350,0.00190073,223.21767572,499.75065859,361.48416715,111.60883786,249.87532929,0.30875166,-0.16999289,-0.04862566,-0.05598672
2021-03-09,0.01704908,0.00000000,0.00526393,227.02333228,499.75065859,363.38699544,113.51166614,249.87532929,0.31237129,-0.15584203,-0.04862566,-0.05101749
2021-03-10,-0.00804783,-0.01223843,-0.01092940,225.19628789,493.63449582,359.41539186,112.59814395,246.81724791,0.31328136,-0.16263567,-0.06026899,-0.06138931
2021-03-11,0.00000000,0.00000000,0.00000000,225.19628789,493.63449582,359.41539186,112.59814395,246.81724791,0.31328136,-0.16263567,-0.06026899,-0.06138931
2021-03-12,0.00000000,0.00000000,0.00000000,225.19628789,493.63449582,359.41539186,112.59814395,246.81724791,0.31328136,-0.16263567,-0.06026899,-0.06138931
2021-03-13,0.00000000,-0.00598572,-0.00411050,225.19628789,490.67973948,357.93801369,112.59814395,245.33986974,0.31457442,-0.16263567,-0.06589395,-0.06524747
2021-03-14,0.00000000,0.00000000,0.00000000,225.19628789,490.67973948,357.93801369,112.59814395,245.33986974,0.31457442,-0.16263567,-0.06589395,-0.06524747
2021-03-15,0.00000000,0.00000000,0.00000000,225.19628789,490.67973948,357.93801369,112.59814395,245.33986974,0.31457442,-0.16263567,-0.06589395,-0.06524747
2021-03-16,0.00000000,0.00000000,0.00000000,225.19628789,490.67973948,357.93801369,112.59814395,245.33986974,0.31457442,-0.16263567,-0.06589395,-0.06524747
2021-03-17,0.00000000,0.00000000,0.00000000,225.19628789,490.67973948,357.93801369,112.59814395,245.33986974,0.31457442,-0.16263567,-0.06589395,-0.06524747
2021-03-18,0.00000000,0.00000000,0.00000000,225.19628789,490.67973948,357.93801369,112.59814395,245.33986974,0.31457442,-0.16263567,-0.06589395,-0.06524747
2021-03-19,0.00000000,-0.00722485,-0.00495210,225.19628789,487.13465102,356.16546946,112.59814395,243.56732551,0.31613998,-0.16263567,-0.07264273,-0.06987646
2021-03-20,0.00000000,0.00000000,0.00000000,225.19628789,487.13465102,356.16546946,112.59814395,243.56732551,0.31613998,-0.16263567,-0.07264273,-0.06987646
2021-03-21,0.00000000,0.00000000,0.00000000,225.19628789,487.13465102,356.16546946,112.59814395,243.56732551,0.31613998,-0.16263567,-0.07264273,-0.06987646
2021-03-22,0.00000000,0.00000000,0.00000000,225.19628789,487.13465102,356.16546946,112.59814395,243.56732551,0.31613998,-0.16263567,-0.07264273,-0.06987646
2021-03-23,0.00000000,0.00000000,0.00000000,225.19628789,487.13465102,356.16546946,112.59814395,243.56732551,0.31613998,-0.16263567,-0.07264273,-0.06987646
2021-03-24,0.00000000,0.00000000,0.00000000,225.19628789,487.13465102,356.16546946,112.59814395,243.56732551,0.31613998,-0.16263567,-0.07264273,-0.06987646
2021-03-25,0.00000000,0.00000000,0.00000000,225.19628789,487.13465102,356.16546946,112.59814395,243.56732551,0.31613998,-0.16263567,-0.07264273,-0.06987646
2021-03-26,0.00000000,0.00000000,0.00000000,225.19628789,487.13465102,356.16546946,112.59814395,243.56732551,0.31613998,-0.16263567,-0.07264273,-0.06987646
2021-03-27,0.00000000,0.00000000,0.00000000,225.19628789,487.13465102,356.16546946,112.59814395,243.56732551,0.31613998,-0.16263567,-0.07264273,-0.06987646
2021-03-28,0.00000000,0.00000000,0.00000000,225.19628789,487.13465102,356.16546946,112.59814395,243.56732551,0.31613998,-0.16263567,-0.07264273,-0.06987646
2021-03-29,0.00601069,0.04660204,0.03376949,226.54987234,509.83612103,368.19299668,113.27493617,254.91806052,0.30765098,-0.15760254,-0.02942599,-0.03846666
2021-03-30,0.00000000,0.01306197,0.00904344,226.54987234,516.49558384,371.52272809,113.27493617,258.24779192,0.30489369,-0.15760254,-0.01674838,-0.02977109
2021-03-31,0.00000000,0.01006229,0.00699436,226.54987234,521.69271399,374.12129317,113.27493617,260.84635700,0.30277597,-0.15760254,-0.00685461,-0.02298495
2021-04-01,0.00000000,0.02537362,0.01769110,226.54987234,534.92994665,380.73990949,113.27493617,267.46497332,0.29751264,-0.15760254,0.00000000,-0.00570048
2021-04-02,0.00000000,0.08420055,0.05914982,226.54987234,579.97134387,403.26060810,113.27493617,289.98567194,0.28089760,-0.15760254,0.00000000,0.00000000
2021-04-03,-0.01048061,-0.05868679,-0.04514579,224.17549106,545.93468793,385.05508949,112.08774553,272.96734396,0.29109535,-0.16643138,-0.05868679,-0.04514579
2021-04-04,0.00000000,0.03345656,0.02371751,224.17549106,564.19978483,394.18763794,112.08774553,282.09989242,0.28435124,-0.16643138,-0.02719369,-0.02249902
2021-04-05,0.00000000,0.00459370,0.00328748,224.17549106,566.79154906,395.48352006,112.08774553,283.39577453,0.28341951,-0.16643138,-0.02272491,-0.01928551
2021-04-06,0.00000000,0.00000000,0.00000000,224.17549106,566.79154906,395.48352006,112.08774553,283.39577453,0.28341951,-0.16643138,-0.02272491,-0.01928551
2021-04-07,0.00000000,0.00000000,0.00000000,224.17549106,566.79154906,395.48352006,112.08774553,283.39577453,0.28341951,-0.16643138,-0.02272491,-0.01928551
2021-04-08,0.00000000,0.00000000,0.00000000,224.17549106,566.79154906,395.48352006,112.08774553,283.39577453,0.28341951,-0.16643138,-0.02272491,-0.01928551
2021-04-09,0.00000000,0.00000000,0.00000000,224.17549106,566.79154906,395.48352006,112.08774553,283.39577453,0.28341951,-0.16643138,-0.02272491,-0.01928551
2021-04-10,-0.01229199,0.01909140,0.01019673,221.41992786,577.61239344,399.51616065,110.70996393,288.80619672,0.27711010,-0.17667760,-0.00406736,-0.00928543
2021-04-11,0.00000000,0.00000000,0.00000000,221.41992786,577.61239344,399.51616065,110.70996393,288.80619672,0.27711010,-0.17667760,-0.00406736,-0.00928543
2021-04-12,0.00000000,0.00000000,0.00000000,221.41992786,577.61239344,399.51616065,110.70996393,288.80619672,0.27711010,-0.17667760,-0.00406736,-0.00928543
2021-04-13,0.01733248,-0.01435246,-0.00557224,225.25768348,569.32223459,397.28995903,112.62884174,284.66111730,0.28349280,-0.16240738,-0.01836144,-0.01480593
2021-04-14,-0.01607445,-0.02247797,-0.02066262,221.63678953,556.52502486,389.08090720,110.81839477,278.26251243,0.28482095,-0.17587122,-0.04042669,-0.03516262
2021-04-15,0.00000000,0.00000000,0.00000000,221.63678953,556.52502486,389.08090720,110.81839477,278.26251243,0.28482095,-0.17587122,-0.04042669,-0.03516262
2021-04-16,0.00000000,0.00000000,0.00000000,221.63678953,556.52502486,389.08090720,110.81839477,278.26251243,0.28482095,-0.17587122,-0.04042669,-0.03516262
2021-04-17,0.00000000,-0.00954919,-0.00682938,221.63678953,551.21066311,386.42372632,110.81839477,275.60533156,0.28677948,-0.17587122,-0.04958983,-0.04175186
2021-04-18,0.00000000,0.00000000,0.00000000,221.63678953,551.21066311,386.42372632,110.81839477,275.60533156,0.28677948,-0.17587122,-0.04958983,-0.04175186
2021-04-19,0.00000000,0.00000000,0.00000000,221.63678953,551.21066311,386.42372632,110.81839477,275.60533156,0.28677948,-0.17587122,-0.04958983,-0.04175186
2021-04-20,0.00000000,0.00000000,0.00000000,221.63678953,551.21066311,386.42372632,110.81839477,275.60533156,0.28677948,-0.17587122,-0.04958983,-0.04175186
2021-04-21,0.00000000,-0.00828136,-0.00590643,221.63678953,546.64589131,384.14134042,110.81839477,273.32294566,0.28848339,-0.17587122,-0.05746052,-0.04741169
2021-04-22,0.00000000,-0.01382408,-0.00983606,221.63678953,539.08901444,380.36290199,110.81839477,269.54450722,0.29134911,-0.17587122,-0.07049026,-0.05678141
2021-04-23,0.00000000,0.00000000,0.00000000,221.63678953,539.08901444,380.36290199,110.81839477,269.54450722,0.29134911,-0.17587122,-0.07049026,-0.05678141
2021-04-24,0.00000000,0.00000000,0.00000000,221.63678953,539.08901444,380.36290199,110.81839477,269.54450722,0.29134911,-0.17587122,-0.07049026,-0.05678141
2021-04-25,0.00000000,0.00000000,0.00000000,221.63678953,539.08901444,380.36290199,110.81839477,269.54450722,0.29134911,-0.17587122,-0.07049026,-0.05678141
2021-04-26,0.00977114,0.00000000,0.00284681,223.80243401,539.08901444,381.44572423,111.90121701,269.54450722,0.29336078,-0.16781854,-0.07049026,-0.05409624
2021-04-27,0.01883428,0.00000000,0.00552524,228.01759136,539.08901444,383.55330290,114.00879568,269.54450722,0.29724368,-0.15214501,-0.07049026,-0.04886990
2021-04-28,-0.00343979,-0.01028876,-0.00825294,227.23325856,533.54245951,380.38785904,113.61662928,266.77122976,0.29868627,-0.15506145,-0.08005376,-0.05671952
2021-04-29,-0.02383474,0.00000000,-0.00711911,221.81721324,533.54245951,377.67983638,110.90860662,266.77122976,0.29365774,-0.17520034,-0.08005376,-0.06343484
2021-04-30,0.07805318,0.00000000,0.02292092,239.13075322,533.54245951,386.33660637,119.56537661,266.77122976,0.30948498,-0.11082210,-0.08005376,-0.04196790
2021-05-01,0.00132707,0.00000000,0.00041071,239.44809704,533.54245951,386.49527827,119.72404852,266.77122976,0.30976846,-0.10964210,-0.08005376,-0.04157443
2021-05-02,-0.02125707,-0.00396265,-0.00931991,234.35813243,531.42821786,382.89317514,117.17906621,265.71410893,0.30603592,-0.12856849,-0.08369918,-0.05050687
2021-05-03,0.01866836,0.05365027,0.04294455,238.73321486,559.93948408,399.33634947,119.36660743,279.96974204,0.29891245,-0.11230030,-0.03453940,-0.00973132
2021-05-04,0.00000000,-0.03600235,-0.02524080,238.73321486,539.78034474,389.25677980,119.36660743,269.89017237,0.30665261,-0.11230030,-0.06929825,-0.03472650
2021-05-05,0.00000000,0.00000000,0.00000000,238.73321486,539.78034474,389.25677980,119.36660743,269.89017237,0.30665261,-0.11230030,-0.06929825,-0.03472650
2021-05-06,0.00000000,0.00000000,0.00000000,238.73321486,539.78034474,389.25677980,119.36660743,269.89017237,0.30665261,-0.11230030,-0.06929825,-0.03472650
2021-05-07,0.00000000,0.00000000,0.00000000,238.73321486,539.78034474,389.25677980,119.36660743,269.89017237,0.30665261,-0.11230030,-0.06929825,-0.03472650
2021-05-08,-0.00820119,0.02776979,0.01673919,236.77531801,554.76992983,395.77262392,118.38765900,277.38496491,0.29913049,-0.11958049,-0.04345286,-0.01856860
2021-05-09,0.00000000,0.00000000,0.00000000,236.77531801,554.76992983,395.77262392,118.38765900,277.38496491,0.29913049,-0.11958049,-0.04345286,-0.01856860
2021-05-10,0.00000000,0.00000000,0.00000000,236.77531801,554.76992983,395.77262392,118.38765900,277.38496491,0.29913049,-0.11958049,-0.04345286,-0.01856860
2021-05-11,0.00000000,0.00000000,0.00000000,236.77531801,554.76992983,395.77262392,118.38765900,277.38496491,0.29913049,-0.11958049,-0.04345286,-0.01856860
2021-05-12,0.00000000,0.00000000,0.00000000,236.77531801,554.76992983,395.77262392,118.38765900,277.38496491,0.29913049,-0.11958049,-0.04345286,-0.01856860
2021-05-13,0.00000000,0.00000000,0.00000000,236.77531801,554.76992983,395.77262392,118.38765900,277.38496491,0.29913049,-0.11958049,-0.04345286,-0.01856860
2021-05-14,0.00000000,0.00000000,0.00000000,236.77531801,554.76992983,395.77262392,118.38765900,277.38496491,0.29913049,-0.11958049,-0.04345286,-0.01856860
2021-05-15,0.00000000,0.00000000,0.00000000,236.77531801,554.76992983,395.77262392,118.38765900,277.38496491,0.29913049,-0.11958049,-0.04345286,-0.01856860
2021-05-16,0.00000000,0.00000000,0.00000000,236.77531801,554.76992983,395.77262392,118.38765900,277.38496491,0.29913049,-0.11958049,-0.04345286,-0.01856860
2021-05-17,0.00000000,0.00000000,0.00000000,236.77531801,554.76992983,395.77262392,118.38765900,277.38496491,0.29913049,-0.11958049,-0.04345286,-0.01856860
2021-05-18,0.00000000,0.00000000,0.00000000,236.77531801,554.76992983,395.77262392,118.38765900,277.38496491,0.29913049,-0.11958049,-0.04345286,-0.01856860
2021-05-19,0.00000000,0.00000000,0.00000000,236.77531801,554.76992983,395.77262392,118.38765900,277.38496491,0.29913049,-0.11958049,-0.04345286,-0.01856860
2021-05-20,0.00000000,0.00000000,0.00000000,236.77531801,554.76992983,395.77262392,118.38765900,277.38496491,0.29913049,-0.11958049,-0.04345286,-0.01856860
2021-05-21,0.00000000,0.00000000,0.00000000,236.77531801,554.76992983,395.77262392,118.38765900,277.38496491,0.29913049,-0.11958049,-0.04345286,-0.01856860
2021-05-22,0.00000000,0.00000000,0.00000000,236.77531801,554.76992983,395.77262392,118.38765900,277.38496491,0.29913049,-0.11958049,-0.04345286,-0.01856860
2021-05-23,0.00000000,0.00000000,0.00000000,236.77531801,554.76992983,395.77262392,118.38765900,277.38496491,0.29913049,-0.11958049,-0.04345286,-0.01856860
2021-05-24,0.00000000,0.00000000,0.00000000,236.77531801,554.76992983,395.77262392,118.38765900,277.38496491,0.29913049,-0.11958049,-0.04345286,-0.01856860
2021-05-25,0.00000000,0.00000000,0.00000000,236.77531801,554.76992983,395.77262392,118.38765900,277.38496491,0.29913049,-0.11958049,-0.04345286,-0.01856860
2021-05-26,-0.00624577,0.00000000,-0.00186830,235.29647376,554.76992983,395.03320180,117.64823688,277.38496491,0.29781860,-0.12507939,-0.04345286,-0.02040221
2021-05-27,-0.01049548,0.00000000,-0.00312575,232.82692533,554.76992983,393.79842758,116.41346267,277.38496491,0.29561688,-0.13426210,-0.04345286,-0.02346418
2021-05-28,0.00000000,0.00000000,0.00000000,232.82692533,554.76992983,393.79842758,116.41346267,277.38496491,0.29561688,-0.13426210,-0.04345286,-0.02346418
2021-05-29,0.00000000,0.00000000,0.00000000,232.82692533,554.76992983,393.79842758,116.41346267,277.38496491,0.29561688,-0.13426210,-0.04345286,-0.02346418
2021-05-30,0.00000000,0.00000000,0.00000000,232.82692533,554.76992983,393.79842758,116.41346267,277.38496491,0.29561688,-0.13426210,-0.04345286,-0.02346418
2021-05-31,0.00000000,0.00000000,0.00000000,232.82692533,554.76992983,393.79842758,116.41346267,277.38496491,0.29561688,-0.13426210,-0.04345286,-0.02346418
2021-06-01,0.00000000,0.00000000,0.00000000,232.82692533,554.76992983,393.79842758,116.41346267,277.38496491,0.29561688,-0.13426210,-0.04345286,-0.02346418
2021-06-02,0.00868664,-0.00696897,-0.00234091,234.84940926,550.90375612,392.87658269,117.42470463,275.45187806,0.29888446,-0.12674174,-0.05011901,-0.02575016
2021-06-03,0.01094807,0.00000000,0.00327221,237.42055706,550.90375612,394.16215659,118.71027853,275.45187806,0.30117117,-0.11718125,-0.05011901,-0.02256221
2021-06-04,0.00000000,0.00000000,0.00000000,237.42055706,550.90375612,394.16215659,118.71027853,275.45187806,0.30117117,-0.11718125,-0.05011901,-0.02256221
2021-06-05,0.00000000,0.00000000,0.00000000,237.42055706,550.90375612,394.16215659,118.71027853,275.45187806,0.30117117,-0.11718125,-0.05011901,-0.02256221
2021-06-06,0.00000000,0.00000000,0.00000000,237.42055706,550.90375612,394.16215659,118.71027853,275.45187806,0.30117117,-0.11718125,-0.05011901,-0.02256221
2021-06-07,0.00000000,0.00000000,0.00000000,237.42055706,550.90375612,394.16215659,118.71027853,275.45187806,0.30117117,-0.11718125,-0.05011901,-0.02256221
2021-06-08,0.00000000,0.00000000,0.00000000,237.42055706,550.90375612,394.16215659,118.71027853,275.45187806,0.30117117,-0.11718125,-0.05011901,-0.02256221
2021-06-09,0.00000000,0.00000000,0.00000000,237.42055706,550.90375612,394.16215659,118.71027853,275.45187806,0.30117117,-0.11718125,-0.05011901,-0.02256221
2021-06-10,0.00000000,0.00000000,0.00000000,237.42055706,550.90375612,394.16215659,118.71027853,275.45187806,0.30117117,-0.11718125,-0.05011901,-0.02256221
2021-06-11,0.00000000,0.00000000,0.00000000,237.42055706,550.90375612,394.16215659,118.71027853,275.45187806,0.30117117,-0.11718125,-0.05011901,-0.02256221
2021-06-12,0.00000000,0.00000000,0.00000000,237.42055706,550.90375612,394.16215659,118.71027853,275.45187806,0.30117117,-0.11718125,-0.05011901,-0.02256221
2021-06-13,0.00184262,0.00000000,0.00055494,237.85803212,550.90375612,394.38089412,118.92901606,275.45187806,0.30155877,-0.11555455,-0.05011901,-0.02201979
2021-06-14,0.02322711,-0.00787970,0.00150083,243.38278633,546.56280200,394.97279417,121.69139317,273.28140100,0.30810070,-0.09501144,-0.05760378,-0.02055200
2021-06-15,-0.00290452,-0.00752948,-0.00610453,242.67587583,542.44746768,392.56167175,121.33793791,271.22373384,0.30909268,-0.09764000,-0.06469953,-0.02653107
2021-06-16,0.00000000,0.00000000,0.00000000,242.67587583,542.44746768,392.56167175,121.33793791,271.22373384,0.30909268,-0.09764000,-0.06469953,-0.02653107
2021-06-17,0.00000000,0.00000000,0.00000000,242.67587583,542.44746768,392.56167175,121.33793791,271.22373384,0.30909268,-0.09764000,-0.06469953,-0.02653107
2021-06-18,0.00000000,0.00000000,0.00000000,242.67587583,542.44746768,392.56167175,121.33793791,271.22373384,0.30909268,-0.09764000,-0.06469953,-0.02653107
2021-06-19,0.00000000,0.00000000,0.00000000,242.67587583,542.44746768,392.56167175,121.33793791,271.22373384,0.30909268,-0.09764000,-0.06469953,-0.02653107
2021-06-20,0.00000000,0.00000000,0.00000000,242.67587583,542.44746768,392.56167175,121.33793791,271.22373384,0.30909268,-0.09764000,-0.06469953,-0.02653107
2021-06-21,0.00000000,0.10894544,0.07527120,242.67587583,601.54464775,422.11026179,121.33793791,300.77232388,0.28745555,-0.09764000,0.00000000,0.00000000
2021-06-22,0.00000000,0.00264510,0.00188475,242.67587583,603.13579351,422.90583467,121.33793791,301.56789676,0.28691479,-0.09764000,0.00000000,0.00000000
2021-06-23,0.00000000,-0.03774936,-0.02691851,242.67587583,580.36780444,411.52184014,121.33793791,290.18390222,0.29485176,-0.09764000,-0.03774936,-0.02691851
2021-06-24,0.00000000,-0.00943893,-0.00665584,242.67587583,574.88975350,408.78281467,121.33793791,287.44487675,0.29682739,-0.09764000,-0.04683197,-0.03339519
2021-06-25,0.00000000,0.08053635,0.05663096,242.67587583,621.18927663,431.93257623,121.33793791,310.59463831,0.28091870,-0.09764000,0.00000000,0.00000000
2021-06-26,0.00000000,-0.00858767,-0.00617523,242.67587583,615.85471065,429.26529324,121.33793791,307.92735533,0.28266422,-0.09764000,-0.00858767,-0.00617523
2021-06-27,0.00000000,-0.02075040,-0.01488501,242.67587583,603.07547820,422.87567701,121.33793791,301.53773910,0.28693525,-0.09764000,-0.02915987,-0.02096832
2021-06-28,0.00000000,0.00000000,0.00000000,242.67587583,603.07547820,422.87567701,121.33793791,301.53773910,0.28693525,-0.09764000,-0.02915987,-0.02096832
2021-06-29,-0.01633400,-0.01052793,-0.01219390,238.71200743,596.72634143,417.71917443,119.35600372,298.36317072,0.28573264,-0.11237915,-0.03938081,-0.03290653
2021-06-30,0.00000000,0.00879997,0.00628553,238.71200743,601.97751553,420.34476148,119.35600372,300.98875777,0.28394788,-0.11237915,-0.03092739,-0.02682783
2021-07-01,0.00000000,0.00000000,0.00000000,238.71200743,601.97751553,420.34476148,119.35600372,300.98875777,0.28394788,-0.11237915,-0.03092739,-0.02682783
2021-07-02,0.00000000,0.00000000,0.00000000,238.71200743,601.97751553,420.34476148,119.35600372,300.98875777,0.28394788,-0.11237915,-0.03092739,-0.02682783
2021-07-03,0.00000000,0.00000000,0.00000000,238.71200743,601.97751553,420.34476148,119.35600372,300.98875777,0.28394788,-0.11237915,-0.03092739,-0.02682783
2021-07-04,-0.00165797,0.00887232,0.00588226,238.31623035,607.31845001,422.81734018,119.15811518,303.65922500,0.28181937,-0.11385080,-0.02232947,-0.02110338
2021-07-05,0.00000000,0.00000000,0.00000000,238.31623035,607.31845001,422.81734018,119.15811518,303.65922500,0.28181937,-0.11385080,-0.02232947,-0.02110338
2021-07-06,0.00000000,0.00276937,0.00198891,238.31623035,609.00033747,423.65828391,119.15811518,304.50016874,0.28125997,-0.11385080,-0.01962194,-0.01915644
2021-07-07,0.00000000,0.00000000,0.00000000,238.31623035,609.00033747,423.65828391,119.15811518,304.50016874,0.28125997,-0.11385080,-0.01962194,-0.01915644
2021-07-08,0.00000000,0.00000000,0.00000000,238.31623035,609.00033747,423.65828391,119.15811518,304.50016874,0.28125997,-0.11385080,-0.01962194,-0.01915644
2021-07-09,0.00000000,0.00000000,0.00000000,238.31623035,609.00033747,423.65828391,119.15811518,304.50016874,0.28125997,-0.11385080,-0.01962194,-0.01915644
2021-07-10,0.00000000,0.00000000,0.00000000,238.31623035,609.00033747,423.65828391,119.15811518,304.50016874,0.28125997,-0.11385080,-0.01962194,-0.01915644
2021-07-11,0.00000000,0.00000000,0.00000000,238.31623035,609.00033747,423.65828391,119.15811518,304.50016874,0.28125997,-0.11385080,-0.01962194,-0.01915644
2021-07-12,0.00000000,0.00000000,0.00000000,238.31623035,609.00033747,423.65828391,119.15811518,304.50016874,0.28125997,-0.11385080,-0.01962194,-0.01915644
2021-07-13,0.00000000,0.00000000,0.00000000,238.31623035,609.00033747,423.65828391,119.15811518,304.50016874,0.28125997,-0.11385080,-0.01962194,-0.01915644
2021-07-14,0.00000000,0.00000000,0.00000000,238.31623035,609.00033747,423.65828391,119.15811518,304.50016874,0.28125997,-0.11385080,-0.01962194,-0.01915644
2021-07-15,0.00000000,0.00000000,0.00000000,238.31623035,609.00033747,423.65828391,119.15811518,304.50016874,0.28125997,-0.11385080,-0.01962194,-0.01915644
2021-07-16,0.00000000,0.00000000,0.00000000,238.31623035,609.00033747,423.65828391,119.15811518,304.50016874,0.28125997,-0.11385080,-0.01962194,-0.01915644
2021-07-17,0.00000000,0.00000000,0.00000000,238.31623035,609.00033747,423.65828391,119.15811518,304.50016874,0.28125997,-0.11385080,-0.01962194,-0.01915644
2021-07-18,-0.01249964,0.00000000,-0.00351565,235.33736387,609.00033747,422.16885067,117.66868194,304.50016874,0.27872422,-0.12492734,-0.01962194,-0.02260474
2021-07-19,-0.00205364,0.00009953,-0.00050061,234.85406509,609.06095254,421.95750881,117.42703254,304.53047627,0.27829113,-0.12672443,-0.01952436,-0.02309404
2021-07-20,0.03394601,0.00408002,0.01239146,242.82642314,611.54593532,427.18617923,121.41321157,305.77296766,0.28421615,-0.09708021,-0.01552400,-0.01098875
2021-07-21,-0.02762054,-0.02790117,-0.02782141,236.11942682,594.48308889,415.30125785,118.05971341,297.24154445,0.28427488,-0.12201934,-0.04299203,-0.03850443
2021-07-22,0.00000000,0.00000000,0.00000000,236.11942682,594.48308889,415.30125785,118.05971341,297.24154445,0.28427488,-0.12201934,-0.04299203,-0.03850443
2021-07-23,0.00000000,0.00000000,0.00000000,236.11942682,594.48308889,415.30125785,118.05971341,297.24154445,0.28427488,-0.12201934,-0.04299203,-0.03850443
2021-07-24,0.00000000,0.00000000,0.00000000,236.11942682,594.48308889,415.30125785,118.05971341,297.24154445,0.28427488,-0.12201934,-0.04299203,-0.03850443
2021-07-25,0.00000000,0.00000000,0.00000000,236.11942682,594.48308889,415.30125785,118.05971341,297.24154445,0.28427488,-0.12201934,-0.04299203,-0.03850443
2021-07-26,0.06181035,0.04223152,0.04779729,250.71405079,619.58901347,435.15153213,125.35702539,309.79450673,0.28807672,-0.06775105,-0.00257613,0.00000000
2021-07-27,0.00000000,0.00000000,0.00000000,250.71405079,619.58901347,435.15153213,125.35702539,309.79450673,0.28807672,-0.06775105,-0.00257613,0.00000000
2021-07-28,0.00000000,0.00000000,0.00000000,250.71405079,619.58901347,435.15153213,125.35702539,309.79450673,0.28807672,-0.06775105,-0.00257613,0.00000000
2021-07-29,0.00000000,0.00352305,0.00250814,250.71405079,621.77185799,436.24295439,125.35702539,310.88592900,0.28735599,-0.06775105,0.00000000,0.00000000
2021-07-30,0.00000000,-0.00950211,-0.00677162,250.71405079,615.86371641,433.28888360,125.35702539,307.93185821,0.28931512,-0.06775105,-0.00950211,-0.00677162
2021-07-31,0.00000000,0.01480866,0.01052429,250.71405079,624.98383478,437.84894279,125.35702539,312.49191739,0.28630199,-0.06775105,0.00000000,0.00000000
2021-08-01,0.00000000,0.00371010,0.00264789,250.71405079,627.30258795,439.00831937,125.35702539,313.65129397,0.28554590,-0.06775105,0.00000000,0.00000000
2021-08-02,0.00000000,0.00000000,0.00000000,250.71405079,627.30258795,439.00831937,125.35702539,313.65129397,0.28554590,-0.06775105,0.00000000,0.00000000
2021-08-03,0.00000000,0.00000000,0.00000000,250.71405079,627.30258795,439.00831937,125.35702539,313.65129397,0.28554590,-0.06775105,0.00000000,0.00000000
2021-08-04,0.00000000,0.01388586,0.00992081,250.71405079,636.01322605,443.36363842,125.35702539,318.00661302,0.28274088,-0.06775105,0.00000000,0.00000000
2021-08-05,0.00000000,0.01594165,0.01143429,250.71405079,646.15232633,448.43318856,125.35702539,323.07616317,0.27954449,-0.06775105,0.00000000,0.00000000
2021-08-06,0.02702922,0.02285740,0.02402361,257.49065718,660.92168659,459.20617188,128.74532859,330.46084329,0.28036498,-0.04255308,0.00000000,0.00000000
2021-08-07,0.04099999,0.09297422,0.07840247,268.04777032,722.37036565,495.20906799,134.02388516,361.18518282,0.27064102,-0.00329777,0.00000000,0.00000000
2021-08-08,-0.01691970,-0.04699438,-0.03885494,263.51248236,688.42301741,475.96774989,131.75624118,344.21150870,0.27681758,-0.02016168,-0.04699438,-0.03885494
2021-08-09,0.05553124,0.04938151,0.05108386,278.14565641,722.41838493,500.28202067,139.07282820,361.20919247,0.27798886,0.00000000,0.00000000,0.00000000
2021-08-10,-0.01476398,-0.00596966,-0.00841438,274.03912062,718.10579577,496.07245819,137.01956031,359.05289788,0.27620876,-0.01476398,-0.00596966,-0.00841438
2021-08-11,0.00234626,0.00599914,0.00499018,274.68208802,722.41381167,498.54794984,137.34104401,361.20690583,0.27548212,-0.01245235,-0.00000633,-0.00346619
2021-08-12,0.00000000,-0.03625497,-0.02626737,274.68208802,696.22272136,485.45240469,137.34104401,348.11136068,0.28291351,-0.01245235,-0.03626107,-0.02964251
2021-08-13,0.00420503,0.09076604,0.06627676,275.83713365,759.41610113,517.62661739,137.91856683,379.70805056,0.26644412,-0.00829969,0.00000000,0.00000000
2021-08-14,-0.03629139,-0.01521568,-0.02083118,265.82662122,747.86106793,506.84384458,132.91331061,373.93053396,0.26223720,-0.04428987,-0.01521568,-0.02083118
2021-08-15,0.00000000,0.00000000,0.00000000,265.82662122,747.86106793,506.84384458,132.91331061,373.93053396,0.26223720,-0.04428987,-0.01521568,-0.02083118
2021-08-16,-0.01700800,0.00000000,-0.00446013,261.30544155,747.86106793,504.58325474,130.65272078,373.93053396,0.25893194,-0.06054459,-0.01521568,-0.02519840
2021-08-17,0.00000000,0.00000000,0.00000000,261.30544155,747.86106793,504.58325474,130.65272078,373.93053396,0.25893194,-0.06054459,-0.01521568,-0.02519840
2021-08-18,0.00000000,0.00000000,0.00000000,261.30544155,747.86106793,504.58325474,130.65272078,373.93053396,0.25893194,-0.06054459,-0.01521568,-0.02519840
2021-08-19,0.00000000,0.00000000,0.00000000,261.30544155,747.86106793,504.58325474,130.65272078,373.93053396,0.25893194,-0.06054459,-0.01521568,-0.02519840
2021-08-20,0.00000000,0.00000000,0.00000000,261.30544155,747.86106793,504.58325474,130.65272078,373.93053396,0.25893194,-0.06054459,-0.01521568,-0.02519840
2021-08-21,0.00000000,0.00000000,0.00000000,261.30544155,747.86106793,504.58325474,130.65272078,373.93053396,0.25893194,-0.06054459,-0.01521568,-0.02519840
2021-08-22,0.00000000,0.00000000,0.00000000,261.30544155,747.86106793,504.58325474,130.65272078,373.93053396,0.25893194,-0.06054459,-0.01521568,-0.02519840
2021-08-23,0.00000000,-0.01835661,-0.01360350,261.30544155,734.13287255,497.71915705,130.65272078,367.06643628,0.26250290,-0.06054459,-0.03329298,-0.03845911
2021-08-24,0.00000000,0.00000000,0.00000000,261.30544155,734.13287255,497.71915705,130.65272078,367.06643628,0.26250290,-0.06054459,-0.03329298,-0.03845911
2021-08-25,0.00000000,0.00000000,0.00000000,261.30544155,734.13287255,497.71915705,130.65272078,367.06643628,0.26250290,-0.06054459,-0.03329298,-0.03845911
2021-08-26,0.00000000,0.00000000,0.00000000,261.30544155,734.13287255,497.71915705,130.65272078,367.06643628,0.26250290,-0.06054459,-0.03329298,-0.03845911
2021-08-27,0.00000000,0.00000000,0.00000000,261.30544155,734.13287255,497.71915705,130.65272078,367.06643628,0.26250290,-0.06054459,-0.03329298,-0.03845911
2021-08-28,0.00000000,0.00000000,0.00000000,261.30544155,734.13287255,497.71915705,130.65272078,367.06643628,0.26250290,-0.06054459,-0.03329298,-0.03845911
2021-08-29,-0.01163304,-0.01239104,-0.01219206,258.26566478,725.03620410,491.65093444,129.13283239,362.51810205,0.26265145,-0.07147331,-0.04527149,-0.05018228
2021-08-30,0.00000000,0.00000000,0.00000000,258.26566478,725.03620410,491.65093444,129.13283239,362.51810205,0.26265145,-0.07147331,-0.04527149,-0.05018228
2021-08-31,0.00000000,0.00844090,0.00622389,258.26566478,731.15616406,494.71091442,129.13283239,365.57808203,0.26102685,-0.07147331,-0.03721272,-0.04427072
2021-09-01,0.00000000,0.11600298,0.08572309,258.26566478,815.97246056,537.11906267,129.13283239,407.98623028,0.24041752,-0.07147331,0.00000000,0.00000000
2021-09-02,-0.00051760,-0.01071814,-0.00826575,258.13198707,807.22675321,532.67937014,129.06599353,403.61337660,0.24229584,-0.07195392,-0.01071814,-0.00826575
2021-09-03,0.00000000,-0.00050229,-0.00038059,258.13198707,806.82129070,532.47663888,129.06599353,403.41064535,0.24238809,-0.07195392,-0.01121505,-0.00864319
2021-09-04,0.00000000,-0.01336006,-0.01012174,258.13198707,796.04210945,527.08704826,129.06599353,398.02105473,0.24486656,-0.07195392,-0.02442527,-0.01867745
2021-09-05,0.00000000,0.01667710,0.01259343,258.13198707,809.31778105,533.72488406,129.06599353,404.65889052,0.24182120,-0.07195392,-0.00815552,-0.00631923
2021-09-06,0.00000000,-0.00595663,-0.00451619,258.13198707,804.49697209,531.31447958,129.06599353,402.24848605,0.24291827,-0.07195392,-0.01406357,-0.01080688
2021-09-07,0.00000000,-0.01876543,-0.01420697,258.13198707,789.40023940,523.76611323,129.06599353,394.70011970,0.24641914,-0.07195392,-0.03256510,-0.02486032
2021-09-08,0.00000000,0.00000000,0.00000000,258.13198707,789.40023940,523.76611323,129.06599353,394.70011970,0.24641914,-0.07195392,-0.03256510,-0.02486032
2021-09-09,0.00000000,0.00000000,0.00000000,258.13198707,789.40023940,523.76611323,129.06599353,394.70011970,0.24641914,-0.07195392,-0.03256510,-0.02486032
2021-09-10,0.00000000,0.00000000,0.00000000,258.13198707,789.40023940,523.76611323,129.06599353,394.70011970,0.24641914,-0.07195392,-0.03256510,-0.02486032
2021-09-11,0.00000000,0.00000000,0.00000000,258.13198707,789.40023940,523.76611323,129.06599353,394.70011970,0.24641914,-0.07195392,-0.03256510,-0.02486032
2021-09-12,0.00000000,0.00000000,0.00000000,258.13198707,789.40023940,523.76611323,129.06599353,394.70011970,0.24641914,-0.07195392,-0.03256510,-0.02486032
2021-09-13,0.00000000,0.00000000,0.00000000,258.13198707,789.40023940,523.76611323,129.06599353,394.70011970,0.24641914,-0.07195392,-0.03256510,-0.02486032
2021-09-14,-0.00405983,0.00000000,-0.00100042,257.08401620,789.40023940,523.24212780,128.54200810,394.70011970,0.24566449,-0.07572162,-0.03256510,-0.02583586
2021-09-15,0.00000000,0.00000000,0.00000000,257.08401620,789.40023940,523.24212780,128.54200810,394.70011970,0.24566449,-0.07572162,-0.03256510,-0.02583586
2021-09-16,0.00000000,-0.00828286,-0.00624805,257.08401620,782.86174938,519.97288279,128.54200810,391.43087469,0.24720906,-0.07572162,-0.04057822,-0.03192249
2021-09-17,0.00000000,0.00000000,0.00000000,257.08401620,782.86174938,519.97288279,128.54200810,391.43087469,0.24720906,-0.07572162,-0.04057822,-0.03192249
2021-09-18,0.00000000,0.00000000,0.00000000,257.08401620,782.86174938,519.97288279,128.54200810,391.43087469,0.24720906,-0.07572162,-0.04057822,-0.03192249
2021-09-19,0.00000000,0.00000000,0.00000000,257.08401620,782.86174938,519.97288279,128.54200810,391.43087469,0.24720906,-0.07572162,-0.04057822,-0.03192249
2021-09-20,0.00000000,0.00000000,0.00000000,257.08401620,782.86174938,519.97288279,128.54200810,391.43087469,0.24720906,-0.07572162,-0.04057822,-0.03192249
2021-09-21,0.00000000,0.00000000,0.00000000,257.08401620,782.86174938,519.97288279,128.54200810,391.43087469,0.24720906,-0.07572162,-0.04057822,-0.03192249
2021-09-22,0.00000000,0.00000000,0.00000000,257.08401620,782.86174938,519.97288279,128.54200810,391.43087469,0.24720906,-0.07572162,-0.04057822,-0.03192249
2021-09-23,0.00000000,0.00000000,0.00000000,257.08401620,782.86174938,519.97288279,128.54200810,391.43087469,0.24720906,-0.07572162,-0.04057822,-0.03192249
2021-09-24,0.00000000,0.00000000,0.00000000,257.08401620,782.86174938,519.97288279,128.54200810,391.43087469,0.24720906,-0.07572162,-0.04057822,-0.03192249
2021-09-25,0.00000000,0.00000000,0.00000000,257.08401620,782.86174938,519.97288279,128.54200810,391.43087469,0.24720906,-0.07572162,-0.04057822,-0.03192249
2021-09-26,0.00000000,0.00000000,0.00000000,257.08401620,782.86174938,519.97288279,128.54200810,391.43087469,0.24720906,-0.07572162,-0.04057822,-0.03192249
2021-09-27,0.00000000,0.00000000,0.00000000,257.08401620,782.86174938,519.97288279,128.54200810,391.43087469,0.24720906,-0.07572162,-0.04057822,-0.03192249
2021-09-28,0.00000000,0.00000000,0.00000000,257.08401620,782.86174938,519.97288279,128.54200810,391.43087469,0.24720906,-0.07572162,-0.04057822,-0.03192249
2021-09-29,0.00000000,0.00000000,0.00000000,257.08401620,782.86174938,519.97288279,128.54200810,391.43087469,0.24720906,-0.07572162,-0.04057822,-0.03192249
2021-09-30,-0.00494936,0.00000000,-0.00122353,255.81161523,782.86174938,519.33668230,127.90580761,391.43087469,0.24628687,-0.08029621,-0.04057822,-0.03310696
2021-10-01,0.02905584,0.03774090,0.03560188,263.24443667,812.40765440,537.82604554,131.62221833,406.20382720,0.24473009,-0.05357344,-0.00436878,0.00000000
2021-10-02,0.00000000,0.00000000,0.00000000,263.24443667,812.40765440,537.82604554,131.62221833,406.20382720,0.24473009,-0.05357344,-0.00436878,0.00000000
2021-10-03,0.00000000,0.00000000,0.00000000,263.24443667,812.40765440,537.82604554,131.62221833,406.20382720,0.24473009,-0.05357344,-0.00436878,0.00000000
2021-10-04,0.00000000,0.00000000,0.00000000,263.24443667,812.40765440,537.82604554,131.62221833,406.20382720,0.24473009,-0.05357344,-0.00436878,0.00000000
2021-10-05,-0.00962858,-0.00459530,-0.00582709,260.70976749,808.67440067,534.69208408,130.35488374,404.33720033,0.24379430,-0.06268618,-0.00894400,-0.00582709
2021-10-06,0.03414069,0.00000000,0.00832331,269.61057854,808.67440067,539.14248960,134.80528927,404.33720033,0.25003648,-0.03068564,-0.00894400,0.00000000
2021-10-07,0.00000000,-0.01665587,-0.01249129,269.61057854,795.20522653,532.40790254,134.80528927,397.60261327,0.25319926,-0.03068564,-0.02545090,-0.01249129
2021-10-08,0.00000000,0.00000000,0.00000000,269.61057854,795.20522653,532.40790254,134.80528927,397.60261327,0.25319926,-0.03068564,-0.02545090,-0.01249129
2021-10-09,0.00000000,0.00000000,0.00000000,269.61057854,795.20522653,532.40790254,134.80528927,397.60261327,0.25319926,-0.03068564,-0.02545090,-0.01249129
2021-10-10,-0.00547780,0.00000000,-0.00138697,268.13370614,795.20522653,531.66946634,134.06685307,397.60261327,0.25216203,-0.03599535,-0.02545090,-0.01386094
2021-10-11,0.00000000,0.00000000,0.00000000,268.13370614,795.20522653,531.66946634,134.06685307,397.60261327,0.25216203,-0.03599535,-0.02545090,-0.01386094
2021-10-12,0.00000000,0.00000000,0.00000000,268.13370614,795.20522653,531.66946634,134.06685307,397.60261327,0.25216203,-0.03599535,-0.02545090,-0.01386094
2021-10-13,0.00000000,0.00000000,0.00000000,268.13370614,795.20522653,531.66946634,134.06685307,397.60261327,0.25216203,-0.03599535,-0.02545090,-0.01386094
2021-10-14,0.00000000,0.02111133,0.01578785,268.13370614,811.99306671,540.06338642,134.06685307,405.99653335,0.24824281,-0.03599535,-0.00487687,0.00000000
2021-10-15,0.05053251,0.02062996,0.02805305,281.68317617,828.74444782,555.21381200,140.84158809,414.37222391,0.25367090,0.00000000,0.00000000,0.00000000
2021-10-16,-0.01277102,-0.00366028,-0.00597141,278.08579514,825.71101496,551.89840505,139.04289757,412.85550748,0.25193568,-0.01277102,-0.00366028,-0.00597141
2021-10-17,-0.01351160,0.00000000,-0.00340406,274.32840997,825.71101496,550.01971246,137.16420498,412.85550748,0.24938053,-0.02611007,-0.00366028,-0.00935513
2021-10-18,0.00153114,0.00000000,0.00038184,274.74844505,825.71101496,550.22973001,137.37422252,412.85550748,0.24966703,-0.02461890,-0.00366028,-0.00897687
2021-10-19,0.00000000,0.00000000,0.00000000,274.74844505,825.71101496,550.22973001,137.37422252,412.85550748,0.24966703,-0.02461890,-0.00366028,-0.00897687
2021-10-20,0.00000000,0.05702141,0.04278504,274.74844505,872.79422163,573.77133334,137.37422252,436.39711082,0.23942329,-0.02461890,0.00000000,0.00000000
2021-10-21,0.00000000,-0.00792150,-0.00602491,274.74844505,865.88038131,570.31441318,137.37422252,432.94019066,0.24087454,-0.02461890,-0.00792150,-0.00602491
2021-10-22,0.00000000,0.00000000,0.00000000,274.74844505,865.88038131,570.31441318,137.37422252,432.94019066,0.24087454,-0.02461890,-0.00792150,-0.00602491
2021-10-23,0.00000000,0.00000000,0.00000000,274.74844505,865.88038131,570.31441318,137.37422252,432.94019066,0.24087454,-0.02461890,-0.00792150,-0.00602491
2021-10-24,0.00000000,0.00000000,0.00000000,274.74844505,865.88038131,570.31441318,137.37422252,432.94019066,0.24087454,-0.02461890,-0.00792150,-0.00602491
2021-10-25,0.00000000,0.00198699,0.00150838,274.74844505,867.60087780,571.17466142,137.37422252,433.80043890,0.24051176,-0.02461890,-0.00595025,-0.00452562
2021-10-26,0.00000000,-0.03378776,-0.02566141,274.74844505,838.28658865,556.51751685,137.37422252,419.14329433,0.24684618,-0.02461890,-0.03953696,-0.03007089
2021-10-27,0.00000000,-0.02056080,-0.01548544,274.74844505,821.05074904,547.89959705,137.37422252,410.52537452,0.25072883,-0.02461890,-0.05928485,-0.04509067
2021-10-28,0.00000000,0.00000000,0.00000000,274.74844505,821.05074904,547.89959705,137.37422252,410.52537452,0.25072883,-0.02461890,-0.05928485,-0.04509067
2021-10-29,0.00000000,0.00000000,0.00000000,274.74844505,821.05074904,547.89959705,137.37422252,410.52537452,0.25072883,-0.02461890,-0.05928485,-0.04509067
2021-10-30,0.00000000,0.00000000,0.00000000,274.74844505,821.05074904,547.89959705,137.37422252,410.52537452,0.25072883,-0.02461890,-0.05928485,-0.04509067
2021-10-31,0.00000000,-0.01808293,-0.01354902,274.74844505,806.20374380,540.47609443,137.37422252,403.10187190,0.25417262,-0.02461890,-0.07629574,-0.05802876
2021-11-01,0.00000000,0.00000000,0.00000000,274.74844505,806.20374380,540.47609443,137.37422252,403.10187190,0.25417262,-0.02461890,-0.07629574,-0.05802876
2021-11-02,0.00767749,0.00000000,0.00195141,276.85782350,806.20374380,541.53078365,138.42891175,403.10187190,0.25562519,-0.01713043,-0.07629574,-0.05619059
2021-11-03,-0.02180859,-0.01755657,-0.01864350,270.81994337,792.04956922,531.43475629,135.40997168,396.02478461,0.25480074,-0.03856543,-0.09251282,-0.07378650
2021-11-04,0.00000000,0.00000000,0.00000000,270.81994337,792.04956922,531.43475629,135.40997168,396.02478461,0.25480074,-0.03856543,-0.09251282,-0.07378650
2021-11-05,0.00000000,0.00000000,0.00000000,270.81994337,792.04956922,531.43475629,135.40997168,396.02478461,0.25480074,-0.03856543,-0.09251282,-0.07378650
2021-11-06,0.00000000,0.00000000,0.00000000,270.81994337,792.04956922,531.43475629,135.40997168,396.02478461,0.25480074,-0.03856543,-0.09251282,-0.07378650
2021-11-07,0.00000000,0.00000000,0.00000000,270.81994337,792.04956922,531.43475629,135.40997168,396.02478461,0.25480074,-0.03856543,-0.09251282,-0.07378650
2021-11-08,0.05701639,0.02597719,0.03388600,286.26111756,812.62479490,549.44295623,143.13055878,406.31239745,0.26050122,0.00000000,-0.06893885,-0.04240082
2021-11-09,-0.00908156,-0.01574116,-0.01400633,283.66142014,799.83313830,541.74727922,141.83071007,399.91656915,0.26180235,-0.00908156,-0.08359483,-0.05581327
2021-11-10,0.00089744,-0.02198364,-0.01599332,283.91598865,782.24989690,533.08294278,141.95799433,391.12494845,0.26629626,-0.00819227,-0.10374075,-0.07091395
2021-11-11,0.00000000,0.00000000,0.00000000,283.91598865,782.24989690,533.08294278,141.95799433,391.12494845,0.26629626,-0.00819227,-0.10374075,-0.07091395
2021-11-12,0.00000000,0.00000000,0.00000000,283.91598865,782.24989690,533.08294278,141.95799433,391.12494845,0.26629626,-0.00819227,-0.10374075,-0.07091395
2021-11-13,0.00000000,0.00000000,0.00000000,283.91598865,782.24989690,533.08294278,141.95799433,391.12494845,0.26629626,-0.00819227,-0.10374075,-0.07091395
2021-11-14,0.00000000,0.00000000,0.00000000,283.91598865,782.24989690,533.08294278,141.95799433,391.12494845,0.26629626,-0.00819227,-0.10374075,-0.07091395
2021-11-15,0.00000000,-0.01353139,-0.00992803,283.91598865,771.66497026,527.79047945,141.95799433,385.83248513,0.26896657,-0.00819227,-0.11586838,-0.08013794
2021-11-16,0.00000000,0.00000000,0.00000000,283.91598865,771.66497026,527.79047945,141.95799433,385.83248513,0.26896657,-0.00819227,-0.11586838,-0.08013794
2021-11-17,0.00000000,0.00000000,0.00000000,283.91598865,771.66497026,527.79047945,141.95799433,385.83248513,0.26896657,-0.00819227,-0.11586838,-0.08013794
2021-11-18,0.00000000,0.00000000,0.00000000,283.91598865,771.66497026,527.79047945,141.95799433,385.83248513,0.26896657,-0.00819227,-0.11586838,-0.08013794
2021-11-19,0.00000000,0.00000000,0.00000000,283.91598865,771.66497026,527.79047945,141.95799433,385.83248513,0.26896657,-0.00819227,-0.11586838,-0.08013794
2021-11-20,0.00000000,0.00000000,0.00000000,283.91598865,771.66497026,527.79047945,141.95799433,385.83248513,0.26896657,-0.00819227,-0.11586838,-0.08013794
2021-11-21,0.00000000,0.00000000,0.00000000,283.91598865,771.66497026,527.79047945,141.95799433,385.83248513,0.26896657,-0.00819227,-0.11586838,-0.08013794
2021-11-22,0.00000000,0.00000000,0.00000000,283.91598865,771.66497026,527.79047945,141.95799433,385.83248513,0.26896657,-0.00819227,-0.11586838,-0.08013794
2021-11-23,0.00000000,0.00000000,0.00000000,283.91598865,771.66497026,527.79047945,141.95799433,385.83248513,0.26896657,-0.00819227,-0.11586838,-0.08013794
2021-11-24,0.00000000,0.00000000,0.00000000,283.91598865,771.66497026,527.79047945,141.95799433,385.83248513,0.26896657,-0.00819227,-0.11586838,-0.08013794
2021-11-25,0.00983176,0.00000000,0.00264442,286.70738345,771.66497026,529.18617685,143.35369172,385.83248513,0.27089463,0.00000000,-0.11586838,-0.07770544
2021-11-26,-0.02332069,0.00000000,-0.00631745,280.02116875,771.66497026,525.84306950,140.01058438,385.83248513,0.26625926,-0.02332069,-0.11586838,-0.08353199
2021-11-27,0.00000000,0.00000000,0.00000000,280.02116875,771.66497026,525.84306950,140.01058438,385.83248513,0.26625926,-0.02332069,-0.11586838,-0.08353199
2021-11-28,0.00000000,0.00000000,0.00000000,280.02116875,771.66497026,525.84306950,140.01058438,385.83248513,0.26625926,-0.02332069,-0.11586838,-0.08353199
2021-11-29,0.00000000,0.00000000,0.00000000,280.02116875,771.66497026,525.84306950,140.01058438,385.83248513,0.26625926,-0.02332069,-0.11586838,-0.08353199
2021-11-30,0.00000000,0.02501727,0.01835619,280.02116875,790.96992441,535.49554658,140.01058438,395.48496221,0.26145985,-0.02332069,-0.09374982,-0.06670913
2021-12-01,0.00000000,0.00000000,0.00000000,280.02116875,790.96992441,535.49554658,140.01058438,395.48496221,0.26145985,-0.02332069,-0.09374982,-0.06670913
2021-12-02,0.00000000,0.00000000,0.00000000,280.02116875,790.96992441,535.49554658,140.01058438,395.48496221,0.26145985,-0.02332069,-0.09374982,-0.06670913
2021-12-03,0.00000000,0.00000000,0.00000000,280.02116875,790.96992441,535.49554658,140.01058438,395.48496221,0.26145985,-0.02332069,-0.09374982,-0.06670913
2021-12-04,0.00000000,0.00000000,0.00000000,280.02116875,790.96992441,535.49554658,140.01058438,395.48496221,0.26145985,-0.02332069,-0.09374982,-0.06670913
2021-12-05,0.00000000,0.00000000,0.00000000,280.02116875,790.96992441,535.49554658,140.01058438,395.48496221,0.26145985,-0.02332069,-0.09374982,-0.06670913
2021-12-06,0.00000000,0.00000000,0.00000000,280.02116875,790.96992441,535.49554658,140.01058438,395.48496221,0.26145985,-0.02332069,-0.09374982,-0.06670913
2021-12-07,0.00000000,0.00000000,0.00000000,280.02116875,790.96992441,535.49554658,140.01058438,395.48496221,0.26145985,-0.02332069,-0.09374982,-0.06670913
2021-12-08,0.00000000,-0.00608506,-0.00449406,280.02116875,786.15682420,533.08899648,140.01058438,393.07841210,0.26264017,-0.02332069,-0.09926440,-0.07090340
2021-12-09,0.00000000,0.00000000,0.00000000,280.02116875,786.15682420,533.08899648,140.01058438,393.07841210,0.26264017,-0.02332069,-0.09926440,-0.07090340
2021-12-10,0.00000000,0.00000000,0.00000000,280.02116875,786.15682420,533.08899648,140.01058438,393.07841210,0.26264017,-0.02332069,-0.09926440,-0.07090340
2021-12-11,0.00000000,0.00000000,0.00000000,280.02116875,786.15682420,533.08899648,140.01058438,393.07841210,0.26264017,-0.02332069,-0.09926440,-0.07090340
2021-12-12,0.00000000,0.00000000,0.00000000,280.02116875,786.15682420,533.08899648,140.01058438,393.07841210,0.26264017,-0.02332069,-0.09926440,-0.07090340
2021-12-13,0.00000000,0.00000000,0.00000000,280.02116875,786.15682420,533.08899648,140.01058438,393.07841210,0.26264017,-0.02332069,-0.09926440,-0.07090340
2021-12-14,0.00000000,0.00000000,0.00000000,280.02116875,786.15682420,533.08899648,140.01058438,393.07841210,0.26264017,-0.02332069,-0.09926440,-0.07090340
2021-12-15,0.00000000,0.00000000,0.00000000,280.02116875,786.15682420,533.08899648,140.01058438,393.07841210,0.26264017,-0.02332069,-0.09926440,-0.07090340
2021-12-16,0.00000000,0.00000000,0.00000000,280.02116875,786.15682420,533.08899648,140.01058438,393.07841210,0.26264017,-0.02332069,-0.09926440,-0.07090340
2021-12-17,-0.00842059,-0.02884628,-0.02348168,277.66322646,763.47912071,520.57117359,138.83161323,381.73956035,0.26669094,-0.03154490,-0.12524728,-0.09272014
2021-12-18,0.00000000,0.00000000,0.00000000,277.66322646,763.47912071,520.57117359,138.83161323,381.73956035,0.26669094,-0.03154490,-0.12524728,-0.09272014
2021-12-19,0.00000000,0.00000000,0.00000000,277.66322646,763.47912071,520.57117359,138.83161323,381.73956035,0.26669094,-0.03154490,-0.12524728,-0.09272014
2021-12-20,0.00000000,0.00000000,0.00000000,277.66322646,763.47912071,520.57117359,138.83161323,381.73956035,0.26669094,-0.03154490,-0.12524728,-0.09272014
2021-12-21,0.01991545,0.00000000,0.00531127,283.19301502,763.47912071,523.33606786,141.59650751,381.73956035,0.27056516,-0.01225768,-0.12524728,-0.08790133
2021-12-22,-0.00635618,0.00000000,-0.00171976,281.39298830,763.47912071,522.43605450,140.69649415,381.73956035,0.26930855,-0.01853595,-0.12524728,-0.08946993
2021-12-23,0.04590800,-0.01649889,0.00030782,294.31117792,750.88256176,522.59686984,147.15558896,375.44128088,0.28158529,0.00000000,-0.13967973,-0.08918965
2021-12-24,-0.00105981,0.00000000,-0.00029843,293.99926352,750.88256176,522.44091264,146.99963176,375.44128088,0.28137083,-0.00105981,-0.13967973,-0.08946146
2021-12-25,0.00000000,0.00000000,0.00000000,293.99926352,750.88256176,522.44091264,146.99963176,375.44128088,0.28137083,-0.00105981,-0.13967973,-0.08946146
2021-12-26,0.00000000,0.00000000,0.00000000,293.99926352,750.88256176,522.44091264,146.99963176,375.44128088,0.28137083,-0.00105981,-0.13967973,-0.08946146
2021-12-27,-0.01182012,0.00000000,-0.00332584,290.52415765,750.88256176,520.70335971,145.26207883,375.44128088,0.27897281,-0.01286740,-0.13967973,-0.09248976
2021-12-28,0.04469883,0.04683233,0.04623714,303.51024851,786.04813979,544.77919415,151.75512425,393.02406989,0.27856263,0.00000000,-0.09938893,-0.05052908
2021-12-29,0.02037683,0.03900736,0.03381759,309.69482397,816.70980331,563.20231364,154.84741198,408.35490165,0.27494101,0.00000000,-0.06425847,-0.01842026
2021-12-30,-0.01257327,-0.01826337,-0.01669893,305.80094655,801.79393008,553.79743831,152.90047327,400.89696504,0.27609458,-0.01257327,-0.08134826,-0.03481159
2021-12-31,-0.01443227,-0.03202745,-0.02716952,301.38754415,776.11451337,538.75102876,150.69377207,388.05725668,0.27970948,-0.02682408,-0.11077033,-0.06103530
2022-01-01,0.00000000,0.00000000,0.00000000,301.38754415,776.11451337,538.75102876,150.69377207,388.05725668,0.27970948,-0.02682408,-0.11077033,-0.06103530
2022-01-02,0.00000000,-0.01219978,-0.00878738,301.38754415,766.64609016,534.01681715,150.69377207,383.32304508,0.28218919,-0.02682408,-0.12161874,-0.06928634
2022-01-03,-0.01486595,-0.01658928,-0.01610297,296.90713278,753.92798350,525.41755814,148.45356639,376.96399175,0.28254398,-0.04129127,-0.13619045,-0.08427360
2022-01-04,0.00296215,0.00000000,0.00083694,297.78661618,753.92798350,525.85729984,148.89330809,376.96399175,0.28314394,-0.03845143,-0.13619045,-0.08350719
2022-01-05,0.00778484,0.00488204,0.00570395,300.10483621,757.60869370,528.85676495,150.05241811,378.80434685,0.28372979,-0.03096593,-0.13197329,-0.07827956
2022-01-06,0.00736924,0.03741136,0.02888752,302.31638050,785.95186690,544.13412370,151.15819025,392.97593345,0.27779583,-0.02382488,-0.09949923,-0.05165335
2022-01-07,0.03378506,0.05593660,0.04978300,312.53015781,829.91534366,571.22275074,156.26507891,414.95767183,0.27356242,0.00000000,-0.04912828,-0.00444181
2022-01-08,-0.00958933,0.03018851,0.01930679,309.53320282,854.96925158,582.25122720,154.76660141,427.48462579,0.26580726,-0.00958933,-0.02042288,0.00000000
2022-01-09,0.00000000,-0.01759372,-0.01291718,309.53320282,839.92716400,574.73018341,154.76660141,419.96358200,0.26928567,-0.00958933,-0.03765728,-0.01291718
2022-01-10,-0.01995737,0.01747255,0.00739321,303.35573469,854.60283633,578.97928551,151.67786734,427.30141816,0.26197460,-0.02935532,-0.02084270,-0.00561947
2022-01-11,0.00000000,-0.00923313,-0.00681428,303.35573469,846.71217931,575.03395700,151.67786734,423.35608966,0.26377202,-0.02935532,-0.02988338,-0.01239546
2022-01-12,-0.00105987,0.04062024,0.02962620,303.03421756,881.10583365,592.07002560,151.51710878,440.55291682,0.25591079,-0.03038408,0.00000000,0.00000000
2022-01-13,-0.01461948,-0.01765698,-0.01687965,298.60401550,865.54816650,582.07609100,149.30200775,432.77408325,0.25649912,-0.04455936,-0.01765698,-0.01687965
2022-01-14,-0.01420449,-0.01651041,-0.01591895,294.36249744,851.25760883,572.81005313,147.18124872,425.62880441,0.25694599,-0.05813090,-0.03387587,-0.03252989
2022-01-15,0.00000000,-0.01286644,-0.00956046,294.36249744,840.30495125,567.33372434,147.18124872,420.15247562,0.25942623,-0.05813090,-0.04630645,-0.04177935
2022-01-16,-0.01051498,-0.01383918,-0.01297680,291.26728235,828.67581938,559.97155086,145.63364117,414.33790969,0.26007329,-0.06803464,-0.05950479,-0.05421398
2022-01-17,0.00000000,0.01445077,0.01069251,291.26728235,840.65082640,565.95905437,145.63364117,420.32541320,0.25732187,-0.06803464,-0.04591390,-0.04410115
2022-01-18,0.00000000,0.01507274,0.01119420,291.26728235,853.32174160,572.29451197,145.63364117,426.66087080,0.25447324,-0.06803464,-0.03153321,-0.03340063
2022-01-19,-0.00704326,0.01183461,0.00703069,289.21580974,863.42046788,576.31813881,144.60790487,431.71023394,0.25091680,-0.07459871,-0.02007178,-0.02660477
2022-01-20,0.02422262,0.03954028,0.03569682,296.22137460,897.56035208,596.89086334,148.11068730,448.78017604,0.24813697,-0.05218307,0.00000000,0.00000000
2022-01-21,0.09912962,0.13332685,0.12484125,325.58568562,1017.22924530,671.40746546,162.79284281,508.61462265,0.24246505,0.00000000,0.00000000,0.00000000
2022-01-22,0.02986782,0.04234330,0.03931844,335.31022163,1060.30209342,697.80615753,167.65511082,530.15104671,0.24026029,0.00000000,0.00000000,0.00000000
2022-01-23,-0.02709620,-0.03217156,-0.03095215,326.22458858,1026.19052084,676.20755471,163.11229429,513.09526042,0.24121631,-0.02709620,-0.03217156,-0.03095215
2022-01-24,-0.02606563,0.00000000,-0.00628745,317.72134030,1026.19052084,671.95593057,158.86067015,513.09526042,0.23641531,-0.05245555,-0.03217156,-0.03704500
2022-01-25,0.00000000,0.00000000,0.00000000,317.72134030,1026.19052084,671.95593057,158.86067015,513.09526042,0.23641531,-0.05245555,-0.03217156,-0.03704500
2022-01-26,0.00000000,0.00000000,0.00000000,317.72134030,1026.19052084,671.95593057,158.86067015,513.09526042,0.23641531,-0.05245555,-0.03217156,-0.03704500
2022-01-27,0.00000000,0.00000000,0.00000000,317.72134030,1026.19052084,671.95593057,158.86067015,513.09526042,0.23641531,-0.05245555,-0.03217156,-0.03704500
2022-01-28,0.00000000,0.01294296,0.00988304,317.72134030,1039.47246026,678.59690028,158.86067015,519.73623013,0.23410167,-0.05245555,-0.01964500,-0.02752807
2022-01-29,0.00000000,-0.00449568,-0.00344323,317.72134030,1034.79932760,676.26033395,158.86067015,517.39966380,0.23491053,-0.05245555,-0.02405236,-0.03087652
2022-01-30,-0.00798494,0.00000000,-0.00187575,315.18435323,1034.79932760,674.99184042,157.59217662,517.39966380,0.23347271,-0.06002164,-0.02405236,-0.03269435
2022-01-31,-0.02074942,-0.00618194,-0.00958305,308.64445942,1028.40226018,668.52335980,154.32222971,514.20113009,0.23084044,-0.07952565,-0.03008561,-0.04196409
2022-02-01,0.00000000,-0.00498139,-0.00383149,308.64445942,1023.27938550,665.96192246,154.32222971,511.63969275,0.23172831,-0.07952565,-0.03491713,-0.04563479
2022-02-02,0.02308399,0.00000000,0.00534921,315.76920358,1023.27938550,669.52429454,157.88460179,511.63969275,0.23581609,-0.05827743,-0.03491713,-0.04052968
2022-02-03,-0.01025195,0.00000000,-0.00241758,312.53195226,1023.27938550,667.90566888,156.26597613,511.63969275,0.23396414,-0.06793193,-0.03491713,-0.04284928
2022-02-04,-0.02671020,0.00716131,-0.00076341,304.18416149,1030.60740501,667.39578325,152.09208074,515.30370250,0.22788888,-0.09282765,-0.02800588,-0.04357997
2022-02-05,-0.00452654,-0.00527139,-0.00510165,302.80726091,1025.17466868,663.99096479,151.40363045,512.58733434,0.22802062,-0.09693400,-0.03312964,-0.04845929
2022-02-06,-0.00466972,-0.00495986,-0.00489370,301.39323630,1020.08994373,660.74159001,150.69661815,510.04497186,0.22807194,-0.10115106,-0.03792518,-0.05311585
2022-02-07,0.00325707,-0.00771928,-0.00521588,302.37489373,1012.21558307,657.29523840,151.18744686,506.10779154,0.23001452,-0.09822345,-0.04535171,-0.05805469
2022-02-08,0.00000000,0.00000000,0.00000000,302.37489373,1012.21558307,657.29523840,151.18744686,506.10779154,0.23001452,-0.09822345,-0.04535171,-0.05805469
2022-02-09,0.00000000,-0.00496944,-0.00382640,302.37489373,1007.18543781,654.78016577,151.18744686,503.59271891,0.23089802,-0.09822345,-0.05009578,-0.06165895
2022-02-10,0.00000000,0.00000000,0.00000000,302.37489373,1007.18543781,654.78016577,151.18744686,503.59271891,0.23089802,-0.09822345,-0.05009578,-0.06165895
2022-02-11,0.00000000,0.00000000,0.00000000,302.37489373,1007.18543781,654.78016577,151.18744686,503.59271891,0.23089802,-0.09822345,-0.05009578,-0.06165895
2022-02-12,-0.00681322,-0.01081716,-0.00989266,300.31474650,996.29055162,648.30264906,150.15737325,498.14527581,0.23161616,-0.10436746,-0.06037104,-0.07094163
2022-02-13,-0.02161420,0.01670936,0.00783300,293.82368255,1012.93792787,653.38080521,146.91184128,506.46896393,0.22484873,-0.12372584,-0.04467044,-0.06366432
2022-02-14,0.00000000,-0.01155648,-0.00895802,293.82368255,1001.23193566,647.52780911,146.91184128,500.61596783,0.22688113,-0.12372584,-0.05571069,-0.07205203
2022-02-15,0.02464315,0.00000000,0.00559107,301.06442397,1001.23193566,651.14817981,150.53221198,500.61596783,0.23117966,-0.10213168,-0.05571069,-0.06686381
2022-02-16,-0.01528177,-0.00224991,-0.00526261,296.46362754,998.97925151,647.72143952,148.23181377,499.48962575,0.22885118,-0.11585270,-0.05783525,-0.07177454
2022-02-17,-0.02428930,-0.01577584,-0.01772416,289.26273236,983.21951495,636.24112365,144.63136618,491.60975747,0.22732163,-0.13732802,-0.07269869,-0.08822656
2022-02-18,0.00000000,-0.02309530,-0.01784524,289.26273236,960.51176857,624.88725047,144.63136618,480.25588429,0.23145194,-0.13732802,-0.09411499,-0.10449737
2022-02-19,0.00000000,-0.01969322,-0.01513519,289.26273236,941.59619750,615.42946493,144.63136618,470.79809875,0.23500884,-0.13732802,-0.11195479,-0.11805097
2022-02-20,0.00000000,0.00000000,0.00000000,289.26273236,941.59619750,615.42946493,144.63136618,470.79809875,0.23500884,-0.13732802,-0.11195479,-0.11805097
2022-02-21,0.00000000,0.00000000,0.00000000,289.26273236,941.59619750,615.42946493,144.63136618,470.79809875,0.23500884,-0.13732802,-0.11195479,-0.11805097
2022-02-22,0.00000000,-0.03971487,-0.03038153,289.26273236,904.20082531,596.73177884,144.63136618,452.10041266,0.24237249,-0.13732802,-0.14722339,-0.14484593
2022-02-23,0.00000000,0.00094743,0.00071780,289.26273236,905.05748919,597.16011078,144.63136618,452.52874460,0.24219864,-0.13732802,-0.14641545,-0.14423210
2022-02-24,0.00000000,-0.02745456,-0.02080511,289.26273236,880.20953031,584.73613133,144.63136618,440.10476515,0.24734467,-0.13732802,-0.16985024,-0.16203644
2022-02-25,0.00000000,-0.00872130,-0.00656413,289.26273236,872.53295756,580.89784496,144.63136618,436.26647878,0.24897900,-0.13732802,-0.17709022,-0.16753695
2022-02-26,0.00000000,0.00396786,0.00297995,289.26273236,875.99504736,582.62888986,144.63136618,437.99752368,0.24823926,-0.13732802,-0.17382503,-0.16505625
2022-02-27,-0.00225636,0.00188375,0.00085601,288.61005030,877.64520507,583.12762769,144.30502515,438.82260254,0.24746731,-0.13927452,-0.17226872,-0.16434153
2022-02-28,-0.03057011,-0.02734103,-0.02814012,279.78720997,853.64948132,566.71834565,139.89360499,426.82474066,0.24684856,-0.16558699,-0.19489975,-0.18785706
2022-03-01,0.02930954,0.00000000,0.00723502,287.98764496,853.64948132,570.81856314,143.99382248,426.82474066,0.25225848,-0.14113073,-0.19489975,-0.18198119
2022-03-02,-0.01141807,0.00000000,-0.00288031,284.69938061,853.64948132,569.17443096,142.34969030,426.82474066,0.25009853,-0.15093736,-0.19489975,-0.18433733
2022-03-03,-0.03345310,0.00000000,-0.00836657,275.17530326,853.64948132,564.41239229,137.58765163,426.82474066,0.24377149,-0.17934114,-0.19489975,-0.19116163
2022-03-04,0.00000000,0.00000000,0.00000000,275.17530326,853.64948132,564.41239229,137.58765163,426.82474066,0.24377149,-0.17934114,-0.19489975,-0.19116163
2022-03-05,0.00000000,0.00000000,0.00000000,275.17530326,853.64948132,564.41239229,137.58765163,426.82474066,0.24377149,-0.17934114,-0.19489975,-0.19116163
2022-03-06,0.00000000,0.00000000,0.00000000,275.17530326,853.64948132,564.41239229,137.58765163,426.82474066,0.24377149,-0.17934114,-0.19489975,-0.19116163
2022-03-07,0.00000000,0.00000000,0.00000000,275.17530326,853.64948132,564.41239229,137.58765163,426.82474066,0.24377149,-0.17934114,-0.19489975,-0.19116163
2022-03-08,0.00000000,0.00000000,0.00000000,275.17530326,853.64948132,564.41239229,137.58765163,426.82474066,0.24377149,-0.17934114,-0.19489975,-0.19116163
2022-03-09,0.02233984,0.00000000,0.00544582,281.32267507,853.64948132,567.48607819,140.66133753,426.82474066,0.24786747,-0.16100776,-0.19489975,-0.18675685
2022-03-10,0.00000000,0.00000000,0.00000000,281.32267507,853.64948132,567.48607819,140.66133753,426.82474066,0.24786747,-0.16100776,-0.19489975,-0.18675685
2022-03-11,0.00000000,0.00000000,0.00000000,281.32267507,853.64948132,567.48607819,140.66133753,426.82474066,0.24786747,-0.16100776,-0.19489975,-0.18675685
2022-03-12,0.00000000,0.00000000,0.00000000,281.32267507,853.64948132,567.48607819,140.66133753,426.82474066,0.24786747,-0.16100776,-0.19489975,-0.18675685
2022-03-13,0.00000000,0.00000000,0.00000000,281.32267507,853.64948132,567.48607819,140.66133753,426.82474066,0.24786747,-0.16100776,-0.19489975,-0.18675685
2022-03-14,0.00000000,0.00000000,0.00000000,281.32267507,853.64948132,567.48607819,140.66133753,426.82474066,0.24786747,-0.16100776,-0.19489975,-0.18675685
2022-03-15,0.00000000,-0.00488518,-0.00367430,281.32267507,849.47925028,565.40096268,140.66133753,424.73962514,0.24878157,-0.16100776,-0.19883281,-0.18974495
2022-03-16,0.00000000,-0.00246194,-0.00184946,281.32267507,847.38788176,564.35527841,140.66133753,423.69394088,0.24924253,-0.16100776,-0.20080524,-0.19124348
2022-03-17,0.00000000,0.01100534,0.00826234,281.32267507,856.71367652,569.01817579,140.66133753,428.35683826,0.24720008,-0.16100776,-0.19200982,-0.18456126
2022-03-18,0.00854021,0.03627563,0.02941943,283.72523012,887.79150213,585.75836613,141.86261506,443.89575107,0.24218624,-0.15384259,-0.16269947,-0.16057151
2022-03-19,0.00000000,-0.00679059,-0.00514601,283.72523012,881.76287064,582.74405038,141.86261506,440.88143532,0.24343898,-0.15384259,-0.16838524,-0.16489122
2022-03-20,0.00000000,-0.01685274,-0.01275013,283.72523012,866.90274922,575.31398967,141.86261506,433.45137461,0.24658294,-0.15384259,-0.18240023,-0.17553896
2022-03-21,0.00000000,0.00000000,0.00000000,283.72523012,866.90274922,575.31398967,141.86261506,433.45137461,0.24658294,-0.15384259,-0.18240023,-0.17553896
2022-03-22,0.00000000,0.00000000,0.00000000,283.72523012,866.90274922,575.31398967,141.86261506,433.45137461,0.24658294,-0.15384259,-0.18240023,-0.17553896
2022-03-23,0.00000000,0.01827699,0.01377020,283.72523012,882.74712549,583.23617781,141.86261506,441.37356275,0.24323357,-0.15384259,-0.16745696,-0.16418597
2022-03-24,0.00000000,0.02463539,0.01864323,283.72523012,904.49394349,594.10958681,141.86261506,452.24697175,0.23878190,-0.15384259,-0.14694694,-0.14860369
2022-03-25,0.00000000,-0.00277222,-0.00211027,283.72523012,901.98648534,592.85585773,141.86261506,450.99324267,0.23928686,-0.15384259,-0.14931179,-0.15040036
2022-03-26,0.00000000,0.01382224,0.01051476,283.72523012,914.45396286,599.08959649,141.86261506,457.22698143,0.23679699,-0.15384259,-0.13755337,-0.14146702
2022-03-27,0.04434513,0.04792187,0.04707491,296.30706211,958.27630277,627.29168244,148.15353106,479.13815139,0.23617965,-0.11631963,-0.09622332,-0.10105167
2022-03-28,0.00614783,0.01131345,0.01009343,298.12870623,969.11771404,633.62321014,149.06435311,484.55885702,0.23525709,-0.11088691,-0.08599849,-0.09197819
2022-03-29,0.00631072,0.01066867,0.00964343,300.01011227,979.45690908,639.73351068,150.00505614,489.72845454,0.23448054,-0.10527597,-0.07624731,-0.08322175
2022-03-30,-0.01192464,-0.01130902,-0.01145337,296.43260068,968.38020876,632.40640472,148.21630034,484.19010438,0.23436875,-0.11594523,-0.08669405,-0.09372195
2022-03-31,0.00000000,-0.00539074,-0.00412732,296.43260068,963.15992271,629.79626170,148.21630034,481.57996136,0.23534008,-0.11594523,-0.09161745,-0.09746245
2022-04-01,0.00000000,0.00000000,0.00000000,296.43260068,963.15992271,629.79626170,148.21630034,481.57996136,0.23534008,-0.11594523,-0.09161745,-0.09746245
2022-04-02,0.00000000,0.00000000,0.00000000,296.43260068,963.15992271,629.79626170,148.21630034,481.57996136,0.23534008,-0.11594523,-0.09161745,-0.09746245
2022-04-03,0.00000000,0.00000000,0.00000000,296.43260068,963.15992271,629.79626170,148.21630034,481.57996136,0.23534008,-0.11594523,-0.09161745,-0.09746245
2022-04-04,0.00000000,0.00000000,0.00000000,296.43260068,963.15992271,629.79626170,148.21630034,481.57996136,0.23534008,-0.11594523,-0.09161745,-0.09746245
2022-04-05,0.00000000,0.00000000,0.00000000,296.43260068,963.15992271,629.79626170,148.21630034,481.57996136,0.23534008,-0.11594523,-0.09161745,-0.09746245
2022-04-06,0.00000000,0.00000000,0.00000000,296.43260068,963.15992271,629.79626170,148.21630034,481.57996136,0.23534008,-0.11594523,-0.09161745,-0.09746245
2022-04-07,0.00000000,0.00000000,0.00000000,296.43260068,963.15992271,629.79626170,148.21630034,481.57996136,0.23534008,-0.11594523,-0.09161745,-0.09746245
2022-04-08,0.00000000,0.00000000,0.00000000,296.43260068,963.15992271,629.79626170,148.21630034,481.57996136,0.23534008,-0.11594523,-0.09161745,-0.09746245
2022-04-09,0.00000000,0.00000000,0.00000000,296.43260068,963.15992271,629.79626170,148.21630034,481.57996136,0.23534008,-0.11594523,-0.09161745,-0.09746245
2022-04-10,0.00000000,-0.00175513,-0.00134207,296.43260068,961.46945625,628.95102846,148.21630034,480.73472812,0.23565634,-0.11594523,-0.09321177,-0.09867372
2022-04-11,0.00000000,0.00000000,0.00000000,296.43260068,961.46945625,628.95102846,148.21630034,480.73472812,0.23565634,-0.11594523,-0.09321177,-0.09867372
2022-04-12,0.00000000,0.00000000,0.00000000,296.43260068,961.46945625,628.95102846,148.21630034,480.73472812,0.23565634,-0.11594523,-0.09321177,-0.09867372
2022-04-13,0.00000000,0.00000000,0.00000000,296.43260068,961.46945625,628.95102846,148.21630034,480.73472812,0.23565634,-0.11594523,-0.09321177,-0.09867372
2022-04-14,0.00000000,0.00000000,0.00000000,296.43260068,961.46945625,628.95102846,148.21630034,480.73472812,0.23565634,-0.11594523,-0.09321177,-0.09867372
2022-04-15,0.00000000,0.00000000,0.00000000,296.43260068,961.46945625,628.95102846,148.21630034,480.73472812,0.23565634,-0.11594523,-0.09321177,-0.09867372
2022-04-16,0.00000000,0.00000000,0.00000000,296.43260068,961.46945625,628.95102846,148.21630034,480.73472812,0.23565634,-0.11594523,-0.09321177,-0.09867372
2022-04-17,0.00000000,0.00000000,0.00000000,296.43260068,961.46945625,628.95102846,148.21630034,480.73472812,0.23565634,-0.11594523,-0.09321177,-0.09867372
2022-04-18,0.00000000,0.00000000,0.00000000,296.43260068,961.46945625,628.95102846,148.21630034,480.73472812,0.23565634,-0.11594523,-0.09321177,-0.09867372
2022-04-19,0.00000000,-0.01761703,-0.01346546,296.43260068,944.53122275,620.48191171,148.21630034,472.26561137,0.23887288,-0.11594523,-0.10918668,-0.11081050
2022-04-20,-0.01032648,0.00000000,-0.00246672,293.37149438,944.53122275,618.95135856,146.68574719,472.26561137,0.23699075,-0.12507441,-0.10918668,-0.11300387
2022-04-21,0.00000000,0.00000000,0.00000000,293.37149438,944.53122275,618.95135856,146.68574719,472.26561137,0.23699075,-0.12507441,-0.10918668,-0.11300387
2022-04-22,0.00000000,0.00000000,0.00000000,293.37149438,944.53122275,618.95135856,146.68574719,472.26561137,0.23699075,-0.12507441,-0.10918668,-0.11300387
2022-04-23,0.00000000,0.00000000,0.00000000,293.37149438,944.53122275,618.95135856,146.68574719,472.26561137,0.23699075,-0.12507441,-0.10918668,-0.11300387
2022-04-24,0.00000000,0.00000000,0.00000000,293.37149438,944.53122275,618.95135856,146.68574719,472.26561137,0.23699075,-0.12507441,-0.10918668,-0.11300387
2022-04-25,-0.01284181,0.00000000,-0.00304339,289.60407247,944.53122275,617.06764761,144.80203624,472.26561137,0.23466153,-0.13631004,-0.10918668,-0.11570335
2022-04-26,0.01081024,0.00000000,0.00253675,292.73476217,944.53122275,618.63299246,146.36738108,472.26561137,0.23659808,-0.12697334,-0.10918668,-0.11346011
2022-04-27,-0.02733381,0.00000000,-0.00646713,284.73320464,944.53122275,614.63221369,142.36660232,472.26561137,0.23162893,-0.15083649,-0.10918668,-0.11919348
2022-04-28,0.00000000,0.00000000,0.00000000,284.73320464,944.53122275,614.63221369,142.36660232,472.26561137,0.23162893,-0.15083649,-0.10918668,-0.11919348
2022-04-29,-0.00207493,0.00000000,-0.00048061,284.14240220,944.53122275,614.33681248,142.07120110,472.26561137,0.23125946,-0.15259845,-0.10918668,-0.11961681
2022-04-30,0.02480101,0.00000000,0.00573547,291.18941935,944.53122275,617.86032105,145.59470967,472.26561137,0.23564340,-0.13158204,-0.10918668,-0.11456740
2022-05-01,-0.02851571,0.00000000,-0.00671954,282.88594607,944.53122275,613.70858441,141.44297304,472.26561137,0.23047253,-0.15634559,-0.10918668,-0.12051710
2022-05-02,0.00000000,0.00000000,0.00000000,282.88594607,944.53122275,613.70858441,141.44297304,472.26561137,0.23047253,-0.15634559,-0.10918668,-0.12051710
2022-05-03,0.00000000,0.00000000,0.00000000,282.88594607,944.53122275,613.70858441,141.44297304,472.26561137,0.23047253,-0.15634559,-0.10918668,-0.12051710
2022-05-04,-0.00663299,0.00147164,-0.00039626,281.00956614,945.92122836,613.46539725,140.50478307,472.96061418,0.22903457,-0.16194155,-0.10787573,-0.12086560
2022-05-05,-0.02047469,-0.02204827,-0.02168787,275.25598316,925.06529997,600.16064156,137.62799158,462.53264998,0.22931859,-0.17910053,-0.12754553,-0.13993215
2022-05-06,0.01431977,0.00000000,0.00328379,279.19758490,925.06529997,602.13144243,139.59879245,462.53264998,0.23184106,-0.16734544,-0.12754553,-0.13710787
2022-05-07,0.01524354,0.00000000,0.00353408,283.45354376,925.06529997,604.25942186,141.72677188,462.53264998,0.23454623,-0.15465284,-0.12754553,-0.13405834
2022-05-08,0.03884857,0.00000000,0.00911179,294.46530891,925.06529997,609.76530444,147.23265446,462.53264998,0.24145791,-0.12181231,-0.12754553,-0.12616807
2022-05-09,0.10255524,0.00000000,0.02476277,324.66426846,925.06529997,624.86478422,162.33213423,462.53264998,0.25978762,-0.03174956,-0.12754553,-0.10452956
2022-05-10,-0.02165230,0.00000000,-0.00562500,317.63453881,925.06529997,621.34991939,158.81726940,462.53264998,0.25560037,-0.05271442,-0.12754553,-0.10956659
2022-05-11,0.04821763,0.00000000,0.01232445,332.95012474,925.06529997,629.00771235,166.47506237,462.53264998,0.26466299,-0.00703855,-0.12754553,-0.09859249
2022-05-12,0.00238765,0.00000000,0.00063192,333.74509215,925.06529997,629.40519606,166.87254608,462.53264998,0.26512737,-0.00466771,-0.12754553,-0.09802287
2022-05-13,-0.00786155,0.00000000,-0.00208431,331.12133977,925.06529997,628.09331987,165.56066989,462.53264998,0.26359247,-0.01249256,-0.12754553,-0.09990287
2022-05-14,-0.02197682,-0.00013869,-0.00589506,323.84434415,924.93700106,624.39067261,161.92217208,462.46850053,0.25932830,-0.03419483,-0.12766653,-0.10520900
2022-05-15,0.01332978,0.00140864,0.00450013,328.16111880,926.23990035,627.20050957,164.08055940,463.11995017,0.26160782,-0.02132086,-0.12643773,-0.10118232
2022-05-16,-0.01185633,-0.01287957,-0.01261188,324.27033116,914.31032842,619.29032979,162.13516558,457.15516421,0.26180800,-0.03292441,-0.13768884,-0.11251811
2022-05-17,0.00000000,0.00000000,0.00000000,324.27033116,914.31032842,619.29032979,162.13516558,457.15516421,0.26180800,-0.03292441,-0.13768884,-0.11251811
2022-05-18,0.00000000,0.00000000,0.00000000,324.27033116,914.31032842,619.29032979,162.13516558,457.15516421,0.26180800,-0.03292441,-0.13768884,-0.11251811
2022-05-19,0.00000000,0.00000000,0.00000000,324.27033116,914.31032842,619.29032979,162.13516558,457.15516421,0.26180800,-0.03292441,-0.13768884,-0.11251811
2022-05-20,0.00000000,0.00000000,0.00000000,324.27033116,914.31032842,619.29032979,162.13516558,457.15516421,0.26180800,-0.03292441,-0.13768884,-0.11251811
2022-05-21,0.00000000,0.00000000,0.00000000,324.27033116,914.31032842,619.29032979,162.13516558,457.15516421,0.26180800,-0.03292441,-0.13768884,-0.11251811
2022-05-22,0.00000000,0.00000000,0.00000000,324.27033116,914.31032842,619.29032979,162.13516558,457.15516421,0.26180800,-0.03292441,-0.13768884,-0.11251811
2022-05-23,0.00000000,0.00000000,0.00000000,324.27033116,914.31032842,619.29032979,162.13516558,457.15516421,0.26180800,-0.03292441,-0.13768884,-0.11251811
2022-05-24,0.00000000,0.00000000,0.00000000,324.27033116,914.31032842,619.29032979,162.13516558,457.15516421,0.26180800,-0.03292441,-0.13768884,-0.11251811
2022-05-25,0.00000000,0.00000000,0.00000000,324.27033116,914.31032842,619.29032979,162.13516558,457.15516421,0.26180800,-0.03292441,-0.13768884,-0.11251811
2022-05-26,0.00000000,0.00000000,0.00000000,324.27033116,914.31032842,619.29032979,162.13516558,457.15516421,0.26180800,-0.03292441,-0.13768884,-0.11251811
2022-05-27,0.00000000,0.00000000,0.00000000,324.27033116,914.31032842,619.29032979,162.13516558,457.15516421,0.26180800,-0.03292441,-0.13768884,-0.11251811
2022-05-28,0.00000000,0.00000000,0.00000000,324.27033116,914.31032842,619.29032979,162.13516558,457.15516421,0.26180800,-0.03292441,-0.13768884,-0.11251811
2022-05-29,0.00000000,0.00000000,0.00000000,324.27033116,914.31032842,619.29032979,162.13516558,457.15516421,0.26180800,-0.03292441,-0.13768884,-0.11251811
2022-05-30,0.01390482,0.02260819,0.02032958,328.77925258,934.98122763,631.88024011,164.38962629,467.49061382,0.26015947,-0.01947739,-0.11819355,-0.09447598
2022-05-31,-0.01256122,0.00000000,-0.00326792,324.64938299,934.98122763,629.81530531,162.32469150,467.49061382,0.25773380,-0.03179396,-0.11819355,-0.09743516
2022-06-01,0.03505518,0.00000000,0.00903491,336.03002714,934.98122763,635.50562738,168.01501357,467.49061382,0.26438006,0.00000000,-0.11819355,-0.08928057
2022-06-02,-0.01283349,0.00000000,-0.00339292,331.71758900,934.98122763,633.34940832,165.85879450,467.49061382,0.26187566,-0.01283349,-0.11819355,-0.09237057
2022-06-03,0.00000000,0.00000000,0.00000000,331.71758900,934.98122763,633.34940832,165.85879450,467.49061382,0.26187566,-0.01283349,-0.11819355,-0.09237057
2022-06-04,0.00000000,0.00000000,0.00000000,331.71758900,934.98122763,633.34940832,165.85879450,467.49061382,0.26187566,-0.01283349,-0.11819355,-0.09237057
2022-06-05,0.00000000,0.00000000,0.00000000,331.71758900,934.98122763,633.34940832,165.85879450,467.49061382,0.26187566,-0.01283349,-0.11819355,-0.09237057
2022-06-06,0.00562693,0.00000000,0.00147356,333.58414168,934.98122763,634.28268466,166.79207084,467.49061382,0.26296173,-0.00727877,-0.11819355,-0.09103312
2022-06-07,0.01928848,0.00000000,0.00507213,340.01847136,934.98122763,637.49984949,170.00923568,467.49061382,0.26668122,0.00000000,-0.11819355,-0.08642272
2022-06-08,0.00020022,-0.02903828,-0.02124092,340.08654942,907.83098044,623.95876493,170.04327471,453.91549022,0.27252326,0.00000000,-0.14379969,-0.10582795
2022-06-09,0.00319583,0.00000000,0.00087094,341.17340737,907.83098044,624.50219390,170.58670369,453.91549022,0.27315629,0.00000000,-0.14379969,-0.10504918
2022-06-10,0.03376588,0.04332153,0.04071134,352.69342620,947.15960550,649.92651585,176.34671310,473.57980275,0.27133331,0.00000000,-0.10670779,-0.06861453
2022-06-11,0.02153509,0.07166134,0.05806042,360.28871148,1015.03433111,687.66152129,180.14435574,507.51716555,0.26196661,0.00000000,-0.04269327,-0.01453790
2022-06-12,0.05642208,0.05042719,0.05199765,380.61695131,1066.21966295,723.41830713,190.30847566,533.10983147,0.26306837,0.00000000,0.00000000,0.00000000
2022-06-13,0.12228501,0.11017229,0.11335876,427.16070014,1183.68751987,805.42411000,213.58035007,591.84375993,0.26517750,0.00000000,0.00000000,0.00000000
2022-06-14,0.00930602,0.00040574,0.00276589,431.13586479,1184.16779019,807.65182749,215.56793240,592.08389510,0.26690701,0.00000000,0.00000000,0.00000000
2022-06-15,0.00594637,0.01103763,0.00967873,433.69955642,1197.23819124,815.46887383,216.84977821,598.61909562,0.26592036,0.00000000,0.00000000,0.00000000
2022-06-16,0.00000000,0.00000000,0.00000000,433.69955642,1197.23819124,815.46887383,216.84977821,598.61909562,0.26592036,0.00000000,0.00000000,0.00000000
2022-06-17,0.00000000,0.00000000,0.00000000,433.69955642,1197.23819124,815.46887383,216.84977821,598.61909562,0.26592036,0.00000000,0.00000000,0.00000000
2022-06-18,0.00000000,0.00000000,0.00000000,433.69955642,1197.23819124,815.46887383,216.84977821,598.61909562,0.26592036,0.00000000,0.00000000,0.00000000
2022-06-19,0.00000000,0.00000000,0.00000000,433.69955642,1197.23819124,815.46887383,216.84977821,598.61909562,0.26592036,0.00000000,0.00000000,0.00000000
2022-06-20,0.00000000,0.00000000,0.00000000,433.69955642,1197.23819124,815.46887383,216.84977821,598.61909562,0.26592036,0.00000000,0.00000000,0.00000000
2022-06-21,0.00000000,0.00000000,0.00000000,433.69955642,1197.23819124,815.46887383,216.84977821,598.61909562,0.26592036,0.00000000,0.00000000,0.00000000
2022-06-22,0.00000000,0.00000000,0.00000000,433.69955642,1197.23819124,815.46887383,216.84977821,598.61909562,0.26592036,0.00000000,0.00000000,0.00000000
2022-06-23,0.00000000,0.00000000,0.00000000,433.69955642,1197.23819124,815.46887383,216.84977821,598.61909562,0.26592036,0.00000000,0.00000000,0.00000000
2022-06-24,0.00000000,0.00000000,0.00000000,433.69955642,1197.23819124,815.46887383,216.84977821,598.61909562,0.26592036,0.00000000,0.00000000,0.00000000
2022-06-25,0.00000000,0.00000000,0.00000000,433.69955642,1197.23819124,815.46887383,216.84977821,598.61909562,0.26592036,0.00000000,0.00000000,0.00000000
2022-06-26,-0.00297902,0.00000000,-0.00079218,432.40755485,1197.23819124,814.82287304,216.20377742,598.61909562,0.26533838,-0.00297902,0.00000000,-0.00079218
2022-06-27,0.00000000,0.00000000,0.00000000,432.40755485,1197.23819124,814.82287304,216.20377742,598.61909562,0.26533838,-0.00297902,0.00000000,-0.00079218
2022-06-28,0.00000000,-0.00776743,-0.00570644,432.40755485,1187.93872319,810.17313902,216.20377742,593.96936159,0.26686120,-0.00297902,-0.00776743,-0.00649410
2022-06-29,0.00000000,0.00000000,0.00000000,432.40755485,1187.93872319,810.17313902,216.20377742,593.96936159,0.26686120,-0.00297902,-0.00776743,-0.00649410
2022-06-30,0.00000000,0.00000000,0.00000000,432.40755485,1187.93872319,810.17313902,216.20377742,593.96936159,0.26686120,-0.00297902,-0.00776743,-0.00649410
2022-07-01,0.00000000,0.00000000,0.00000000,432.40755485,1187.93872319,810.17313902,216.20377742,593.96936159,0.26686120,-0.00297902,-0.00776743,-0.00649410
2022-07-02,0.00000000,0.00000000,0.00000000,432.40755485,1187.93872319,810.17313902,216.20377742,593.96936159,0.26686120,-0.00297902,-0.00776743,-0.00649410
2022-07-03,0.00000000,0.00000000,0.00000000,432.40755485,1187.93872319,810.17313902,216.20377742,593.96936159,0.26686120,-0.00297902,-0.00776743,-0.00649410
2022-07-04,-0.00814605,-0.00483006,-0.00571497,428.88514087,1182.20090945,805.54302516,214.44257044,591.10045473,0.26620871,-0.01110081,-0.01255998,-0.01217195
2022-07-05,-0.00996004,-0.02467384,-0.02075690,424.61342562,1153.03146789,788.82244675,212.30671281,576.51573394,0.26914385,-0.02095029,-0.03692392,-0.03267620
2022-07-06,0.00000000,0.00000000,0.00000000,424.61342562,1153.03146789,788.82244675,212.30671281,576.51573394,0.26914385,-0.02095029,-0.03692392,-0.03267620
2022-07-07,-0.00827927,0.00000000,-0.00222831,421.09793800,1153.03146789,787.06470294,210.54896900,576.51573394,0.26751164,-0.02905610,-0.03692392,-0.03483170
2022-07-08,-0.01200621,0.00000000,-0.00321180,416.04214966,1153.03146789,784.53680877,208.02107483,576.51573394,0.26515145,-0.04071345,-0.03692392,-0.03793163
2022-07-09,0.00000000,0.00000000,0.00000000,416.04214966,1153.03146789,784.53680877,208.02107483,576.51573394,0.26515145,-0.04071345,-0.03692392,-0.03793163
2022-07-10,0.01735527,0.01644610,0.01668717,423.26267443,1171.99433766,797.62850605,211.63133722,585.99716883,0.26532569,-0.02406477,-0.02108507,-0.02187744
2022-07-11,0.04195636,0.05957027,0.05489684,441.02123532,1241.81035229,841.41579380,220.51061766,620.90517614,0.26207093,0.00000000,0.00000000,0.00000000
2022-07-12,0.02792521,0.04517381,0.04065345,453.33684441,1297.90765588,875.62225014,226.66842221,648.95382794,0.25886553,0.00000000,0.00000000,0.00000000
2022-07-13,-0.03938218,-0.04653668,-0.04468463,435.48345312,1237.50734080,836.49539696,217.74172656,618.75367040,0.26030236,-0.03938218,-0.04653668,-0.04468463
2022-07-14,-0.01551667,0.00000000,-0.00403903,428.72619894,1237.50734080,833.11676987,214.36309947,618.75367040,0.25730259,-0.05428777,-0.04653668,-0.04854317
2022-07-15,-0.01179808,0.01749897,0.00996077,423.66805483,1259.16244752,841.41525117,211.83402741,629.58122376,0.25175920,-0.06544535,-0.02985205,-0.03906593
2022-07-16,-0.03462947,0.10124273,0.06703565,408.99665338,1386.64348549,897.82006944,204.49832669,693.32174275,0.22777206,-0.09780849,0.00000000,0.00000000
2022-07-17,0.00486821,-0.01269086,-0.00869140,410.98773307,1369.04578202,890.01675754,205.49386653,684.52289101,0.23088764,-0.09341643,-0.01269086,-0.00869140
2022-07-18,-0.03111080,0.18114413,0.13213709,398.20157680,1617.04039512,1007.62098596,199.10078840,808.52019756,0.19759492,-0.12162097,0.00000000,0.00000000
2022-07-19,0.04325423,-0.02449864,-0.01111102,415.42548042,1577.42509986,996.42529014,207.71274021,788.71254993,0.20845792,-0.08362736,-0.02449864,-0.01111102
2022-07-20,-0.01395337,-0.02097568,-0.01951183,409.62889521,1544.33753253,976.98321387,204.81444760,772.16876626,0.20963968,-0.09641385,-0.04496045,-0.03040605
2022-07-21,0.00000000,0.00000000,0.00000000,409.62889521,1544.33753253,976.98321387,204.81444760,772.16876626,0.20963968,-0.09641385,-0.04496045,-0.03040605
2022-07-22,0.00000000,0.00000000,0.00000000,409.62889521,1544.33753253,976.98321387,204.81444760,772.16876626,0.20963968,-0.09641385,-0.04496045,-0.03040605
2022-07-23,0.00000000,0.00000000,0.00000000,409.62889521,1544.33753253,976.98321387,204.81444760,772.16876626,0.20963968,-0.09641385,-0.04496045,-0.03040605
2022-07-24,0.00293823,-0.02773167,-0.02130204,410.83247758,1501.51047760,956.17147759,205.41623879,750.75523880,0.21483201,-0.09375891,-0.07144529,-0.05106038
2022-07-25,0.01827120,0.00000000,0.00392524,418.33887998,1501.51047760,959.92467879,209.16943999,750.75523880,0.21790193,-0.07720079,-0.07144529,-0.04733556
2022-07-26,0.00000000,0.00000000,0.00000000,418.33887998,1501.51047760,959.92467879,209.16943999,750.75523880,0.21790193,-0.07720079,-0.07144529,-0.04733556
2022-07-27,0.00000000,0.00000000,0.00000000,418.33887998,1501.51047760,959.92467879,209.16943999,750.75523880,0.21790193,-0.07720079,-0.07144529,-0.04733556
2022-07-28,0.01314189,0.02156705,0.01973119,423.83664299,1533.89363044,978.86513671,211.91832150,766.94681522,0.21649389,-0.06507347,-0.05141910,-0.02853836
2022-07-29,-0.00420011,0.00000000,-0.00090930,422.05648036,1533.89363044,977.97505540,211.02824018,766.94681522,0.21578080,-0.06900027,-0.05141910,-0.02942171
2022-07-30,0.00000000,0.00000000,0.00000000,422.05648036,1533.89363044,977.97505540,211.02824018,766.94681522,0.21578080,-0.06900027,-0.05141910,-0.02942171
2022-07-31,0.00000000,0.00000000,0.00000000,422.05648036,1533.89363044,977.97505540,211.02824018,766.94681522,0.21578080,-0.06900027,-0.05141910,-0.02942171
2022-08-01,0.00000000,0.00000000,0.00000000,422.05648036,1533.89363044,977.97505540,211.02824018,766.94681522,0.21578080,-0.06900027,-0.05141910,-0.02942171
2022-08-02,0.00000000,0.00000000,0.00000000,422.05648036,1533.89363044,977.97505540,211.02824018,766.94681522,0.21578080,-0.06900027,-0.05141910,-0.02942171
2022-08-03,0.00000000,0.00000000,0.00000000,422.05648036,1533.89363044,977.97505540,211.02824018,766.94681522,0.21578080,-0.06900027,-0.05141910,-0.02942171
2022-08-04,0.00000000,0.00000000,0.00000000,422.05648036,1533.89363044,977.97505540,211.02824018,766.94681522,0.21578080,-0.06900027,-0.05141910,-0.02942171
2022-08-05,0.00000000,0.02191418,0.01718552,422.05648036,1567.50764821,994.78206428,211.02824018,783.75382410,0.21213515,-0.06900027,-0.03063173,-0.01274182
2022-08-06,0.00000000,0.00000000,0.00000000,422.05648036,1567.50764821,994.78206428,211.02824018,783.75382410,0.21213515,-0.06900027,-0.03063173,-0.01274182
2022-08-07,0.00000000,-0.00515154,-0.00405871,422.05648036,1559.43257566,990.74452801,211.02824018,779.71628783,0.21299965,-0.06900027,-0.03562547,-0.01674882
2022-08-08,0.00000000,0.02236939,0.01760472,422.05648036,1594.31613011,1008.18630523,211.02824018,797.15806505,0.20931473,-0.06900027,-0.01405300,0.00000000
2022-08-09,0.00000000,0.00000000,0.00000000,422.05648036,1594.31613011,1008.18630523,211.02824018,797.15806505,0.20931473,-0.06900027,-0.01405300,0.00000000
2022-08-10,0.00000000,-0.00641269,-0.00507042,422.05648036,1584.09227728,1003.07437882,211.02824018,792.04613864,0.21038145,-0.06900027,-0.02037557,-0.00507042
2022-08-11,0.00000000,0.00000000,0.00000000,422.05648036,1584.09227728,1003.07437882,211.02824018,792.04613864,0.21038145,-0.06900027,-0.02037557,-0.00507042
2022-08-12,0.00000000,0.00000000,0.00000000,422.05648036,1584.09227728,1003.07437882,211.02824018,792.04613864,0.21038145,-0.06900027,-0.02037557,-0.00507042
2022-08-13,0.00000000,0.00368965,0.00291341,422.05648036,1589.93701813,1005.99674924,211.02824018,794.96850906,0.20977030,-0.06900027,-0.01676110,-0.00217178
2022-08-14,0.00000000,-0.00516965,-0.00408521,422.05648036,1581.71760188,1001.88704112,211.02824018,790.85880094,0.21063077,-0.06900027,-0.02184410,-0.00624812
2022-08-15,-0.01295550,0.00000000,-0.00272883,416.58852725,1581.71760188,999.15306456,208.29426363,790.85880094,0.20847082,-0.08106184,-0.02184410,-0.00895989
2022-08-16,0.00000000,0.00000000,0.00000000,416.58852725,1581.71760188,999.15306456,208.29426363,790.85880094,0.20847082,-0.08106184,-0.02184410,-0.00895989
2022-08-17,0.00000000,0.00000000,0.00000000,416.58852725,1581.71760188,999.15306456,208.29426363,790.85880094,0.20847082,-0.08106184,-0.02184410,-0.00895989
2022-08-18,0.00000000,0.00000000,0.00000000,416.58852725,1581.71760188,999.15306456,208.29426363,790.85880094,0.20847082,-0.08106184,-0.02184410,-0.00895989
2022-08-19,0.00000000,0.00000000,0.00000000,416.58852725,1581.71760188,999.15306456,208.29426363,790.85880094,0.20847082,-0.08106184,-0.02184410,-0.00895989
2022-08-20,0.00000000,0.00000000,0.00000000,416.58852725,1581.71760188,999.15306456,208.29426363,790.85880094,0.20847082,-0.08106184,-0.02184410,-0.00895989
2022-08-21,0.00000000,0.00000000,0.00000000,416.58852725,1581.71760188,999.15306456,208.29426363,790.85880094,0.20847082,-0.08106184,-0.02184410,-0.00895989
2022-08-22,0.00000000,0.00000000,0.00000000,416.58852725,1581.71760188,999.15306456,208.29426363,790.85880094,0.20847082,-0.08106184,-0.02184410,-0.00895989
2022-08-23,0.00000000,0.00000000,0.00000000,416.58852725,1581.71760188,999.15306456,208.29426363,790.85880094,0.20847082,-0.08106184,-0.02184410,-0.00895989
2022-08-24,0.00000000,0.00000000,0.00000000,416.58852725,1581.71760188,999.15306456,208.29426363,790.85880094,0.20847082,-0.08106184,-0.02184410,-0.00895989
2022-08-25,0.00000000,0.00000000,0.00000000,416.58852725,1581.71760188,999.15306456,208.29426363,790.85880094,0.20847082,-0.08106184,-0.02184410,-0.00895989
2022-08-26,0.00000000,-0.01989921,-0.01575080,416.58852725,1550.24267816,983.41560271,208.29426363,775.12133908,0.21180695,-0.08106184,-0.04130863,-0.02456957
2022-08-27,0.00000000,0.00000000,0.00000000,416.58852725,1550.24267816,983.41560271,208.29426363,775.12133908,0.21180695,-0.08106184,-0.04130863,-0.02456957
2022-08-28,0.00000000,0.00000000,0.00000000,416.58852725,1550.24267816,983.41560271,208.29426363,775.12133908,0.21180695,-0.08106184,-0.04130863,-0.02456957
2022-08-29,0.00000000,-0.00862907,-0.00680138,416.58852725,1536.86551816,976.72702271,208.29426363,768.43275908,0.21325740,-0.08106184,-0.04958125,-0.03120384
2022-08-30,-0.01121057,0.00135759,-0.00132267,411.91833072,1538.95194674,975.43513873,205.95916536,769.47597337,0.21114594,-0.09136366,-0.04829097,-0.03248523
2022-08-31,0.00000000,0.00000000,0.00000000,411.91833072,1538.95194674,975.43513873,205.95916536,769.47597337,0.21114594,-0.09136366,-0.04829097,-0.03248523
2022-09-01,0.00000000,0.00000000,0.00000000,411.91833072,1538.95194674,975.43513873,205.95916536,769.47597337,0.21114594,-0.09136366,-0.04829097,-0.03248523
2022-09-02,-0.00366689,0.00000000,-0.00077425,410.40787206,1538.95194674,974.67990940,205.20393603,769.47597337,0.21053469,-0.09469553,-0.04829097,-0.03323433
2022-09-03,0.00600342,0.00000000,0.00126393,412.87172133,1538.95194674,975.91183404,206.43586067,769.47597337,0.21153126,-0.08926061,-0.04829097,-0.03201241
2022-09-04,-0.00084908,0.00000000,-0.00017961,412.52115906,1538.95194674,975.73655290,206.26057953,769.47597337,0.21138962,-0.09003390,-0.04829097,-0.03218627
2022-09-05,0.00000000,-0.00380268,-0.00299883,412.52115906,1533.09980317,972.81048112,206.26057953,766.54990158,0.21202545,-0.09003390,-0.05191002,-0.03508858
2022-09-06,0.02019113,0.00106973,0.00512395,420.85042571,1534.73980518,977.79511545,210.42521286,767.36990259,0.21520379,-0.07166066,-0.05089582,-0.03014442
2022-09-07,-0.02236051,0.00000000,-0.00481207,411.43999561,1534.73980518,973.08990040,205.71999781,767.36990259,0.21140904,-0.09241880,-0.05089582,-0.03481143
2022-09-08,0.00000000,0.00000000,0.00000000,411.43999561,1534.73980518,973.08990040,205.71999781,767.36990259,0.21140904,-0.09241880,-0.05089582,-0.03481143
2022-09-09,0.03980506,0.00000000,0.00841515,427.81739027,1534.73980518,981.27859773,213.90869514,767.36990259,0.21798977,-0.05629248,-0.05089582,-0.02668922
2022-09-10,0.01409060,-0.00336126,0.00044307,433.84559504,1529.58114991,981.71337247,216.92279752,764.79057495,0.22096347,-0.04299507,-0.05408600,-0.02625798
2022-09-11,0.00752444,-0.01378039,-0.00907280,437.11003815,1508.50292416,972.80648115,218.55501907,754.25146208,0.22466444,-0.03579415,-0.06712106,-0.03509255
2022-09-12,0.02593267,0.00000000,0.00582615,448.44546638,1508.50292416,978.47419527,224.22273319,754.25146208,0.22915549,-0.01078972,-0.06712106,-0.02947085
2022-09-13,-0.01147607,0.00000000,-0.00262980,443.29907582,1508.50292416,975.90099999,221.64953791,754.25146208,0.22712297,-0.02214197,-0.06712106,-0.03202315
2022-09-14,0.00000000,0.00000000,0.00000000,443.29907582,1508.50292416,975.90099999,221.64953791,754.25146208,0.22712297,-0.02214197,-0.06712106,-0.03202315
2022-09-15,0.00000000,0.00000000,0.00000000,443.29907582,1508.50292416,975.90099999,221.64953791,754.25146208,0.22712297,-0.02214197,-0.06712106,-0.03202315
2022-09-16,0.00000000,0.00000000,0.00000000,443.29907582,1508.50292416,975.90099999,221.64953791,754.25146208,0.22712297,-0.02214197,-0.06712106,-0.03202315
2022-09-17,0.00000000,0.00000000,0.00000000,443.29907582,1508.50292416,975.90099999,221.64953791,754.25146208,0.22712297,-0.02214197,-0.06712106,-0.03202315
2022-09-18,0.00000000,0.00000000,0.00000000,443.29907582,1508.50292416,975.90099999,221.64953791,754.25146208,0.22712297,-0.02214197,-0.06712106,-0.03202315
2022-09-19,0.00000000,0.00000000,0.00000000,443.29907582,1508.50292416,975.90099999,221.64953791,754.25146208,0.22712297,-0.02214197,-0.06712106,-0.03202315
2022-09-20,0.00000000,0.00000000,0.00000000,443.29907582,1508.50292416,975.90099999,221.64953791,754.25146208,0.22712297,-0.02214197,-0.06712106,-0.03202315
2022-09-21,0.00000000,-0.05704646,-0.04408990,443.29907582,1422.44817551,932.87362566,221.64953791,711.22408776,0.23759868,-0.02214197,-0.12033850,-0.07470115
2022-09-22,0.00000000,0.00000000,0.00000000,443.29907582,1422.44817551,932.87362566,221.64953791,711.22408776,0.23759868,-0.02214197,-0.12033850,-0.07470115
2022-09-23,0.00000000,0.00000000,0.00000000,443.29907582,1422.44817551,932.87362566,221.64953791,711.22408776,0.23759868,-0.02214197,-0.12033850,-0.07470115
2022-09-24,0.00000000,0.00000000,0.00000000,443.29907582,1422.44817551,932.87362566,221.64953791,711.22408776,0.23759868,-0.02214197,-0.12033850,-0.07470115
2022-09-25,0.00000000,0.00000000,0.00000000,443.29907582,1422.44817551,932.87362566,221.64953791,711.22408776,0.23759868,-0.02214197,-0.12033850,-0.07470115
2022-09-26,0.00143230,-0.00754461,-0.00541171,443.93401349,1411.71635351,927.82518350,221.96700674,705.85817676,0.23923365,-0.02074138,-0.12697521,-0.07970860
2022-09-27,0.02591565,0.00536011,0.01027769,455.43885252,1419.28330653,937.36107952,227.71942626,709.64165326,0.24293672,0.00000000,-0.12229570,-0.07025014
2022-09-28,0.00000000,-0.00883878,-0.00669152,455.43885252,1406.73856846,931.08871049,227.71942626,703.36928423,0.24457329,0.00000000,-0.13005354,-0.07647158
2022-09-29,0.00000000,0.00000000,0.00000000,455.43885252,1406.73856846,931.08871049,227.71942626,703.36928423,0.24457329,0.00000000,-0.13005354,-0.07647158
2022-09-30,0.00000000,-0.00500534,-0.00378117,455.43885252,1399.69736782,927.56811017,227.71942626,699.84868391,0.24550157,0.00000000,-0.13440791,-0.07996359
2022-10-01,0.00000000,0.00000000,0.00000000,455.43885252,1399.69736782,927.56811017,227.71942626,699.84868391,0.24550157,0.00000000,-0.13440791,-0.07996359
2022-10-02,-0.01045740,-0.00143788,-0.00365219,450.67614654,1397.68477253,924.18045953,225.33807327,698.84238627,0.24382475,-0.01045740,-0.13565253,-0.08332373
2022-10-03,-0.00678076,-0.01397955,-0.01222431,447.62021957,1378.14576899,912.88299428,223.81010979,689.07288450,0.24516845,-0.01716725,-0.14773572,-0.09452946
2022-10-04,-0.00192254,0.00000000,-0.00047135,446.75965306,1378.14576899,912.45271102,223.37982653,689.07288450,0.24481250,-0.01905678,-0.14773572,-0.09495625
2022-10-05,-0.01166211,-0.01188025,-0.01182685,441.54949213,1361.77305111,901.66127162,220.77474607,680.88652555,0.24485331,-0.03049665,-0.15786083,-0.10566007
2022-10-06,-0.01422176,0.00000000,-0.00348224,435.26988165,1361.77305111,898.52146638,217.63494082,680.88652555,0.24221451,-0.04428470,-0.15786083,-0.10877438
2022-10-07,0.01223766,0.00410433,0.00607434,440.59656696,1367.36221248,903.97938972,220.29828348,683.68110624,0.24369835,-0.03258898,-0.15440442,-0.10336077
2022-10-08,0.00559298,0.01163346,0.01016141,443.06081539,1383.26937231,913.16509385,221.53040769,691.63468616,0.24259623,-0.02717826,-0.14456721,-0.09424965
2022-10-09,-0.01194660,-0.01365041,-0.01323707,437.76774640,1364.38717314,901.07745977,218.88387320,682.19358657,0.24291349,-0.03880017,-0.15624422,-0.10623914
2022-10-10,-0.01009099,-0.01236084,-0.01180947,433.35023652,1347.52219610,890.43621631,216.67511826,673.76109805,0.24333592,-0.04849963,-0.16667376,-0.11679398
2022-10-11,0.00377826,0.00768034,0.00673083,434.98754510,1357.87162862,896.42958686,217.49377255,678.93581431,0.24262226,-0.04490462,-0.16027353,-0.11084927
2022-10-12,-0.00512327,-0.01986248,-0.01628642,432.75898619,1330.90092452,881.82995536,216.37949310,665.45046226,0.24537553,-0.04979783,-0.17695258,-0.12533036
2022-10-13,-0.00208270,-0.00948194,-0.00766635,431.85767965,1318.28139917,875.06953941,215.92883983,659.14069958,0.24675621,-0.05177681,-0.18475667,-0.13203588
2022-10-14,0.00000000,-0.01875864,-0.01412983,431.85767965,1293.55222684,862.70495325,215.92883983,646.77611342,0.25029280,-0.05177681,-0.20004953,-0.14430007
2022-10-15,0.00000000,0.00000000,0.00000000,431.85767965,1293.55222684,862.70495325,215.92883983,646.77611342,0.25029280,-0.05177681,-0.20004953,-0.14430007
2022-10-16,0.00000000,0.00000000,0.00000000,431.85767965,1293.55222684,862.70495325,215.92883983,646.77611342,0.25029280,-0.05177681,-0.20004953,-0.14430007
2022-10-17,0.00000000,0.00000000,0.00000000,431.85767965,1293.55222684,862.70495325,215.92883983,646.77611342,0.25029280,-0.05177681,-0.20004953,-0.14430007
2022-10-18,-0.00791913,-0.01411626,-0.01256516,428.43774169,1275.29211298,851.86492734,214.21887085,637.64605649,0.25147047,-0.05928592,-0.21134183,-0.15505207
2022-10-19,0.00000000,0.00000000,0.00000000,428.43774169,1275.29211298,851.86492734,214.21887085,637.64605649,0.25147047,-0.05928592,-0.21134183,-0.15505207
2022-10-20,-0.00906854,0.00000000,-0.00228047,424.55243714,1275.29211298,849.92227506,212.27621857,637.64605649,0.24975957,-0.06781682,-0.21134183,-0.15697895
2022-10-21,-0.00904790,0.00000000,-0.00225980,420.71112923,1275.29211298,848.00162110,210.35556461,637.64605649,0.24806033,-0.07625112,-0.21134183,-0.15888401
2022-10-22,0.00000000,0.00000000,0.00000000,420.71112923,1275.29211298,848.00162110,210.35556461,637.64605649,0.24806033,-0.07625112,-0.21134183,-0.15888401
2022-10-23,0.01680392,0.02627557,0.02392603,427.78072695,1308.80114247,868.29093471,213.89036347,654.40057123,0.24633490,-0.06072852,-0.19061939,-0.13875944
2022-10-24,-0.01439717,-0.02582741,-0.02301174,421.62189711,1274.99819802,848.31004757,210.81094855,637.49909901,0.24850696,-0.07425136,-0.21152359,-0.15857809
2022-10-25,-0.00134530,0.02153356,0.01584801,421.05468931,1302.45344993,861.75406962,210.52734465,651.22672496,0.24430096,-0.07549677,-0.19454489,-0.14524323
2022-10-26,0.03426644,0.07289439,0.06345754,435.48273533,1397.39499630,916.43886581,217.74136766,698.69749815,0.23759508,-0.04381734,-0.13583173,-0.09100247
2022-10-27,-0.02268814,-0.02226785,-0.02236771,425.60244192,1366.27801293,895.94022742,212.80122096,683.13900646,0.23751721,-0.06551134,-0.15507490,-0.11133466
2022-10-28,0.00000000,0.00000000,0.00000000,425.60244192,1366.27801293,895.94022742,212.80122096,683.13900646,0.23751721,-0.06551134,-0.15507490,-0.11133466
2022-10-29,0.00000000,0.00000000,0.00000000,425.60244192,1366.27801293,895.94022742,212.80122096,683.13900646,0.23751721,-0.06551134,-0.15507490,-0.11133466
2022-10-30,0.00000000,0.00000000,0.00000000,425.60244192,1366.27801293,895.94022742,212.80122096,683.13900646,0.23751721,-0.06551134,-0.15507490,-0.11133466
2022-10-31,0.00000000,-0.01574745,-0.01200716,425.60244192,1344.76261183,885.18252687,212.80122096,672.38130592,0.24040377,-0.06551134,-0.16838032,-0.12200501
2022-11-01,0.00000000,0.00000000,0.00000000,425.60244192,1344.76261183,885.18252687,212.80122096,672.38130592,0.24040377,-0.06551134,-0.16838032,-0.12200501
2022-11-02,0.00000000,0.00000000,0.00000000,425.60244192,1344.76261183,885.18252687,212.80122096,672.38130592,0.24040377,-0.06551134,-0.16838032,-0.12200501
2022-11-03,0.00000000,0.00000000,0.00000000,425.60244192,1344.76261183,885.18252687,212.80122096,672.38130592,0.24040377,-0.06551134,-0.16838032,-0.12200501
2022-11-04,0.01848064,0.02132384,0.02064032,433.46784566,1373.43811171,903.45297869,216.73392283,686.71905586,0.23989508,-0.04824140,-0.15064700,-0.10388291
2022-11-05,0.00699973,-0.01082688,-0.00655037,436.50200565,1358.56805618,897.53503091,218.25100282,679.28402809,0.24316711,-0.04157934,-0.15984285,-0.10975280
2022-11-06,-0.00561422,-0.00828062,-0.00763224,434.05138945,1347.31826771,890.68482858,217.02569473,673.65913386,0.24366160,-0.04696012,-0.16679987,-0.11654738
2022-11-07,0.00000000,0.00000000,0.00000000,434.05138945,1347.31826771,890.68482858,217.02569473,673.65913386,0.24366160,-0.04696012,-0.16679987,-0.11654738
2022-11-08,0.00000000,0.00000000,0.00000000,434.05138945,1347.31826771,890.68482858,217.02569473,673.65913386,0.24366160,-0.04696012,-0.16679987,-0.11654738
2022-11-09,0.00000000,0.00000000,0.00000000,434.05138945,1347.31826771,890.68482858,217.02569473,673.65913386,0.24366160,-0.04696012,-0.16679987,-0.11654738
2022-11-10,0.00000000,0.00000000,0.00000000,434.05138945,1347.31826771,890.68482858,217.02569473,673.65913386,0.24366160,-0.04696012,-0.16679987,-0.11654738
2022-11-11,0.00000000,0.00000000,0.00000000,434.05138945,1347.31826771,890.68482858,217.02569473,673.65913386,0.24366160,-0.04696012,-0.16679987,-0.11654738
2022-11-12,0.00000000,0.00000000,0.00000000,434.05138945,1347.31826771,890.68482858,217.02569473,673.65913386,0.24366160,-0.04696012,-0.16679987,-0.11654738
2022-11-13,0.00000000,0.00000000,0.00000000,434.05138945,1347.31826771,890.68482858,217.02569473,673.65913386,0.24366160,-0.04696012,-0.16679987,-0.11654738
2022-11-14,0.00000000,0.00000000,0.00000000,434.05138945,1347.31826771,890.68482858,217.02569473,673.65913386,0.24366160,-0.04696012,-0.16679987,-0.11654738
2022-11-15,0.00000000,0.00000000,0.00000000,434.05138945,1347.31826771,890.68482858,217.02569473,673.65913386,0.24366160,-0.04696012,-0.16679987,-0.11654738
2022-11-16,0.00000000,0.00000000,0.00000000,434.05138945,1347.31826771,890.68482858,217.02569473,673.65913386,0.24366160,-0.04696012,-0.16679987,-0.11654738
2022-11-17,0.00000000,0.00000000,0.00000000,434.05138945,1347.31826771,890.68482858,217.02569473,673.65913386,0.24366160,-0.04696012,-0.16679987,-0.11654738
2022-11-18,0.00000000,0.00000000,0.00000000,434.05138945,1347.31826771,890.68482858,217.02569473,673.65913386,0.24366160,-0.04696012,-0.16679987,-0.11654738
2022-11-19,0.00000000,0.00000000,0.00000000,434.05138945,1347.31826771,890.68482858,217.02569473,673.65913386,0.24366160,-0.04696012,-0.16679987,-0.11654738
2022-11-20,0.00000000,0.00000000,0.00000000,434.05138945,1347.31826771,890.68482858,217.02569473,673.65913386,0.24366160,-0.04696012,-0.16679987,-0.11654738
2022-11-21,0.00000000,0.00000000,0.00000000,434.05138945,1347.31826771,890.68482858,217.02569473,673.65913386,0.24366160,-0.04696012,-0.16679987,-0.11654738
2022-11-22,0.00000000,0.00000000,0.00000000,434.05138945,1347.31826771,890.68482858,217.02569473,673.65913386,0.24366160,-0.04696012,-0.16679987,-0.11654738
2022-11-23,0.00000000,0.00000000,0.00000000,434.05138945,1347.31826771,890.68482858,217.02569473,673.65913386,0.24366160,-0.04696012,-0.16679987,-0.11654738
2022-11-24,0.00000000,0.00000000,0.00000000,434.05138945,1347.31826771,890.68482858,217.02569473,673.65913386,0.24366160,-0.04696012,-0.16679987,-0.11654738
2022-11-25,0.00000000,0.00000000,0.00000000,434.05138945,1347.31826771,890.68482858,217.02569473,673.65913386,0.24366160,-0.04696012,-0.16679987,-0.11654738
2022-11-26,-0.00298380,0.00484612,0.00293827,432.75626797,1353.84752700,893.30189749,216.37813399,676.92376350,0.24222285,-0.04980380,-0.16276209,-0.11395157
2022-11-27,0.00000000,0.00000000,0.00000000,432.75626797,1353.84752700,893.30189749,216.37813399,676.92376350,0.24222285,-0.04980380,-0.16276209,-0.11395157
2022-11-28,0.00000000,0.00000000,0.00000000,432.75626797,1353.84752700,893.30189749,216.37813399,676.92376350,0.24222285,-0.04980380,-0.16276209,-0.11395157
2022-11-29,0.00000000,0.00000000,0.00000000,432.75626797,1353.84752700,893.30189749,216.37813399,676.92376350,0.24222285,-0.04980380,-0.16276209,-0.11395157
2022-11-30,0.00000000,0.01593675,0.01207650,432.75626797,1375.42345559,904.08986178,216.37813399,687.71172779,0.23933255,-0.04980380,-0.14941924,-0.10325120
2022-12-01,0.00000000,-0.02127727,-0.01618492,432.75626797,1346.15820530,889.45723664,216.37813399,673.07910265,0.24326986,-0.04980380,-0.16751727,-0.11776501
2022-12-02,-0.00759646,0.00000000,-0.00184799,429.46885247,1346.15820530,887.81352889,214.73442624,673.07910265,0.24186884,-0.05702192,-0.16751727,-0.11939537
2022-12-03,0.00000000,0.02692138,0.02040993,429.46885247,1382.39863610,905.93374429,214.73442624,691.19931805,0.23703105,-0.05702192,-0.14510569,-0.10142229
2022-12-04,0.00000000,-0.02214995,-0.01689972,429.46885247,1351.77857940,890.62371594,214.73442624,675.88928970,0.24110567,-0.05702192,-0.16404155,-0.11660800
2022-12-05,-0.00259213,0.00504602,0.00320442,428.35561518,1358.59968665,893.47765091,214.17780759,679.29984333,0.23971255,-0.05946624,-0.15982329,-0.11377724
2022-12-06,-0.00694431,-0.00422617,-0.00487774,425.38097979,1352.85801522,889.11949750,212.69048989,676.42900761,0.23921474,-0.06599760,-0.16337401,-0.11810001
2022-12-07,0.01474967,-0.00174311,0.00220220,431.65521074,1350.49982952,891.07752013,215.82760537,675.24991476,0.24220968,-0.05222137,-0.16483235,-0.11615788
2022-12-08,-0.00461009,-0.01741261,-0.01431171,429.66523965,1326.98410670,878.32467318,214.83261983,663.49205335,0.24459363,-0.05659072,-0.17937479,-0.12880718
2022-12-09,0.00000000,-0.00765745,-0.00578449,429.66523965,1316.82278800,873.24401383,214.83261983,658.41139400,0.24601671,-0.05659072,-0.18565869,-0.13384658
2022-12-10,0.00000000,0.00000000,0.00000000,429.66523965,1316.82278800,873.24401383,214.83261983,658.41139400,0.24601671,-0.05659072,-0.18565869,-0.13384658
2022-12-11,0.00077721,0.00185660,0.00159106,429.99917933,1319.26760729,874.63339331,214.99958967,659.63380364,0.24581681,-0.05585749,-0.18414678,-0.13246848
2022-12-12,-0.00494469,-0.00334311,-0.00373681,427.87296822,1314.85714500,871.36505661,213.93648411,657.42857250,0.24551878,-0.06052598,-0.18687427,-0.13571028
2022-12-13,0.01922984,0.00000000,0.00472129,436.10089862,1314.85714500,875.47902181,218.05044931,657.42857250,0.24906416,-0.04246004,-0.18687427,-0.13162972
2022-12-14,0.00827131,0.00000000,0.00206009,439.70802437,1314.85714500,877.28258469,219.85401219,657.42857250,0.25060798,-0.03453993,-0.18687427,-0.12984080
2022-12-15,0.00000000,0.00000000,0.00000000,439.70802437,1314.85714500,877.28258469,219.85401219,657.42857250,0.25060798,-0.03453993,-0.18687427,-0.12984080
2022-12-16,0.03419887,0.06205100,0.05507104,454.74554117,1396.44535139,925.59544628,227.37277058,698.22267569,0.24565027,-0.00152229,-0.13641901,-0.08192023
2022-12-17,-0.00830563,-0.01537996,-0.01364215,450.96859470,1374.96807659,912.96833565,225.48429735,687.48403830,0.24697932,-0.00981528,-0.14970085,-0.09444482
2022-12-18,-0.00014426,0.00315016,0.00233651,450.90353935,1379.29945026,915.10149481,225.45176968,689.64972513,0.24636805,-0.00995812,-0.14702227,-0.09232898
2022-12-19,-0.00561558,0.01167262,0.00741336,448.37145352,1395.39948311,921.88546832,224.18572676,697.69974156,0.24318176,-0.01551778,-0.13706579,-0.08560009
2022-12-20,0.00000000,-0.03718789,-0.02814448,448.37145352,1343.50751371,895.93948362,224.18572676,671.75375685,0.25022418,-0.01551778,-0.16915649,-0.11133540
2022-12-21,0.00000000,0.00248478,0.00186303,448.37145352,1346.84584073,897.60864713,224.18572676,673.42292036,0.24975888,-0.01551778,-0.16709203,-0.10967979
2022-12-22,-0.00478162,-0.00308259,-0.00350694,446.22751346,1342.69406060,894.46078703,223.11375673,671.34703030,0.24943939,-0.02022519,-0.16965954,-0.11280209
2022-12-23,0.00000000,-0.00179391,-0.00134643,446.22751346,1340.28539427,893.25645387,223.11375673,670.14269714,0.24977570,-0.02022519,-0.17114910,-0.11399664
2022-12-24,0.00000000,-0.00033105,-0.00024836,446.22751346,1339.84169258,893.03460302,223.11375673,669.92084629,0.24983775,-0.02022519,-0.17142349,-0.11421669
2022-12-25,-0.00314109,0.00149810,0.00033906,444.82587369,1341.84891452,893.33739410,222.41293684,670.92445726,0.24896857,-0.02330275,-0.17018219,-0.11391636
2022-12-26,0.00000000,-0.00755804,-0.00567633,444.82587369,1331.70716154,888.26651762,222.41293684,665.85358077,0.25038987,-0.02330275,-0.17645399,-0.11894606
2022-12-27,-0.00390555,0.01313692,0.00886966,443.08858619,1349.20168543,896.14513581,221.54429309,674.60084272,0.24721921,-0.02711729,-0.16563514,-0.11113141
2022-12-28,-0.00541788,0.01675632,0.01127443,440.68798639,1371.80934311,906.24866475,220.34399320,685.90467156,0.24313856,-0.03238825,-0.15165425,-0.10110992
2022-12-29,0.00000000,-0.00796285,-0.00602677,440.68798639,1360.88583001,900.78690820,220.34399320,680.44291500,0.24461278,-0.03238825,-0.15840950,-0.10652733
2022-12-30,-0.00096046,0.00038814,0.00005826,440.26472433,1361.41404631,900.83938532,220.13236217,680.70702315,0.24436361,-0.03331760,-0.15808285,-0.10647528
2022-12-31,0.00000000,0.00299529,0.00226335,440.26472433,1365.49187615,902.87830024,220.13236217,682.74593808,0.24381178,-0.03331760,-0.15556106,-0.10445292
2023-01-01,0.00000000,-0.00325713,-0.00246300,440.26472433,1361.04429490,900.65450961,220.13236217,680.52214745,0.24441377,-0.03331760,-0.15831151,-0.10665866
2023-01-02,0.00000000,-0.00199191,-0.00150506,440.26472433,1358.33321806,899.29897120,220.13236217,679.16660903,0.24478218,-0.03331760,-0.15998807,-0.10800319
2023-01-03,0.00000000,-0.00347326,-0.00262307,440.26472433,1353.61537471,896.94004952,220.13236217,676.80768736,0.24542595,-0.03331760,-0.16290565,-0.11034295
2023-01-04,-0.00453917,0.03021831,0.02168792,438.26628795,1394.51933924,916.39281359,219.13314397,697.25966962,0.23912578,-0.03770553,-0.13761008,-0.09104814
2023-01-05,0.00000000,-0.00450511,-0.00342782,438.26628795,1388.23687673,913.25158234,219.13314397,694.11843837,0.23994828,-0.03770553,-0.14149524,-0.09416387
2023-01-06,0.00727889,0.01431209,0.01262448,441.45638188,1408.10544189,924.78091188,220.72819094,704.05272094,0.23868160,-0.03070109,-0.12920825,-0.08272816
2023-01-07,-0.00029512,-0.00399656,-0.00311309,441.32610058,1402.47786505,921.90198282,220.66305029,701.23893253,0.23935630,-0.03098715,-0.13268842,-0.08558371
2023-01-08,-0.00446589,0.02064864,0.01463732,439.35518785,1431.43713125,935.39615955,219.67759392,715.71856563,0.23484979,-0.03531465,-0.11477961,-0.07219910
2023-01-09,0.00346688,0.02344117,0.01875021,440.87838010,1464.99169687,952.93503849,220.43919005,732.49584844,0.23132657,-0.03197020,-0.09402900,-0.05480264
2023-01-10,0.00000000,0.01153927,0.00886993,440.87838010,1481.89662689,961.38750350,220.43919005,740.94831345,0.22929276,-0.03197020,-0.08357476,-0.04641880
2023-01-11,0.02341935,0.02535474,0.02491097,451.20346375,1519.46973241,985.33659808,225.60173188,759.73486621,0.22895905,-0.00929958,-0.06033904,-0.02266417
2023-01-12,0.05150060,-0.00720846,0.00623352,474.44071506,1508.51670308,991.47870907,237.22035753,754.25835154,0.23925915,0.00000000,-0.06711254,-0.01657193
2023-01-13,0.05720314,0.00000000,0.01368637,501.58021333,1508.51670308,1005.04845820,250.79010666,754.25835154,0.24953036,0.00000000,-0.06711254,-0.00311237
2023-01-14,0.05164854,0.03079028,0.03599505,527.48609804,1554.96434771,1041.22522288,263.74304902,777.48217385,0.25330067,0.00000000,-0.03838868,0.00000000
2023-01-15,-0.00357959,0.00000000,-0.00090671,525.59791403,1554.96434771,1040.28113087,262.79895701,777.48217385,0.25262302,-0.00357959,-0.03838868,-0.00090671
2023-01-16,0.00889544,-0.01617265,-0.00983988,530.27333870,1529.81644741,1030.04489306,265.13666935,764.90822371,0.25740302,0.00000000,-0.05394049,-0.01073767
2023-01-17,-0.00259684,-0.01314915,-0.01043295,528.89630405,1509.70066485,1019.29848445,264.44815203,754.85033243,0.25944133,-0.00259684,-0.06638036,-0.02105859
2023-01-18,-0.00541847,0.00000000,-0.00140578,526.03049340,1509.70066485,1017.86557913,263.01524670,754.85033243,0.25839880,-0.00800124,-0.06638036,-0.02243477
2023-01-19,0.00000000,0.00000000,0.00000000,526.03049340,1509.70066485,1017.86557913,263.01524670,754.85033243,0.25839880,-0.00800124,-0.06638036,-0.02243477
2023-01-20,0.00000000,0.00000000,0.00000000,526.03049340,1509.70066485,1017.86557913,263.01524670,754.85033243,0.25839880,-0.00800124,-0.06638036,-0.02243477
2023-01-21,-0.02136289,-0.02659170,-0.02524058,514.79296154,1469.55516516,992.17406335,257.39648077,734.77758258,0.25942674,-0.02919320,-0.09120689,-0.04710908
2023-01-22,0.00000000,0.00000000,0.00000000,514.79296154,1469.55516516,992.17406335,257.39648077,734.77758258,0.25942674,-0.02919320,-0.09120689,-0.04710908
2023-01-23,0.00000000,0.00000000,0.00000000,514.79296154,1469.55516516,992.17406335,257.39648077,734.77758258,0.25942674,-0.02919320,-0.09120689,-0.04710908
2023-01-24,0.00000000,0.00000000,0.00000000,514.79296154,1469.55516516,992.17406335,257.39648077,734.77758258,0.25942674,-0.02919320,-0.09120689,-0.04710908
2023-01-25,0.00539642,0.00000000,0.00139998,517.57100178,1469.55516516,993.56308347,258.78550089,734.77758258,0.26046207,-0.02395432,-0.09120689,-0.04577505
2023-01-26,-0.00190942,0.00000000,-0.00049733,516.58274304,1469.55516516,993.06895410,258.29137152,734.77758258,0.26009410,-0.02581800,-0.09120689,-0.04624962
2023-01-27,-0.01472314,0.00000000,-0.00382940,508.97702368,1469.55516516,989.26609442,254.48851184,734.77758258,0.25724981,-0.04016101,-0.09120689,-0.04990191
2023-01-28,0.00000000,0.00000000,0.00000000,508.97702368,1469.55516516,989.26609442,254.48851184,734.77758258,0.25724981,-0.04016101,-0.09120689,-0.04990191
2023-01-29,0.00000000,-0.00182221,-0.00135345,508.97702368,1466.87732921,987.92717645,254.48851184,733.43866461,0.25759845,-0.04016101,-0.09286290,-0.05118782
2023-01-30,0.00000000,-0.01193553,-0.00886096,508.97702368,1449.36936528,979.17319448,254.48851184,724.68468264,0.25990143,-0.04016101,-0.10369007,-0.05959520
2023-01-31,0.00000000,0.00000000,0.00000000,508.97702368,1449.36936528,979.17319448,254.48851184,724.68468264,0.25990143,-0.04016101,-0.10369007,-0.05959520
2023-02-01,0.00000000,0.00000000,0.00000000,508.97702368,1449.36936528,979.17319448,254.48851184,724.68468264,0.25990143,-0.04016101,-0.10369007,-0.05959520
2023-02-02,0.00000000,0.00000000,0.00000000,508.97702368,1449.36936528,979.17319448,254.48851184,724.68468264,0.25990143,-0.04016101,-0.10369007,-0.05959520
2023-02-03,0.00000000,0.00000000,0.00000000,508.97702368,1449.36936528,979.17319448,254.48851184,724.68468264,0.25990143,-0.04016101,-0.10369007,-0.05959520
2023-02-04,0.00000000,-0.00978169,-0.00723941,508.97702368,1435.19208424,972.08455396,254.48851184,717.59604212,0.26179668,-0.04016101,-0.11245749,-0.06640318
2023-02-05,0.00000000,0.00000000,0.00000000,508.97702368,1435.19208424,972.08455396,254.48851184,717.59604212,0.26179668,-0.04016101,-0.11245749,-0.06640318
2023-02-06,0.00000000,0.00000000,0.00000000,508.97702368,1435.19208424,972.08455396,254.48851184,717.59604212,0.26179668,-0.04016101,-0.11245749,-0.06640318
2023-02-07,0.00000000,0.00000000,0.00000000,508.97702368,1435.19208424,972.08455396,254.48851184,717.59604212,0.26179668,-0.04016101,-0.11245749,-0.06640318
2023-02-08,0.00000000,0.00000000,0.00000000,508.97702368,1435.19208424,972.08455396,254.48851184,717.59604212,0.26179668,-0.04016101,-0.11245749,-0.06640318
2023-02-09,0.00000000,0.00000000,0.00000000,508.97702368,1435.19208424,972.08455396,254.48851184,717.59604212,0.26179668,-0.04016101,-0.11245749,-0.06640318
2023-02-10,0.00000000,0.00000000,0.00000000,508.97702368,1435.19208424,972.08455396,254.48851184,717.59604212,0.26179668,-0.04016101,-0.11245749,-0.06640318
2023-02-11,0.00000000,0.00000000,0.00000000,508.97702368,1435.19208424,972.08455396,254.48851184,717.59604212,0.26179668,-0.04016101,-0.11245749,-0.06640318
2023-02-12,0.00000000,0.00000000,0.00000000,508.97702368,1435.19208424,972.08455396,254.48851184,717.59604212,0.26179668,-0.04016101,-0.11245749,-0.06640318
2023-02-13,0.00000000,0.00000000,0.00000000,508.97702368,1435.19208424,972.08455396,254.48851184,717.59604212,0.26179668,-0.04016101,-0.11245749,-0.06640318
2023-02-14,-0.01168275,0.00016103,-0.00293964,503.03077126,1435.42318860,969.22697993,251.51538563,717.71159430,0.25950102,-0.05137458,-0.11231458,-0.06914762
2023-02-15,0.08246424,0.07666187,0.07816759,544.51282020,1545.46541271,1044.98911646,272.25641010,772.73270636,0.26053516,0.00000000,-0.04426295,0.00000000
2023-02-16,0.00530335,0.00342450,0.00391401,547.40056473,1550.75785707,1049.07921090,273.70028237,775.37892853,0.26089573,0.00000000,-0.04099003,0.00000000
2023-02-17,-0.03443001,-0.00309960,-0.01127357,528.55356047,1545.95112907,1037.25234477,264.27678023,772.97556453,0.25478543,-0.03443001,-0.04396258,-0.01127357
2023-02-18,0.00000000,-0.00132892,-0.00099033,528.55356047,1543.89668558,1036.22512302,264.27678023,771.94834279,0.25503800,-0.03443001,-0.04523308,-0.01225273
2023-02-19,0.00000000,-0.01469509,-0.01094729,528.55356047,1521.20898170,1024.88127109,264.27678023,760.60449085,0.25786087,-0.03443001,-0.05926346,-0.02306588
2023-02-20,0.00245662,0.00000000,0.00063347,529.85201819,1521.20898170,1025.53049995,264.92600909,760.60449085,0.25833070,-0.03205796,-0.05926346,-0.02244703
2023-02-21,-0.00202006,0.00000000,-0.00052184,528.78168603,1521.20898170,1024.99533387,264.39084301,760.60449085,0.25794346,-0.03401326,-0.05926346,-0.02295716
2023-02-22,0.00000000,0.00000000,0.00000000,528.78168603,1521.20898170,1024.99533387,264.39084301,760.60449085,0.25794346,-0.03401326,-0.05926346,-0.02295716
2023-02-23,0.00000000,0.00000000,0.00000000,528.78168603,1521.20898170,1024.99533387,264.39084301,760.60449085,0.25794346,-0.03401326,-0.05926346,-0.02295716
2023-02-24,0.00000000,0.00000000,0.00000000,528.78168603,1521.20898170,1024.99533387,264.39084301,760.60449085,0.25794346,-0.03401326,-0.05926346,-0.02295716
2023-02-25,0.00000000,0.00000000,0.00000000,528.78168603,1521.20898170,1024.99533387,264.39084301,760.60449085,0.25794346,-0.03401326,-0.05926346,-0.02295716
2023-02-26,0.00000000,0.00000000,0.00000000,528.78168603,1521.20898170,1024.99533387,264.39084301,760.60449085,0.25794346,-0.03401326,-0.05926346,-0.02295716
2023-02-27,-0.00347147,0.00000000,-0.00089544,526.94603571,1521.20898170,1024.07750871,263.47301786,760.60449085,0.25727840,-0.03736666,-0.05926346,-0.02383204
2023-02-28,0.00000000,0.00000000,0.00000000,526.94603571,1521.20898170,1024.07750871,263.47301786,760.60449085,0.25727840,-0.03736666,-0.05926346,-0.02383204
2023-03-01,-0.00468121,-0.01380951,-0.01146099,524.47929017,1500.20183411,1012.34056214,262.23964508,750.10091705,0.25904291,-0.04187295,-0.07225457,-0.03501990
2023-03-02,0.00000000,0.00000000,0.00000000,524.47929017,1500.20183411,1012.34056214,262.23964508,750.10091705,0.25904291,-0.04187295,-0.07225457,-0.03501990
2023-03-03,0.00000000,0.00000000,0.00000000,524.47929017,1500.20183411,1012.34056214,262.23964508,750.10091705,0.25904291,-0.04187295,-0.07225457,-0.03501990
2023-03-04,0.00000000,0.00000000,0.00000000,524.47929017,1500.20183411,1012.34056214,262.23964508,750.10091705,0.25904291,-0.04187295,-0.07225457,-0.03501990
2023-03-05,-0.00227753,0.00000000,-0.00058998,523.28477541,1500.20183411,1011.74330476,261.64238770,750.10091705,0.25860550,-0.04405510,-0.07225457,-0.03558922
2023-03-06,0.00000000,0.00000000,0.00000000,523.28477541,1500.20183411,1011.74330476,261.64238770,750.10091705,0.25860550,-0.04405510,-0.07225457,-0.03558922
2023-03-07,0.00000000,0.00000000,0.00000000,523.28477541,1500.20183411,1011.74330476,261.64238770,750.10091705,0.25860550,-0.04405510,-0.07225457,-0.03558922
2023-03-08,0.00000000,0.00000000,0.00000000,523.28477541,1500.20183411,1011.74330476,261.64238770,750.10091705,0.25860550,-0.04405510,-0.07225457,-0.03558922
2023-03-09,0.00000000,0.00000000,0.00000000,523.28477541,1500.20183411,1011.74330476,261.64238770,750.10091705,0.25860550,-0.04405510,-0.07225457,-0.03558922
2023-03-10,0.00000000,0.00000000,0.00000000,523.28477541,1500.20183411,1011.74330476,261.64238770,750.10091705,0.25860550,-0.04405510,-0.07225457,-0.03558922
2023-03-11,0.00000000,0.00000000,0.00000000,523.28477541,1500.20183411,1011.74330476,261.64238770,750.10091705,0.25860550,-0.04405510,-0.07225457,-0.03558922
2023-03-12,0.00640367,0.00000000,0.00165602,526.63571706,1500.20183411,1013.41877558,263.31785853,750.10091705,0.25983124,-0.03793355,-0.07225457,-0.03399213
2023-03-13,0.09137204,-0.02675147,0.00394070,574.75549534,1460.06922388,1017.41235961,287.37774767,730.03461194,0.28245946,0.00000000,-0.09707313,-0.03018538
2023-03-14,0.02235622,-0.02189711,-0.00939734,587.60485370,1428.09792570,1007.85138970,293.80242685,714.04896285,0.29151364,0.00000000,-0.11684462,-0.03929905
2023-03-15,-0.01544053,0.00000000,-0.00450112,578.53192414,1428.09792570,1003.31492492,289.26596207,714.04896285,0.28831024,-0.01544053,-0.11684462,-0.04362329
2023-03-16,0.02799892,0.00000000,0.00807237,594.73019106,1428.09792570,1011.41405838,297.36509553,714.04896285,0.29400926,0.00000000,-0.11684462,-0.03590306
2023-03-17,0.09648529,0.00000000,0.02836757,652.11290790,1428.09792570,1040.10541680,326.05645395,714.04896285,0.31348405,0.00000000,-0.11684462,-0.00855397
2023-03-18,-0.01770099,-0.00940324,-0.01200445,640.56986138,1414.66918026,1027.61952082,320.28493069,707.33459013,0.31167657,-0.01770099,-0.12514914,-0.02045574
2023-03-19,0.03982190,0.00000000,0.01241155,666.07856912,1414.66918026,1040.37387469,333.03928456,707.33459013,0.32011500,0.00000000,-0.12514914,-0.00829807
2023-03-20,-0.02383137,0.00000000,-0.00762878,650.20500144,1414.66918026,1032.43709085,325.10250072,707.33459013,0.31488844,-0.02383137,-0.12514914,-0.01586355
2023-03-21,0.00000000,0.00000000,0.00000000,650.20500144,1414.66918026,1032.43709085,325.10250072,707.33459013,0.31488844,-0.02383137,-0.12514914,-0.01586355
2023-03-22,0.00000000,0.00000000,0.00000000,650.20500144,1414.66918026,1032.43709085,325.10250072,707.33459013,0.31488844,-0.02383137,-0.12514914,-0.01586355
2023-03-23,0.00000000,0.00000000,0.00000000,650.20500144,1414.66918026,1032.43709085,325.10250072,707.33459013,0.31488844,-0.02383137,-0.12514914,-0.01586355
2023-03-24,0.00000000,0.00000000,0.00000000,650.20500144,1414.66918026,1032.43709085,325.10250072,707.33459013,0.31488844,-0.02383137,-0.12514914,-0.01586355
2023-03-25,0.00000000,0.00000000,0.00000000,650.20500144,1414.66918026,1032.43709085,325.10250072,707.33459013,0.31488844,-0.02383137,-0.12514914,-0.01586355
2023-03-26,0.00000000,0.00000000,0.00000000,650.20500144,1414.66918026,1032.43709085,325.10250072,707.33459013,0.31488844,-0.02383137,-0.12514914,-0.01586355
2023-03-27,0.00000000,0.00000000,0.00000000,650.20500144,1414.66918026,1032.43709085,325.10250072,707.33459013,0.31488844,-0.02383137,-0.12514914,-0.01586355
2023-03-28,0.00000000,-0.00585262,-0.00400970,650.20500144,1406.38965963,1028.29733053,325.10250072,703.19482981,0.31615613,-0.02383137,-0.13026931,-0.01980964
2023-03-29,0.00000000,0.00000000,0.00000000,650.20500144,1406.38965963,1028.29733053,325.10250072,703.19482981,0.31615613,-0.02383137,-0.13026931,-0.01980964
2023-03-30,-0.00587852,-0.01339384,-0.01101783,646.38275664,1387.55269781,1016.96772723,323.19137832,693.77634891,0.31779905,-0.02956980,-0.14191835,-0.03060921
2023-03-31,0.00000000,0.00713934,0.00487046,646.38275664,1397.45890150,1021.92082907,323.19137832,698.72945075,0.31625872,-0.02956980,-0.13579221,-0.02588783
2023-04-01,0.00000000,-0.00040094,-0.00027414,646.38275664,1396.89859977,1021.64067821,323.19137832,698.44929988,0.31634545,-0.02956980,-0.13613871,-0.02615487
2023-04-02,0.00000000,-0.01375208,-0.00940167,646.38275664,1377.68834291,1012.03554978,323.19137832,688.84417146,0.31934785,-0.02956980,-0.14801860,-0.03531064
2023-04-03,0.00000000,0.00000000,0.00000000,646.38275664,1377.68834291,1012.03554978,323.19137832,688.84417146,0.31934785,-0.02956980,-0.14801860,-0.03531064
2023-04-04,0.00000000,0.00000000,0.00000000,646.38275664,1377.68834291,1012.03554978,323.19137832,688.84417146,0.31934785,-0.02956980,-0.14801860,-0.03531064
2023-04-05,0.00000000,0.00000000,0.00000000,646.38275664,1377.68834291,1012.03554978,323.19137832,688.84417146,0.31934785,-0.02956980,-0.14801860,-0.03531064
2023-04-06,0.00000000,0.00000000,0.00000000,646.38275664,1377.68834291,1012.03554978,323.19137832,688.84417146,0.31934785,-0.02956980,-0.14801860,-0.03531064
2023-04-07,0.00000000,0.00000000,0.00000000,646.38275664,1377.68834291,1012.03554978,323.19137832,688.84417146,0.31934785,-0.02956980,-0.14801860,-0.03531064
2023-04-08,0.00000000,0.00000000,0.00000000,646.38275664,1377.68834291,1012.03554978,323.19137832,688.84417146,0.31934785,-0.02956980,-0.14801860,-0.03531064
2023-04-09,-0.00052057,0.00000000,-0.00016624,646.04627134,1377.68834291,1011.86730713,323.02313567,688.84417146,0.31923468,-0.03007498,-0.14801860,-0.03547101
2023-04-10,0.04631583,0.01403814,0.02434230,675.96844256,1397.02851848,1036.49848052,337.98422128,698.51425924,0.32608270,0.00000000,-0.13605837,-0.01199216
2023-04-11,0.02004100,-0.00185842,0.00528260,689.51552313,1394.43225253,1041.97388783,344.75776156,697.21612627,0.33086987,0.00000000,-0.13766393,-0.00677291
2023-04-12,-0.01433593,-0.01336709,-0.01368765,679.63067685,1375.79274940,1027.71171312,339.81533842,687.89637470,0.33065239,-0.01433593,-0.14919086,-0.02036786
2023-04-13,0.00000000,0.03262678,0.02183866,679.63067685,1420.68043255,1050.15555470,339.81533842,710.34021627,0.32358572,-0.01433593,-0.12143170,0.00000000
2023-04-14,0.00000000,0.04374647,0.02959074,679.63067685,1482.83018999,1081.23043342,339.81533842,741.41509499,0.31428577,-0.01433593,-0.08299744,0.00000000
2023-04-15,0.00000000,-0.00447332,-0.00306742,679.63067685,1476.19702083,1077.91384884,339.81533842,738.09851042,0.31525278,-0.01433593,-0.08709948,-0.00306742
2023-04-16,-0.00481463,0.01343240,0.00767997,676.35850459,1496.02588752,1086.19219605,338.17925229,748.01294376,0.31134384,-0.01908154,-0.07483703,0.00000000
2023-04-17,0.00000000,-0.00840300,-0.00578678,676.35850459,1483.45478234,1079.90664346,338.17925229,741.72739117,0.31315601,-0.01908154,-0.08261118,-0.00578678
2023-04-18,0.00000000,0.00000000,0.00000000,676.35850459,1483.45478234,1079.90664346,338.17925229,741.72739117,0.31315601,-0.01908154,-0.08261118,-0.00578678
2023-04-19,0.00000000,0.00000000,0.00000000,676.35850459,1483.45478234,1079.90664346,338.17925229,741.72739117,0.31315601,-0.01908154,-0.08261118,-0.00578678
2023-04-20,0.00000000,0.00000000,0.00000000,676.35850459,1483.45478234,1079.90664346,338.17925229,741.72739117,0.31315601,-0.01908154,-0.08261118,-0.00578678
2023-04-21,0.00000000,0.00000000,0.00000000,676.35850459,1483.45478234,1079.90664346,338.17925229,741.72739117,0.31315601,-0.01908154,-0.08261118,-0.00578678
2023-04-22,0.00000000,0.00000000,0.00000000,676.35850459,1483.45478234,1079.90664346,338.17925229,741.72739117,0.31315601,-0.01908154,-0.08261118,-0.00578678
2023-04-23,0.00000000,0.00000000,0.00000000,676.35850459,1483.45478234,1079.90664346,338.17925229,741.72739117,0.31315601,-0.01908154,-0.08261118,-0.00578678
2023-04-24,0.00000000,0.00000000,0.00000000,676.35850459,1483.45478234,1079.90664346,338.17925229,741.72739117,0.31315601,-0.01908154,-0.08261118,-0.00578678
2023-04-25,0.00000000,0.00000000,0.00000000,676.35850459,1483.45478234,1079.90664346,338.17925229,741.72739117,0.31315601,-0.01908154,-0.08261118,-0.00578678
2023-04-26,-0.01327003,-0.01320095,-0.01322258,667.38320749,1463.87177554,1065.62749152,333.69160375,731.93588777,0.31314095,-0.03209836,-0.09472158,-0.01893284
2023-04-27,-0.02746185,0.00000000,-0.00859943,649.05563315,1463.87177554,1056.46370435,324.52781658,731.93588777,0.30718312,-0.05867872,-0.09472158,-0.02736946
2023-04-28,0.00000000,0.00000000,0.00000000,649.05563315,1463.87177554,1056.46370435,324.52781658,731.93588777,0.30718312,-0.05867872,-0.09472158,-0.02736946
2023-04-29,0.00000000,0.00000000,0.00000000,649.05563315,1463.87177554,1056.46370435,324.52781658,731.93588777,0.30718312,-0.05867872,-0.09472158,-0.02736946
2023-04-30,-0.00673113,-0.00728543,-0.00711516,644.68675331,1453.20684348,1048.94679839,322.34337665,726.60342174,0.30730193,-0.06501488,-0.10131692,-0.03428988
2023-05-01,0.00000000,0.00000000,0.00000000,644.68675331,1453.20684348,1048.94679839,322.34337665,726.60342174,0.30730193,-0.06501488,-0.10131692,-0.03428988
2023-05-02,0.00000000,0.00000000,0.00000000,644.68675331,1453.20684348,1048.94679839,322.34337665,726.60342174,0.30730193,-0.06501488,-0.10131692,-0.03428988
2023-05-03,0.00000000,0.00000000,0.00000000,644.68675331,1453.20684348,1048.94679839,322.34337665,726.60342174,0.30730193,-0.06501488,-0.10131692,-0.03428988
2023-05-04,0.00000000,0.00000000,0.00000000,644.68675331,1453.20684348,1048.94679839,322.34337665,726.60342174,0.30730193,-0.06501488,-0.10131692,-0.03428988
2023-05-05,-0.01207343,0.04806478,0.02958419,636.90317132,1523.05491620,1079.97904376,318.45158566,761.52745810,0.29486830,-0.07630336,-0.05812191,-0.00572012
2023-05-06,-0.01052661,-0.05524616,-0.04205979,630.19873719,1438.91197574,1034.55535647,315.09936860,719.45598787,0.30457468,-0.08602676,-0.11015706,-0.04753932
2023-05-07,0.00000000,0.00000000,0.00000000,630.19873719,1438.91197574,1034.55535647,315.09936860,719.45598787,0.30457468,-0.08602676,-0.11015706,-0.04753932
2023-05-08,0.00000000,0.00000000,0.00000000,630.19873719,1438.91197574,1034.55535647,315.09936860,719.45598787,0.30457468,-0.08602676,-0.11015706,-0.04753932
2023-05-09,0.00000000,0.00000000,0.00000000,630.19873719,1438.91197574,1034.55535647,315.09936860,719.45598787,0.30457468,-0.08602676,-0.11015706,-0.04753932
2023-05-10,0.00000000,0.00000000,0.00000000,630.19873719,1438.91197574,1034.55535647,315.09936860,719.45598787,0.30457468,-0.08602676,-0.11015706,-0.04753932
2023-05-11,0.00000000,0.00000000,0.00000000,630.19873719,1438.91197574,1034.55535647,315.09936860,719.45598787,0.30457468,-0.08602676,-0.11015706,-0.04753932
2023-05-12,0.00000000,0.00000000,0.00000000,630.19873719,1438.91197574,1034.55535647,315.09936860,719.45598787,0.30457468,-0.08602676,-0.11015706,-0.04753932
2023-05-13,0.00000000,0.00000000,0.00000000,630.19873719,1438.91197574,1034.55535647,315.09936860,719.45598787,0.30457468,-0.08602676,-0.11015706,-0.04753932
2023-05-14,0.00000000,0.00000000,0.00000000,630.19873719,1438.91197574,1034.55535647,315.09936860,719.45598787,0.30457468,-0.08602676,-0.11015706,-0.04753932
2023-05-15,-0.00942039,-0.00227466,-0.00445107,624.26202049,1435.63894447,1029.95048248,312.13101024,717.81947223,0.30305439,-0.09463674,-0.11218115,-0.05177879
2023-05-16,-0.01029693,-0.00815883,-0.00880679,617.83404095,1423.92580921,1020.87992508,308.91702047,711.96290460,0.30259878,-0.10395920,-0.11942471,-0.06012957
2023-05-17,-0.00806551,0.00000000,-0.00244061,612.85089422,1423.92580921,1018.38835172,306.42544711,711.96290460,0.30089253,-0.11118623,-0.11942471,-0.06242343
2023-05-18,-0.01129268,0.00000000,-0.00339788,605.93016597,1423.92580921,1014.92798759,302.96508298,711.96290460,0.29850895,-0.12122331,-0.11942471,-0.06560921
2023-05-19,0.00000000,0.00000000,0.00000000,605.93016597,1423.92580921,1014.92798759,302.96508298,711.96290460,0.29850895,-0.12122331,-0.11942471,-0.06560921
2023-05-20,0.00000000,0.00000000,0.00000000,605.93016597,1423.92580921,1014.92798759,302.96508298,711.96290460,0.29850895,-0.12122331,-0.11942471,-0.06560921
2023-05-21,0.00000000,0.00000000,0.00000000,605.93016597,1423.92580921,1014.92798759,302.96508298,711.96290460,0.29850895,-0.12122331,-0.11942471,-0.06560921
2023-05-22,0.00000000,-0.00667974,-0.00468578,605.93016597,1414.41435159,1010.17225878,302.96508298,707.20717579,0.29991428,-0.12122331,-0.12530673,-0.06998756
2023-05-23,0.00000000,0.01175731,0.00823112,605.93016597,1431.04405368,1018.48710982,302.96508298,715.52202684,0.29746580,-0.12122331,-0.11502269,-0.06233251
2023-05-24,0.01830585,-0.01877404,-0.00774404,617.02223053,1404.17757292,1010.59990172,308.51111526,702.08878646,0.30527523,-0.10513656,-0.13163729,-0.06959385
2023-05-25,-0.01107178,0.00000000,-0.00337994,610.19069474,1404.17757292,1007.18413383,305.09534737,702.08878646,0.30291914,-0.11504430,-0.13163729,-0.07273857
2023-05-26,0.00000000,0.00000000,0.00000000,610.19069474,1404.17757292,1007.18413383,305.09534737,702.08878646,0.30291914,-0.11504430,-0.13163729,-0.07273857
2023-05-27,0.00000000,0.00000000,0.00000000,610.19069474,1404.17757292,1007.18413383,305.09534737,702.08878646,0.30291914,-0.11504430,-0.13163729,-0.07273857
2023-05-28,0.03886877,0.03727169,0.03775548,633.90805702,1456.51364752,1045.21085227,316.95402851,728.25682376,0.30324410,-0.08064716,-0.09927195,-0.03772937
2023-05-29,-0.00447549,-0.00840754,-0.00721517,631.07100802,1444.26795725,1037.66948264,315.53550401,722.13397863,0.30408093,-0.08476171,-0.10684485,-0.04467231
2023-05-30,0.00000000,0.00422355,0.00293925,631.07100802,1450.36789897,1040.71945350,315.53550401,725.18394949,0.30318978,-0.08476171,-0.10307256,-0.04186436
2023-05-31,0.00171292,-0.00510132,-0.00303531,632.15197913,1442.96911438,1037.56054675,316.07598956,721.48455719,0.30463378,-0.08319398,-0.10764807,-0.04477260
2023-06-01,0.00423825,-0.01043090,-0.00596218,634.83119806,1427.91765007,1031.37442406,317.41559903,713.95882503,0.30775981,-0.07930833,-0.11695610,-0.05046784
2023-06-02,-0.00875869,0.00000000,-0.00269557,629.27090695,1427.91765007,1028.59427851,314.63545347,713.95882503,0.30588878,-0.08737239,-0.11695610,-0.05302737
2023-06-03,0.00000000,0.00000000,0.00000000,629.27090695,1427.91765007,1028.59427851,314.63545347,713.95882503,0.30588878,-0.08737239,-0.11695610,-0.05302737
2023-06-04,0.00000000,0.00000000,0.00000000,629.27090695,1427.91765007,1028.59427851,314.63545347,713.95882503,0.30588878,-0.08737239,-0.11695610,-0.05302737
2023-06-05,0.02801035,0.00000000,0.00856805,646.89700405,1427.91765007,1037.40732706,323.44850202,713.95882503,0.31178544,-0.06180937,-0.11695610,-0.04491366
2023-06-06,-0.03577728,0.00000000,-0.01115483,623.75278914,1427.91765007,1025.83521960,311.87639457,713.95882503,0.30402192,-0.09537528,-0.11695610,-0.05556749
2023-06-07,0.00000000,0.00000000,0.00000000,623.75278914,1427.91765007,1025.83521960,311.87639457,713.95882503,0.30402192,-0.09537528,-0.11695610,-0.05556749
2023-06-08,0.00000000,0.00000000,0.00000000,623.75278914,1427.91765007,1025.83521960,311.87639457,713.95882503,0.30402192,-0.09537528,-0.11695610,-0.05556749
2023-06-09,-0.00086552,0.00000000,-0.00026314,623.21292006,1427.91765007,1025.56528506,311.60646003,713.95882503,0.30383874,-0.09615825,-0.11695610,-0.05581601
2023-06-10,0.01222049,0.02379635,0.02027915,630.82888554,1461.89687128,1046.36287841,315.41444277,730.94843564,0.30143887,-0.08511286,-0.09594289,-0.03666876
2023-06-11,0.00000000,-0.00585342,-0.00408897,630.82888554,1453.33977340,1042.08432947,315.41444277,726.66988670,0.30267651,-0.08511286,-0.10123471,-0.04060779
2023-06-12,0.00000000,0.00587952,0.00409993,630.82888554,1461.88470963,1046.35679758,315.41444277,730.94235481,0.30144062,-0.08511286,-0.09595041,-0.03667436
2023-06-13,0.00000000,-0.01073905,-0.00750186,630.82888554,1446.18545915,1038.50717234,315.41444277,723.09272957,0.30371908,-0.08511286,-0.10565904,-0.04390109
2023-06-14,0.02748145,0.02074523,0.02279115,648.16497677,1476.18691389,1062.17594533,324.08248838,738.09345694,0.30511187,-0.05997044,-0.08710573,-0.02211050
2023-06-15,-0.00935315,-0.00929900,-0.00931552,642.10259135,1462.45985561,1052.28122348,321.05129568,731.22992780,0.30510028,-0.06876267,-0.09559473,-0.03122005
2023-06-16,0.00000000,-0.02467075,-0.01714370,642.10259135,1426.37987502,1034.24123319,321.05129568,713.18993751,0.31042206,-0.06876267,-0.11790709,-0.04782852
2023-06-17,-0.00347360,0.00000000,-0.00107828,639.87218251,1426.37987502,1033.12602877,319.93609125,713.18993751,0.30967770,-0.07199742,-0.11790709,-0.04885523
2023-06-18,0.00000000,0.00000000,0.00000000,639.87218251,1426.37987502,1033.12602877,319.93609125,713.18993751,0.30967770,-0.07199742,-0.11790709,-0.04885523
2023-06-19,-0.01328612,-0.00979232,-0.01087427,631.37076645,1412.41230776,1021.89153710,315.68538323,706.20615388,0.30892259,-0.08432697,-0.12654482,-0.05919823
2023-06-20,0.04550323,0.00301061,0.01613754,660.10017824,1416.66453674,1038.38235749,330.05008912,708.33226837,0.31785025,-0.04266089,-0.12391518,-0.04401600
2023-06-21,0.05985270,0.05422105,0.05601107,699.60895436,1493.47757023,1096.54326229,349.80447718,746.73878512,0.31900654,0.00000000,-0.07641295,0.00000000
2023-06-22,-0.00888062,-0.00838495,-0.00854307,693.39599640,1480.95483597,1087.17541619,346.69799820,740.47741799,0.31889794,-0.00888062,-0.08415718,-0.00854307
2023-06-23,0.00000000,-0.01316588,-0.00896731,693.39599640,1461.45675964,1077.42637802,346.69799820,730.72837982,0.32178347,-0.00888062,-0.09621506,-0.01743377
2023-06-24,0.00000000,0.00000000,0.00000000,693.39599640,1461.45675964,1077.42637802,346.69799820,730.72837982,0.32178347,-0.00888062,-0.09621506,-0.01743377
2023-06-25,0.00000000,0.00000000,0.00000000,693.39599640,1461.45675964,1077.42637802,346.69799820,730.72837982,0.32178347,-0.00888062,-0.09621506,-0.01743377
2023-06-26,0.00000000,0.00000000,0.00000000,693.39599640,1461.45675964,1077.42637802,346.69799820,730.72837982,0.32178347,-0.00888062,-0.09621506,-0.01743377
2023-06-27,0.00000000,-0.00584522,-0.00396432,693.39599640,1452.91422399,1073.15511020,346.69799820,726.45711199,0.32306420,-0.00888062,-0.10149788,-0.02132898
2023-06-28,0.00000000,-0.00693457,-0.00469426,693.39599640,1442.83888207,1068.11743924,346.69799820,721.41944103,0.32458790,-0.00888062,-0.10772861,-0.02592312
2023-06-29,0.00000000,0.00000000,0.00000000,693.39599640,1442.83888207,1068.11743924,346.69799820,721.41944103,0.32458790,-0.00888062,-0.10772861,-0.02592312
2023-06-30,-0.01122845,0.00000000,-0.00364462,685.61023544,1442.83888207,1064.22455875,342.80511772,721.41944103,0.32211728,-0.02000935,-0.10772861,-0.02947326
2023-07-01,0.00000000,0.00000000,0.00000000,685.61023544,1442.83888207,1064.22455875,342.80511772,721.41944103,0.32211728,-0.02000935,-0.10772861,-0.02947326
2023-07-02,0.00000000,0.00000000,0.00000000,685.61023544,1442.83888207,1064.22455875,342.80511772,721.41944103,0.32211728,-0.02000935,-0.10772861,-0.02947326
2023-07-03,0.00711694,0.00000000,0.00229249,690.48968118,1442.83888207,1066.66428162,345.24484059,721.41944103,0.32366776,-0.01303481,-0.10772861,-0.02724834
2023-07-04,-0.01333780,0.00000000,-0.00431702,681.28006568,1442.83888207,1062.05947387,340.64003284,721.41944103,0.32073536,-0.02619876,-0.10772861,-0.03144772
2023-07-05,0.00000000,0.00000000,0.00000000,681.28006568,1442.83888207,1062.05947387,340.64003284,721.41944103,0.32073536,-0.02619876,-0.10772861,-0.03144772
2023-07-06,-0.00692452,0.00000000,-0.00222094,676.56253161,1442.83888207,1059.70070684,338.28126580,721.41944103,0.31922340,-0.03294186,-0.10772861,-0.03359882
2023-07-07,0.00000000,0.00000000,0.00000000,676.56253161,1442.83888207,1059.70070684,338.28126580,721.41944103,0.31922340,-0.03294186,-0.10772861,-0.03359882
2023-07-08,0.00000000,0.00000000,0.00000000,676.56253161,1442.83888207,1059.70070684,338.28126580,721.41944103,0.31922340,-0.03294186,-0.10772861,-0.03359882
2023-07-09,0.00000000,0.00000000,0.00000000,676.56253161,1442.83888207,1059.70070684,338.28126580,721.41944103,0.31922340,-0.03294186,-0.10772861,-0.03359882
2023-07-10,-0.00773041,-0.00786078,-0.00781916,671.33242379,1431.49704954,1051.41473667,335.66621190,715.74852477,0.31925196,-0.04041762,-0.11474255,-0.04115526
2023-07-11,0.00000000,0.00000000,0.00000000,671.33242379,1431.49704954,1051.41473667,335.66621190,715.74852477,0.31925196,-0.04041762,-0.11474255,-0.04115526
2023-07-12,0.00000000,0.00000000,0.00000000,671.33242379,1431.49704954,1051.41473667,335.66621190,715.74852477,0.31925196,-0.04041762,-0.11474255,-0.04115526
2023-07-13,0.01369818,0.05439484,0.04140235,680.52845390,1509.36309942,1094.94577666,340.26422695,754.68154971,0.31075897,-0.02727309,-0.06658912,-0.00145684
2023-07-14,-0.02759467,-0.03730658,-0.03428852,661.74949646,1453.05391696,1057.40170671,330.87474823,726.52695848,0.31291301,-0.05411517,-0.10141149,-0.03569540
2023-07-15,0.00000000,0.00000000,0.00000000,661.74949646,1453.05391696,1057.40170671,330.87474823,726.52695848,0.31291301,-0.05411517,-0.10141149,-0.03569540
2023-07-16,0.00000000,0.00000000,0.00000000,661.74949646,1453.05391696,1057.40170671,330.87474823,726.52695848,0.31291301,-0.05411517,-0.10141149,-0.03569540
2023-07-17,0.00000000,0.00000000,0.00000000,661.74949646,1453.05391696,1057.40170671,330.87474823,726.52695848,0.31291301,-0.05411517,-0.10141149,-0.03569540
2023-07-18,0.00000000,0.00000000,0.00000000,661.74949646,1453.05391696,1057.40170671,330.87474823,726.52695848,0.31291301,-0.05411517,-0.10141149,-0.03569540
2023-07-19,0.00000000,0.00000000,0.00000000,661.74949646,1453.05391696,1057.40170671,330.87474823,726.52695848,0.31291301,-0.05411517,-0.10141149,-0.03569540
2023-07-20,0.00000000,0.00000000,0.00000000,661.74949646,1453.05391696,1057.40170671,330.87474823,726.52695848,0.31291301,-0.05411517,-0.10141149,-0.03569540
2023-07-21,0.00000000,0.00000000,0.00000000,661.74949646,1453.05391696,1057.40170671,330.87474823,726.52695848,0.31291301,-0.05411517,-0.10141149,-0.03569540
2023-07-22,0.00000000,0.00000000,0.00000000,661.74949646,1453.05391696,1057.40170671,330.87474823,726.52695848,0.31291301,-0.05411517,-0.10141149,-0.03569540
2023-07-23,-0.00393372,0.00000000,-0.00123091,659.14636131,1453.05391696,1056.10013913,329.57318066,726.52695848,0.31206622,-0.05783601,-0.10141149,-0.03688238
2023-07-24,0.00000000,0.00000000,0.00000000,659.14636131,1453.05391696,1056.10013913,329.57318066,726.52695848,0.31206622,-0.05783601,-0.10141149,-0.03688238
2023-07-25,0.00000000,0.00000000,0.00000000,659.14636131,1453.05391696,1056.10013913,329.57318066,726.52695848,0.31206622,-0.05783601,-0.10141149,-0.03688238
2023-07-26,0.00000000,0.00000000,0.00000000,659.14636131,1453.05391696,1056.10013913,329.57318066,726.52695848,0.31206622,-0.05783601,-0.10141149,-0.03688238
2023-07-27,0.00000000,0.00000000,0.00000000,659.14636131,1453.05391696,1056.10013913,329.57318066,726.52695848,0.31206622,-0.05783601,-0.10141149,-0.03688238
2023-07-28,-0.00516548,0.00000000,-0.00161197,655.74155469,1453.05391696,1054.39773582,327.87077734,726.52695848,0.31095550,-0.06270274,-0.10141149,-0.03843490
2023-07-29,0.00000000,0.00000000,0.00000000,655.74155469,1453.05391696,1054.39773582,327.87077734,726.52695848,0.31095550,-0.06270274,-0.10141149,-0.03843490
2023-07-30,0.00000000,0.00000000,0.00000000,655.74155469,1453.05391696,1054.39773582,327.87077734,726.52695848,0.31095550,-0.06270274,-0.10141149,-0.03843490
2023-07-31,0.00000000,0.00000000,0.00000000,655.74155469,1453.05391696,1054.39773582,327.87077734,726.52695848,0.31095550,-0.06270274,-0.10141149,-0.03843490
2023-08-01,-0.00045000,0.00000000,-0.00013993,655.44647099,1453.05391696,1054.25019397,327.72323549,726.52695848,0.31085907,-0.06312453,-0.10141149,-0.03856945
2023-08-02,-0.00836571,0.00000000,-0.00260056,649.96319848,1453.05391696,1051.50855772,324.98159924,726.52695848,0.30906225,-0.07096215,-0.10141149,-0.04106970
2023-08-03,0.00000000,0.00000000,0.00000000,649.96319848,1453.05391696,1051.50855772,324.98159924,726.52695848,0.30906225,-0.07096215,-0.10141149,-0.04106970
2023-08-04,0.00000000,0.00000000,0.00000000,649.96319848,1453.05391696,1051.50855772,324.98159924,726.52695848,0.30906225,-0.07096215,-0.10141149,-0.04106970
2023-08-05,0.00000000,0.00000000,0.00000000,649.96319848,1453.05391696,1051.50855772,324.98159924,726.52695848,0.30906225,-0.07096215,-0.10141149,-0.04106970
2023-08-06,0.00000000,0.00000000,0.00000000,649.96319848,1453.05391696,1051.50855772,324.98159924,726.52695848,0.30906225,-0.07096215,-0.10141149,-0.04106970
2023-08-07,0.00000000,0.00000000,0.00000000,649.96319848,1453.05391696,1051.50855772,324.98159924,726.52695848,0.30906225,-0.07096215,-0.10141149,-0.04106970
2023-08-08,0.00000000,-0.00729877,-0.00504299,649.96319848,1442.44841635,1046.20580741,324.98159924,721.22420818,0.31062875,-0.07096215,-0.10797008,-0.04590558
2023-08-09,0.00000000,0.00000000,0.00000000,649.96319848,1442.44841635,1046.20580741,324.98159924,721.22420818,0.31062875,-0.07096215,-0.10797008,-0.04590558
2023-08-10,0.00000000,0.00000000,0.00000000,649.96319848,1442.44841635,1046.20580741,324.98159924,721.22420818,0.31062875,-0.07096215,-0.10797008,-0.04590558
2023-08-11,0.00000000,0.00000000,0.00000000,649.96319848,1442.44841635,1046.20580741,324.98159924,721.22420818,0.31062875,-0.07096215,-0.10797008,-0.04590558
2023-08-12,0.00000000,0.00000000,0.00000000,649.96319848,1442.44841635,1046.20580741,324.98159924,721.22420818,0.31062875,-0.07096215,-0.10797008,-0.04590558
2023-08-13,0.00000000,0.00000000,0.00000000,649.96319848,1442.44841635,1046.20580741,324.98159924,721.22420818,0.31062875,-0.07096215,-0.10797008,-0.04590558
2023-08-14,-0.00512749,0.00000000,-0.00159275,646.63051858,1442.44841635,1044.53946747,323.31525929,721.22420818,0.30952900,-0.07572578,-0.10797008,-0.04742521
2023-08-15,0.00000000,0.00000000,0.00000000,646.63051858,1442.44841635,1044.53946747,323.31525929,721.22420818,0.30952900,-0.07572578,-0.10797008,-0.04742521
2023-08-16,0.00000000,0.00000000,0.00000000,646.63051858,1442.44841635,1044.53946747,323.31525929,721.22420818,0.30952900,-0.07572578,-0.10797008,-0.04742521
2023-08-17,0.03930607,0.02473639,0.02924613,672.04702336,1478.12938921,1075.08820628,336.02351168,739.06469460,0.31255437,-0.03939620,-0.08590447,-0.01956608
2023-08-18,0.02011614,0.01106203,0.01389193,685.56601606,1494.48049868,1090.02325737,342.78300803,747.24024934,0.31447311,-0.02007255,-0.07579272,-0.00594596
2023-08-19,-0.00153485,-0.01239660,-0.00898087,684.51377636,1475.95401706,1080.23389671,342.25688818,737.97700853,0.31683591,-0.02157659,-0.08724975,-0.01487344
2023-08-20,-0.00317467,0.00000000,-0.00100585,682.34067263,1475.95401706,1079.14734484,341.17033631,737.97700853,0.31614806,-0.02468276,-0.08724975,-0.01586432
2023-08-21,-0.00583619,-0.00976955,-0.00852602,678.35840530,1461.53461784,1069.94651157,339.17920265,730.76730892,0.31700576,-0.03037490,-0.09616691,-0.02425509
2023-08-22,-0.00783878,-0.02065825,-0.01659440,673.04090203,1431.34187101,1052.19138652,336.52045102,715.67093551,0.31982818,-0.03797558,-0.11483852,-0.04044699
2023-08-23,0.00000000,0.00000000,0.00000000,673.04090203,1431.34187101,1052.19138652,336.52045102,715.67093551,0.31982818,-0.03797558,-0.11483852,-0.04044699
2023-08-24,0.00000000,0.00000000,0.00000000,673.04090203,1431.34187101,1052.19138652,336.52045102,715.67093551,0.31982818,-0.03797558,-0.11483852,-0.04044699
2023-08-25,-0.00593136,-0.00378677,-0.00447267,669.04885706,1425.92170681,1047.48528194,334.52442853,712.96085341,0.31935955,-0.04368168,-0.11819042,-0.04473875
2023-08-26,-0.00178093,0.00411678,0.00223329,667.85732749,1431.79191918,1049.82462333,333.92866374,715.89595959,0.31808043,-0.04538482,-0.11456020,-0.04260538
2023-08-27,0.00000000,-0.00684733,-0.00466933,667.85732749,1421.98796982,1044.92264866,333.92866374,710.99398491,0.31957262,-0.04538482,-0.12062310,-0.04707577
2023-08-28,-0.00623351,0.00476792,0.00125216,663.69423003,1428.76789057,1046.23106030,331.84711501,714.38394528,0.31718339,-0.05133543,-0.11643030,-0.04588255
2023-08-29,0.00000000,0.00000000,0.00000000,663.69423003,1428.76789057,1046.23106030,331.84711501,714.38394528,0.31718339,-0.05133543,-0.11643030,-0.04588255
2023-08-30,0.00000000,0.00000000,0.00000000,663.69423003,1428.76789057,1046.23106030,331.84711501,714.38394528,0.31718339,-0.05133543,-0.11643030,-0.04588255
2023-08-31,0.00000000,0.02326080,0.01588286,663.69423003,1462.00216888,1062.84819945,331.84711501,731.00108444,0.31222438,-0.05133543,-0.09587777,-0.03072844
2023-09-01,0.00000000,0.00964670,0.00663477,663.69423003,1476.10567164,1069.89995083,331.84711501,738.05283582,0.31016649,-0.05133543,-0.08715597,-0.02429755
2023-09-02,0.00000000,-0.00454185,-0.00313312,663.69423003,1469.40142243,1066.54782623,331.84711501,734.70071122,0.31114134,-0.05133543,-0.09130197,-0.02735454
2023-09-03,0.00000000,0.00068640,0.00047284,663.69423003,1470.41002629,1067.05212816,331.84711501,735.20501315,0.31099429,-0.05133543,-0.09067823,-0.02689464
2023-09-04,0.00000000,0.00307229,0.00211683,663.69423003,1474.92755452,1069.31089227,331.84711501,737.46377726,0.31033736,-0.05133543,-0.08788453,-0.02483474
2023-09-05,0.00000000,-0.00685486,-0.00472754,663.69423003,1464.81713565,1064.25568284,331.84711501,732.40856782,0.31181146,-0.05133543,-0.09413696,-0.02944488
2023-09-06,0.00000000,0.00000000,0.00000000,663.69423003,1464.81713565,1064.25568284,331.84711501,732.40856782,0.31181146,-0.05133543,-0.09413696,-0.02944488
2023-09-07,0.00000000,0.00000000,0.00000000,663.69423003,1464.81713565,1064.25568284,331.84711501,732.40856782,0.31181146,-0.05133543,-0.09413696,-0.02944488
2023-09-08,-0.00736799,-0.00863493,-0.00823989,658.80413455,1452.16853874,1055.48633665,329.40206728,726.08426937,0.31208558,-0.05832518,-0.10195902,-0.03744214
2023-09-09,0.00035238,0.00000000,0.00010997,659.03628566,1452.16853874,1055.60241220,329.51814283,726.08426937,0.31216123,-0.05799335,-0.10195902,-0.03733628
2023-09-10,-0.00226627,0.00842917,0.00509046,657.54272967,1464.40910860,1060.97591914,328.77136483,732.20455430,0.30987637,-0.06012820,-0.09438928,-0.03243588
2023-09-11,0.00821995,0.03984406,0.03004450,662.94769852,1522.75711253,1092.85240552,331.47384926,761.37855626,0.30331072,-0.05240250,-0.05830608,-0.00336590
2023-09-12,-0.00967128,-0.00923024,-0.00936401,656.53614641,1508.70169239,1082.61891940,328.26807321,754.35084619,0.30321664,-0.06156698,-0.06699814,-0.01269840
2023-09-13,0.00000000,0.00000000,0.00000000,656.53614641,1508.70169239,1082.61891940,328.26807321,754.35084619,0.30321664,-0.06156698,-0.06699814,-0.01269840
2023-09-14,0.00000000,0.00000000,0.00000000,656.53614641,1508.70169239,1082.61891940,328.26807321,754.35084619,0.30321664,-0.06156698,-0.06699814,-0.01269840
2023-09-15,-0.00218006,-0.00412864,-0.00353780,655.10485781,1502.47281319,1078.78883550,327.55242891,751.23640660,0.30362979,-0.06361282,-0.07085017,-0.01619127
2023-09-16,0.00000000,-0.00396992,-0.00276453,655.10485781,1496.50812189,1075.80648985,327.55242891,748.25406094,0.30447151,-0.06361282,-0.07453881,-0.01891104
2023-09-17,0.00000000,0.00000000,0.00000000,655.10485781,1496.50812189,1075.80648985,327.55242891,748.25406094,0.30447151,-0.06361282,-0.07453881,-0.01891104
2023-09-18,-0.00310461,0.00000000,-0.00094527,653.07100947,1496.50812189,1074.78956568,326.53550474,748.25406094,0.30381343,-0.06651994,-0.07453881,-0.01983843
2023-09-19,0.00000000,0.00000000,0.00000000,653.07100947,1496.50812189,1074.78956568,326.53550474,748.25406094,0.30381343,-0.06651994,-0.07453881,-0.01983843
2023-09-20,0.00000000,0.00000000,0.00000000,653.07100947,1496.50812189,1074.78956568,326.53550474,748.25406094,0.30381343,-0.06651994,-0.07453881,-0.01983843
2023-09-21,0.00000000,0.00451906,0.00314611,653.07100947,1503.27093361,1078.17097154,326.53550474,751.63546681,0.30286060,-0.06651994,-0.07035660,-0.01675473
2023-09-22,0.00000000,-0.00571592,-0.00398479,653.07100947,1494.67836256,1073.87468601,326.53550474,747.33918128,0.30407226,-0.06651994,-0.07567036,-0.02067276
2023-09-23,0.00000000,-0.00049060,-0.00034142,653.07100947,1493.94507969,1073.50804458,326.53550474,746.97253984,0.30417611,-0.06651994,-0.07612383,-0.02100712
2023-09-24,-0.00086926,0.00827500,0.00549354,652.50332407,1506.30747677,1079.40540042,326.25166204,753.15373839,0.30225128,-0.06733137,-0.06847876,-0.01562899
2023-09-25,-0.00472500,-0.00937278,-0.00796798,649.42024745,1492.18919202,1070.80471973,324.71012372,746.09459601,0.30323935,-0.07173823,-0.07720970,-0.02347244
2023-09-26,0.00000000,0.00000000,0.00000000,649.42024745,1492.18919202,1070.80471973,324.71012372,746.09459601,0.30323935,-0.07173823,-0.07720970,-0.02347244
2023-09-27,0.00000000,-0.01356691,-0.00945289,649.42024745,1471.94479339,1060.68252042,324.71012372,735.97239669,0.30613319,-0.07173823,-0.08972911,-0.03270344
2023-09-28,0.00000000,-0.00715013,-0.00496124,649.42024745,1461.42020189,1055.42022467,324.71012372,730.71010095,0.30765956,-0.07173823,-0.09623767,-0.03750243
2023-09-29,0.00000000,0.00875170,0.00605916,649.42024745,1474.21011589,1061.81518167,324.71012372,737.10505795,0.30580663,-0.07173823,-0.08832821,-0.03167051
2023-09-30,0.00000000,0.00206395,0.00143278,649.42024745,1477.25280636,1063.33652690,324.71012372,738.62640318,0.30536911,-0.07173823,-0.08644657,-0.03028311
2023-10-01,0.00009636,0.00605527,0.00423560,649.48282269,1486.19796961,1067.84039615,324.74141135,743.09898480,0.30411044,-0.07164879,-0.08091475,-0.02617577
2023-10-02,0.00226456,0.00000000,0.00068868,650.95361781,1486.19796961,1068.57579371,325.47680890,743.09898480,0.30458935,-0.06954647,-0.08091475,-0.02550512
2023-10-03,0.00000000,0.00000000,0.00000000,650.95361781,1486.19796961,1068.57579371,325.47680890,743.09898480,0.30458935,-0.06954647,-0.08091475,-0.02550512
2023-10-04,0.00000000,0.00000000,0.00000000,650.95361781,1486.19796961,1068.57579371,325.47680890,743.09898480,0.30458935,-0.06954647,-0.08091475,-0.02550512
2023-10-05,0.00000000,0.00000000,0.00000000,650.95361781,1486.19796961,1068.57579371,325.47680890,743.09898480,0.30458935,-0.06954647,-0.08091475,-0.02550512
2023-10-06,0.00000000,-0.00807725,-0.00561700,650.95361781,1474.19358034,1062.57359907,325.47680890,737.09679017,0.30630990,-0.06954647,-0.08833843,-0.03097886
2023-10-07,0.00000000,0.00000000,0.00000000,650.95361781,1474.19358034,1062.57359907,325.47680890,737.09679017,0.30630990,-0.06954647,-0.08833843,-0.03097886
2023-10-08,0.00000000,0.00000000,0.00000000,650.95361781,1474.19358034,1062.57359907,325.47680890,737.09679017,0.30630990,-0.06954647,-0.08833843,-0.03097886
2023-10-09,0.00000000,0.00736127,0.00510644,650.95361781,1485.04552262,1067.99957022,325.47680890,742.52276131,0.30475369,-0.06954647,-0.08162744,-0.02603061
2023-10-10,0.00000000,0.00779159,0.00541708,650.95361781,1496.61639220,1073.78500500,325.47680890,748.30819610,0.30311171,-0.06954647,-0.07447186,-0.02075455
2023-10-11,0.00000000,0.00047007,0.00032758,650.95361781,1497.31990107,1074.13675944,325.47680890,748.65995053,0.30301245,-0.06954647,-0.07403680,-0.02043376
2023-10-12,0.00000000,0.01685261,0.01174606,650.95361781,1522.55365343,1086.75363562,325.47680890,761.27682671,0.29949457,-0.06954647,-0.05843190,-0.00892772
2023-10-13,0.00000000,-0.01246447,-0.00873143,650.95361781,1503.57582176,1077.26471978,325.47680890,751.78791088,0.30213262,-0.06954647,-0.07016805,-0.01758120
2023-10-14,0.00000000,0.00000000,0.00000000,650.95361781,1503.57582176,1077.26471978,325.47680890,751.78791088,0.30213262,-0.06954647,-0.07016805,-0.01758120
2023-10-15,0.00633004,0.00000000,0.00191251,655.07417881,1503.57582176,1079.32500028,327.53708940,751.78791088,0.30346475,-0.06365667,-0.07016805,-0.01570231
2023-10-16,0.06177888,-0.00745411,0.01355566,695.54392623,1492.36799979,1093.95596301,347.77196312,746.18399990,0.31790307,-0.00581043,-0.07709912,-0.00235950
2023-10-17,0.00000000,-0.00776830,-0.00529873,695.54392623,1480.77484093,1088.15938358,347.77196312,740.38742046,0.31959653,-0.00581043,-0.08426849,-0.00764573
2023-10-18,0.00000000,-0.00262286,-0.00178460,695.54392623,1476.89097269,1086.21744946,347.77196312,738.44548635,0.32016790,-0.00581043,-0.08667033,-0.00941669
2023-10-19,0.00000000,-0.00901760,-0.00613046,695.54392623,1463.57295328,1079.55843976,347.77196312,731.78647664,0.32214279,-0.00581043,-0.09490637,-0.01548942
2023-10-20,0.00171041,0.00000000,0.00055100,696.73359185,1463.57295328,1080.15327257,348.36679593,731.78647664,0.32251608,-0.00410996,-0.09490637,-0.01494696
2023-10-21,0.00805401,-0.00506962,-0.00083704,702.34508923,1456.15320183,1079.24914553,351.17254462,728.07660092,0.32538598,0.00000000,-0.09949485,-0.01577149
2023-10-22,-0.00552920,0.00027690,-0.00161233,698.46168065,1456.55640389,1077.50904227,349.23084032,728.27820195,0.32410943,-0.00552920,-0.09924551,-0.01735838
2023-10-23,-0.02090364,0.06119228,0.03458422,683.86129154,1545.68640793,1114.77384973,341.93064577,772.84320396,0.30672647,-0.02631726,-0.04412629,0.00000000
2023-10-24,0.00000000,0.01279245,0.00886866,683.86129154,1565.45951919,1124.66040536,341.93064577,782.72975959,0.30403013,-0.02631726,-0.03189832,0.00000000
2023-10-25,0.00000000,0.00000000,0.00000000,683.86129154,1565.45951919,1124.66040536,341.93064577,782.72975959,0.30403013,-0.02631726,-0.03189832,0.00000000
2023-10-26,0.00000000,0.00000000,0.00000000,683.86129154,1565.45951919,1124.66040536,341.93064577,782.72975959,0.30403013,-0.02631726,-0.03189832,0.00000000
2023-10-27,0.00000000,0.00000000,0.00000000,683.86129154,1565.45951919,1124.66040536,341.93064577,782.72975959,0.30403013,-0.02631726,-0.03189832,0.00000000
2023-10-28,0.00000000,0.00000000,0.00000000,683.86129154,1565.45951919,1124.66040536,341.93064577,782.72975959,0.30403013,-0.02631726,-0.03189832,0.00000000
2023-10-29,0.00113396,0.00000000,0.00034476,684.63676553,1565.45951919,1125.04814236,342.31838277,782.72975959,0.30426999,-0.02521314,-0.03189832,0.00000000
2023-10-30,-0.00391363,-0.01061571,-0.00857647,681.95734914,1548.84105975,1115.39920445,340.97867457,774.42052988,0.30570102,-0.02902810,-0.04217541,-0.00857647
2023-10-31,0.00000000,0.00000000,0.00000000,681.95734914,1548.84105975,1115.39920445,340.97867457,774.42052988,0.30570102,-0.02902810,-0.04217541,-0.00857647
2023-11-01,-0.00562143,0.00065029,-0.00126698,678.12377546,1549.84826313,1113.98601930,339.06188773,774.92413157,0.30436817,-0.03448634,-0.04155254,-0.00983258
2023-11-02,0.00000000,-0.01649562,-0.01147488,678.12377546,1524.28255947,1101.20316747,339.06188773,762.14127974,0.30790130,-0.03448634,-0.05736272,-0.02119463
2023-11-03,0.00000000,0.00000000,0.00000000,678.12377546,1524.28255947,1101.20316747,339.06188773,762.14127974,0.30790130,-0.03448634,-0.05736272,-0.02119463
2023-11-04,0.00000000,0.00000000,0.00000000,678.12377546,1524.28255947,1101.20316747,339.06188773,762.14127974,0.30790130,-0.03448634,-0.05736272,-0.02119463
2023-11-05,0.00000000,-0.01048935,-0.00725966,678.12377546,1508.29383101,1093.20880324,339.06188773,754.14691550,0.31015291,-0.03448634,-0.06725037,-0.02830042
2023-11-06,0.00000000,0.00000000,0.00000000,678.12377546,1508.29383101,1093.20880324,339.06188773,754.14691550,0.31015291,-0.03448634,-0.06725037,-0.02830042
2023-11-07,-0.00338582,-0.00295265,-0.00308699,675.82777338,1503.84037401,1089.83407370,337.91388669,751.92018701,0.31005994,-0.03775539,-0.07000445,-0.03130005
2023-11-08,0.00000000,0.00151240,0.00104347,675.82777338,1506.11478535,1090.97127936,337.91388669,753.05739267,0.30973674,-0.03775539,-0.06859792,-0.03028925
2023-11-09,0.00948478,0.12356476,0.08823000,682.23784886,1692.21749508,1187.22767197,341.11892443,846.10874754,0.28732393,-0.02862872,0.00000000,0.00000000
2023-11-10,0.00000000,-0.02056148,-0.01465368,682.23784886,1657.42299188,1169.83042037,341.11892443,828.71149594,0.29159690,-0.02862872,-0.02056148,-0.01465368
2023-11-11,0.00000000,-0.01182068,-0.00837380,682.23784886,1637.83113286,1160.03449086,341.11892443,818.91556643,0.29405929,-0.02862872,-0.03213911,-0.02290477
2023-11-12,0.00000000,-0.00413678,-0.00292032,682.23784886,1631.05578121,1156.64681503,341.11892443,815.52789060,0.29492056,-0.02862872,-0.03614294,-0.02575821
2023-11-13,0.00000000,0.00828438,0.00584114,682.23784886,1644.56806452,1163.40295669,341.11892443,822.28403226,0.29320789,-0.02862872,-0.02815798,-0.02006752
2023-11-14,0.00000000,0.00000000,0.00000000,682.23784886,1644.56806452,1163.40295669,341.11892443,822.28403226,0.29320789,-0.02862872,-0.02815798,-0.02006752
2023-11-15,0.00000000,0.00000000,0.00000000,682.23784886,1644.56806452,1163.40295669,341.11892443,822.28403226,0.29320789,-0.02862872,-0.02815798,-0.02006752
2023-11-16,0.00000000,-0.00590831,-0.00417595,682.23784886,1634.85144652,1158.54464769,341.11892443,817.42572326,0.29443744,-0.02862872,-0.03389993,-0.02415967
2023-11-17,0.00000000,0.00000000,0.00000000,682.23784886,1634.85144652,1158.54464769,341.11892443,817.42572326,0.29443744,-0.02862872,-0.03389993,-0.02415967
2023-11-18,0.00000000,0.00000000,0.00000000,682.23784886,1634.85144652,1158.54464769,341.11892443,817.42572326,0.29443744,-0.02862872,-0.03389993,-0.02415967
2023-11-19,0.00233708,0.00456990,0.00391247,683.83229493,1642.32255368,1163.07742431,341.91614746,821.16127684,0.29397540,-0.02635854,-0.02948495,-0.02034172
2023-11-20,-0.00729877,-0.01205371,-0.01065587,678.84116252,1622.52647267,1150.68381760,339.42058126,811.26323634,0.29497293,-0.03346493,-0.04118325,-0.03078083
2023-11-21,0.00000000,0.00000000,0.00000000,678.84116252,1622.52647267,1150.68381760,339.42058126,811.26323634,0.29497293,-0.03346493,-0.04118325,-0.03078083
2023-11-22,0.00000000,0.00000000,0.00000000,678.84116252,1622.52647267,1150.68381760,339.42058126,811.26323634,0.29497293,-0.03346493,-0.04118325,-0.03078083
2023-11-23,0.00000000,0.00000000,0.00000000,678.84116252,1622.52647267,1150.68381760,339.42058126,811.26323634,0.29497293,-0.03346493,-0.04118325,-0.03078083
2023-11-24,-0.00479632,0.00000000,-0.00141478,675.58522501,1622.52647267,1149.05584884,337.79261250,811.26323634,0.29397406,-0.03810074,-0.04118325,-0.03215207
2023-11-25,0.00000000,0.00000000,0.00000000,675.58522501,1622.52647267,1149.05584884,337.79261250,811.26323634,0.29397406,-0.03810074,-0.04118325,-0.03215207
2023-11-26,0.00000000,-0.00200084,-0.00141265,675.58522501,1619.28005045,1147.43263773,337.79261250,809.64002522,0.29438993,-0.03810074,-0.04310170,-0.03351929
2023-11-27,0.00000000,0.00000000,0.00000000,675.58522501,1619.28005045,1147.43263773,337.79261250,809.64002522,0.29438993,-0.03810074,-0.04310170,-0.03351929
2023-11-28,0.00000000,0.00000000,0.00000000,675.58522501,1619.28005045,1147.43263773,337.79261250,809.64002522,0.29438993,-0.03810074,-0.04310170,-0.03351929
2023-11-29,0.00000000,0.00000000,0.00000000,675.58522501,1619.28005045,1147.43263773,337.79261250,809.64002522,0.29438993,-0.03810074,-0.04310170,-0.03351929
2023-11-30,0.00000000,0.00000000,0.00000000,675.58522501,1619.28005045,1147.43263773,337.79261250,809.64002522,0.29438993,-0.03810074,-0.04310170,-0.03351929
2023-12-01,0.00000000,0.00298662,0.00210739,675.58522501,1624.11622986,1149.85072743,337.79261250,812.05811493,0.29377084,-0.03810074,-0.04024380,-0.03148254
2023-12-02,0.00000000,0.00000000,0.00000000,675.58522501,1624.11622986,1149.85072743,337.79261250,812.05811493,0.29377084,-0.03810074,-0.04024380,-0.03148254
2023-12-03,0.00000000,0.00000000,0.00000000,675.58522501,1624.11622986,1149.85072743,337.79261250,812.05811493,0.29377084,-0.03810074,-0.04024380,-0.03148254
2023-12-04,-0.01102306,-0.00560692,-0.00719803,668.13820867,1615.00993716,1141.57407291,334.06910434,807.50496858,0.29263901,-0.04870381,-0.04562508,-0.03845395
2023-12-05,0.01489451,0.00998940,0.01142483,678.08979943,1631.14291530,1154.61635737,339.04489972,815.57145765,0.29364290,-0.03453472,-0.03609145,-0.02746846
2023-12-06,0.00000000,0.00000000,0.00000000,678.08979943,1631.14291530,1154.61635737,339.04489972,815.57145765,0.29364290,-0.03453472,-0.03609145,-0.02746846
2023-12-07,0.00000000,0.00000000,0.00000000,678.08979943,1631.14291530,1154.61635737,339.04489972,815.57145765,0.29364290,-0.03453472,-0.03609145,-0.02746846
2023-12-08,0.00000000,0.00000000,0.00000000,678.08979943,1631.14291530,1154.61635737,339.04489972,815.57145765,0.29364290,-0.03453472,-0.03609145,-0.02746846
2023-12-09,0.00000000,-0.01637078,-0.01156362,678.08979943,1604.43982878,1141.26481411,339.04489972,802.21991439,0.29707820,-0.03453472,-0.05187139,-0.03871444
2023-12-10,0.00000000,0.00000000,0.00000000,678.08979943,1604.43982878,1141.26481411,339.04489972,802.21991439,0.29707820,-0.03453472,-0.05187139,-0.03871444
2023-12-11,0.00000000,0.00000000,0.00000000,678.08979943,1604.43982878,1141.26481411,339.04489972,802.21991439,0.29707820,-0.03453472,-0.05187139,-0.03871444
2023-12-12,0.00000000,0.00000000,0.00000000,678.08979943,1604.43982878,1141.26481411,339.04489972,802.21991439,0.29707820,-0.03453472,-0.05187139,-0.03871444
2023-12-13,0.00000000,0.00000000,0.00000000,678.08979943,1604.43982878,1141.26481411,339.04489972,802.21991439,0.29707820,-0.03453472,-0.05187139,-0.03871444
2023-12-14,0.00000000,-0.00468979,-0.00329655,678.08979943,1596.91534557,1137.50257250,339.04489972,798.45767279,0.29806078,-0.03453472,-0.05631791,-0.04188337
2023-12-15,0.00000000,0.00000000,0.00000000,678.08979943,1596.91534557,1137.50257250,339.04489972,798.45767279,0.29806078,-0.03453472,-0.05631791,-0.04188337
2023-12-16,0.00000000,0.00000000,0.00000000,678.08979943,1596.91534557,1137.50257250,339.04489972,798.45767279,0.29806078,-0.03453472,-0.05631791,-0.04188337
2023-12-17,0.00000000,0.00000000,0.00000000,678.08979943,1596.91534557,1137.50257250,339.04489972,798.45767279,0.29806078,-0.03453472,-0.05631791,-0.04188337
2023-12-18,0.00000000,0.00000000,0.00000000,678.08979943,1596.91534557,1137.50257250,339.04489972,798.45767279,0.29806078,-0.03453472,-0.05631791,-0.04188337
2023-12-19,-0.00532287,0.00000000,-0.00158654,674.48041706,1596.91534557,1135.69788132,337.24020853,798.45767279,0.29694535,-0.03967376,-0.05631791,-0.04340346
2023-12-20,0.00000000,0.00000000,0.00000000,674.48041706,1596.91534557,1135.69788132,337.24020853,798.45767279,0.29694535,-0.03967376,-0.05631791,-0.04340346
2023-12-21,0.00000000,0.00000000,0.00000000,674.48041706,1596.91534557,1135.69788132,337.24020853,798.45767279,0.29694535,-0.03967376,-0.05631791,-0.04340346
2023-12-22,0.00000000,-0.01241118,-0.00872574,674.48041706,1577.09573754,1125.78807730,337.24020853,788.54786877,0.29955923,-0.03967376,-0.06803012,-0.05175047
2023-12-23,0.00000000,0.00000000,0.00000000,674.48041706,1577.09573754,1125.78807730,337.24020853,788.54786877,0.29955923,-0.03967376,-0.06803012,-0.05175047
2023-12-24,0.00000000,0.00000000,0.00000000,674.48041706,1577.09573754,1125.78807730,337.24020853,788.54786877,0.29955923,-0.03967376,-0.06803012,-0.05175047
2023-12-25,0.00000000,0.00000000,0.00000000,674.48041706,1577.09573754,1125.78807730,337.24020853,788.54786877,0.29955923,-0.03967376,-0.06803012,-0.05175047
2023-12-26,0.00000000,0.00000000,0.00000000,674.48041706,1577.09573754,1125.78807730,337.24020853,788.54786877,0.29955923,-0.03967376,-0.06803012,-0.05175047
2023-12-27,-0.00446047,-0.01828644,-0.01414474,671.47191663,1548.25626861,1109.86409262,335.73595831,774.12813430,0.30250187,-0.04395727,-0.08507253,-0.06516322
2023-12-28,0.00000000,-0.00456154,-0.00318167,671.47191663,1541.19383544,1106.33287603,335.73595831,770.59691772,0.30346740,-0.04395727,-0.08924601,-0.06813756
2023-12-29,0.00000000,0.00000000,0.00000000,671.47191663,1541.19383544,1106.33287603,335.73595831,770.59691772,0.30346740,-0.04395727,-0.08924601,-0.06813756
2023-12-30,0.00000000,0.00000000,0.00000000,671.47191663,1541.19383544,1106.33287603,335.73595831,770.59691772,0.30346740,-0.04395727,-0.08924601,-0.06813756
2023-12-31,0.00000000,0.00000000,0.00000000,671.47191663,1541.19383544,1106.33287603,335.73595831,770.59691772,0.30346740,-0.04395727,-0.08924601,-0.06813756
2024-01-01,0.02453260,-0.00388059,0.00474189,687.94487035,1535.21309726,1111.57898380,343.97243517,767.60654863,0.30944489,-0.02050305,-0.09278027,-0.06371877
2024-01-02,0.01772793,-0.00661162,0.00092013,700.14070683,1525.06284529,1112.60177606,350.07035341,762.53142264,0.31464120,-0.00313860,-0.09877847,-0.06285727
2024-01-03,-0.00445279,0.00000000,-0.00140103,697.02312860,1525.06284529,1111.04298695,348.51156430,762.53142264,0.31367964,-0.00757742,-0.09877847,-0.06417024
2024-01-04,0.00000000,0.00000000,0.00000000,697.02312860,1525.06284529,1111.04298695,348.51156430,762.53142264,0.31367964,-0.00757742,-0.09877847,-0.06417024
2024-01-05,0.00000000,0.00000000,0.00000000,697.02312860,1525.06284529,1111.04298695,348.51156430,762.53142264,0.31367964,-0.00757742,-0.09877847,-0.06417024
2024-01-06,0.00000000,0.00000000,0.00000000,697.02312860,1525.06284529,1111.04298695,348.51156430,762.53142264,0.31367964,-0.00757742,-0.09877847,-0.06417024
2024-01-07,-0.00220484,0.00000000,-0.00069161,695.48630745,1525.06284529,1110.27457637,347.74315373,762.53142264,0.31320464,-0.00976554,-0.09877847,-0.06481747
2024-01-08,0.05202245,0.03296785,0.03893584,731.66721164,1575.34088804,1153.50404984,365.83360582,787.67044402,0.31714982,0.00000000,-0.06906713,-0.02840535
2024-01-09,-0.02455860,0.00000000,-0.00778876,713.69848990,1575.34088804,1144.51968897,356.84924495,787.67044402,0.31178952,-0.02455860,-0.06906713,-0.03597287
2024-01-10,0.00000000,0.02796221,0.01924389,713.69848990,1619.39090665,1166.54469827,356.84924495,809.69545333,0.30590276,-0.02455860,-0.04303619,-0.01742124
2024-01-11,0.00000000,0.00811552,0.00563296,713.69848990,1632.53310319,1173.11579654,356.84924495,816.26655160,0.30418928,-0.02455860,-0.03526993,-0.01188641
2024-01-12,0.00000000,0.00000000,0.00000000,713.69848990,1632.53310319,1173.11579654,356.84924495,816.26655160,0.30418928,-0.02455860,-0.03526993,-0.01188641
2024-01-13,0.00000000,0.00000000,0.00000000,713.69848990,1632.53310319,1173.11579654,356.84924495,816.26655160,0.30418928,-0.02455860,-0.03526993,-0.01188641
2024-01-14,0.00000000,0.00000000,0.00000000,713.69848990,1632.53310319,1173.11579654,356.84924495,816.26655160,0.30418928,-0.02455860,-0.03526993,-0.01188641
2024-01-15,0.00000000,0.00000000,0.00000000,713.69848990,1632.53310319,1173.11579654,356.84924495,816.26655160,0.30418928,-0.02455860,-0.03526993,-0.01188641
2024-01-16,0.00000000,0.00000000,0.00000000,713.69848990,1632.53310319,1173.11579654,356.84924495,816.26655160,0.30418928,-0.02455860,-0.03526993,-0.01188641
2024-01-17,0.00000000,0.00000000,0.00000000,713.69848990,1632.53310319,1173.11579654,356.84924495,816.26655160,0.30418928,-0.02455860,-0.03526993,-0.01188641
2024-01-18,0.00000000,0.00000000,0.00000000,713.69848990,1632.53310319,1173.11579654,356.84924495,816.26655160,0.30418928,-0.02455860,-0.03526993,-0.01188641
2024-01-19,0.00000000,0.00000000,0.00000000,713.69848990,1632.53310319,1173.11579654,356.84924495,816.26655160,0.30418928,-0.02455860,-0.03526993,-0.01188641
2024-01-20,0.00000000,0.00000000,0.00000000,713.69848990,1632.53310319,1173.11579654,356.84924495,816.26655160,0.30418928,-0.02455860,-0.03526993,-0.01188641
2024-01-21,0.00000000,0.00000000,0.00000000,713.69848990,1632.53310319,1173.11579654,356.84924495,816.26655160,0.30418928,-0.02455860,-0.03526993,-0.01188641
2024-01-22,0.00000000,0.00000000,0.00000000,713.69848990,1632.53310319,1173.11579654,356.84924495,816.26655160,0.30418928,-0.02455860,-0.03526993,-0.01188641
2024-01-23,0.00000000,0.00000000,0.00000000,713.69848990,1632.53310319,1173.11579654,356.84924495,816.26655160,0.30418928,-0.02455860,-0.03526993,-0.01188641
2024-01-24,0.00000000,0.00000000,0.00000000,713.69848990,1632.53310319,1173.11579654,356.84924495,816.26655160,0.30418928,-0.02455860,-0.03526993,-0.01188641
2024-01-25,0.00000000,0.00000000,0.00000000,713.69848990,1632.53310319,1173.11579654,356.84924495,816.26655160,0.30418928,-0.02455860,-0.03526993,-0.01188641
2024-01-26,0.00911070,0.00000000,0.00277138,720.20078018,1632.53310319,1176.36694169,360.10039009,816.26655160,0.30611230,-0.01567165,-0.03526993,-0.00914798
2024-01-27,-0.00275872,0.00000000,-0.00084448,718.21395124,1632.53310319,1175.37352722,359.10697562,816.26655160,0.30552583,-0.01838713,-0.03526993,-0.00998473
2024-01-28,-0.00227258,-0.00902628,-0.00696285,716.58175041,1617.79740970,1167.18958006,358.29087521,808.89870485,0.30696888,-0.02061793,-0.04397785,-0.01687805
2024-01-29,0.00719426,0.00000000,0.00220841,721.73702479,1617.79740970,1169.76721724,360.86851239,808.89870485,0.30849600,-0.01357200,-0.04397785,-0.01470691
2024-01-30,-0.00074131,0.00000000,-0.00022869,721.20199601,1617.79740970,1169.49970286,360.60099801,808.89870485,0.30833783,-0.01430325,-0.04397785,-0.01493224
2024-01-31,-0.00340700,-0.00531844,-0.00472907,718.74486251,1609.19324582,1163.96905417,359.37243126,804.59662291,0.30874741,-0.01766151,-0.04906240,-0.01959070
2024-02-01,0.00000000,0.00000000,0.00000000,718.74486251,1609.19324582,1163.96905417,359.37243126,804.59662291,0.30874741,-0.01766151,-0.04906240,-0.01959070
2024-02-02,0.00000000,-0.00868156,-0.00600115,718.74486251,1595.22294132,1156.98390191,359.37243126,797.61147066,0.31061144,-0.01766151,-0.05731802,-0.02547428
2024-02-03,0.00000000,0.00000000,0.00000000,718.74486251,1595.22294132,1156.98390191,359.37243126,797.61147066,0.31061144,-0.01766151,-0.05731802,-0.02547428
2024-02-04,0.00000000,0.00000000,0.00000000,718.74486251,1595.22294132,1156.98390191,359.37243126,797.61147066,0.31061144,-0.01766151,-0.05731802,-0.02547428
2024-02-05,0.00268135,0.00000000,0.00083286,720.67207139,1595.22294132,1157.94750635,360.33603570,797.61147066,0.31118512,-0.01502752,-0.05731802,-0.02466264
2024-02-06,-0.01186194,0.00511045,-0.00017110,712.12350123,1603.37525314,1157.74937719,356.06175062,801.68762657,0.30754648,-0.02671120,-0.05250049,-0.02482952
2024-02-07,0.01239719,0.02212029,0.01912998,720.95182919,1638.84238014,1179.89710467,360.47591460,819.42119007,0.30551470,-0.01464516,-0.03154152,-0.00617453
2024-02-08,0.02152215,-0.00228957,0.00498526,736.46826328,1635.09013929,1185.77920129,368.23413164,817.54506965,0.31054190,0.00000000,-0.03375887,-0.00122004
2024-02-09,0.04109944,0.02770739,0.03186618,766.73669499,1680.39422203,1223.56545851,383.36834749,840.19711101,0.31332067,0.00000000,-0.00698685,0.00000000
2024-02-10,0.01291857,0.00550393,0.00782709,776.64184002,1689.64298866,1233.14241434,388.32092001,844.82149433,0.31490355,0.00000000,-0.00152138,0.00000000
2024-02-11,0.01137163,0.00278892,0.00549164,785.47352106,1694.35526230,1239.91439168,392.73676053,847.17763115,0.31674506,0.00000000,0.00000000,0.00000000
2024-02-12,0.03362777,0.06096208,0.05230407,811.88724115,1797.64667792,1304.76695953,405.94362057,898.82333896,0.31112347,0.00000000,0.00000000,0.00000000
2024-02-13,-0.01672975,-0.00752183,-0.01038663,798.30457437,1784.12508928,1291.21483182,399.15228719,892.06254464,0.30912926,-0.01672975,-0.00752183,-0.01038663
2024-02-14,0.02004092,0.05108892,0.04149108,814.30332920,1875.27411829,1344.78872375,407.15166460,937.63705915,0.30276255,0.00000000,0.00000000,0.00000000
2024-02-15,0.00189112,0.01722579,0.01258303,815.84327464,1907.57719355,1361.71023410,407.92163732,953.78859678,0.29956567,0.00000000,0.00000000,0.00000000
2024-02-16,0.00421810,-0.00930309,-0.00525260,819.28458130,1889.83083863,1354.55770996,409.64229065,944.91541931,0.30241775,0.00000000,-0.00930309,-0.00525260
2024-02-17,-0.02661887,0.00000000,-0.00805002,797.47615365,1889.83083863,1343.65349614,398.73807683,944.91541931,0.29675663,-0.02661887,-0.00930309,-0.01326034
2024-02-18,-0.00267027,0.00046365,-0.00046636,795.34668046,1890.70705510,1343.02686778,397.67334023,945.35352755,0.29610230,-0.02921805,-0.00884375,-0.01372052
2024-02-19,-0.00505341,0.02208406,0.01404860,791.32746914,1932.46155172,1361.89451043,395.66373457,966.23077586,0.29052451,-0.03412381,0.00000000,0.00000000
2024-02-20,-0.01003501,-0.02498270,-0.02064003,783.38649226,1884.18344850,1333.78497038,391.69324613,942.09172425,0.29367046,-0.04381639,-0.02498270,-0.02064003
2024-02-21,0.00000000,0.00000000,0.00000000,783.38649226,1884.18344850,1333.78497038,391.69324613,942.09172425,0.29367046,-0.04381639,-0.02498270,-0.02064003
2024-02-22,0.00000000,0.00000000,0.00000000,783.38649226,1884.18344850,1333.78497038,391.69324613,942.09172425,0.29367046,-0.04381639,-0.02498270,-0.02064003
2024-02-23,0.00000000,0.00000000,0.00000000,783.38649226,1884.18344850,1333.78497038,391.69324613,942.09172425,0.29367046,-0.04381639,-0.02498270,-0.02064003
2024-02-24,-0.00015900,-0.00252746,-0.00183192,783.26193112,1879.42124450,1331.34158781,391.63096556,939.71062225,0.29416265,-0.04396842,-0.02744702,-0.02243413
2024-02-25,-0.00068293,0.04010670,0.02810792,782.72701646,1954.79863527,1368.76282587,391.36350823,977.39931764,0.28592500,-0.04462133,0.00000000,0.00000000
2024-02-26,0.04857263,-0.00930546,0.00724333,820.74612295,1936.60832706,1378.67722501,410.37306148,968.30416353,0.29765710,0.00000000,-0.00930546,0.00000000
2024-02-27,0.04667838,0.02092282,0.02858914,859.05721903,1977.12763189,1418.09242546,429.52860952,988.56381594,0.30289183,0.00000000,0.00000000,0.00000000
2024-02-28,0.09543408,0.04342561,0.05917855,941.04055514,2062.98561083,1502.01308299,470.52027757,1031.49280542,0.31325977,0.00000000,0.00000000,0.00000000
2024-02-29,-0.02161994,-0.01271851,-0.01550697,920.69531505,2036.74750031,1478.72140768,460.34765752,1018.37375016,0.31131466,-0.02161994,-0.01271851,-0.01550697
2024-03-01,0.02098545,0.02795720,0.02578679,940.01651641,2093.68926352,1516.85288997,470.00825821,1046.84463176,0.30985751,-0.00108820,0.00000000,0.00000000
2024-03-02,-0.00644018,-0.00350523,-0.00441465,933.96264038,2086.35040118,1510.15652078,466.98132019,1043.17520059,0.30922710,-0.00752137,-0.00350523,-0.00441465
2024-03-03,0.01773661,-0.00749304,0.00030865,950.52797281,2070.71729955,1510.62263618,475.26398640,1035.35864977,0.31461463,0.00000000,-0.01097200,-0.00410736
2024-03-04,0.08265391,0.01062119,0.03328374,1029.09282668,2092.71078652,1560.90180660,514.54641334,1046.35539326,0.32964688,0.00000000,-0.00046735,0.00000000
2024-03-05,-0.04430212,0.01962533,-0.00144815,983.50183248,2133.78093144,1558.64138196,491.75091624,1066.89046572,0.31549972,-0.04430212,0.00000000,-0.00144815
2024-03-06,0.00000000,0.00000000,0.00000000,983.50183248,2133.78093144,1558.64138196,491.75091624,1066.89046572,0.31549972,-0.04430212,0.00000000,-0.00144815
2024-03-07,0.00000000,0.00000000,0.00000000,983.50183248,2133.78093144,1558.64138196,491.75091624,1066.89046572,0.31549972,-0.04430212,0.00000000,-0.00144815
2024-03-08,0.00000000,0.00000000,0.00000000,983.50183248,2133.78093144,1558.64138196,491.75091624,1066.89046572,0.31549972,-0.04430212,0.00000000,-0.00144815
2024-03-09,0.00000000,0.00000000,0.00000000,983.50183248,2133.78093144,1558.64138196,491.75091624,1066.89046572,0.31549972,-0.04430212,0.00000000,-0.00144815
2024-03-10,-0.00396108,0.00000000,-0.00124972,979.60610316,2133.78093144,1556.69351730,489.80305158,1066.89046572,0.31464321,-0.04808772,0.00000000,-0.00269606
2024-03-11,0.00902038,0.00000000,0.00283820,988.44251962,2133.78093144,1561.11172553,494.22125981,1066.89046572,0.31658289,-0.03950111,0.00000000,0.00000000
2024-03-12,0.00000000,0.00000000,0.00000000,988.44251962,2133.78093144,1561.11172553,494.22125981,1066.89046572,0.31658289,-0.03950111,0.00000000,0.00000000
2024-03-13,0.00000000,0.00000000,0.00000000,988.44251962,2133.78093144,1561.11172553,494.22125981,1066.89046572,0.31658289,-0.03950111,0.00000000,0.00000000
2024-03-14,0.00000000,0.00000000,0.00000000,988.44251962,2133.78093144,1561.11172553,494.22125981,1066.89046572,0.31658289,-0.03950111,0.00000000,0.00000000
2024-03-15,0.00000000,0.00000000,0.00000000,988.44251962,2133.78093144,1561.11172553,494.22125981,1066.89046572,0.31658289,-0.03950111,0.00000000,0.00000000
2024-03-16,0.00000000,0.00000000,0.00000000,988.44251962,2133.78093144,1561.11172553,494.22125981,1066.89046572,0.31658289,-0.03950111,0.00000000,0.00000000
2024-03-17,0.00000000,0.00000000,0.00000000,988.44251962,2133.78093144,1561.11172553,494.22125981,1066.89046572,0.31658289,-0.03950111,0.00000000,0.00000000
2024-03-18,0.00000000,0.00000000,0.00000000,988.44251962,2133.78093144,1561.11172553,494.22125981,1066.89046572,0.31658289,-0.03950111,0.00000000,0.00000000
2024-03-19,0.00000000,0.00000000,0.00000000,988.44251962,2133.78093144,1561.11172553,494.22125981,1066.89046572,0.31658289,-0.03950111,0.00000000,0.00000000
2024-03-20,0.00000000,0.00000000,0.00000000,988.44251962,2133.78093144,1561.11172553,494.22125981,1066.89046572,0.31658289,-0.03950111,0.00000000,0.00000000
2024-03-21,0.00000000,0.00000000,0.00000000,988.44251962,2133.78093144,1561.11172553,494.22125981,1066.89046572,0.31658289,-0.03950111,0.00000000,0.00000000
2024-03-22,0.00000000,0.00000000,0.00000000,988.44251962,2133.78093144,1561.11172553,494.22125981,1066.89046572,0.31658289,-0.03950111,0.00000000,0.00000000
2024-03-23,0.00000000,0.00000000,0.00000000,988.44251962,2133.78093144,1561.11172553,494.22125981,1066.89046572,0.31658289,-0.03950111,0.00000000,0.00000000
2024-03-24,0.01218777,0.00000000,0.00385844,1000.48942836,2133.78093144,1567.13517990,500.24471418,1066.89046572,0.31920968,-0.02779477,0.00000000,0.00000000
2024-03-25,0.02192379,0.01935879,0.02017756,1022.42394562,2175.08833830,1598.75614196,511.21197281,1087.54416915,0.31975606,-0.00648035,0.00000000,0.00000000
2024-03-26,-0.00508005,0.00000000,-0.00162438,1017.22997749,2175.08833830,1596.15915790,508.61498875,1087.54416915,0.31864929,-0.01152748,0.00000000,-0.00162438
2024-03-27,0.00000000,0.00000000,0.00000000,1017.22997749,2175.08833830,1596.15915790,508.61498875,1087.54416915,0.31864929,-0.01152748,0.00000000,-0.00162438
2024-03-28,0.00000000,0.00000000,0.00000000,1017.22997749,2175.08833830,1596.15915790,508.61498875,1087.54416915,0.31864929,-0.01152748,0.00000000,-0.00162438
2024-03-29,0.00000000,0.00000000,0.00000000,1017.22997749,2175.08833830,1596.15915790,508.61498875,1087.54416915,0.31864929,-0.01152748,0.00000000,-0.00162438
2024-03-30,0.00000000,0.00000000,0.00000000,1017.22997749,2175.08833830,1596.15915790,508.61498875,1087.54416915,0.31864929,-0.01152748,0.00000000,-0.00162438
2024-03-31,0.00000000,0.00000000,0.00000000,1017.22997749,2175.08833830,1596.15915790,508.61498875,1087.54416915,0.31864929,-0.01152748,0.00000000,-0.00162438
2024-04-01,0.00000000,0.00000000,0.00000000,1017.22997749,2175.08833830,1596.15915790,508.61498875,1087.54416915,0.31864929,-0.01152748,0.00000000,-0.00162438
2024-04-02,0.00000000,0.00000000,0.00000000,1017.22997749,2175.08833830,1596.15915790,508.61498875,1087.54416915,0.31864929,-0.01152748,0.00000000,-0.00162438
2024-04-03,0.00000000,0.00000000,0.00000000,1017.22997749,2175.08833830,1596.15915790,508.61498875,1087.54416915,0.31864929,-0.01152748,0.00000000,-0.00162438
2024-04-04,0.00000000,0.00000000,0.00000000,1017.22997749,2175.08833830,1596.15915790,508.61498875,1087.54416915,0.31864929,-0.01152748,0.00000000,-0.00162438
2024-04-05,-0.00697860,0.00000000,-0.00222372,1010.13114002,2175.08833830,1592.60973916,505.06557001,1087.54416915,0.31713078,-0.01842563,0.00000000,-0.00384449
2024-04-06,0.00000000,0.00000000,0.00000000,1010.13114002,2175.08833830,1592.60973916,505.06557001,1087.54416915,0.31713078,-0.01842563,0.00000000,-0.00384449
2024-04-07,0.00000000,0.00402891,0.00275122,1010.13114002,2183.85157731,1596.99135866,505.06557001,1091.92578865,0.31626068,-0.01842563,0.00000000,-0.00110385
2024-04-08,0.00608009,0.02452538,0.01869186,1016.27283120,2237.41137256,1626.84210188,508.13641560,1118.70568628,0.31234526,-0.01245757,0.00000000,0.00000000
2024-04-09,0.00000000,0.00000000,0.00000000,1016.27283120,2237.41137256,1626.84210188,508.13641560,1118.70568628,0.31234526,-0.01245757,0.00000000,0.00000000
2024-04-10,0.00193019,0.00000000,0.00060289,1018.23443379,2237.41137256,1627.82290317,509.11721690,1118.70568628,0.31275959,-0.01055142,0.00000000,0.00000000
2024-04-11,-0.00560469,0.00000000,-0.00175292,1012.52754332,2237.41137256,1624.96945794,506.26377166,1118.70568628,0.31155279,-0.01609698,0.00000000,-0.00175292
2024-04-12,0.00000000,0.00000000,0.00000000,1012.52754332,2237.41137256,1624.96945794,506.26377166,1118.70568628,0.31155279,-0.01609698,0.00000000,-0.00175292
2024-04-13,0.00000000,0.00000000,0.00000000,1012.52754332,2237.41137256,1624.96945794,506.26377166,1118.70568628,0.31155279,-0.01609698,0.00000000,-0.00175292
2024-04-14,0.00000000,0.00000000,0.00000000,1012.52754332,2237.41137256,1624.96945794,506.26377166,1118.70568628,0.31155279,-0.01609698,0.00000000,-0.00175292
2024-04-15,0.00000000,0.00000000,0.00000000,1012.52754332,2237.41137256,1624.96945794,506.26377166,1118.70568628,0.31155279,-0.01609698,0.00000000,-0.00175292
2024-04-16,0.00000000,0.00000000,0.00000000,1012.52754332,2237.41137256,1624.96945794,506.26377166,1118.70568628,0.31155279,-0.01609698,0.00000000,-0.00175292
2024-04-17,0.00000000,0.00000000,0.00000000,1012.52754332,2237.41137256,1624.96945794,506.26377166,1118.70568628,0.31155279,-0.01609698,0.00000000,-0.00175292
2024-04-18,0.00000000,0.00000000,0.00000000,1012.52754332,2237.41137256,1624.96945794,506.26377166,1118.70568628,0.31155279,-0.01609698,0.00000000,-0.00175292
2024-04-19,0.00000000,0.00000000,0.00000000,1012.52754332,2237.41137256,1624.96945794,506.26377166,1118.70568628,0.31155279,-0.01609698,0.00000000,-0.00175292
2024-04-20,0.00000000,0.00000000,0.00000000,1012.52754332,2237.41137256,1624.96945794,506.26377166,1118.70568628,0.31155279,-0.01609698,0.00000000,-0.00175292
2024-04-21,0.00000000,0.00000000,0.00000000,1012.52754332,2237.41137256,1624.96945794,506.26377166,1118.70568628,0.31155279,-0.01609698,0.00000000,-0.00175292
2024-04-22,-0.00381700,0.00000000,-0.00118920,1008.66272751,2237.41137256,1623.03705003,504.33136376,1118.70568628,0.31073312,-0.01985253,0.00000000,-0.00294003
2024-04-23,0.00000000,0.00000000,0.00000000,1008.66272751,2237.41137256,1623.03705003,504.33136376,1118.70568628,0.31073312,-0.01985253,0.00000000,-0.00294003
2024-04-24,0.00000000,-0.00472552,-0.00325714,1008.66272751,2226.83845128,1617.75058940,504.33136376,1113.41922564,0.31174853,-0.01985253,-0.00472552,-0.00618760
2024-04-25,0.00000000,0.00000000,0.00000000,1008.66272751,2226.83845128,1617.75058940,504.33136376,1113.41922564,0.31174853,-0.01985253,-0.00472552,-0.00618760
2024-04-26,0.00000000,0.00000000,0.00000000,1008.66272751,2226.83845128,1617.75058940,504.33136376,1113.41922564,0.31174853,-0.01985253,-0.00472552,-0.00618760
2024-04-27,0.00000000,-0.00570151,-0.00392407,1008.66272751,2214.14212054,1611.40242403,504.33136376,1107.07106027,0.31297667,-0.01985253,-0.01040008,-0.01008739
2024-04-28,0.00000000,0.00000000,0.00000000,1008.66272751,2214.14212054,1611.40242403,504.33136376,1107.07106027,0.31297667,-0.01985253,-0.01040008,-0.01008739
2024-04-29,0.00000000,0.00000000,0.00000000,1008.66272751,2214.14212054,1611.40242403,504.33136376,1107.07106027,0.31297667,-0.01985253,-0.01040008,-0.01008739
2024-04-30,0.00000000,-0.00616830,-0.00423776,1008.66272751,2200.48463416,1604.57368084,504.33136376,1100.24231708,0.31430864,-0.01985253,-0.01650422,-0.01428240
2024-05-01,0.00000000,0.00000000,0.00000000,1008.66272751,2200.48463416,1604.57368084,504.33136376,1100.24231708,0.31430864,-0.01985253,-0.01650422,-0.01428240
2024-05-02,0.00000000,0.00000000,0.00000000,1008.66272751,2200.48463416,1604.57368084,504.33136376,1100.24231708,0.31430864,-0.01985253,-0.01650422,-0.01428240
2024-05-03,0.00000000,0.00000000,0.00000000,1008.66272751,2200.48463416,1604.57368084,504.33136376,1100.24231708,0.31430864,-0.01985253,-0.01650422,-0.01428240
2024-05-04,0.00000000,-0.00605668,-0.00415301,1008.66272751,2187.15699870,1597.90986310,504.33136376,1093.57849935,0.31561941,-0.01985253,-0.02246095,-0.01837610
2024-05-05,0.00000000,0.00000000,0.00000000,1008.66272751,2187.15699870,1597.90986310,504.33136376,1093.57849935,0.31561941,-0.01985253,-0.02246095,-0.01837610
2024-05-06,-0.00406724,-0.00492282,-0.00465279,1004.56025264,2176.39000952,1590.47513108,502.28012632,1088.19500476,0.31580508,-0.02383903,-0.02727320,-0.02294339
2024-05-07,0.00000000,0.00000000,0.00000000,1004.56025264,2176.39000952,1590.47513108,502.28012632,1088.19500476,0.31580508,-0.02383903,-0.02727320,-0.02294339
2024-05-08,0.00000000,0.00000000,0.00000000,1004.56025264,2176.39000952,1590.47513108,502.28012632,1088.19500476,0.31580508,-0.02383903,-0.02727320,-0.02294339
2024-05-09,0.00000000,0.00000000,0.00000000,1004.56025264,2176.39000952,1590.47513108,502.28012632,1088.19500476,0.31580508,-0.02383903,-0.02727320,-0.02294339
2024-05-10,0.00000000,0.00000000,0.00000000,1004.56025264,2176.39000952,1590.47513108,502.28012632,1088.19500476,0.31580508,-0.02383903,-0.02727320,-0.02294339
2024-05-11,0.00000000,0.00000000,0.00000000,1004.56025264,2176.39000952,1590.47513108,502.28012632,1088.19500476,0.31580508,-0.02383903,-0.02727320,-0.02294339
2024-05-12,0.00000000,0.00000000,0.00000000,1004.56025264,2176.39000952,1590.47513108,502.28012632,1088.19500476,0.31580508,-0.02383903,-0.02727320,-0.02294339
2024-05-13,0.00000000,0.00000000,0.00000000,1004.56025264,2176.39000952,1590.47513108,502.28012632,1088.19500476,0.31580508,-0.02383903,-0.02727320,-0.02294339
2024-05-14,0.00000000,0.00000000,0.00000000,1004.56025264,2176.39000952,1590.47513108,502.28012632,1088.19500476,0.31580508,-0.02383903,-0.02727320,-0.02294339
2024-05-15,0.00000000,0.00000000,0.00000000,1004.56025264,2176.39000952,1590.47513108,502.28012632,1088.19500476,0.31580508,-0.02383903,-0.02727320,-0.02294339
2024-05-16,0.00000000,0.00000000,0.00000000,1004.56025264,2176.39000952,1590.47513108,502.28012632,1088.19500476,0.31580508,-0.02383903,-0.02727320,-0.02294339
2024-05-17,-0.00317874,-0.01600866,-0.01195690,1001.36701777,2141.54892545,1571.45797161,500.68350889,1070.77446273,0.31861082,-0.02694199,-0.04284525,-0.03462596
2024-05-18,0.00000000,0.00000000,0.00000000,1001.36701777,2141.54892545,1571.45797161,500.68350889,1070.77446273,0.31861082,-0.02694199,-0.04284525,-0.03462596
2024-05-19,0.00000000,0.00000000,0.00000000,1001.36701777,2141.54892545,1571.45797161,500.68350889,1070.77446273,0.31861082,-0.02694199,-0.04284525,-0.03462596
2024-05-20,0.01295106,0.03719026,0.02946739,1014.33578446,2221.19368210,1617.76473328,507.16789223,1110.59684105,0.31349916,-0.01433986,-0.00724842,-0.00617891
2024-05-21,-0.00374534,0.01225570,0.00723939,1010.53675070,2248.41597227,1629.47636148,505.26837535,1124.20798614,0.31008021,-0.01803149,0.00000000,0.00000000
2024-05-22,0.00000000,0.00000000,0.00000000,1010.53675070,2248.41597227,1629.47636148,505.26837535,1124.20798614,0.31008021,-0.01803149,0.00000000,0.00000000
2024-05-23,0.00000000,-0.00474050,-0.00327057,1010.53675070,2237.75734884,1624.14704977,505.26837535,1118.87867442,0.31109768,-0.01803149,-0.00474050,-0.00327057
2024-05-24,0.00000000,0.00000000,0.00000000,1010.53675070,2237.75734884,1624.14704977,505.26837535,1118.87867442,0.31109768,-0.01803149,-0.00474050,-0.00327057
2024-05-25,0.00000000,0.00000000,0.00000000,1010.53675070,2237.75734884,1624.14704977,505.26837535,1118.87867442,0.31109768,-0.01803149,-0.00474050,-0.00327057
2024-05-26,0.00000000,-0.00463422,-0.00319253,1010.53675070,2227.38708102,1618.96191586,505.26837535,1113.69354051,0.31209405,-0.01803149,-0.00935276,-0.00645265
2024-05-27,0.00000000,-0.01770562,-0.01217980,1010.53675070,2187.94981900,1599.24328485,505.26837535,1093.97490950,0.31594216,-0.01803149,-0.02689278,-0.01855386
2024-05-28,0.00000000,0.00000000,0.00000000,1010.53675070,2187.94981900,1599.24328485,505.26837535,1093.97490950,0.31594216,-0.01803149,-0.02689278,-0.01855386
2024-05-29,0.00000000,0.00000000,0.00000000,1010.53675070,2187.94981900,1599.24328485,505.26837535,1093.97490950,0.31594216,-0.01803149,-0.02689278,-0.01855386
2024-05-30,0.00000000,0.00000000,0.00000000,1010.53675070,2187.94981900,1599.24328485,505.26837535,1093.97490950,0.31594216,-0.01803149,-0.02689278,-0.01855386
2024-05-31,0.00000000,0.00000000,0.00000000,1010.53675070,2187.94981900,1599.24328485,505.26837535,1093.97490950,0.31594216,-0.01803149,-0.02689278,-0.01855386
2024-06-01,0.00000000,0.00000000,0.00000000,1010.53675070,2187.94981900,1599.24328485,505.26837535,1093.97490950,0.31594216,-0.01803149,-0.02689278,-0.01855386
2024-06-02,0.00000000,0.00000000,0.00000000,1010.53675070,2187.94981900,1599.24328485,505.26837535,1093.97490950,0.31594216,-0.01803149,-0.02689278,-0.01855386
2024-06-03,-0.01129711,-0.00384919,-0.00620230,999.12060559,2179.52798982,1589.32429770,499.56030279,1089.76399491,0.31432245,-0.02912490,-0.03063845,-0.02464108
2024-06-04,-0.00318255,0.00000000,-0.00100035,995.94085097,2179.52798982,1587.73442039,497.97042548,1089.76399491,0.31363584,-0.03221476,-0.03063845,-0.02561678
2024-06-05,0.00000000,-0.00841610,-0.00577651,995.94085097,2161.18485909,1578.56285503,497.97042548,1080.59242954,0.31545809,-0.03221476,-0.03879670,-0.03124532
2024-06-06,0.00000000,0.00000000,0.00000000,995.94085097,2161.18485909,1578.56285503,497.97042548,1080.59242954,0.31545809,-0.03221476,-0.03879670,-0.03124532
2024-06-07,0.00000000,0.00000000,0.00000000,995.94085097,2161.18485909,1578.56285503,497.97042548,1080.59242954,0.31545809,-0.03221476,-0.03879670,-0.03124532
2024-06-08,0.00000000,0.00000000,0.00000000,995.94085097,2161.18485909,1578.56285503,497.97042548,1080.59242954,0.31545809,-0.03221476,-0.03879670,-0.03124532
2024-06-09,0.00000000,0.00000000,0.00000000,995.94085097,2161.18485909,1578.56285503,497.97042548,1080.59242954,0.31545809,-0.03221476,-0.03879670,-0.03124532
2024-06-10,0.00000000,0.00000000,0.00000000,995.94085097,2161.18485909,1578.56285503,497.97042548,1080.59242954,0.31545809,-0.03221476,-0.03879670,-0.03124532
2024-06-11,0.00000000,0.00000000,0.00000000,995.94085097,2161.18485909,1578.56285503,497.97042548,1080.59242954,0.31545809,-0.03221476,-0.03879670,-0.03124532
2024-06-12,0.00000000,0.00000000,0.00000000,995.94085097,2161.18485909,1578.56285503,497.97042548,1080.59242954,0.31545809,-0.03221476,-0.03879670,-0.03124532
2024-06-13,0.00000000,0.00000000,0.00000000,995.94085097,2161.18485909,1578.56285503,497.97042548,1080.59242954,0.31545809,-0.03221476,-0.03879670,-0.03124532
2024-06-14,0.00000000,0.00000000,0.00000000,995.94085097,2161.18485909,1578.56285503,497.97042548,1080.59242954,0.31545809,-0.03221476,-0.03879670,-0.03124532
2024-06-15,0.00000000,0.00000000,0.00000000,995.94085097,2161.18485909,1578.56285503,497.97042548,1080.59242954,0.31545809,-0.03221476,-0.03879670,-0.03124532
2024-06-16,0.00000000,-0.00623794,-0.00427013,995.94085097,2147.70351354,1571.82218226,497.97042548,1073.85175677,0.31681092,-0.03221476,-0.04479263,-0.03538203
2024-06-17,0.00000000,-0.00391762,-0.00267647,995.94085097,2139.28963281,1567.61524189,497.97042548,1069.64481640,0.31766113,-0.03221476,-0.04853476,-0.03796380
2024-06-18,0.00000000,0.00000000,0.00000000,995.94085097,2139.28963281,1567.61524189,497.97042548,1069.64481640,0.31766113,-0.03221476,-0.04853476,-0.03796380
2024-06-19,0.00000000,0.00000000,0.00000000,995.94085097,2139.28963281,1567.61524189,497.97042548,1069.64481640,0.31766113,-0.03221476,-0.04853476,-0.03796380
2024-06-20,0.00000000,0.00000000,0.00000000,995.94085097,2139.28963281,1567.61524189,497.97042548,1069.64481640,0.31766113,-0.03221476,-0.04853476,-0.03796380
2024-06-21,0.00000000,0.00000000,0.00000000,995.94085097,2139.28963281,1567.61524189,497.97042548,1069.64481640,0.31766113,-0.03221476,-0.04853476,-0.03796380
2024-06-22,0.00000000,0.00000000,0.00000000,995.94085097,2139.28963281,1567.61524189,497.97042548,1069.64481640,0.31766113,-0.03221476,-0.04853476,-0.03796380
2024-06-23,0.00000000,0.00000000,0.00000000,995.94085097,2139.28963281,1567.61524189,497.97042548,1069.64481640,0.31766113,-0.03221476,-0.04853476,-0.03796380
2024-06-24,0.00000000,0.00000000,0.00000000,995.94085097,2139.28963281,1567.61524189,497.97042548,1069.64481640,0.31766113,-0.03221476,-0.04853476,-0.03796380
2024-06-25,0.00000000,0.00000000,0.00000000,995.94085097,2139.28963281,1567.61524189,497.97042548,1069.64481640,0.31766113,-0.03221476,-0.04853476,-0.03796380
2024-06-26,0.00000000,0.00000000,0.00000000,995.94085097,2139.28963281,1567.61524189,497.97042548,1069.64481640,0.31766113,-0.03221476,-0.04853476,-0.03796380
2024-06-27,0.00000000,0.00000000,0.00000000,995.94085097,2139.28963281,1567.61524189,497.97042548,1069.64481640,0.31766113,-0.03221476,-0.04853476,-0.03796380
2024-06-28,0.00000000,0.00000000,0.00000000,995.94085097,2139.28963281,1567.61524189,497.97042548,1069.64481640,0.31766113,-0.03221476,-0.04853476,-0.03796380
2024-06-29,0.00000000,0.00000000,0.00000000,995.94085097,2139.28963281,1567.61524189,497.97042548,1069.64481640,0.31766113,-0.03221476,-0.04853476,-0.03796380
2024-06-30,-0.00859815,0.00000000,-0.00273130,987.37760483,2139.28963281,1563.33361882,493.68880242,1069.64481640,0.31579235,-0.04053592,-0.04853476,-0.04059141
2024-07-01,0.00244223,0.00000000,0.00077124,989.78900549,2139.28963281,1564.53931915,494.89450275,1069.64481640,0.31631963,-0.03819269,-0.04853476,-0.03985148
2024-07-02,-0.01237297,0.00000000,-0.00391381,977.54237223,2139.28963281,1558.41600252,488.77118612,1069.64481640,0.31363332,-0.05009310,-0.04853476,-0.04360932
2024-07-03,0.03073438,0.00000000,0.00963933,1007.58652905,2139.28963281,1573.43808093,503.79326452,1069.64481640,0.32018627,-0.02089831,-0.04853476,-0.03439036
2024-07-04,0.04883457,0.00000000,0.01563616,1056.79158122,2139.28963281,1598.04060701,528.39579061,1069.64481640,0.33065229,0.00000000,-0.04853476,-0.01929194
2024-07-05,0.02670277,0.00000000,0.00882933,1085.01084864,2139.28963281,1612.15024072,542.50542432,1069.64481640,0.33651046,0.00000000,-0.04853476,-0.01063294
2024-07-06,0.00000000,0.00000000,0.00000000,1085.01084864,2139.28963281,1612.15024072,542.50542432,1069.64481640,0.33651046,0.00000000,-0.04853476,-0.01063294
2024-07-07,0.00671674,0.00000000,0.00226025,1092.29858202,2139.28963281,1615.79410742,546.14929101,1069.64481640,0.33800674,0.00000000,-0.04853476,-0.00839672
2024-07-08,-0.02542448,0.00000000,-0.00859365,1064.52745739,2139.28963281,1601.90854510,532.26372869,1069.64481640,0.33226849,-0.02542448,-0.04853476,-0.01691821
2024-07-09,0.00000000,0.00000000,0.00000000,1064.52745739,2139.28963281,1601.90854510,532.26372869,1069.64481640,0.33226849,-0.02542448,-0.04853476,-0.01691821
2024-07-10,0.00000000,0.00000000,0.00000000,1064.52745739,2139.28963281,1601.90854510,532.26372869,1069.64481640,0.33226849,-0.02542448,-0.04853476,-0.01691821
2024-07-11,0.00000000,0.00000000,0.00000000,1064.52745739,2139.28963281,1601.90854510,532.26372869,1069.64481640,0.33226849,-0.02542448,-0.04853476,-0.01691821
2024-07-12,0.00000000,-0.00393979,-0.00263072,1064.52745739,2130.86128354,1597.69437046,532.26372869,1065.43064177,0.33314490,-0.02542448,-0.05228334,-0.01950442
2024-07-13,-0.00244953,-0.00661950,-0.00523030,1061.91987004,2116.75604385,1589.33795695,530.95993502,1058.37802193,0.33407617,-0.02781173,-0.05855675,-0.02463270
2024-07-14,-0.01274964,-0.00688150,-0.00884191,1048.38077617,2102.18957768,1575.28517692,524.19038808,1051.09478884,0.33275904,-0.04020678,-0.06503529,-0.03325681
2024-07-15,0.00291150,0.00829305,0.00650229,1051.43313410,2119.62313766,1585.52813588,525.71656705,1059.81156883,0.33157189,-0.03741234,-0.05728159,-0.02697077
2024-07-16,0.00000000,-0.01157978,-0.00774025,1051.43313410,2095.07837479,1573.25575444,525.71656705,1047.53918740,0.33415836,-0.03741234,-0.06819806,-0.03450225
2024-07-17,0.00000000,0.00000000,0.00000000,1051.43313410,2095.07837479,1573.25575444,525.71656705,1047.53918740,0.33415836,-0.03741234,-0.06819806,-0.03450225
2024-07-18,0.00000000,0.00000000,0.00000000,1051.43313410,2095.07837479,1573.25575444,525.71656705,1047.53918740,0.33415836,-0.03741234,-0.06819806,-0.03450225
2024-07-19,0.00000000,-0.00397217,-0.00264483,1051.43313410,2086.75637378,1569.09475394,525.71656705,1043.37818689,0.33504450,-0.03741234,-0.07189933,-0.03705584
2024-07-20,0.00000000,-0.00401388,-0.00266905,1051.43313410,2078.38038137,1564.90675773,525.71656705,1039.19019068,0.33594114,-0.03741234,-0.07562461,-0.03962598
2024-07-21,-0.00958569,0.00000000,-0.00322023,1041.35442288,2078.38038137,1559.86740212,520.67721144,1039.19019068,0.33379582,-0.04663941,-0.07562461,-0.04271861
2024-07-22,0.00000000,0.00000000,0.00000000,1041.35442288,2078.38038137,1559.86740212,520.67721144,1039.19019068,0.33379582,-0.04663941,-0.07562461,-0.04271861
2024-07-23,0.00000000,0.00000000,0.00000000,1041.35442288,2078.38038137,1559.86740212,520.67721144,1039.19019068,0.33379582,-0.04663941,-0.07562461,-0.04271861
2024-07-24,0.00000000,0.00000000,0.00000000,1041.35442288,2078.38038137,1559.86740212,520.67721144,1039.19019068,0.33379582,-0.04663941,-0.07562461,-0.04271861
2024-07-25,0.00000000,0.00000000,0.00000000,1041.35442288,2078.38038137,1559.86740212,520.67721144,1039.19019068,0.33379582,-0.04663941,-0.07562461,-0.04271861
2024-07-26,0.00000000,0.00000000,0.00000000,1041.35442288,2078.38038137,1559.86740212,520.67721144,1039.19019068,0.33379582,-0.04663941,-0.07562461,-0.04271861
2024-07-27,-0.00742372,0.00000000,-0.00247801,1033.62369485,2078.38038137,1556.00203811,516.81184743,1039.19019068,0.33214086,-0.05371689,-0.07562461,-0.04509076
2024-07-28,0.00000000,0.00000000,0.00000000,1033.62369485,2078.38038137,1556.00203811,516.81184743,1039.19019068,0.33214086,-0.05371689,-0.07562461,-0.04509076
2024-07-29,0.00000000,-0.00481671,-0.00321688,1033.62369485,2068.36942783,1550.99656134,516.81184743,1034.18471392,0.33321276,-0.05371689,-0.08007706,-0.04816259
2024-07-30,0.00000000,-0.00484459,-0.00323031,1033.62369485,2058.34901659,1545.98635572,516.81184743,1029.17450829,0.33429263,-0.05371689,-0.08453372,-0.05123732
2024-07-31,0.00000000,0.00000000,0.00000000,1033.62369485,2058.34901659,1545.98635572,516.81184743,1029.17450829,0.33429263,-0.05371689,-0.08453372,-0.05123732
2024-08-01,0.00000000,0.00000000,0.00000000,1033.62369485,2058.34901659,1545.98635572,516.81184743,1029.17450829,0.33429263,-0.05371689,-0.08453372,-0.05123732
2024-08-02,0.00000000,0.00000000,0.00000000,1033.62369485,2058.34901659,1545.98635572,516.81184743,1029.17450829,0.33429263,-0.05371689,-0.08453372,-0.05123732
2024-08-03,0.00000000,0.00000000,0.00000000,1033.62369485,2058.34901659,1545.98635572,516.81184743,1029.17450829,0.33429263,-0.05371689,-0.08453372,-0.05123732
2024-08-04,0.00000000,0.00000000,0.00000000,1033.62369485,2058.34901659,1545.98635572,516.81184743,1029.17450829,0.33429263,-0.05371689,-0.08453372,-0.05123732
2024-08-05,0.04417644,0.00000000,0.01476786,1079.28551121,2058.34901659,1568.81726390,539.64275560,1029.17450829,0.34398063,-0.01191347,-0.08453372,-0.03722613
2024-08-06,0.00000000,0.00000000,0.00000000,1079.28551121,2058.34901659,1568.81726390,539.64275560,1029.17450829,0.34398063,-0.01191347,-0.08453372,-0.03722613
2024-08-07,0.00000000,0.00000000,0.00000000,1079.28551121,2058.34901659,1568.81726390,539.64275560,1029.17450829,0.34398063,-0.01191347,-0.08453372,-0.03722613
2024-08-08,0.03774087,0.03619323,0.03672559,1120.01868615,2132.84732449,1626.43300532,560.00934307,1066.42366224,0.34431750,0.00000000,-0.05140003,-0.00186769
2024-08-09,-0.00240083,-0.01005411,-0.00741895,1117.32971247,2111.40344272,1614.36657759,558.66485623,1055.70172136,0.34605824,-0.00240083,-0.06093736,-0.00927278
2024-08-10,0.00000000,0.00000000,0.00000000,1117.32971247,2111.40344272,1614.36657759,558.66485623,1055.70172136,0.34605824,-0.00240083,-0.06093736,-0.00927278
2024-08-11,0.00000000,0.00000000,0.00000000,1117.32971247,2111.40344272,1614.36657759,558.66485623,1055.70172136,0.34605824,-0.00240083,-0.06093736,-0.00927278
2024-08-12,0.00000000,-0.00585384,-0.00382807,1117.32971247,2099.04361664,1608.18666455,558.66485623,1049.52180832,0.34738807,-0.00240083,-0.06643448,-0.01306536
2024-08-13,0.00000000,0.00000000,0.00000000,1117.32971247,2099.04361664,1608.18666455,558.66485623,1049.52180832,0.34738807,-0.00240083,-0.06643448,-0.01306536
2024-08-14,0.00000000,0.00000000,0.00000000,1117.32971247,2099.04361664,1608.18666455,558.66485623,1049.52180832,0.34738807,-0.00240083,-0.06643448,-0.01306536
2024-08-15,0.00000000,0.00000000,0.00000000,1117.32971247,2099.04361664,1608.18666455,558.66485623,1049.52180832,0.34738807,-0.00240083,-0.06643448,-0.01306536
2024-08-16,0.00000000,0.00000000,0.00000000,1117.32971247,2099.04361664,1608.18666455,558.66485623,1049.52180832,0.34738807,-0.00240083,-0.06643448,-0.01306536
2024-08-17,0.00000000,0.00000000,0.00000000,1117.32971247,2099.04361664,1608.18666455,558.66485623,1049.52180832,0.34738807,-0.00240083,-0.06643448,-0.01306536
2024-08-18,0.00000000,-0.00330403,-0.00215625,1117.32971247,2092.10830746,1604.71900997,558.66485623,1046.05415373,0.34813874,-0.00240083,-0.06951902,-0.01519344
2024-08-19,0.00000000,0.00000000,0.00000000,1117.32971247,2092.10830746,1604.71900997,558.66485623,1046.05415373,0.34813874,-0.00240083,-0.06951902,-0.01519344
2024-08-20,0.00493184,0.00044414,0.00200649,1122.84020923,2093.03750648,1607.93885785,561.42010461,1046.51875324,0.34915513,0.00000000,-0.06910575,-0.01321744
2024-08-21,0.00766020,0.00000000,0.00267460,1131.44138534,2093.03750648,1612.23944591,565.72069267,1046.51875324,0.35089124,0.00000000,-0.06910575,-0.01057819
2024-08-22,0.00000000,0.00000000,0.00000000,1131.44138534,2093.03750648,1612.23944591,565.72069267,1046.51875324,0.35089124,0.00000000,-0.06910575,-0.01057819
2024-08-23,0.01278540,0.00836003,0.00991285,1145.90731681,2110.53535791,1628.22133736,572.95365840,1055.26767896,0.35188929,0.00000000,-0.06132345,-0.00077020
2024-08-24,0.00000000,-0.00464955,-0.00301343,1145.90731681,2100.72231196,1623.31481438,572.95365840,1050.36115598,0.35295289,0.00000000,-0.06568787,-0.00378130
2024-08-25,0.00000000,0.00000000,0.00000000,1145.90731681,2100.72231196,1623.31481438,572.95365840,1050.36115598,0.35295289,0.00000000,-0.06568787,-0.00378130
2024-08-26,0.00000000,0.00000000,0.00000000,1145.90731681,2100.72231196,1623.31481438,572.95365840,1050.36115598,0.35295289,0.00000000,-0.06568787,-0.00378130
2024-08-27,0.00000000,0.00000000,0.00000000,1145.90731681,2100.72231196,1623.31481438,572.95365840,1050.36115598,0.35295289,0.00000000,-0.06568787,-0.00378130
2024-08-28,0.00000000,0.00000000,0.00000000,1145.90731681,2100.72231196,1623.31481438,572.95365840,1050.36115598,0.35295289,0.00000000,-0.06568787,-0.00378130
2024-08-29,0.00000000,0.00000000,0.00000000,1145.90731681,2100.72231196,1623.31481438,572.95365840,1050.36115598,0.35295289,0.00000000,-0.06568787,-0.00378130
2024-08-30,0.00000000,0.00000000,0.00000000,1145.90731681,2100.72231196,1623.31481438,572.95365840,1050.36115598,0.35295289,0.00000000,-0.06568787,-0.00378130
2024-08-31,0.00000000,0.00000000,0.00000000,1145.90731681,2100.72231196,1623.31481438,572.95365840,1050.36115598,0.35295289,0.00000000,-0.06568787,-0.00378130
2024-09-01,0.00000000,0.00000000,0.00000000,1145.90731681,2100.72231196,1623.31481438,572.95365840,1050.36115598,0.35295289,0.00000000,-0.06568787,-0.00378130
2024-09-02,0.00000000,-0.00438933,-0.00284011,1145.90731681,2091.50154256,1618.70442969,572.95365840,1045.75077128,0.35395817,0.00000000,-0.06978888,-0.00661067
2024-09-03,-0.00393093,0.00000000,-0.00139139,1141.40283457,2091.50154256,1616.45218857,570.70141728,1045.75077128,0.35305803,-0.00393093,-0.06978888,-0.00799286
2024-09-04,0.00000000,0.00000000,0.00000000,1141.40283457,2091.50154256,1616.45218857,570.70141728,1045.75077128,0.35305803,-0.00393093,-0.06978888,-0.00799286
2024-09-05,0.00000000,0.00000000,0.00000000,1141.40283457,2091.50154256,1616.45218857,570.70141728,1045.75077128,0.35305803,-0.00393093,-0.06978888,-0.00799286
2024-09-06,0.00000000,0.00000000,0.00000000,1141.40283457,2091.50154256,1616.45218857,570.70141728,1045.75077128,0.35305803,-0.00393093,-0.06978888,-0.00799286
2024-09-07,0.00000000,0.00000000,0.00000000,1141.40283457,2091.50154256,1616.45218857,570.70141728,1045.75077128,0.35305803,-0.00393093,-0.06978888,-0.00799286
2024-09-08,0.00000000,0.00000000,0.00000000,1141.40283457,2091.50154256,1616.45218857,570.70141728,1045.75077128,0.35305803,-0.00393093,-0.06978888,-0.00799286
2024-09-09,0.01959502,0.00000000,0.00691818,1163.76864541,2091.50154256,1627.63509398,581.88432270,1045.75077128,0.35750293,0.00000000,-0.06978888,-0.00112997
2024-09-10,0.00000000,-0.00903554,-0.00580531,1163.76864541,2072.60369422,1618.18616982,581.88432270,1036.30184711,0.35959047,0.00000000,-0.07819384,-0.00692872
2024-09-11,0.00000000,0.00000000,0.00000000,1163.76864541,2072.60369422,1618.18616982,581.88432270,1036.30184711,0.35959047,0.00000000,-0.07819384,-0.00692872
2024-09-12,-0.00507101,0.00000000,-0.00182349,1157.86716214,2072.60369422,1615.23542818,578.93358107,1036.30184711,0.35842056,-0.00507101,-0.07819384,-0.00873958
2024-09-13,0.02518017,0.00000000,0.00902509,1187.02245028,2072.60369422,1629.81307225,593.51122514,1036.30184711,0.36415908,0.00000000,-0.07819384,0.00000000
2024-09-14,-0.00880723,0.00000000,-0.00320723,1176.56806626,2072.60369422,1624.58588024,588.28403313,1036.30184711,0.36211323,-0.00880723,-0.07819384,-0.00320723
2024-09-15,-0.00799863,0.00000000,-0.00289641,1167.15712882,2072.60369422,1619.88041152,583.57856441,1036.30184711,0.36026028,-0.01673542,-0.07819384,-0.00609436
2024-09-16,0.00000000,0.00000000,0.00000000,1167.15712882,2072.60369422,1619.88041152,583.57856441,1036.30184711,0.36026028,-0.01673542,-0.07819384,-0.00609436
2024-09-17,0.00000000,0.00000000,0.00000000,1167.15712882,2072.60369422,1619.88041152,583.57856441,1036.30184711,0.36026028,-0.01673542,-0.07819384,-0.00609436
2024-09-18,0.00000000,0.00000000,0.00000000,1167.15712882,2072.60369422,1619.88041152,583.57856441,1036.30184711,0.36026028,-0.01673542,-0.07819384,-0.00609436
2024-09-19,0.00000000,0.00000000,0.00000000,1167.15712882,2072.60369422,1619.88041152,583.57856441,1036.30184711,0.36026028,-0.01673542,-0.07819384,-0.00609436
2024-09-20,0.00000000,-0.00402952,-0.00257784,1167.15712882,2064.25210004,1615.70461443,583.57856441,1032.12605002,0.36119137,-0.01673542,-0.08190827,-0.00865649
2024-09-21,0.00000000,0.00000000,0.00000000,1167.15712882,2064.25210004,1615.70461443,583.57856441,1032.12605002,0.36119137,-0.01673542,-0.08190827,-0.00865649
2024-09-22,0.00000000,0.00000000,0.00000000,1167.15712882,2064.25210004,1615.70461443,583.57856441,1032.12605002,0.36119137,-0.01673542,-0.08190827,-0.00865649
2024-09-23,0.00000000,-0.00505608,-0.00322987,1167.15712882,2053.81507329,1610.48610106,583.57856441,1026.90753665,0.36236175,-0.01673542,-0.08655022,-0.01185840
2024-09-24,-0.00209683,0.00000000,-0.00075981,1164.70979620,2053.81507329,1609.26243474,582.35489810,1026.90753665,0.36187690,-0.01879716,-0.08655022,-0.01260920
2024-09-25,-0.00843726,0.00000000,-0.00305325,1154.88283363,2053.81507329,1604.34895346,577.44141682,1026.90753665,0.35992258,-0.02707583,-0.08655022,-0.01562395
2024-09-26,0.00000000,0.00000000,0.00000000,1154.88283363,2053.81507329,1604.34895346,577.44141682,1026.90753665,0.35992258,-0.02707583,-0.08655022,-0.01562395
2024-09-27,-0.00515556,0.00000000,-0.00185560,1148.92876365,2053.81507329,1601.37191847,574.46438182,1026.90753665,0.35873264,-0.03209180,-0.08655022,-0.01745056
2024-09-28,-0.00470716,0.00000000,-0.00168861,1143.52056967,2053.81507329,1598.66782148,571.76028483,1026.90753665,0.35764796,-0.03664790,-0.08655022,-0.01910971
2024-09-29,0.00000000,0.00000000,0.00000000,1143.52056967,2053.81507329,1598.66782148,571.76028483,1026.90753665,0.35764796,-0.03664790,-0.08655022,-0.01910971
2024-09-30,0.00000000,0.00000000,0.00000000,1143.52056967,2053.81507329,1598.66782148,571.76028483,1026.90753665,0.35764796,-0.03664790,-0.08655022,-0.01910971
2024-10-01,0.00000000,0.00000000,0.00000000,1143.52056967,2053.81507329,1598.66782148,571.76028483,1026.90753665,0.35764796,-0.03664790,-0.08655022,-0.01910971
2024-10-02,0.00000000,0.00000000,0.00000000,1143.52056967,2053.81507329,1598.66782148,571.76028483,1026.90753665,0.35764796,-0.03664790,-0.08655022,-0.01910971
2024-10-03,0.00000000,0.00000000,0.00000000,1143.52056967,2053.81507329,1598.66782148,571.76028483,1026.90753665,0.35764796,-0.03664790,-0.08655022,-0.01910971
2024-10-04,0.00000000,0.00000000,0.00000000,1143.52056967,2053.81507329,1598.66782148,571.76028483,1026.90753665,0.35764796,-0.03664790,-0.08655022,-0.01910971
2024-10-05,0.00000000,0.00000000,0.00000000,1143.52056967,2053.81507329,1598.66782148,571.76028483,1026.90753665,0.35764796,-0.03664790,-0.08655022,-0.01910971
2024-10-06,-0.00508048,0.00000000,-0.00181702,1137.71093495,2053.81507329,1595.76300412,568.85546748,1026.90753665,0.35647867,-0.04154219,-0.08655022,-0.02089201
2024-10-07,-0.01857596,-0.00974701,-0.01289434,1116.57685837,2033.79651788,1575.18668813,558.28842919,1016.89825894,0.35442683,-0.05934647,-0.09545362,-0.03351696
2024-10-08,0.00000000,-0.01707458,-0.01102289,1116.57685837,1999.07030456,1557.82358147,558.28842919,999.53515228,0.35837718,-0.05934647,-0.11089837,-0.04417040
2024-10-09,0.00000000,-0.00651917,-0.00418285,1116.57685837,1986.03802225,1551.30744031,558.28842919,993.01901112,0.35988252,-0.05934647,-0.11669458,-0.04816849
2024-10-10,0.00000000,-0.00915454,-0.00585998,1116.57685837,1967.85675579,1542.21680708,558.28842919,983.92837789,0.36200385,-0.05934647,-0.12478083,-0.05374620
2024-10-11,0.00000000,0.00000000,0.00000000,1116.57685837,1967.85675579,1542.21680708,558.28842919,983.92837789,0.36200385,-0.05934647,-0.12478083,-0.05374620
2024-10-12,0.00000000,0.00000000,0.00000000,1116.57685837,1967.85675579,1542.21680708,558.28842919,983.92837789,0.36200385,-0.05934647,-0.12478083,-0.05374620
2024-10-13,0.00000000,0.00000000,0.00000000,1116.57685837,1967.85675579,1542.21680708,558.28842919,983.92837789,0.36200385,-0.05934647,-0.12478083,-0.05374620
2024-10-14,0.04316149,0.05847183,0.05292943,1164.76998245,2082.92093519,1623.84545882,582.38499122,1041.46046760,0.35864558,-0.01874646,-0.07360517,-0.00366153
2024-10-15,0.01500571,-0.02251224,-0.00905659,1182.24818723,2036.02972587,1609.13895655,591.12409362,1018.01486293,0.36735429,-0.00402205,-0.09446039,-0.01268496
2024-10-16,0.00836907,0.00000000,0.00307441,1192.14250901,2036.02972587,1614.08611744,596.07125451,1018.01486293,0.36929334,0.00000000,-0.09446039,-0.00964955
2024-10-17,-0.00340269,0.00000000,-0.00125659,1188.08601345,2036.02972587,1612.05786966,594.04300673,1018.01486293,0.36849980,-0.00340269,-0.09446039,-0.01089401
2024-10-18,0.01526049,0.00000000,0.00562349,1206.21678491,2036.02972587,1621.12325539,603.10839246,1018.01486293,0.37203118,0.00000000,-0.09446039,-0.00533179
2024-10-19,-0.00089192,0.00000000,-0.00033182,1205.14093174,2036.02972587,1620.58532880,602.57046587,1018.01486293,0.37182273,-0.00089192,-0.09446039,-0.00566184
2024-10-20,0.00954186,0.03183873,0.02354825,1216.64021481,2100.85433604,1658.74727542,608.32010740,1050.42716802,0.36673465,0.00000000,-0.06562915,0.00000000
2024-10-21,-0.00495655,-0.02122962,-0.01526172,1210.60988142,2056.25400496,1633.43194319,605.30494071,1028.12700248,0.37057249,-0.00495655,-0.08546549,-0.01526172
2024-10-22,0.00000000,0.00000000,0.00000000,1210.60988142,2056.25400496,1633.43194319,605.30494071,1028.12700248,0.37057249,-0.00495655,-0.08546549,-0.01526172
2024-10-23,0.00000000,0.00000000,0.00000000,1210.60988142,2056.25400496,1633.43194319,605.30494071,1028.12700248,0.37057249,-0.00495655,-0.08546549,-0.01526172
2024-10-24,0.00000000,0.00000000,0.00000000,1210.60988142,2056.25400496,1633.43194319,605.30494071,1028.12700248,0.37057249,-0.00495655,-0.08546549,-0.01526172
2024-10-25,-0.00927401,0.00000000,-0.00343669,1199.38267773,2056.25400496,1627.81834135,599.69133887,1028.12700248,0.36840188,-0.01418459,-0.08546549,-0.01864596
2024-10-26,0.00000000,0.00000000,0.00000000,1199.38267773,2056.25400496,1627.81834135,599.69133887,1028.12700248,0.36840188,-0.01418459,-0.08546549,-0.01864596
2024-10-27,0.00000000,0.00000000,0.00000000,1199.38267773,2056.25400496,1627.81834135,599.69133887,1028.12700248,0.36840188,-0.01418459,-0.08546549,-0.01864596
2024-10-28,0.02277518,-0.00555722,0.00488049,1226.69883806,2044.82694778,1635.76289292,613.34941903,1022.41347389,0.37496230,0.00000000,-0.09054776,-0.01385647
2024-10-29,0.04022193,0.02779078,0.03245199,1276.03903076,2101.65428483,1688.84665780,638.01951538,1050.82714242,0.37778416,0.00000000,-0.06527337,0.00000000
2024-10-30,-0.00547468,0.00773040,0.00274173,1269.05311945,2117.90091134,1693.47701539,634.52655972,1058.95045567,0.37468862,-0.00547468,-0.05804756,0.00000000
2024-10-31,-0.01538118,-0.03067704,-0.02494586,1249.53358895,2052.92997108,1651.23178001,624.76679447,1026.46498554,0.37836408,-0.02077165,-0.08694388,-0.02494586
2024-11-01,0.00000000,0.00000000,0.00000000,1249.53358895,2052.92997108,1651.23178001,624.76679447,1026.46498554,0.37836408,-0.02077165,-0.08694388,-0.02494586
2024-11-02,0.00000000,0.00000000,0.00000000,1249.53358895,2052.92997108,1651.23178001,624.76679447,1026.46498554,0.37836408,-0.02077165,-0.08694388,-0.02494586
2024-11-03,0.00000000,0.00000000,0.00000000,1249.53358895,2052.92997108,1651.23178001,624.76679447,1026.46498554,0.37836408,-0.02077165,-0.08694388,-0.02494586
2024-11-04,0.00000000,0.00000000,0.00000000,1249.53358895,2052.92997108,1651.23178001,624.76679447,1026.46498554,0.37836408,-0.02077165,-0.08694388,-0.02494586
2024-11-05,0.00000000,0.00000000,0.00000000,1249.53358895,2052.92997108,1651.23178001,624.76679447,1026.46498554,0.37836408,-0.02077165,-0.08694388,-0.02494586
2024-11-06,0.04423109,0.07105534,0.06090600,1304.80181678,2198.80160023,1751.80170850,652.40090839,1099.40080011,0.37241710,0.00000000,-0.02206637,0.00000000
2024-11-07,0.00375639,0.06380648,0.04144280,1309.70316673,2339.09938546,1824.40127609,654.85158336,1169.54969273,0.35894054,0.00000000,0.00000000,0.00000000
2024-11-08,0.00843343,0.02289997,0.01770734,1320.74846240,2392.66469194,1856.70657717,660.37423120,1196.33234597,0.35566968,0.00000000,0.00000000,0.00000000
2024-11-09,0.00210379,0.05554942,0.03654043,1323.52704459,2525.57583110,1924.55143785,661.76352229,1262.78791555,0.34385338,0.00000000,0.00000000,0.00000000
2024-11-10,0.04828567,0.01823961,0.02857105,1387.43443499,2571.64134814,1979.53789157,693.71721749,1285.82067407,0.35044402,0.00000000,0.00000000,0.00000000
2024-11-11,0.10380332,0.05920052,0.07483130,1531.45473553,2723.88384113,2127.66928833,765.72736776,1361.94192056,0.35989022,0.00000000,0.00000000,0.00000000
2024-11-12,-0.02797970,-0.02781106,-0.02787175,1488.60508569,2648.12974610,2068.36741589,744.30254284,1324.06487305,0.35985026,-0.02797970,-0.02781106,-0.02787175
2024-11-13,0.00000000,0.00000000,0.00000000,1488.60508569,2648.12974610,2068.36741589,744.30254284,1324.06487305,0.35985026,-0.02797970,-0.02781106,-0.02787175
2024-11-14,0.00000000,0.00000000,0.00000000,1488.60508569,2648.12974610,2068.36741589,744.30254284,1324.06487305,0.35985026,-0.02797970,-0.02781106,-0.02787175
2024-11-15,0.00000000,0.00000000,0.00000000,1488.60508569,2648.12974610,2068.36741589,744.30254284,1324.06487305,0.35985026,-0.02797970,-0.02781106,-0.02787175
2024-11-16,0.00000000,0.00000000,0.00000000,1488.60508569,2648.12974610,2068.36741589,744.30254284,1324.06487305,0.35985026,-0.02797970,-0.02781106,-0.02787175
2024-11-17,0.00000000,0.00000000,0.00000000,1488.60508569,2648.12974610,2068.36741589,744.30254284,1324.06487305,0.35985026,-0.02797970,-0.02781106,-0.02787175
2024-11-18,0.00092944,0.00000000,0.00033446,1489.98865387,2648.12974610,2069.05919998,744.99432693,1324.06487305,0.36006429,-0.02707627,-0.02781106,-0.02754662
2024-11-19,0.00000000,0.00000000,0.00000000,1489.98865387,2648.12974610,2069.05919998,744.99432693,1324.06487305,0.36006429,-0.02707627,-0.02781106,-0.02754662
2024-11-20,0.00000000,0.00000000,0.00000000,1489.98865387,2648.12974610,2069.05919998,744.99432693,1324.06487305,0.36006429,-0.02707627,-0.02781106,-0.02754662
2024-11-21,-0.00617344,-0.00907123,-0.00802784,1480.79029860,2624.10794042,2052.44911951,740.39514930,1312.05397021,0.36073740,-0.03308256,-0.03663001,-0.03535332
2024-11-22,0.00000000,-0.00801997,-0.00512687,1480.79029860,2603.06266338,2041.92648099,740.39514930,1301.53133169,0.36259638,-0.03308256,-0.04435622,-0.04029894
2024-11-23,0.00000000,0.00000000,0.00000000,1480.79029860,2603.06266338,2041.92648099,740.39514930,1301.53133169,0.36259638,-0.03308256,-0.04435622,-0.04029894
2024-11-24,0.00000000,0.00000000,0.00000000,1480.79029860,2603.06266338,2041.92648099,740.39514930,1301.53133169,0.36259638,-0.03308256,-0.04435622,-0.04029894
2024-11-25,0.00000000,0.01557947,0.00993041,1480.79029860,2643.61698917,2062.20364389,740.39514930,1321.80849458,0.35903105,-0.03308256,-0.02946780,-0.03076871
2024-11-26,0.00000000,0.00000000,0.00000000,1480.79029860,2643.61698917,2062.20364389,740.39514930,1321.80849458,0.35903105,-0.03308256,-0.02946780,-0.03076871
2024-11-27,0.00000000,0.00000000,0.00000000,1480.79029860,2643.61698917,2062.20364389,740.39514930,1321.80849458,0.35903105,-0.03308256,-0.02946780,-0.03076871
2024-11-28,0.00000000,0.00000000,0.00000000,1480.79029860,2643.61698917,2062.20364389,740.39514930,1321.80849458,0.35903105,-0.03308256,-0.02946780,-0.03076871
2024-11-29,-0.00479194,0.00000000,-0.00172046,1473.69443756,2643.61698917,2058.65571336,736.84721878,1321.80849458,0.35792640,-0.03771597,-0.02946780,-0.03243623
2024-11-30,0.00000000,-0.00983997,-0.00631799,1473.69443756,2617.60386925,2045.64915341,736.84721878,1308.80193463,0.36020215,-0.03771597,-0.03901781,-0.03854929
2024-12-01,-0.00637762,0.00000000,-0.00229723,1464.29578111,2617.60386925,2040.94982518,732.14789056,1308.80193463,0.35872900,-0.04385305,-0.03901781,-0.04075796
2024-12-02,-0.00828436,0.00000000,-0.00297184,1452.16503053,2617.60386925,2034.88444989,726.08251527,1308.80193463,0.35681757,-0.05177411,-0.03901781,-0.04360867
2024-12-03,0.00000000,0.00000000,0.00000000,1452.16503053,2617.60386925,2034.88444989,726.08251527,1308.80193463,0.35681757,-0.05177411,-0.03901781,-0.04360867
2024-12-04,0.00000000,-0.00829375,-0.00533439,1452.16503053,2595.89411697,2024.02957375,726.08251527,1297.94705848,0.35873118,-0.05177411,-0.04698795,-0.04871044
2024-12-05,0.00903359,0.00000000,0.00324063,1465.28329095,2595.89411697,2030.58870396,732.64164547,1297.94705848,0.36080258,-0.04320823,-0.04698795,-0.04562767
2024-12-06,0.00000000,0.00000000,0.00000000,1465.28329095,2595.89411697,2030.58870396,732.64164547,1297.94705848,0.36080258,-0.04320823,-0.04698795,-0.04562767
2024-12-07,0.00000000,0.00000000,0.00000000,1465.28329095,2595.89411697,2030.58870396,732.64164547,1297.94705848,0.36080258,-0.04320823,-0.04698795,-0.04562767
2024-12-08,-0.00045000,-0.00414265,-0.00281033,1464.62391346,2585.14022552,2024.88206949,732.31195673,1292.57011276,0.36165660,-0.04363878,-0.05093595,-0.04830977
2024-12-09,-0.00819697,0.00000000,-0.00296449,1452.61843978,2585.14022552,2018.87933265,726.30921989,1292.57011276,0.35975861,-0.05147804,-0.05093595,-0.05113105
2024-12-10,0.00000000,0.00000000,0.00000000,1452.61843978,2585.14022552,2018.87933265,726.30921989,1292.57011276,0.35975861,-0.05147804,-0.05093595,-0.05113105
2024-12-11,0.00000000,0.00000000,0.00000000,1452.61843978,2585.14022552,2018.87933265,726.30921989,1292.57011276,0.35975861,-0.05147804,-0.05093595,-0.05113105
2024-12-12,0.00000000,0.00000000,0.00000000,1452.61843978,2585.14022552,2018.87933265,726.30921989,1292.57011276,0.35975861,-0.05147804,-0.05093595,-0.05113105
2024-12-13,0.00000000,0.00000000,0.00000000,1452.61843978,2585.14022552,2018.87933265,726.30921989,1292.57011276,0.35975861,-0.05147804,-0.05093595,-0.05113105
2024-12-14,0.00000000,0.00000000,0.00000000,1452.61843978,2585.14022552,2018.87933265,726.30921989,1292.57011276,0.35975861,-0.05147804,-0.05093595,-0.05113105
2024-12-15,0.00000000,0.00000000,0.00000000,1452.61843978,2585.14022552,2018.87933265,726.30921989,1292.57011276,0.35975861,-0.05147804,-0.05093595,-0.05113105
2024-12-16,-0.01088351,0.00132152,-0.00306935,1436.80885403,2588.55653274,2012.68269338,718.40442701,1294.27826637,0.35693874,-0.06180129,-0.04968175,-0.05404345
2024-12-17,0.00000000,0.00000000,0.00000000,1436.80885403,2588.55653274,2012.68269338,718.40442701,1294.27826637,0.35693874,-0.06180129,-0.04968175,-0.05404345
2024-12-18,0.00000000,0.00000000,0.00000000,1436.80885403,2588.55653274,2012.68269338,718.40442701,1294.27826637,0.35693874,-0.06180129,-0.04968175,-0.05404345
2024-12-19,0.00000000,0.00000000,0.00000000,1436.80885403,2588.55653274,2012.68269338,718.40442701,1294.27826637,0.35693874,-0.06180129,-0.04968175,-0.05404345
2024-12-20,0.00000000,0.00000000,0.00000000,1436.80885403,2588.55653274,2012.68269338,718.40442701,1294.27826637,0.35693874,-0.06180129,-0.04968175,-0.05404345
2024-12-21,0.00000000,0.00000000,0.00000000,1436.80885403,2588.55653274,2012.68269338,718.40442701,1294.27826637,0.35693874,-0.06180129,-0.04968175,-0.05404345
2024-12-22,0.00000000,0.00000000,0.00000000,1436.80885403,2588.55653274,2012.68269338,718.40442701,1294.27826637,0.35693874,-0.06180129,-0.04968175,-0.05404345
2024-12-23,0.00000000,0.00000000,0.00000000,1436.80885403,2588.55653274,2012.68269338,718.40442701,1294.27826637,0.35693874,-0.06180129,-0.04968175,-0.05404345
2024-12-24,0.00000000,0.00000000,0.00000000,1436.80885403,2588.55653274,2012.68269338,718.40442701,1294.27826637,0.35693874,-0.06180129,-0.04968175,-0.05404345
2024-12-25,0.00000000,0.00000000,0.00000000,1436.80885403,2588.55653274,2012.68269338,718.40442701,1294.27826637,0.35693874,-0.06180129,-0.04968175,-0.05404345
2024-12-26,0.00000000,0.00000000,0.00000000,1436.80885403,2588.55653274,2012.68269338,718.40442701,1294.27826637,0.35693874,-0.06180129,-0.04968175,-0.05404345
2024-12-27,0.00000000,0.00000000,0.00000000,1436.80885403,2588.55653274,2012.68269338,718.40442701,1294.27826637,0.35693874,-0.06180129,-0.04968175,-0.05404345
2024-12-28,0.00000000,0.00000000,0.00000000,1436.80885403,2588.55653274,2012.68269338,718.40442701,1294.27826637,0.35693874,-0.06180129,-0.04968175,-0.05404345
2024-12-29,0.00000000,0.00000000,0.00000000,1436.80885403,2588.55653274,2012.68269338,718.40442701,1294.27826637,0.35693874,-0.06180129,-0.04968175,-0.05404345
2024-12-30,0.00000000,0.00000000,0.00000000,1436.80885403,2588.55653274,2012.68269338,718.40442701,1294.27826637,0.35693874,-0.06180129,-0.04968175,-0.05404345
2024-12-31,0.00000000,0.00000000,0.00000000,1436.80885403,2588.55653274,2012.68269338,718.40442701,1294.27826637,0.35693874,-0.06180129,-0.04968175,-0.05404345
2025-01-01,0.00000000,0.00000000,0.00000000,1436.80885403,2588.55653274,2012.68269338,718.40442701,1294.27826637,0.35693874,-0.06180129,-0.04968175,-0.05404345
2025-01-02,-0.00459140,-0.01159769,-0.00909687,1430.21188445,2558.53525766,1994.37357105,715.10594222,1279.26762883,0.35856168,-0.06610894,-0.06070324,-0.06264870
2025-01-03,-0.00727249,0.00000000,-0.00260764,1419.81068428,2558.53525766,1989.17297097,709.90534214,1279.26762883,0.35688467,-0.07290065,-0.06070324,-0.06509297
2025-01-04,0.00000000,0.00000000,0.00000000,1419.81068428,2558.53525766,1989.17297097,709.90534214,1279.26762883,0.35688467,-0.07290065,-0.06070324,-0.06509297
2025-01-05,0.00000000,0.00000000,0.00000000,1419.81068428,2558.53525766,1989.17297097,709.90534214,1279.26762883,0.35688467,-0.07290065,-0.06070324,-0.06509297
2025-01-06,0.00000000,-0.01413238,-0.00908875,1419.81068428,2522.37705547,1971.09386988,709.90534214,1261.18852774,0.36015806,-0.07290065,-0.07397775,-0.07359011
2025-01-07,0.00000000,0.00000000,0.00000000,1419.81068428,2522.37705547,1971.09386988,709.90534214,1261.18852774,0.36015806,-0.07290065,-0.07397775,-0.07359011
2025-01-08,0.00000000,0.00000000,0.00000000,1419.81068428,2522.37705547,1971.09386988,709.90534214,1261.18852774,0.36015806,-0.07290065,-0.07397775,-0.07359011
2025-01-09,0.00000000,0.00000000,0.00000000,1419.81068428,2522.37705547,1971.09386988,709.90534214,1261.18852774,0.36015806,-0.07290065,-0.07397775,-0.07359011
2025-01-10,0.00000000,0.00000000,0.00000000,1419.81068428,2522.37705547,1971.09386988,709.90534214,1261.18852774,0.36015806,-0.07290065,-0.07397775,-0.07359011
2025-01-11,0.00000000,0.00000000,0.00000000,1419.81068428,2522.37705547,1971.09386988,709.90534214,1261.18852774,0.36015806,-0.07290065,-0.07397775,-0.07359011
2025-01-12,-0.00618647,0.00000000,-0.00222811,1411.02706990,2522.37705547,1966.70206269,705.51353495,1261.18852774,0.35872924,-0.07863612,-0.07397775,-0.07565425
2025-01-13,-0.00815887,-0.01202135,-0.01063576,1399.51467774,2492.05468899,1945.78468336,699.75733887,1246.02734449,0.35962732,-0.08615342,-0.08510978,-0.08548537
2025-01-14,0.00000000,0.00000000,0.00000000,1399.51467774,2492.05468899,1945.78468336,699.75733887,1246.02734449,0.35962732,-0.08615342,-0.08510978,-0.08548537
2025-01-15,0.00000000,0.00000000,0.00000000,1399.51467774,2492.05468899,1945.78468336,699.75733887,1246.02734449,0.35962732,-0.08615342,-0.08510978,-0.08548537
2025-01-16,0.00000000,0.00000000,0.00000000,1399.51467774,2492.05468899,1945.78468336,699.75733887,1246.02734449,0.35962732,-0.08615342,-0.08510978,-0.08548537
2025-01-17,0.02450472,-0.00862725,0.00328791,1433.80938924,2470.55511600,1952.18225262,716.90469462,1235.27755800,0.36723246,-0.06375986,-0.09300276,-0.08247853
2025-01-18,-0.00863305,0.00000000,-0.00317034,1421.43123754,2470.55511600,1945.99317677,710.71561877,1235.27755800,0.36522000,-0.07184247,-0.09300276,-0.08538738
2025-01-19,0.00000000,0.00000000,0.00000000,1421.43123754,2470.55511600,1945.99317677,710.71561877,1235.27755800,0.36522000,-0.07184247,-0.09300276,-0.08538738
2025-01-20,-0.02306791,0.00000000,-0.00842486,1388.64178606,2470.55511600,1929.59845103,694.32089303,1235.27755800,0.35982662,-0.09325313,-0.09300276,-0.09309287
2025-01-21,0.00000000,0.00000000,0.00000000,1388.64178606,2470.55511600,1929.59845103,694.32089303,1235.27755800,0.35982662,-0.09325313,-0.09300276,-0.09309287
2025-01-22,0.00000000,0.00000000,0.00000000,1388.64178606,2470.55511600,1929.59845103,694.32089303,1235.27755800,0.35982662,-0.09325313,-0.09300276,-0.09309287
2025-01-23,-0.00827327,0.00000000,-0.00297694,1377.15317487,2470.55511600,1923.85414543,688.57658744,1235.27755800,0.35791517,-0.10075489,-0.09300276,-0.09579268
2025-01-24,0.00000000,-0.00565286,-0.00362962,1377.15317487,2456.58940626,1916.87129057,688.57658744,1228.29470313,0.35921900,-0.10075489,-0.09812989,-0.09907461
2025-01-25,0.00000000,0.00000000,0.00000000,1377.15317487,2456.58940626,1916.87129057,688.57658744,1228.29470313,0.35921900,-0.10075489,-0.09812989,-0.09907461
2025-01-26,0.00000000,0.00000000,0.00000000,1377.15317487,2456.58940626,1916.87129057,688.57658744,1228.29470313,0.35921900,-0.10075489,-0.09812989,-0.09907461
2025-01-27,0.00000000,0.00000000,0.00000000,1377.15317487,2456.58940626,1916.87129057,688.57658744,1228.29470313,0.35921900,-0.10075489,-0.09812989,-0.09907461
2025-01-28,0.00000000,0.00000000,0.00000000,1377.15317487,2456.58940626,1916.87129057,688.57658744,1228.29470313,0.35921900,-0.10075489,-0.09812989,-0.09907461
2025-01-29,0.00000000,0.00000000,0.00000000,1377.15317487,2456.58940626,1916.87129057,688.57658744,1228.29470313,0.35921900,-0.10075489,-0.09812989,-0.09907461
2025-01-30,0.00000000,0.00000000,0.00000000,1377.15317487,2456.58940626,1916.87129057,688.57658744,1228.29470313,0.35921900,-0.10075489,-0.09812989,-0.09907461
2025-01-31,0.00000000,-0.00667337,-0.00427617,1377.15317487,2440.19568588,1908.67443038,688.57658744,1220.09784294,0.36076168,-0.10075489,-0.10414840,-0.10292711
2025-02-01,0.00000000,0.00000000,0.00000000,1377.15317487,2440.19568588,1908.67443038,688.57658744,1220.09784294,0.36076168,-0.10075489,-0.10414840,-0.10292711
2025-02-02,0.00000000,0.00000000,0.00000000,1377.15317487,2440.19568588,1908.67443038,688.57658744,1220.09784294,0.36076168,-0.10075489,-0.10414840,-0.10292711
2025-02-03,0.00000000,0.00000000,0.00000000,1377.15317487,2440.19568588,1908.67443038,688.57658744,1220.09784294,0.36076168,-0.10075489,-0.10414840,-0.10292711
2025-02-04,0.00000000,0.00000000,0.00000000,1377.15317487,2440.19568588,1908.67443038,688.57658744,1220.09784294,0.36076168,-0.10075489,-0.10414840,-0.10292711
2025-02-05,0.00000000,0.00000000,0.00000000,1377.15317487,2440.19568588,1908.67443038,688.57658744,1220.09784294,0.36076168,-0.10075489,-0.10414840,-0.10292711
2025-02-06,0.00000000,0.00000000,0.00000000,1377.15317487,2440.19568588,1908.67443038,688.57658744,1220.09784294,0.36076168,-0.10075489,-0.10414840,-0.10292711
2025-02-07,0.00000000,0.00000000,0.00000000,1377.15317487,2440.19568588,1908.67443038,688.57658744,1220.09784294,0.36076168,-0.10075489,-0.10414840,-0.10292711
2025-02-08,0.00000000,0.00000000,0.00000000,1377.15317487,2440.19568588,1908.67443038,688.57658744,1220.09784294,0.36076168,-0.10075489,-0.10414840,-0.10292711
2025-02-09,-0.00852110,0.00000000,-0.00307409,1365.41831572,2440.19568588,1902.80700080,682.70915786,1220.09784294,0.35879054,-0.10841745,-0.10414840,-0.10568479
2025-02-10,0.00000000,0.00000000,0.00000000,1365.41831572,2440.19568588,1902.80700080,682.70915786,1220.09784294,0.35879054,-0.10841745,-0.10414840,-0.10568479
2025-02-11,0.00523760,-0.01655111,-0.00873353,1372.56983517,2399.80773902,1886.18878710,686.28491758,1199.90386951,0.36384742,-0.10374770,-0.11897574,-0.11349532
2025-02-12,-0.01116800,-0.03248255,-0.02472731,1357.24098052,2321.85585650,1839.54841851,678.62049026,1160.92792825,0.36890602,-0.11375704,-0.14759366,-0.13541619
2025-02-13,0.00000000,-0.01261462,-0.00796101,1357.24098052,2292.56651684,1824.90374868,678.62049026,1146.28325842,0.37186646,-0.11375704,-0.15834645,-0.14229915
2025-02-14,-0.01026436,0.00000000,-0.00381697,1343.30977005,2292.56651684,1817.93814345,671.65488502,1146.28325842,0.36945970,-0.12285376,-0.15834645,-0.14557297
2025-02-15,0.00000000,0.00000000,0.00000000,1343.30977005,2292.56651684,1817.93814345,671.65488502,1146.28325842,0.36945970,-0.12285376,-0.15834645,-0.14557297
2025-02-16,0.00183329,0.00000000,0.00067733,1345.77245257,2292.56651684,1819.16948471,672.88622629,1146.28325842,0.36988650,-0.12124569,-0.15834645,-0.14499425
2025-02-17,-0.00799489,-0.00458443,-0.00584591,1335.01315220,2282.05641221,1808.53478221,667.50657610,1141.02820611,0.36908694,-0.12827123,-0.16220495,-0.14999253
2025-02-18,0.00000000,0.00000000,0.00000000,1335.01315220,2282.05641221,1808.53478221,667.50657610,1141.02820611,0.36908694,-0.12827123,-0.16220495,-0.14999253
2025-02-19,0.00000000,0.00000000,0.00000000,1335.01315220,2282.05641221,1808.53478221,667.50657610,1141.02820611,0.36908694,-0.12827123,-0.16220495,-0.14999253
2025-02-20,0.00000000,0.00000000,0.00000000,1335.01315220,2282.05641221,1808.53478221,667.50657610,1141.02820611,0.36908694,-0.12827123,-0.16220495,-0.14999253
2025-02-21,0.00000000,-0.00577396,-0.00364287,1335.01315220,2268.87990358,1801.94652789,667.50657610,1134.43995179,0.37043640,-0.12827123,-0.16704234,-0.15308900
2025-02-22,0.00000000,0.00000000,0.00000000,1335.01315220,2268.87990358,1801.94652789,667.50657610,1134.43995179,0.37043640,-0.12827123,-0.16704234,-0.15308900
2025-02-23,0.00000000,0.00000000,0.00000000,1335.01315220,2268.87990358,1801.94652789,667.50657610,1134.43995179,0.37043640,-0.12827123,-0.16704234,-0.15308900
2025-02-24,0.00000000,0.08171787,0.05144660,1335.01315220,2454.28793765,1894.65054493,667.50657610,1227.14396883,0.35231118,-0.12827123,-0.09897482,-0.10951831
2025-02-25,0.00000000,0.00601554,0.00389620,1335.01315220,2469.05180449,1902.03247834,667.50657610,1234.52590224,0.35094384,-0.12827123,-0.09355466,-0.10604882
2025-02-26,0.01165327,0.05346379,0.03879065,1350.57041495,2601.05668119,1975.81354807,675.28520747,1300.52834059,0.34177578,-0.11811274,-0.04509266,-0.07137187
2025-02-27,-0.03379186,0.00912572,-0.00554247,1304.93213132,2624.79320110,1964.86266621,652.46606566,1312.39660055,0.33206701,-0.14791335,-0.03637844,-0.07651876
2025-02-28,0.03187756,0.02213610,0.02537092,1346.53017829,2682.89589364,2014.71303597,673.26508915,1341.44794682,0.33417419,-0.12075091,-0.01504761,-0.05308920
2025-03-01,0.00000000,0.00623792,0.00415337,1346.53017829,2699.63159006,2023.08088417,673.26508915,1349.81579503,0.33279198,-0.12075091,-0.00890356,-0.04915633
2025-03-02,0.02870875,-0.01099093,0.00222080,1385.18737923,2669.96012368,2027.57375146,692.59368962,1334.98006184,0.34158742,-0.09550877,-0.01979663,-0.04704469
2025-03-03,-0.03253745,0.00000000,-0.01111438,1340.11691709,2669.96012368,2005.03852039,670.05845855,1334.98006184,0.33418732,-0.12493861,-0.01979663,-0.05763620
2025-03-04,0.00000000,0.00000000,0.00000000,1340.11691709,2669.96012368,2005.03852039,670.05845855,1334.98006184,0.33418732,-0.12493861,-0.01979663,-0.05763620
2025-03-05,0.00000000,0.00000000,0.00000000,1340.11691709,2669.96012368,2005.03852039,670.05845855,1334.98006184,0.33418732,-0.12493861,-0.01979663,-0.05763620
2025-03-06,0.00000000,0.00000000,0.00000000,1340.11691709,2669.96012368,2005.03852039,670.05845855,1334.98006184,0.33418732,-0.12493861,-0.01979663,-0.05763620
2025-03-07,0.00000000,0.00000000,0.00000000,1340.11691709,2669.96012368,2005.03852039,670.05845855,1334.98006184,0.33418732,-0.12493861,-0.01979663,-0.05763620
2025-03-08,0.00000000,0.00000000,0.00000000,1340.11691709,2669.96012368,2005.03852039,670.05845855,1334.98006184,0.33418732,-0.12493861,-0.01979663,-0.05763620
2025-03-09,0.00000000,0.00000000,0.00000000,1340.11691709,2669.96012368,2005.03852039,670.05845855,1334.98006184,0.33418732,-0.12493861,-0.01979663,-0.05763620
2025-03-10,0.00000000,0.00000000,0.00000000,1340.11691709,2669.96012368,2005.03852039,670.05845855,1334.98006184,0.33418732,-0.12493861,-0.01979663,-0.05763620
2025-03-11,0.00000000,0.00000000,0.00000000,1340.11691709,2669.96012368,2005.03852039,670.05845855,1334.98006184,0.33418732,-0.12493861,-0.01979663,-0.05763620
2025-03-12,0.00000000,0.00000000,0.00000000,1340.11691709,2669.96012368,2005.03852039,670.05845855,1334.98006184,0.33418732,-0.12493861,-0.01979663,-0.05763620
2025-03-13,0.00000000,0.00000000,0.00000000,1340.11691709,2669.96012368,2005.03852039,670.05845855,1334.98006184,0.33418732,-0.12493861,-0.01979663,-0.05763620
2025-03-14,-0.00291859,0.00000000,-0.00097536,1336.20566164,2669.96012368,2003.08289266,668.10283082,1334.98006184,0.33353729,-0.12749255,-0.01979663,-0.05855534
2025-03-15,0.00000000,0.00000000,0.00000000,1336.20566164,2669.96012368,2003.08289266,668.10283082,1334.98006184,0.33353729,-0.12749255,-0.01979663,-0.05855534
2025-03-16,0.00000000,0.00000000,0.00000000,1336.20566164,2669.96012368,2003.08289266,668.10283082,1334.98006184,0.33353729,-0.12749255,-0.01979663,-0.05855534
2025-03-17,0.00000000,0.00000000,0.00000000,1336.20566164,2669.96012368,2003.08289266,668.10283082,1334.98006184,0.33353729,-0.12749255,-0.01979663,-0.05855534
2025-03-18,0.00000000,0.00000000,0.00000000,1336.20566164,2669.96012368,2003.08289266,668.10283082,1334.98006184,0.33353729,-0.12749255,-0.01979663,-0.05855534
2025-03-19,-0.00587384,-0.00416041,-0.00473190,1328.35700895,2658.85200369,1993.60450632,664.17850447,1329.42600184,0.33315460,-0.13261752,-0.02387467,-0.06301016
2025-03-20,0.00000000,0.00000000,0.00000000,1328.35700895,2658.85200369,1993.60450632,664.17850447,1329.42600184,0.33315460,-0.13261752,-0.02387467,-0.06301016
2025-03-21,0.00000000,0.00000000,0.00000000,1328.35700895,2658.85200369,1993.60450632,664.17850447,1329.42600184,0.33315460,-0.13261752,-0.02387467,-0.06301016
2025-03-22,0.00000000,0.00000000,0.00000000,1328.35700895,2658.85200369,1993.60450632,664.17850447,1329.42600184,0.33315460,-0.13261752,-0.02387467,-0.06301016
2025-03-23,0.00400386,0.00000000,0.00133390,1333.67556495,2658.85200369,1996.26378432,666.83778247,1329.42600184,0.33404292,-0.12914464,-0.02387467,-0.06176030
2025-03-24,-0.00695824,0.01928567,0.01051908,1324.39552470,2710.12975512,2017.26263991,662.19776235,1355.06487756,0.32826552,-0.13520426,-0.00504944,-0.05189089
2025-03-25,0.00000000,0.00000000,0.00000000,1324.39552470,2710.12975512,2017.26263991,662.19776235,1355.06487756,0.32826552,-0.13520426,-0.00504944,-0.05189089
2025-03-26,0.00000000,0.00000000,0.00000000,1324.39552470,2710.12975512,2017.26263991,662.19776235,1355.06487756,0.32826552,-0.13520426,-0.00504944,-0.05189089
2025-03-27,0.00000000,0.00000000,0.00000000,1324.39552470,2710.12975512,2017.26263991,662.19776235,1355.06487756,0.32826552,-0.13520426,-0.00504944,-0.05189089
2025-03-28,0.00000000,0.00000000,0.00000000,1324.39552470,2710.12975512,2017.26263991,662.19776235,1355.06487756,0.32826552,-0.13520426,-0.00504944,-0.05189089
2025-03-29,0.00000000,0.00000000,0.00000000,1324.39552470,2710.12975512,2017.26263991,662.19776235,1355.06487756,0.32826552,-0.13520426,-0.00504944,-0.05189089
2025-03-30,0.00000000,0.00000000,0.00000000,1324.39552470,2710.12975512,2017.26263991,662.19776235,1355.06487756,0.32826552,-0.13520426,-0.00504944,-0.05189089
2025-03-31,0.00000000,0.00000000,0.00000000,1324.39552470,2710.12975512,2017.26263991,662.19776235,1355.06487756,0.32826552,-0.13520426,-0.00504944,-0.05189089
2025-04-01,0.00000000,0.00006996,0.00004700,1324.39552470,2710.31935773,2017.35744122,662.19776235,1355.15967886,0.32825009,-0.13520426,-0.00497983,-0.05184633
2025-04-02,0.02001819,-0.01908952,-0.00625241,1350.90752116,2658.58067205,2004.74409661,675.45376058,1329.29033603,0.33692767,-0.11789262,-0.02397429,-0.05777458
2025-04-03,-0.00743132,0.00000000,-0.00250382,1340.86849850,2658.58067205,1999.72458527,670.43424925,1329.29033603,0.33526329,-0.12444784,-0.02397429,-0.06013374
2025-04-04,-0.00440375,-0.02062521,-0.01518675,1334.96365292,2603.74689440,1969.35527366,667.48182646,1301.87344720,0.33893419,-0.12830355,-0.04410502,-0.07440725
2025-04-05,0.00000000,0.00000000,0.00000000,1334.96365292,2603.74689440,1969.35527366,667.48182646,1301.87344720,0.33893419,-0.12830355,-0.04410502,-0.07440725
2025-04-06,0.03335487,0.06947781,0.05723451,1379.49118751,2784.64951852,2082.07035301,689.74559375,1392.32475926,0.33127872,-0.09922823,0.00000000,-0.02143140
2025-04-07,-0.00009836,-0.01607209,-0.01078034,1379.35549400,2739.89437770,2059.62493585,689.67774700,1369.94718885,0.33485599,-0.09931684,-0.01607209,-0.03198070
2025-04-08,0.00000000,0.00000000,0.00000000,1379.35549400,2739.89437770,2059.62493585,689.67774700,1369.94718885,0.33485599,-0.09931684,-0.01607209,-0.03198070
2025-04-09,-0.02090634,0.00000000,-0.00700061,1350.51821768,2739.89437770,2045.20629769,675.25910884,1369.94718885,0.33016675,-0.11814683,-0.01607209,-0.03875743
2025-04-10,0.00000000,0.00000000,0.00000000,1350.51821768,2739.89437770,2045.20629769,675.25910884,1369.94718885,0.33016675,-0.11814683,-0.01607209,-0.03875743
2025-04-11,-0.00672468,0.00000000,-0.00222027,1341.43640905,2739.89437770,2040.66539338,670.71820453,1369.94718885,0.32867623,-0.12407701,-0.01607209,-0.04089164
2025-04-12,0.00000000,0.00000000,0.00000000,1341.43640905,2739.89437770,2040.66539338,670.71820453,1369.94718885,0.32867623,-0.12407701,-0.01607209,-0.04089164
2025-04-13,0.00000000,0.00000000,0.00000000,1341.43640905,2739.89437770,2040.66539338,670.71820453,1369.94718885,0.32867623,-0.12407701,-0.01607209,-0.04089164
2025-04-14,0.00000000,-0.00543249,-0.00364696,1341.43640905,2725.00992100,2033.22316503,670.71820453,1362.50496050,0.32987929,-0.12407701,-0.02141727,-0.04438948
2025-04-15,0.00000000,0.00000000,0.00000000,1341.43640905,2725.00992100,2033.22316503,670.71820453,1362.50496050,0.32987929,-0.12407701,-0.02141727,-0.04438948
2025-04-16,0.00000000,0.00000000,0.00000000,1341.43640905,2725.00992100,2033.22316503,670.71820453,1362.50496050,0.32987929,-0.12407701,-0.02141727,-0.04438948
2025-04-17,0.00000000,0.00000000,0.00000000,1341.43640905,2725.00992100,2033.22316503,670.71820453,1362.50496050,0.32987929,-0.12407701,-0.02141727,-0.04438948
2025-04-18,0.00000000,0.00000000,0.00000000,1341.43640905,2725.00992100,2033.22316503,670.71820453,1362.50496050,0.32987929,-0.12407701,-0.02141727,-0.04438948
2025-04-19,0.00000000,0.00000000,0.00000000,1341.43640905,2725.00992100,2033.22316503,670.71820453,1362.50496050,0.32987929,-0.12407701,-0.02141727,-0.04438948
2025-04-20,0.00000000,0.00000000,0.00000000,1341.43640905,2725.00992100,2033.22316503,670.71820453,1362.50496050,0.32987929,-0.12407701,-0.02141727,-0.04438948
2025-04-21,0.00465027,0.00894213,0.00752633,1347.67445027,2749.37731349,2048.52588188,673.83722514,1374.68865675,0.32893762,-0.12000373,-0.01266666,-0.03719723
2025-04-22,0.00356258,0.02550776,0.01828917,1352.47565103,2819.50778088,2085.99171596,676.23782552,1409.75389044,0.32418049,-0.11686867,0.00000000,-0.01958837
2025-04-23,0.00000000,-0.00977825,-0.00660833,1352.47565103,2791.93792856,2072.20678980,676.23782552,1395.96896428,0.32633704,-0.11686867,-0.00977825,-0.02606726
2025-04-24,0.00000000,0.00000000,0.00000000,1352.47565103,2791.93792856,2072.20678980,676.23782552,1395.96896428,0.32633704,-0.11686867,-0.00977825,-0.02606726
2025-04-25,-0.00661171,-0.00550964,-0.00586929,1343.53346845,2776.55536642,2060.04441743,671.76673423,1388.27768321,0.32609333,-0.12270769,-0.01523401,-0.03178354
2025-04-26,0.00000000,0.00000000,0.00000000,1343.53346845,2776.55536642,2060.04441743,671.76673423,1388.27768321,0.32609333,-0.12270769,-0.01523401,-0.03178354
2025-04-27,0.00000000,0.00000000,0.00000000,1343.53346845,2776.55536642,2060.04441743,671.76673423,1388.27768321,0.32609333,-0.12270769,-0.01523401,-0.03178354
2025-04-28,0.00000000,0.00000000,0.00000000,1343.53346845,2776.55536642,2060.04441743,671.76673423,1388.27768321,0.32609333,-0.12270769,-0.01523401,-0.03178354
2025-04-29,0.00000000,0.00000000,0.00000000,1343.53346845,2776.55536642,2060.04441743,671.76673423,1388.27768321,0.32609333,-0.12270769,-0.01523401,-0.03178354
2025-04-30,0.00000000,0.00000000,0.00000000,1343.53346845,2776.55536642,2060.04441743,671.76673423,1388.27768321,0.32609333,-0.12270769,-0.01523401,-0.03178354
2025-05-01,0.00158448,-0.00239387,-0.00109655,1345.66227359,2769.90866278,2057.78546818,672.83113679,1384.95433139,0.32696855,-0.12131763,-0.01759141,-0.03284525
2025-05-02,0.00404180,-0.01044591,-0.00570888,1351.10117219,2740.97445507,2046.03781363,675.55058610,1370.48722754,0.33017502,-0.11776617,-0.02785356,-0.03836662
2025-05-03,-0.01041477,0.00000000,-0.00343870,1337.02976529,2740.97445507,2039.00211018,668.51488264,1370.48722754,0.32786375,-0.12695443,-0.02785356,-0.04167338
2025-05-04,-0.00265956,0.00000000,-0.00087197,1333.47385302,2740.97445507,2037.22415405,666.73692651,1370.48722754,0.32727716,-0.12927635,-0.02785356,-0.04250902
2025-05-05,0.00000000,0.00000000,0.00000000,1333.47385302,2740.97445507,2037.22415405,666.73692651,1370.48722754,0.32727716,-0.12927635,-0.02785356,-0.04250902
2025-05-06,0.00000000,0.00000000,0.00000000,1333.47385302,2740.97445507,2037.22415405,666.73692651,1370.48722754,0.32727716,-0.12927635,-0.02785356,-0.04250902
2025-05-07,-0.00681226,0.00000000,-0.00222950,1324.38987736,2740.97445507,2032.68216622,662.19493868,1370.48722754,0.32577397,-0.13520795,-0.02785356,-0.04464374
2025-05-08,0.02496161,0.16860078,0.12180688,1357.44878162,3203.10489735,2280.27683949,678.72439081,1601.55244868,0.29765000,-0.11362135,0.00000000,0.00000000
2025-05-09,-0.00261588,0.06238273,0.04303589,1353.89785645,3402.92331273,2378.41058459,676.94892822,1701.46165637,0.28462240,-0.11594001,0.00000000,0.00000000
2025-05-10,0.01765980,0.10160864,0.07771492,1377.80741929,3748.68973743,2563.24857836,688.90370964,1874.34486872,0.26876196,-0.10032769,0.00000000,0.00000000
2025-05-11,-0.00649080,-0.02658787,-0.02118654,1368.86434848,3649.02005055,2508.94219951,684.43217424,1824.51002527,0.27279711,-0.10616728,-0.02658787,-0.02118654
2025-05-12,-0.01177252,-0.00209637,-0.00473600,1352.74936231,3641.37034619,2497.05985425,676.37468115,1820.68517309,0.27086843,-0.11668995,-0.02862851,-0.02582220
2025-05-13,0.00000000,-0.00631073,-0.00460135,1352.74936231,3618.39064086,2485.57000159,676.37468115,1809.19532043,0.27212055,-0.11668995,-0.03475857,-0.03030474
2025-05-14,0.00000000,0.00000000,0.00000000,1352.74936231,3618.39064086,2485.57000159,676.37468115,1809.19532043,0.27212055,-0.11668995,-0.03475857,-0.03030474
2025-05-15,0.00000000,-0.00949298,-0.00690975,1352.74936231,3584.04132758,2468.39534494,676.37468115,1792.02066379,0.27401392,-0.11668995,-0.04392159,-0.03700509
2025-05-16,0.00000000,0.00000000,0.00000000,1352.74936231,3584.04132758,2468.39534494,676.37468115,1792.02066379,0.27401392,-0.11668995,-0.04392159,-0.03700509
2025-05-17,0.00000000,0.00000000,0.00000000,1352.74936231,3584.04132758,2468.39534494,676.37468115,1792.02066379,0.27401392,-0.11668995,-0.04392159,-0.03700509
2025-05-18,0.00002169,0.00000000,0.00000594,1352.77870777,3584.04132758,2468.41001768,676.38935389,1792.02066379,0.27401823,-0.11667079,-0.04392159,-0.03699936
2025-05-19,-0.01556035,0.00000000,-0.00426382,1331.72900424,3584.04132758,2457.88516591,665.86450212,1792.02066379,0.27090952,-0.13041569,-0.04392159,-0.04110542
2025-05-20,0.00000000,0.00000000,0.00000000,1331.72900424,3584.04132758,2457.88516591,665.86450212,1792.02066379,0.27090952,-0.13041569,-0.04392159,-0.04110542
2025-05-21,-0.01166319,0.00000000,-0.00315967,1316.19679744,3584.04132758,2450.11906251,658.09839872,1792.02066379,0.26859854,-0.14055782,-0.04392159,-0.04413521
2025-05-22,0.00000000,0.00000000,0.00000000,1316.19679744,3584.04132758,2450.11906251,658.09839872,1792.02066379,0.26859854,-0.14055782,-0.04392159,-0.04413521
2025-05-23,0.00000000,0.00000000,0.00000000,1316.19679744,3584.04132758,2450.11906251,658.09839872,1792.02066379,0.26859854,-0.14055782,-0.04392159,-0.04413521
2025-05-24,0.00000000,0.00000000,0.00000000,1316.19679744,3584.04132758,2450.11906251,658.09839872,1792.02066379,0.26859854,-0.14055782,-0.04392159,-0.04413521
2025-05-25,0.00000000,0.00000000,0.00000000,1316.19679744,3584.04132758,2450.11906251,658.09839872,1792.02066379,0.26859854,-0.14055782,-0.04392159,-0.04413521
2025-05-26,0.00000000,0.00000000,0.00000000,1316.19679744,3584.04132758,2450.11906251,658.09839872,1792.02066379,0.26859854,-0.14055782,-0.04392159,-0.04413521
2025-05-27,-0.00862947,-0.00736866,-0.00770731,1304.83872264,3557.63175549,2431.23523906,652.41936132,1778.81587775,0.26834892,-0.14797435,-0.05096660,-0.05150236
2025-05-28,0.00000000,0.00000000,0.00000000,1304.83872264,3557.63175549,2431.23523906,652.41936132,1778.81587775,0.26834892,-0.14797435,-0.05096660,-0.05150236
2025-05-29,0.00000000,0.01216006,0.00889692,1304.83872264,3600.89276165,2452.86574214,652.41936132,1800.44638082,0.26598250,-0.14797435,-0.03942630,-0.04306365
2025-05-30,0.00000000,0.00000000,0.00000000,1304.83872264,3600.89276165,2452.86574214,652.41936132,1800.44638082,0.26598250,-0.14797435,-0.03942630,-0.04306365
2025-05-31,0.00000000,0.00000000,0.00000000,1304.83872264,3600.89276165,2452.86574214,652.41936132,1800.44638082,0.26598250,-0.14797435,-0.03942630,-0.04306365
2025-06-01,0.00000000,0.00000000,0.00000000,1304.83872264,3600.89276165,2452.86574214,652.41936132,1800.44638082,0.26598250,-0.14797435,-0.03942630,-0.04306365
2025-06-02,0.00000000,0.00000000,0.00000000,1304.83872264,3600.89276165,2452.86574214,652.41936132,1800.44638082,0.26598250,-0.14797435,-0.03942630,-0.04306365
2025-06-03,-0.00426643,0.00000000,-0.00113480,1299.27171522,3600.89276165,2450.08223843,649.63585761,1800.44638082,0.26514859,-0.15160946,-0.03942630,-0.04414958
2025-06-04,-0.00269006,0.00000000,-0.00071326,1295.77660199,3600.89276165,2448.33468182,647.88830099,1800.44638082,0.26462408,-0.15389167,-0.03942630,-0.04483135
2025-06-05,0.00000000,0.00000000,0.00000000,1295.77660199,3600.89276165,2448.33468182,647.88830099,1800.44638082,0.26462408,-0.15389167,-0.03942630,-0.04483135
2025-06-06,0.00000000,0.00000000,0.00000000,1295.77660199,3600.89276165,2448.33468182,647.88830099,1800.44638082,0.26462408,-0.15389167,-0.03942630,-0.04483135
2025-06-07,0.00000000,0.00000000,0.00000000,1295.77660199,3600.89276165,2448.33468182,647.88830099,1800.44638082,0.26462408,-0.15389167,-0.03942630,-0.04483135
2025-06-08,0.00000000,0.00000000,0.00000000,1295.77660199,3600.89276165,2448.33468182,647.88830099,1800.44638082,0.26462408,-0.15389167,-0.03942630,-0.04483135
2025-06-09,0.03382034,0.06597554,0.05746650,1339.60020357,3838.46360196,2589.03190277,669.80010178,1919.23180098,0.25870678,-0.12527601,0.00000000,0.00000000
2025-06-10,-0.01209933,0.05086601,0.03457645,1323.39194114,4033.71093966,2678.55144040,661.69597057,2016.85546983,0.24703501,-0.13585958,0.00000000,0.00000000
2025-06-11,0.00000000,-0.01590967,-0.01197942,1323.39194114,3969.53593228,2646.46393671,661.69597057,1984.76796614,0.25003022,-0.13585958,-0.01590967,-0.01197942
2025-06-12,0.00000000,-0.04358576,-0.03268800,1323.39194114,3796.52071058,2559.95632586,661.69597057,1898.26035529,0.25847940,-0.13585958,-0.05880199,-0.04427584
2025-06-13,0.00000000,0.00000000,0.00000000,1323.39194114,3796.52071058,2559.95632586,661.69597057,1898.26035529,0.25847940,-0.13585958,-0.05880199,-0.04427584
2025-06-14,0.00000000,0.00000000,0.00000000,1323.39194114,3796.52071058,2559.95632586,661.69597057,1898.26035529,0.25847940,-0.13585958,-0.05880199,-0.04427584
2025-06-15,0.00000000,0.00000000,0.00000000,1323.39194114,3796.52071058,2559.95632586,661.69597057,1898.26035529,0.25847940,-0.13585958,-0.05880199,-0.04427584
2025-06-16,0.00000000,-0.01426300,-0.01057631,1323.39194114,3742.37092433,2532.88143274,661.69597057,1871.18546217,0.26124238,-0.13585958,-0.07222630,-0.05438388
2025-06-17,0.00000000,0.00000000,0.00000000,1323.39194114,3742.37092433,2532.88143274,661.69597057,1871.18546217,0.26124238,-0.13585958,-0.07222630,-0.05438388
2025-06-18,0.00000000,0.00000000,0.00000000,1323.39194114,3742.37092433,2532.88143274,661.69597057,1871.18546217,0.26124238,-0.13585958,-0.07222630,-0.05438388
2025-06-19,0.00000000,0.00000000,0.00000000,1323.39194114,3742.37092433,2532.88143274,661.69597057,1871.18546217,0.26124238,-0.13585958,-0.07222630,-0.05438388
2025-06-20,0.00000000,0.00000000,0.00000000,1323.39194114,3742.37092433,2532.88143274,661.69597057,1871.18546217,0.26124238,-0.13585958,-0.07222630,-0.05438388
2025-06-21,0.00000000,0.00000000,0.00000000,1323.39194114,3742.37092433,2532.88143274,661.69597057,1871.18546217,0.26124238,-0.13585958,-0.07222630,-0.05438388
2025-06-22,0.00000000,0.00000000,0.00000000,1323.39194114,3742.37092433,2532.88143274,661.69597057,1871.18546217,0.26124238,-0.13585958,-0.07222630,-0.05438388
2025-06-23,0.00037561,0.00000000,0.00009812,1323.88901656,3742.37092433,2533.12997045,661.94450828,1871.18546217,0.26131486,-0.13553500,-0.07222630,-0.05429109
2025-06-24,0.00632728,0.00000000,0.00165341,1332.26563029,3742.37092433,2537.31827731,666.13281514,1871.18546217,0.26253420,-0.13006529,-0.07222630,-0.05272744
2025-06-25,0.01213194,0.00000000,0.00318505,1348.42860160,3742.37092433,2545.39976297,674.21430080,1871.18546217,0.26487560,-0.11951129,-0.07222630,-0.04971033
2025-06-26,-0.00385580,-0.00448060,-0.00431511,1343.22932412,3725.60285462,2534.41608937,671.61466206,1862.80142731,0.26499779,-0.12290628,-0.07638328,-0.05381093
2025-06-27,0.00089756,0.00000000,0.00023785,1344.43495368,3725.60285462,2535.01890415,672.21747684,1862.80142731,0.26517257,-0.12211904,-0.07638328,-0.05358588
2025-06-28,0.00231662,0.00000000,0.00061430,1347.54949671,3725.60285462,2536.57617567,673.77474836,1862.80142731,0.26562370,-0.12008532,-0.07638328,-0.05300449
2025-06-29,0.00965512,0.00000000,0.00256463,1360.56024907,3725.60285462,2543.08155184,680.28012453,1862.80142731,0.26750228,-0.11158964,-0.07638328,-0.05057580
2025-06-30,-0.00583838,0.00000000,-0.00156178,1352.61678288,3725.60285462,2539.10981875,676.30839144,1862.80142731,0.26635649,-0.11677652,-0.07638328,-0.05205859
2025-07-01,0.00000000,0.00000000,0.00000000,1352.61678288,3725.60285462,2539.10981875,676.30839144,1862.80142731,0.26635649,-0.11677652,-0.07638328,-0.05205859
2025-07-02,0.00000000,0.01353044,0.00992652,1352.61678288,3776.01190641,2564.31434464,676.30839144,1888.00595320,0.26373849,-0.11677652,-0.06388634,-0.04264883
2025-07-03,0.00000000,0.00298503,0.00219776,1352.61678288,3787.28340960,2569.95009624,676.30839144,1893.64170480,0.26316013,-0.11677652,-0.06109202,-0.04054480
2025-07-04,0.00000000,0.00000000,0.00000000,1352.61678288,3787.28340960,2569.95009624,676.30839144,1893.64170480,0.26316013,-0.11677652,-0.06109202,-0.04054480
2025-07-05,0.00000000,0.00000000,0.00000000,1352.61678288,3787.28340960,2569.95009624,676.30839144,1893.64170480,0.26316013,-0.11677652,-0.06109202,-0.04054480
2025-07-06,0.00000000,0.00000000,0.00000000,1352.61678288,3787.28340960,2569.95009624,676.30839144,1893.64170480,0.26316013,-0.11677652,-0.06109202,-0.04054480
2025-07-07,0.00000000,0.00000000,0.00000000,1352.61678288,3787.28340960,2569.95009624,676.30839144,1893.64170480,0.26316013,-0.11677652,-0.06109202,-0.04054480
2025-07-08,0.00000000,0.00009709,0.00007154,1352.61678288,3787.65112450,2570.13395369,676.30839144,1893.82556225,0.26314130,-0.11677652,-0.06100085,-0.04047616
2025-07-09,0.00000000,0.05871678,0.04326597,1352.61678288,4010.04980939,2681.33329614,676.30839144,2005.02490470,0.25222839,-0.11677652,-0.00586585,0.00000000
2025-07-10,0.03149621,0.06596054,0.05726766,1395.21908625,4274.55485810,2834.88697218,697.60954313,2137.27742905,0.24608020,-0.08895833,0.00000000,0.00000000
2025-07-11,0.01334708,0.00234906,0.00505546,1413.84119050,4284.59605223,2849.21862137,706.92059525,2142.29802611,0.24811034,-0.07679858,0.00000000,0.00000000
2025-07-12,-0.00097849,-0.00505234,-0.00404158,1412.45776545,4262.94880256,2837.70328400,706.22888272,2131.47440128,0.24887341,-0.07770192,-0.00505234,-0.00404158
2025-07-13,0.01423177,0.00977192,0.01088186,1432.55953302,4304.60599319,2868.58276311,716.27976651,2152.30299660,0.24969814,-0.06457599,0.00000000,0.00000000
2025-07-14,0.00624767,0.01399934,0.01206376,1441.50969165,4364.86764740,2903.18866953,720.75484583,2182.43382370,0.24826318,-0.05873177,0.00000000,0.00000000
2025-07-15,-0.01259543,-0.02270447,-0.02019477,1423.35325609,4265.76562919,2844.55944264,711.67662805,2132.88281459,0.25018870,-0.07058745,-0.02270447,-0.02019477
2025-07-16,0.00000000,0.04170160,0.03126833,1423.35325609,4443.65487523,2933.50406566,711.67662805,2221.82743762,0.24260291,-0.07058745,0.00000000,0.00000000
2025-07-17,0.00000000,-0.00010848,-0.00008217,1423.35325609,4443.17281087,2933.26303348,711.67662805,2221.58640543,0.24262285,-0.07058745,-0.00010848,-0.00008217
2025-07-18,0.00000000,0.02015652,0.01526609,1423.35325609,4532.73172209,2978.04248909,711.67662805,2266.36586104,0.23897464,-0.07058745,0.00000000,0.00000000
2025-07-19,0.00000000,0.01271806,0.00967877,1423.35325609,4590.37927822,3006.86626716,711.67662805,2295.18963911,0.23668383,-0.07058745,0.00000000,0.00000000
2025-07-20,0.00000000,0.04586622,0.03501043,1423.35325609,4800.92262583,3112.13794096,711.67662805,2400.46131291,0.22867773,-0.07058745,0.00000000,0.00000000
2025-07-21,0.00000000,0.00150195,0.00115849,1423.35325609,4808.13336472,3115.74331040,711.67662805,2404.06668236,0.22841311,-0.07058745,0.00000000,0.00000000
2025-07-22,0.00000000,-0.03085587,-0.02380798,1423.35325609,4659.77424222,3041.56374915,711.67662805,2329.88712111,0.23398379,-0.07058745,-0.03085587,-0.02380798
2025-07-23,0.00000000,0.00000000,0.00000000,1423.35325609,4659.77424222,3041.56374915,711.67662805,2329.88712111,0.23398379,-0.07058745,-0.03085587,-0.02380798
2025-07-24,0.00000000,0.00000000,0.00000000,1423.35325609,4659.77424222,3041.56374915,711.67662805,2329.88712111,0.23398379,-0.07058745,-0.03085587,-0.02380798
2025-07-25,0.00000000,0.00000000,0.00000000,1423.35325609,4659.77424222,3041.56374915,711.67662805,2329.88712111,0.23398379,-0.07058745,-0.03085587,-0.02380798
2025-07-26,0.00000000,0.00000000,0.00000000,1423.35325609,4659.77424222,3041.56374915,711.67662805,2329.88712111,0.23398379,-0.07058745,-0.03085587,-0.02380798
2025-07-27,-0.00267991,0.01306139,0.00937818,1419.53880346,4720.63737668,3070.08809007,709.76940173,2360.31868834,0.23118861,-0.07307818,-0.01819750,-0.01465307
2025-07-28,-0.00331880,-0.02421750,-0.01938596,1414.82763627,4606.31532359,3010.57147993,707.41381814,2303.15766180,0.23497659,-0.07615445,-0.04197430,-0.03375497
2025-07-29,0.00000000,-0.01720178,-0.01315977,1414.82763627,4527.07848718,2970.95306172,707.41381814,2263.53924359,0.23811006,-0.07615445,-0.05845405,-0.04647053
2025-07-30,0.00000000,0.00000000,0.00000000,1414.82763627,4527.07848718,2970.95306172,707.41381814,2263.53924359,0.23811006,-0.07615445,-0.05845405,-0.04647053
2025-07-31,0.00000000,0.00000000,0.00000000,1414.82763627,4527.07848718,2970.95306172,707.41381814,2263.53924359,0.23811006,-0.07615445,-0.05845405,-0.04647053
2025-08-01,0.00000000,0.00000000,0.00000000,1414.82763627,4527.07848718,2970.95306172,707.41381814,2263.53924359,0.23811006,-0.07615445,-0.05845405,-0.04647053
2025-08-02,0.00000000,0.00000000,0.00000000,1414.82763627,4527.07848718,2970.95306172,707.41381814,2263.53924359,0.23811006,-0.07615445,-0.05845405,-0.04647053
2025-08-03,0.00000000,0.00000000,0.00000000,1414.82763627,4527.07848718,2970.95306172,707.41381814,2263.53924359,0.23811006,-0.07615445,-0.05845405,-0.04647053
2025-08-04,0.00000000,0.00000000,0.00000000,1414.82763627,4527.07848718,2970.95306172,707.41381814,2263.53924359,0.23811006,-0.07615445,-0.05845405,-0.04647053
2025-08-05,0.00000000,0.00000000,0.00000000,1414.82763627,4527.07848718,2970.95306172,707.41381814,2263.53924359,0.23811006,-0.07615445,-0.05845405,-0.04647053
2025-08-06,-0.00203836,0.00000000,-0.00048535,1411.94370478,4527.07848718,2969.51109598,705.97185239,2263.53924359,0.23774010,-0.07803759,-0.05845405,-0.04693333
2025-08-07,-0.01278599,0.02964700,0.01955897,1393.89060442,4661.29276184,3027.59168313,696.94530221,2330.64638092,0.23019792,-0.08982579,-0.03054004,-0.02829233
2025-08-08,0.00000000,0.02537736,0.01953555,1393.89060442,4779.58407313,3086.73733877,696.94530221,2389.79203656,0.22578704,-0.08982579,-0.00593771,-0.00930949
2025-08-09,0.00000000,0.06265795,0.04851059,1393.89060442,5079.06299330,3236.47679886,696.94530221,2539.53149665,0.21534074,-0.08982579,0.00000000,0.00000000
2025-08-10,-0.00321409,-0.00235976,-0.00254373,1389.41051862,5067.07763511,3228.24407686,694.70525931,2533.53881756,0.21519601,-0.09275117,-0.00235976,-0.00254373
2025-08-11,-0.00729134,-0.01366895,-0.01229651,1379.27985502,4997.81601397,3188.54793449,689.63992751,2498.90800698,0.21628652,-0.09936623,-0.01599645,-0.01480896
2025-08-12,0.00775959,0.04102505,0.03383018,1389.98249833,5202.85167418,3296.41708625,694.99124916,2601.42583709,0.21083232,-0.09237768,0.00000000,0.00000000
2025-08-13,0.02709628,0.03460363,0.03302083,1427.64584955,5382.88920539,3405.26752747,713.82292478,2691.44460270,0.20962316,-0.06778450,0.00000000,0.00000000
2025-08-14,-0.04168387,-0.04264725,-0.04244530,1368.13604595,5153.32377795,3260.72991195,684.06802297,2576.66188898,0.20978985,-0.10664284,-0.04264725,-0.04244530
2025-08-15,0.00000000,-0.02362451,-0.01866833,1368.13604595,5031.57903853,3199.85754224,684.06802297,2515.78951926,0.21378077,-0.10664284,-0.06526424,-0.06032125
2025-08-16,0.00000000,-0.00975534,-0.00766983,1368.13604595,4982.49429451,3175.31517023,684.06802297,2491.24714725,0.21543311,-0.10664284,-0.07438290,-0.06752843
2025-08-17,0.00000000,0.00000000,0.00000000,1368.13604595,4982.49429451,3175.31517023,684.06802297,2491.24714725,0.21543311,-0.10664284,-0.07438290,-0.06752843
2025-08-18,0.00000000,0.00000000,0.00000000,1368.13604595,4982.49429451,3175.31517023,684.06802297,2491.24714725,0.21543311,-0.10664284,-0.07438290,-0.06752843
2025-08-19,0.00000000,0.00000000,0.00000000,1368.13604595,4982.49429451,3175.31517023,684.06802297,2491.24714725,0.21543311,-0.10664284,-0.07438290,-0.06752843
2025-08-20,0.00000000,0.00000000,0.00000000,1368.13604595,4982.49429451,3175.31517023,684.06802297,2491.24714725,0.21543311,-0.10664284,-0.07438290,-0.06752843
2025-08-21,0.00000000,0.00000000,0.00000000,1368.13604595,4982.49429451,3175.31517023,684.06802297,2491.24714725,0.21543311,-0.10664284,-0.07438290,-0.06752843
2025-08-22,0.00000000,0.01232928,0.00967315,1368.13604595,5043.92488589,3206.03046592,684.06802297,2521.96244294,0.21336916,-0.10664284,-0.06297070,-0.05850849
2025-08-23,0.00000000,-0.01966711,-0.01547075,1368.13604595,4944.72548053,3156.43076324,684.06802297,2472.36274027,0.21672201,-0.10664284,-0.08139936,-0.07307407
2025-08-24,0.00000000,0.00000000,0.00000000,1368.13604595,4944.72548053,3156.43076324,684.06802297,2472.36274027,0.21672201,-0.10664284,-0.08139936,-0.07307407
2025-08-25,0.00000000,0.00000000,0.00000000,1368.13604595,4944.72548053,3156.43076324,684.06802297,2472.36274027,0.21672201,-0.10664284,-0.08139936,-0.07307407
2025-08-26,0.00000000,0.00000000,0.00000000,1368.13604595,4944.72548053,3156.43076324,684.06802297,2472.36274027,0.21672201,-0.10664284,-0.08139936,-0.07307407
2025-08-27,0.00000000,0.00000000,0.00000000,1368.13604595,4944.72548053,3156.43076324,684.06802297,2472.36274027,0.21672201,-0.10664284,-0.08139936,-0.07307407
2025-08-28,0.00000000,0.00000000,0.00000000,1368.13604595,4944.72548053,3156.43076324,684.06802297,2472.36274027,0.21672201,-0.10664284,-0.08139936,-0.07307407
2025-08-29,0.00000000,0.00000000,0.00000000,1368.13604595,4944.72548053,3156.43076324,684.06802297,2472.36274027,0.21672201,-0.10664284,-0.08139936,-0.07307407
2025-08-30,0.00000000,0.00000000,0.00000000,1368.13604595,4944.72548053,3156.43076324,684.06802297,2472.36274027,0.21672201,-0.10664284,-0.08139936,-0.07307407
2025-08-31,0.00000000,0.00000000,0.00000000,1368.13604595,4944.72548053,3156.43076324,684.06802297,2472.36274027,0.21672201,-0.10664284,-0.08139936,-0.07307407
2025-09-01,0.00000000,0.00000000,0.00000000,1368.13604595,4944.72548053,3156.43076324,684.06802297,2472.36274027,0.21672201,-0.10664284,-0.08139936,-0.07307407
2025-09-02,0.00000000,0.00000000,0.00000000,1368.13604595,4944.72548053,3156.43076324,684.06802297,2472.36274027,0.21672201,-0.10664284,-0.08139936,-0.07307407
2025-09-03,0.00000000,0.00000000,0.00000000,1368.13604595,4944.72548053,3156.43076324,684.06802297,2472.36274027,0.21672201,-0.10664284,-0.08139936,-0.07307407
2025-09-04,-0.01683732,0.00000000,-0.00364902,1345.10029560,4944.72548053,3144.91288807,672.55014780,2472.36274027,0.21385335,-0.12168459,-0.08139936,-0.07645644
2025-09-05,0.00267568,-0.00490962,-0.00328748,1348.69934761,4920.44875361,3134.57405061,674.34967381,2460.22437681,0.21513279,-0.11933450,-0.08590934,-0.07949257
2025-09-06,0.00400672,0.00000000,0.00086198,1354.10320590,4920.44875361,3137.27597975,677.05160295,2460.22437681,0.21580875,-0.11580592,-0.08590934,-0.07869912
2025-09-07,-0.00953889,0.00000000,-0.00205858,1341.18656032,4920.44875361,3130.81765697,670.59328016,2460.22437681,0.21419110,-0.12424016,-0.08590934,-0.08059569
2025-09-08,-0.00561560,-0.01020826,-0.00922455,1333.65499248,4870.21953526,3101.93726387,666.82749624,2435.10976763,0.21497130,-0.12915807,-0.09524061,-0.08907678
2025-09-09,-0.01567633,-0.00288054,-0.00563126,1312.74817369,4856.19069290,3084.46943330,656.37408685,2428.09534645,0.21279967,-0.14280968,-0.09784681,-0.09420643
2025-09-10,0.00000000,0.00000000,0.00000000,1312.74817369,4856.19069290,3084.46943330,656.37408685,2428.09534645,0.21279967,-0.14280968,-0.09784681,-0.09420643
2025-09-11,0.00725170,0.00000000,0.00154316,1322.26783071,4856.19069290,3089.22926181,661.13391536,2428.09534645,0.21401258,-0.13659359,-0.09784681,-0.09280865
2025-09-12,0.00497916,0.04480128,0.03627884,1328.85160917,5073.75424062,3201.30292489,664.42580458,2536.87712031,0.20754856,-0.13229456,-0.05742919,-0.05989679
2025-09-13,-0.00109430,-0.00968763,-0.00790409,1327.39745288,5024.60159712,3175.99952500,663.69872644,2512.30079856,0.20897318,-0.13324408,-0.06656046,-0.06732746
2025-09-14,-0.00388178,-0.01330046,-0.01133221,1322.24478921,4957.77209892,3140.00844406,661.12239460,2478.88604946,0.21054797,-0.13660864,-0.07897564,-0.07789669
2025-09-15,0.00000000,-0.02083663,-0.01644952,1322.24478921,4854.46884122,3088.35681521,661.12239460,2427.23442061,0.21406930,-0.13660864,-0.09816668,-0.09306485
2025-09-16,0.00000000,0.00000000,0.00000000,1322.24478921,4854.46884122,3088.35681521,661.12239460,2427.23442061,0.21406930,-0.13660864,-0.09816668,-0.09306485
2025-09-17,0.00000000,0.00000000,0.00000000,1322.24478921,4854.46884122,3088.35681521,661.12239460,2427.23442061,0.21406930,-0.13660864,-0.09816668,-0.09306485
2025-09-18,0.00000000,0.00000000,0.00000000,1322.24478921,4854.46884122,3088.35681521,661.12239460,2427.23442061,0.21406930,-0.13660864,-0.09816668,-0.09306485
2025-09-19,0.00000000,0.00000000,0.00000000,1322.24478921,4854.46884122,3088.35681521,661.12239460,2427.23442061,0.21406930,-0.13660864,-0.09816668,-0.09306485
2025-09-20,0.00000000,0.00000000,0.00000000,1322.24478921,4854.46884122,3088.35681521,661.12239460,2427.23442061,0.21406930,-0.13660864,-0.09816668,-0.09306485
2025-09-21,0.00000000,0.00000000,0.00000000,1322.24478921,4854.46884122,3088.35681521,661.12239460,2427.23442061,0.21406930,-0.13660864,-0.09816668,-0.09306485
2025-09-22,0.00000000,0.00000000,0.00000000,1322.24478921,4854.46884122,3088.35681521,661.12239460,2427.23442061,0.21406930,-0.13660864,-0.09816668,-0.09306485
2025-09-23,0.00000000,0.00000000,0.00000000,1322.24478921,4854.46884122,3088.35681521,661.12239460,2427.23442061,0.21406930,-0.13660864,-0.09816668,-0.09306485
2025-09-24,0.00000000,0.00000000,0.00000000,1322.24478921,4854.46884122,3088.35681521,661.12239460,2427.23442061,0.21406930,-0.13660864,-0.09816668,-0.09306485
2025-09-25,0.00109613,0.00000000,0.00023465,1323.69414229,4854.46884122,3089.08149175,661.84707114,2427.23442061,0.21425368,-0.13566225,-0.09816668,-0.09285204
2025-09-26,-0.00605754,0.00000000,-0.00129785,1315.67581307,4854.46884122,3085.07232715,657.83790654,2427.23442061,0.21323257,-0.14089801,-0.09816668,-0.09402938
2025-09-27,0.00015349,0.00000000,0.00003273,1315.87775618,4854.46884122,3085.17329870,657.93887809,2427.23442061,0.21325832,-0.14076614,-0.09816668,-0.09399973
2025-09-28,-0.00162755,0.00000000,-0.00034709,1313.73609638,4854.46884122,3084.10246880,656.86804819,2427.23442061,0.21298516,-0.14216459,-0.09816668,-0.09431419
2025-09-29,0.01940206,0.01577804,0.01654990,1339.22527778,4931.06282700,3135.14405239,669.61263889,2465.53141350,0.21358273,-0.12552082,-0.08393752,-0.07932518
2025-09-30,-0.00274646,-0.02731401,-0.02206680,1335.54715142,4796.37573155,3065.96144148,667.77357571,2398.18786578,0.21780234,-0.12792254,-0.10895886,-0.09964154
2025-10-01,0.04037186,0.01742830,0.02242546,1389.46567255,4879.96838541,3134.71702898,694.73283628,2439.98419270,0.22162537,-0.09271515,-0.09342953,-0.07945059
2025-10-02,0.01638874,0.03136600,0.02804666,1412.23725740,5033.03345606,3222.63535673,706.11862870,2516.51672803,0.21911217,-0.07784590,-0.06499405,-0.05363225
2025-10-03,0.01406744,0.00636262,0.00805084,1432.10382526,5065.05675283,3248.58028904,716.05191263,2532.52837641,0.22041995,-0.06487355,-0.05904496,-0.04601319
2025-10-04,0.00108786,-0.00570168,-0.00420513,1433.66175776,5036.17739824,3234.91957800,716.83087888,2518.08869912,0.22159156,-0.06385626,-0.06440998,-0.05002484
2025-10-05,0.00417226,0.00605766,0.00563987,1439.64336171,5066.68486574,3253.16411373,719.82168086,2533.34243287,0.22126817,-0.05995043,-0.05874249,-0.04466710
2025-10-06,-0.00963216,0.03760528,0.02715314,1425.77648932,5257.21899016,3341.49773974,712.88824466,2628.60949508,0.21334393,-0.06900514,-0.02334624,-0.01872681
2025-10-07,0.00000000,-0.00663481,-0.00521931,1425.77648932,5222.33833501,3324.05741217,712.88824466,2611.16916751,0.21446328,-0.06900514,-0.02982615,-0.02384838
2025-10-08,0.00000000,0.00000000,0.00000000,1425.77648932,5222.33833501,3324.05741217,712.88824466,2611.16916751,0.21446328,-0.06900514,-0.02982615,-0.02384838
2025-10-09,0.00000000,0.00000000,0.00000000,1425.77648932,5222.33833501,3324.05741217,712.88824466,2611.16916751,0.21446328,-0.06900514,-0.02982615,-0.02384838
2025-10-10,0.00000000,0.00000000,0.00000000,1425.77648932,5222.33833501,3324.05741217,712.88824466,2611.16916751,0.21446328,-0.06900514,-0.02982615,-0.02384838
2025-10-11,0.00000000,0.00000000,0.00000000,1425.77648932,5222.33833501,3324.05741217,712.88824466,2611.16916751,0.21446328,-0.06900514,-0.02982615,-0.02384838
2025-10-12,0.00000000,0.00000000,0.00000000,1425.77648932,5222.33833501,3324.05741217,712.88824466,2611.16916751,0.21446328,-0.06900514,-0.02982615,-0.02384838
2025-10-13,0.00000000,0.00000000,0.00000000,1425.77648932,5222.33833501,3324.05741217,712.88824466,2611.16916751,0.21446328,-0.06900514,-0.02982615,-0.02384838
2025-10-14,0.00000000,0.00000000,0.00000000,1425.77648932,5222.33833501,3324.05741217,712.88824466,2611.16916751,0.21446328,-0.06900514,-0.02982615,-0.02384838
2025-10-15,0.00000000,0.00000000,0.00000000,1425.77648932,5222.33833501,3324.05741217,712.88824466,2611.16916751,0.21446328,-0.06900514,-0.02982615,-0.02384838
2025-10-16,0.00000000,0.00000000,0.00000000,1425.77648932,5222.33833501,3324.05741217,712.88824466,2611.16916751,0.21446328,-0.06900514,-0.02982615,-0.02384838
2025-10-17,0.00000000,0.00000000,0.00000000,1425.77648932,5222.33833501,3324.05741217,712.88824466,2611.16916751,0.21446328,-0.06900514,-0.02982615,-0.02384838
2025-10-18,0.00000000,0.00000000,0.00000000,1425.77648932,5222.33833501,3324.05741217,712.88824466,2611.16916751,0.21446328,-0.06900514,-0.02982615,-0.02384838
2025-10-19,-0.00277792,0.00000000,-0.00059576,1421.81579490,5222.33833501,3322.07706496,710.90789745,2611.16916751,0.21399500,-0.07159137,-0.02982615,-0.02442993
2025-10-20,0.00264930,0.00000000,0.00056694,1425.58261857,5222.33833501,3323.96047679,712.79130928,2611.16916751,0.21444037,-0.06913173,-0.02982615,-0.02387685
2025-10-21,0.00046588,0.00207686,0.00173140,1426.24677430,5233.18441845,3329.71559637,713.12338715,2616.59220923,0.21416946,-0.06869805,-0.02781123,-0.02218678
2025-10-22,0.00000000,0.00000000,0.00000000,1426.24677430,5233.18441845,3329.71559637,713.12338715,2616.59220923,0.21416946,-0.06869805,-0.02781123,-0.02218678
2025-10-23,0.00000000,0.00000000,0.00000000,1426.24677430,5233.18441845,3329.71559637,713.12338715,2616.59220923,0.21416946,-0.06869805,-0.02781123,-0.02218678
2025-10-24,0.00000000,-0.00369050,-0.00290011,1426.24677430,5213.87132633,3320.05905031,713.12338715,2606.93566317,0.21479238,-0.06869805,-0.03139910,-0.02502255
2025-10-25,0.00000000,0.00000000,0.00000000,1426.24677430,5213.87132633,3320.05905031,713.12338715,2606.93566317,0.21479238,-0.06869805,-0.03139910,-0.02502255
2025-10-26,0.00018299,0.00333438,0.00265749,1426.50776053,5231.25636298,3328.88206175,713.25388027,2615.62818149,0.21426229,-0.06852764,-0.02816942,-0.02243156
2025-10-27,0.00000000,0.00000000,0.00000000,1426.50776053,5231.25636298,3328.88206175,713.25388027,2615.62818149,0.21426229,-0.06852764,-0.02816942,-0.02243156
2025-10-28,-0.00209546,0.00000000,-0.00044898,1423.51856595,5231.25636298,3327.38746446,711.75928298,2615.62818149,0.21390935,-0.07047950,-0.02816942,-0.02287047
2025-10-29,0.00000000,0.00000000,0.00000000,1423.51856595,5231.25636298,3327.38746446,711.75928298,2615.62818149,0.21390935,-0.07047950,-0.02816942,-0.02287047
2025-10-30,0.00000000,0.00000000,0.00000000,1423.51856595,5231.25636298,3327.38746446,711.75928298,2615.62818149,0.21390935,-0.07047950,-0.02816942,-0.02287047
2025-10-31,-0.00775974,0.00000000,-0.00165988,1412.47243216,5231.25636298,3321.86439757,706.23621608,2615.62818149,0.21260236,-0.07769234,-0.02816942,-0.02449239
2025-11-01,-0.00668217,0.00000000,-0.00142064,1403.03405448,5231.25636298,3317.14520873,701.51702724,2615.62818149,0.21148216,-0.08385536,-0.02816942,-0.02587824
2025-11-02,0.00030149,-0.00889527,-0.00695032,1403.45705755,5184.72290253,3294.08998004,701.72852878,2592.36145126,0.21302652,-0.08357915,-0.03681412,-0.03264870
2025-11-03,0.00819111,0.02818477,0.02392559,1414.95293380,5330.85310583,3372.90301982,707.47646690,2665.42655292,0.20975298,-0.07607264,-0.00966695,-0.00950425
2025-11-04,0.04625749,0.06937301,0.06452446,1480.40510062,5700.67041687,3590.53775874,740.20255031,2850.33520843,0.20615367,-0.03333408,0.00000000,0.00000000
2025-11-05,-0.02087080,-0.03577455,-0.03270209,1449.50786563,5496.73150759,3473.11968661,724.75393282,2748.36575379,0.20867520,-0.05350917,-0.03577455,-0.03270209
2025-11-06,0.02293278,0.02950792,0.02813585,1482.74911761,5658.92862175,3570.83886968,741.37455881,2829.46431088,0.20761916,-0.03180350,-0.00732226,-0.00548633
2025-11-07,-0.00185580,-0.00301361,-0.00277323,1479.99742970,5641.87481149,3560.93612059,739.99871485,2820.93740575,0.20781016,-0.03360028,-0.01031381,-0.00824435
2025-11-08,0.00000000,0.00000000,0.00000000,1479.99742970,5641.87481149,3560.93612059,739.99871485,2820.93740575,0.20781016,-0.03360028,-0.01031381,-0.00824435
2025-11-09,-0.00404170,-0.01527867,-0.01294351,1474.01572980,5555.67445442,3514.84509211,737.00786490,2777.83722721,0.20968431,-0.03750617,-0.02543490,-0.02108115
2025-11-10,-0.00342577,-0.00463672,-0.00438280,1468.96609430,5529.91436043,3499.44022736,734.48304715,2764.95718021,0.20988587,-0.04080345,-0.02995368,-0.02537156
2025-11-11,0.00000000,0.00000000,0.00000000,1468.96609430,5529.91436043,3499.44022736,734.48304715,2764.95718021,0.20988587,-0.04080345,-0.02995368,-0.02537156
2025-11-12,0.00000000,0.00000000,0.00000000,1468.96609430,5529.91436043,3499.44022736,734.48304715,2764.95718021,0.20988587,-0.04080345,-0.02995368,-0.02537156
2025-11-13,0.00000000,0.00000000,0.00000000,1468.96609430,5529.91436043,3499.44022736,734.48304715,2764.95718021,0.20988587,-0.04080345,-0.02995368,-0.02537156
2025-11-14,0.00000000,0.00000000,0.00000000,1468.96609430,5529.91436043,3499.44022736,734.48304715,2764.95718021,0.20988587,-0.04080345,-0.02995368,-0.02537156
2025-11-15,0.00000000,0.00000000,0.00000000,1468.96609430,5529.91436043,3499.44022736,734.48304715,2764.95718021,0.20988587,-0.04080345,-0.02995368,-0.02537156
2025-11-16,0.00000000,0.00000000,0.00000000,1468.96609430,5529.91436043,3499.44022736,734.48304715,2764.95718021,0.20988587,-0.04080345,-0.02995368,-0.02537156
2025-11-17,0.00000000,0.00000000,0.00000000,1468.96609430,5529.91436043,3499.44022736,734.48304715,2764.95718021,0.20988587,-0.04080345,-0.02995368,-0.02537156
2025-11-18,0.00000000,0.00000000,0.00000000,1468.96609430,5529.91436043,3499.44022736,734.48304715,2764.95718021,0.20988587,-0.04080345,-0.02995368,-0.02537156
2025-11-19,0.00000000,0.00000000,0.00000000,1468.96609430,5529.91436043,3499.44022736,734.48304715,2764.95718021,0.20988587,-0.04080345,-0.02995368,-0.02537156
2025-11-20,0.00000000,0.00000000,0.00000000,1468.96609430,5529.91436043,3499.44022736,734.48304715,2764.95718021,0.20988587,-0.04080345,-0.02995368,-0.02537156
2025-11-21,0.00000000,0.00000000,0.00000000,1468.96609430,5529.91436043,3499.44022736,734.48304715,2764.95718021,0.20988587,-0.04080345,-0.02995368,-0.02537156
2025-11-22,0.00000000,0.00000000,0.00000000,1468.96609430,5529.91436043,3499.44022736,734.48304715,2764.95718021,0.20988587,-0.04080345,-0.02995368,-0.02537156
2025-11-23,0.00000000,0.00000000,0.00000000,1468.96609430,5529.91436043,3499.44022736,734.48304715,2764.95718021,0.20988587,-0.04080345,-0.02995368,-0.02537156
2025-11-24,0.00000000,-0.00578043,-0.00456720,1468.96609430,5497.94906157,3483.45757794,734.48304715,2748.97453079,0.21084886,-0.04080345,-0.03556097,-0.02982288
2025-11-25,0.00000000,-0.00887025,-0.00699997,1468.96609430,5449.18085779,3459.07347605,734.48304715,2724.59042890,0.21233520,-0.04080345,-0.04411579,-0.03661409
2025-11-26,0.00000000,0.00000000,0.00000000,1468.96609430,5449.18085779,3459.07347605,734.48304715,2724.59042890,0.21233520,-0.04080345,-0.04411579,-0.03661409
2025-11-27,0.00000000,0.00000000,0.00000000,1468.96609430,5449.18085779,3459.07347605,734.48304715,2724.59042890,0.21233520,-0.04080345,-0.04411579,-0.03661409
2025-11-28,-0.01090991,0.00000000,-0.00231656,1452.93981026,5449.18085779,3451.06033403,726.46990513,2724.59042890,0.21050629,-0.05126820,-0.04411579,-0.03884583
2025-11-29,0.00000000,0.00000000,0.00000000,1452.93981026,5449.18085779,3451.06033403,726.46990513,2724.59042890,0.21050629,-0.05126820,-0.04411579,-0.03884583
2025-11-30,0.00000000,-0.00904554,-0.00714140,1452.93981026,5399.89005735,3426.41493380,726.46990513,2699.94502867,0.21202041,-0.05126820,-0.05276228,-0.04570982
2025-12-01,0.00000000,0.03997852,0.03150226,1452.93981026,5615.76968326,3534.35474676,726.46990513,2807.88484163,0.20554527,-0.05126820,-0.01489311,-0.01564752
2025-12-02,0.00000000,-0.05261018,-0.04179641,1452.93981026,5320.32300389,3386.63140707,726.46990513,2660.16150194,0.21451106,-0.05126820,-0.06671977,-0.05678992
2025-12-03,0.00000000,-0.02464497,-0.01935835,1452.93981026,5189.20382017,3321.07181521,726.46990513,2594.60191008,0.21874562,-0.05126820,-0.08972043,-0.07504891
2025-12-04,0.00000000,0.00000000,0.00000000,1452.93981026,5189.20382017,3321.07181521,726.46990513,2594.60191008,0.21874562,-0.05126820,-0.08972043,-0.07504891
2025-12-05,0.00000000,0.00000000,0.00000000,1452.93981026,5189.20382017,3321.07181521,726.46990513,2594.60191008,0.21874562,-0.05126820,-0.08972043,-0.07504891
2025-12-06,0.00000000,0.00000000,0.00000000,1452.93981026,5189.20382017,3321.07181521,726.46990513,2594.60191008,0.21874562,-0.05126820,-0.08972043,-0.07504891
2025-12-07,0.00000000,0.00000000,0.00000000,1452.93981026,5189.20382017,3321.07181521,726.46990513,2594.60191008,0.21874562,-0.05126820,-0.08972043,-0.07504891
2025-12-08,0.00000000,0.00000000,0.00000000,1452.93981026,5189.20382017,3321.07181521,726.46990513,2594.60191008,0.21874562,-0.05126820,-0.08972043,-0.07504891
2025-12-09,0.01367276,0.03269663,0.02853524,1472.80550725,5358.87331675,3415.83941200,736.40275363,2679.43665838,0.21558471,-0.03829642,-0.05995735,-0.04865520
2025-12-10,-0.00801367,-0.00457271,-0.00531453,1461.00293148,5334.36872689,3397.68582919,730.50146574,2667.18436345,0.21499971,-0.04600319,-0.06425590,-0.05371115
2025-12-11,0.00175850,0.00000000,0.00037808,1463.57210429,5334.36872689,3398.97041559,731.78605214,2667.18436345,0.21529639,-0.04432559,-0.06425590,-0.05335338
2025-12-12,-0.00518227,-0.00138779,-0.00220473,1455.98747788,5326.96572448,3391.47660118,727.99373894,2663.48286224,0.21465392,-0.04927815,-0.06555452,-0.05544049
2025-12-13,0.00000000,-0.00925034,-0.00726472,1455.98747788,5277.68948203,3366.83847996,727.99373894,2638.84474101,0.21622473,-0.04927815,-0.07419845,-0.06230244
2025-12-14,0.00000000,0.01603355,0.01256670,1455.98747788,5362.30959752,3409.14853770,727.99373894,2681.15479876,0.21354122,-0.04927815,-0.05935457,-0.05051868
2025-12-15,0.00000000,0.03044094,0.02394055,1455.98747788,5525.54335569,3490.76541679,727.99373894,2762.77167785,0.20854846,-0.04927815,-0.03072043,-0.02778758
2025-12-16,0.00000000,0.00076362,0.00060437,1455.98747788,5529.76277874,3492.87512831,727.99373894,2764.88138937,0.20842249,-0.04927815,-0.02998027,-0.02720000
2025-12-17,0.00000000,-0.01045457,-0.00827560,1455.98747788,5471.95146997,3463.96947393,727.99373894,2735.97573499,0.21016171,-0.04927815,-0.04012141,-0.03525051
2025-12-18,0.00000000,0.00000000,0.00000000,1455.98747788,5471.95146997,3463.96947393,727.99373894,2735.97573499,0.21016171,-0.04927815,-0.04012141,-0.03525051
2025-12-19,0.00000000,-0.00672050,-0.00530811,1455.98747788,5435.17723426,3445.58235607,727.99373894,2717.58861713,0.21128322,-0.04927815,-0.04657227,-0.04037150
2025-12-20,0.00000000,0.00000000,0.00000000,1455.98747788,5435.17723426,3445.58235607,727.99373894,2717.58861713,0.21128322,-0.04927815,-0.04657227,-0.04037150
2025-12-21,0.00000000,0.00000000,0.00000000,1455.98747788,5435.17723426,3445.58235607,727.99373894,2717.58861713,0.21128322,-0.04927815,-0.04657227,-0.04037150
2025-12-22,-0.00943715,-0.01146249,-0.01103457,1442.24710932,5372.87654610,3407.56182771,721.12355466,2686.43827305,0.21162450,-0.05825025,-0.05750093,-0.05096059
2025-12-23,-0.00989987,0.00000000,-0.00209505,1427.96905505,5372.87654610,3400.42280057,713.98452752,2686.43827305,0.20996934,-0.06757345,-0.05750093,-0.05294888
2025-12-24,0.00000000,0.00000000,0.00000000,1427.96905505,5372.87654610,3400.42280057,713.98452752,2686.43827305,0.20996934,-0.06757345,-0.05750093,-0.05294888
2025-12-25,-0.00234640,-0.00230263,-0.00231182,1424.61846968,5360.50479246,3392.56163107,712.30923484,2680.25239623,0.20996206,-0.06976130,-0.05967116,-0.05513829
2025-12-26,-0.00485587,-0.01233940,-0.01076815,1417.70071288,5294.35935319,3356.03003303,708.85035644,2647.17967660,0.21121693,-0.07427841,-0.07127426,-0.06531270
2025-12-27,-0.00588770,-0.00741016,-0.00708859,1409.35372243,5255.12727965,3332.24050104,704.67686122,2627.56363982,0.21147239,-0.07972878,-0.07815627,-0.07193832
2025-12-28,-0.00069135,0.00000000,-0.00014620,1408.37936557,5255.12727965,3331.75332261,704.18968278,2627.56363982,0.21135709,-0.08036501,-0.07815627,-0.07207400
2025-12-29,-0.01239088,-0.01721203,-0.01619304,1390.92830647,5164.67588325,3277.80209486,695.46415324,2582.33794162,0.21217393,-0.09176009,-0.09402307,-0.08709995
2025-12-30,-0.00846305,0.00000000,-0.00179564,1379.15680757,5164.67588325,3271.91634541,689.57840379,2582.33794162,0.21075673,-0.09944657,-0.09402307,-0.08873919
2025-12-31,0.00000000,-0.00211515,-0.00166937,1379.15680757,5153.75181993,3266.45431375,689.57840379,2576.87590997,0.21110915,-0.09944657,-0.09593935,-0.09026042
2026-01-01,0.00000000,-0.00974389,-0.00768686,1379.15680757,5103.53424079,3241.34552418,689.57840379,2551.76712039,0.21274449,-0.09944657,-0.10474841,-0.09725346
2026-01-02,-0.00583558,0.03586728,0.02699522,1371.10862700,5286.58411361,3328.84637031,685.55431350,2643.29205681,0.20594351,-0.10470183,-0.07263818,-0.07288362
2026-01-03,0.00000000,0.00053135,0.00042193,1371.10862700,5289.39316254,3330.25089477,685.55431350,2644.69658127,0.20585666,-0.10470183,-0.07214542,-0.07249245
2026-01-04,-0.00587822,0.00562744,0.00325893,1363.04894922,5319.15892798,3341.10393860,681.52447461,2659.57946399,0.20398182,-0.10996459,-0.06692397,-0.06946977
2026-01-05,-0.00164033,0.02554287,0.01999799,1360.81310026,5455.02551734,3407.91930880,680.40655013,2727.51275867,0.19965454,-0.11142454,-0.04309053,-0.05086103
2026-01-06,-0.00490287,-0.00930577,-0.00842671,1354.14121006,5404.26229139,3379.20175073,677.07060503,2702.13114570,0.20036407,-0.11578111,-0.05199531,-0.05885915
2026-01-07,0.00000000,0.00000000,0.00000000,1354.14121006,5404.26229139,3379.20175073,677.07060503,2702.13114570,0.20036407,-0.11578111,-0.05199531,-0.05885915
2026-01-08,0.00000000,0.00000000,0.00000000,1354.14121006,5404.26229139,3379.20175073,677.07060503,2702.13114570,0.20036407,-0.11578111,-0.05199531,-0.05885915
2026-01-09,0.00000000,0.00000000,0.00000000,1354.14121006,5404.26229139,3379.20175073,677.07060503,2702.13114570,0.20036407,-0.11578111,-0.05199531,-0.05885915
2026-01-10,0.00000000,0.00000000,0.00000000,1354.14121006,5404.26229139,3379.20175073,677.07060503,2702.13114570,0.20036407,-0.11578111,-0.05199531,-0.05885915
2026-01-11,0.00000000,-0.00555914,-0.00444529,1354.14121006,5374.21924535,3364.18022770,677.07060503,2687.10962267,0.20125872,-0.11578111,-0.05726540,-0.06304279
2026-01-12,0.00000000,0.00000000,0.00000000,1354.14121006,5374.21924535,3364.18022770,677.07060503,2687.10962267,0.20125872,-0.11578111,-0.05726540,-0.06304279
2026-01-13,0.00000000,0.00000000,0.00000000,1354.14121006,5374.21924535,3364.18022770,677.07060503,2687.10962267,0.20125872,-0.11578111,-0.05726540,-0.06304279
2026-01-14,0.00000000,0.00000000,0.00000000,1354.14121006,5374.21924535,3364.18022770,677.07060503,2687.10962267,0.20125872,-0.11578111,-0.05726540,-0.06304279
2026-01-15,0.00000000,0.00000000,0.00000000,1354.14121006,5374.21924535,3364.18022770,677.07060503,2687.10962267,0.20125872,-0.11578111,-0.05726540,-0.06304279
2026-01-16,0.00000000,0.00000000,0.00000000,1354.14121006,5374.21924535,3364.18022770,677.07060503,2687.10962267,0.20125872,-0.11578111,-0.05726540,-0.06304279
2026-01-17,0.00000000,0.00000000,0.00000000,1354.14121006,5374.21924535,3364.18022770,677.07060503,2687.10962267,0.20125872,-0.11578111,-0.05726540,-0.06304279
2026-01-18,0.00000000,-0.00757690,-0.00605198,1354.14121006,5333.49932424,3343.82026715,677.07060503,2666.74966212,0.20248415,-0.11578111,-0.06440841,-0.06871324
2026-01-19,0.00000000,0.00000000,0.00000000,1354.14121006,5333.49932424,3343.82026715,677.07060503,2666.74966212,0.20248415,-0.11578111,-0.06440841,-0.06871324
2026-01-20,0.00000000,0.00000000,0.00000000,1354.14121006,5333.49932424,3343.82026715,677.07060503,2666.74966212,0.20248415,-0.11578111,-0.06440841,-0.06871324
2026-01-21,0.00000000,0.00000000,0.00000000,1354.14121006,5333.49932424,3343.82026715,677.07060503,2666.74966212,0.20248415,-0.11578111,-0.06440841,-0.06871324
2026-01-22,0.00000000,0.00000000,0.00000000,1354.14121006,5333.49932424,3343.82026715,677.07060503,2666.74966212,0.20248415,-0.11578111,-0.06440841,-0.06871324
2026-01-23,0.00000000,0.00000000,0.00000000,1354.14121006,5333.49932424,3343.82026715,677.07060503,2666.74966212,0.20248415,-0.11578111,-0.06440841,-0.06871324
2026-01-24,0.00000000,0.00000000,0.00000000,1354.14121006,5333.49932424,3343.82026715,677.07060503,2666.74966212,0.20248415,-0.11578111,-0.06440841,-0.06871324
2026-01-25,0.00000000,0.00000000,0.00000000,1354.14121006,5333.49932424,3343.82026715,677.07060503,2666.74966212,0.20248415,-0.11578111,-0.06440841,-0.06871324
2026-01-26,0.00000000,0.00000000,0.00000000,1354.14121006,5333.49932424,3343.82026715,677.07060503,2666.74966212,0.20248415,-0.11578111,-0.06440841,-0.06871324
2026-01-27,0.00000000,0.00000000,0.00000000,1354.14121006,5333.49932424,3343.82026715,677.07060503,2666.74966212,0.20248415,-0.11578111,-0.06440841,-0.06871324
2026-01-28,0.00000000,0.00000000,0.00000000,1354.14121006,5333.49932424,3343.82026715,677.07060503,2666.74966212,0.20248415,-0.11578111,-0.06440841,-0.06871324
2026-01-29,0.02644199,0.01821647,0.01988201,1389.94740458,5430.65686519,3410.30213488,694.97370229,2715.32843259,0.20378655,-0.09240060,-0.04736523,-0.05019739
2026-01-30,0.00448617,0.03933860,0.03223614,1396.18294534,5644.29130173,3520.23712354,698.09147267,2822.14565087,0.19830808,-0.08832895,-0.00988991,-0.01957942
2026-01-31,0.06135352,0.08391577,0.07944149,1481.84368659,6117.93633365,3799.89001012,740.92184330,3058.96816682,0.19498508,-0.03239472,0.00000000,0.00000000
2026-02-01,0.01837827,0.05510234,0.04794169,1509.07741088,6455.04891557,3982.06316323,754.53870544,3227.52445779,0.18948436,-0.01461181,0.00000000,0.00000000
2026-02-02,-0.01836684,-0.02208200,-0.02137804,1481.36043218,6312.50851858,3896.93447538,740.68021609,3156.25425929,0.19006740,-0.03271027,-0.02208200,-0.02137804
2026-02-03,0.03161210,0.03328197,0.03296458,1528.18934332,6522.60123328,4025.39528830,764.09467166,3261.30061664,0.18981854,-0.00213222,0.00000000,0.00000000
2026-02-04,0.02715470,0.02429535,0.02483811,1569.68686711,6681.07010705,4125.37848708,784.84343355,3340.53505353,0.19024762,0.00000000,0.00000000,0.00000000
2026-02-05,0.10134775,0.08921163,0.09152050,1728.77110085,7277.09924462,4502.93517274,864.38555043,3638.54962231,0.19196047,0.00000000,0.00000000,0.00000000
2026-02-06,-0.06920978,-0.06027618,-0.06199108,1609.12322499,6838.46348414,4223.79335457,804.56161250,3419.23174207,0.19048319,-0.06920978,-0.06027618,-0.06199108
2026-02-07,0.00000000,-0.00642645,-0.00520232,1609.12322499,6794.51646438,4201.81984469,804.56161250,3397.25823219,0.19147932,-0.06920978,-0.06631527,-0.06687090
2026-02-08,0.00000000,-0.00072595,-0.00058694,1609.12322499,6789.58401406,4199.35361953,804.56161250,3394.79200703,0.19159177,-0.06920978,-0.06699307,-0.06741859
2026-02-09,0.00000000,-0.02216858,-0.01792126,1609.12322499,6639.06856139,4124.09589319,804.56161250,3319.53428070,0.19508800,-0.06920978,-0.08767651,-0.08413163
2026-02-10,0.00000000,0.00000000,0.00000000,1609.12322499,6639.06856139,4124.09589319,804.56161250,3319.53428070,0.19508800,-0.06920978,-0.08767651,-0.08413163
2026-02-11,0.00000000,0.00000000,0.00000000,1609.12322499,6639.06856139,4124.09589319,804.56161250,3319.53428070,0.19508800,-0.06920978,-0.08767651,-0.08413163
2026-02-12,0.00000000,0.00000000,0.00000000,1609.12322499,6639.06856139,4124.09589319,804.56161250,3319.53428070,0.19508800,-0.06920978,-0.08767651,-0.08413163
2026-02-13,0.00000000,0.00000000,0.00000000,1609.12322499,6639.06856139,4124.09589319,804.56161250,3319.53428070,0.19508800,-0.06920978,-0.08767651,-0.08413163
2026-02-14,0.00000000,-0.00319237,-0.00256958,1609.12322499,6617.87419206,4113.49870853,804.56161250,3308.93709603,0.19559058,-0.06920978,-0.09058899,-0.08648503
2026-02-15,-0.00448834,0.00000000,-0.00087788,1601.90092698,6617.87419206,4109.88755952,800.95046349,3308.93709603,0.19488379,-0.07338749,-0.09058899,-0.08728698
2026-02-16,0.00000000,0.00000000,0.00000000,1601.90092698,6617.87419206,4109.88755952,800.95046349,3308.93709603,0.19488379,-0.07338749,-0.09058899,-0.08728698
2026-02-17,0.00000000,0.00000000,0.00000000,1601.90092698,6617.87419206,4109.88755952,800.95046349,3308.93709603,0.19488379,-0.07338749,-0.09058899,-0.08728698
2026-02-18,0.00000000,0.00000000,0.00000000,1601.90092698,6617.87419206,4109.88755952,800.95046349,3308.93709603,0.19488379,-0.07338749,-0.09058899,-0.08728698
2026-02-19,0.00000000,0.00000000,0.00000000,1601.90092698,6617.87419206,4109.88755952,800.95046349,3308.93709603,0.19488379,-0.07338749,-0.09058899,-0.08728698
2026-02-20,0.00000000,0.00000000,0.00000000,1601.90092698,6617.87419206,4109.88755952,800.95046349,3308.93709603,0.19488379,-0.07338749,-0.09058899,-0.08728698
2026-02-21,0.00000000,0.00000000,0.00000000,1601.90092698,6617.87419206,4109.88755952,800.95046349,3308.93709603,0.19488379,-0.07338749,-0.09058899,-0.08728698
2026-02-22,0.00000000,0.00000000,0.00000000,1601.90092698,6617.87419206,4109.88755952,800.95046349,3308.93709603,0.19488379,-0.07338749,-0.09058899,-0.08728698
2026-02-23,0.00000000,0.00000000,0.00000000,1601.90092698,6617.87419206,4109.88755952,800.95046349,3308.93709603,0.19488379,-0.07338749,-0.09058899,-0.08728698
2026-02-24,0.00000000,0.00000000,0.00000000,1601.90092698,6617.87419206,4109.88755952,800.95046349,3308.93709603,0.19488379,-0.07338749,-0.09058899,-0.08728698
2026-02-25,0.00000000,0.00000000,0.00000000,1601.90092698,6617.87419206,4109.88755952,800.95046349,3308.93709603,0.19488379,-0.07338749,-0.09058899,-0.08728698
2026-02-26,0.00000000,0.00000000,0.00000000,1601.90092698,6617.87419206,4109.88755952,800.95046349,3308.93709603,0.19488379,-0.07338749,-0.09058899,-0.08728698
2026-02-27,0.00000000,0.00000000,0.00000000,1601.90092698,6617.87419206,4109.88755952,800.95046349,3308.93709603,0.19488379,-0.07338749,-0.09058899,-0.08728698
2026-02-28,0.00000000,0.00000000,0.00000000,1601.90092698,6617.87419206,4109.88755952,800.95046349,3308.93709603,0.19488379,-0.07338749,-0.09058899,-0.08728698
2026-03-01,0.00000000,0.00000000,0.00000000,1601.90092698,6617.87419206,4109.88755952,800.95046349,3308.93709603,0.19488379,-0.07338749,-0.09058899,-0.08728698
2026-03-02,0.02543543,-0.00989898,-0.00301287,1642.64595877,6552.36401657,4097.50498767,821.32297939,3276.18200828,0.20044466,-0.04981871,-0.09959122,-0.09003687
2026-03-03,0.00000000,0.00000000,0.00000000,1642.64595877,6552.36401657,4097.50498767,821.32297939,3276.18200828,0.20044466,-0.04981871,-0.09959122,-0.09003687
2026-03-04,-0.00449130,-0.00232588,-0.00275993,1635.26834607,6537.12397179,4086.19615893,817.63417304,3268.56198590,0.20009665,-0.05408626,-0.10168547,-0.09254830
2026-03-05,0.00000000,0.00000000,0.00000000,1635.26834607,6537.12397179,4086.19615893,817.63417304,3268.56198590,0.20009665,-0.05408626,-0.10168547,-0.09254830
2026-03-06,0.00000000,0.00000000,0.00000000,1635.26834607,6537.12397179,4086.19615893,817.63417304,3268.56198590,0.20009665,-0.05408626,-0.10168547,-0.09254830
2026-03-07,0.00000000,0.00000000,0.00000000,1635.26834607,6537.12397179,4086.19615893,817.63417304,3268.56198590,0.20009665,-0.05408626,-0.10168547,-0.09254830
2026-03-08,0.00000000,0.00000000,0.00000000,1635.26834607,6537.12397179,4086.19615893,817.63417304,3268.56198590,0.20009665,-0.05408626,-0.10168547,-0.09254830
2026-03-09,0.00000000,-0.00986656,-0.00789230,1635.26834607,6472.62502197,4053.94668402,817.63417304,3236.31251099,0.20168844,-0.05408626,-0.11054875,-0.09971018
2026-03-10,-0.01246637,-0.00776418,-0.00871256,1614.88249107,6422.37036959,4018.62643033,807.44124553,3211.18518479,0.20092468,-0.06587836,-0.11745461,-0.10755401
2026-03-11,0.00000000,0.00000000,0.00000000,1614.88249107,6422.37036959,4018.62643033,807.44124553,3211.18518479,0.20092468,-0.06587836,-0.11745461,-0.10755401
2026-03-12,0.00000000,0.00000000,0.00000000,1614.88249107,6422.37036959,4018.62643033,807.44124553,3211.18518479,0.20092468,-0.06587836,-0.11745461,-0.10755401
2026-03-13,0.00489870,-0.00709436,-0.00468466,1622.79331092,6376.80776399,3999.80053745,811.39665546,3188.40388199,0.20285928,-0.06130238,-0.12371571,-0.11173482
2026-03-14,0.00000000,0.00000000,0.00000000,1622.79331092,6376.80776399,3999.80053745,811.39665546,3188.40388199,0.20285928,-0.06130238,-0.12371571,-0.11173482
2026-03-15,-0.00074569,0.00282937,0.00210413,1621.58321698,6394.85009431,4008.21665564,810.79160849,3197.42504715,0.20228238,-0.06200236,-0.12123638,-0.10986579
2026-03-16,-0.00556118,0.02044664,0.01518572,1612.56529550,6525.60332080,4069.08430815,806.28264775,3262.80166040,0.19814843,-0.06721873,-0.10326861,-0.09634846
2026-03-17,-0.01191240,0.00000000,-0.00236042,1593.35576491,6525.60332080,4059.47954286,796.67788246,3262.80166040,0.19625124,-0.07833040,-0.10326861,-0.09848146
2026-03-18,0.00000000,0.00000000,0.00000000,1593.35576491,6525.60332080,4059.47954286,796.67788246,3262.80166040,0.19625124,-0.07833040,-0.10326861,-0.09848146
2026-03-19,0.00000000,0.00000000,0.00000000,1593.35576491,6525.60332080,4059.47954286,796.67788246,3262.80166040,0.19625124,-0.07833040,-0.10326861,-0.09848146
2026-03-20,0.00000000,0.00000000,0.00000000,1593.35576491,6525.60332080,4059.47954286,796.67788246,3262.80166040,0.19625124,-0.07833040,-0.10326861,-0.09848146
2026-03-21,0.00000000,0.00000000,0.00000000,1593.35576491,6525.60332080,4059.47954286,796.67788246,3262.80166040,0.19625124,-0.07833040,-0.10326861,-0.09848146
2026-03-22,0.00000000,0.00000000,0.00000000,1593.35576491,6525.60332080,4059.47954286,796.67788246,3262.80166040,0.19625124,-0.07833040,-0.10326861,-0.09848146
2026-03-23,0.00000000,0.00000000,0.00000000,1593.35576491,6525.60332080,4059.47954286,796.67788246,3262.80166040,0.19625124,-0.07833040,-0.10326861,-0.09848146
2026-03-24,0.00000000,0.00000000,0.00000000,1593.35576491,6525.60332080,4059.47954286,796.67788246,3262.80166040,0.19625124,-0.07833040,-0.10326861,-0.09848146
2026-03-25,0.00000000,0.00000000,0.00000000,1593.35576491,6525.60332080,4059.47954286,796.67788246,3262.80166040,0.19625124,-0.07833040,-0.10326861,-0.09848146
2026-03-26,0.00000000,0.00000000,0.00000000,1593.35576491,6525.60332080,4059.47954286,796.67788246,3262.80166040,0.19625124,-0.07833040,-0.10326861,-0.09848146
2026-03-27,0.00000000,0.00000000,0.00000000,1593.35576491,6525.60332080,4059.47954286,796.67788246,3262.80166040,0.19625124,-0.07833040,-0.10326861,-0.09848146
2026-03-28,0.00000000,-0.00021945,-0.00017638,1593.35576491,6524.17129887,4058.76353189,796.67788246,3262.08564943,0.19628586,-0.07833040,-0.10346539,-0.09864047
2026-03-29,0.00000000,-0.03105978,-0.02496319,1593.35576491,6321.53196667,3957.44386579,796.67788246,3160.76598333,0.20131123,-0.07833040,-0.13131156,-0.12114127
2026-03-30,0.00000000,0.00000000,0.00000000,1593.35576491,6321.53196667,3957.44386579,796.67788246,3160.76598333,0.20131123,-0.07833040,-0.13131156,-0.12114127
2026-03-31,-0.00701628,-0.01658014,-0.01465483,1582.17632920,6216.72005191,3899.44819055,791.08816460,3108.36002595,0.20287182,-0.08479710,-0.14571454,-0.13402080
2026-04-01,0.00000000,0.00000000,0.00000000,1582.17632920,6216.72005191,3899.44819055,791.08816460,3108.36002595,0.20287182,-0.08479710,-0.14571454,-0.13402080
2026-04-02,0.00000000,0.00000000,0.00000000,1582.17632920,6216.72005191,3899.44819055,791.08816460,3108.36002595,0.20287182,-0.08479710,-0.14571454,-0.13402080
2026-04-03,0.00000000,0.00000000,0.00000000,1582.17632920,6216.72005191,3899.44819055,791.08816460,3108.36002595,0.20287182,-0.08479710,-0.14571454,-0.13402080
2026-04-04,0.00000000,0.00000000,0.00000000,1582.17632920,6216.72005191,3899.44819055,791.08816460,3108.36002595,0.20287182,-0.08479710,-0.14571454,-0.13402080
2026-04-05,0.01303598,0.01123862,0.01160325,1602.80155151,6286.58738622,3944.69446887,801.40077576,3143.29369311,0.20315915,-0.07286653,-0.13611356,-0.12397263
2026-04-06,-0.00224751,0.00493322,0.00347439,1599.19924417,6317.60053167,3958.39988792,799.59962208,3158.80026583,0.20200072,-0.07495027,-0.13185181,-0.12092896
2026-04-07,0.02879559,0.00866806,0.01273384,1645.24912610,6372.36188339,4008.80550474,822.62456305,3186.18094169,0.20520441,-0.04831292,-0.12432665,-0.10973502
2026-04-08,0.00000000,-0.00253054,-0.00201126,1645.24912610,6356.23636577,4000.74274594,822.62456305,3178.11818289,0.20561796,-0.04831292,-0.12654258,-0.11152557
2026-04-09,0.00000000,0.00000000,0.00000000,1645.24912610,6356.23636577,4000.74274594,822.62456305,3178.11818289,0.20561796,-0.04831292,-0.12654258,-0.11152557
2026-04-10,0.00000000,0.00000000,0.00000000,1645.24912610,6356.23636577,4000.74274594,822.62456305,3178.11818289,0.20561796,-0.04831292,-0.12654258,-0.11152557
2026-04-11,0.00000000,0.00000000,0.00000000,1645.24912610,6356.23636577,4000.74274594,822.62456305,3178.11818289,0.20561796,-0.04831292,-0.12654258,-0.11152557
2026-04-12,0.00000000,0.00000000,0.00000000,1645.24912610,6356.23636577,4000.74274594,822.62456305,3178.11818289,0.20561796,-0.04831292,-0.12654258,-0.11152557
2026-04-13,0.00000000,0.03180553,0.02526575,1645.24912610,6558.39986356,4101.82449483,822.62456305,3279.19993178,0.20055089,-0.04831292,-0.09876179,-0.08907760
2026-04-14,0.00285897,-0.01985284,-0.01529796,1649.95284548,6428.19701008,4039.07492778,824.97642274,3214.09850504,0.20424885,-0.04559207,-0.11665393,-0.10301286
2026-04-15,0.00000000,0.01615830,0.01285799,1649.95284548,6532.06576878,4091.00930713,824.97642274,3266.03288439,0.20165596,-0.04559207,-0.10238056,-0.09147941
2026-04-16,0.00000000,-0.02234022,-0.01783518,1649.95284548,6386.13797028,4018.04540788,824.97642274,3193.06898514,0.20531784,-0.04559207,-0.12243357,-0.10768304
2026-04-17,0.00169444,0.00000000,0.00034790,1652.74859915,6386.13797028,4019.44328471,826.37429957,3193.06898514,0.20559422,-0.04397488,-0.12243357,-0.10737261
2026-04-18,-0.01354960,0.00000000,-0.00278572,1630.35451109,6386.13797028,4008.24624068,815.17725554,3193.06898514,0.20337504,-0.05692864,-0.12243357,-0.10985922
2026-04-19,0.00000000,0.00000000,0.00000000,1630.35451109,6386.13797028,4008.24624068,815.17725554,3193.06898514,0.20337504,-0.05692864,-0.12243357,-0.10985922
2026-04-20,0.00000000,0.00000000,0.00000000,1630.35451109,6386.13797028,4008.24624068,815.17725554,3193.06898514,0.20337504,-0.05692864,-0.12243357,-0.10985922
2026-04-21,0.00000000,0.00000000,0.00000000,1630.35451109,6386.13797028,4008.24624068,815.17725554,3193.06898514,0.20337504,-0.05692864,-0.12243357,-0.10985922
2026-04-22,0.02045459,0.00000000,0.00415995,1663.70273923,6386.13797028,4024.92035475,831.85136961,3193.06898514,0.20667524,-0.03763851,-0.12243357,-0.10615627
2026-04-23,0.00000000,0.00000000,0.00000000,1663.70273923,6386.13797028,4024.92035475,831.85136961,3193.06898514,0.20667524,-0.03763851,-0.12243357,-0.10615627
2026-04-24,0.00000000,0.00000000,0.00000000,1663.70273923,6386.13797028,4024.92035475,831.85136961,3193.06898514,0.20667524,-0.03763851,-0.12243357,-0.10615627
2026-04-25,0.00000000,0.00000000,0.00000000,1663.70273923,6386.13797028,4024.92035475,831.85136961,3193.06898514,0.20667524,-0.03763851,-0.12243357,-0.10615627
2026-04-26,0.00000000,0.00782663,0.00620906,1663.70273923,6436.11991546,4049.91132734,831.85136961,3218.05995773,0.20539990,-0.03763851,-0.11556519,-0.10060634
2026-04-27,-0.00433929,-0.00316391,-0.00340533,1656.48345733,6415.75659659,4036.12002696,828.24172866,3207.87829830,0.20520741,-0.04181447,-0.11836346,-0.10366908
2026-04-28,0.00000000,0.00000000,0.00000000,1656.48345733,6415.75659659,4036.12002696,828.24172866,3207.87829830,0.20520741,-0.04181447,-0.11836346,-0.10366908
2026-04-29,0.00000000,0.00000000,0.00000000,1656.48345733,6415.75659659,4036.12002696,828.24172866,3207.87829830,0.20520741,-0.04181447,-0.11836346,-0.10366908
2026-04-30,0.00000000,0.00000000,0.00000000,1656.48345733,6415.75659659,4036.12002696,828.24172866,3207.87829830,0.20520741,-0.04181447,-0.11836346,-0.10366908
2026-05-01,0.00000000,-0.00873893,-0.00694564,1656.48345733,6359.68975140,4008.08660436,828.24172866,3179.84487570,0.20664267,-0.04181447,-0.12606802,-0.10989467
2026-05-02,0.00000000,0.00000000,0.00000000,1656.48345733,6359.68975140,4008.08660436,828.24172866,3179.84487570,0.20664267,-0.04181447,-0.12606802,-0.10989467
2026-05-03,0.00000000,-0.01438021,-0.01140865,1656.48345733,6268.23606996,3962.35976364,828.24172866,3134.11803498,0.20902739,-0.04181447,-0.13863535,-0.12004957
2026-05-04,-0.00939939,-0.01379988,-0.01288006,1640.91352962,6181.73516900,3911.32434931,820.45676481,3090.86758450,0.20976444,-0.05082082,-0.15052207,-0.13138338
2026-05-05,0.00000000,0.00000000,0.00000000,1640.91352962,6181.73516900,3911.32434931,820.45676481,3090.86758450,0.20976444,-0.05082082,-0.15052207,-0.13138338
2026-05-06,0.00000000,0.00000000,0.00000000,1640.91352962,6181.73516900,3911.32434931,820.45676481,3090.86758450,0.20976444,-0.05082082,-0.15052207,-0.13138338
2026-05-07,0.00000000,0.00000000,0.00000000,1640.91352962,6181.73516900,3911.32434931,820.45676481,3090.86758450,0.20976444,-0.05082082,-0.15052207,-0.13138338
2026-05-08,0.00000000,0.00000000,0.00000000,1640.91352962,6181.73516900,3911.32434931,820.45676481,3090.86758450,0.20976444,-0.05082082,-0.15052207,-0.13138338
2026-05-09,0.00000000,0.00000000,0.00000000,1640.91352962,6181.73516900,3911.32434931,820.45676481,3090.86758450,0.20976444,-0.05082082,-0.15052207,-0.13138338
2026-05-10,-0.00744250,-0.00364033,-0.00443789,1628.70102918,6159.23161822,3893.96632370,814.35051459,3079.61580911,0.20913137,-0.05788509,-0.15361445,-0.13523820
2026-05-11,-0.00638124,0.00000000,-0.00133452,1618.30789441,6159.23161822,3888.76975631,809.15394721,3079.61580911,0.20807453,-0.06389695,-0.15361445,-0.13639224
2026-05-12,0.00000000,0.00000000,0.00000000,1618.30789441,6159.23161822,3888.76975631,809.15394721,3079.61580911,0.20807453,-0.06389695,-0.15361445,-0.13639224
2026-05-13,0.00000000,0.00000000,0.00000000,1618.30789441,6159.23161822,3888.76975631,809.15394721,3079.61580911,0.20807453,-0.06389695,-0.15361445,-0.13639224
2026-05-14,0.00000000,0.00000000,0.00000000,1618.30789441,6159.23161822,3888.76975631,809.15394721,3079.61580911,0.20807453,-0.06389695,-0.15361445,-0.13639224
2026-05-15,0.00000000,0.00000000,0.00000000,1618.30789441,6159.23161822,3888.76975631,809.15394721,3079.61580911,0.20807453,-0.06389695,-0.15361445,-0.13639224
2026-05-16,0.00000000,0.00000000,0.00000000,1618.30789441,6159.23161822,3888.76975631,809.15394721,3079.61580911,0.20807453,-0.06389695,-0.15361445,-0.13639224
2026-05-17,0.00000000,0.00000000,0.00000000,1618.30789441,6159.23161822,3888.76975631,809.15394721,3079.61580911,0.20807453,-0.06389695,-0.15361445,-0.13639224
2026-05-18,0.00000000,0.00000000,0.00000000,1618.30789441,6159.23161822,3888.76975631,809.15394721,3079.61580911,0.20807453,-0.06389695,-0.15361445,-0.13639224
2026-05-19,0.00000000,0.00000000,0.00000000,1618.30789441,6159.23161822,3888.76975631,809.15394721,3079.61580911,0.20807453,-0.06389695,-0.15361445,-0.13639224
2026-05-20,0.00000000,0.00000000,0.00000000,1618.30789441,6159.23161822,3888.76975631,809.15394721,3079.61580911,0.20807453,-0.06389695,-0.15361445,-0.13639224
2026-05-21,-0.00949312,0.00000000,-0.00197528,1602.94510475,6159.23161822,3881.08836148,801.47255237,3079.61580911,0.20650716,-0.07278349,-0.15361445,-0.13809810
2026-05-22,0.00000000,0.00000000,0.00000000,1602.94510475,6159.23161822,3881.08836148,801.47255237,3079.61580911,0.20650716,-0.07278349,-0.15361445,-0.13809810
2026-05-23,0.00000000,0.00000000,0.00000000,1602.94510475,6159.23161822,3881.08836148,801.47255237,3079.61580911,0.20650716,-0.07278349,-0.15361445,-0.13809810
2026-05-24,0.00000000,0.00000000,0.00000000,1602.94510475,6159.23161822,3881.08836148,801.47255237,3079.61580911,0.20650716,-0.07278349,-0.15361445,-0.13809810
2026-05-25,0.00000000,0.00000000,0.00000000,1602.94510475,6159.23161822,3881.08836148,801.47255237,3079.61580911,0.20650716,-0.07278349,-0.15361445,-0.13809810
2026-05-26,-0.02281318,-0.00970792,-0.01241425,1566.37682491,6099.43826414,3832.90754453,783.18841246,3049.71913207,0.20433272,-0.09393625,-0.16183110,-0.14879797
2026-05-27,0.00000000,0.00000000,0.00000000,1566.37682491,6099.43826414,3832.90754453,783.18841246,3049.71913207,0.20433272,-0.09393625,-0.16183110,-0.14879797
2026-05-28,0.00000000,0.00000000,0.00000000,1566.37682491,6099.43826414,3832.90754453,783.18841246,3049.71913207,0.20433272,-0.09393625,-0.16183110,-0.14879797
2026-05-29,0.00000000,0.00000000,0.00000000,1566.37682491,6099.43826414,3832.90754453,783.18841246,3049.71913207,0.20433272,-0.09393625,-0.16183110,-0.14879797
2026-05-30,0.00000000,0.00000000,0.00000000,1566.37682491,6099.43826414,3832.90754453,783.18841246,3049.71913207,0.20433272,-0.09393625,-0.16183110,-0.14879797
2026-05-31,0.00000000,-0.00804571,-0.00640171,1566.37682491,6050.36393776,3808.37038134,783.18841246,3025.18196888,0.20564922,-0.09393625,-0.16857477,-0.15424712
2026-06-01,0.00000000,0.00000000,0.00000000,1566.37682491,6050.36393776,3808.37038134,783.18841246,3025.18196888,0.20564922,-0.09393625,-0.16857477,-0.15424712
2026-06-02,0.00000000,0.03927077,0.03119477,1566.37682491,6287.96640177,3927.17161334,783.18841246,3143.98320089,0.19942811,-0.09393625,-0.13592406,-0.12786406
2026-06-03,0.00000000,0.02324590,0.01861001,1566.37682491,6434.13581200,4000.25631846,783.18841246,3217.06790600,0.19578456,-0.09393625,-0.11583784,-0.11163360
2026-06-04,0.00000000,0.02052807,0.01650899,1566.37682491,6566.21622800,4066.29652645,783.18841246,3283.10811400,0.19260485,-0.09393625,-0.09768769,-0.09696756
2026-06-05,0.00000000,0.08914322,0.07197381,1566.37682491,7151.54989747,4358.96336119,783.18841246,3575.77494873,0.17967309,-0.09393625,-0.01725266,-0.03197288
2026-06-06,0.00000000,0.00598881,0.00491278,1566.37682491,7194.37919035,4380.37800763,783.18841246,3597.18959518,0.17879471,-0.09393625,-0.01136717,-0.02721717
2026-06-07,0.00000000,-0.05732812,-0.04707816,1566.37682491,6781.93894943,4174.15788717,783.18841246,3390.96947471,0.18762788,-0.09393625,-0.06804364,-0.07301399
2026-06-08,0.00000000,0.00000000,0.00000000,1566.37682491,6781.93894943,4174.15788717,783.18841246,3390.96947471,0.18762788,-0.09393625,-0.06804364,-0.07301399
2026-06-09,0.00000000,0.00000000,0.00000000,1566.37682491,6781.93894943,4174.15788717,783.18841246,3390.96947471,0.18762788,-0.09393625,-0.06804364,-0.07301399
2026-06-10,0.00000000,-0.00977631,-0.00794200,1566.37682491,6715.63664038,4141.00673265,783.18841246,3357.81832019,0.18912995,-0.09393625,-0.07715473,-0.08037612
2026-06-11,0.00000000,0.00000000,0.00000000,1566.37682491,6715.63664038,4141.00673265,783.18841246,3357.81832019,0.18912995,-0.09393625,-0.07715473,-0.08037612
2026-06-12,-0.00272502,0.00000000,-0.00051538,1562.10841259,6715.63664038,4138.87252649,781.05420630,3357.81832019,0.18871183,-0.09640530,-0.07715473,-0.08085007
2026-06-13,0.00000000,0.00000000,0.00000000,1562.10841259,6715.63664038,4138.87252649,781.05420630,3357.81832019,0.18871183,-0.09640530,-0.07715473,-0.08085007
2026-06-14,0.00597455,0.00000000,0.00112747,1571.44130308,6715.63664038,4143.53897173,785.72065154,3357.81832019,0.18962550,-0.09100673,-0.07715473,-0.07981376
2026-06-15,-0.00414107,0.01594380,0.01213519,1564.93385278,6822.70937868,4193.82161573,782.46692639,3411.35468934,0.18657611,-0.09477093,-0.06244107,-0.06864713
2026-06-16,0.00000000,0.00000000,0.00000000,1564.93385278,6822.70937868,4193.82161573,782.46692639,3411.35468934,0.18657611,-0.09477093,-0.06244107,-0.06864713
2026-06-17,0.00000000,0.00000000,0.00000000,1564.93385278,6822.70937868,4193.82161573,782.46692639,3411.35468934,0.18657611,-0.09477093,-0.06244107,-0.06864713
2026-06-18,0.00000000,0.00000000,0.00000000,1564.93385278,6822.70937868,4193.82161573,782.46692639,3411.35468934,0.18657611,-0.09477093,-0.06244107,-0.06864713
2026-06-19,0.00000000,0.00000000,0.00000000,1564.93385278,6822.70937868,4193.82161573,782.46692639,3411.35468934,0.18657611,-0.09477093,-0.06244107,-0.06864713
2026-06-20,0.00000000,0.00000000,0.00000000,1564.93385278,6822.70937868,4193.82161573,782.46692639,3411.35468934,0.18657611,-0.09477093,-0.06244107,-0.06864713
2026-06-21,0.00000000,0.00000000,0.00000000,1564.93385278,6822.70937868,4193.82161573,782.46692639,3411.35468934,0.18657611,-0.09477093,-0.06244107,-0.06864713
2026-06-22,-0.00781747,-0.00911405,-0.00887214,1552.70002198,6760.52685280,4156.61343739,776.35001099,3380.26342640,0.18677465,-0.10184754,-0.07098603,-0.07691022
2026-06-23,0.00000000,0.00000000,0.00000000,1552.70002198,6760.52685280,4156.61343739,776.35001099,3380.26342640,0.18677465,-0.10184754,-0.07098603,-0.07691022
2026-06-24,0.00000000,0.00000000,0.00000000,1552.70002198,6760.52685280,4156.61343739,776.35001099,3380.26342640,0.18677465,-0.10184754,-0.07098603,-0.07691022
2026-06-25,0.00000000,0.00000000,0.00000000,1552.70002198,6760.52685280,4156.61343739,776.35001099,3380.26342640,0.18677465,-0.10184754,-0.07098603,-0.07691022
2026-06-26,0.00000000,0.00000000,0.00000000,1552.70002198,6760.52685280,4156.61343739,776.35001099,3380.26342640,0.18677465,-0.10184754,-0.07098603,-0.07691022
2026-06-27,0.00000000,0.00000000,0.00000000,1552.70002198,6760.52685280,4156.61343739,776.35001099,3380.26342640,0.18677465,-0.10184754,-0.07098603,-0.07691022
2026-06-28,0.00000000,0.00000000,0.00000000,1552.70002198,6760.52685280,4156.61343739,776.35001099,3380.26342640,0.18677465,-0.10184754,-0.07098603,-0.07691022
2026-06-29,-0.03027278,-0.01869930,-0.02086094,1505.69548209,6634.10970124,4069.90259166,752.84774104,3317.05485062,0.18497930,-0.12903711,-0.08835795,-0.09616674
2026-06-30,0.00000000,-0.01863313,-0.01518639,1505.69548209,6510.49543974,4008.09546091,752.84774104,3255.24771987,0.18783179,-0.12903711,-0.10534470,-0.10989270
2026-07-01,0.00000000,0.00000000,0.00000000,1505.69548209,6510.49543974,4008.09546091,752.84774104,3255.24771987,0.18783179,-0.12903711,-0.10534470,-0.10989270
2026-07-02,0.00000000,-0.00624951,-0.00507565,1505.69548209,6469.80804808,3987.75176508,752.84774104,3234.90402404,0.18879002,-0.12903711,-0.11093585,-0.11441058
2026-07-03,0.00000000,0.03390987,0.02750802,1505.69548209,6689.19837316,4097.44692762,752.84774104,3344.59918658,0.18373581,-0.12903711,-0.08078780,-0.09004976
2026-07-04,0.00000000,0.01276288,0.01041788,1505.69548209,6774.57181159,4140.13364684,752.84774104,3387.28590580,0.18184141,-0.12903711,-0.06905601,-0.08057001
2026-07-05,-0.00139678,0.00281481,0.00204897,1503.59235698,6793.64095678,4148.61665688,751.79617849,3396.82047839,0.18121611,-0.13025365,-0.06643558,-0.07868612
2026-07-06,-0.00785750,0.00779324,0.00495707,1491.77787928,6846.58542975,4169.18165451,745.88893964,3423.29271488,0.17890536,-0.13708768,-0.05916009,-0.07411910
2026-07-07,-0.02158536,-0.01562717,-0.01669312,1459.57731684,6739.59268100,4099.58499892,729.78865842,3369.79634050,0.17801525,-0.15571395,-0.07386275,-0.08957495
2026-07-08,-0.00391145,-0.03063018,-0.02587384,1453.86825391,6533.15775196,3993.51300293,726.93412696,3266.57887598,0.18202874,-0.15901634,-0.10223050,-0.11313114
2026-07-09,-0.00781245,-0.00705855,-0.00719578,1442.50997868,6487.04314237,3964.77656052,721.25498934,3243.52157118,0.18191567,-0.16558648,-0.10856745,-0.11951285
2026-07-10,0.00000000,0.00000000,0.00000000,1442.50997868,6487.04314237,3964.77656052,721.25498934,3243.52157118,0.18191567,-0.16558648,-0.10856745,-0.11951285
2026-07-11,0.00000000,0.00000000,0.00000000,1442.50997868,6487.04314237,3964.77656052,721.25498934,3243.52157118,0.18191567,-0.16558648,-0.10856745,-0.11951285
2026-07-12,0.00000000,0.00000000,0.00000000,1442.50997868,6487.04314237,3964.77656052,721.25498934,3243.52157118,0.18191567,-0.16558648,-0.10856745,-0.11951285
2026-07-13,0.00410705,-0.01138410,-0.00856602,1448.43444340,6413.19397445,3930.81420892,724.21722170,3206.59698722,0.18424102,-0.16215950,-0.11871561,-0.12705512
2026-07-14,-0.02051480,0.01611601,0.00936711,1418.72010649,6516.54904769,3967.63457709,709.36005325,3258.27452384,0.17878664,-0.17934763,-0.10451282,-0.11887815
2026-07-15,0.00000000,0.01374381,0.01128660,1418.72010649,6606.11128783,4012.41569716,709.36005325,3303.05564391,0.17679127,-0.17934763,-0.09220542,-0.10893328
2026-07-16,0.00000000,-0.01717695,-0.01414022,1418.72010649,6492.63844172,3955.67927411,709.36005325,3246.31922086,0.17932699,-0.17934763,-0.10779856,-0.12153315
2026-07-17,0.00000000,0.00000000,0.00000000,1418.72010649,6492.63844172,3955.67927411,709.36005325,3246.31922086,0.17932699,-0.17934763,-0.10779856,-0.12153315
2026-07-18,0.00000000,0.00000000,0.00000000,1418.72010649,6492.63844172,3955.67927411,709.36005325,3246.31922086,0.17932699,-0.17934763,-0.10779856,-0.12153315
2026-07-19,0.00063479,0.00000000,0.00011384,1419.62069806,6492.63844172,3956.12956989,709.81034903,3246.31922086,0.17942040,-0.17882668,-0.10779856,-0.12143315
2026-07-20,-0.01589299,-0.01089156,-0.01178892,1397.05868406,6421.92348853,3909.49108629,698.52934203,3210.96174426,0.17867526,-0.19187758,-0.11751602,-0.13179050
2026-07-21,-0.00841684,0.00000000,-0.00150388,1385.29986077,6421.92348853,3903.61167465,692.64993038,3210.96174426,0.17743823,-0.19867942,-0.11751602,-0.13309619
2026-07-22,0.00000000,-0.00194704,-0.00160156,1385.29986077,6409.41971690,3897.35978883,692.64993038,3204.70985845,0.17772286,-0.19867942,-0.11923426,-0.13448459
2026-07-23,0.00000000,-0.00840671,-0.00691265,1385.29986077,6355.53755997,3870.41871037,692.64993038,3177.76877998,0.17895995,-0.19867942,-0.12663860,-0.14046759
2026-07-24,0.00000000,0.00000000,0.00000000,1385.29986077,6355.53755997,3870.41871037,692.64993038,3177.76877998,0.17895995,-0.19867942,-0.12663860,-0.14046759
2026-07-25,0.00000000,0.00000000,0.00000000,1385.29986077,6355.53755997,3870.41871037,692.64993038,3177.76877998,0.17895995,-0.19867942,-0.12663860,-0.14046759
2026-07-26,0.00000000,0.01769697,0.01452992,1385.29986077,6468.01130173,3926.65558125,692.64993038,3234.00565087,0.17639691,-0.19867942,-0.11118276,-0.12797866
2026-07-27,-0.00801768,-0.00908052,-0.00889304,1374.19297115,6409.27838408,3891.73567761,687.09648557,3204.63919204,0.17655271,-0.20510415,-0.11925368,-0.13573358
2026-07-28,0.00000000,0.00000000,0.00000000,1374.19297115,6409.27838408,3891.73567761,687.09648557,3204.63919204,0.17655271,-0.20510415,-0.11925368,-0.13573358
2026-07-29,0.00000000,0.00000000,0.00000000,1374.19297115,6409.27838408,3891.73567761,687.09648557,3204.63919204,0.17655271,-0.20510415,-0.11925368,-0.13573358
2026-07-30,0.00000000,0.00000000,0.00000000,1374.19297115,6409.27838408,3891.73567761,687.09648557,3204.63919204,0.17655271,-0.20510415,-0.11925368,-0.13573358
2026-07-31,0.00000000,0.00000000,0.00000000,1374.19297115,6409.27838408,3891.73567761,687.09648557,3204.63919204,0.17655271,-0.20510415,-0.11925368,-0.13573358
2026-08-01,0.00000000,0.00000000,0.00000000,1374.19297115,6409.27838408,3891.73567761,687.09648557,3204.63919204,0.17655271,-0.20510415,-0.11925368,-0.13573358
2026-08-02,0.00000000,0.00000000,0.00000000,1374.19297115,6409.27838408,3891.73567761,687.09648557,3204.63919204,0.17655271,-0.20510415,-0.11925368,-0.13573358
2026-08-03,0.00000000,0.00000000,0.00000000,1374.19297115,6409.27838408,3891.73567761,687.09648557,3204.63919204,0.17655271,-0.20510415,-0.11925368,-0.13573358
2026-08-04,0.00000000,0.00000000,0.00000000,1374.19297115,6409.27838408,3891.73567761,687.09648557,3204.63919204,0.17655271,-0.20510415,-0.11925368,-0.13573358
2026-08-05,-0.00706039,0.00627946,0.00392427,1364.49063705,6449.52519712,3907.00791708,682.24531852,3224.76259856,0.17462092,-0.21071642,-0.11372307,-0.13234196
2026-08-06,-0.00729604,-0.00251566,-0.00335042,1354.53525623,6433.30037393,3893.91781508,677.26762812,3216.65018696,0.17392962,-0.21647507,-0.11595264,-0.13524897
2026-08-07,0.00000000,0.00529621,0.00437504,1354.53525623,6467.37250263,3910.95387943,677.26762812,3233.68625131,0.17317198,-0.21647507,-0.11127054,-0.13146565
2026-08-08,0.00000000,0.00133798,0.00110628,1354.53525623,6476.02574166,3915.28049895,677.26762812,3238.01287083,0.17298061,-0.21647507,-0.11008143,-0.13050480
2026-08-09,-0.00837835,-0.00589918,-0.00632803,1343.18648299,6437.82252273,3890.50450286,671.59324150,3218.91126137,0.17262369,-0.22303972,-0.11533122,-0.13600699
2026-08-10,0.00000000,0.00000000,0.00000000,1343.18648299,6437.82252273,3890.50450286,671.59324150,3218.91126137,0.17262369,-0.22303972,-0.11533122,-0.13600699
2026-08-11,0.00000000,0.00000000,0.00000000,1343.18648299,6437.82252273,3890.50450286,671.59324150,3218.91126137,0.17262369,-0.22303972,-0.11533122,-0.13600699
2026-08-12,0.00000000,0.00000000,0.00000000,1343.18648299,6437.82252273,3890.50450286,671.59324150,3218.91126137,0.17262369,-0.22303972,-0.11533122,-0.13600699
2026-08-13,0.00000000,0.00000000,0.00000000,1343.18648299,6437.82252273,3890.50450286,671.59324150,3218.91126137,0.17262369,-0.22303972,-0.11533122,-0.13600699
2026-08-14,0.00000000,0.00000000,0.00000000,1343.18648299,6437.82252273,3890.50450286,671.59324150,3218.91126137,0.17262369,-0.22303972,-0.11533122,-0.13600699
2026-08-15,0.00000000,0.00000000,0.00000000,1343.18648299,6437.82252273,3890.50450286,671.59324150,3218.91126137,0.17262369,-0.22303972,-0.11533122,-0.13600699
2026-08-16,0.00000000,0.00000000,0.00000000,1343.18648299,6437.82252273,3890.50450286,671.59324150,3218.91126137,0.17262369,-0.22303972,-0.11533122,-0.13600699
2026-08-17,0.00994021,0.00000000,0.00171592,1356.53803361,6437.82252273,3897.18027817,678.26901680,3218.91126137,0.17404097,-0.21531657,-0.11533122,-0.13452445
2026-08-18,0.00312352,-0.00064810,0.00000832,1360.77521295,6433.65017453,3897.21269374,680.38760647,3216.82508726,0.17458313,-0.21286559,-0.11590457,-0.13451726
2026-08-19,0.07132505,0.17472734,0.15667504,1457.83256954,7557.78474337,4507.80865646,728.91628477,3778.89237169,0.16170080,-0.15672320,0.00000000,0.00000000
2026-08-20,0.05355811,0.03286948,0.03621485,1535.91132773,7806.20522639,4671.05827706,767.95566387,3903.10261319,0.16440721,-0.11155888,0.00000000,0.00000000
2026-08-21,0.07286221,0.08146325,0.08004918,1647.82122595,8442.12407429,5044.97265012,823.91061298,4221.06203714,0.16331320,-0.04682510,0.00000000,0.00000000
2026-08-22,-0.01608593,-0.03724999,-0.03379362,1621.31449438,8127.65502189,4874.48475814,810.65724719,4063.82751094,0.16630624,-0.06215780,-0.03724999,-0.03379362
2026-08-23,-0.02185550,0.01685154,0.01041432,1585.87986068,8264.61854407,4925.24920237,792.93993034,4132.30927203,0.16099489,-0.08265481,-0.02102617,-0.02373124
2026-08-24,-0.00459481,0.00767498,0.00569961,1578.59305186,8328.04933479,4953.32119332,789.29652593,4164.02466739,0.15934693,-0.08686983,-0.01351256,-0.01816689
2026-08-25,-0.00557498,-0.01598664,-0.01432758,1569.79242029,8194.91179681,4882.35210855,784.89621014,4097.45589840,0.16076190,-0.09196051,-0.02928318,-0.03223418
2026-08-26,0.00000000,0.02626776,0.02204490,1569.79242029,8410.17375007,4989.98308518,784.89621014,4205.08687504,0.15729436,-0.09196051,-0.00378463,-0.01089987
2026-08-27,-0.00510357,0.00166007,0.00059619,1561.78087716,8424.13523628,4992.95805672,780.89043858,4212.06761814,0.15639836,-0.09659476,-0.00213084,-0.01031018
2026-08-28,-0.00437591,-0.01360319,-0.01216006,1554.94666510,8309.54009749,4932.24338129,777.47333255,4154.77004874,0.15763077,-0.10054798,-0.01570505,-0.02234487
2026-08-29,0.00000000,0.00000000,0.00000000,1554.94666510,8309.54009749,4932.24338129,777.47333255,4154.77004874,0.15763077,-0.10054798,-0.01570505,-0.02234487
2026-08-30,0.00000000,0.00000000,0.00000000,1554.94666510,8309.54009749,4932.24338129,777.47333255,4154.77004874,0.15763077,-0.10054798,-0.01570505,-0.02234487
2026-08-31,0.00000000,-0.00545386,-0.00459416,1554.94666510,8264.22103399,4909.58384954,777.47333255,4132.11051699,0.15835830,-0.10054798,-0.02107326,-0.02683638
2026-09-01,0.00000000,0.00000000,0.00000000,1554.94666510,8264.22103399,4909.58384954,777.47333255,4132.11051699,0.15835830,-0.10054798,-0.02107326,-0.02683638
2026-09-02,0.00000000,0.00000000,0.00000000,1554.94666510,8264.22103399,4909.58384954,777.47333255,4132.11051699,0.15835830,-0.10054798,-0.02107326,-0.02683638
2026-09-03,0.00837856,-0.00708021,-0.00463219,1567.97487815,8205.70859677,4886.84173746,783.98743908,4102.85429839,0.16042824,-0.09301186,-0.02800426,-0.03134426
2026-09-04,0.00000000,0.00000000,0.00000000,1567.97487815,8205.70859677,4886.84173746,783.98743908,4102.85429839,0.16042824,-0.09301186,-0.02800426,-0.03134426
2026-09-05,0.00000000,0.00000000,0.00000000,1567.97487815,8205.70859677,4886.84173746,783.98743908,4102.85429839,0.16042824,-0.09301186,-0.02800426,-0.03134426
2026-09-06,0.00000000,0.00000000,0.00000000,1567.97487815,8205.70859677,4886.84173746,783.98743908,4102.85429839,0.16042824,-0.09301186,-0.02800426,-0.03134426
2026-09-07,0.00000000,0.00000000,0.00000000,1567.97487815,8205.70859677,4886.84173746,783.98743908,4102.85429839,0.16042824,-0.09301186,-0.02800426,-0.03134426
2026-09-08,0.00000000,0.00000000,0.00000000,1567.97487815,8205.70859677,4886.84173746,783.98743908,4102.85429839,0.16042824,-0.09301186,-0.02800426,-0.03134426
2026-09-09,0.00000000,0.00000000,0.00000000,1567.97487815,8205.70859677,4886.84173746,783.98743908,4102.85429839,0.16042824,-0.09301186,-0.02800426,-0.03134426
2026-09-10,0.00000000,0.00000000,0.00000000,1567.97487815,8205.70859677,4886.84173746,783.98743908,4102.85429839,0.16042824,-0.09301186,-0.02800426,-0.03134426
2026-09-11,0.00000000,-0.00354005,-0.00297213,1567.97487815,8176.65996801,4872.31742308,783.98743908,4088.32998401,0.16090648,-0.09301186,-0.03144518,-0.03422322
2026-09-12,0.00000000,0.00377689,0.00316917,1567.97487815,8207.54234865,4887.75861340,783.98743908,4103.77117432,0.16039815,-0.09301186,-0.02778705,-0.03116252
2026-09-13,0.00000000,-0.00549389,-0.00461268,1567.97487815,8162.45103182,4865.21295499,783.98743908,4081.22551591,0.16114144,-0.09301186,-0.03312828,-0.03563145
2026-09-14,0.00000000,-0.01412179,-0.01184618,1567.97487815,8047.18261936,4807.57874876,783.98743908,4023.59130968,0.16307324,-0.09301186,-0.04678224,-0.04705554
2026-09-15,0.00000000,0.00000000,0.00000000,1567.97487815,8047.18261936,4807.57874876,783.98743908,4023.59130968,0.16307324,-0.09301186,-0.04678224,-0.04705554
2026-09-16,0.00000000,0.00000000,0.00000000,1567.97487815,8047.18261936,4807.57874876,783.98743908,4023.59130968,0.16307324,-0.09301186,-0.04678224,-0.04705554
2026-09-17,0.00000000,0.00000000,0.00000000,1567.97487815,8047.18261936,4807.57874876,783.98743908,4023.59130968,0.16307324,-0.09301186,-0.04678224,-0.04705554
2026-09-18,0.02029757,0.02889176,0.02749028,1599.80095030,8279.67989615,4939.74042323,799.90047515,4139.83994808,0.16193168,-0.07460221,-0.01924210,-0.02085883
2026-09-19,0.00440817,0.00787055,0.00730988,1606.85314107,8344.84556039,4975.84935073,803.42657053,4172.42278020,0.16146521,-0.07052290,-0.01152299,-0.01370142
2026-09-20,-0.00888402,-0.02910617,-0.02584100,1592.57783232,8101.95906132,4847.26844682,796.28891616,4050.97953066,0.16427580,-0.07878039,-0.04029377,-0.03918836
2026-09-21,0.01040501,0.03589809,0.03171020,1609.14862404,8392.80394575,5000.97628489,804.57431202,4196.40197287,0.16088345,-0.06919509,-0.00584215,-0.00872083
2026-09-22,0.00000000,-0.00812978,-0.00682183,1609.14862404,8324.57233764,4966.86048084,804.57431202,4162.28616882,0.16198851,-0.06919509,-0.01392443,-0.01548317
2026-09-23,0.00000000,-0.02863447,-0.02399601,1609.14862404,8086.20264697,4847.67563550,804.57431202,4043.10132348,0.16597115,-0.06919509,-0.04216017,-0.03910765
2026-09-24,0.00000000,0.00000000,0.00000000,1609.14862404,8086.20264697,4847.67563550,804.57431202,4043.10132348,0.16597115,-0.06919509,-0.04216017,-0.03910765
2026-09-25,0.00000000,0.00000000,0.00000000,1609.14862404,8086.20264697,4847.67563550,804.57431202,4043.10132348,0.16597115,-0.06919509,-0.04216017,-0.03910765
2026-09-26,0.00000000,0.00000000,0.00000000,1609.14862404,8086.20264697,4847.67563550,804.57431202,4043.10132348,0.16597115,-0.06919509,-0.04216017,-0.03910765
2026-09-27,0.00000000,0.00000000,0.00000000,1609.14862404,8086.20264697,4847.67563550,804.57431202,4043.10132348,0.16597115,-0.06919509,-0.04216017,-0.03910765
2026-09-28,0.00000000,0.00000000,0.00000000,1609.14862404,8086.20264697,4847.67563550,804.57431202,4043.10132348,0.16597115,-0.06919509,-0.04216017,-0.03910765
2026-09-29,0.00000000,0.00000000,0.00000000,1609.14862404,8086.20264697,4847.67563550,804.57431202,4043.10132348,0.16597115,-0.06919509,-0.04216017,-0.03910765
2026-09-30,0.00000000,0.00000000,0.00000000,1609.14862404,8086.20264697,4847.67563550,804.57431202,4043.10132348,0.16597115,-0.06919509,-0.04216017,-0.03910765
