date,btc_return,eth_return,portfolio_return,btc_equity,eth_equity,portfolio_equity,btc_sleeve_value,eth_sleeve_value,btc_weight,btc_drawdown,eth_drawdown,portfolio_drawdown
2018-09-01,0.00000000,0.00000000,0.00000000,100.00000000,100.00000000,100.00000000,50.00000000,50.00000000,0.50000000,0.00000000,0.00000000,0.00000000
2018-09-02,0.00000000,0.00000000,0.00000000,100.00000000,100.00000000,100.00000000,50.00000000,50.00000000,0.50000000,0.00000000,0.00000000,0.00000000
2018-09-03,0.00000000,-0.01520895,-0.00760448,100.00000000,98.47910479,99.23955240,50.00000000,49.23955240,0.50383137,0.00000000,-0.01520895,-0.00760448
2018-09-04,0.00000000,0.00060042,0.00029791,100.00000000,98.53823363,99.26911682,50.00000000,49.26911682,0.50368132,0.00000000,-0.01461766,-0.00730883
2018-09-05,0.05904328,0.19865523,0.12833530,105.90432841,118.11336941,112.00884891,52.95216421,59.05668471,0.47274983,0.00000000,0.00000000,0.00000000
2018-09-06,0.02475827,-0.00341564,0.00990357,108.52633604,117.70993610,113.11813607,54.26316802,58.85496805,0.47970352,0.00000000,-0.00341564,0.00000000
2018-09-07,0.00163547,0.04241713,0.02285403,108.70382732,122.70285430,115.70334081,54.35191366,61.35142715,0.46975233,0.00000000,0.00000000,0.00000000
2018-09-08,0.00502781,0.05201608,0.02994323,109.25036919,129.08537612,119.16787265,54.62518460,64.54268806,0.45838852,0.00000000,0.00000000,0.00000000
2018-09-09,-0.00491717,0.00059199,-0.00193334,108.71316707,129.16179397,118.93748052,54.35658354,64.58089698,0.45701812,-0.00491717,0.00000000,-0.00193334
2018-09-10,-0.01713753,0.00000000,-0.00783216,106.85009188,129.16179397,118.00594292,53.42504594,64.58089698,0.45273183,-0.02197043,0.00000000,-0.00975036
2018-09-11,-0.00239966,0.00000000,-0.00108640,106.59368833,129.16179397,117.87774115,53.29684417,64.58089698,0.45213663,-0.02431736,0.00000000,-0.01082617
2018-09-12,-0.00825372,0.00000000,-0.00373181,105.71389426,129.16179397,117.43784412,52.85694713,64.58089698,0.45008445,-0.03237037,0.00000000,-0.01451758
2018-09-13,0.00000000,-0.02125417,-0.01168800,105.71389426,126.41656771,116.06523099,52.85694713,63.20828385,0.45540725,-0.03237037,-0.02125417,-0.02603589
2018-09-14,0.00000000,0.00000000,0.00000000,105.71389426,126.41656771,116.06523099,52.85694713,63.20828385,0.45540725,-0.03237037,-0.02125417,-0.02603589
2018-09-15,-0.01010951,0.00000000,-0.00460394,104.64517855,126.41656771,115.53087313,52.32258928,63.20828385,0.45288837,-0.04215263,-0.02125417,-0.03051997
2018-09-16,0.00000000,0.00000000,0.00000000,104.64517855,126.41656771,115.53087313,52.32258928,63.20828385,0.45288837,-0.04215263,-0.02125417,-0.03051997
2018-09-17,0.01520783,0.00000000,0.00688745,106.23660450,126.41656771,116.32658611,53.11830225,63.20828385,0.45663080,-0.02758585,-0.02125417,-0.02384272
2018-09-18,-0.01206392,0.00000000,-0.00550876,104.95497482,126.41656771,115.68577127,52.47748741,63.20828385,0.45362093,-0.03931698,-0.02125417,-0.02922014
2018-09-19,-0.01500336,0.00000000,-0.00680584,103.38029795,126.41656771,114.89843283,51.69014897,63.20828385,0.44987688,-0.05373045,-0.02125417,-0.03582710
2018-09-20,0.00000000,0.00823928,0.00453262,103.38029795,127.45814913,115.41922354,51.69014897,63.72907456,0.44784697,-0.05373045,-0.01319001,-0.03145688
2018-09-21,0.01652354,0.00946697,0.01262723,105.08850659,128.66479099,116.87664879,52.54425329,64.33239550,0.44957016,-0.03809472,-0.00384791,-0.01922686
2018-09-22,-0.01666621,0.00000000,-0.00749263,103.33707910,128.66479099,116.00093505,51.66853955,64.33239550,0.44541485,-0.05412604,-0.00384791,-0.02657543
2018-09-23,0.00000000,0.00000000,0.00000000,103.33707910,128.66479099,116.00093505,51.66853955,64.33239550,0.44541485,-0.05412604,-0.00384791,-0.02657543
2018-09-24,0.00000000,0.00000000,0.00000000,103.33707910,128.66479099,116.00093505,51.66853955,64.33239550,0.44541485,-0.05412604,-0.00384791,-0.02657543
2018-09-25,0.01445742,0.00000000,0.00643955,104.83106670,128.66479099,116.74792885,52.41553335,64.33239550,0.44896328,-0.04045114,-0.00384791,-0.02030702
2018-09-26,-0.00491192,0.00000000,-0.00220527,104.31614521,128.66479099,116.49046810,52.15807261,64.33239550,0.44774541,-0.04516437,-0.00384791,-0.02246750
2018-09-27,-0.01924984,0.00000000,-0.00861903,102.30807608,128.66479099,115.48643354,51.15403804,64.33239550,0.44294413,-0.06354480,-0.00384791,-0.03089288
2018-09-28,0.00000000,0.00000000,0.00000000,102.30807608,128.66479099,115.48643354,51.15403804,64.33239550,0.44294413,-0.06354480,-0.00384791,-0.03089288
2018-09-29,0.00000000,-0.01121931,-0.00624978,102.30807608,127.22126137,114.76466873,51.15403804,63.61063068,0.44572985,-0.06354480,-0.01502404,-0.03694959
2018-09-30,-0.01548701,0.00000000,-0.00690302,100.72362939,127.22126137,113.97244538,50.36181470,63.61063068,0.44187711,-0.07804770,-0.01502404,-0.04359755
2018-10-01,-0.00780348,0.00000000,-0.00344818,99.93763497,127.22126137,113.57944817,49.96881748,63.61063068,0.43994594,-0.08524213,-0.01502404,-0.04689540
2018-10-02,0.00000000,0.00000000,0.00000000,99.93763497,127.22126137,113.57944817,49.96881748,63.61063068,0.43994594,-0.08524213,-0.01502404,-0.04689540
2018-10-03,-0.01047810,0.00000000,-0.00460980,98.89047813,127.22126137,113.05586975,49.44523906,63.61063068,0.43735225,-0.09482706,-0.01502404,-0.05128902
2018-10-04,0.00000000,0.00000000,0.00000000,98.89047813,127.22126137,113.05586975,49.44523906,63.61063068,0.43735225,-0.09482706,-0.01502404,-0.05128902
2018-10-05,0.00000000,-0.01759177,-0.00989797,98.89047813,124.98321458,111.93684635,49.44523906,62.49160729,0.44172442,-0.09482706,-0.03235151,-0.06067933
2018-10-06,0.00000000,0.00000000,0.00000000,98.89047813,124.98321458,111.93684635,49.44523906,62.49160729,0.44172442,-0.09482706,-0.03235151,-0.06067933
2018-10-07,0.00000000,0.00000000,0.00000000,98.89047813,124.98321458,111.93684635,49.44523906,62.49160729,0.44172442,-0.09482706,-0.03235151,-0.06067933
2018-10-08,0.00000000,0.00111760,0.00062393,98.89047813,125.12289618,112.00668715,49.44523906,62.56144809,0.44144899,-0.09482706,-0.03127007,-0.06009326
2018-10-09,0.00000000,-0.01230104,-0.00687076,98.89047813,123.58375450,111.23711631,49.44523906,61.79187725,0.44450306,-0.09482706,-0.04318645,-0.06655113
2018-10-10,0.00237130,0.00000000,0.00105405,99.12497729,123.58375450,111.35436589,49.56248865,61.79187725,0.44508797,-0.09268062,-0.04318645,-0.06556723
2018-10-11,0.05568047,0.14309687,0.10418889,104.64430298,141.26820331,122.95625314,52.32215149,70.63410165,0.42553469,-0.04216065,0.00000000,0.00000000
2018-10-12,-0.00468315,-0.02104034,-0.01407979,104.15423758,138.29587285,121.22505522,52.07711879,69.14793643,0.42959039,-0.04664636,-0.02104034,-0.01407979
2018-10-13,-0.00211218,-0.01733785,-0.01079705,103.93424527,135.89811929,119.91618228,51.96712263,67.94905964,0.43336205,-0.04866001,-0.03801340,-0.02472482
2018-10-14,0.00242963,0.01744049,0.01093535,104.18676739,138.26824896,121.22750818,52.09338370,69.13412448,0.42971587,-0.04634860,-0.02123588,-0.01405984
2018-10-15,-0.00312243,-0.01086764,-0.00753940,103.86145103,136.76559891,120.31352497,51.93072551,68.38279945,0.43162833,-0.04932632,-0.03187274,-0.02149324
2018-10-16,0.00302226,0.00000000,0.00130449,104.17534714,136.76559891,120.47047302,52.08767357,68.38279945,0.43236880,-0.04645313,-0.03187274,-0.02021678
2018-10-17,-0.00370218,0.00000000,-0.00160071,103.78967109,136.76559891,120.27763500,51.89483554,68.38279945,0.43145873,-0.04998334,-0.03187274,-0.02178513
2018-10-18,-0.00432377,0.01195243,0.00492992,103.34090799,138.40028051,120.87059425,51.67045399,69.20014025,0.42748573,-0.05409100,-0.02030126,-0.01696261
2018-10-19,0.00198367,0.00586771,0.00420734,103.54590223,139.21237332,121.37913778,51.77295111,69.60618666,0.42653912,-0.05221462,-0.01455267,-0.01282664
2018-10-20,-0.00586269,-0.01368986,-0.01035127,102.93884517,137.30657486,120.12271002,51.46942259,68.65328743,0.42847370,-0.05777119,-0.02804331,-0.02304513
2018-10-21,0.00000000,-0.01618095,-0.00924784,102.93884517,135.08482376,119.01183447,51.46942259,67.54241188,0.43247315,-0.05777119,-0.04377050,-0.03207985
2018-10-22,-0.00495841,0.00000000,-0.00214438,102.42843207,135.08482376,118.75662792,51.21421604,67.54241188,0.43125354,-0.06244315,-0.04377050,-0.03415544
2018-10-23,0.00000000,-0.00949751,-0.00540168,102.42843207,133.80185420,118.11514314,51.21421604,66.90092710,0.43359568,-0.06244315,-0.05285230,-0.03937262
2018-10-24,-0.00667173,0.00000000,-0.00289283,101.74505685,133.80185420,117.77345552,50.87252843,66.90092710,0.43195241,-0.06869828,-0.05285230,-0.04215156
2018-10-25,0.00000000,-0.00967686,-0.00549692,101.74505685,132.50707177,117.12606431,50.87252843,66.25353589,0.43433995,-0.06869828,-0.06201772,-0.04741677
2018-10-26,0.00000000,-0.01626050,-0.00919791,101.74505685,130.35244071,116.04874878,50.87252843,65.17622036,0.43837205,-0.06869828,-0.07726978,-0.05617855
2018-10-27,-0.00406100,-0.00625704,-0.00529436,101.33186969,129.53681995,115.43434482,50.66593485,64.76840997,0.43891560,-0.07248030,-0.08304334,-0.06117548
2018-10-28,0.00000000,-0.00225171,-0.00126340,101.33186969,129.24514007,115.28850488,50.66593485,64.62257003,0.43947083,-0.07248030,-0.08510806,-0.06236160
2018-10-29,0.00605963,0.02355959,0.01586887,101.94590314,132.29010319,117.11800317,50.97295157,66.14505160,0.43522729,-0.06685988,-0.06355358,-0.04748233
2018-10-30,-0.00046330,-0.00148206,-0.00103867,101.89867176,132.09404159,116.99635667,50.94933588,66.04702079,0.43547797,-0.06729220,-0.06494145,-0.04847168
2018-10-31,-0.01188383,-0.00699038,-0.00912137,100.68772488,131.17065466,115.92918977,50.34386244,65.58532733,0.43426390,-0.07837634,-0.07147786,-0.05715092
2018-11-01,0.00000000,-0.00593061,-0.00335516,100.68772488,130.39273280,115.54022884,50.34386244,65.19636640,0.43572583,-0.07837634,-0.07698456,-0.06031433
2018-11-02,-0.00585301,-0.01959681,-0.01360828,100.09839821,127.83745133,113.96792477,50.04919910,63.91872566,0.43915162,-0.08377062,-0.09507272,-0.07310184
2018-11-03,0.00000000,0.00000000,0.00000000,100.09839821,127.83745133,113.96792477,50.04919910,63.91872566,0.43915162,-0.08377062,-0.09507272,-0.07310184
2018-11-04,-0.00606952,0.05750800,0.02958783,99.49084914,135.18912785,117.33998849,49.74542457,67.59456392,0.42394264,-0.08933169,-0.04303216,-0.04567693
2018-11-05,0.00000000,-0.00683898,-0.00393965,99.49084914,134.26457149,116.87771031,49.74542457,67.13228574,0.42561943,-0.08933169,-0.04957685,-0.04943663
2018-11-06,-0.00486163,0.04787012,0.02542646,99.00716106,140.69183224,119.84949665,49.50358053,70.34591612,0.41304788,-0.09375903,-0.00407998,-0.02526717
2018-11-07,-0.00669568,-0.00756856,-0.00720801,98.34424107,139.62699837,118.98561972,49.17212053,69.81349918,0.41326104,-0.09982692,-0.01161765,-0.03229306
2018-11-08,0.00000000,-0.01523941,-0.00894156,98.34424107,137.49916475,117.92170291,49.17212053,68.74958237,0.41698957,-0.09982692,-0.02668002,-0.04094587
2018-11-09,0.00183095,0.00000000,0.00076349,98.52430459,137.49916475,118.01173467,49.26215230,68.74958237,0.41743435,-0.09817875,-0.02668002,-0.04021364
2018-11-10,-0.00382928,0.00000000,-0.00159847,98.14702767,137.49916475,117.82309621,49.07351384,68.74958237,0.41650165,-0.10163207,-0.02668002,-0.04174783
2018-11-11,-0.00175144,0.00000000,-0.00072948,97.97512943,137.49916475,117.73714709,48.98756472,68.74958237,0.41607569,-0.10320551,-0.02668002,-0.04244685
2018-11-12,0.00000000,0.00000000,0.00000000,97.97512943,137.49916475,117.73714709,48.98756472,68.74958237,0.41607569,-0.10320551,-0.02668002,-0.04244685
2018-11-13,0.00356993,-0.01083792,-0.00484316,98.32489373,136.00896032,117.16692703,49.16244686,68.00448016,0.41959321,-0.10000401,-0.03722878,-0.04708444
2018-11-14,0.10541131,0.10684373,0.10624270,108.68944916,150.54066543,129.61505730,54.34472458,75.27033272,0.41927787,-0.00513426,0.00000000,0.00000000
2018-11-15,0.00156447,0.01326697,0.00836037,108.85949022,152.53788327,130.69868674,54.42974511,76.26894164,0.41645212,-0.00357783,0.00000000,0.00000000
2018-11-16,0.01092271,0.03171289,0.02305478,110.04853072,157.37530050,133.71191561,55.02426536,78.68765025,0.41151355,0.00000000,0.00000000,0.00000000
2018-11-17,0.00075770,0.00284307,0.00198491,110.13191473,157.82272917,133.97732195,55.06595737,78.91136459,0.41100954,0.00000000,0.00000000,0.00000000
2018-11-18,-0.00791093,-0.01216418,-0.01041605,109.26066865,155.90294503,132.58180684,54.63033432,77.95147251,0.41205001,-0.00791093,-0.01216418,-0.01041605
2018-11-19,0.11751614,0.13147886,0.12572552,122.10056046,176.40088575,149.25072310,61.05028023,88.20044287,0.40904512,0.00000000,0.00000000,0.00000000
2018-11-20,0.01214982,0.08643151,0.05604695,123.58406069,191.64748125,157.61577097,61.79203034,95.82374062,0.39204218,0.00000000,0.00000000,0.00000000
2018-11-21,0.00000000,-0.02064976,-0.01255418,123.58406069,187.69000708,155.63703388,61.79203034,93.84500354,0.39702652,0.00000000,-0.02064976,-0.01255418
2018-11-22,0.00000000,0.05546210,0.03344218,123.58406069,198.09968970,160.84187519,61.79203034,99.04984485,0.38417875,0.00000000,0.00000000,0.00000000
2018-11-23,0.00000000,0.00729326,0.00449134,123.58406069,199.54448186,161.56427127,61.79203034,99.77224093,0.38246099,0.00000000,0.00000000,0.00000000
2018-11-24,0.00000000,0.04555638,0.02813284,123.58406069,208.63500643,166.10953356,61.79203034,104.31750321,0.37199569,0.00000000,0.00000000,0.00000000
2018-11-25,0.00000000,0.01931398,0.01212926,123.58406069,212.66457887,168.12431978,61.79203034,106.33228943,0.36753773,0.00000000,0.00000000,0.00000000
2018-11-26,0.00000000,0.00000000,0.00000000,123.58406069,212.66457887,168.12431978,61.79203034,106.33228943,0.36753773,0.00000000,0.00000000,0.00000000
2018-11-27,0.00000000,0.00000000,0.00000000,123.58406069,212.66457887,168.12431978,61.79203034,106.33228943,0.36753773,0.00000000,0.00000000,0.00000000
2018-11-28,-0.01160225,-0.00797589,-0.00930872,122.15020718,210.96838888,166.55929803,61.07510359,105.48419444,0.36668685,-0.01160225,-0.00797589,-0.00930872
2018-11-29,0.00000000,0.00000000,0.00000000,122.15020718,210.96838888,166.55929803,61.07510359,105.48419444,0.36668685,-0.01160225,-0.00797589,-0.00930872
2018-11-30,0.00000000,0.00000000,0.00000000,122.15020718,210.96838888,166.55929803,61.07510359,105.48419444,0.36668685,-0.01160225,-0.00797589,-0.00930872
2018-12-01,0.00000000,0.00000000,0.00000000,122.15020718,210.96838888,166.55929803,61.07510359,105.48419444,0.36668685,-0.01160225,-0.00797589,-0.00930872
2018-12-02,0.00000000,0.00000000,0.00000000,122.15020718,210.96838888,166.55929803,61.07510359,105.48419444,0.36668685,-0.01160225,-0.00797589,-0.00930872
2018-12-03,0.00000000,0.00000000,0.00000000,122.15020718,210.96838888,166.55929803,61.07510359,105.48419444,0.36668685,-0.01160225,-0.00797589,-0.00930872
2018-12-04,0.00000000,0.00000000,0.00000000,122.15020718,210.96838888,166.55929803,61.07510359,105.48419444,0.36668685,-0.01160225,-0.00797589,-0.00930872
2018-12-05,0.00000000,0.00000000,0.00000000,122.15020718,210.96838888,166.55929803,61.07510359,105.48419444,0.36668685,-0.01160225,-0.00797589,-0.00930872
2018-12-06,0.00000000,0.00000000,0.00000000,122.15020718,210.96838888,166.55929803,61.07510359,105.48419444,0.36668685,-0.01160225,-0.00797589,-0.00930872
2018-12-07,0.00000000,0.00000000,0.00000000,122.15020718,210.96838888,166.55929803,61.07510359,105.48419444,0.36668685,-0.01160225,-0.00797589,-0.00930872
2018-12-08,0.00000000,0.00000000,0.00000000,122.15020718,210.96838888,166.55929803,61.07510359,105.48419444,0.36668685,-0.01160225,-0.00797589,-0.00930872
2018-12-09,0.00000000,0.00000000,0.00000000,122.15020718,210.96838888,166.55929803,61.07510359,105.48419444,0.36668685,-0.01160225,-0.00797589,-0.00930872
2018-12-10,0.00000000,0.00000000,0.00000000,122.15020718,210.96838888,166.55929803,61.07510359,105.48419444,0.36668685,-0.01160225,-0.00797589,-0.00930872
2018-12-11,0.00000000,0.00000000,0.00000000,122.15020718,210.96838888,166.55929803,61.07510359,105.48419444,0.36668685,-0.01160225,-0.00797589,-0.00930872
2018-12-12,0.00000000,0.00000000,0.00000000,122.15020718,210.96838888,166.55929803,61.07510359,105.48419444,0.36668685,-0.01160225,-0.00797589,-0.00930872
2018-12-13,0.00000000,0.00599419,0.00379620,122.15020718,212.23297322,167.19159020,61.07510359,106.11648661,0.36530009,-0.01160225,-0.00202951,-0.00554786
2018-12-14,0.00000000,-0.00708199,-0.00449494,122.15020718,210.72994119,166.44007419,61.07510359,105.36497059,0.36694951,-0.01160225,-0.00909713,-0.01001786
2018-12-15,0.00000000,0.00000000,0.00000000,122.15020718,210.72994119,166.44007419,61.07510359,105.36497059,0.36694951,-0.01160225,-0.00909713,-0.01001786
2018-12-16,0.00000000,0.00096526,0.00061106,122.15020718,210.93335063,166.54177891,61.07510359,105.46667532,0.36672542,-0.01160225,-0.00814065,-0.00941292
2018-12-17,-0.00844834,0.03018343,0.01601618,121.11824018,217.30004363,169.20914191,60.55912009,108.65002182,0.35789508,-0.01995258,0.00000000,0.00000000
2018-12-18,0.01171332,0.06778059,0.04771439,122.53693679,232.02876953,177.28285316,61.26846840,116.01438476,0.34559726,-0.00847297,0.00000000,0.00000000
2018-12-19,0.00647202,-0.01644250,-0.00852330,123.32999844,228.21363645,175.77181745,61.66499922,114.10681822,0.35082415,-0.00205578,-0.01644250,-0.00852330
2018-12-20,0.03043474,0.15511698,0.11137544,127.08351544,263.61344704,195.34848124,63.54175772,131.80672352,0.32527388,0.00000000,0.00000000,0.00000000
2018-12-21,0.00000000,-0.05578473,-0.03763941,127.08351544,248.90784316,187.99567930,63.54175772,124.45392158,0.33799584,0.00000000,-0.05578473,-0.03763941
2018-12-22,0.00000000,0.06976331,0.04618360,127.08351544,266.27247919,196.67799731,63.54175772,133.13623959,0.32307507,0.00000000,0.00000000,0.00000000
2018-12-23,0.00000000,0.12009409,0.08129469,127.08351544,298.25023102,212.66687323,63.54175772,149.12511551,0.29878540,0.00000000,0.00000000,0.00000000
2018-12-24,-0.00616291,0.06247229,0.04196510,126.30031132,316.88260686,221.59145909,63.15015566,158.44130343,0.28498461,-0.00616291,0.00000000,0.00000000
2018-12-25,0.00000000,0.00000000,0.00000000,126.30031132,316.88260686,221.59145909,63.15015566,158.44130343,0.28498461,-0.00616291,0.00000000,0.00000000
2018-12-26,0.00000000,0.00000000,0.00000000,126.30031132,316.88260686,221.59145909,63.15015566,158.44130343,0.28498461,-0.00616291,0.00000000,0.00000000
2018-12-27,0.00000000,0.00000000,0.00000000,126.30031132,316.88260686,221.59145909,63.15015566,158.44130343,0.28498461,-0.00616291,0.00000000,0.00000000
2018-12-28,0.00000000,0.00000000,0.00000000,126.30031132,316.88260686,221.59145909,63.15015566,158.44130343,0.28498461,-0.00616291,0.00000000,0.00000000
2018-12-29,0.00000000,-0.02132246,-0.01524589,126.30031132,310.12589002,218.21310067,63.15015566,155.06294501,0.28939672,-0.00616291,-0.02132246,-0.01524589
2018-12-30,0.00000000,0.00000000,0.00000000,126.30031132,310.12589002,218.21310067,63.15015566,155.06294501,0.28939672,-0.00616291,-0.02132246,-0.01524589
2018-12-31,0.00000000,0.00000000,0.00000000,126.30031132,310.12589002,218.21310067,63.15015566,155.06294501,0.28939672,-0.00616291,-0.02132246,-0.01524589
2019-01-01,0.00000000,-0.00859589,-0.00610826,126.30031132,307.46008314,216.88019723,63.15015566,153.73004157,0.29117530,-0.00616291,-0.02973506,-0.02126103
2019-01-02,0.00000000,0.00517209,0.00366610,126.30031132,309.05029370,217.67530251,63.15015566,154.52514685,0.29011172,-0.00616291,-0.02471677,-0.01767287
2019-01-03,0.00000000,0.00000000,0.00000000,126.30031132,309.05029370,217.67530251,63.15015566,154.52514685,0.29011172,-0.00616291,-0.02471677,-0.01767287
2019-01-04,0.00000000,0.00000000,0.00000000,126.30031132,309.05029370,217.67530251,63.15015566,154.52514685,0.29011172,-0.00616291,-0.02471677,-0.01767287
2019-01-05,0.00000000,0.00000000,0.00000000,126.30031132,309.05029370,217.67530251,63.15015566,154.52514685,0.29011172,-0.00616291,-0.02471677,-0.01767287
2019-01-06,-0.00487278,-0.00890557,-0.00773561,125.68487781,306.29802348,215.99145065,62.84243890,153.14901174,0.29094873,-0.01100566,-0.03340222,-0.02527177
2019-01-07,0.00000000,0.00000000,0.00000000,125.68487781,306.29802348,215.99145065,62.84243890,153.14901174,0.29094873,-0.01100566,-0.03340222,-0.02527177
2019-01-08,-0.00355502,0.00000000,-0.00103433,125.23806611,306.29802348,215.76804480,62.61903305,153.14901174,0.29021458,-0.01452155,-0.03340222,-0.02627996
2019-01-09,0.00000000,0.00000000,0.00000000,125.23806611,306.29802348,215.76804480,62.61903305,153.14901174,0.29021458,-0.01452155,-0.03340222,-0.02627996
2019-01-10,0.00000000,0.00000000,0.00000000,125.23806611,306.29802348,215.76804480,62.61903305,153.14901174,0.29021458,-0.01452155,-0.03340222,-0.02627996
2019-01-11,0.00000000,0.00000000,0.00000000,125.23806611,306.29802348,215.76804480,62.61903305,153.14901174,0.29021458,-0.01452155,-0.03340222,-0.02627996
2019-01-12,0.00000000,0.00000000,0.00000000,125.23806611,306.29802348,215.76804480,62.61903305,153.14901174,0.29021458,-0.01452155,-0.03340222,-0.02627996
2019-01-13,0.00000000,0.00000000,0.00000000,125.23806611,306.29802348,215.76804480,62.61903305,153.14901174,0.29021458,-0.01452155,-0.03340222,-0.02627996
2019-01-14,0.00000000,0.00000000,0.00000000,125.23806611,306.29802348,215.76804480,62.61903305,153.14901174,0.29021458,-0.01452155,-0.03340222,-0.02627996
2019-01-15,0.00000000,0.00000000,0.00000000,125.23806611,306.29802348,215.76804480,62.61903305,153.14901174,0.29021458,-0.01452155,-0.03340222,-0.02627996
2019-01-16,0.00000000,0.00000000,0.00000000,125.23806611,306.29802348,215.76804480,62.61903305,153.14901174,0.29021458,-0.01452155,-0.03340222,-0.02627996
2019-01-17,0.00000000,0.00000000,0.00000000,125.23806611,306.29802348,215.76804480,62.61903305,153.14901174,0.29021458,-0.01452155,-0.03340222,-0.02627996
2019-01-18,0.00000000,0.00000000,0.00000000,125.23806611,306.29802348,215.76804480,62.61903305,153.14901174,0.29021458,-0.01452155,-0.03340222,-0.02627996
2019-01-19,0.00000000,0.00000000,0.00000000,125.23806611,306.29802348,215.76804480,62.61903305,153.14901174,0.29021458,-0.01452155,-0.03340222,-0.02627996
2019-01-20,0.02886231,0.00000000,0.00837626,128.85272642,306.29802348,217.57537495,64.42636321,153.14901174,0.29611055,0.00000000,-0.03340222,-0.01812382
2019-01-21,0.00138982,0.00000000,0.00041154,129.03180882,306.29802348,217.66491615,64.51590441,153.14901174,0.29640011,0.00000000,-0.03340222,-0.01771974
2019-01-22,-0.00364012,0.00000000,-0.00107893,128.56211757,306.29802348,217.43007053,64.28105879,153.14901174,0.29564015,-0.00364012,-0.03340222,-0.01877955
2019-01-23,-0.00079356,0.00000000,-0.00023461,128.46009640,306.29802348,217.37905994,64.23004820,153.14901174,0.29547486,-0.00443079,-0.03340222,-0.01900975
2019-01-24,-0.00979984,0.00000000,-0.00289561,127.20120815,306.29802348,216.74961582,63.60060408,153.14901174,0.29342891,-0.01418720,-0.03340222,-0.02185032
2019-01-25,0.00000000,0.00000000,0.00000000,127.20120815,306.29802348,216.74961582,63.60060408,153.14901174,0.29342891,-0.01418720,-0.03340222,-0.02185032
2019-01-26,0.00000000,0.00000000,0.00000000,127.20120815,306.29802348,216.74961582,63.60060408,153.14901174,0.29342891,-0.01418720,-0.03340222,-0.02185032
2019-01-27,0.00000000,0.00000000,0.00000000,127.20120815,306.29802348,216.74961582,63.60060408,153.14901174,0.29342891,-0.01418720,-0.03340222,-0.02185032
2019-01-28,0.01968726,0.03426393,0.02998671,129.70545115,316.79299687,223.24922401,64.85272557,158.39649844,0.29049474,0.00000000,-0.00028279,0.00000000
2019-01-29,0.01092778,0.00000000,0.00317446,131.12284414,316.79299687,223.95792050,65.56142207,158.39649844,0.29273991,0.00000000,-0.00028279,0.00000000
2019-01-30,-0.01298545,0.00000000,-0.00380136,129.42015538,316.79299687,223.10657613,64.71007769,158.39649844,0.29004110,-0.01298545,-0.00028279,-0.00380136
2019-01-31,0.00680701,0.00000000,0.00197431,130.30111964,316.79299687,223.54705825,65.15055982,158.39649844,0.29144002,-0.00626683,-0.00028279,-0.00183455
2019-02-01,-0.00605811,-0.00297336,-0.00387238,129.51174077,315.85105583,222.68139830,64.75587039,157.92552791,0.29080054,-0.01228698,-0.00325531,-0.00569983
2019-02-02,-0.00545066,0.00339127,0.00082003,128.80581673,316.92219216,222.86400445,64.40290837,158.46109608,0.28897851,-0.01767066,0.00000000,-0.00488447
2019-02-03,0.00000000,0.00000000,0.00000000,128.80581673,316.92219216,222.86400445,64.40290837,158.46109608,0.28897851,-0.01767066,0.00000000,-0.00488447
2019-02-04,0.00000000,0.00000000,0.00000000,128.80581673,316.92219216,222.86400445,64.40290837,158.46109608,0.28897851,-0.01767066,0.00000000,-0.00488447
2019-02-05,0.00000000,0.00000000,0.00000000,128.80581673,316.92219216,222.86400445,64.40290837,158.46109608,0.28897851,-0.01767066,0.00000000,-0.00488447
2019-02-06,0.01111874,-0.01303899,-0.00605793,130.23797546,312.78984658,221.51391102,65.11898773,156.39492329,0.29397245,-0.00674839,-0.01303899,-0.01091281
2019-02-07,0.00153696,0.00000000,0.00045183,130.43814666,312.78984658,221.61399662,65.21907333,156.39492329,0.29429131,-0.00522180,-0.01303899,-0.01046591
2019-02-08,0.03838568,-0.01811974,-0.00149068,135.44510413,307.12217622,221.28364017,67.72255206,153.56108811,0.30604410,0.00000000,-0.03092247,-0.01194099
2019-02-09,-0.00008836,0.00000000,-0.00002704,135.43313566,307.12217622,221.27765594,67.71656783,153.56108811,0.30602533,-0.00008836,-0.03092247,-0.01196772
2019-02-10,0.00766349,0.02588090,0.02030591,136.47102588,315.07077450,225.77090019,68.23551294,157.53538725,0.30223343,0.00000000,-0.00584187,0.00000000
2019-02-11,-0.01690137,-0.04016913,-0.03313684,134.16447850,302.41465416,218.28956633,67.08223925,151.20732708,0.30730850,-0.01690137,-0.04577634,-0.03313684
2019-02-12,-0.01645251,-0.01585337,-0.01603749,131.95713580,297.62036130,214.78874855,65.97856790,148.81018065,0.30717888,-0.03307581,-0.06090401,-0.04864290
2019-02-13,0.00000000,0.00000000,0.00000000,131.95713580,297.62036130,214.78874855,65.97856790,148.81018065,0.30717888,-0.03307581,-0.06090401,-0.04864290
2019-02-14,0.00000000,0.00000000,0.00000000,131.95713580,297.62036130,214.78874855,65.97856790,148.81018065,0.30717888,-0.03307581,-0.06090401,-0.04864290
2019-02-15,0.00000000,-0.00184918,-0.00128115,131.95713580,297.07000859,214.51357220,65.97856790,148.53500429,0.30757293,-0.03307581,-0.06264056,-0.04986173
2019-02-16,0.00000000,-0.01333457,-0.00923321,131.95713580,293.10870908,212.53292244,65.97856790,146.55435454,0.31043928,-0.03307581,-0.07513984,-0.05863456
2019-02-17,0.00000000,0.00000000,0.00000000,131.95713580,293.10870908,212.53292244,65.97856790,146.55435454,0.31043928,-0.03307581,-0.07513984,-0.05863456
2019-02-18,0.01184623,0.00292466,0.00569426,133.52033098,293.96595112,213.74314105,66.76016549,146.98297556,0.31233828,-0.02162140,-0.07243494,-0.05327418
2019-02-19,0.00482408,-0.01545068,-0.00911810,134.16444315,289.42397732,211.79421024,67.08222158,144.71198866,0.31673303,-0.01690163,-0.08676645,-0.06190652
2019-02-20,0.01236763,-0.01558701,-0.00673285,135.82373962,284.91272351,210.36823156,67.91186981,142.45636175,0.32282379,-0.00474303,-0.10100103,-0.06822256
2019-02-21,-0.00918210,0.00000000,-0.00296420,134.57659210,284.91272351,209.74465780,67.28829605,142.45636175,0.32081054,-0.01388158,-0.10100103,-0.07098454
2019-02-22,0.01011107,0.00000000,0.00324374,135.93730495,284.91272351,210.42501423,67.96865247,142.45636175,0.32300652,-0.00391087,-0.10100103,-0.06797105
2019-02-23,0.04410990,0.03112688,0.03532048,141.93348528,293.78116847,217.85732688,70.96674264,146.89058424,0.32574871,0.00000000,-0.07301800,-0.03505134
2019-02-24,-0.04672869,0.01991874,-0.00179158,135.30111985,299.63291810,217.46701897,67.65055992,149.81645905,0.31108423,-0.04672869,-0.05455369,-0.03678012
2019-02-25,-0.02294812,-0.03806165,-0.03336007,132.19621375,288.22839436,210.21230405,66.09810687,144.11419718,0.31443500,-0.06860447,-0.09053894,-0.06891320
2019-02-26,0.00150634,0.01131484,0.00823071,132.39534611,291.48965331,211.94249971,66.19767305,145.74482666,0.31233789,-0.06720147,-0.08024853,-0.06124970
2019-02-27,0.00000000,0.00813691,0.00559544,132.39534611,293.86147801,213.12841206,66.19767305,146.93073900,0.31059994,-0.06720147,-0.07276459,-0.05599698
2019-02-28,0.00000000,-0.00215233,-0.00148382,132.39534611,293.22899142,212.81216876,66.19767305,146.61449571,0.31106150,-0.06720147,-0.07476031,-0.05739770
2019-03-01,-0.00902849,0.00013481,-0.00271554,131.20001584,293.26852183,212.23426884,65.60000792,146.63426092,0.30909244,-0.07562324,-0.07463558,-0.05995738
2019-03-02,-0.00752191,0.01860137,0.01052686,130.21314160,298.72371863,214.46843012,65.10657080,149.36185932,0.30357182,-0.08257631,-0.05742253,-0.05006168
2019-03-03,0.00000000,0.01296844,0.00903159,130.21314160,302.59769897,216.40542028,65.10657080,151.29884948,0.30085462,-0.08257631,-0.04519877,-0.04148223
2019-03-04,0.01232452,0.03233262,0.02631309,131.81795625,312.38147583,222.09971604,65.90897813,156.19073792,0.29675400,-0.07126950,-0.01432754,-0.01626066
2019-03-05,-0.03420835,-0.05194137,-0.04667902,127.30868085,296.15595557,211.73231821,63.65434042,148.07797778,0.30063592,-0.10303985,-0.06552472,-0.06218065
2019-03-06,0.00000000,0.00000000,0.00000000,127.30868085,296.15595557,211.73231821,63.65434042,148.07797778,0.30063592,-0.10303985,-0.06552472,-0.06218065
2019-03-07,0.00000000,0.00000000,0.00000000,127.30868085,296.15595557,211.73231821,63.65434042,148.07797778,0.30063592,-0.10303985,-0.06552472,-0.06218065
2019-03-08,0.00000000,0.00000000,0.00000000,127.30868085,296.15595557,211.73231821,63.65434042,148.07797778,0.30063592,-0.10303985,-0.06552472,-0.06218065
2019-03-09,0.00000000,0.00000000,0.00000000,127.30868085,296.15595557,211.73231821,63.65434042,148.07797778,0.30063592,-0.10303985,-0.06552472,-0.06218065
2019-03-10,0.00000000,0.00000000,0.00000000,127.30868085,296.15595557,211.73231821,63.65434042,148.07797778,0.30063592,-0.10303985,-0.06552472,-0.06218065
2019-03-11,0.00000000,0.00000000,0.00000000,127.30868085,296.15595557,211.73231821,63.65434042,148.07797778,0.30063592,-0.10303985,-0.06552472,-0.06218065
2019-03-12,0.00000000,0.00000000,0.00000000,127.30868085,296.15595557,211.73231821,63.65434042,148.07797778,0.30063592,-0.10303985,-0.06552472,-0.06218065
2019-03-13,0.00000000,0.00000000,0.00000000,127.30868085,296.15595557,211.73231821,63.65434042,148.07797778,0.30063592,-0.10303985,-0.06552472,-0.06218065
2019-03-14,0.00000000,0.00000000,0.00000000,127.30868085,296.15595557,211.73231821,63.65434042,148.07797778,0.30063592,-0.10303985,-0.06552472,-0.06218065
2019-03-15,0.00000000,0.00000000,0.00000000,127.30868085,296.15595557,211.73231821,63.65434042,148.07797778,0.30063592,-0.10303985,-0.06552472,-0.06218065
2019-03-16,0.00129613,0.01351380,0.00984073,127.47368885,300.15814813,213.81591849,63.73684442,150.07907407,0.29809214,-0.10187727,-0.05289640,-0.05295183
2019-03-17,0.00000000,0.00000000,0.00000000,127.47368885,300.15814813,213.81591849,63.73684442,150.07907407,0.29809214,-0.10187727,-0.05289640,-0.05295183
2019-03-18,-0.00860861,0.00446791,0.00056990,126.37631730,301.49922899,213.93777315,63.18815865,150.74961450,0.29535765,-0.10960886,-0.04866483,-0.05241210
2019-03-19,0.00000000,-0.00691206,-0.00487053,126.37631730,299.41524966,212.89578348,63.18815865,149.70762483,0.29680324,-0.10960886,-0.05524051,-0.05702735
2019-03-20,0.00000000,-0.00333508,-0.00234522,126.37631730,298.41667623,212.39649677,63.18815865,149.20833812,0.29750095,-0.10960886,-0.05839135,-0.05923883
2019-03-21,-0.01054355,0.03026164,0.01812205,125.04386197,307.44725334,216.24555765,62.52193099,153.72362667,0.28912470,-0.11899675,-0.02989674,-0.04219030
2019-03-22,0.00000000,-0.00797866,-0.00567183,125.04386197,304.99423600,215.01904899,62.52193099,152.49711800,0.29077392,-0.11899675,-0.03763686,-0.04762284
2019-03-23,0.00000000,-0.01275443,-0.00904578,125.04386197,301.10420745,213.07403471,62.52193099,150.55210373,0.29342820,-0.11899675,-0.04991126,-0.05623783
2019-03-24,0.00000000,0.00000000,0.00000000,125.04386197,301.10420745,213.07403471,62.52193099,150.55210373,0.29342820,-0.11899675,-0.04991126,-0.05623783
2019-03-25,0.00000000,-0.01131123,-0.00799220,125.04386197,297.69834724,211.37110461,62.52193099,148.84917362,0.29579223,-0.11899675,-0.06065793,-0.06378057
2019-03-26,0.00000000,0.00000000,0.00000000,125.04386197,297.69834724,211.37110461,62.52193099,148.84917362,0.29579223,-0.11899675,-0.06065793,-0.06378057
2019-03-27,0.00000000,0.00000000,0.00000000,125.04386197,297.69834724,211.37110461,62.52193099,148.84917362,0.29579223,-0.11899675,-0.06065793,-0.06378057
2019-03-28,0.00000000,0.00000000,0.00000000,125.04386197,297.69834724,211.37110461,62.52193099,148.84917362,0.29579223,-0.11899675,-0.06065793,-0.06378057
2019-03-29,0.00718735,0.01191749,0.01051835,125.94259586,301.24616467,213.59438027,62.97129793,150.62308233,0.29481720,-0.11266467,-0.04946333,-0.05393308
2019-03-30,0.00120347,-0.02203320,-0.01518263,126.09416418,294.60874885,210.35145651,63.04708209,147.30437442,0.29972258,-0.11159679,-0.07040669,-0.06829686
2019-03-31,0.00028340,0.00000000,0.00008494,126.12989980,294.60874885,210.36932432,63.06494990,147.30437442,0.29978206,-0.11134501,-0.07040669,-0.06821772
2019-04-01,0.00982841,0.00000000,0.00294638,127.36955612,294.60874885,210.98915248,63.68477806,147.30437442,0.30183911,-0.10261095,-0.07040669,-0.06547233
2019-04-02,0.18461996,0.00000000,0.05572552,150.88451800,294.60874885,222.74663343,75.44225900,147.30437442,0.33869091,0.00000000,-0.07040669,-0.01339529
2019-04-03,0.00291254,-0.03127879,-0.01969850,151.32397494,285.39374444,218.35885969,75.66198747,142.69687222,0.34650294,0.00000000,-0.09948324,-0.03282992
2019-04-04,0.00000000,0.00000000,0.00000000,151.32397494,285.39374444,218.35885969,75.66198747,142.69687222,0.34650294,0.00000000,-0.09948324,-0.03282992
2019-04-05,0.00000000,0.00000000,0.00000000,151.32397494,285.39374444,218.35885969,75.66198747,142.69687222,0.34650294,0.00000000,-0.09948324,-0.03282992
2019-04-06,0.00000000,0.00000000,0.00000000,151.32397494,285.39374444,218.35885969,75.66198747,142.69687222,0.34650294,0.00000000,-0.09948324,-0.03282992
2019-04-07,-0.00993281,0.00584621,0.00037873,149.82090268,287.06221641,218.44155955,74.91045134,143.53110821,0.34293132,-0.00993281,-0.09421863,-0.03246362
2019-04-08,-0.00590390,-0.01830217,-0.01405041,148.93637497,281.80835530,215.37236513,74.46818748,140.90417765,0.34576482,-0.01577807,-0.11079640,-0.04605791
2019-04-09,0.00000000,0.00000000,0.00000000,148.93637497,281.80835530,215.37236513,74.46818748,140.90417765,0.34576482,-0.01577807,-0.11079640,-0.04605791
2019-04-10,0.00000000,0.00000000,0.00000000,148.93637497,281.80835530,215.37236513,74.46818748,140.90417765,0.34576482,-0.01577807,-0.11079640,-0.04605791
2019-04-11,0.00000000,0.00000000,0.00000000,148.93637497,281.80835530,215.37236513,74.46818748,140.90417765,0.34576482,-0.01577807,-0.11079640,-0.04605791
2019-04-12,0.00000000,0.00000000,0.00000000,148.93637497,281.80835530,215.37236513,74.46818748,140.90417765,0.34576482,-0.01577807,-0.11079640,-0.04605791
2019-04-13,0.00000000,0.00000000,0.00000000,148.93637497,281.80835530,215.37236513,74.46818748,140.90417765,0.34576482,-0.01577807,-0.11079640,-0.04605791
2019-04-14,0.00154059,0.00823569,0.00592076,149.16582430,284.12924062,216.64753246,74.58291215,142.06462031,0.34425923,-0.01426179,-0.10347319,-0.04040985
2019-04-15,-0.00432394,-0.00954290,-0.00774622,148.52083957,281.41782454,214.96933205,74.26041978,140.70891227,0.34544658,-0.01852407,-0.11202866,-0.04784305
2019-04-16,0.00252300,-0.02550000,-0.01581955,148.89555825,274.24166925,211.56861375,74.44777913,137.12083462,0.35188480,-0.01604780,-0.13467193,-0.06290574
2019-04-17,0.00146918,0.00000000,0.00051698,149.11431315,274.24166925,211.67799120,74.55715657,137.12083462,0.35221969,-0.01460219,-0.13467193,-0.06242128
2019-04-18,0.00000000,0.00000000,0.00000000,149.11431315,274.24166925,211.67799120,74.55715657,137.12083462,0.35221969,-0.01460219,-0.13467193,-0.06242128
2019-04-19,0.00000000,0.00000000,0.00000000,149.11431315,274.24166925,211.67799120,74.55715657,137.12083462,0.35221969,-0.01460219,-0.13467193,-0.06242128
2019-04-20,0.00000000,-0.01178492,-0.00763404,149.11431315,271.00975414,210.06203364,74.55715657,135.50487707,0.35492923,-0.01460219,-0.14486975,-0.06957879
2019-04-21,0.00000000,-0.01736796,-0.01120357,149.11431315,266.30286648,207.70858981,74.55715657,133.15143324,0.35895076,-0.01460219,-0.15972162,-0.08000283
2019-04-22,-0.00829671,-0.01405952,-0.01199096,147.87715462,262.55877614,205.21796538,73.93857731,131.27938807,0.36029291,-0.02277775,-0.17153553,-0.09103447
2019-04-23,0.00000000,0.00000000,0.00000000,147.87715462,262.55877614,205.21796538,73.93857731,131.27938807,0.36029291,-0.02277775,-0.17153553,-0.09103447
2019-04-24,0.00000000,-0.00136113,-0.00087073,147.87715462,262.20139845,205.03927654,73.93857731,131.10069923,0.36060690,-0.02277775,-0.17266318,-0.09182593
2019-04-25,0.04779997,0.06119001,0.05636147,154.94567747,278.24550516,216.59559132,77.47283873,139.12275258,0.35768428,0.00000000,-0.12203843,-0.04063991
2019-04-26,-0.00400671,-0.01851364,-0.01332474,154.32485529,273.09416673,213.70951101,77.16242765,136.54708336,0.36106221,-0.00400671,-0.13829270,-0.05342313
2019-04-27,-0.00243786,-0.00794226,-0.00595483,153.94863267,270.92518212,212.43690740,76.97431633,135.46259106,0.36233966,-0.00643480,-0.14513660,-0.05905984
2019-04-28,0.00141250,0.00859451,0.00599218,154.16608496,273.25365089,213.70986792,77.08304248,136.62682544,0.36069014,-0.00503139,-0.13778947,-0.05342155
2019-04-29,0.00211131,0.01599198,0.01098536,154.49157786,277.62351693,216.05754739,77.24578893,138.81175847,0.35752414,-0.00293070,-0.12400102,-0.04302305
2019-04-30,-0.00571898,-0.03860385,-0.02684671,153.60804288,266.90618123,210.25711206,76.80402144,133.45309062,0.36528620,-0.00863293,-0.15781795,-0.06871474
2019-05-01,-0.00829229,0.00979947,0.00319080,152.33428003,269.52172149,210.92800076,76.16714002,134.76086075,0.36110493,-0.01685363,-0.14956501,-0.06574319
2019-05-02,0.00000000,-0.00958603,-0.00612447,152.33428003,266.93807807,209.63617905,76.16714002,133.46903903,0.36333013,-0.01685363,-0.15771731,-0.07146502
2019-05-03,0.01296677,-0.02289739,-0.00986686,154.30956398,260.82589249,207.56772824,77.15478199,130.41294624,0.37170895,-0.00410540,-0.17700338,-0.08062674
2019-05-04,-0.01789703,-0.02423424,-0.02187864,151.54788152,254.50497524,203.02642838,75.77394076,127.25248762,0.37322205,-0.02192895,-0.19694808,-0.10074138
2019-05-05,-0.01395552,0.00000000,-0.00520851,149.43295135,254.50497524,201.96896330,74.71647568,127.25248762,0.36994038,-0.03557844,-0.19694808,-0.10542518
2019-05-06,-0.02098859,0.00000000,-0.00776453,146.29656440,254.50497524,200.40076982,73.14828220,127.25248762,0.36500999,-0.05582029,-0.19694808,-0.11237113
2019-05-07,-0.02579522,-0.02159856,-0.02313038,142.52281209,249.00803439,195.76542324,71.26140605,124.50401719,0.36401426,-0.08017562,-0.21429284,-0.13290232
2019-05-08,0.00000000,0.00000000,0.00000000,142.52281209,249.00803439,195.76542324,71.26140605,124.50401719,0.36401426,-0.08017562,-0.21429284,-0.13290232
2019-05-09,0.00000000,0.00000000,0.00000000,142.52281209,249.00803439,195.76542324,71.26140605,124.50401719,0.36401426,-0.08017562,-0.21429284,-0.13290232
2019-05-10,0.00000000,0.00000000,0.00000000,142.52281209,249.00803439,195.76542324,71.26140605,124.50401719,0.36401426,-0.08017562,-0.21429284,-0.13290232
2019-05-11,0.08815784,0.02636291,0.04885715,155.08731580,255.57261040,205.32996310,77.54365790,127.78630520,0.37765388,0.00000000,-0.19357932,-0.09053840
2019-05-12,-0.03369886,0.00000000,-0.01272651,149.86104943,255.57261040,202.71682991,74.93052471,127.78630520,0.36963149,-0.03369886,-0.19357932,-0.10211267
2019-05-13,0.11987607,0.00000000,0.04430997,167.82580268,255.57261040,211.69920654,83.91290134,127.78630520,0.39637797,0.00000000,-0.19357932,-0.06232731
2019-05-14,0.02253727,0.00000000,0.00893328,171.60813885,255.57261040,213.59037462,85.80406942,127.78630520,0.40172255,0.00000000,-0.19357932,-0.05395082
2019-05-15,0.02789547,0.11631269,0.08079350,176.39522859,285.29894912,230.84708885,88.19761430,142.64947456,0.38206076,0.00000000,-0.09978236,0.00000000
2019-05-16,-0.03313830,0.02179786,0.00080891,170.54979082,291.51785694,231.03382388,85.27489541,145.75892847,0.36910135,-0.03313830,-0.08015953,0.00000000
2019-05-17,0.00000000,0.00000000,0.00000000,170.54979082,291.51785694,231.03382388,85.27489541,145.75892847,0.36910135,-0.03313830,-0.08015953,0.00000000
2019-05-18,0.00000000,0.00000000,0.00000000,170.54979082,291.51785694,231.03382388,85.27489541,145.75892847,0.36910135,-0.03313830,-0.08015953,0.00000000
2019-05-19,-0.01929036,0.00000000,-0.00712010,167.25982385,291.51785694,229.38884040,83.62991193,145.75892847,0.36457707,-0.05178941,-0.08015953,-0.00712010
2019-05-20,-0.01328529,-0.00662368,-0.00905235,165.03772775,289.58693602,227.31233188,82.51886388,144.79346801,0.36301974,-0.06438667,-0.08625226,-0.01610800
2019-05-21,0.00000000,0.00000000,0.00000000,165.03772775,289.58693602,227.31233188,82.51886388,144.79346801,0.36301974,-0.06438667,-0.08625226,-0.01610800
2019-05-22,0.00000000,0.00000000,0.00000000,165.03772775,289.58693602,227.31233188,82.51886388,144.79346801,0.36301974,-0.06438667,-0.08625226,-0.01610800
2019-05-23,0.00000000,0.00000000,0.00000000,165.03772775,289.58693602,227.31233188,82.51886388,144.79346801,0.36301974,-0.06438667,-0.08625226,-0.01610800
2019-05-24,0.00000000,0.00000000,0.00000000,165.03772775,289.58693602,227.31233188,82.51886388,144.79346801,0.36301974,-0.06438667,-0.08625226,-0.01610800
2019-05-25,0.00000000,0.00000000,0.00000000,165.03772775,289.58693602,227.31233188,82.51886388,144.79346801,0.36301974,-0.06438667,-0.08625226,-0.01610800
2019-05-26,0.04592582,0.02260772,0.03107265,172.61722007,296.13383753,234.37552880,86.30861003,148.06691876,0.36824924,-0.02141786,-0.06559451,0.00000000
2019-05-27,0.00000000,-0.01282289,-0.00810087,172.61722007,292.33654618,232.47688312,86.30861003,146.16827309,0.37125674,-0.02141786,-0.07757628,-0.00810087
2019-05-28,0.00000000,-0.00785419,-0.00493827,172.61722007,290.04047912,231.32884959,86.30861003,145.02023956,0.37309921,-0.02141786,-0.08482118,-0.01299914
2019-05-29,-0.00627153,0.00000000,-0.00233990,171.53464640,290.04047912,230.78756276,85.76732320,145.02023956,0.37162888,-0.02755507,-0.08482118,-0.01530862
2019-05-30,0.00000000,0.00000000,0.00000000,171.53464640,290.04047912,230.78756276,85.76732320,145.02023956,0.37162888,-0.02755507,-0.08482118,-0.01530862
2019-05-31,0.00000000,0.00000000,0.00000000,171.53464640,290.04047912,230.78756276,85.76732320,145.02023956,0.37162888,-0.02755507,-0.08482118,-0.01530862
2019-06-01,0.00000000,0.00000000,0.00000000,171.53464640,290.04047912,230.78756276,85.76732320,145.02023956,0.37162888,-0.02755507,-0.08482118,-0.01530862
2019-06-02,0.00000000,0.00000000,0.00000000,171.53464640,290.04047912,230.78756276,85.76732320,145.02023956,0.37162888,-0.02755507,-0.08482118,-0.01530862
2019-06-03,0.00000000,0.00000000,0.00000000,171.53464640,290.04047912,230.78756276,85.76732320,145.02023956,0.37162888,-0.02755507,-0.08482118,-0.01530862
2019-06-04,0.00000000,0.00000000,0.00000000,171.53464640,290.04047912,230.78756276,85.76732320,145.02023956,0.37162888,-0.02755507,-0.08482118,-0.01530862
2019-06-05,0.00000000,0.00000000,0.00000000,171.53464640,290.04047912,230.78756276,85.76732320,145.02023956,0.37162888,-0.02755507,-0.08482118,-0.01530862
2019-06-06,0.00000000,-0.02080764,-0.01307492,171.53464640,284.00542120,227.77003380,85.76732320,142.00271060,0.37655227,-0.02755507,-0.10386389,-0.02818338
2019-06-07,0.00000000,0.00000000,0.00000000,171.53464640,284.00542120,227.77003380,85.76732320,142.00271060,0.37655227,-0.02755507,-0.10386389,-0.02818338
2019-06-08,0.00000000,-0.00694619,-0.00433059,171.53464640,282.03266465,226.78365552,85.76732320,141.01633232,0.37819006,-0.02755507,-0.11008862,-0.03239192
2019-06-09,0.00000000,0.05112474,0.03178987,171.53464640,296.45150989,233.99307814,85.76732320,148.22575494,0.36653786,-0.02755507,-0.06459214,-0.00163179
2019-06-10,0.00000000,-0.05592385,-0.03542564,171.53464640,279.87280005,225.70372322,85.76732320,139.93640003,0.37999959,-0.02755507,-0.11690375,-0.03699962
2019-06-11,0.00000000,-0.01862744,-0.01154902,171.53464640,274.65948602,223.09706621,85.76732320,137.32974301,0.38443949,-0.02755507,-0.13335357,-0.04812133
2019-06-12,-0.00456622,-0.02050541,-0.01437776,170.75138123,269.02748000,219.88943062,85.37569062,134.51374000,0.38826646,-0.03199546,-0.15112451,-0.06180721
2019-06-13,0.00000000,-0.02104033,-0.01287107,170.75138123,263.36705400,217.05921762,85.37569062,131.68352700,0.39332903,-0.03199546,-0.16898513,-0.07388276
2019-06-14,-0.01292844,0.00831283,-0.00004198,168.54383271,265.55637880,217.05010576,84.27191636,132.77818940,0.38826019,-0.04451025,-0.16207705,-0.07392164
2019-06-15,-0.00465492,0.02039238,0.01066751,167.75927419,270.97170506,219.36548963,83.87963710,135.48585253,0.38237390,-0.04895798,-0.14498981,-0.06404269
2019-06-16,0.02812592,0.00257418,0.01234450,172.47765806,271.66923603,222.07344704,86.23882903,135.83461801,0.38833472,-0.02220905,-0.14278885,-0.05248876
2019-06-17,0.00000000,0.00000000,0.00000000,172.47765806,271.66923603,222.07344704,86.23882903,135.83461801,0.38833472,-0.02220905,-0.14278885,-0.05248876
2019-06-18,0.00000000,0.00000000,0.00000000,172.47765806,271.66923603,222.07344704,86.23882903,135.83461801,0.38833472,-0.02220905,-0.14278885,-0.05248876
2019-06-19,0.00000000,0.00000000,0.00000000,172.47765806,271.66923603,222.07344704,86.23882903,135.83461801,0.38833472,-0.02220905,-0.14278885,-0.05248876
2019-06-20,-0.00410421,0.00000000,-0.00159381,171.76977387,271.66923603,221.71950495,85.88488693,135.83461801,0.38735828,-0.02622211,-0.14278885,-0.05399891
2019-06-21,0.01938076,0.02947784,0.02556666,175.09880280,279.67745952,227.38813116,87.54940140,139.83872976,0.38502186,-0.00734955,-0.11752012,-0.02981283
2019-06-22,0.01606547,0.00000000,0.00618556,177.91184800,279.67745952,228.79465376,88.95592400,139.83872976,0.38880246,0.00000000,-0.11752012,-0.02381168
2019-06-23,0.00000000,-0.02772110,-0.01694307,177.91184800,271.92449182,224.91816991,88.95592400,135.96224591,0.39550350,0.00000000,-0.14198343,-0.04035131
2019-06-24,0.00000000,0.00000000,0.00000000,177.91184800,271.92449182,224.91816991,88.95592400,135.96224591,0.39550350,0.00000000,-0.14198343,-0.04035131
2019-06-25,0.00000000,0.00000000,0.00000000,177.91184800,271.92449182,224.91816991,88.95592400,135.96224591,0.39550350,0.00000000,-0.14198343,-0.04035131
2019-06-26,0.00247094,-0.00849986,-0.00416087,178.35145751,269.61317059,223.98231405,89.17572876,134.80658529,0.39813737,0.00000000,-0.14927646,-0.04434428
2019-06-27,0.00000000,0.00000000,0.00000000,178.35145751,269.61317059,223.98231405,89.17572876,134.80658529,0.39813737,0.00000000,-0.14927646,-0.04434428
2019-06-28,0.00000000,0.00000000,0.00000000,178.35145751,269.61317059,223.98231405,89.17572876,134.80658529,0.39813737,0.00000000,-0.14927646,-0.04434428
2019-06-29,0.00000000,0.00000000,0.00000000,178.35145751,269.61317059,223.98231405,89.17572876,134.80658529,0.39813737,0.00000000,-0.14927646,-0.04434428
2019-06-30,0.00000000,0.00000000,0.00000000,178.35145751,269.61317059,223.98231405,89.17572876,134.80658529,0.39813737,0.00000000,-0.14927646,-0.04434428
2019-07-01,0.00000000,0.00000000,0.00000000,178.35145751,269.61317059,223.98231405,89.17572876,134.80658529,0.39813737,0.00000000,-0.14927646,-0.04434428
2019-07-02,0.00000000,0.00000000,0.00000000,178.35145751,269.61317059,223.98231405,89.17572876,134.80658529,0.39813737,0.00000000,-0.14927646,-0.04434428
2019-07-03,0.00000000,0.00000000,0.00000000,178.35145751,269.61317059,223.98231405,89.17572876,134.80658529,0.39813737,0.00000000,-0.14927646,-0.04434428
2019-07-04,0.00000000,0.00000000,0.00000000,178.35145751,269.61317059,223.98231405,89.17572876,134.80658529,0.39813737,0.00000000,-0.14927646,-0.04434428
2019-07-05,0.00000000,0.00000000,0.00000000,178.35145751,269.61317059,223.98231405,89.17572876,134.80658529,0.39813737,0.00000000,-0.14927646,-0.04434428
2019-07-06,0.00000000,0.00000000,0.00000000,178.35145751,269.61317059,223.98231405,89.17572876,134.80658529,0.39813737,0.00000000,-0.14927646,-0.04434428
2019-07-07,0.00000000,0.00453904,0.00273188,178.35145751,270.83695523,224.59420637,89.17572876,135.41847761,0.39705267,0.00000000,-0.14541499,-0.04173355
2019-07-08,0.00866787,0.00000000,0.00344160,179.89738451,270.83695523,225.36716987,89.94869226,135.41847761,0.39912065,0.00000000,-0.14541499,-0.03843558
2019-07-09,0.02428986,0.00000000,0.00969459,184.26706751,270.83695523,227.55201137,92.13353375,135.41847761,0.40489000,0.00000000,-0.14541499,-0.02911361
2019-07-10,0.00309043,0.00000000,0.00125128,184.83653227,270.83695523,227.83674375,92.41826614,135.41847761,0.40563372,0.00000000,-0.14541499,-0.02789875
2019-07-11,0.00000000,0.00000000,0.00000000,184.83653227,270.83695523,227.83674375,92.41826614,135.41847761,0.40563372,0.00000000,-0.14541499,-0.02789875
2019-07-12,0.00000000,0.00000000,0.00000000,184.83653227,270.83695523,227.83674375,92.41826614,135.41847761,0.40563372,0.00000000,-0.14541499,-0.02789875
2019-07-13,0.00000000,0.00000000,0.00000000,184.83653227,270.83695523,227.83674375,92.41826614,135.41847761,0.40563372,0.00000000,-0.14541499,-0.02789875
2019-07-14,0.00000000,0.00000000,0.00000000,184.83653227,270.83695523,227.83674375,92.41826614,135.41847761,0.40563372,0.00000000,-0.14541499,-0.02789875
2019-07-15,0.00000000,0.00000000,0.00000000,184.83653227,270.83695523,227.83674375,92.41826614,135.41847761,0.40563372,0.00000000,-0.14541499,-0.02789875
2019-07-16,0.00000000,0.00000000,0.00000000,184.83653227,270.83695523,227.83674375,92.41826614,135.41847761,0.40563372,0.00000000,-0.14541499,-0.02789875
2019-07-17,0.00000000,0.00000000,0.00000000,184.83653227,270.83695523,227.83674375,92.41826614,135.41847761,0.40563372,0.00000000,-0.14541499,-0.02789875
2019-07-18,0.00000000,0.00000000,0.00000000,184.83653227,270.83695523,227.83674375,92.41826614,135.41847761,0.40563372,0.00000000,-0.14541499,-0.02789875
2019-07-19,0.00000000,0.00000000,0.00000000,184.83653227,270.83695523,227.83674375,92.41826614,135.41847761,0.40563372,0.00000000,-0.14541499,-0.02789875
2019-07-20,0.00000000,0.00000000,0.00000000,184.83653227,270.83695523,227.83674375,92.41826614,135.41847761,0.40563372,0.00000000,-0.14541499,-0.02789875
2019-07-21,0.00000000,0.00000000,0.00000000,184.83653227,270.83695523,227.83674375,92.41826614,135.41847761,0.40563372,0.00000000,-0.14541499,-0.02789875
2019-07-22,0.00000000,0.00000000,0.00000000,184.83653227,270.83695523,227.83674375,92.41826614,135.41847761,0.40563372,0.00000000,-0.14541499,-0.02789875
2019-07-23,0.00000000,0.00000000,0.00000000,184.83653227,270.83695523,227.83674375,92.41826614,135.41847761,0.40563372,0.00000000,-0.14541499,-0.02789875
2019-07-24,0.00000000,0.00000000,0.00000000,184.83653227,270.83695523,227.83674375,92.41826614,135.41847761,0.40563372,0.00000000,-0.14541499,-0.02789875
2019-07-25,0.00000000,0.00000000,0.00000000,184.83653227,270.83695523,227.83674375,92.41826614,135.41847761,0.40563372,0.00000000,-0.14541499,-0.02789875
2019-07-26,0.00000000,0.00000000,0.00000000,184.83653227,270.83695523,227.83674375,92.41826614,135.41847761,0.40563372,0.00000000,-0.14541499,-0.02789875
2019-07-27,0.00000000,0.00000000,0.00000000,184.83653227,270.83695523,227.83674375,92.41826614,135.41847761,0.40563372,0.00000000,-0.14541499,-0.02789875
2019-07-28,0.00000000,0.00000000,0.00000000,184.83653227,270.83695523,227.83674375,92.41826614,135.41847761,0.40563372,0.00000000,-0.14541499,-0.02789875
2019-07-29,0.00000000,0.00000000,0.00000000,184.83653227,270.83695523,227.83674375,92.41826614,135.41847761,0.40563372,0.00000000,-0.14541499,-0.02789875
2019-07-30,0.00000000,-0.00241458,-0.00143514,184.83653227,270.18299858,227.50976542,92.41826614,135.09149929,0.40621670,0.00000000,-0.14747845,-0.02929386
2019-07-31,0.00412008,0.00000000,0.00167365,185.59807346,270.18299858,227.89053602,92.79903673,135.09149929,0.40720882,0.00000000,-0.14747845,-0.02766924
2019-08-01,0.00934863,0.00000000,0.00380684,187.33316107,270.18299858,228.75807983,93.66658054,135.09149929,0.40945693,0.00000000,-0.14747845,-0.02396773
2019-08-02,-0.02067191,0.00233304,-0.00708650,183.46062716,270.81334504,227.13698610,91.73031358,135.40667252,0.40385459,-0.02067191,-0.14548949,-0.03088438
2019-08-03,-0.00439783,-0.00568166,-0.00516318,182.65379940,269.27467610,225.96423775,91.32689970,134.63733805,0.40416528,-0.02497882,-0.15034452,-0.03588809
2019-08-04,0.00251752,-0.01220611,-0.00625533,183.11363380,265.98787974,224.55075677,91.55681690,132.99393987,0.40773328,-0.02252419,-0.16071551,-0.04191893
2019-08-05,0.01751230,0.03676798,0.02891680,186.32037391,275.76771634,231.04404513,93.16018696,137.88385817,0.40321397,-0.00540634,-0.12985672,-0.01421430
2019-08-06,0.00936165,-0.01051255,-0.00249899,188.06464015,272.86869476,230.46666746,94.03232008,136.43434738,0.40800833,0.00000000,-0.13900414,-0.01667777
2019-08-07,0.00000000,-0.00377816,-0.00223664,188.06464015,271.83775421,229.95119718,94.03232008,135.91887710,0.40892294,0.00000000,-0.14225712,-0.01887711
2019-08-08,0.00000000,0.02098009,0.01240085,188.06464015,277.54093394,232.80278704,94.03232008,138.77046697,0.40391407,0.00000000,-0.12426160,-0.00671035
2019-08-09,0.00000000,0.04738042,0.02824280,188.06464015,290.69094071,239.37779043,94.03232008,145.34547035,0.39281973,0.00000000,-0.08276874,0.00000000
2019-08-10,0.00591556,0.01687018,0.01256699,189.17714861,295.59494875,242.38604868,94.58857431,147.79747438,0.39023935,0.00000000,-0.06729489,0.00000000
2019-08-11,-0.02395718,-0.01587186,-0.01902707,184.64499833,290.90330605,237.77415219,92.32249917,145.45165302,0.38827811,-0.02395718,-0.08209866,-0.01902707
2019-08-12,0.00000000,0.00000000,0.00000000,184.64499833,290.90330605,237.77415219,92.32249917,145.45165302,0.38827811,-0.02395718,-0.08209866,-0.01902707
2019-08-13,0.00301055,0.00000000,0.00116893,185.20088142,290.90330605,238.05209373,92.60044071,145.45165302,0.38899234,-0.02101875,-0.08209866,-0.01788038
2019-08-14,0.07676797,0.04404499,0.05677398,199.41837689,303.71614023,251.56725856,99.70918844,151.85807012,0.39635201,0.00000000,-0.04166970,0.00000000
2019-08-15,-0.02365337,-0.00443680,-0.01205333,194.70145948,302.36861368,248.53503658,97.35072974,151.18430684,0.39169821,-0.02365337,-0.04592161,-0.01205333
2019-08-16,0.00059246,0.01509483,0.00941428,194.81681178,306.93281652,250.87481415,97.40840589,153.46640826,0.38827495,-0.02307493,-0.03151996,-0.00275252
2019-08-17,0.00000000,-0.00851609,-0.00520951,194.81681178,304.31894827,249.56788003,97.40840589,152.15947413,0.39030826,-0.02307493,-0.03976763,-0.00794769
2019-08-18,0.00000000,-0.00648550,-0.00395415,194.81681178,302.34528867,248.58105023,97.40840589,151.17264434,0.39185773,-0.02307493,-0.04599521,-0.01187042
2019-08-19,-0.00045000,0.04092832,0.02471391,194.72914422,314.71977406,254.72445914,97.36457211,157.35988703,0.38223488,-0.02351455,-0.00694940,0.00000000
2019-08-20,-0.00522121,-0.02116375,-0.01506995,193.71242314,308.05912480,250.88577397,96.85621157,154.02956240,0.38605701,-0.02861298,-0.02796607,-0.01506995
2019-08-21,0.00000000,0.01916297,0.01176497,193.71242314,313.96245279,253.83743797,96.85621157,156.98122639,0.38156787,-0.02861298,-0.00933901,-0.00348228
2019-08-22,0.00000000,-0.02250949,-0.01392059,193.71242314,306.89531948,250.30387131,96.85621157,153.44765974,0.38695451,-0.02861298,-0.03163828,-0.01735439
2019-08-23,0.00000000,0.00000000,0.00000000,193.71242314,306.89531948,250.30387131,96.85621157,153.44765974,0.38695451,-0.02861298,-0.03163828,-0.01735439
2019-08-24,0.00000000,-0.00118398,-0.00072584,193.71242314,306.53196051,250.12219183,96.85621157,153.26598025,0.38723558,-0.02861298,-0.03278480,-0.01806763
2019-08-25,-0.00582109,-0.00901043,-0.00777541,192.58480536,303.76997531,248.17739033,96.29240268,151.88498766,0.38799829,-0.03426751,-0.04149983,-0.02570255
2019-08-26,0.00000000,-0.01936342,-0.01185044,192.58480536,297.88795042,245.23637789,96.29240268,148.94397521,0.39265138,-0.03426751,-0.06005967,-0.03724841
2019-08-27,0.00000000,0.00000000,0.00000000,192.58480536,297.88795042,245.23637789,96.29240268,148.94397521,0.39265138,-0.03426751,-0.06005967,-0.03724841
2019-08-28,0.01852149,0.06374686,0.04598906,196.15176343,316.87737284,256.51456813,98.07588172,158.43868642,0.38234040,-0.01638070,-0.00014142,0.00000000
2019-08-29,0.02199556,0.02043859,0.02103388,200.46623081,323.35389831,261.91006456,100.23311541,161.67694916,0.38270051,0.00000000,0.00000000,0.00000000
2019-08-30,-0.00870960,0.00254102,-0.00176460,198.72025080,324.17554707,261.44789893,99.36012540,162.08777353,0.38003796,-0.00870960,0.00000000,-0.00176460
2019-08-31,-0.00140970,-0.01688387,-0.01100310,198.44011585,318.70220800,258.57116192,99.22005792,159.35110400,0.38372438,-0.01010701,-0.01688387,-0.01274828
2019-09-01,-0.02072817,0.00000000,-0.00795390,194.32681602,318.70220800,256.51451201,97.16340801,159.35110400,0.37878328,-0.03062568,-0.01688387,-0.02060078
2019-09-02,0.06319184,0.00412007,0.02649547,206.60668447,320.01528483,263.31098465,103.30334224,160.00764242,0.39232447,0.00000000,-0.01283336,0.00000000
2019-09-03,0.01912466,-0.01859903,-0.00379910,210.55796793,314.06331252,262.31064022,105.27898396,157.03165626,0.40135232,0.00000000,-0.03119370,-0.00379910
2019-09-04,0.00000000,0.00000000,0.00000000,210.55796793,314.06331252,262.31064022,105.27898396,157.03165626,0.40135232,0.00000000,-0.03119370,-0.00379910
2019-09-05,0.00000000,0.00000000,0.00000000,210.55796793,314.06331252,262.31064022,105.27898396,157.03165626,0.40135232,0.00000000,-0.03119370,-0.00379910
2019-09-06,0.02737521,0.00000000,0.01098710,216.32203611,314.06331252,265.19267431,108.16101805,157.03165626,0.40785824,0.00000000,-0.03119370,0.00000000
2019-09-07,-0.01590411,0.00000000,-0.00648662,212.88162753,314.06331252,263.47247002,106.44081377,157.03165626,0.40399217,-0.01590411,-0.03119370,-0.00648662
2019-09-08,0.00785302,-0.01639022,-0.00659614,214.55339214,308.91574658,261.73456936,107.27669607,154.45787329,0.40986827,-0.00817598,-0.04707265,-0.01303997
2019-09-09,0.00858018,0.00000000,0.00351674,216.39429858,308.91574658,262.65502258,108.19714929,154.45787329,0.41193634,0.00000000,-0.04707265,-0.00956909
2019-09-10,0.01939873,0.00000000,0.00799104,220.59207350,308.91574658,264.75391004,110.29603675,154.45787329,0.41659833,0.00000000,-0.04707265,-0.00165451
2019-09-11,-0.00802683,-0.01606224,-0.01271470,218.82141900,303.95386630,261.38764265,109.41070950,151.97693315,0.41857644,-0.00802683,-0.06237880,-0.01434818
2019-09-12,0.00000000,0.00000000,0.00000000,218.82141900,303.95386630,261.38764265,109.41070950,151.97693315,0.41857644,-0.00802683,-0.06237880,-0.01434818
2019-09-13,0.00000000,0.00000000,0.00000000,218.82141900,303.95386630,261.38764265,109.41070950,151.97693315,0.41857644,-0.00802683,-0.06237880,-0.01434818
2019-09-14,0.00000000,0.02730198,0.01587401,218.82141900,312.25240878,265.53691389,109.41070950,156.12620439,0.41203578,-0.00802683,-0.03677988,0.00000000
2019-09-15,0.00000000,0.00478602,0.00281401,218.82141900,313.74685554,266.28413727,109.41070950,156.87342777,0.41087956,-0.00802683,-0.03216989,0.00000000
2019-09-16,0.00000000,0.00163372,0.00096246,218.82141900,314.25942972,266.54042436,109.41070950,157.12971486,0.41048449,-0.00802683,-0.03058873,0.00000000
2019-09-17,0.00000000,0.03054782,0.01800841,218.82141900,323.85936907,271.34039403,109.41070950,161.92968453,0.40322308,-0.00802683,-0.00097533,0.00000000
2019-09-18,0.00000000,0.01140795,0.00680800,218.82141900,327.55394069,273.18767984,109.41070950,163.77697034,0.40049650,-0.00802683,0.00000000,0.00000000
2019-09-19,-0.01509580,-0.05330894,-0.03800471,215.51813512,310.09238613,262.80526062,107.75906756,155.04619306,0.41003391,-0.02300145,-0.05330894,-0.03800471
2019-09-20,-0.00903821,0.00000000,-0.00370597,213.57023751,310.09238613,261.83131182,106.78511876,155.04619306,0.40783938,-0.03183177,-0.05330894,-0.04156984
2019-09-21,0.01838999,0.00000000,0.00750016,217.49779289,310.09238613,263.79508951,108.74889644,155.04619306,0.41224761,-0.01402716,-0.05330894,-0.03438146
2019-09-22,-0.00346927,-0.00282304,-0.00308945,216.74323370,309.21698222,262.98010796,108.37161685,154.60849111,0.41209055,-0.01744777,-0.05598149,-0.03736469
2019-09-23,0.03337264,0.04716685,0.04148239,223.97652783,323.80177361,273.88915072,111.98826392,161.90088681,0.40888171,0.00000000,-0.01145511,0.00000000
2019-09-24,0.10931051,0.16126160,0.14001975,248.45951521,376.01856460,312.23903990,124.22975760,188.00928230,0.39786747,0.00000000,0.00000000,0.00000000
2019-09-25,0.00900417,-0.01624297,-0.00619795,250.69668700,369.91090725,310.30379713,125.34834350,184.95545363,0.40395362,0.00000000,-0.01624297,-0.00619795
2019-09-26,0.03215593,0.01607351,0.02257006,258.75807243,375.85667488,317.30737366,129.37903622,187.92833744,0.40774040,0.00000000,-0.00043054,0.00000000
2019-09-27,-0.01096132,-0.03081620,-0.02272056,255.92174217,364.27420180,310.09797198,127.96087108,182.13710090,0.41264659,-0.01096132,-0.03123347,-0.02272056
2019-09-28,-0.01136127,-0.00371122,-0.00686799,253.01414561,362.92229981,307.96822271,126.50707280,181.46114990,0.41077963,-0.02219806,-0.03482877,-0.02943251
2019-09-29,0.00000000,-0.00902057,-0.00531511,253.01414561,359.64853238,306.33133900,126.50707280,179.82426619,0.41297463,-0.02219806,-0.04353517,-0.03459117
2019-09-30,0.00000000,-0.00859252,-0.00504403,253.01414561,356.55824611,304.78619586,126.50707280,178.27912305,0.41506825,-0.02219806,-0.05175361,-0.03946072
2019-10-01,0.00000000,-0.00606137,-0.00354549,253.01414561,354.39701299,303.70557930,126.50707280,177.19850650,0.41654511,-0.02219806,-0.05750129,-0.04286630
2019-10-02,0.00213626,0.00000000,0.00088985,253.55465027,354.39701299,303.97583163,126.77732514,177.19850650,0.41706383,-0.02010922,-0.05750129,-0.04201460
2019-10-03,-0.02932515,0.00000000,-0.01223046,246.11912261,354.39701299,300.25806780,123.05956130,177.19850650,0.40984598,-0.04884466,-0.05750129,-0.05373120
2019-10-04,0.00000000,-0.00626491,-0.00369726,246.11912261,352.17674721,299.14793491,123.05956130,176.08837360,0.41136691,-0.04884466,-0.06340596,-0.05722980
2019-10-05,0.00000000,0.00000000,0.00000000,246.11912261,352.17674721,299.14793491,123.05956130,176.08837360,0.41136691,-0.04884466,-0.06340596,-0.05722980
2019-10-06,-0.01326129,0.00000000,-0.00545526,242.85526563,352.17674721,297.51600642,121.42763282,176.08837360,0.40813815,-0.06145821,-0.06340596,-0.06237286
2019-10-07,0.00000000,-0.00519250,-0.00307324,242.85526563,350.34806806,296.60166684,121.42763282,175.17403403,0.40939633,-0.06145821,-0.06826923,-0.06525441
2019-10-08,0.00000000,0.00000000,0.00000000,242.85526563,350.34806806,296.60166684,121.42763282,175.17403403,0.40939633,-0.06145821,-0.06826923,-0.06525441
2019-10-09,0.00000000,0.00000000,0.00000000,242.85526563,350.34806806,296.60166684,121.42763282,175.17403403,0.40939633,-0.06145821,-0.06826923,-0.06525441
2019-10-10,0.00000000,0.00000000,0.00000000,242.85526563,350.34806806,296.60166684,121.42763282,175.17403403,0.40939633,-0.06145821,-0.06826923,-0.06525441
2019-10-11,-0.00827125,0.00000000,-0.00338622,240.84654856,350.34806806,295.59730831,120.42327428,175.17403403,0.40738962,-0.06922112,-0.06826923,-0.06841967
2019-10-12,0.00000000,0.00000000,0.00000000,240.84654856,350.34806806,295.59730831,120.42327428,175.17403403,0.40738962,-0.06922112,-0.06826923,-0.06841967
2019-10-13,0.00000000,0.00000000,0.00000000,240.84654856,350.34806806,295.59730831,120.42327428,175.17403403,0.40738962,-0.06922112,-0.06826923,-0.06841967
2019-10-14,0.00000000,0.00000000,0.00000000,240.84654856,350.34806806,295.59730831,120.42327428,175.17403403,0.40738962,-0.06922112,-0.06826923,-0.06841967
2019-10-15,0.00140062,-0.00389693,-0.00173877,241.18388222,348.98278479,295.08333351,120.59194111,174.49139240,0.40867080,-0.06791746,-0.07190012,-0.07003947
2019-10-16,0.01946296,0.03359955,0.02782234,245.87803533,360.70844983,303.29324258,122.93901766,180.35422491,0.40534704,-0.04977637,-0.04071638,-0.04416579
2019-10-17,-0.00646580,-0.01452570,-0.01125864,244.28823763,355.46890848,299.87857305,122.14411881,177.73445424,0.40731192,-0.05592032,-0.05465064,-0.05492718
2019-10-18,0.00705446,0.02421930,0.01722786,246.01156005,364.07811769,305.04483887,123.00578003,182.03905884,0.40323836,-0.04926035,-0.03175494,-0.03864560
2019-10-19,-0.02881065,0.00508241,-0.00858457,238.92380700,365.92851333,302.42616016,119.46190350,182.96425667,0.39501181,-0.07665177,-0.02683392,-0.04689842
2019-10-20,0.00000000,-0.01825740,-0.01104551,238.92380700,359.24761116,299.08570908,119.46190350,179.62380558,0.39942364,-0.07665177,-0.04460140,-0.05742591
2019-10-21,0.00000000,-0.02022550,-0.01214696,238.92380700,351.98164743,295.45272721,119.46190350,175.99082372,0.40433508,-0.07665177,-0.06392481,-0.06887532
2019-10-22,0.00000000,0.00000000,0.00000000,238.92380700,351.98164743,295.45272721,119.46190350,175.99082372,0.40433508,-0.07665177,-0.06392481,-0.06887532
2019-10-23,0.06101459,0.02200906,0.03778036,253.50164571,359.72843118,306.61503845,126.75082286,179.86421559,0.41338750,-0.02031406,-0.04332268,-0.03369709
2019-10-24,0.00423529,0.01160631,0.00855922,254.57529802,363.90355067,309.23942435,127.28764901,181.95177534,0.41161520,-0.01616481,-0.03221919,-0.02542629
2019-10-25,-0.05174825,-0.04850134,-0.04983782,241.40147129,346.25374011,293.82760570,120.70073564,173.12687005,0.41078760,-0.06707656,-0.07915786,-0.07399692
2019-10-26,0.01216463,0.00000000,0.00499708,244.33803143,346.25374011,295.29588577,122.16901571,173.12687005,0.41371730,-0.05572789,-0.07915786,-0.06936961
2019-10-27,0.00000000,0.00000000,0.00000000,244.33803143,346.25374011,295.29588577,122.16901571,173.12687005,0.41371730,-0.05572789,-0.07915786,-0.06936961
2019-10-28,0.00000000,0.00000000,0.00000000,244.33803143,346.25374011,295.29588577,122.16901571,173.12687005,0.41371730,-0.05572789,-0.07915786,-0.06936961
2019-10-29,0.00000000,-0.00965772,-0.00566215,244.33803143,342.90971846,293.62387494,122.16901571,171.45485923,0.41607317,-0.05572789,-0.08805109,-0.07463898
2019-10-30,0.00000000,-0.01166684,-0.00681258,244.33803143,338.90904725,291.62353934,122.16901571,169.45452362,0.41892714,-0.05572789,-0.09869065,-0.08094307
2019-10-31,0.00000000,0.00000000,0.00000000,244.33803143,338.90904725,291.62353934,122.16901571,169.45452362,0.41892714,-0.05572789,-0.09869065,-0.08094307
2019-11-01,0.00000000,0.00000000,0.00000000,244.33803143,338.90904725,291.62353934,122.16901571,169.45452362,0.41892714,-0.05572789,-0.09869065,-0.08094307
2019-11-02,0.00000000,0.00000000,0.00000000,244.33803143,338.90904725,291.62353934,122.16901571,169.45452362,0.41892714,-0.05572789,-0.09869065,-0.08094307
2019-11-03,0.00000000,0.00000000,0.00000000,244.33803143,338.90904725,291.62353934,122.16901571,169.45452362,0.41892714,-0.05572789,-0.09869065,-0.08094307
2019-11-04,0.00000000,0.01043672,0.00606450,244.33803143,342.44614731,293.39208937,122.16901571,171.22307366,0.41640187,-0.05572789,-0.08928394,-0.07536946
2019-11-05,0.00000000,0.01599980,0.00933745,244.33803143,347.92521688,296.13162415,122.16901571,173.96260844,0.41254971,-0.05572789,-0.07471266,-0.06673576
2019-11-06,0.00000000,0.01314971,0.00772480,244.33803143,352.50033221,298.41918182,122.16901571,176.25016611,0.40938728,-0.05572789,-0.06254540,-0.05952648
2019-11-07,0.00000000,-0.02344600,-0.01384751,244.33803143,344.23560774,294.28681958,122.16901571,172.11780387,0.41513587,-0.05572789,-0.08452497,-0.07254970
2019-11-08,0.00000000,-0.02458680,-0.01437994,244.33803143,335.77195508,290.05499325,122.16901571,167.88597754,0.42119260,-0.05572789,-0.10703357,-0.08588638
2019-11-09,0.00000000,0.00000000,0.00000000,244.33803143,335.77195508,290.05499325,122.16901571,167.88597754,0.42119260,-0.05572789,-0.10703357,-0.08588638
2019-11-10,0.00000000,-0.00962624,-0.00557174,244.33803143,332.53973494,288.43888318,122.16901571,166.26986747,0.42355252,-0.05572789,-0.11562948,-0.09097958
2019-11-11,0.00000000,-0.00606099,-0.00349384,244.33803143,330.52421471,287.43112307,122.16901571,165.26210736,0.42503753,-0.05572789,-0.12098964,-0.09415555
2019-11-12,0.00000000,-0.02200418,-0.01265158,244.33803143,323.25129905,283.79466524,122.16901571,161.62564952,0.43048383,-0.05572789,-0.14033154,-0.10561591
2019-11-13,0.00000000,0.00000000,0.00000000,244.33803143,323.25129905,283.79466524,122.16901571,161.62564952,0.43048383,-0.05572789,-0.14033154,-0.10561591
2019-11-14,0.00000000,0.00000000,0.00000000,244.33803143,323.25129905,283.79466524,122.16901571,161.62564952,0.43048383,-0.05572789,-0.14033154,-0.10561591
2019-11-15,-0.01015385,-0.00245401,-0.00576867,241.85705974,322.45803777,282.15754876,120.92852987,161.22901888,0.42858513,-0.06531589,-0.14244118,-0.11077532
2019-11-16,0.00000000,-0.01174960,-0.00671389,241.85705974,318.66928566,280.26317270,120.92852987,159.33464283,0.43148206,-0.06531589,-0.15251715,-0.11674548
2019-11-17,-0.00787230,0.00000000,-0.00339676,239.95308850,318.66928566,279.31118708,119.97654425,159.33464283,0.42954436,-0.07267400,-0.15251715,-0.11974568
2019-11-18,-0.00401440,0.00000000,-0.00172436,238.98982158,318.66928566,278.82955362,119.49491079,159.33464283,0.42855899,-0.07639665,-0.15251715,-0.12126355
2019-11-19,0.00604518,0.00000000,0.00259071,240.43455690,318.66928566,279.55192128,120.21727845,159.33464283,0.43003560,-0.07081331,-0.15251715,-0.11898700
2019-11-20,0.00406842,0.00115000,0.00240502,241.41274469,319.03575534,280.22425001,120.70637234,159.51787767,0.43074920,-0.06703299,-0.15154254,-0.11686814
2019-11-21,0.05822499,0.07825287,0.06962588,255.46899957,344.00121767,299.73510862,127.73449979,172.00060883,0.42615795,-0.01271100,-0.08514831,-0.05537932
2019-11-22,0.03757000,0.06061047,0.05079159,265.06696986,364.85129379,314.95913182,132.53348493,182.42564689,0.42079582,0.00000000,-0.02969872,-0.00740053
2019-11-23,-0.00384045,-0.01137945,-0.00820707,264.04899438,360.69948823,312.37424131,132.02449719,180.34974412,0.42264848,-0.00384045,-0.04074021,-0.01554686
2019-11-24,0.04388871,0.05997539,0.05317638,275.63776286,382.33258031,328.98517159,137.81888143,191.16629016,0.41892126,0.00000000,0.00000000,0.00000000
2019-11-25,-0.03514958,0.00827690,-0.00991538,265.94921027,385.49710836,325.72315931,132.97460514,192.74855418,0.40824424,-0.03514958,0.00000000,-0.00991538
2019-11-26,0.00000000,0.00000000,0.00000000,265.94921027,385.49710836,325.72315931,132.97460514,192.74855418,0.40824424,-0.03514958,0.00000000,-0.00991538
2019-11-27,-0.01890418,0.00000000,-0.00771752,260.92165735,385.49710836,323.20938285,130.46082867,192.74855418,0.40364184,-0.05338929,0.00000000,-0.01755638
2019-11-28,0.00000000,-0.01801557,-0.01074373,260.92165735,378.55215720,319.73690727,130.46082867,189.27607860,0.40802555,-0.05338929,-0.01801557,-0.02811149
2019-11-29,0.00000000,0.00000000,0.00000000,260.92165735,378.55215720,319.73690727,130.46082867,189.27607860,0.40802555,-0.05338929,-0.01801557,-0.02811149
2019-11-30,0.00000000,0.00000000,0.00000000,260.92165735,378.55215720,319.73690727,130.46082867,189.27607860,0.40802555,-0.05338929,-0.01801557,-0.02811149
2019-12-01,-0.01836475,-0.01238707,-0.01482612,256.12989578,373.86300471,314.99645025,128.06494789,186.93150236,0.40655997,-0.07077356,-0.03017948,-0.04252083
2019-12-02,0.00000000,0.00000000,0.00000000,256.12989578,373.86300471,314.99645025,128.06494789,186.93150236,0.40655997,-0.07077356,-0.03017948,-0.04252083
2019-12-03,0.00000000,-0.01194494,-0.00708860,256.12989578,369.39723507,312.76356543,128.06494789,184.69861754,0.40946249,-0.07077356,-0.04176393,-0.04930802
2019-12-04,-0.01274518,-0.01044476,-0.01138670,252.86547538,365.53896778,309.20222158,126.43273769,182.76948389,0.40889984,-0.08261672,-0.05177248,-0.06013326
2019-12-05,-0.02136089,-0.02018783,-0.02066750,247.46404268,358.15952752,302.81178510,123.73202134,179.07976376,0.40861032,-0.10221285,-0.07091514,-0.07955795
2019-12-06,0.00000000,0.00000000,0.00000000,247.46404268,358.15952752,302.81178510,123.73202134,179.07976376,0.40861032,-0.10221285,-0.07091514,-0.07955795
2019-12-07,0.00000000,0.00000000,0.00000000,247.46404268,358.15952752,302.81178510,123.73202134,179.07976376,0.40861032,-0.10221285,-0.07091514,-0.07955795
2019-12-08,0.00000000,0.01665500,0.00984959,247.46404268,364.12467311,305.79435790,123.73202134,182.06233656,0.40462493,-0.10221285,-0.05544123,-0.07049197
2019-12-09,0.00966259,-0.02436218,-0.01059491,249.85518586,355.25380098,302.55449342,124.92759293,177.62690049,0.41290940,-0.09353790,-0.07845275,-0.08034003
2019-12-10,0.01662178,0.00000000,0.00686329,254.00822457,355.25380098,304.63101278,127.00411229,177.62690049,0.41691130,-0.07847088,-0.07845275,-0.07402814
2019-12-11,0.00113642,-0.00338768,-0.00150153,254.29688496,354.05031506,304.17360001,127.14844248,177.02515753,0.41801275,-0.07742364,-0.08157465,-0.07541851
2019-12-12,0.00249335,-0.00676240,-0.00289338,254.93093667,351.65608566,303.29351117,127.46546833,175.82804283,0.42027100,-0.07512333,-0.08778541,-0.07809367
2019-12-13,-0.00903883,-0.01076627,-0.01004028,252.62665926,347.87006115,300.24836021,126.31332963,173.93503058,0.42069615,-0.08348313,-0.09760656,-0.08734987
2019-12-14,0.02621326,0.00000000,0.01102782,259.24882883,347.87006115,303.55944499,129.62441441,173.93503058,0.42701493,-0.05945823,-0.09760656,-0.07728533
2019-12-15,-0.00721489,-0.01015963,-0.00890218,257.37837628,344.33583090,300.85710359,128.68918814,172.16791545,0.42774190,-0.06624414,-0.10677454,-0.08549950
2019-12-16,0.03019603,0.01803702,0.02323794,265.15018171,350.54662389,307.84840280,132.57509085,175.27331195,0.43065057,-0.03804842,-0.09066342,-0.06424839
2019-12-17,0.01943750,0.07881214,0.05324242,270.30403813,378.17395337,324.23899575,135.15201906,189.08697669,0.41682839,-0.01935049,-0.01899665,-0.01442672
2019-12-18,-0.03075547,-0.04273979,-0.03774438,261.99070946,362.01087963,312.00079454,130.99535473,181.00543982,0.41985584,-0.04951083,-0.06092453,-0.05162657
2019-12-19,-0.00794020,-0.00823853,-0.00811328,259.91044952,359.02844228,309.46944590,129.95522476,179.51422114,0.41992910,-0.05705791,-0.06866113,-0.05932099
2019-12-20,0.00000000,-0.01722866,-0.00999384,259.91044952,352.84286502,306.37665727,129.95522476,176.42143251,0.42416817,-0.05705791,-0.08470684,-0.06872199
2019-12-21,0.00000000,0.00000000,0.00000000,259.91044952,352.84286502,306.37665727,129.95522476,176.42143251,0.42416817,-0.05705791,-0.08470684,-0.06872199
2019-12-22,0.04761205,0.02136481,0.03249805,272.28531999,360.38128445,316.33330222,136.14266000,180.19064223,0.43037726,-0.01216249,-0.06515178,-0.03845726
2019-12-23,-0.00973932,-0.03628804,-0.02486207,269.63344595,347.30375485,308.46860040,134.81672298,173.65187743,0.43705169,-0.02178336,-0.09907559,-0.06236321
2019-12-24,-0.01508931,-0.01238025,-0.01356425,265.56486324,343.00404611,304.28445467,132.78243162,171.50202305,0.43637599,-0.03654398,-0.11022926,-0.07508155
2019-12-25,0.00000000,0.00000000,0.00000000,265.56486324,343.00404611,304.28445467,132.78243162,171.50202305,0.43637599,-0.03654398,-0.11022926,-0.07508155
2019-12-26,0.00000000,0.00000000,0.00000000,265.56486324,343.00404611,304.28445467,132.78243162,171.50202305,0.43637599,-0.03654398,-0.11022926,-0.07508155
2019-12-27,0.00000000,0.00000000,0.00000000,265.56486324,343.00404611,304.28445467,132.78243162,171.50202305,0.43637599,-0.03654398,-0.11022926,-0.07508155
2019-12-28,0.00000000,0.00000000,0.00000000,265.56486324,343.00404611,304.28445467,132.78243162,171.50202305,0.43637599,-0.03654398,-0.11022926,-0.07508155
2019-12-29,0.00148861,0.00667091,0.00440948,265.96018651,345.29219368,305.62619009,132.98009325,172.64609684,0.43510700,-0.03510976,-0.10429369,-0.07100314
2019-12-30,-0.01058460,-0.02064368,-0.01626690,263.14510452,338.16409300,300.65459876,131.57255226,169.08204650,0.43762029,-0.04532274,-0.12278436,-0.08611504
2019-12-31,0.00000000,-0.01186240,-0.00667117,263.14510452,334.15265635,298.64888043,131.57255226,167.07632817,0.44055934,-0.04532274,-0.13319024,-0.09221173
2020-01-01,0.00000000,-0.00113871,-0.00063704,263.14510452,333.77215497,298.45862974,131.57255226,166.88607748,0.44084017,-0.04532274,-0.13417728,-0.09279002
2020-01-02,0.01008728,0.02742639,0.01978262,265.79952413,342.92632171,304.36292292,132.89976206,171.46316085,0.43664899,-0.03569264,-0.11043088,-0.07484303
2020-01-03,-0.02108946,-0.01937481,-0.02012351,260.19395545,336.28219041,298.23807293,130.09697773,168.14109520,0.43621854,-0.05602936,-0.12766611,-0.09346044
2020-01-04,0.00000000,0.00000000,0.00000000,260.19395545,336.28219041,298.23807293,130.09697773,168.14109520,0.43621854,-0.05602936,-0.12766611,-0.09346044
2020-01-05,0.00000000,0.00000000,0.00000000,260.19395545,336.28219041,298.23807293,130.09697773,168.14109520,0.43621854,-0.05602936,-0.12766611,-0.09346044
2020-01-06,0.01140107,0.00000000,0.00497336,263.16044406,336.28219041,299.72131724,131.58022203,168.14109520,0.43900855,-0.04526709,-0.12766611,-0.08895189
2020-01-07,-0.00175802,0.00000000,-0.00077178,262.69780327,336.28219041,299.48999684,131.34890163,168.14109520,0.43857525,-0.04694553,-0.12766611,-0.08965503
2020-01-08,-0.04535039,-0.04469142,-0.04498043,250.78435428,321.25326322,286.01880875,125.39217714,160.62663161,0.43840535,-0.09016692,-0.16665195,-0.13060273
2020-01-09,0.00000000,-0.01576749,-0.00885494,250.78435428,316.18790642,283.48613035,125.39217714,158.09395321,0.44232209,-0.09016692,-0.17979176,-0.13830119
2020-01-10,0.00000000,0.00000000,0.00000000,250.78435428,316.18790642,283.48613035,125.39217714,158.09395321,0.44232209,-0.09016692,-0.17979176,-0.13830119
2020-01-11,0.00000000,-0.01640215,-0.00914712,250.78435428,311.00174577,280.89305002,125.39217714,155.50087289,0.44640541,-0.09016692,-0.19324493,-0.14618325
2020-01-12,0.00000000,0.00000000,0.00000000,250.78435428,311.00174577,280.89305002,125.39217714,155.50087289,0.44640541,-0.09016692,-0.19324493,-0.14618325
2020-01-13,0.00000000,0.00000000,0.00000000,250.78435428,311.00174577,280.89305002,125.39217714,155.50087289,0.44640541,-0.09016692,-0.19324493,-0.14618325
2020-01-14,0.00000000,0.12260919,0.06787578,250.78435428,349.13341805,299.95888616,125.39217714,174.56670903,0.41803121,-0.09016692,-0.09432935,-0.08822977
2020-01-15,-0.00702248,0.00459010,-0.00026432,249.02322511,350.73597637,299.87960074,124.51161255,175.36798819,0.41520534,-0.09655621,-0.09017222,-0.08847077
2020-01-16,0.00000000,-0.01316631,-0.00769959,249.02322511,346.11807805,297.57065158,124.51161255,173.05903903,0.41842706,-0.09655621,-0.10215130,-0.09548917
2020-01-17,-0.00616924,0.03436015,0.01740156,247.48694189,358.01074770,302.74884479,123.74347094,179.00537385,0.40873309,-0.10212977,-0.07130108,-0.07974927
2020-01-18,0.00000000,0.02526745,0.01493981,247.48694189,367.05676770,307.27185479,123.74347094,183.52838385,0.40271658,-0.10212977,-0.04783522,-0.06600090
2020-01-19,-0.00382713,-0.04259726,-0.02698389,246.53977720,351.42115440,298.98046580,123.26988860,175.71057720,0.41230081,-0.10556603,-0.08839484,-0.09120382
2020-01-20,0.00000000,0.00000000,0.00000000,246.53977720,351.42115440,298.98046580,123.26988860,175.71057720,0.41230081,-0.10556603,-0.08839484,-0.09120382
2020-01-21,0.00000000,0.00000000,0.00000000,246.53977720,351.42115440,298.98046580,123.26988860,175.71057720,0.41230081,-0.10556603,-0.08839484,-0.09120382
2020-01-22,0.00000000,0.00000000,0.00000000,246.53977720,351.42115440,298.98046580,123.26988860,175.71057720,0.41230081,-0.10556603,-0.08839484,-0.09120382
2020-01-23,0.00000000,0.00000000,0.00000000,246.53977720,351.42115440,298.98046580,123.26988860,175.71057720,0.41230081,-0.10556603,-0.08839484,-0.09120382
2020-01-24,0.00000000,0.00000000,0.00000000,246.53977720,351.42115440,298.98046580,123.26988860,175.71057720,0.41230081,-0.10556603,-0.08839484,-0.09120382
2020-01-25,0.00000000,0.00000000,0.00000000,246.53977720,351.42115440,298.98046580,123.26988860,175.71057720,0.41230081,-0.10556603,-0.08839484,-0.09120382
2020-01-26,0.00345320,0.00000000,0.00142376,247.39112851,351.42115440,299.40614146,123.69556426,175.71057720,0.41313636,-0.10247737,-0.08839484,-0.08990992
2020-01-27,0.03541087,-0.01613245,0.00516197,256.15146319,345.75187160,300.95166739,128.07573159,172.87593580,0.42556910,-0.07069532,-0.10310126,-0.08521206
2020-01-28,0.01079342,-0.00527465,0.00156342,258.91621432,343.92815051,301.42218242,129.45810716,171.96407526,0.42949098,-0.06066494,-0.10783209,-0.08378186
2020-01-29,-0.01179465,-0.00407910,-0.00739286,255.86238801,342.52523227,299.19381014,127.93119400,171.26261613,0.42758637,-0.07174407,-0.11147133,-0.09055533
2020-01-30,-0.01106182,0.00000000,-0.00472988,253.03208433,342.52523227,297.77865830,126.51604217,171.26261613,0.42486605,-0.08201227,-0.11147133,-0.09485690
2020-01-31,0.00000000,0.00000000,0.00000000,253.03208433,342.52523227,297.77865830,126.51604217,171.26261613,0.42486605,-0.08201227,-0.11147133,-0.09485690
2020-02-01,0.00000000,-0.01456127,-0.00837468,253.03208433,337.53763139,295.28485786,126.51604217,168.76881569,0.42845422,-0.08201227,-0.12440943,-0.10243718
2020-02-02,0.00000000,0.01559696,0.00891438,253.03208433,342.80219202,297.91713818,126.51604217,171.40109601,0.42466856,-0.08201227,-0.11075288,-0.09443597
2020-02-03,0.00000000,0.00000000,0.00000000,253.03208433,342.80219202,297.91713818,126.51604217,171.40109601,0.42466856,-0.08201227,-0.11075288,-0.09443597
2020-02-04,0.00000000,0.00000000,0.00000000,253.03208433,342.80219202,297.91713818,126.51604217,171.40109601,0.42466856,-0.08201227,-0.11075288,-0.09443597
2020-02-05,-0.00416957,0.04618585,0.02480148,251.97704820,358.63480265,305.30592542,125.98852410,179.31740132,0.41266321,-0.08583989,-0.06968225,-0.07197664
2020-02-06,-0.01051528,0.04619711,0.02279399,249.32743871,375.20269493,312.26506682,124.66371936,187.60134746,0.39922403,-0.09545254,-0.02670426,-0.05082328
2020-02-07,0.00000000,0.04758276,0.02858658,249.32743871,393.05587534,321.19165703,124.66371936,196.52793767,0.38812876,-0.09545254,0.00000000,-0.02368956
2020-02-08,0.00000000,-0.00125424,-0.00076743,249.32743871,392.56288811,320.94516341,124.66371936,196.28144406,0.38842685,-0.09545254,-0.00125424,-0.02443882
2020-02-09,0.00000000,0.02439873,0.01492161,249.32743871,402.14092573,325.73418222,124.66371936,201.07046287,0.38271611,-0.09545254,0.00000000,-0.00988187
2020-02-10,-0.01578336,-0.07190153,-0.05042420,245.39221371,373.22637875,309.30929623,122.69610685,186.61318937,0.39667772,-0.10972934,-0.07190153,-0.05980779
2020-02-11,0.02678082,0.00000000,0.01062336,251.96401910,373.22637875,312.59519892,125.98200955,186.61318937,0.40301966,-0.08588716,-0.07190153,-0.04981979
2020-02-12,0.00777438,0.10156543,0.06376579,253.92288363,411.13327517,332.52807940,126.96144182,205.56663759,0.38180668,-0.07878049,0.00000000,0.00000000
2020-02-13,-0.03641124,-0.03277367,-0.03416251,244.67723728,397.65893074,321.16808401,122.33861864,198.82946537,0.38091773,-0.11232324,-0.03277367,-0.03416251
2020-02-14,0.00000000,0.00000000,0.00000000,244.67723728,397.65893074,321.16808401,122.33861864,198.82946537,0.38091773,-0.11232324,-0.03277367,-0.03416251
2020-02-15,0.03460649,0.00000000,0.01318223,253.14465870,397.65893074,325.40179472,126.57232935,198.82946537,0.38897244,-0.08160386,-0.03277367,-0.02143063
2020-02-16,-0.00703817,0.00000000,-0.00273765,251.36298446,397.65893074,324.51095760,125.68149223,198.82946537,0.38729506,-0.08806768,-0.03277367,-0.02410961
2020-02-17,0.00000000,0.00000000,0.00000000,251.36298446,397.65893074,324.51095760,125.68149223,198.82946537,0.38729506,-0.08806768,-0.03277367,-0.02410961
2020-02-18,0.00000000,0.00000000,0.00000000,251.36298446,397.65893074,324.51095760,125.68149223,198.82946537,0.38729506,-0.08806768,-0.03277367,-0.02410961
2020-02-19,0.00000000,0.00000000,0.00000000,251.36298446,397.65893074,324.51095760,125.68149223,198.82946537,0.38729506,-0.08806768,-0.03277367,-0.02410961
2020-02-20,0.00000000,0.00000000,0.00000000,251.36298446,397.65893074,324.51095760,125.68149223,198.82946537,0.38729506,-0.08806768,-0.03277367,-0.02410961
2020-02-21,0.00000000,0.00000000,0.00000000,251.36298446,397.65893074,324.51095760,125.68149223,198.82946537,0.38729506,-0.08806768,-0.03277367,-0.02410961
2020-02-22,0.00000000,0.00000000,0.00000000,251.36298446,397.65893074,324.51095760,125.68149223,198.82946537,0.38729506,-0.08806768,-0.03277367,-0.02410961
2020-02-23,0.01967047,-0.01051526,0.00117552,256.30741172,393.47744362,324.89242767,128.15370586,196.73872181,0.39444965,-0.07012955,-0.04294430,-0.02296243
2020-02-24,-0.02700852,-0.00590353,-0.01422839,249.38492819,391.15453621,320.26973220,124.69246409,195.57726811,0.38933577,-0.09524397,-0.04859431,-0.03686410
2020-02-25,0.01436681,0.00000000,0.00559351,252.96779522,391.15453621,322.06116572,126.48389761,195.57726811,0.39273253,-0.08224551,-0.04859431,-0.03147678
2020-02-26,0.05490421,0.00000000,0.02156267,266.85679326,391.15453621,329.00566474,133.42839663,195.57726811,0.40555045,-0.03185692,-0.04859431,-0.01059283
2020-02-27,-0.00367465,0.00000000,-0.00149026,265.87618839,391.15453621,328.51536230,132.93809419,195.57726811,0.40466325,-0.03541450,-0.04859431,-0.01206730
2020-02-28,0.01118774,0.00000000,0.00452727,268.85074264,391.15453621,330.00263943,134.42537132,195.57726811,0.40734635,-0.02462297,-0.04859431,-0.00759467
2020-02-29,0.01729419,0.00000000,0.00704473,273.50029886,391.15453621,332.32741754,136.75014943,195.57726811,0.41149223,-0.00775461,-0.04859431,-0.00060344
2020-03-01,-0.00011681,0.00000000,-0.00004807,273.46835131,391.15453621,332.31144376,136.73417566,195.57726811,0.41146394,-0.00787052,-0.04859431,-0.00065148
2020-03-02,-0.03749843,0.00000000,-0.01542925,263.21371678,391.15453621,327.18412650,131.60685839,195.57726811,0.40224096,-0.04507382,-0.04859431,-0.01607068
2020-03-03,0.01623916,0.00000000,0.00653206,267.48808735,391.15453621,329.32131178,133.74404368,195.57726811,0.40612022,-0.02956661,-0.04859431,-0.00964360
2020-03-04,0.00021419,0.00000000,0.00008699,267.54538171,391.15453621,329.34995896,133.77269086,195.57726811,0.40617188,-0.02935875,-0.04859431,-0.00955745
2020-03-05,-0.00491056,0.00000000,-0.00199453,266.23158453,391.15453621,328.69306037,133.11579226,195.57726811,0.40498510,-0.03412514,-0.04859431,-0.01153292
2020-03-06,0.00961531,0.00000000,0.00389406,268.79148441,391.15453621,329.97301031,134.39574221,195.57726811,0.40729314,-0.02483796,-0.04859431,-0.00768377
2020-03-07,-0.03111040,0.00464986,-0.00991505,260.42927478,392.97334910,326.70131194,130.21463739,196.48667455,0.39857397,-0.05517563,-0.04417041,-0.01752263
2020-03-08,0.08555560,0.00000000,0.03410024,282.71045817,392.97334910,337.84190364,141.35522909,196.48667455,0.41840644,0.00000000,-0.04417041,0.00000000
2020-03-09,0.01021310,0.00000000,0.00427323,285.59780909,392.97334910,339.28557909,142.79890454,196.48667455,0.42088115,0.00000000,-0.04417041,0.00000000
2020-03-10,0.00522143,0.00000000,0.00219760,287.08903917,392.97334910,340.03119413,143.54451958,196.48667455,0.42215103,0.00000000,-0.04417041,0.00000000
2020-03-11,-0.00502093,0.00000000,-0.00211959,285.64758589,392.97334910,339.31046750,142.82379295,196.48667455,0.42092363,-0.00502093,-0.04417041,-0.00211959
2020-03-12,0.32081380,0.00000000,0.13503811,377.28727434,392.97334910,385.13031172,188.64363717,196.48667455,0.48981768,0.00000000,-0.04417041,0.00000000
2020-03-13,-0.05271857,0.00000000,-0.02582249,357.39722991,392.97334910,375.18528950,178.69861495,196.48667455,0.47629430,-0.05271857,-0.04417041,-0.02582249
2020-03-14,0.00000000,0.00000000,0.00000000,357.39722991,392.97334910,375.18528950,178.69861495,196.48667455,0.47629430,-0.05271857,-0.04417041,-0.02582249
2020-03-15,0.01592064,0.00000000,0.00758291,363.08722175,392.97334910,378.03028543,181.54361088,196.48667455,0.48023563,-0.03763724,-0.04417041,-0.01843539
2020-03-16,0.00000000,0.00000000,0.00000000,363.08722175,392.97334910,378.03028543,181.54361088,196.48667455,0.48023563,-0.03763724,-0.04417041,-0.01843539
2020-03-17,0.00000000,0.00000000,0.00000000,363.08722175,392.97334910,378.03028543,181.54361088,196.48667455,0.48023563,-0.03763724,-0.04417041,-0.01843539
2020-03-18,0.00000000,0.00000000,0.00000000,363.08722175,392.97334910,378.03028543,181.54361088,196.48667455,0.48023563,-0.03763724,-0.04417041,-0.01843539
2020-03-19,-0.00679200,-0.05244518,-0.03052090,360.62113301,372.36379053,366.49246177,180.31056651,186.18189526,0.49198984,-0.04417361,-0.09429907,-0.04839362
2020-03-20,0.05341540,0.01750825,0.03517421,379.88385614,378.88323001,379.38354307,189.94192807,189.44161500,0.50065938,0.00000000,-0.07844183,-0.01492162
2020-03-21,-0.00842390,0.00000000,-0.00421751,376.68375184,378.88323001,377.78349093,188.34187592,189.44161500,0.49854448,-0.00842390,-0.07844183,-0.01907619
2020-03-22,0.00000000,0.00000000,0.00000000,376.68375184,378.88323001,377.78349093,188.34187592,189.44161500,0.49854448,-0.00842390,-0.07844183,-0.01907619
2020-03-23,0.00000000,0.00000000,0.00000000,376.68375184,378.88323001,377.78349093,188.34187592,189.44161500,0.49854448,-0.00842390,-0.07844183,-0.01907619
2020-03-24,0.00000000,0.00000000,0.00000000,376.68375184,378.88323001,377.78349093,188.34187592,189.44161500,0.49854448,-0.00842390,-0.07844183,-0.01907619
2020-03-25,0.00000000,0.00000000,0.00000000,376.68375184,378.88323001,377.78349093,188.34187592,189.44161500,0.49854448,-0.00842390,-0.07844183,-0.01907619
2020-03-26,0.00000000,-0.01125654,-0.00564465,376.68375184,374.61831558,375.65103371,188.34187592,187.30915779,0.50137457,-0.00842390,-0.08881538,-0.02461317
2020-03-27,0.00000000,0.00000000,0.00000000,376.68375184,374.61831558,375.65103371,188.34187592,187.30915779,0.50137457,-0.00842390,-0.08881538,-0.02461317
2020-03-28,0.00000000,0.00000000,0.00000000,376.68375184,374.61831558,375.65103371,188.34187592,187.30915779,0.50137457,-0.00842390,-0.08881538,-0.02461317
2020-03-29,0.00000000,0.00000000,0.00000000,376.68375184,374.61831558,375.65103371,188.34187592,187.30915779,0.50137457,-0.00842390,-0.08881538,-0.02461317
2020-03-30,0.00000000,0.00000000,0.00000000,376.68375184,374.61831558,375.65103371,188.34187592,187.30915779,0.50137457,-0.00842390,-0.08881538,-0.02461317
2020-03-31,0.00000000,0.00000000,0.00000000,376.68375184,374.61831558,375.65103371,188.34187592,187.30915779,0.50137457,-0.00842390,-0.08881538,-0.02461317
2020-04-01,0.02379312,0.01399678,0.01890842,385.64623509,379.86176603,382.75400056,192.82311755,189.93088302,0.50377819,0.00000000,-0.07606173,-0.00617015
2020-04-02,-0.01019583,0.05769159,0.02349138,381.71425043,401.77659342,391.74542193,190.85712522,200.88829671,0.48719682,-0.01019583,-0.02275827,0.00000000
2020-04-03,0.00000000,0.00000000,0.00000000,381.71425043,401.77659342,391.74542193,190.85712522,200.88829671,0.48719682,-0.01019583,-0.02275827,0.00000000
2020-04-04,0.00000000,0.00000000,0.00000000,381.71425043,401.77659342,391.74542193,190.85712522,200.88829671,0.48719682,-0.01019583,-0.02275827,0.00000000
2020-04-05,0.00000000,0.00000000,0.00000000,381.71425043,401.77659342,391.74542193,190.85712522,200.88829671,0.48719682,-0.01019583,-0.02275827,0.00000000
2020-04-06,-0.00045000,0.04912363,0.02497152,381.54247902,421.51331984,401.52789943,190.77123951,210.75665992,0.47511329,-0.01064124,0.00000000,0.00000000
2020-04-07,-0.00487676,-0.00097381,-0.00282815,379.68178696,421.10284765,400.39231730,189.84089348,210.55142382,0.47413720,-0.01546611,-0.00097381,-0.00282815
2020-04-08,0.00000000,0.00000000,0.00000000,379.68178696,421.10284765,400.39231730,189.84089348,210.55142382,0.47413720,-0.01546611,-0.00097381,-0.00282815
2020-04-09,0.00000000,0.00000000,0.00000000,379.68178696,421.10284765,400.39231730,189.84089348,210.55142382,0.47413720,-0.01546611,-0.00097381,-0.00282815
2020-04-10,0.00000000,0.00000000,0.00000000,379.68178696,421.10284765,400.39231730,189.84089348,210.55142382,0.47413720,-0.01546611,-0.00097381,-0.00282815
2020-04-11,0.00000000,0.00000000,0.00000000,379.68178696,421.10284765,400.39231730,189.84089348,210.55142382,0.47413720,-0.01546611,-0.00097381,-0.00282815
2020-04-12,0.00000000,0.00000000,0.00000000,379.68178696,421.10284765,400.39231730,189.84089348,210.55142382,0.47413720,-0.01546611,-0.00097381,-0.00282815
2020-04-13,0.00000000,0.00000000,0.00000000,379.68178696,421.10284765,400.39231730,189.84089348,210.55142382,0.47413720,-0.01546611,-0.00097381,-0.00282815
2020-04-14,0.00000000,0.00000000,0.00000000,379.68178696,421.10284765,400.39231730,189.84089348,210.55142382,0.47413720,-0.01546611,-0.00097381,-0.00282815
2020-04-15,0.00000000,0.00000000,0.00000000,379.68178696,421.10284765,400.39231730,189.84089348,210.55142382,0.47413720,-0.01546611,-0.00097381,-0.00282815
2020-04-16,0.00000000,0.01779245,0.00935639,379.68178696,428.59529962,404.13854329,189.84089348,214.29764981,0.46974211,-0.01546611,0.00000000,0.00000000
2020-04-17,0.00000000,0.00000000,0.00000000,379.68178696,428.59529962,404.13854329,189.84089348,214.29764981,0.46974211,-0.01546611,0.00000000,0.00000000
2020-04-18,0.00000000,-0.00663267,-0.00351703,379.68178696,425.75256642,402.71717669,189.84089348,212.87628321,0.47140004,-0.01546611,-0.00663267,-0.00351703
2020-04-19,0.00000000,0.00000000,0.00000000,379.68178696,425.75256642,402.71717669,189.84089348,212.87628321,0.47140004,-0.01546611,-0.00663267,-0.00351703
2020-04-20,0.00000000,0.00000000,0.00000000,379.68178696,425.75256642,402.71717669,189.84089348,212.87628321,0.47140004,-0.01546611,-0.00663267,-0.00351703
2020-04-21,0.00000000,0.00000000,0.00000000,379.68178696,425.75256642,402.71717669,189.84089348,212.87628321,0.47140004,-0.01546611,-0.00663267,-0.00351703
2020-04-22,0.00000000,0.00000000,0.00000000,379.68178696,425.75256642,402.71717669,189.84089348,212.87628321,0.47140004,-0.01546611,-0.00663267,-0.00351703
2020-04-23,0.01638790,0.00000000,0.00772526,385.90397520,425.75256642,405.82827081,192.95198760,212.87628321,0.47545231,0.00000000,-0.00663267,0.00000000
2020-04-24,0.00000000,0.00000000,0.00000000,385.90397520,425.75256642,405.82827081,192.95198760,212.87628321,0.47545231,0.00000000,-0.00663267,0.00000000
2020-04-25,0.00000000,0.02005382,0.01051919,385.90397520,434.29053382,410.09725451,192.95198760,217.14526691,0.47050300,0.00000000,0.00000000,0.00000000
2020-04-26,0.00000000,0.00000000,0.00000000,385.90397520,434.29053382,410.09725451,192.95198760,217.14526691,0.47050300,0.00000000,0.00000000,0.00000000
2020-04-27,0.00000000,-0.00589048,-0.00311899,385.90397520,431.73235295,408.81816407,192.95198760,215.86617647,0.47197508,0.00000000,-0.00589048,-0.00311899
2020-04-28,0.00000000,0.00000000,0.00000000,385.90397520,431.73235295,408.81816407,192.95198760,215.86617647,0.47197508,0.00000000,-0.00589048,-0.00311899
2020-04-29,0.10980477,-0.02146681,0.04049010,428.27807178,422.46443582,425.37125380,214.13903589,211.23221791,0.50341680,0.00000000,-0.02723084,0.00000000
2020-04-30,-0.01525444,0.00613172,-0.00463443,421.74492861,425.05486986,423.39989924,210.87246431,212.52743493,0.49804562,-0.01525444,-0.02126610,-0.00463443
2020-05-01,0.00000000,0.00000000,0.00000000,421.74492861,425.05486986,423.39989924,210.87246431,212.52743493,0.49804562,-0.01525444,-0.02126610,-0.00463443
2020-05-02,0.00000000,0.00000000,0.00000000,421.74492861,425.05486986,423.39989924,210.87246431,212.52743493,0.49804562,-0.01525444,-0.02126610,-0.00463443
2020-05-03,0.00000000,0.00000000,0.00000000,421.74492861,425.05486986,423.39989924,210.87246431,212.52743493,0.49804562,-0.01525444,-0.02126610,-0.00463443
2020-05-04,0.00000000,0.00000000,0.00000000,421.74492861,425.05486986,423.39989924,210.87246431,212.52743493,0.49804562,-0.01525444,-0.02126610,-0.00463443
2020-05-05,0.00000000,0.00000000,0.00000000,421.74492861,425.05486986,423.39989924,210.87246431,212.52743493,0.49804562,-0.01525444,-0.02126610,-0.00463443
2020-05-06,0.00000000,0.00000000,0.00000000,421.74492861,425.05486986,423.39989924,210.87246431,212.52743493,0.49804562,-0.01525444,-0.02126610,-0.00463443
2020-05-07,0.01466836,0.00000000,0.00730551,427.93123305,425.05486986,426.49305145,213.96561652,212.52743493,0.50168606,-0.00080984,-0.02126610,0.00000000
2020-05-08,-0.00808938,0.00000000,-0.00405833,424.46953635,425.05486986,424.76220311,212.23476818,212.52743493,0.49965549,-0.00889267,-0.02126610,-0.00405833
2020-05-09,0.00000000,0.00000000,0.00000000,424.46953635,425.05486986,424.76220311,212.23476818,212.52743493,0.49965549,-0.00889267,-0.02126610,-0.00405833
2020-05-10,0.00000000,0.09791538,0.04899142,424.46953635,466.67428092,445.57190864,212.23476818,233.33714046,0.47631990,-0.00889267,0.00000000,0.00000000
2020-05-11,0.00000000,-0.02516544,-0.01317864,424.46953635,454.93021922,439.69987779,212.23476818,227.46510961,0.48268098,-0.00889267,-0.02516544,-0.01317864
2020-05-12,0.00000000,0.00000000,0.00000000,424.46953635,454.93021922,439.69987779,212.23476818,227.46510961,0.48268098,-0.00889267,-0.02516544,-0.01317864
2020-05-13,0.00000000,-0.00547351,-0.00283155,424.46953635,452.44015545,438.45484590,212.23476818,226.22007773,0.48405160,-0.00889267,-0.03050120,-0.01597287
2020-05-14,-0.00936645,0.00330013,-0.00283115,420.49376529,453.93326713,437.21351621,210.24688264,226.96663357,0.48087919,-0.01817582,-0.02730173,-0.01875880
2020-05-15,0.00000000,0.00000000,0.00000000,420.49376529,453.93326713,437.21351621,210.24688264,226.96663357,0.48087919,-0.01817582,-0.02730173,-0.01875880
2020-05-16,0.00000000,-0.00728011,-0.00377926,420.49376529,450.62858268,435.56117398,210.24688264,225.31429134,0.48270345,-0.01817582,-0.03438308,-0.02246716
2020-05-17,0.00000000,0.00082167,0.00042505,420.49376529,450.99884891,435.74630710,210.24688264,225.49942446,0.48249837,-0.01817582,-0.03358966,-0.02205166
2020-05-18,-0.00679251,0.00293889,-0.00175649,417.63755900,452.32428708,434.98092304,208.81877950,226.16214354,0.48006422,-0.02484487,-0.03074949,-0.02376942
2020-05-19,0.00000000,0.00000000,0.00000000,417.63755900,452.32428708,434.98092304,208.81877950,226.16214354,0.48006422,-0.02484487,-0.03074949,-0.02376942
2020-05-20,0.00000000,0.00000000,0.00000000,417.63755900,452.32428708,434.98092304,208.81877950,226.16214354,0.48006422,-0.02484487,-0.03074949,-0.02376942
2020-05-21,0.00000000,0.02231639,0.01160309,417.63755900,462.41853065,440.02804482,208.81877950,231.20926532,0.47455789,-0.02484487,-0.00911932,-0.01244213
2020-05-22,0.00000000,-0.03681890,-0.01934620,417.63755900,445.39278962,431.51517431,208.81877950,222.69639481,0.48391990,-0.02484487,-0.04560245,-0.03154762
2020-05-23,0.00000000,0.00000000,0.00000000,417.63755900,445.39278962,431.51517431,208.81877950,222.69639481,0.48391990,-0.02484487,-0.04560245,-0.03154762
2020-05-24,0.00000000,0.00000000,0.00000000,417.63755900,445.39278962,431.51517431,208.81877950,222.69639481,0.48391990,-0.02484487,-0.04560245,-0.03154762
2020-05-25,0.00000000,0.00000000,0.00000000,417.63755900,445.39278962,431.51517431,208.81877950,222.69639481,0.48391990,-0.02484487,-0.04560245,-0.03154762
2020-05-26,0.00000000,0.00000000,0.00000000,417.63755900,445.39278962,431.51517431,208.81877950,222.69639481,0.48391990,-0.02484487,-0.04560245,-0.03154762
2020-05-27,0.00000000,0.00000000,0.00000000,417.63755900,445.39278962,431.51517431,208.81877950,222.69639481,0.48391990,-0.02484487,-0.04560245,-0.03154762
2020-05-28,-0.00432969,0.03734631,0.01717847,415.82931925,462.02656887,438.92794406,207.91465963,231.01328444,0.47368745,-0.02906699,-0.00995922,-0.01491109
2020-05-29,0.00000000,0.00208982,0.00109990,415.82931925,462.99212184,439.41072054,207.91465963,231.49606092,0.47316702,-0.02906699,-0.00789021,-0.01382760
2020-05-30,-0.00567783,0.10422782,0.05222409,413.46831174,511.24877971,462.35854572,206.73415587,255.62438985,0.44712952,-0.03457978,0.00000000,0.00000000
2020-05-31,0.00000000,-0.02802799,-0.01549585,413.46831174,496.91950565,455.19390870,206.73415587,248.45975283,0.45416723,-0.03457978,-0.02802799,-0.01549585
2020-06-01,0.06455474,0.01630268,0.03821719,440.15965053,505.02062677,472.59013865,220.07982527,252.51031339,0.46568857,0.00000000,-0.01218224,0.00000000
2020-06-02,-0.07159510,-0.03420068,-0.05161483,408.64637775,487.74857836,448.19747805,204.32318887,243.87428918,0.45587760,-0.07159510,-0.04596627,-0.05161483
2020-06-03,0.00000000,0.00000000,0.00000000,408.64637775,487.74857836,448.19747805,204.32318887,243.87428918,0.45587760,-0.07159510,-0.04596627,-0.05161483
2020-06-04,0.00112430,0.00000000,0.00051254,409.10582021,487.74857836,448.42719929,204.55291011,243.87428918,0.45615634,-0.07055129,-0.04596627,-0.05112874
2020-06-05,0.00000000,0.00000000,0.00000000,409.10582021,487.74857836,448.42719929,204.55291011,243.87428918,0.45615634,-0.07055129,-0.04596627,-0.05112874
2020-06-06,0.00000000,-0.00367047,-0.00199616,409.10582021,485.95831091,447.53206556,204.55291011,242.97915545,0.45706872,-0.07055129,-0.04946803,-0.05302284
2020-06-07,0.00000000,0.00000000,0.00000000,409.10582021,485.95831091,447.53206556,204.55291011,242.97915545,0.45706872,-0.07055129,-0.04946803,-0.05302284
2020-06-08,-0.00169143,-0.00287915,-0.00233628,408.41384658,484.55916413,446.48650536,204.20692329,242.27958207,0.45736416,-0.07212339,-0.05220475,-0.05523525
2020-06-09,-0.00343458,-0.00846764,-0.00616570,407.01111674,480.45609267,443.73360471,203.50555837,240.22804634,0.45862102,-0.07531025,-0.06023034,-0.06106038
2020-06-10,0.00000000,-0.01535713,-0.00831403,407.01111674,473.07766533,440.04439104,203.50555837,236.53883267,0.46246598,-0.07531025,-0.07466250,-0.06886675
2020-06-11,0.03507749,-0.02534650,0.00259754,421.28804445,461.08680002,441.18742224,210.64402222,230.54340001,0.47744793,-0.04287446,-0.09811658,-0.06644810
2020-06-12,-0.01999606,0.00000000,-0.00954708,412.86394246,461.08680002,436.97537124,206.43197123,230.54340001,0.47241100,-0.06201320,-0.09811658,-0.07536079
2020-06-13,-0.00106634,0.00000000,-0.00050375,412.42369087,461.08680002,436.75524544,206.21184543,230.54340001,0.47214509,-0.06301341,-0.09811658,-0.07582658
2020-06-14,0.01474018,-0.00172283,0.00605010,418.50289167,460.29242589,439.39765878,209.25144584,230.14621295,0.47622340,-0.04920205,-0.09967037,-0.07023524
2020-06-15,0.00805444,0.00386502,0.00586012,421.87370010,462.07146715,441.97258363,210.93685005,231.03573358,0.47726230,-0.04154390,-0.09619057,-0.06478670
2020-06-16,0.00000000,-0.02121324,-0.01108896,421.87370010,452.26943574,437.07156792,210.93685005,226.13471787,0.48261398,-0.04154390,-0.11536330,-0.07515724
2020-06-17,-0.01182399,0.00000000,-0.00570642,416.88547135,452.26943574,434.57745354,208.44273567,226.13471787,0.47964462,-0.05287668,-0.11536330,-0.08043478
2020-06-18,-0.00096655,0.00000000,-0.00046360,416.48253258,452.26943574,434.37598416,208.24126629,226.13471787,0.47940327,-0.05379211,-0.11536330,-0.08086109
2020-06-19,0.00752707,0.00000000,0.00360850,419.61742462,452.26943574,435.94343018,209.80871231,226.13471787,0.48127509,-0.04666994,-0.11536330,-0.07754438
2020-06-20,-0.00542235,0.00000000,-0.00260964,417.34211411,452.26943574,434.80577492,208.67105705,226.13471787,0.47991786,-0.05183923,-0.11536330,-0.07995166
2020-06-21,0.00772158,0.00000000,0.00370572,420.56465499,452.26943574,436.41704536,210.28232749,226.13471787,0.48183803,-0.04451793,-0.11536330,-0.07654221
2020-06-22,0.02030265,0.04146129,0.03126625,429.10323034,471.02111090,450.06217062,214.55161517,235.51055545,0.47671551,-0.02511911,-0.07868511,-0.04766915
2020-06-23,-0.00623108,0.00004115,-0.00294892,426.42945323,471.04049249,448.73497286,213.21472661,235.52024625,0.47514622,-0.03119368,-0.07864720,-0.05047749
2020-06-24,0.01918101,0.00697231,0.01277323,434.60880223,474.32473508,454.46676866,217.30440111,237.16236754,0.47815245,-0.01261099,-0.07222324,-0.03834902
2020-06-25,0.00344797,0.00871703,0.00619761,436.10731994,478.45943584,457.28337789,218.05365997,239.22971792,0.47684580,-0.00920650,-0.06413579,-0.03238908
2020-06-26,0.00000000,0.01188233,0.00621629,436.10731994,484.14464937,460.12598465,218.05365997,242.07232469,0.47389990,-0.00920650,-0.05301554,-0.02637413
2020-06-27,0.00008361,0.03572110,0.01883250,436.14378194,501.43883040,468.79130617,218.07189097,250.71941520,0.46517904,-0.00912366,-0.01918821,-0.00803832
2020-06-28,-0.01150787,-0.01581742,-0.01381271,431.12469576,493.50736117,462.31602847,215.56234788,246.75368059,0.46626622,-0.02052654,-0.03470212,-0.02174000
2020-06-29,-0.00946174,-0.01350809,-0.01162142,427.04550535,486.84101867,456.94326201,213.52275267,243.42050933,0.46728504,-0.02979406,-0.04774146,-0.03310877
2020-06-30,-0.00867003,0.00000000,-0.00405137,423.34300947,486.84101867,455.09201407,211.67150474,243.42050933,0.46511804,-0.03820578,-0.04774146,-0.03702600
2020-07-01,0.00000000,0.01328650,0.00710671,423.34300947,493.30943423,458.32622185,211.67150474,246.65471712,0.46183590,-0.03820578,-0.03508927,-0.03018243
2020-07-02,-0.01791225,-0.01386136,-0.01573220,415.75998406,486.47149593,451.11573999,207.87999203,243.23574797,0.46081299,-0.05543367,-0.04846424,-0.04543979
2020-07-03,0.00000000,0.00705418,0.00380352,415.75998406,489.90315290,452.83156848,207.87999203,244.95157645,0.45906692,-0.05543367,-0.04175194,-0.04180910
2020-07-04,0.00000000,-0.01707730,-0.00923768,415.75998406,481.53692945,448.64845675,207.87999203,240.76846472,0.46334717,-0.05543367,-0.05811623,-0.05066056
2020-07-05,-0.00091293,0.00000000,-0.00042300,415.38042374,481.53692945,448.45867660,207.69021187,240.76846472,0.46312007,-0.05629600,-0.05811623,-0.05106214
2020-07-06,-0.00531939,0.01131766,0.00361271,413.17085508,486.98680164,450.07882836,206.58542754,243.49340082,0.45899832,-0.06131592,-0.04745631,-0.04763390
2020-07-07,0.00000000,-0.02497587,-0.01351199,413.17085508,474.82388214,443.99736861,206.58542754,237.41194107,0.46528525,-0.06131592,-0.07124691,-0.06050226
2020-07-08,-0.00096154,0.00210765,0.00067960,412.77357283,475.82464403,444.29910843,206.38678641,237.91232201,0.46452217,-0.06221851,-0.06928943,-0.05986378
2020-07-09,-0.00209708,-0.01778235,-0.01049619,411.90795201,467.36336529,439.63565865,205.95397601,233.68168265,0.46846513,-0.06418512,-0.08583965,-0.06973163
2020-07-10,-0.00519680,0.00000000,-0.00243452,409.76734741,467.36336529,438.56535635,204.88367371,233.68168265,0.46716794,-0.06904836,-0.08583965,-0.07199639
2020-07-11,0.00485871,0.00000000,0.00226984,411.75829017,467.36336529,439.56082773,205.87914508,233.68168265,0.46837464,-0.06452513,-0.08583965,-0.06988997
2020-07-12,-0.00725551,-0.01117311,-0.00933820,408.77077558,462.14146439,435.45611999,204.38538779,231.07073220,0.46935932,-0.07131248,-0.09605366,-0.07857553
2020-07-13,0.00786849,-0.00346533,0.00185431,411.98718476,460.53999267,436.26358871,205.99359238,230.26999634,0.47217691,-0.06400511,-0.09918613,-0.07686692
2020-07-14,-0.00197554,-0.00895888,-0.00566151,411.17328842,456.41406847,433.79367844,205.58664421,228.20703423,0.47392725,-0.06585420,-0.10725641,-0.08209325
2020-07-15,0.00658603,0.00000000,0.00312130,413.88128749,456.41406847,435.14767798,206.94064374,228.20703423,0.47556417,-0.05970189,-0.10725641,-0.07922819
2020-07-16,0.00608348,0.00690232,0.00651291,416.39912798,459.56438268,437.98175533,208.19956399,229.78219134,0.47536127,-0.05398160,-0.10109442,-0.07323129
2020-07-17,-0.00085432,0.00379868,0.00158683,416.04339154,461.31012285,438.67675720,208.02169577,230.65506143,0.47420268,-0.05478980,-0.09767976,-0.07176066
2020-07-18,0.00000000,-0.01261436,-0.00663260,416.04339154,455.49098896,435.76719025,208.02169577,227.74549448,0.47736888,-0.05478980,-0.10906195,-0.07791730
2020-07-19,-0.00515232,-0.00132576,-0.00315244,413.89980469,454.88711784,434.39346126,206.94990235,227.44355892,0.47641118,-0.05965982,-0.11024312,-0.08082411
2020-07-20,0.00000000,-0.02228920,-0.01167038,413.89980469,444.74804675,429.32392572,206.94990235,222.37402337,0.48203673,-0.05965982,-0.13007509,-0.09155124
2020-07-21,0.00000000,0.01610698,0.00834282,413.89980469,451.91159317,432.90569893,206.94990235,225.95579658,0.47804846,-0.05965982,-0.11606323,-0.08397221
2020-07-22,0.00977027,-0.00410492,0.00252809,417.94371711,450.05653257,434.00012484,208.97185856,225.02826628,0.48150184,-0.05047244,-0.11969172,-0.08165641
2020-07-23,0.00814765,0.04385057,0.02665955,421.34897771,469.79176928,445.57037350,210.67448886,234.89588464,0.47281979,-0.04273602,-0.08108970,-0.05717378
2020-07-24,-0.00788473,0.01767506,0.00558989,418.02675283,478.09536928,448.06106105,209.01337642,239.04768464,0.46648413,-0.05028380,-0.06484790,-0.05190349
2020-07-25,0.00070570,0.03383881,0.01838274,418.32175327,494.27354864,456.29765095,209.16087663,247.13677432,0.45838692,-0.04961358,-0.03320347,-0.03447488
2020-07-26,0.02407327,0.01881183,0.02122361,428.39212724,503.57173736,465.98193230,214.19606362,251.78586868,0.45966603,-0.02673467,-0.01501626,-0.01398295
2020-07-27,0.11081574,0.03515971,0.06993621,475.86471569,521.27717338,498.57094454,237.93235785,260.63858669,0.47722869,0.00000000,0.00000000,0.00000000
2020-07-28,-0.00968318,-0.01603494,-0.01300370,471.25683114,512.91852289,492.08767701,235.62841557,256.45926145,0.47883421,-0.00968318,-0.01603494,-0.01300370
2020-07-29,0.01572030,0.00296870,0.00907460,478.66513038,514.44122279,496.55317659,239.33256519,257.22061139,0.48198778,0.00000000,-0.01311385,-0.00404710
2020-07-30,0.00008553,0.05403411,0.02803155,478.70607212,542.23859534,510.47233373,239.35303606,271.11929767,0.46888542,0.00000000,0.00000000,0.00000000
2020-07-31,0.02202245,0.03423581,0.02850915,489.24835346,560.80257492,525.02546419,244.62417673,280.40128746,0.46592821,0.00000000,0.00000000,0.00000000
2020-08-01,0.04058622,0.04027959,0.04042246,509.10509505,583.39147299,546.24828402,254.55254752,291.69573650,0.46600155,0.00000000,0.00000000,0.00000000
2020-08-02,-0.10232827,-0.04305261,-0.07067516,457.00925107,558.27494541,507.64209824,228.50462553,279.13747270,0.45012939,-0.10232827,-0.04305261,-0.07067516
2020-08-03,0.00000000,0.00000000,0.00000000,457.00925107,558.27494541,507.64209824,228.50462553,279.13747270,0.45012939,-0.10232827,-0.04305261,-0.07067516
2020-08-04,0.00000000,-0.03062072,-0.01683743,457.00925107,541.18016726,499.09470916,228.50462553,270.59008363,0.45783820,-0.10232827,-0.07235503,-0.08632261
2020-08-05,0.01996305,-0.03543820,-0.01007339,466.13255083,522.00171564,494.06713323,233.06627541,261.00085782,0.47172997,-0.08440800,-0.10522910,-0.09552643
2020-08-06,0.00126297,0.00000000,0.00059578,466.72126352,522.00171564,494.36148958,233.36063176,261.00085782,0.47204452,-0.08325163,-0.10522910,-0.09498757
2020-08-07,-0.03273162,0.00000000,-0.01545078,451.44471877,522.00171564,486.72321721,225.72235939,261.00085782,0.46375918,-0.11325830,-0.10522910,-0.10897072
2020-08-08,0.00000000,0.00000000,0.00000000,451.44471877,522.00171564,486.72321721,225.72235939,261.00085782,0.46375918,-0.11325830,-0.10522910,-0.10897072
2020-08-09,0.00000000,0.00000000,0.00000000,451.44471877,522.00171564,486.72321721,225.72235939,261.00085782,0.46375918,-0.11325830,-0.10522910,-0.10897072
2020-08-10,0.00000000,0.00000000,0.00000000,451.44471877,522.00171564,486.72321721,225.72235939,261.00085782,0.46375918,-0.11325830,-0.10522910,-0.10897072
2020-08-11,0.00000000,0.00000000,0.00000000,451.44471877,522.00171564,486.72321721,225.72235939,261.00085782,0.46375918,-0.11325830,-0.10522910,-0.10897072
2020-08-12,0.00000000,0.00000000,0.00000000,451.44471877,522.00171564,486.72321721,225.72235939,261.00085782,0.46375918,-0.11325830,-0.10522910,-0.10897072
2020-08-13,0.00000000,0.02542366,0.01363320,451.44471877,535.27290945,493.35881411,225.72235939,267.63645473,0.45752169,-0.11325830,-0.08248075,-0.09682313
2020-08-14,0.00000000,0.00000000,0.00000000,451.44471877,535.27290945,493.35881411,225.72235939,267.63645473,0.45752169,-0.11325830,-0.08248075,-0.09682313
2020-08-15,0.00000000,0.00000000,0.00000000,451.44471877,535.27290945,493.35881411,225.72235939,267.63645473,0.45752169,-0.11325830,-0.08248075,-0.09682313
2020-08-16,0.00000000,-0.00801465,-0.00434777,451.44471877,530.98288619,491.21380248,225.72235939,265.49144310,0.45951958,-0.11325830,-0.08983434,-0.10074994
2020-08-17,0.03033720,0.00000000,0.01394054,465.14028684,530.98288619,498.06158652,232.57014342,265.49144310,0.46695057,-0.08635704,-0.08983434,-0.08821391
2020-08-18,-0.01818997,0.00000000,-0.00849382,456.67939886,530.98288619,493.83114253,228.33969943,265.49144310,0.46238416,-0.10297618,-0.08983434,-0.09595846
2020-08-19,-0.01643390,0.00000000,-0.00759877,449.17437750,530.98288619,490.07863184,224.58718875,265.49144310,0.45826766,-0.11771777,-0.08983434,-0.10282806
2020-08-20,0.00000000,0.00000000,0.00000000,449.17437750,530.98288619,490.07863184,224.58718875,265.49144310,0.45826766,-0.11771777,-0.08983434,-0.10282806
2020-08-21,-0.00960438,0.00000000,-0.00440138,444.86033455,530.98288619,487.92161037,222.43016727,265.49144310,0.45587275,-0.12619155,-0.08983434,-0.10677685
2020-08-22,0.00000000,0.00000000,0.00000000,444.86033455,530.98288619,487.92161037,222.43016727,265.49144310,0.45587275,-0.12619155,-0.08983434,-0.10677685
2020-08-23,0.00000000,0.00000000,0.00000000,444.86033455,530.98288619,487.92161037,222.43016727,265.49144310,0.45587275,-0.12619155,-0.08983434,-0.10677685
2020-08-24,0.00000000,0.00000000,0.00000000,444.86033455,530.98288619,487.92161037,222.43016727,265.49144310,0.45587275,-0.12619155,-0.08983434,-0.10677685
2020-08-25,0.01258394,-0.00288455,0.00416711,450.45843225,529.45123687,489.95483456,225.22921612,264.72561843,0.45969383,-0.11519559,-0.09245976,-0.10305469
2020-08-26,-0.01208129,-0.01962504,-0.01615722,445.01631502,519.06073545,482.03852524,222.50815751,259.53036773,0.46159829,-0.12588517,-0.11027027,-0.11754684
2020-08-27,0.00069625,0.00000000,0.00032139,445.32615885,519.06073545,482.19344715,222.66307943,259.53036773,0.46177127,-0.12527656,-0.11027027,-0.11726323
2020-08-28,0.00000000,0.00000000,0.00000000,445.32615885,519.06073545,482.19344715,222.66307943,259.53036773,0.46177127,-0.12527656,-0.11027027,-0.11726323
2020-08-29,0.00000000,0.00000000,0.00000000,445.32615885,519.06073545,482.19344715,222.66307943,259.53036773,0.46177127,-0.12527656,-0.11027027,-0.11726323
2020-08-30,0.00682695,0.04112156,0.02528529,448.36637705,540.40532283,494.38584994,224.18318852,270.20266142,0.45345794,-0.11930487,-0.07368320,-0.09494297
2020-08-31,-0.00376901,0.01131183,0.00447330,446.67647815,546.51829590,496.59738703,223.33823908,273.25914795,0.44973704,-0.12262422,-0.06320486,-0.09089438
2020-09-01,0.01022639,0.09596299,0.05740406,451.24436416,598.96382356,525.10409386,225.62218208,299.48191178,0.42967134,-0.11365184,0.00000000,-0.03870802
2020-09-02,-0.00273276,-0.07554480,-0.04425956,450.01122010,553.71521882,501.86321946,225.00561005,276.85760941,0.44834051,-0.11607402,-0.07554480,-0.08125438
2020-09-03,0.10466045,-0.07602253,0.00498497,497.10959829,511.62038651,504.36499240,248.55479915,255.81019326,0.49280740,-0.02356193,-0.14582423,-0.07667446
2020-09-04,-0.02266939,0.00000000,-0.01117164,485.84042786,511.62038651,498.73040719,242.92021393,255.81019326,0.48707721,-0.04569718,-0.14582423,-0.08698952
2020-09-05,0.02263239,0.00000000,0.01102372,496.83615966,511.62038651,504.22827309,248.41807983,255.81019326,0.49266987,-0.02409902,-0.14582423,-0.07692475
2020-09-06,-0.00711717,0.00000000,-0.00350642,493.30009234,511.62038651,502.46023943,246.65004617,255.81019326,0.49088470,-0.03104468,-0.14582423,-0.08016143
2020-09-07,-0.00874753,0.00000000,-0.00429403,488.98493271,511.62038651,500.30265961,244.49246635,255.81019326,0.48868912,-0.03952065,-0.14582423,-0.08411125
2020-09-08,0.00000000,0.00000000,0.00000000,488.98493271,511.62038651,500.30265961,244.49246635,255.81019326,0.48868912,-0.03952065,-0.14582423,-0.08411125
2020-09-09,0.00000000,0.00000000,0.00000000,488.98493271,511.62038651,500.30265961,244.49246635,255.81019326,0.48868912,-0.03952065,-0.14582423,-0.08411125
2020-09-10,0.00000000,0.00386493,0.00197618,488.98493271,513.59776445,501.29134858,244.49246635,256.79888222,0.48772529,-0.03952065,-0.14252290,-0.08230128
2020-09-11,0.00000000,0.00000000,0.00000000,488.98493271,513.59776445,501.29134858,244.49246635,256.79888222,0.48772529,-0.03952065,-0.14252290,-0.08230128
2020-09-12,0.00000000,0.00000000,0.00000000,488.98493271,513.59776445,501.29134858,244.49246635,256.79888222,0.48772529,-0.03952065,-0.14252290,-0.08230128
2020-09-13,-0.00264967,0.00000000,-0.00129231,487.68928206,513.59776445,500.64352326,243.84464103,256.79888222,0.48706241,-0.04206560,-0.14252290,-0.08348724
2020-09-14,0.01478070,0.00643270,0.01049870,494.89767219,516.90158316,505.89962767,247.44883609,258.45079158,0.48912635,-0.02790666,-0.13700701,-0.07386505
2020-09-15,-0.00839973,0.00000000,-0.00410853,490.74066382,516.90158316,503.82112349,245.37033191,258.45079158,0.48701875,-0.03607198,-0.13700701,-0.07767010
2020-09-16,0.00000000,0.00000000,0.00000000,490.74066382,516.90158316,503.82112349,245.37033191,258.45079158,0.48701875,-0.03607198,-0.13700701,-0.07767010
2020-09-17,0.00000000,0.00000000,0.00000000,490.74066382,516.90158316,503.82112349,245.37033191,258.45079158,0.48701875,-0.03607198,-0.13700701,-0.07767010
2020-09-18,0.00000000,0.00000000,0.00000000,490.74066382,516.90158316,503.82112349,245.37033191,258.45079158,0.48701875,-0.03607198,-0.13700701,-0.07767010
2020-09-19,0.00000000,-0.00550657,-0.00282477,490.74066382,514.05522764,502.39794573,245.37033191,257.02761382,0.48839836,-0.03607198,-0.14175914,-0.08027547
2020-09-20,0.00000000,0.00000000,0.00000000,490.74066382,514.05522764,502.39794573,245.37033191,257.02761382,0.48839836,-0.03607198,-0.14175914,-0.08027547
2020-09-21,0.00000000,0.00000000,0.00000000,490.74066382,514.05522764,502.39794573,245.37033191,257.02761382,0.48839836,-0.03607198,-0.14175914,-0.08027547
2020-09-22,0.00000000,0.00000000,0.00000000,490.74066382,514.05522764,502.39794573,245.37033191,257.02761382,0.48839836,-0.03607198,-0.14175914,-0.08027547
2020-09-23,0.00000000,0.00000000,0.00000000,490.74066382,514.05522764,502.39794573,245.37033191,257.02761382,0.48839836,-0.03607198,-0.14175914,-0.08027547
2020-09-24,0.00000000,-0.00295589,-0.00151224,490.74066382,512.53573737,501.63820060,245.37033191,256.26786868,0.48913805,-0.03607198,-0.14429600,-0.08166631
2020-09-25,0.00000000,-0.00249041,-0.00127225,490.74066382,511.25931578,500.99998980,245.37033191,255.62965789,0.48976115,-0.03607198,-0.14642705,-0.08283467
2020-09-26,0.00000000,0.00000000,0.00000000,490.74066382,511.25931578,500.99998980,245.37033191,255.62965789,0.48976115,-0.03607198,-0.14642705,-0.08283467
2020-09-27,0.00642491,0.00006440,0.00317953,493.89362818,511.29224196,502.59293507,246.94681409,255.64612098,0.49134557,-0.02987883,-0.14637208,-0.07991851
2020-09-28,0.00254907,0.00000000,0.00125248,495.15259862,511.29224196,503.22242029,247.57629931,255.64612098,0.49198185,-0.02740593,-0.14637208,-0.07876613
2020-09-29,-0.01302332,0.00000000,-0.00640724,488.70406729,511.29224196,499.99815462,244.35203365,255.64612098,0.48870587,-0.04007233,-0.14637208,-0.08466870
2020-09-30,-0.00666473,-0.00462010,-0.00561932,485.44698721,508.93002065,497.18850393,242.72349360,254.46501033,0.48819209,-0.04646999,-0.15031593,-0.08981224
2020-10-01,0.00581325,-0.00449868,0.00053552,488.26901153,506.64050975,497.45476064,244.13450577,253.32025488,0.49076725,-0.04092688,-0.15413838,-0.08932481
2020-10-02,0.00408912,0.00000000,0.00200681,490.26560335,506.64050975,498.45305655,245.13280168,253.32025488,0.49178714,-0.03700511,-0.15413838,-0.08749726
2020-10-03,0.00229393,0.00000000,0.00112813,491.39024009,506.64050975,499.01537492,245.69512004,253.32025488,0.49235982,-0.03479607,-0.15413838,-0.08646784
2020-10-04,-0.01066795,0.00000000,-0.00525247,486.14811299,506.64050975,496.39431137,243.07405650,253.32025488,0.48967938,-0.04509282,-0.15413838,-0.09126614
2020-10-05,-0.01165700,0.00000000,-0.00570819,480.48108296,506.64050975,493.56079635,240.24054148,253.32025488,0.48674964,-0.05622417,-0.15413838,-0.09645337
2020-10-06,0.01774959,-0.01019859,0.00340518,489.00942752,501.47348847,495.24145799,244.50471376,250.73674423,0.49370809,-0.03947253,-0.16276498,-0.09337663
2020-10-07,-0.00580595,0.00000000,-0.00286645,486.17026219,501.47348847,493.82187533,243.08513110,250.73674423,0.49225266,-0.04504931,-0.16276498,-0.09597542
2020-10-08,-0.00409643,-0.01197220,-0.00809533,484.17869819,495.46974557,489.82422188,242.08934910,247.73487279,0.49423719,-0.04896120,-0.17278853,-0.10329380
2020-10-09,0.00513842,0.02488708,0.01512656,486.66661271,507.80054010,497.23357640,243.33330635,253.90027005,0.48937425,-0.04407436,-0.15220165,-0.08972972
2020-10-10,0.02255805,0.00976831,0.01602728,497.64486241,512.76089162,505.20287701,248.82243120,256.38044581,0.49251982,-0.02251054,-0.14392010,-0.07514057
2020-10-11,0.00634989,0.00000000,0.00312745,500.80485378,512.76089162,506.78287270,250.40242689,256.38044581,0.49410199,-0.01630359,-0.14392010,-0.07224812
2020-10-12,-0.00964667,0.00443851,-0.00252101,495.97375383,515.03678676,505.50527030,247.98687692,257.51839338,0.49057229,-0.02579299,-0.14012038,-0.07458699
2020-10-13,-0.00936618,-0.03143798,-0.02061017,491.32837572,498.84507077,495.08672324,245.66418786,249.42253538,0.49620435,-0.03491758,-0.16715326,-0.09365990
2020-10-14,-0.01233305,-0.02077446,-0.01658579,485.26880036,488.48183238,486.87531637,242.63440018,244.24091619,0.49835018,-0.04681999,-0.18445520,-0.10869227
2020-10-15,0.00000000,-0.00774161,-0.00388358,485.26880036,484.70019476,484.98449756,242.63440018,242.35009738,0.50029311,-0.04681999,-0.19076883,-0.11215374
2020-10-16,0.00298372,0.01474642,0.00886162,486.71670459,491.84778829,489.28224644,243.35835230,245.92389415,0.49737826,-0.04397597,-0.17883557,-0.10428598
2020-10-17,-0.00403547,-0.00748779,-0.00577068,484.75257455,488.16493398,486.45875426,242.37628727,244.08246699,0.49824633,-0.04783398,-0.18498428,-0.10945486
2020-10-18,0.00000000,-0.02183509,-0.01095583,484.75257455,477.50581109,481.12919282,242.37628727,238.75290554,0.50376550,-0.04783398,-0.20278021,-0.11921153
2020-10-19,0.00848139,-0.01111153,-0.00124129,488.86394988,472.19999194,480.53197091,244.43197494,236.09999597,0.50866954,-0.03975828,-0.21163854,-0.12030484
2020-10-20,0.01334905,0.00255300,0.00804462,495.38981708,473.40551994,484.39766851,247.69490854,236.70275997,0.51134620,-0.02693997,-0.20962585,-0.11322803
2020-10-21,0.07398205,0.01554203,0.04542511,532.03977245,480.76320303,506.40148774,266.01988623,240.38160152,0.52531419,0.00000000,-0.19734184,-0.07294631
2020-10-22,0.01411143,0.06048027,0.03612206,539.54761700,509.83989089,524.69375394,269.77380850,254.91994544,0.51415479,0.00000000,-0.14879685,-0.03945922
2020-10-23,-0.00321082,-0.01176869,-0.00736862,537.81522937,503.83974386,520.82748662,268.90761469,251.91987193,0.51630842,-0.00321082,-0.15881440,-0.04653708
2020-10-24,0.01400241,0.00740940,0.01081343,545.34593961,507.57289488,526.45941725,272.67296980,253.78644744,0.51793730,0.00000000,-0.15258172,-0.03622687
2020-10-25,-0.01781658,-0.01273480,-0.01536684,535.62973836,501.10905724,518.36939780,267.81486918,250.55452862,0.51664869,-0.01781658,-0.16337342,-0.05103702
2020-10-26,-0.00785069,0.03277021,0.01178347,531.42467305,517.53050585,524.47758945,265.71233652,258.76525293,0.50662286,-0.02552740,-0.13595699,-0.03985494
2020-10-27,0.02570789,-0.02297933,0.00168673,545.08648260,505.63800414,525.36224337,272.54324130,252.81900207,0.51877204,-0.00047577,-0.15581211,-0.03823543
2020-10-28,-0.05727637,0.02512603,-0.01762203,513.86590629,518.34267742,516.10429186,256.93295315,259.17133871,0.49783146,-0.05772489,-0.13460103,-0.05518368
2020-10-29,0.00000000,0.00269324,0.00135246,513.86590629,519.73869621,516.80230125,256.93295315,259.86934810,0.49715907,-0.05772489,-0.13227030,-0.05390586
2020-10-30,-0.01866980,-0.02734082,-0.02302995,504.27213214,505.52861152,504.90037183,252.13606607,252.76430576,0.49937786,-0.07531698,-0.15599475,-0.07569436
2020-10-31,0.00000000,0.00000000,0.00000000,504.27213214,505.52861152,504.90037183,252.13606607,252.76430576,0.49937786,-0.07531698,-0.15599475,-0.07569436
2020-11-01,0.00000000,0.00000000,0.00000000,504.27213214,505.52861152,504.90037183,252.13606607,252.76430576,0.49937786,-0.07531698,-0.15599475,-0.07569436
2020-11-02,-0.01296151,0.00295853,-0.00499158,497.73600583,507.02423264,502.38011924,248.86800292,253.51211632,0.49537789,-0.08730226,-0.15349774,-0.08030811
2020-11-03,0.00000000,0.00009790,0.00004940,497.73600583,507.07386804,502.40493694,248.86800292,253.53693402,0.49535342,-0.08730226,-0.15341487,-0.08026267
2020-11-04,-0.01924896,-0.01631917,-0.01777045,488.15510455,498.79884231,493.47697343,244.07755228,249.39942116,0.49460778,-0.10487075,-0.16723044,-0.09660682
2020-11-05,-0.03029147,0.00000000,-0.01498240,473.36816806,498.79884231,486.08350519,236.68408403,249.39942116,0.48692062,-0.13198553,-0.16723044,-0.11014182
2020-11-06,-0.01773427,0.04706511,0.01551296,464.97333073,522.27486317,493.62409695,232.48666537,261.13743159,0.47097917,-0.14737913,-0.12803605,-0.09633749
2020-11-07,0.00000000,-0.00599942,-0.00317382,464.97333073,519.14151641,492.05742357,232.48666537,259.57075821,0.47247873,-0.14737913,-0.13326733,-0.09920555
2020-11-08,0.00000000,0.00000000,0.00000000,464.97333073,519.14151641,492.05742357,232.48666537,259.57075821,0.47247873,-0.14737913,-0.13326733,-0.09920555
2020-11-09,-0.02113412,-0.03475096,-0.02831729,455.14652955,501.10085213,478.12369084,227.57326477,250.55042607,0.47597153,-0.16539852,-0.16338712,-0.12471361
2020-11-10,0.00000000,-0.01340104,-0.00702253,455.14652955,494.38558020,474.76605487,227.57326477,247.19279010,0.47933769,-0.16539852,-0.17459860,-0.13086033
2020-11-11,0.00000000,-0.00591543,-0.00307994,455.14652955,491.46107530,473.30380242,227.57326477,245.73053765,0.48081859,-0.16539852,-0.17948120,-0.13353723
2020-11-12,-0.00688702,-0.01714234,-0.01221140,452.01192503,483.03628020,467.52410262,226.00596252,241.51814010,0.48341029,-0.17114644,-0.19354682,-0.14411795
2020-11-13,0.00000000,0.02465973,0.01273896,452.01192503,494.94782641,473.47987572,226.00596252,247.47391320,0.47732961,-0.17114644,-0.17365990,-0.13321490
2020-11-14,0.00000000,-0.03400606,-0.01777396,452.01192503,478.11659880,465.06426192,226.00596252,239.05829940,0.48596717,-0.17114644,-0.20176047,-0.14862110
2020-11-15,0.00000000,0.02782105,0.01430094,452.01192503,491.41830659,471.71511581,226.00596252,245.70915330,0.47911537,-0.17114644,-0.17955261,-0.13644559
2020-11-16,-0.00264942,-0.02666064,-0.01515650,450.81435764,478.31677808,464.56556786,225.40717882,239.15838904,0.48519993,-0.17334241,-0.20142626,-0.14953405
2020-11-17,0.02067675,0.02120575,0.02094908,460.13573417,488.45984603,474.29779010,230.06786708,244.22992301,0.48507050,-0.15624982,-0.18449191,-0.13171757
2020-11-18,0.00556968,-0.02195782,-0.00860504,462.69854128,477.73433140,470.21643634,231.34927064,238.86716570,0.49200592,-0.15155041,-0.20239869,-0.13918917
2020-11-19,0.00000000,0.00000000,0.00000000,462.69854128,477.73433140,470.21643634,231.34927064,238.86716570,0.49200592,-0.15155041,-0.20239869,-0.13918917
2020-11-20,0.00000000,0.02594839,0.01318163,462.69854128,490.13076831,476.41465480,231.34927064,245.06538415,0.48560486,-0.15155041,-0.18170222,-0.12784229
2020-11-21,0.00000000,0.05047841,0.02596585,462.69854128,514.87178825,488.78516477,231.34927064,257.43589412,0.47331484,-0.15155041,-0.14039585,-0.10519597
2020-11-22,0.00000000,0.00842904,0.00443945,462.69854128,519.21166145,490.95510137,231.34927064,259.60583073,0.47122287,-0.15155041,-0.13315022,-0.10122354
2020-11-23,0.00000000,0.00000000,0.00000000,462.69854128,519.21166145,490.95510137,231.34927064,259.60583073,0.47122287,-0.15155041,-0.13315022,-0.10122354
2020-11-24,0.00000000,0.00000000,0.00000000,462.69854128,519.21166145,490.95510137,231.34927064,259.60583073,0.47122287,-0.15155041,-0.13315022,-0.10122354
2020-11-25,0.00000000,0.00000000,0.00000000,462.69854128,519.21166145,490.95510137,231.34927064,259.60583073,0.47122287,-0.15155041,-0.13315022,-0.10122354
2020-11-26,0.01014340,0.00000000,0.00477980,467.39187706,519.21166145,493.30176925,233.69593853,259.60583073,0.47373829,-0.14294424,-0.13315022,-0.09692756
2020-11-27,0.00032535,0.00000000,0.00015413,467.54394170,519.21166145,493.37780157,233.77197085,259.60583073,0.47381939,-0.14266540,-0.13315022,-0.09678837
2020-11-28,-0.03351698,0.00000000,-0.01588100,451.87328073,519.21166145,485.54247109,225.93664036,259.60583073,0.46532827,-0.17140067,-0.13315022,-0.11113227
2020-11-29,-0.01276818,0.00000000,-0.00594139,446.10368251,519.21166145,482.65767198,223.05184125,259.60583073,0.46213259,-0.18198037,-0.13315022,-0.11641339
2020-11-30,-0.01475826,-0.02312364,-0.01925772,439.51996900,507.20559892,473.36278396,219.75998450,253.60279946,0.46425277,-0.19405292,-0.15319494,-0.13342925
2020-12-01,0.00000000,0.00074880,0.00040117,439.51996900,507.58539663,473.55268282,219.75998450,253.79269832,0.46406660,-0.19405292,-0.15256084,-0.13308161
2020-12-02,0.00000000,0.00000000,0.00000000,439.51996900,507.58539663,473.55268282,219.75998450,253.79269832,0.46406660,-0.19405292,-0.15256084,-0.13308161
2020-12-03,0.00000000,0.00000000,0.00000000,439.51996900,507.58539663,473.55268282,219.75998450,253.79269832,0.46406660,-0.19405292,-0.15256084,-0.13308161
2020-12-04,0.00000000,0.00000000,0.00000000,439.51996900,507.58539663,473.55268282,219.75998450,253.79269832,0.46406660,-0.19405292,-0.15256084,-0.13308161
2020-12-05,0.00000000,0.00000000,0.00000000,439.51996900,507.58539663,473.55268282,219.75998450,253.79269832,0.46406660,-0.19405292,-0.15256084,-0.13308161
2020-12-06,0.00000000,-0.00384955,-0.00206310,439.51996900,505.63142276,472.57569588,219.75998450,252.81571138,0.46502600,-0.19405292,-0.15582310,-0.13487015
2020-12-07,0.00000000,0.00000000,0.00000000,439.51996900,505.63142276,472.57569588,219.75998450,252.81571138,0.46502600,-0.19405292,-0.15582310,-0.13487015
2020-12-08,-0.00387776,0.00000000,-0.00180326,437.81561736,505.63142276,471.72352006,218.90780868,252.81571138,0.46405956,-0.19717818,-0.15582310,-0.13643020
2020-12-09,0.00000000,0.00000000,0.00000000,437.81561736,505.63142276,471.72352006,218.90780868,252.81571138,0.46405956,-0.19717818,-0.15582310,-0.13643020
2020-12-10,0.00000000,0.00000000,0.00000000,437.81561736,505.63142276,471.72352006,218.90780868,252.81571138,0.46405956,-0.19717818,-0.15582310,-0.13643020
2020-12-11,0.00000000,0.00000000,0.00000000,437.81561736,505.63142276,471.72352006,218.90780868,252.81571138,0.46405956,-0.19717818,-0.15582310,-0.13643020
2020-12-12,0.00000000,0.00000000,0.00000000,437.81561736,505.63142276,471.72352006,218.90780868,252.81571138,0.46405956,-0.19717818,-0.15582310,-0.13643020
2020-12-13,0.00000000,-0.00651196,-0.00349002,437.81561736,502.33877362,470.07719549,218.90780868,251.16938681,0.46568481,-0.19717818,-0.16132034,-0.13944408
2020-12-14,0.00000000,0.00000000,0.00000000,437.81561736,502.33877362,470.07719549,218.90780868,251.16938681,0.46568481,-0.19717818,-0.16132034,-0.13944408
2020-12-15,0.00000000,-0.00506672,-0.00270723,437.81561736,499.79356185,468.80458961,218.90780868,249.89678093,0.46694895,-0.19717818,-0.16556970,-0.14177380
2020-12-16,0.01144037,0.01176852,0.01161529,442.82438817,505.67539145,474.24988981,221.41219409,252.83769573,0.46686820,-0.18799361,-0.15574969,-0.13180525
2020-12-17,-0.04583817,-0.00736537,-0.02532710,422.52612642,501.95090420,462.23851531,211.26306321,250.97545210,0.45704340,-0.22521450,-0.16196791,-0.15379411
2020-12-18,0.00000000,-0.00881601,-0.00478671,422.52612642,497.52570077,460.02591359,211.26306321,248.76285038,0.45924166,-0.22521450,-0.16935601,-0.15784465
2020-12-19,0.00000000,0.00000000,0.00000000,422.52612642,497.52570077,460.02591359,211.26306321,248.76285038,0.45924166,-0.22521450,-0.16935601,-0.15784465
2020-12-20,0.00000000,0.00000000,0.00000000,422.52612642,497.52570077,460.02591359,211.26306321,248.76285038,0.45924166,-0.22521450,-0.16935601,-0.15784465
2020-12-21,0.00000000,0.04331839,0.02342478,422.52612642,519.07771521,470.80192081,211.26306321,259.53885760,0.44873025,-0.22521450,-0.13337385,-0.13811735
2020-12-22,0.00000000,-0.02878483,-0.01586821,422.52612642,504.13614980,463.33113811,211.26306321,252.06807490,0.45596561,-0.22521450,-0.15831953,-0.15179388
2020-12-23,0.00000000,0.00000000,0.00000000,422.52612642,504.13614980,463.33113811,211.26306321,252.06807490,0.45596561,-0.22521450,-0.15831953,-0.15179388
2020-12-24,0.00000000,0.00000000,0.00000000,422.52612642,504.13614980,463.33113811,211.26306321,252.06807490,0.45596561,-0.22521450,-0.15831953,-0.15179388
2020-12-25,0.00205036,0.00000000,0.00093489,423.39245638,504.13614980,463.76430309,211.69622819,252.06807490,0.45647374,-0.22362591,-0.15831953,-0.15100090
2020-12-26,-0.00993463,-0.01126085,-0.01065547,419.18620732,498.45914923,458.82267827,209.59310366,249.22957461,0.45680633,-0.23133890,-0.16779757,-0.16004738
2020-12-27,-0.01505946,0.01293143,0.00014501,412.87349026,504.90493649,458.88921338,206.43674513,252.45246825,0.44986184,-0.24291452,-0.15703601,-0.15992557
2020-12-28,0.00000000,-0.01274702,-0.00701262,412.87349026,498.46890299,455.67119663,206.43674513,249.23445150,0.45303883,-0.24291452,-0.16778129,-0.16581670
2020-12-29,0.00000000,0.00000000,0.00000000,412.87349026,498.46890299,455.67119663,206.43674513,249.23445150,0.45303883,-0.24291452,-0.16778129,-0.16581670
2020-12-30,0.00000000,0.00000000,0.00000000,412.87349026,498.46890299,455.67119663,206.43674513,249.23445150,0.45303883,-0.24291452,-0.16778129,-0.16581670
2020-12-31,-0.00837700,-0.04576717,-0.02882797,409.41485049,475.65539413,442.53512231,204.70742524,237.82769706,0.46257893,-0.24925663,-0.20586958,-0.18986451
2021-01-01,-0.00785086,0.00000000,-0.00363164,406.20059106,475.65539413,440.92799259,203.10029553,237.82769706,0.46062010,-0.25515061,-0.20586958,-0.19280663
2021-01-02,0.00173546,0.00215593,0.00196226,406.90553766,476.68087499,441.79320633,203.45276883,238.34043750,0.46051584,-0.25385795,-0.20415749,-0.19122271
2021-01-03,-0.00766544,0.03855951,0.01727219,403.78642673,495.06145564,449.42394119,201.89321337,247.53072782,0.44922665,-0.25957746,-0.17347019,-0.17725336
2021-01-04,0.00000000,0.03653001,0.02011976,403.78642673,513.14605576,458.46624125,201.89321337,256.57302788,0.44036659,-0.25957746,-0.14327705,-0.16069990
2021-01-05,0.00000000,-0.01515069,-0.00847883,403.78642673,505.37154059,454.57898366,201.89321337,252.68577030,0.44413231,-0.25957746,-0.15625699,-0.16781618
2021-01-06,0.00000000,0.00000000,0.00000000,403.78642673,505.37154059,454.57898366,201.89321337,252.68577030,0.44413231,-0.25957746,-0.15625699,-0.16781618
2021-01-07,0.00000000,0.00000000,0.00000000,403.78642673,505.37154059,454.57898366,201.89321337,252.68577030,0.44413231,-0.25957746,-0.15625699,-0.16781618
2021-01-08,0.00000000,0.00000000,0.00000000,403.78642673,505.37154059,454.57898366,201.89321337,252.68577030,0.44413231,-0.25957746,-0.15625699,-0.16781618
2021-01-09,0.00000000,0.00000000,0.00000000,403.78642673,505.37154059,454.57898366,201.89321337,252.68577030,0.44413231,-0.25957746,-0.15625699,-0.16781618
2021-01-10,0.00000000,0.00000000,0.00000000,403.78642673,505.37154059,454.57898366,201.89321337,252.68577030,0.44413231,-0.25957746,-0.15625699,-0.16781618
2021-01-11,0.00000000,0.00000000,0.00000000,403.78642673,505.37154059,454.57898366,201.89321337,252.68577030,0.44413231,-0.25957746,-0.15625699,-0.16781618
2021-01-12,0.00000000,0.00000000,0.00000000,403.78642673,505.37154059,454.57898366,201.89321337,252.68577030,0.44413231,-0.25957746,-0.15625699,-0.16781618
2021-01-13,0.00000000,0.00000000,0.00000000,403.78642673,505.37154059,454.57898366,201.89321337,252.68577030,0.44413231,-0.25957746,-0.15625699,-0.16781618
2021-01-14,0.00000000,0.00000000,0.00000000,403.78642673,505.37154059,454.57898366,201.89321337,252.68577030,0.44413231,-0.25957746,-0.15625699,-0.16781618
2021-01-15,0.00000000,0.00000000,0.00000000,403.78642673,505.37154059,454.57898366,201.89321337,252.68577030,0.44413231,-0.25957746,-0.15625699,-0.16781618
2021-01-16,0.00000000,-0.01785469,-0.00992485,403.78642673,496.34828738,450.06735706,201.89321337,248.17414369,0.44858444,-0.25957746,-0.17132176,-0.17607548
2021-01-17,0.00000000,0.00000000,0.00000000,403.78642673,496.34828738,450.06735706,201.89321337,248.17414369,0.44858444,-0.25957746,-0.17132176,-0.17607548
2021-01-18,-0.01015120,0.00000000,-0.00455367,399.68751166,496.34828738,448.01789952,199.84375583,248.17414369,0.44606199,-0.26709363,-0.17132176,-0.17982736
2021-01-19,0.00000000,0.01229275,0.00680942,399.68751166,502.44977283,451.06864225,199.84375583,251.22488642,0.44304511,-0.26709363,-0.16113503,-0.17424245
2021-01-20,0.00000000,0.00913462,0.00508757,399.68751166,507.03946243,453.36348705,199.84375583,253.51973121,0.44080249,-0.26709363,-0.15347231,-0.17004135
2021-01-21,0.00000000,-0.01896127,-0.01060309,399.68751166,497.42535052,448.55643109,199.84375583,248.71267526,0.44552645,-0.26709363,-0.16952355,-0.17884148
2021-01-22,0.00000000,0.00000000,0.00000000,399.68751166,497.42535052,448.55643109,199.84375583,248.71267526,0.44552645,-0.26709363,-0.16952355,-0.17884148
2021-01-23,0.00000000,0.00000000,0.00000000,399.68751166,497.42535052,448.55643109,199.84375583,248.71267526,0.44552645,-0.26709363,-0.16952355,-0.17884148
2021-01-24,0.00000000,0.00385149,0.00213555,399.68751166,499.34117913,449.51434540,199.84375583,249.67058956,0.44457704,-0.26709363,-0.16632498,-0.17708786
2021-01-25,-0.00186919,0.02360538,0.01227997,398.94042095,511.12831518,455.03436806,199.47021047,255.56415759,0.43836296,-0.26846357,-0.14664577,-0.16698252
2021-01-26,0.00000000,0.00000000,0.00000000,398.94042095,511.12831518,455.03436806,199.47021047,255.56415759,0.43836296,-0.26846357,-0.14664577,-0.16698252
2021-01-27,0.00000000,0.00000000,0.00000000,398.94042095,511.12831518,455.03436806,199.47021047,255.56415759,0.43836296,-0.26846357,-0.14664577,-0.16698252
2021-01-28,0.00000000,0.00000000,0.00000000,398.94042095,511.12831518,455.03436806,199.47021047,255.56415759,0.43836296,-0.26846357,-0.14664577,-0.16698252
2021-01-29,-0.01587479,-0.01353195,-0.01455896,392.60732609,504.21175260,448.40953935,196.30366305,252.10587630,0.43777762,-0.28007656,-0.15819331,-0.17911039
2021-01-30,0.00000000,0.00000000,0.00000000,392.60732609,504.21175260,448.40953935,196.30366305,252.10587630,0.43777762,-0.28007656,-0.15819331,-0.17911039
2021-01-31,0.00000000,0.00000000,0.00000000,392.60732609,504.21175260,448.40953935,196.30366305,252.10587630,0.43777762,-0.28007656,-0.15819331,-0.17911039
2021-02-01,0.00000000,0.00000000,0.00000000,392.60732609,504.21175260,448.40953935,196.30366305,252.10587630,0.43777762,-0.28007656,-0.15819331,-0.17911039
2021-02-02,0.00203785,-0.00603665,-0.00250181,393.40740133,501.16800410,447.28770271,196.70370067,250.58400205,0.43976997,-0.27860946,-0.16327500,-0.18116410
2021-02-03,-0.00829992,0.00598304,-0.00029818,390.14214978,504.16651275,447.15433126,195.07107489,252.08325637,0.43625000,-0.28459695,-0.15826884,-0.18140826
2021-02-04,0.00000000,0.00000000,0.00000000,390.14214978,504.16651275,447.15433126,195.07107489,252.08325637,0.43625000,-0.28459695,-0.15826884,-0.18140826
2021-02-05,0.00000000,0.00000000,0.00000000,390.14214978,504.16651275,447.15433126,195.07107489,252.08325637,0.43625000,-0.28459695,-0.15826884,-0.18140826
2021-02-06,0.00000000,0.00000000,0.00000000,390.14214978,504.16651275,447.15433126,195.07107489,252.08325637,0.43625000,-0.28459695,-0.15826884,-0.18140826
2021-02-07,0.00000000,0.00000000,0.00000000,390.14214978,504.16651275,447.15433126,195.07107489,252.08325637,0.43625000,-0.28459695,-0.15826884,-0.18140826
2021-02-08,0.00000000,0.00000000,0.00000000,390.14214978,504.16651275,447.15433126,195.07107489,252.08325637,0.43625000,-0.28459695,-0.15826884,-0.18140826
2021-02-09,0.00000000,-0.00718257,-0.00404918,390.14214978,500.54529932,445.34372455,195.07107489,250.27264966,0.43802363,-0.28459695,-0.16431464,-0.18472289
2021-02-10,0.00000000,0.00000000,0.00000000,390.14214978,500.54529932,445.34372455,195.07107489,250.27264966,0.43802363,-0.28459695,-0.16431464,-0.18472289
2021-02-11,0.01669214,0.00000000,0.00731155,396.65445678,500.54529932,448.59987805,198.32722839,250.27264966,0.44210272,-0.27265534,-0.16431464,-0.17876195
2021-02-12,0.00000000,0.00786270,0.00438658,396.65445678,504.48093738,450.56769708,198.32722839,252.24046869,0.44017188,-0.27265534,-0.15774389,-0.17515952
2021-02-13,0.00000000,-0.00355021,-0.00198751,396.65445678,502.68992596,449.67219137,198.32722839,251.34496298,0.44104846,-0.27265534,-0.16073408,-0.17679889
2021-02-14,0.00359022,0.00000000,0.00158346,398.07853402,502.68992596,450.38422999,199.03926701,251.34496298,0.44193214,-0.27004401,-0.16073408,-0.17549539
2021-02-15,0.00000000,0.00000000,0.00000000,398.07853402,502.68992596,450.38422999,199.03926701,251.34496298,0.44193214,-0.27004401,-0.16073408,-0.17549539
2021-02-16,-0.01434078,0.00000000,-0.00633765,392.36977594,502.68992596,447.52985095,196.18488797,251.34496298,0.43837274,-0.28051215,-0.16073408,-0.18072081
2021-02-17,0.00000000,0.00000000,0.00000000,392.36977594,502.68992596,447.52985095,196.18488797,251.34496298,0.43837274,-0.28051215,-0.16073408,-0.18072081
2021-02-18,0.00000000,0.00000000,0.00000000,392.36977594,502.68992596,447.52985095,196.18488797,251.34496298,0.43837274,-0.28051215,-0.16073408,-0.18072081
2021-02-19,0.00385262,0.00000000,0.00168888,393.88142711,502.68992596,448.28567654,196.94071356,251.34496298,0.43931967,-0.27774024,-0.16073408,-0.17933714
2021-02-20,-0.00468415,-0.00496773,-0.00484315,392.03642761,500.19269968,446.11456365,196.01821381,250.09634984,0.43938986,-0.28112341,-0.16490332,-0.18331173
2021-02-21,0.00000000,0.00000000,0.00000000,392.03642761,500.19269968,446.11456365,196.01821381,250.09634984,0.43938986,-0.28112341,-0.16490332,-0.18331173
2021-02-22,0.00000000,0.02331363,0.01306986,392.03642761,511.85400565,451.94521663,196.01821381,255.92700282,0.43372118,-0.28112341,-0.14543419,-0.17263774
2021-02-23,0.00000000,0.10717004,0.06068812,392.03642761,566.70941944,479.37292353,196.01821381,283.35470972,0.40890548,-0.28112341,-0.05385034,-0.12242667
2021-02-24,0.00000000,-0.02205536,-0.01303680,392.03642761,554.21043938,473.12343350,196.01821381,277.10521969,0.41430671,-0.28112341,-0.07471801,-0.13386742
2021-02-25,0.00000000,0.07020603,0.04111920,392.03642761,593.11935224,492.57788993,196.01821381,296.55967612,0.39794359,-0.28112341,-0.00975764,-0.09825275
2021-02-26,0.00000000,0.01721063,0.01036177,392.03642761,603.32731046,497.68186904,196.01821381,301.66365523,0.39386248,-0.28112341,0.00000000,-0.08890905
2021-02-27,0.00000000,-0.00616494,-0.00373680,392.03642761,599.60783376,495.82213069,196.01821381,299.80391688,0.39533978,-0.28112341,-0.00616494,-0.09231361
2021-02-28,0.00000000,0.01784446,0.01078983,392.03642761,610.30751009,501.17196885,196.01821381,305.15375505,0.39111967,-0.28112341,0.00000000,-0.08251983
2021-03-01,0.00000000,-0.06782192,-0.04129543,392.03642761,568.91528339,480.47585550,196.01821381,284.45764170,0.40796683,-0.28112341,-0.06782192,-0.12040757
2021-03-02,0.00000000,0.04011549,0.02374970,392.03642761,591.73759687,491.88701224,196.01821381,295.86879843,0.39850252,-0.28112341,-0.03042714,-0.09951751
2021-03-03,0.01578839,-0.08438498,-0.04446564,398.22605234,541.80383203,470.01494219,199.11302617,270.90191602,0.42363127,-0.26977351,-0.11224453,-0.13955804
2021-03-04,0.00000000,0.00000000,0.00000000,398.22605234,541.80383203,470.01494219,199.11302617,270.90191602,0.42363127,-0.26977351,-0.11224453,-0.13955804
2021-03-05,0.00000000,0.00000000,0.00000000,398.22605234,541.80383203,470.01494219,199.11302617,270.90191602,0.42363127,-0.26977351,-0.11224453,-0.13955804
2021-03-06,0.00000000,0.00610506,0.00351876,398.22605234,545.11157543,471.66881388,199.11302617,272.55578771,0.42214584,-0.26977351,-0.10682473,-0.13653035
2021-03-07,0.00000000,0.00477207,0.00275756,398.22605234,547.71288415,472.96946824,199.11302617,273.85644207,0.42098495,-0.26977351,-0.10256244,-0.13414928
2021-03-08,0.01693903,-0.00467350,0.00442505,404.97161368,545.15314982,475.06238175,202.48580684,272.57657491,0.42622993,-0.25740418,-0.10675661,-0.13031785
2021-03-09,0.01704908,0.00000000,0.00726683,411.87600812,545.15314982,478.51457897,205.93800406,272.57657491,0.43036934,-0.24474361,-0.10675661,-0.12399802
2021-03-10,-0.00804783,-0.01223843,-0.01043492,408.56130147,538.48133190,473.52131668,204.28065073,269.24066595,0.43140751,-0.25082178,-0.11768850,-0.13313903
2021-03-11,0.00000000,0.00000000,0.00000000,408.56130147,538.48133190,473.52131668,204.28065073,269.24066595,0.43140751,-0.25082178,-0.11768850,-0.13313903
2021-03-12,0.00000000,0.00000000,0.00000000,408.56130147,538.48133190,473.52131668,204.28065073,269.24066595,0.43140751,-0.25082178,-0.11768850,-0.13313903
2021-03-13,0.00000000,-0.00598572,-0.00340343,408.56130147,535.25813509,471.90971828,204.28065073,267.62906755,0.43288079,-0.25082178,-0.12296977,-0.13608934
2021-03-14,0.00000000,0.00000000,0.00000000,408.56130147,535.25813509,471.90971828,204.28065073,267.62906755,0.43288079,-0.25082178,-0.12296977,-0.13608934
2021-03-15,0.00000000,0.00000000,0.00000000,408.56130147,535.25813509,471.90971828,204.28065073,267.62906755,0.43288079,-0.25082178,-0.12296977,-0.13608934
2021-03-16,0.00000000,0.00000000,0.00000000,408.56130147,535.25813509,471.90971828,204.28065073,267.62906755,0.43288079,-0.25082178,-0.12296977,-0.13608934
2021-03-17,0.00000000,0.00000000,0.00000000,408.56130147,535.25813509,471.90971828,204.28065073,267.62906755,0.43288079,-0.25082178,-0.12296977,-0.13608934
2021-03-18,0.00000000,0.00000000,0.00000000,408.56130147,535.25813509,471.90971828,204.28065073,267.62906755,0.43288079,-0.25082178,-0.12296977,-0.13608934
2021-03-19,0.00000000,-0.00722485,-0.00409735,408.56130147,531.39097433,469.97613790,204.28065073,265.69548716,0.43466175,-0.25082178,-0.12930618,-0.13962908
2021-03-20,0.00000000,0.00000000,0.00000000,408.56130147,531.39097433,469.97613790,204.28065073,265.69548716,0.43466175,-0.25082178,-0.12930618,-0.13962908
2021-03-21,0.00000000,0.00000000,0.00000000,408.56130147,531.39097433,469.97613790,204.28065073,265.69548716,0.43466175,-0.25082178,-0.12930618,-0.13962908
2021-03-22,0.03228009,0.05053573,0.04260070,421.74969681,558.24520398,489.99745040,210.87484841,279.12260199,0.43035907,-0.22663824,-0.08530504,-0.10297668
2021-03-23,-0.01688899,0.00692715,-0.00332234,414.62677225,562.11225474,488.36951349,207.31338612,281.05612737,0.42450108,-0.23969953,-0.07896881,-0.10595689
2021-03-24,0.00000000,0.04602700,0.02648849,414.62677225,587.98459430,501.30568328,207.31338612,293.99229715,0.41354685,-0.23969953,-0.03657651,-0.08227504
2021-03-25,0.00000000,-0.00198987,-0.00116697,414.62677225,586.81457895,500.72067560,207.31338612,293.40728947,0.41403001,-0.23969953,-0.03849360,-0.08334600
2021-03-26,0.00000000,-0.05782141,-0.03388161,414.62677225,552.88413362,483.75545293,207.31338612,276.44206681,0.42854997,-0.23969953,-0.09408925,-0.11440371
2021-03-27,0.00000000,-0.00748268,-0.00427598,414.62677225,548.74707932,481.68692579,207.31338612,274.37353966,0.43039031,-0.23969953,-0.10086789,-0.11819050
2021-03-28,0.00000000,0.01400664,0.00797832,414.62677225,556.43318020,485.52997622,207.31338612,278.21659010,0.42698370,-0.23969953,-0.08827407,-0.11115515
2021-03-29,0.00601069,0.01902518,0.01346820,417.11896408,567.01941969,492.06919189,208.55948204,283.50970984,0.42384178,-0.23512961,-0.07092833,-0.09918400
2021-03-30,0.00000000,0.01306197,0.00752576,417.11896408,574.42580888,495.77238648,208.55948204,287.21290444,0.42067587,-0.23512961,-0.05879282,-0.09240468
2021-03-31,0.00000000,0.01006229,0.00582933,417.11896408,580.20584996,498.66240702,208.55948204,290.10292498,0.41823783,-0.23512961,-0.04932212,-0.08711401
2021-04-01,0.00000000,0.02537362,0.01476141,417.11896408,594.92777269,506.02336839,208.55948204,297.46388635,0.41215386,-0.23512961,-0.02519998,-0.07363852
2021-04-02,0.00000000,0.08420055,0.04949697,417.11896408,645.02102003,531.06999206,208.55948204,322.51051002,0.39271562,-0.23512961,0.00000000,-0.02778643
2021-04-03,-0.01048061,-0.05868679,-0.03975547,412.74730212,607.16680747,509.95705479,206.37365106,303.58340373,0.40468830,-0.24314592,-0.05868679,-0.06643724
2021-04-04,0.00000000,0.03345656,0.01991708,412.74730212,627.48052048,520.11391130,206.37365106,313.74026024,0.39678549,-0.24314592,-0.02719369,-0.04784340
2021-04-05,0.00000000,0.00459370,0.00277099,412.74730212,630.36297739,521.55513975,206.37365106,315.18148869,0.39568904,-0.24314592,-0.02272491,-0.04520498
2021-04-06,0.00000000,0.00000000,0.00000000,412.74730212,630.36297739,521.55513975,206.37365106,315.18148869,0.39568904,-0.24314592,-0.02272491,-0.04520498
2021-04-07,0.01859479,0.02951364,0.02519317,420.42225203,648.96728244,534.69476724,210.21112602,324.48364122,0.39314229,-0.22907237,0.00000000,-0.02115067
2021-04-08,-0.03621990,-0.05207906,-0.04584416,405.19459880,615.16967541,510.18213710,202.59729940,307.58483770,0.39710779,-0.25699530,-0.05207906,-0.06602519
2021-04-09,0.00000000,0.00000000,0.00000000,405.19459880,615.16967541,510.18213710,202.59729940,307.58483770,0.39710779,-0.25699530,-0.05207906,-0.06602519
2021-04-10,-0.01229199,0.01909140,0.00662881,400.21395029,626.91412596,513.56403813,200.10697515,313.45706298,0.38964367,-0.26612830,-0.03398192,-0.05983405
2021-04-11,0.00000000,0.00000000,0.00000000,400.21395029,626.91412596,513.56403813,200.10697515,313.45706298,0.38964367,-0.26612830,-0.03398192,-0.05983405
2021-04-12,0.00000000,0.00000000,0.00000000,400.21395029,626.91412596,513.56403813,200.10697515,313.45706298,0.38964367,-0.26612830,-0.03398192,-0.05983405
2021-04-13,0.01733248,-0.01435246,-0.00200663,407.15064904,617.91636597,512.53350750,203.57532452,308.95818298,0.39719418,-0.25340849,-0.04784666,-0.06172061
2021-04-14,-0.01607445,-0.02247797,-0.01993453,400.60592525,604.02685867,502.31639196,200.30296263,302.01342934,0.39875856,-0.26540954,-0.06924914,-0.08042477
2021-04-15,0.00000000,0.00000000,0.00000000,400.60592525,604.02685867,502.31639196,200.30296263,302.01342934,0.39875856,-0.26540954,-0.06924914,-0.08042477
2021-04-16,0.00987601,0.00000000,0.00393814,404.56231141,604.02685867,504.29458504,202.28115571,302.01342934,0.40111705,-0.25815472,-0.06924914,-0.07680335
2021-04-17,0.02239500,-0.00954919,0.00326417,413.62248545,598.25889301,505.94068923,206.81124273,299.12944650,0.40876578,-0.24154109,-0.07813705,-0.07378988
2021-04-18,0.05853393,0.00000000,0.02392667,437.83343622,598.25889301,518.04616462,218.91671811,299.12944650,0.42258149,-0.19714551,-0.07813705,-0.05162876
2021-04-19,0.00863795,0.00000000,0.00365024,441.61541919,598.25889301,519.93715610,220.80770960,299.12944650,0.42468154,-0.19021049,-0.07813705,-0.04816698
2021-04-20,-0.01181669,0.00000000,-0.00501833,436.39698611,598.25889301,517.32793956,218.19849305,299.12944650,0.42177984,-0.19977953,-0.07813705,-0.05294359
2021-04-21,0.03988192,-0.00828136,0.01203294,453.80133553,593.30449806,523.55291680,226.90066776,296.65224903,0.43338631,-0.16786520,-0.08577133,-0.04154771
2021-04-22,-0.01676062,-0.01382408,-0.01509674,446.19534505,585.10260885,515.64897695,223.09767252,292.55130443,0.43265416,-0.18181229,-0.09840970,-0.05601721
2021-04-23,0.00000000,0.00000000,0.00000000,446.19534505,585.10260885,515.64897695,223.09767252,292.55130443,0.43265416,-0.18181229,-0.09840970,-0.05601721
2021-04-24,0.00000000,0.00000000,0.00000000,446.19534505,585.10260885,515.64897695,223.09767252,292.55130443,0.43265416,-0.18181229,-0.09840970,-0.05601721
2021-04-25,-0.02157844,0.00000000,-0.00933600,436.56714488,585.10260885,510.83487687,218.28357244,292.55130443,0.42730750,-0.19946751,-0.09840970,-0.06483024
2021-04-26,0.00977114,0.00000000,0.00417528,440.83290432,585.10260885,512.96775659,220.41645216,292.55130443,0.42968871,-0.19164539,-0.09840970,-0.06092564
2021-04-27,0.01883428,0.00000000,0.00809288,449.13567397,585.10260885,517.11914141,224.56783698,292.55130443,0.43426711,-0.17642061,-0.09840970,-0.05332583
2021-04-28,-0.00343979,-0.01028876,-0.00731448,447.59074123,579.08263131,513.33668627,223.79537062,289.54131566,0.43596216,-0.17925355,-0.10768594,-0.06025025
2021-04-29,-0.02383474,0.00000000,-0.01039104,436.92253291,579.08263131,508.00258211,218.46126646,289.54131566,0.43003968,-0.19881583,-0.10768594,-0.07001523
2021-04-30,0.07805318,0.00000000,0.03356597,471.02572820,579.08263131,525.05417976,235.51286410,289.54131566,0.44854964,-0.13628086,-0.10768594,-0.03879940
2021-05-01,0.00132707,0.00000000,0.00059526,471.65081343,579.08263131,525.36672237,235.82540672,289.54131566,0.44887770,-0.13513464,-0.10768594,-0.03822724
2021-05-02,-0.02125707,-0.00396265,-0.01172573,461.62489977,576.78792993,519.20641485,230.81244988,288.39396496,0.44454853,-0.15351914,-0.11122187,-0.04950472
2021-05-03,0.01866836,0.05365027,0.03809911,470.24268046,607.73275685,538.98771865,235.12134023,303.86637843,0.43622764,-0.13771673,-0.06353868,-0.01329169
2021-05-04,0.00000000,-0.03600235,-0.02029713,470.24268046,585.85294720,528.04781383,235.12134023,292.92647360,0.44526525,-0.13771673,-0.09725349,-0.03331904
2021-05-05,0.00000000,0.00000000,0.00000000,470.24268046,585.85294720,528.04781383,235.12134023,292.92647360,0.44526525,-0.13771673,-0.09725349,-0.03331904
2021-05-06,0.00000000,0.00000000,0.00000000,470.24268046,585.85294720,528.04781383,235.12134023,292.92647360,0.44526525,-0.13771673,-0.09725349,-0.03331904
2021-05-07,0.00000000,0.00000000,0.00000000,470.24268046,585.85294720,528.04781383,235.12134023,292.92647360,0.44526525,-0.13771673,-0.09725349,-0.03331904
2021-05-08,-0.00820119,0.02776979,0.01175316,466.38613011,602.12195864,534.25404437,233.19306505,301.06097932,0.43648348,-0.14478848,-0.07218442,-0.02195749
2021-05-09,0.00000000,0.00000000,0.00000000,466.38613011,602.12195864,534.25404437,233.19306505,301.06097932,0.43648348,-0.14478848,-0.07218442,-0.02195749
2021-05-10,0.00000000,0.00000000,0.00000000,466.38613011,602.12195864,534.25404437,233.19306505,301.06097932,0.43648348,-0.14478848,-0.07218442,-0.02195749
2021-05-11,0.00000000,0.00000000,0.00000000,466.38613011,602.12195864,534.25404437,233.19306505,301.06097932,0.43648348,-0.14478848,-0.07218442,-0.02195749
2021-05-12,0.00000000,0.00000000,0.00000000,466.38613011,602.12195864,534.25404437,233.19306505,301.06097932,0.43648348,-0.14478848,-0.07218442,-0.02195749
2021-05-13,0.00000000,0.00000000,0.00000000,466.38613011,602.12195864,534.25404437,233.19306505,301.06097932,0.43648348,-0.14478848,-0.07218442,-0.02195749
2021-05-14,0.00000000,0.00000000,0.00000000,466.38613011,602.12195864,534.25404437,233.19306505,301.06097932,0.43648348,-0.14478848,-0.07218442,-0.02195749
2021-05-15,0.00000000,0.00000000,0.00000000,466.38613011,602.12195864,534.25404437,233.19306505,301.06097932,0.43648348,-0.14478848,-0.07218442,-0.02195749
2021-05-16,0.00000000,0.00000000,0.00000000,466.38613011,602.12195864,534.25404437,233.19306505,301.06097932,0.43648348,-0.14478848,-0.07218442,-0.02195749
2021-05-17,0.00000000,0.00000000,0.00000000,466.38613011,602.12195864,534.25404437,233.19306505,301.06097932,0.43648348,-0.14478848,-0.07218442,-0.02195749
2021-05-18,0.00000000,0.00000000,0.00000000,466.38613011,602.12195864,534.25404437,233.19306505,301.06097932,0.43648348,-0.14478848,-0.07218442,-0.02195749
2021-05-19,0.00000000,0.00000000,0.00000000,466.38613011,602.12195864,534.25404437,233.19306505,301.06097932,0.43648348,-0.14478848,-0.07218442,-0.02195749
2021-05-20,0.00000000,0.00000000,0.00000000,466.38613011,602.12195864,534.25404437,233.19306505,301.06097932,0.43648348,-0.14478848,-0.07218442,-0.02195749
2021-05-21,0.00000000,0.00000000,0.00000000,466.38613011,602.12195864,534.25404437,233.19306505,301.06097932,0.43648348,-0.14478848,-0.07218442,-0.02195749
2021-05-22,0.00000000,0.00000000,0.00000000,466.38613011,602.12195864,534.25404437,233.19306505,301.06097932,0.43648348,-0.14478848,-0.07218442,-0.02195749
2021-05-23,0.00000000,0.00000000,0.00000000,466.38613011,602.12195864,534.25404437,233.19306505,301.06097932,0.43648348,-0.14478848,-0.07218442,-0.02195749
2021-05-24,0.00000000,0.00000000,0.00000000,466.38613011,602.12195864,534.25404437,233.19306505,301.06097932,0.43648348,-0.14478848,-0.07218442,-0.02195749
2021-05-25,0.00000000,0.00000000,0.00000000,466.38613011,602.12195864,534.25404437,233.19306505,301.06097932,0.43648348,-0.14478848,-0.07218442,-0.02195749
2021-05-26,-0.00624577,0.00000000,-0.00272618,463.47318948,602.12195864,532.79757406,231.73659474,301.06097932,0.43494304,-0.15012993,-0.07218442,-0.02462380
2021-05-27,-0.01049548,0.00000000,-0.00456493,458.60881787,602.12195864,530.36538825,229.30440893,301.06097932,0.43235176,-0.15904973,-0.07218442,-0.02907633
2021-05-28,0.00000000,0.00000000,0.00000000,458.60881787,602.12195864,530.36538825,229.30440893,301.06097932,0.43235176,-0.15904973,-0.07218442,-0.02907633
2021-05-29,0.00000000,0.00000000,0.00000000,458.60881787,602.12195864,530.36538825,229.30440893,301.06097932,0.43235176,-0.15904973,-0.07218442,-0.02907633
2021-05-30,0.00000000,0.00000000,0.00000000,458.60881787,602.12195864,530.36538825,229.30440893,301.06097932,0.43235176,-0.15904973,-0.07218442,-0.02907633
2021-05-31,0.00000000,0.00000000,0.00000000,458.60881787,602.12195864,530.36538825,229.30440893,301.06097932,0.43235176,-0.15904973,-0.07218442,-0.02907633
2021-06-01,0.00000000,0.00000000,0.00000000,458.60881787,602.12195864,530.36538825,229.30440893,301.06097932,0.43235176,-0.15904973,-0.07218442,-0.02907633
2021-06-02,0.00868664,-0.00696897,-0.00020024,462.59258806,597.92579017,530.25918911,231.29629403,298.96289508,0.43619479,-0.15174469,-0.07865033,-0.02927075
2021-06-03,0.01094807,0.00000000,0.00477549,467.65708414,597.92579017,532.79143715,233.82854207,298.96289508,0.43887444,-0.14245793,-0.07865033,-0.02463504
2021-06-04,0.00000000,0.00000000,0.00000000,467.65708414,597.92579017,532.79143715,233.82854207,298.96289508,0.43887444,-0.14245793,-0.07865033,-0.02463504
2021-06-05,0.00000000,0.00000000,0.00000000,467.65708414,597.92579017,532.79143715,233.82854207,298.96289508,0.43887444,-0.14245793,-0.07865033,-0.02463504
2021-06-06,0.00000000,0.00000000,0.00000000,467.65708414,597.92579017,532.79143715,233.82854207,298.96289508,0.43887444,-0.14245793,-0.07865033,-0.02463504
2021-06-07,0.00000000,0.00000000,0.00000000,467.65708414,597.92579017,532.79143715,233.82854207,298.96289508,0.43887444,-0.14245793,-0.07865033,-0.02463504
2021-06-08,0.00000000,0.00000000,0.00000000,467.65708414,597.92579017,532.79143715,233.82854207,298.96289508,0.43887444,-0.14245793,-0.07865033,-0.02463504
2021-06-09,0.00000000,0.00000000,0.00000000,467.65708414,597.92579017,532.79143715,233.82854207,298.96289508,0.43887444,-0.14245793,-0.07865033,-0.02463504
2021-06-10,0.00000000,0.00000000,0.00000000,467.65708414,597.92579017,532.79143715,233.82854207,298.96289508,0.43887444,-0.14245793,-0.07865033,-0.02463504
2021-06-11,0.00000000,0.00000000,0.00000000,467.65708414,597.92579017,532.79143715,233.82854207,298.96289508,0.43887444,-0.14245793,-0.07865033,-0.02463504
2021-06-12,0.00000000,0.00000000,0.00000000,467.65708414,597.92579017,532.79143715,233.82854207,298.96289508,0.43887444,-0.14245793,-0.07865033,-0.02463504
2021-06-13,0.00184262,0.00000000,0.00080868,468.51879684,597.92579017,533.22229351,234.25939842,298.96289508,0.43932784,-0.14087781,-0.07865033,-0.02384628
2021-06-14,0.02322711,-0.00787970,0.00578639,479.40113357,593.21431672,536.30772514,239.70056678,296.60715836,0.44694595,-0.12092289,-0.08591029,-0.01819788
2021-06-15,-0.00290452,-0.00752948,-0.00546237,478.00870273,588.74772069,533.37821171,239.00435137,294.37386035,0.44809545,-0.12347619,-0.09279291,-0.02356085
2021-06-16,0.00000000,0.00000000,0.00000000,478.00870273,588.74772069,533.37821171,239.00435137,294.37386035,0.44809545,-0.12347619,-0.09279291,-0.02356085
2021-06-17,0.00000000,0.00000000,0.00000000,478.00870273,588.74772069,533.37821171,239.00435137,294.37386035,0.44809545,-0.12347619,-0.09279291,-0.02356085
2021-06-18,0.00000000,0.00000000,0.00000000,478.00870273,588.74772069,533.37821171,239.00435137,294.37386035,0.44809545,-0.12347619,-0.09279291,-0.02356085
2021-06-19,0.00000000,0.00000000,0.00000000,478.00870273,588.74772069,533.37821171,239.00435137,294.37386035,0.44809545,-0.12347619,-0.09279291,-0.02356085
2021-06-20,0.00000000,0.00000000,0.00000000,478.00870273,588.74772069,533.37821171,239.00435137,294.37386035,0.44809545,-0.12347619,-0.09279291,-0.02356085
2021-06-21,0.00000000,0.10894544,0.06012749,478.00870273,652.88910238,565.44890255,239.00435137,326.44455119,0.42268072,-0.12347619,0.00000000,0.00000000
2021-06-22,0.00000000,0.00264510,0.00152707,478.00870273,654.61605935,566.31238104,239.00435137,327.30802968,0.42203625,-0.12347619,0.00000000,0.00000000
2021-06-23,0.00000000,-0.03774936,-0.02181776,478.00870273,629.90472329,553.95671301,239.00435137,314.95236165,0.43144951,-0.12347619,-0.03774936,-0.02181776
2021-06-24,0.00000000,-0.00943893,-0.00536651,478.00870273,623.95909686,550.98389979,239.00435137,311.97954843,0.43377738,-0.12347619,-0.04683197,-0.02706718
2021-06-25,0.00000000,0.08053635,0.04560150,478.00870273,674.21048585,576.10959429,239.00435137,337.10524293,0.41485918,-0.12347619,0.00000000,0.00000000
2021-06-26,0.00000000,-0.00858767,-0.00502499,478.00870273,668.42059145,573.21464709,239.00435137,334.21029572,0.41695437,-0.12347619,-0.00858767,-0.00502499
2021-06-27,0.00000000,-0.02075040,-0.01209843,478.00870273,654.55059586,566.27964930,239.00435137,327.27529793,0.42206064,-0.12347619,-0.02915987,-0.01706263
2021-06-28,0.00000000,0.00000000,0.00000000,478.00870273,654.55059586,566.27964930,239.00435137,327.27529793,0.42206064,-0.12347619,-0.02915987,-0.01706263
2021-06-29,-0.01633400,-0.01052793,-0.01297845,470.20090732,647.65953263,558.93021998,235.10045366,323.82976632,0.42062577,-0.13779333,-0.03938081,-0.02981963
2021-06-30,0.00000000,0.00879997,0.00509848,470.20090732,653.35891731,561.77991231,235.10045366,326.67945865,0.41849210,-0.13779333,-0.03092739,-0.02487319
2021-07-01,0.00000000,0.00000000,0.00000000,470.20090732,653.35891731,561.77991231,235.10045366,326.67945865,0.41849210,-0.13779333,-0.03092739,-0.02487319
2021-07-02,0.00000000,0.00000000,0.00000000,470.20090732,653.35891731,561.77991231,235.10045366,326.67945865,0.41849210,-0.13779333,-0.03092739,-0.02487319
2021-07-03,0.00000000,0.00000000,0.00000000,470.20090732,653.35891731,561.77991231,235.10045366,326.67945865,0.41849210,-0.13779333,-0.03092739,-0.02487319
2021-07-04,-0.00165797,0.00887232,0.00446547,469.42132884,659.15572379,564.28852632,234.71066442,329.57786190,0.41594088,-0.13922284,-0.02232947,-0.02051878
2021-07-05,0.00000000,0.00000000,0.00000000,469.42132884,659.15572379,564.28852632,234.71066442,329.57786190,0.41594088,-0.13922284,-0.02232947,-0.02051878
2021-07-06,0.00000000,0.00276937,0.00161747,469.42132884,660.98116768,565.20124826,234.71066442,330.49058384,0.41526919,-0.13922284,-0.01962194,-0.01893450
2021-07-07,0.00000000,0.00000000,0.00000000,469.42132884,660.98116768,565.20124826,234.71066442,330.49058384,0.41526919,-0.13922284,-0.01962194,-0.01893450
2021-07-08,0.00000000,0.00000000,0.00000000,469.42132884,660.98116768,565.20124826,234.71066442,330.49058384,0.41526919,-0.13922284,-0.01962194,-0.01893450
2021-07-09,0.00000000,0.00000000,0.00000000,469.42132884,660.98116768,565.20124826,234.71066442,330.49058384,0.41526919,-0.13922284,-0.01962194,-0.01893450
2021-07-10,0.00000000,0.00000000,0.00000000,469.42132884,660.98116768,565.20124826,234.71066442,330.49058384,0.41526919,-0.13922284,-0.01962194,-0.01893450
2021-07-11,0.00000000,0.00000000,0.00000000,469.42132884,660.98116768,565.20124826,234.71066442,330.49058384,0.41526919,-0.13922284,-0.01962194,-0.01893450
2021-07-12,0.00000000,0.00000000,0.00000000,469.42132884,660.98116768,565.20124826,234.71066442,330.49058384,0.41526919,-0.13922284,-0.01962194,-0.01893450
2021-07-13,0.00000000,0.00000000,0.00000000,469.42132884,660.98116768,565.20124826,234.71066442,330.49058384,0.41526919,-0.13922284,-0.01962194,-0.01893450
2021-07-14,0.00000000,0.00000000,0.00000000,469.42132884,660.98116768,565.20124826,234.71066442,330.49058384,0.41526919,-0.13922284,-0.01962194,-0.01893450
2021-07-15,0.00000000,0.00000000,0.00000000,469.42132884,660.98116768,565.20124826,234.71066442,330.49058384,0.41526919,-0.13922284,-0.01962194,-0.01893450
2021-07-16,0.00000000,0.00000000,0.00000000,469.42132884,660.98116768,565.20124826,234.71066442,330.49058384,0.41526919,-0.13922284,-0.01962194,-0.01893450
2021-07-17,0.00000000,0.00000000,0.00000000,469.42132884,660.98116768,565.20124826,234.71066442,330.49058384,0.41526919,-0.13922284,-0.01962194,-0.01893450
2021-07-18,-0.01249964,0.00000000,-0.00519071,463.55373242,660.98116768,562.26745005,231.77686621,330.49058384,0.41221818,-0.14998224,-0.01962194,-0.02402693
2021-07-19,-0.00205364,0.00009953,-0.00078805,462.60175883,661.04695650,561.82435766,231.30087941,330.52347825,0.41169607,-0.15172788,-0.01952436,-0.02479604
2021-07-20,0.03394601,0.00408002,0.01637573,478.30524199,663.74404339,571.02464269,239.15262099,331.87202169,0.41881314,-0.12293242,-0.01552400,-0.00882636
2021-07-21,-0.02762054,-0.02790117,-0.02778364,465.09419412,645.22480872,555.15950142,232.54709706,322.61240436,0.41888340,-0.14715750,-0.04299203,-0.03636477
2021-07-22,0.00000000,0.00000000,0.00000000,465.09419412,645.22480872,555.15950142,232.54709706,322.61240436,0.41888340,-0.14715750,-0.04299203,-0.03636477
2021-07-23,0.00000000,0.00000000,0.00000000,465.09419412,645.22480872,555.15950142,232.54709706,322.61240436,0.41888340,-0.14715750,-0.04299203,-0.03636477
2021-07-24,0.00000000,0.00000000,0.00000000,465.09419412,645.22480872,555.15950142,232.54709706,322.61240436,0.41888340,-0.14715750,-0.04299203,-0.03636477
2021-07-25,0.00000000,0.00000000,0.00000000,465.09419412,645.22480872,555.15950142,232.54709706,322.61240436,0.41888340,-0.14715750,-0.04299203,-0.03636477
2021-07-26,0.06181035,0.04223152,0.05043277,493.84182818,672.47363327,583.15773072,246.92091409,336.23681663,0.42342046,-0.09444301,-0.00257613,0.00000000
2021-07-27,0.00000000,0.00000000,0.00000000,493.84182818,672.47363327,583.15773072,246.92091409,336.23681663,0.42342046,-0.09444301,-0.00257613,0.00000000
2021-07-28,0.00000000,0.00000000,0.00000000,493.84182818,672.47363327,583.15773072,246.92091409,336.23681663,0.42342046,-0.09444301,-0.00257613,0.00000000
2021-07-29,0.00000000,0.00352305,0.00203132,493.84182818,674.84279307,584.34231063,246.92091409,337.42139654,0.42256210,-0.09444301,0.00000000,0.00000000
2021-07-30,-0.01717612,-0.00950211,-0.01274485,485.35953962,668.43036589,576.89495276,242.67976981,334.21518294,0.42066544,-0.10999697,-0.00950211,-0.01274485
2021-07-31,0.00000000,0.01480866,0.00857917,485.35953962,678.32892607,581.84423284,242.67976981,339.16446303,0.41708718,-0.10999697,0.00000000,-0.00427502
2021-08-01,0.01790602,0.00371010,0.00963104,494.05039747,680.84559491,587.44799619,247.02519873,340.42279745,0.42050565,-0.09406056,0.00000000,0.00000000
2021-08-02,0.01630209,0.00000000,0.00685512,502.10445089,680.84559491,591.47502290,251.05222544,340.42279745,0.42445110,-0.07929185,0.00000000,0.00000000
2021-08-03,0.02354415,-0.00635544,0.00633547,513.92607199,676.51852105,595.22229652,256.96303599,338.25926052,0.43170936,-0.05761456,-0.00635544,0.00000000
2021-08-04,-0.01616832,-0.00873392,-0.01194342,505.61675164,670.60986446,588.11330805,252.80837582,335.30493223,0.42986338,-0.07285135,-0.01503385,-0.01194342
2021-08-05,-0.01701604,-0.01647213,-0.01670594,497.01315527,659.56348946,578.28832237,248.50657764,329.78174473,0.42972782,-0.08862775,-0.03125834,-0.02844983
2021-08-06,0.02702922,0.02285740,0.02465015,510.44703548,674.63939400,592.54321474,255.22351774,337.31969700,0.43072558,-0.06399407,-0.00911543,-0.00450098
2021-08-07,0.04099999,0.09297422,0.07058759,531.37535640,737.36346622,634.36941131,265.68767820,368.68173311,0.41882170,-0.02561784,0.00000000,0.00000000
2021-08-08,-0.01691970,-0.04699438,-0.03439845,522.38464458,702.71152650,612.54808554,261.19232229,351.35576325,0.42640297,-0.04210409,-0.04699438,-0.03439845
2021-08-09,0.05553124,0.04938151,0.05200377,551.39330995,737.41248217,644.40289606,275.69665498,368.70624108,0.42783274,0.00000000,0.00000000,0.00000000
2021-08-10,-0.01476398,-0.00596966,-0.00973215,543.25255238,733.01038340,638.13146789,271.62627619,366.50519170,0.42565880,-0.01476398,-0.00596966,-0.00973215
2021-08-11,0.00234626,0.00599914,0.00444426,544.52716484,737.40781398,640.96748941,272.26358242,368.70390699,0.42476972,-0.01245235,-0.00000633,-0.00533115
2021-08-12,0.00000000,-0.03625497,-0.02085496,544.52716484,710.67311658,627.60014071,272.26358242,355.33655829,0.43381696,-0.01245235,-0.03626107,-0.02607492
2021-08-13,0.00420503,0.09076604,0.05321441,546.81691635,775.17810151,660.99750893,273.40845817,387.58905076,0.41363009,-0.00829969,0.00000000,0.00000000
2021-08-14,-0.03629139,-0.01521568,-0.02393323,526.97217150,763.38323874,645.17770512,263.48608575,381.69161937,0.40839304,-0.04428987,-0.01521568,-0.02393323
2021-08-15,0.00000000,0.00000000,0.00000000,526.97217150,763.38323874,645.17770512,263.48608575,381.69161937,0.40839304,-0.04428987,-0.01521568,-0.02393323
2021-08-16,-0.00404579,0.02536194,0.01335203,524.84015424,782.74412218,653.79213821,262.42007712,391.37206109,0.40138151,-0.04815647,0.00000000,-0.01090075
2021-08-17,0.02620119,-0.04281462,-0.01511295,538.59159112,749.23123111,643.91141112,269.29579556,374.61561556,0.41821870,-0.02321704,-0.04281462,-0.02584896
2021-08-18,-0.02427481,-0.03327557,-0.02951128,525.51737991,724.30013745,624.90875868,262.75868995,362.15006873,0.42047529,-0.04692826,-0.07466550,-0.05459741
2021-08-19,0.00000000,0.00000000,0.00000000,525.51737991,724.30013745,624.90875868,262.75868995,362.15006873,0.42047529,-0.04692826,-0.07466550,-0.05459741
2021-08-20,0.00000000,0.00000000,0.00000000,525.51737991,724.30013745,624.90875868,262.75868995,362.15006873,0.42047529,-0.04692826,-0.07466550,-0.05459741
2021-08-21,0.00000000,0.00000000,0.00000000,525.51737991,724.30013745,624.90875868,262.75868995,362.15006873,0.42047529,-0.04692826,-0.07466550,-0.05459741
2021-08-22,0.00000000,-0.01591793,-0.00922483,525.51737991,712.77078173,619.14408082,262.75868995,356.38539086,0.42439022,-0.04692826,-0.08939491,-0.06331859
2021-08-23,0.00000000,-0.01835661,-0.01056625,525.51737991,699.68672511,612.60205251,262.75868995,349.84336256,0.42892231,-0.04692826,-0.10611053,-0.07321579
2021-08-24,0.00000000,-0.01853361,-0.01058413,525.51737991,686.71900772,606.11819381,262.75868995,343.35950386,0.43351065,-0.04692826,-0.12267753,-0.08302500
2021-08-25,0.00000000,-0.02104524,-0.01192190,525.51737991,672.26684267,598.89211129,262.75868995,336.13342134,0.43874128,-0.04692826,-0.14114099,-0.09395708
2021-08-26,0.00000000,0.01076297,0.00604081,525.51737991,679.50242799,602.50990395,262.75868995,339.75121399,0.43610684,-0.04692826,-0.13189712,-0.08848385
2021-08-27,0.00000000,0.00000000,0.00000000,525.51737991,679.50242799,602.50990395,262.75868995,339.75121399,0.43610684,-0.04692826,-0.13189712,-0.08848385
2021-08-28,0.00000000,0.00000000,0.00000000,525.51737991,679.50242799,602.50990395,262.75868995,339.75121399,0.43610684,-0.04692826,-0.13189712,-0.08848385
2021-08-29,-0.01163304,-0.01239104,-0.01206047,519.40401498,671.08268746,595.24335122,259.70200749,335.54134373,0.43629552,-0.05801538,-0.14265381,-0.09947716
2021-08-30,0.01667935,0.00000000,0.00727712,528.06733390,671.08268746,599.57501068,264.03366695,335.54134373,0.44036803,-0.04230370,-0.14265381,-0.09292395
2021-08-31,-0.00313964,-0.01410857,-0.00927821,526.40939380,661.61466775,594.01203077,263.20469690,330.80733387,0.44309658,-0.04531052,-0.15474975,-0.10133999
2021-09-01,-0.02383056,0.11600298,0.05404322,513.86476389,738.36394319,626.11435354,256.93238194,369.18197159,0.41036015,-0.06806130,-0.05669820,-0.05277351
2021-09-02,-0.00051760,-0.01071814,-0.00653224,513.59878866,730.45005482,622.02442174,256.79939433,365.22502741,0.41284455,-0.06854367,-0.06680864,-0.05896102
2021-09-03,0.00000000,-0.00050229,-0.00029492,513.59878866,730.08315653,621.84097260,256.79939433,365.04157827,0.41296635,-0.06854367,-0.06727737,-0.05923855
2021-09-04,0.00000000,-0.01336006,-0.00784281,513.59878866,720.32920140,616.96399503,256.79939433,360.16460070,0.41623076,-0.06854367,-0.07973860,-0.06661676
2021-09-05,0.00000000,0.01667710,0.00973558,513.59878866,732.34220147,622.97049507,256.79939433,366.17110074,0.41221759,-0.06854367,-0.06439131,-0.05752974
2021-09-06,0.00000000,-0.00595663,-0.00350120,513.59878866,727.97990779,620.78934823,256.79939433,363.98995390,0.41366592,-0.06854367,-0.06996439,-0.06082952
2021-09-07,0.07552128,0.08777338,0.08270510,552.38642498,791.87716434,672.13179466,276.19321249,395.93858217,0.41092121,0.00000000,0.00000000,0.00000000
2021-09-08,0.01420481,-0.01507700,-0.00304449,560.23296920,779.93802885,670.08549903,280.11648460,389.96901443,0.41803096,0.00000000,-0.01507700,-0.00304449
2021-09-09,-0.01085147,0.01759815,0.00570533,554.15361801,793.66349472,673.90855636,277.07680901,396.83174736,0.41114897,-0.01085147,0.00000000,0.00000000
2021-09-10,0.00000000,0.05044787,0.02970628,554.15361801,833.70212587,693.92787194,277.07680901,416.85106294,0.39928762,-0.01085147,0.00000000,0.00000000
2021-09-11,0.00000000,-0.01296925,-0.00779079,554.15361801,822.88963859,688.52162830,277.07680901,411.44481929,0.40242281,-0.01085147,-0.01296925,-0.00779079
2021-09-12,0.00000000,-0.03417839,-0.02042422,554.15361801,794.76459830,674.45910816,277.07680901,397.38229915,0.41081335,-0.01085147,-0.04670436,-0.02805589
2021-09-13,0.00000000,0.00000000,0.00000000,554.15361801,794.76459830,674.45910816,277.07680901,397.38229915,0.41081335,-0.01085147,-0.04670436,-0.02805589
2021-09-14,-0.00405983,0.00000000,-0.00166783,551.90385093,794.76459830,673.33422462,275.95192546,397.38229915,0.40982905,-0.01486724,-0.04670436,-0.02967693
2021-09-15,0.00000000,0.00000000,0.00000000,551.90385093,794.76459830,673.33422462,275.95192546,397.38229915,0.40982905,-0.01486724,-0.04670436,-0.02967693
2021-09-16,0.00000000,-0.00828286,-0.00488830,551.90385093,788.18167606,670.04276349,275.95192546,394.09083803,0.41184226,-0.01486724,-0.05460038,-0.03442016
2021-09-17,-0.01358483,0.00000000,-0.00559481,544.40633120,788.18167606,666.29400363,272.20316560,394.09083803,0.40853312,-0.02825010,-0.05460038,-0.03982239
2021-09-18,0.00000000,0.00000000,0.00000000,544.40633120,788.18167606,666.29400363,272.20316560,394.09083803,0.40853312,-0.02825010,-0.05460038,-0.03982239
2021-09-19,0.00151943,0.00000000,0.00062074,545.23352055,788.18167606,666.70759831,272.61676028,394.09083803,0.40890003,-0.02677359,-0.05460038,-0.03922637
2021-09-20,0.08878346,0.00000000,0.03630356,593.64123862,788.18167606,690.91145734,296.82061931,394.09083803,0.42960732,0.00000000,-0.05460038,-0.00434687
2021-09-21,0.04725815,0.00000000,0.02030245,621.69562534,788.18167606,704.93865070,310.84781267,394.09083803,0.44095726,0.00000000,-0.05460038,0.00000000
2021-09-22,-0.06265555,0.00000000,-0.02762842,582.74294416,788.18167606,685.46231011,291.37147208,394.09083803,0.42507293,-0.06265555,-0.05460038,-0.02762842
2021-09-23,0.00000000,0.00000000,0.00000000,582.74294416,788.18167606,685.46231011,291.37147208,394.09083803,0.42507293,-0.06265555,-0.05460038,-0.02762842
2021-09-24,0.00000000,0.00000000,0.00000000,582.74294416,788.18167606,685.46231011,291.37147208,394.09083803,0.42507293,-0.06265555,-0.05460038,-0.02762842
2021-09-25,0.00000000,0.00000000,0.00000000,582.74294416,788.18167606,685.46231011,291.37147208,394.09083803,0.42507293,-0.06265555,-0.05460038,-0.02762842
2021-09-26,0.00000000,0.00000000,0.00000000,582.74294416,788.18167606,685.46231011,291.37147208,394.09083803,0.42507293,-0.06265555,-0.05460038,-0.02762842
2021-09-27,0.00000000,0.00000000,0.00000000,582.74294416,788.18167606,685.46231011,291.37147208,394.09083803,0.42507293,-0.06265555,-0.05460038,-0.02762842
2021-09-28,0.00000000,0.00000000,0.00000000,582.74294416,788.18167606,685.46231011,291.37147208,394.09083803,0.42507293,-0.06265555,-0.05460038,-0.02762842
2021-09-29,0.00000000,0.00000000,0.00000000,582.74294416,788.18167606,685.46231011,291.37147208,394.09083803,0.42507293,-0.06265555,-0.05460038,-0.02762842
2021-09-30,-0.00494936,0.00000000,-0.00210384,579.85874038,788.18167606,684.02020822,289.92937019,394.09083803,0.42386083,-0.06729480,-0.05460038,-0.02967413
2021-10-01,0.02905584,0.03774090,0.03405964,596.70702335,817.92835989,707.31769162,298.35351168,408.96417995,0.42180977,-0.04019427,-0.01892015,0.00000000
2021-10-02,0.00000000,0.00000000,0.00000000,596.70702335,817.92835989,707.31769162,298.35351168,408.96417995,0.42180977,-0.04019427,-0.01892015,0.00000000
2021-10-03,0.00000000,0.00000000,0.00000000,596.70702335,817.92835989,707.31769162,298.35351168,408.96417995,0.42180977,-0.04019427,-0.01892015,0.00000000
2021-10-04,0.00000000,0.00000000,0.00000000,596.70702335,817.92835989,707.31769162,298.35351168,408.96417995,0.42180977,-0.04019427,-0.01892015,0.00000000
2021-10-05,-0.00962858,-0.00459530,-0.00671838,590.96158416,814.16973688,702.56566052,295.48079208,407.08486844,0.42057392,-0.04943583,-0.02342850,-0.00671838
2021-10-06,0.03414069,0.00000000,0.01435868,611.13741973,814.16973688,712.65357830,305.56870987,407.08486844,0.42877594,-0.01698292,-0.02342850,0.00000000
2021-10-07,0.00000000,-0.01665587,-0.00951423,611.13741973,800.60903315,705.87322644,305.56870987,400.30451658,0.43289460,-0.01698292,-0.03969414,-0.00951423
2021-10-08,0.00000000,0.00000000,0.00000000,611.13741973,800.60903315,705.87322644,305.56870987,400.30451658,0.43289460,-0.01698292,-0.03969414,-0.00951423
2021-10-09,0.00000000,0.00000000,0.00000000,611.13741973,800.60903315,705.87322644,305.56870987,400.30451658,0.43289460,-0.01698292,-0.03969414,-0.00951423
2021-10-10,-0.00547780,0.00000000,-0.00237131,607.78973215,800.60903315,704.19938265,303.89486607,400.30451658,0.43154662,-0.02236769,-0.03969414,-0.01186298
2021-10-11,0.00000000,0.00000000,0.00000000,607.78973215,800.60903315,704.19938265,303.89486607,400.30451658,0.43154662,-0.02236769,-0.03969414,-0.01186298
2021-10-12,0.00000000,0.00000000,0.00000000,607.78973215,800.60903315,704.19938265,303.89486607,400.30451658,0.43154662,-0.02236769,-0.03969414,-0.01186298
2021-10-13,0.00000000,-0.01211512,-0.00688688,607.78973215,790.90955934,699.34964574,303.89486607,395.45477967,0.43453924,-0.02236769,-0.05132836,-0.01866816
2021-10-14,0.00000000,0.02111133,0.01193763,607.78973215,807.60671226,707.69822220,303.89486607,403.80335613,0.42941307,-0.02236769,-0.03130064,-0.00695339
2021-10-15,0.05053251,0.02062996,0.03347050,638.50287478,824.26760308,731.38523893,319.25143739,412.13380154,0.43650243,0.00000000,-0.01131642,0.00000000
2021-10-16,-0.01277102,-0.00366028,-0.00763714,630.34854280,821.25055670,725.79954975,315.17427140,410.62527835,0.43424424,-0.01277102,-0.01493527,-0.00763714
2021-10-17,-0.02746612,-0.01733982,-0.02173711,613.03531510,807.01022172,710.02276841,306.51765755,403.50511086,0.43170117,-0.03988637,-0.03201612,-0.02920823
2021-10-18,0.00153114,0.00000000,0.00066099,613.97395773,807.01022172,710.49208972,306.98697887,403.50511086,0.43207656,-0.03841630,-0.03201612,-0.02856654
2021-10-19,0.00000000,0.00000000,0.00000000,613.97395773,807.01022172,710.49208972,306.98697887,403.50511086,0.43207656,-0.03841630,-0.03201612,-0.02856654
2021-10-20,0.00000000,0.05702141,0.03238380,613.97395773,853.02708278,733.50052026,306.98697887,426.51354139,0.41852319,-0.03841630,0.00000000,0.00000000
2021-10-21,0.02059951,-0.00792150,0.00401520,626.62152223,846.26982787,736.44567505,313.31076112,423.13491394,0.42543635,-0.01860814,-0.00792150,0.00000000
2021-10-22,0.02338278,0.00000000,0.00994788,641.27367528,846.26982787,743.77175157,320.63683764,423.13491394,0.43109575,0.00000000,-0.00792150,0.00000000
2021-10-23,-0.00958193,0.00000000,-0.00413073,635.12903703,846.26982787,740.69943245,317.56451852,423.13491394,0.42873601,-0.00958193,-0.00792150,-0.00413073
2021-10-24,0.00651891,0.00000000,0.00279489,639.26938408,846.26982787,742.76960598,319.63469204,423.13491394,0.43032818,-0.00312548,-0.00792150,-0.00134738
2021-10-25,-0.02901575,0.00198699,-0.01135436,620.72050450,847.95135837,734.33593143,310.36025225,423.97567918,0.42264070,-0.03205054,-0.00595025,-0.01268645
2021-10-26,0.00000000,-0.03378776,-0.01950768,620.72050450,819.30098244,720.01074347,310.36025225,409.65049122,0.43104947,-0.03205054,-0.03953696,-0.03194664
2021-10-27,0.00000000,-0.02056080,-0.01169808,620.72050450,802.45550201,711.58800325,310.36025225,401.22775100,0.43615161,-0.03205054,-0.05928485,-0.04327100
2021-10-28,0.00000000,0.00000000,0.00000000,620.72050450,802.45550201,711.58800325,310.36025225,401.22775100,0.43615161,-0.03205054,-0.05928485,-0.04327100
2021-10-29,0.00000000,0.00000000,0.00000000,620.72050450,802.45550201,711.58800325,310.36025225,401.22775100,0.43615161,-0.03205054,-0.05928485,-0.04327100
2021-10-30,0.00000000,0.00000000,0.00000000,620.72050450,802.45550201,711.58800325,310.36025225,401.22775100,0.43615161,-0.03205054,-0.05928485,-0.04327100
2021-10-31,0.00000000,-0.01808293,-0.01019603,620.72050450,787.94475336,704.33262893,310.36025225,393.97237668,0.44064443,-0.03205054,-0.07629574,-0.05302584
2021-11-01,-0.01530544,-0.01880126,-0.01726085,611.22010356,773.13039578,692.17524967,305.61005178,386.56519789,0.44152121,-0.04686544,-0.09366254,-0.06937142
2021-11-02,0.00767749,0.00000000,0.00338977,615.91273982,773.13039578,694.52156780,307.95636991,386.56519789,0.44340793,-0.03954776,-0.09366254,-0.06621680
2021-11-03,-0.02180859,-0.01755657,-0.01944195,602.48054835,759.55687584,681.01871209,301.24027417,379.77843792,0.44233773,-0.06049387,-0.10957472,-0.08437137
2021-11-04,-0.00432537,0.00000000,-0.00191327,599.87459855,759.55687584,679.71573719,299.93729928,379.77843792,0.44126873,-0.06455758,-0.10957472,-0.08612321
2021-11-05,-0.01114566,0.00000000,-0.00491823,593.18859839,759.55687584,676.37273711,296.59429919,379.77843792,0.43850718,-0.07498371,-0.10957472,-0.09061787
2021-11-06,0.00000000,-0.01293385,-0.00726227,593.18859839,749.73287752,671.46073796,296.59429919,374.86643876,0.44171503,-0.07498371,-0.12109135,-0.09722205
2021-11-07,0.00000000,0.00000000,0.00000000,593.18859839,749.73287752,671.46073796,296.59429919,374.86643876,0.44171503,-0.07498371,-0.12109135,-0.09722205
2021-11-08,0.05701639,0.02597719,0.03968767,627.01006796,769.20883427,698.10945111,313.50503398,384.60441714,0.44907719,-0.02224262,-0.09825977,-0.06139289
2021-11-09,-0.00908156,-0.01574116,-0.01275049,621.31583861,757.10059524,689.20821693,310.65791931,378.55029762,0.45074610,-0.03112218,-0.11245421,-0.07336059
2021-11-10,0.00089744,-0.02198364,-0.01167008,621.87343101,740.45677056,681.16510078,310.93671550,370.22838528,0.45647775,-0.03025268,-0.13196570,-0.08417455
2021-11-11,0.00000000,0.00000000,0.00000000,621.87343101,740.45677056,681.16510078,310.93671550,370.22838528,0.45647775,-0.03025268,-0.13196570,-0.08417455
2021-11-12,0.00000000,0.00265684,0.00144405,621.87343101,742.42404395,682.14873748,310.93671550,371.21202198,0.45581953,-0.03025268,-0.12965947,-0.08285205
2021-11-13,0.00000000,0.00451365,0.00245624,621.87343101,745.77508549,683.82425825,310.93671550,372.88754274,0.45470267,-0.03025268,-0.12573106,-0.08059931
2021-11-14,-0.01256424,0.01111559,0.00034831,614.06006634,754.06481246,684.06243940,307.03003317,377.03240623,0.44883335,-0.04243681,-0.11601305,-0.08027908
2021-11-15,0.00000000,-0.01353139,-0.00745805,614.06006634,743.86126913,678.96066773,307.03003317,371.93063456,0.45220592,-0.04243681,-0.12797462,-0.08713840
2021-11-16,0.04220619,0.06371296,0.05398747,639.97720483,791.25486950,715.61603716,319.98860242,395.62743475,0.44715125,-0.00202171,-0.07241530,-0.03785532
2021-11-17,-0.00353334,-0.01630931,-0.01059652,637.71595049,778.35004500,708.03299775,318.85797525,389.17502250,0.45034338,-0.00554790,-0.08754357,-0.04805070
2021-11-18,0.05297170,0.06180215,0.05782542,671.49684607,826.45375393,748.97530000,335.74842303,413.22687696,0.44827703,0.00000000,-0.03115180,0.00000000
2021-11-19,-0.00739452,-0.02008520,-0.01439626,666.53145137,809.85426231,738.19285684,333.26572569,404.92713116,0.45146160,-0.00739452,-0.05061131,-0.01439626
2021-11-20,0.00000000,0.00000000,0.00000000,666.53145137,809.85426231,738.19285684,333.26572569,404.92713116,0.45146160,-0.00739452,-0.05061131,-0.01439626
2021-11-21,0.00000000,-0.00045000,-0.00024684,666.53145137,809.48982789,738.01063963,333.26572569,404.74491395,0.45157306,-0.00739452,-0.05103854,-0.01463955
2021-11-22,0.00000000,-0.00783637,-0.00429768,666.53145137,803.14636410,734.83890774,333.26572569,401.57318205,0.45352216,-0.00739452,-0.05847495,-0.01887431
2021-11-23,0.00000000,-0.01049563,-0.00573563,666.53145137,794.71683757,730.62414447,333.26572569,397.35841879,0.45613840,-0.00739452,-0.06835685,-0.02450168
2021-11-24,0.00000000,0.00000000,0.00000000,666.53145137,794.71683757,730.62414447,333.26572569,397.35841879,0.45613840,-0.00739452,-0.06835685,-0.02450168
2021-11-25,0.00983176,0.00000000,0.00448464,673.08463084,794.71683757,733.90073420,336.54231542,397.35841879,0.45856653,0.00000000,-0.06835685,-0.02012692
2021-11-26,0.03080642,0.05926809,0.04621652,693.81996120,841.81818842,767.81907481,346.90998060,420.90909421,0.45181214,0.00000000,-0.01314014,0.00000000
2021-11-27,-0.02667660,-0.01188116,-0.01856592,675.31120211,831.81641225,753.56380718,337.65560106,415.90820612,0.44807832,-0.02667660,-0.02486518,-0.01856592
2021-11-28,0.00131366,-0.04434593,-0.02388686,676.19833476,794.92873747,735.56353611,338.09916738,397.46436873,0.45964645,-0.02539798,-0.06810844,-0.04200930
2021-11-29,0.00000000,-0.02022226,-0.01092717,676.19833476,778.85348207,727.52590841,338.09916738,389.42674103,0.46472457,-0.02539798,-0.08695339,-0.05247742
2021-11-30,0.00000000,0.02501727,0.01339113,676.19833476,798.33827319,737.26830398,338.09916738,399.16913660,0.45858362,-0.02539798,-0.06411146,-0.03978902
2021-12-01,0.00000000,0.00000000,0.00000000,676.19833476,798.33827319,737.26830398,338.09916738,399.16913660,0.45858362,-0.02539798,-0.06411146,-0.03978902
2021-12-02,-0.02060710,0.00000000,-0.00945008,662.26384612,798.33827319,730.30105966,331.13192306,399.16913660,0.45341838,-0.04548171,-0.06411146,-0.04886309
2021-12-03,0.00000000,0.00000000,0.00000000,662.26384612,798.33827319,730.30105966,331.13192306,399.16913660,0.45341838,-0.04548171,-0.06411146,-0.04886309
2021-12-04,0.02158526,0.00000000,0.00978715,676.55898105,798.33827319,737.44862712,338.27949053,399.16913660,0.45871601,-0.02487818,-0.06411146,-0.03955417
2021-12-05,-0.00443798,0.00000000,-0.00203577,673.55642341,798.33827319,735.94734830,336.77821170,399.16913660,0.45761183,-0.02920576,-0.06411146,-0.04150942
2021-12-06,-0.02132268,0.00000000,-0.00975751,659.19439762,798.33827319,728.76633541,329.59719881,399.16913660,0.45226732,-0.04990569,-0.06411146,-0.05086190
2021-12-07,-0.02693768,0.00000000,-0.01218303,641.43722692,798.33827319,719.88775006,320.71861346,399.16913660,0.44551198,-0.07549903,-0.06411146,-0.06242529
2021-12-08,0.00000000,-0.00608506,-0.00337409,641.43722692,793.48033613,717.45878153,320.71861346,396.74016806,0.44702026,-0.07549903,-0.06980640,-0.06558875
2021-12-09,0.00000000,0.01377133,0.00761527,641.43722692,804.40761746,722.92242219,320.71861346,402.20380873,0.44364181,-0.07549903,-0.05699639,-0.05847296
2021-12-10,0.00000000,0.04919206,0.02736841,641.43722692,843.97808804,742.70765748,320.71861346,421.98904402,0.43182349,-0.07549903,-0.01060810,-0.03270486
2021-12-11,0.00000000,-0.04321291,-0.02455256,641.43722692,807.50733608,724.47228150,320.71861346,403.75366804,0.44269273,-0.07549903,-0.05336260,-0.05645444
2021-12-12,0.00000000,-0.01129432,-0.00629441,641.43722692,798.38709115,719.91215904,320.71861346,399.19354558,0.44549687,-0.07549903,-0.06405423,-0.06239350
2021-12-13,0.00000000,0.00000000,0.00000000,641.43722692,798.38709115,719.91215904,320.71861346,399.19354558,0.44549687,-0.07549903,-0.06405423,-0.06239350
2021-12-14,0.00000000,0.00000000,0.00000000,641.43722692,798.38709115,719.91215904,320.71861346,399.19354558,0.44549687,-0.07549903,-0.06405423,-0.06239350
2021-12-15,0.00000000,0.00000000,0.00000000,641.43722692,798.38709115,719.91215904,320.71861346,399.19354558,0.44549687,-0.07549903,-0.06405423,-0.06239350
2021-12-16,0.00000000,0.00000000,0.00000000,641.43722692,798.38709115,719.91215904,320.71861346,399.19354558,0.44549687,-0.07549903,-0.06405423,-0.06239350
2021-12-17,-0.00842059,-0.05166054,-0.03239728,636.03594970,757.14198314,696.58896642,318.01797485,378.57099157,0.45653605,-0.08328387,-0.11240569,-0.09276939
2021-12-18,0.00000000,0.00000000,0.00000000,636.03594970,757.14198314,696.58896642,318.01797485,378.57099157,0.45653605,-0.08328387,-0.11240569,-0.09276939
2021-12-19,0.00000000,0.00000000,0.00000000,636.03594970,757.14198314,696.58896642,318.01797485,378.57099157,0.45653605,-0.08328387,-0.11240569,-0.09276939
2021-12-20,0.00000000,0.00000000,0.00000000,636.03594970,757.14198314,696.58896642,318.01797485,378.57099157,0.45653605,-0.08328387,-0.11240569,-0.09276939
2021-12-21,0.01991545,0.00000000,0.00909212,648.70289288,757.14198314,702.92243801,324.35144644,378.57099157,0.46143277,-0.06502705,-0.11240569,-0.08452074
2021-12-22,-0.00635618,0.00000000,-0.00293295,644.57961837,757.14198314,700.86080076,322.28980919,378.57099157,0.45984853,-0.07096991,-0.11240569,-0.08720580
2021-12-23,0.04590800,-0.01649889,0.01219883,674.17098022,744.64997993,709.41048008,337.08549011,372.32498997,0.47516283,-0.02832000,-0.12705001,-0.07607078
2021-12-24,-0.00105981,0.00000000,-0.00050358,673.45648600,744.64997993,709.05323297,336.72824300,372.32498997,0.47489840,-0.02934980,-0.12705001,-0.07653605
2021-12-25,0.00000000,0.00000000,0.00000000,673.45648600,744.64997993,709.05323297,336.72824300,372.32498997,0.47489840,-0.02934980,-0.12705001,-0.07653605
2021-12-26,0.00000000,0.00000000,0.00000000,673.45648600,744.64997993,709.05323297,336.72824300,372.32498997,0.47489840,-0.02934980,-0.12705001,-0.07653605
2021-12-27,-0.01182012,0.00000000,-0.00561335,665.49615113,744.64997993,705.07306553,332.74807557,372.32498997,0.47193418,-0.04082300,-0.12705001,-0.08171978
2021-12-28,0.04469883,0.04683233,0.04582546,695.24305257,779.52367164,737.38336211,347.62152628,389.76183582,0.47142578,0.00000000,-0.08616773,-0.03963917
2021-12-29,0.02037683,0.03900736,0.03022445,709.40989913,809.93083288,759.67036600,354.70494956,404.96541644,0.46691956,0.00000000,-0.05052155,-0.01061280
2021-12-30,-0.01257327,-0.01826337,-0.01560655,700.49029514,795.13876650,747.81453082,350.24514757,397.56938325,0.46835831,-0.01257327,-0.06786223,-0.02605372
2021-12-31,-0.01443227,-0.03202745,-0.02378660,690.38062876,769.67249772,730.02656324,345.19031438,384.83624886,0.47284624,-0.02682408,-0.09771622,-0.04922059
2022-01-01,0.00000000,0.00000000,0.00000000,690.38062876,769.67249772,730.02656324,345.19031438,384.83624886,0.47284624,-0.02682408,-0.09771622,-0.04922059
2022-01-02,0.00000000,-0.01219978,-0.00643116,690.38062876,760.28266566,725.33164721,345.19031438,380.14133283,0.47590687,-0.02682408,-0.10872388,-0.05533521
2022-01-03,-0.01486595,-0.01658928,-0.01576913,680.11746668,747.67012363,713.89379516,340.05873334,373.83506182,0.47634359,-0.04129127,-0.12350951,-0.07023175
2022-01-04,0.00296215,0.00000000,0.00141100,682.13207647,747.67012363,714.90110005,341.06603824,373.83506182,0.47708143,-0.03845143,-0.12350951,-0.06891985
2022-01-05,0.00778484,0.00488204,0.00626691,687.44236296,751.32028268,719.38132282,343.72118148,375.66014134,0.47780109,-0.03096593,-0.11923045,-0.06308485
2022-01-06,0.00736924,0.03741136,0.02305720,692.50829009,779.42819785,735.96824397,346.25414505,389.71409893,0.47047430,-0.02382488,-0.08627966,-0.04148221
2022-01-07,0.03378506,0.05593660,0.04551487,715.90472481,823.02676274,769.46574378,357.95236241,411.51338137,0.46519597,0.00000000,-0.03516925,0.00000000
2022-01-08,-0.00958933,0.03018851,0.01168402,709.03967776,847.87271466,778.45619621,354.51983888,423.93635733,0.45541399,-0.00958933,-0.00604244,0.00000000
2022-01-09,0.00000000,-0.01759372,-0.00958129,709.03967776,832.95548155,770.99757965,354.51983888,416.47774077,0.45981965,-0.00958933,-0.02352985,-0.00958129
2022-01-10,-0.01995737,0.01747255,0.00026154,694.88911177,847.50934078,771.19922627,347.44455588,423.75467039,0.45052503,-0.02935532,-0.00646843,-0.00932226
2022-01-11,0.00000000,-0.00923313,-0.00507337,694.88911177,839.68417891,767.28664534,347.44455588,419.84208946,0.45282237,-0.02935532,-0.01564183,-0.01434834
2022-01-12,-0.00105987,0.04062024,0.02174656,694.15262082,873.79235416,783.97248749,347.07631041,436.89617708,0.44271491,-0.03038408,0.00000000,0.00000000
2022-01-13,-0.01461948,-0.01765698,-0.01631223,684.00447190,858.36382097,771.18414644,342.00223595,429.18191048,0.44347675,-0.04455936,-0.01765698,-0.01631223
2022-01-14,-0.01420449,-0.01651041,-0.01548779,674.28853651,844.19187981,759.24020816,337.14426825,422.09593991,0.44405481,-0.05813090,-0.03387587,-0.03154738
2022-01-15,0.00000000,-0.01286644,-0.00715304,674.28853651,833.33013303,753.80933477,337.14426825,416.66506652,0.44725404,-0.05813090,-0.04630645,-0.03847476
2022-01-16,-0.01051498,-0.01383918,-0.01235242,667.19840760,821.79752693,744.49796726,333.59920380,410.89876346,0.44808612,-0.06803464,-0.05950479,-0.05035192
2022-01-17,0.00000000,0.01445077,0.00797558,667.19840760,833.67313730,750.43577245,333.59920380,416.83656865,0.44454065,-0.06803464,-0.04591390,-0.04277792
2022-01-18,0.00000000,0.01507274,0.00837230,667.19840760,846.23887957,756.71864358,333.59920380,423.11943979,0.44084972,-0.06803464,-0.03153321,-0.03476378
2022-01-19,-0.00704326,0.01183461,0.00351230,662.49915251,856.25378297,759.37646774,331.24957625,428.12689149,0.43621259,-0.07459871,-0.02007178,-0.03137358
2022-01-20,0.02422262,0.03954028,0.03285852,678.54661820,890.11029448,784.32845634,339.27330910,445.05514724,0.43256534,-0.05218307,0.00000000,0.00000000
2022-01-21,0.09912962,0.13332685,0.11853431,745.81068368,1008.78589499,877.29828934,372.90534184,504.39294750,0.42506106,0.00000000,0.00000000,0.00000000
2022-01-22,0.02986782,0.04234330,0.03704046,768.08642605,1051.50122376,909.79382490,384.04321302,525.75061188,0.42212115,0.00000000,0.00000000,0.00000000
2022-01-23,-0.02709620,-0.03217156,-0.03002914,747.27420211,1017.67278888,882.47349549,373.63710105,508.83639444,0.42339753,-0.02709620,-0.03217156,-0.03002914
2022-01-24,-0.02606563,0.00000000,-0.01103612,727.79603188,1017.67278888,872.73441038,363.89801594,508.83639444,0.41696307,-0.05245555,-0.03217156,-0.04073386
2022-01-25,0.00000000,0.00000000,0.00000000,727.79603188,1017.67278888,872.73441038,363.89801594,508.83639444,0.41696307,-0.05245555,-0.03217156,-0.04073386
2022-01-26,0.00000000,0.00000000,0.00000000,727.79603188,1017.67278888,872.73441038,363.89801594,508.83639444,0.41696307,-0.05245555,-0.03217156,-0.04073386
2022-01-27,0.00000000,0.00000000,0.00000000,727.79603188,1017.67278888,872.73441038,363.89801594,508.83639444,0.41696307,-0.05245555,-0.03217156,-0.04073386
2022-01-28,0.00000000,0.01294296,0.00754622,727.79603188,1030.84448367,879.32025777,363.89801594,515.42224183,0.41384014,-0.05245555,-0.01964500,-0.03349503
2022-01-29,0.00000000,-0.00449568,-0.00263519,727.79603188,1026.21013961,877.00308574,363.89801594,513.10506980,0.41493356,-0.05245555,-0.02405236,-0.03604195
2022-01-30,-0.00798494,0.00000000,-0.00331322,721.98462142,1026.21013961,874.09738051,360.99231071,513.10506980,0.41298867,-0.06002164,-0.02405236,-0.03923575
2022-01-31,-0.02074942,-0.00618194,-0.01219815,707.00385630,1019.86617003,863.43501317,353.50192815,509.93308501,0.40941347,-0.07952565,-0.03008561,-0.05095529
2022-02-01,0.00000000,-0.00498139,-0.00294194,707.00385630,1014.78581696,860.89483663,353.50192815,507.39290848,0.41062150,-0.07952565,-0.03491713,-0.05374733
2022-02-02,0.02308399,0.00000000,0.00947878,723.32432294,1014.78581696,869.05506995,361.66216147,507.39290848,0.41615563,-0.05827743,-0.03491713,-0.04477801
2022-02-03,-0.01025195,0.00000000,-0.00426641,715.90883532,1014.78581696,865.34732614,357.95441766,507.39290848,0.41365404,-0.06793193,-0.03491713,-0.04885337
2022-02-04,-0.02671020,0.00716131,-0.00684978,696.78676755,1022.05301140,859.41988947,348.39338377,511.02650570,0.40538204,-0.09282765,-0.02800588,-0.05536852
2022-02-05,-0.00452654,-0.00527139,-0.00496944,693.63273711,1016.66536864,855.14905287,346.81636855,508.33268432,0.40556248,-0.09693400,-0.03312964,-0.06006281
2022-02-06,-0.00466972,-0.00495986,-0.00484219,690.39366762,1011.62284864,851.00825813,345.19683381,505.81142432,0.40563277,-0.10115106,-0.03792518,-0.06461416
2022-02-07,0.00325707,-0.00771928,-0.00326692,692.64232483,1003.81384787,848.22808635,346.32116242,501.90692394,0.40828778,-0.09822345,-0.04535171,-0.06766999
2022-02-08,0.00000000,0.00000000,0.00000000,692.64232483,1003.81384787,848.22808635,346.32116242,501.90692394,0.40828778,-0.09822345,-0.04535171,-0.06766999
2022-02-09,0.00000000,-0.00496944,-0.00294048,692.64232483,998.82545454,845.73388968,346.32116242,499.41272727,0.40949188,-0.09822345,-0.05009578,-0.07041149
2022-02-10,0.00000000,0.00000000,0.00000000,692.64232483,998.82545454,845.73388968,346.32116242,499.41272727,0.40949188,-0.09822345,-0.05009578,-0.07041149
2022-02-11,0.00000000,0.00000000,0.00000000,692.64232483,998.82545454,845.73388968,346.32116242,499.41272727,0.40949188,-0.09822345,-0.05009578,-0.07041149
2022-02-12,-0.00681322,-0.01081716,-0.00917758,687.92319903,988.02099962,837.97209933,343.96159951,494.01049981,0.41046904,-0.10436746,-0.06037104,-0.07894286
2022-02-13,-0.02161420,0.01670936,0.00097872,673.05428723,1004.53019696,838.79224209,336.52714361,502.26509848,0.40120441,-0.12372584,-0.04467044,-0.07804140
2022-02-14,0.00000000,-0.01155648,-0.00691997,673.05428723,992.92136848,832.98782786,336.52714361,496.46068424,0.40400007,-0.12372584,-0.05571069,-0.08442132
2022-02-15,0.02464315,0.00000000,0.00995583,689.64046575,992.92136848,841.28091712,344.82023287,496.46068424,0.40987526,-0.10213168,-0.05571069,-0.07530597
2022-02-16,-0.01528177,-0.00224991,-0.00759135,679.10154071,990.68738238,834.89446155,339.55077036,495.34369119,0.40669903,-0.11585270,-0.05783525,-0.08232564
2022-02-17,0.02210409,0.02504575,0.02384938,694.11245892,1015.49989213,854.80617552,347.05622946,507.74994606,0.40600576,-0.09630943,-0.03423803,-0.06043968
2022-02-18,-0.00858245,-0.03044517,-0.02156878,688.15527679,984.58282185,836.36904932,344.07763839,492.29141092,0.41139451,-0.10406531,-0.06364082,-0.08070485
2022-02-19,0.00000000,-0.01969322,-0.01159154,688.15527679,965.19321419,826.67424549,344.07763839,482.59660709,0.41621913,-0.10406531,-0.08208075,-0.09136090
2022-02-20,0.00000000,0.00000000,0.00000000,688.15527679,965.19321419,826.67424549,344.07763839,482.59660709,0.41621913,-0.10406531,-0.08208075,-0.09136090
2022-02-21,0.00000000,0.00000000,0.00000000,688.15527679,965.19321419,826.67424549,344.07763839,482.59660709,0.41621913,-0.10406531,-0.08208075,-0.09136090
2022-02-22,0.00000000,-0.03971487,-0.02318478,688.15527679,926.86068951,807.50798315,344.07763839,463.43034476,0.42609813,-0.10406531,-0.11853580,-0.11242750
2022-02-23,0.00000000,0.00094743,0.00054373,688.15527679,927.73882195,807.94704937,344.07763839,463.86941098,0.42586657,-0.10406531,-0.11770067,-0.11194490
2022-02-24,0.00000000,-0.02745456,-0.01576258,688.15527679,902.26815696,795.21171687,344.07763839,451.13407848,0.43268683,-0.10406531,-0.14192382,-0.12594294
2022-02-25,0.00000000,-0.00872130,-0.00494771,688.15527679,894.39920428,791.27724053,344.07763839,447.19960214,0.43483829,-0.10406531,-0.14940736,-0.13026752
2022-02-26,0.00000000,0.00396786,0.00224248,688.15527679,897.94805631,793.05166655,344.07763839,448.97402816,0.43386535,-0.10406531,-0.14603232,-0.12831716
2022-02-27,-0.00225636,0.00188375,0.00008750,686.60254790,899.63956806,793.12105798,343.30127395,449.81978403,0.43284852,-0.10608686,-0.14442366,-0.12824089
2022-02-28,-0.03057011,-0.02734103,-0.02873873,665.61303404,875.04249577,770.32776490,332.80651702,437.52124789,0.43203235,-0.13341388,-0.16781600,-0.15329414
2022-03-01,0.02930954,0.00000000,0.01266267,685.12184724,875.04249577,780.08217150,342.56092362,437.52124789,0.43913441,-0.10801464,-0.16781600,-0.14257258
2022-03-02,-0.01141807,0.00000000,-0.00501407,677.29907501,875.04249577,776.17078539,338.64953751,437.52124789,0.43630802,-0.11819940,-0.16781600,-0.14687178
2022-03-03,-0.03345310,0.00000000,-0.01459586,654.64132013,875.04249577,764.84190795,327.32066007,437.52124789,0.42795858,-0.14769836,-0.16781600,-0.15932392
2022-03-04,0.00000000,0.00000000,0.00000000,654.64132013,875.04249577,764.84190795,327.32066007,437.52124789,0.42795858,-0.14769836,-0.16781600,-0.15932392
2022-03-05,0.00000000,0.00000000,0.00000000,654.64132013,875.04249577,764.84190795,327.32066007,437.52124789,0.42795858,-0.14769836,-0.16781600,-0.15932392
2022-03-06,0.00000000,0.00000000,0.00000000,654.64132013,875.04249577,764.84190795,327.32066007,437.52124789,0.42795858,-0.14769836,-0.16781600,-0.15932392
2022-03-07,0.00000000,0.00000000,0.00000000,654.64132013,875.04249577,764.84190795,327.32066007,437.52124789,0.42795858,-0.14769836,-0.16781600,-0.15932392
2022-03-08,0.00000000,0.00000000,0.00000000,654.64132013,875.04249577,764.84190795,327.32066007,437.52124789,0.42795858,-0.14769836,-0.16781600,-0.15932392
2022-03-09,0.02233984,0.00000000,0.00956053,669.26590144,875.04249577,772.15419861,334.63295072,437.52124789,0.43337581,-0.12865808,-0.16781600,-0.15128661
2022-03-10,0.00000000,0.00000000,0.00000000,669.26590144,875.04249577,772.15419861,334.63295072,437.52124789,0.43337581,-0.12865808,-0.16781600,-0.15128661
2022-03-11,0.00000000,0.00000000,0.00000000,669.26590144,875.04249577,772.15419861,334.63295072,437.52124789,0.43337581,-0.12865808,-0.16781600,-0.15128661
2022-03-12,0.00000000,0.00000000,0.00000000,669.26590144,875.04249577,772.15419861,334.63295072,437.52124789,0.43337581,-0.12865808,-0.16781600,-0.15128661
2022-03-13,0.00000000,0.00000000,0.00000000,669.26590144,875.04249577,772.15419861,334.63295072,437.52124789,0.43337581,-0.12865808,-0.16781600,-0.15128661
2022-03-14,0.00000000,0.00000000,0.00000000,669.26590144,875.04249577,772.15419861,334.63295072,437.52124789,0.43337581,-0.12865808,-0.16781600,-0.15128661
2022-03-15,0.00000000,-0.00488518,-0.00276806,669.26590144,870.76775602,770.01682873,334.63295072,435.38387801,0.43457875,-0.12865808,-0.17188137,-0.15363590
2022-03-16,0.00000000,-0.00246194,-0.00139203,669.26590144,868.62397643,768.94493894,334.63295072,434.31198822,0.43518454,-0.12865808,-0.17392015,-0.15481407
2022-03-17,0.00000000,0.01100534,0.00621599,669.26590144,878.18348171,773.72469157,334.63295072,439.09174085,0.43249615,-0.12865808,-0.16482885,-0.14956041
2022-03-18,0.00854021,0.03627563,0.02428017,674.98157358,910.04013796,792.51085577,337.49078679,455.02006898,0.42585005,-0.12121664,-0.13453250,-0.12891159
2022-03-19,0.00000000,-0.00679059,-0.00389882,674.98157358,903.86042502,789.42099930,337.49078679,451.93021251,0.42751686,-0.12121664,-0.14040954,-0.13230781
2022-03-20,0.00000000,-0.02461744,-0.01409307,674.98157358,881.60969203,778.29563281,337.49078679,440.80484602,0.43362801,-0.12121664,-0.16157046,-0.14453625
2022-03-21,0.00000000,0.00000000,0.00000000,674.98157358,881.60969203,778.29563281,337.49078679,440.80484602,0.43362801,-0.12121664,-0.16157046,-0.14453625
2022-03-22,0.00000000,0.00000000,0.00000000,674.98157358,881.60969203,778.29563281,337.49078679,440.80484602,0.43362801,-0.12121664,-0.16157046,-0.14453625
2022-03-23,0.00000000,0.01827699,0.01035158,674.98157358,897.72286701,786.35222030,337.49078679,448.86143350,0.42918527,-0.12121664,-0.14624648,-0.13568086
2022-03-24,0.00000000,0.02463539,0.01406224,674.98157358,919.83861821,797.41009590,337.49078679,459.91930911,0.42323365,-0.12121664,-0.12521393,-0.12352659
2022-03-25,0.00000000,-0.00277222,-0.00159892,674.98157358,917.28862122,796.13509740,337.49078679,458.64431061,0.42391145,-0.12121664,-0.12763904,-0.12492800
2022-03-26,0.00000000,0.01382224,0.00796284,674.98157358,929.96760860,802.47459109,337.49078679,464.98380430,0.42056258,-0.12121664,-0.11558105,-0.11795995
2022-03-27,0.04434513,0.04792187,0.04641762,704.91371867,974.53339135,839.72355501,352.45685934,487.26669568,0.41972963,-0.08224687,-0.07319804,-0.07701775
2022-03-28,0.00614783,0.01131345,0.00914528,709.24740522,985.55872639,847.40306580,354.62370261,492.77936319,0.41848291,-0.07660469,-0.06271272,-0.06857681
2022-03-29,0.00631072,0.01066867,0.00884494,713.72326523,996.07332513,854.89829518,356.86163261,498.03666256,0.41743168,-0.07077740,-0.05271311,-0.06033843
2022-03-30,-0.01192464,-0.01130902,-0.01156600,705.21237460,984.80870938,845.01054199,352.60618730,492.40435469,0.41728022,-0.08185804,-0.06342600,-0.07120655
2022-03-31,0.00965549,-0.00148080,0.00316615,712.02154510,983.35040718,847.68597614,356.01077255,491.67520359,0.41997955,-0.07299293,-0.06481287,-0.06826585
2022-04-01,-0.01359235,-0.02287881,-0.01897869,702.34349799,960.85252242,831.59801021,351.17174899,480.42626121,0.42228546,-0.08559314,-0.08620884,-0.08594894
2022-04-02,-0.00062615,0.00000000,-0.00026442,701.90372286,960.85252242,831.37812264,350.95186143,480.42626121,0.42213266,-0.08616570,-0.08620884,-0.08619063
2022-04-03,-0.01276863,0.00000000,-0.00539006,692.94137522,960.85252242,826.89694882,346.47068761,480.42626121,0.41900105,-0.09783411,-0.08620884,-0.09111611
2022-04-04,-0.01278639,0.00000000,-0.00535751,684.08115574,960.85252242,822.46683908,342.04057787,480.42626121,0.41587157,-0.10936955,-0.08620884,-0.09598547
2022-04-05,0.01107493,0.02024848,0.01643346,691.65730518,980.30832222,835.98281370,345.82865259,490.15416111,0.41367914,-0.09950589,-0.06770596,-0.08112938
2022-04-06,0.04965594,0.06718798,0.05993534,726.00219673,1046.17325741,886.08772707,363.00109837,523.08662871,0.40966722,-0.05479101,-0.00506701,-0.02605656
2022-04-07,-0.00538214,-0.01549133,-0.01134993,722.09475461,1029.96663884,876.03069672,361.04737730,514.98331942,0.41214010,-0.05987825,-0.02047985,-0.03711075
2022-04-08,-0.02374111,-0.01622548,-0.01932298,704.95142028,1013.25493083,859.10317556,352.47571014,506.62746542,0.41028333,-0.08219779,-0.03637304,-0.05571663
2022-04-09,0.00000000,0.00000000,0.00000000,704.95142028,1013.25493083,859.10317556,352.47571014,506.62746542,0.41028333,-0.08219779,-0.03637304,-0.05571663
2022-04-10,0.01319293,0.01039381,0.01154224,714.25179513,1023.78651405,869.01915459,357.12589757,511.89325702,0.41095285,-0.07008929,-0.02635728,-0.04481748
2022-04-11,0.06028139,0.06800752,0.06483245,757.30788842,1093.41170030,925.35979436,378.65394421,546.70585015,0.40919645,-0.01403298,0.00000000,0.00000000
2022-04-12,-0.01247789,-0.02468638,-0.01969071,747.85828569,1066.41932250,907.13880410,373.92914285,533.20966125,0.41220720,-0.02633576,-0.02468638,-0.01969071
2022-04-13,-0.00508974,0.00000000,-0.00209803,744.05188329,1066.41932250,905.23560289,372.02594164,533.20966125,0.41097140,-0.03129146,-0.02468638,-0.02174742
2022-04-14,-0.00001152,-0.00118184,-0.00070087,744.04331147,1065.15898142,904.60114645,372.02165574,532.57949071,0.41125490,-0.03130262,-0.02583905,-0.02243306
2022-04-15,-0.01498091,-0.00616007,-0.00978768,732.89686832,1058.59753104,895.74719968,366.44843416,529.29876552,0.40909805,-0.04581458,-0.03183995,-0.03200117
2022-04-16,-0.00791755,-0.00863678,-0.00834254,727.09412219,1049.45466166,888.27439192,363.54706109,524.72733083,0.40927338,-0.05336939,-0.04020173,-0.04007674
2022-04-17,-0.00131012,-0.00880065,-0.00573498,726.14154010,1040.21877870,883.18015940,363.07077005,520.10938935,0.41109480,-0.05460959,-0.04864858,-0.04558188
2022-04-18,-0.00939633,0.00890913,0.00138385,719.31847296,1049.48622088,884.40234692,359.65923648,524.74311044,0.40666925,-0.06349279,-0.04017286,-0.04426111
2022-04-19,0.00000000,-0.01761703,-0.01045272,719.31847296,1030.99739365,875.15793330,359.65923648,515.49869682,0.41096495,-0.06349279,-0.05708216,-0.05425118
2022-04-20,-0.01032648,0.00000000,-0.00424382,711.89044276,1030.99739365,871.44391820,355.94522138,515.49869682,0.40845454,-0.07316362,-0.05708216,-0.05826477
2022-04-21,0.00582286,0.01364344,0.01044909,716.03568221,1045.06374782,880.54971501,358.01784110,522.53187391,0.40658447,-0.06776678,-0.04421752,-0.04842449
2022-04-22,0.01818039,-0.01311813,-0.00039264,729.05348841,1031.35446417,880.20397629,364.52674421,515.67723209,0.41413894,-0.05081842,-0.05675560,-0.04879812
2022-04-23,0.00729930,-0.01498076,-0.00575372,734.37506928,1015.90398892,875.13952910,367.18753464,507.95199446,0.41957599,-0.04389006,-0.07088612,-0.05427107
2022-04-24,-0.00109039,0.00000000,-0.00045750,733.57431504,1015.90398892,874.73915198,366.78715752,507.95199446,0.41931032,-0.04493259,-0.07088612,-0.05470374
2022-04-25,-0.02320195,-0.01304696,-0.01730505,716.55396126,1002.64953219,859.60174672,358.27698063,501.32476610,0.41679415,-0.06709201,-0.08300823,-0.07106214
2022-04-26,0.05619103,0.01706546,0.03337276,756.81786296,1019.76020351,888.28903323,378.40893148,509.88010175,0.42599753,-0.01467096,-0.06735935,-0.04006092
2022-04-27,-0.02583075,-0.05105307,-0.04030843,737.26869199,967.69831060,852.48350129,368.63434599,483.84915530,0.43242402,-0.04012274,-0.11497352,-0.07875455
2022-04-28,-0.01979305,-0.00521655,-0.01151978,722.67589812,962.65025966,842.66307889,361.33794906,481.32512983,0.42880477,-0.05912164,-0.11959031,-0.08936709
2022-04-29,-0.00207493,0.00028071,-0.00072940,721.17639377,962.92048169,842.04843773,360.58819688,481.46024084,0.42822738,-0.06107390,-0.11934317,-0.09003131
2022-04-30,0.02480101,0.03208177,0.02896395,739.06229313,993.81267731,866.43748522,369.53114656,496.90633866,0.42649487,-0.03778759,-0.09109014,-0.06367503
2022-05-01,-0.02851571,-0.02470365,-0.02632948,717.98740650,969.26187228,843.62463939,358.99370325,484.63093614,0.42553724,-0.06522576,-0.11354353,-0.08832797
2022-05-02,0.00000000,0.00000000,0.00000000,717.98740650,969.26187228,843.62463939,358.99370325,484.63093614,0.42553724,-0.06522576,-0.11354353,-0.08832797
2022-05-03,0.00000000,0.00000000,0.00000000,717.98740650,969.26187228,843.62463939,358.99370325,484.63093614,0.42553724,-0.06522576,-0.11354353,-0.08832797
2022-05-04,-0.00663299,0.00147164,-0.00197718,713.22500250,970.68827239,841.95663745,356.61250125,485.34413620,0.42355210,-0.07142611,-0.11223899,-0.09013052
2022-05-05,-0.02047469,-0.02204827,-0.02138178,698.62194363,949.28627348,823.95410856,349.31097182,474.64313674,0.42394469,-0.09043837,-0.13181259,-0.10958514
2022-05-06,0.01431977,-0.02362077,-0.00753608,708.62604759,926.86340187,817.74472473,354.31302379,463.43170094,0.43328072,-0.07741366,-0.15231984,-0.11629538
2022-05-07,0.01524354,-0.01355616,-0.00107781,719.42801533,914.29868963,816.86335248,359.71400766,457.14934481,0.44036008,-0.06335018,-0.16381113,-0.11724785
2022-05-08,0.03884857,0.00081280,0.01756223,747.37676574,915.04183102,831.20929838,373.68838287,457.52091551,0.44957195,-0.02696267,-0.16313148,-0.10174474
2022-05-09,0.10255524,0.09294251,0.09726412,824.02416710,1000.08811678,912.05614194,412.01208355,500.04405839,0.45173983,0.00000000,-0.08535082,-0.01437673
2022-05-10,-0.02165230,-0.04224696,-0.03294353,806.18214478,957.83743422,882.00978950,403.09107239,478.91871711,0.45701428,-0.02165230,-0.12399197,-0.04684665
2022-05-11,0.04821763,0.09990347,0.07628230,845.05434036,1053.52871580,949.29152808,422.52717018,526.76435790,0.44509738,0.00000000,-0.03647573,0.00000000
2022-05-12,0.00238765,0.04408610,0.02552623,847.07203194,1099.97468640,973.52335917,423.53601597,549.98734320,0.43505481,0.00000000,0.00000000,0.00000000
2022-05-13,-0.00786155,-0.01674160,-0.01287829,840.41273623,1081.55934485,960.98604054,420.20636811,540.77967243,0.43726584,-0.00786155,-0.01674160,-0.01287829
2022-05-14,-0.02197682,-0.01633883,-0.01880413,821.94313290,1063.88792797,942.91553044,410.97156645,531.94396398,0.43585194,-0.02966560,-0.03280690,-0.03144026
2022-05-15,0.01332978,0.00140864,0.00660449,832.89945603,1065.38655849,949.14300726,416.44972801,532.69327924,0.43876394,-0.01673125,-0.03144448,-0.02504342
2022-05-16,-0.01185633,-0.01287957,-0.01243061,823.02432237,1051.66483740,937.34457988,411.51216118,525.83241870,0.43901909,-0.02838921,-0.04391906,-0.03716272
2022-05-17,0.00000000,0.00000000,0.00000000,823.02432237,1051.66483740,937.34457988,411.51216118,525.83241870,0.43901909,-0.02838921,-0.04391906,-0.03716272
2022-05-18,0.00000000,0.00000000,0.00000000,823.02432237,1051.66483740,937.34457988,411.51216118,525.83241870,0.43901909,-0.02838921,-0.04391906,-0.03716272
2022-05-19,0.00000000,0.00000000,0.00000000,823.02432237,1051.66483740,937.34457988,411.51216118,525.83241870,0.43901909,-0.02838921,-0.04391906,-0.03716272
2022-05-20,0.00000000,0.00000000,0.00000000,823.02432237,1051.66483740,937.34457988,411.51216118,525.83241870,0.43901909,-0.02838921,-0.04391906,-0.03716272
2022-05-21,0.00000000,0.00000000,0.00000000,823.02432237,1051.66483740,937.34457988,411.51216118,525.83241870,0.43901909,-0.02838921,-0.04391906,-0.03716272
2022-05-22,0.00000000,0.00000000,0.00000000,823.02432237,1051.66483740,937.34457988,411.51216118,525.83241870,0.43901909,-0.02838921,-0.04391906,-0.03716272
2022-05-23,0.00000000,0.00000000,0.00000000,823.02432237,1051.66483740,937.34457988,411.51216118,525.83241870,0.43901909,-0.02838921,-0.04391906,-0.03716272
2022-05-24,0.00000000,0.00000000,0.00000000,823.02432237,1051.66483740,937.34457988,411.51216118,525.83241870,0.43901909,-0.02838921,-0.04391906,-0.03716272
2022-05-25,0.00000000,0.00000000,0.00000000,823.02432237,1051.66483740,937.34457988,411.51216118,525.83241870,0.43901909,-0.02838921,-0.04391906,-0.03716272
2022-05-26,0.00000000,0.00000000,0.00000000,823.02432237,1051.66483740,937.34457988,411.51216118,525.83241870,0.43901909,-0.02838921,-0.04391906,-0.03716272
2022-05-27,0.00000000,0.00000000,0.00000000,823.02432237,1051.66483740,937.34457988,411.51216118,525.83241870,0.43901909,-0.02838921,-0.04391906,-0.03716272
2022-05-28,0.00000000,0.00000000,0.00000000,823.02432237,1051.66483740,937.34457988,411.51216118,525.83241870,0.43901909,-0.02838921,-0.04391906,-0.03716272
2022-05-29,0.00000000,0.00000000,0.00000000,823.02432237,1051.66483740,937.34457988,411.51216118,525.83241870,0.43901909,-0.02838921,-0.04391906,-0.03716272
2022-05-30,0.01390482,0.02260819,0.01878724,834.46832954,1075.44107308,954.95470131,417.23416477,537.72053654,0.43691514,-0.01487914,-0.02230380,-0.01907366
2022-05-31,-0.01256122,0.00000000,-0.00548819,823.98638657,1075.44107308,949.71372982,411.99319328,537.72053654,0.43380777,-0.02725346,-0.02230380,-0.02445717
2022-06-01,0.03505518,0.00000000,0.01520721,852.87138170,1075.44107308,964.15622739,426.43569085,537.72053654,0.44228900,0.00000000,-0.02230380,-0.00962189
2022-06-02,-0.01283349,0.00000000,-0.00567611,841.92606499,1075.44107308,958.68356903,420.96303249,537.72053654,0.43910530,-0.01283349,-0.02230380,-0.01524338
2022-06-03,0.00000000,0.00000000,0.00000000,841.92606499,1075.44107308,958.68356903,420.96303249,537.72053654,0.43910530,-0.01283349,-0.02230380,-0.01524338
2022-06-04,0.00000000,0.00000000,0.00000000,841.92606499,1075.44107308,958.68356903,420.96303249,537.72053654,0.43910530,-0.01283349,-0.02230380,-0.01524338
2022-06-05,0.00000000,0.00000000,0.00000000,841.92606499,1075.44107308,958.68356903,420.96303249,537.72053654,0.43910530,-0.01283349,-0.02230380,-0.01524338
2022-06-06,0.00562693,0.00000000,0.00247082,846.66352663,1075.44107308,961.05229986,423.33176332,537.72053654,0.44048775,-0.00727877,-0.02230380,-0.01281023
2022-06-07,0.01928848,0.00000000,0.00849634,862.99437565,1075.44107308,969.21772436,431.49718782,537.72053654,0.44520150,0.00000000,-0.02230380,-0.00442273
2022-06-08,0.00020022,-0.02903828,-0.01602126,863.16716329,1044.21211348,953.68963839,431.58358165,522.10605674,0.45254092,0.00000000,-0.05069441,-0.02037313
2022-06-09,0.00319583,0.00000000,0.00144624,865.92569665,1044.21211348,955.06890507,432.96284833,522.10605674,0.45333153,0.00000000,-0.05069441,-0.01895635
2022-06-10,0.03376588,0.04332153,0.03898965,895.16443599,1089.44897759,992.30670679,447.58221799,544.72448880,0.45105230,0.00000000,-0.00956905,0.00000000
2022-06-11,0.02153509,0.07166134,0.04905178,914.44188423,1167.52035014,1040.98111718,457.22094212,583.76017507,0.43922117,0.00000000,0.00000000,0.00000000
2022-06-12,0.05642208,0.05042719,0.05306028,966.03660075,1226.39512385,1096.21586230,483.01830038,613.19756192,0.44062335,0.00000000,0.00000000,0.00000000
2022-06-13,0.12228501,0.11017229,0.11550944,1084.16839900,1361.50987735,1222.83913817,542.08419950,680.75493867,0.44329968,0.00000000,0.00000000,0.00000000
2022-06-14,0.00930602,0.00040574,0.00435123,1094.25768833,1362.06229746,1228.15999289,547.12884417,681.03114873,0.44548662,0.00000000,0.00000000,0.00000000
2022-06-15,0.00594637,0.01103763,0.00876954,1100.76454499,1377.09623152,1238.93038826,550.38227249,688.54811576,0.44423987,0.00000000,0.00000000,0.00000000
2022-06-16,0.00000000,0.00000000,0.00000000,1100.76454499,1377.09623152,1238.93038826,550.38227249,688.54811576,0.44423987,0.00000000,0.00000000,0.00000000
2022-06-17,0.00000000,0.00000000,0.00000000,1100.76454499,1377.09623152,1238.93038826,550.38227249,688.54811576,0.44423987,0.00000000,0.00000000,0.00000000
2022-06-18,0.00000000,0.00000000,0.00000000,1100.76454499,1377.09623152,1238.93038826,550.38227249,688.54811576,0.44423987,0.00000000,0.00000000,0.00000000
2022-06-19,0.00000000,0.00000000,0.00000000,1100.76454499,1377.09623152,1238.93038826,550.38227249,688.54811576,0.44423987,0.00000000,0.00000000,0.00000000
2022-06-20,0.00000000,0.00000000,0.00000000,1100.76454499,1377.09623152,1238.93038826,550.38227249,688.54811576,0.44423987,0.00000000,0.00000000,0.00000000
2022-06-21,0.00000000,0.00000000,0.00000000,1100.76454499,1377.09623152,1238.93038826,550.38227249,688.54811576,0.44423987,0.00000000,0.00000000,0.00000000
2022-06-22,0.00000000,0.00000000,0.00000000,1100.76454499,1377.09623152,1238.93038826,550.38227249,688.54811576,0.44423987,0.00000000,0.00000000,0.00000000
2022-06-23,0.00000000,0.00000000,0.00000000,1100.76454499,1377.09623152,1238.93038826,550.38227249,688.54811576,0.44423987,0.00000000,0.00000000,0.00000000
2022-06-24,0.00000000,0.00000000,0.00000000,1100.76454499,1377.09623152,1238.93038826,550.38227249,688.54811576,0.44423987,0.00000000,0.00000000,0.00000000
2022-06-25,0.00000000,0.00000000,0.00000000,1100.76454499,1377.09623152,1238.93038826,550.38227249,688.54811576,0.44423987,0.00000000,0.00000000,0.00000000
2022-06-26,-0.00297902,0.00000000,-0.00132340,1097.48534053,1377.09623152,1237.29078603,548.74267026,688.54811576,0.44350340,-0.00297902,0.00000000,-0.00132340
2022-06-27,0.00000000,0.00000000,0.00000000,1097.48534053,1377.09623152,1237.29078603,548.74267026,688.54811576,0.44350340,-0.00297902,0.00000000,-0.00132340
2022-06-28,0.00000000,-0.00776743,-0.00432255,1097.48534053,1366.39972810,1231.94253432,548.74267026,683.19986405,0.44542879,-0.00297902,-0.00776743,-0.00564023
2022-06-29,0.00000000,0.00000000,0.00000000,1097.48534053,1366.39972810,1231.94253432,548.74267026,683.19986405,0.44542879,-0.00297902,-0.00776743,-0.00564023
2022-06-30,0.00000000,0.00000000,0.00000000,1097.48534053,1366.39972810,1231.94253432,548.74267026,683.19986405,0.44542879,-0.00297902,-0.00776743,-0.00564023
2022-07-01,0.00000000,0.00000000,0.00000000,1097.48534053,1366.39972810,1231.94253432,548.74267026,683.19986405,0.44542879,-0.00297902,-0.00776743,-0.00564023
2022-07-02,0.00000000,0.00000000,0.00000000,1097.48534053,1366.39972810,1231.94253432,548.74267026,683.19986405,0.44542879,-0.00297902,-0.00776743,-0.00564023
2022-07-03,0.00000000,0.00000000,0.00000000,1097.48534053,1366.39972810,1231.94253432,548.74267026,683.19986405,0.44542879,-0.00297902,-0.00776743,-0.00564023
2022-07-04,-0.00814605,-0.00483006,-0.00630710,1088.54516903,1359.79993724,1224.17255313,544.27258451,679.89996862,0.44460447,-0.01110081,-0.01255998,-0.01191175
2022-07-05,-0.00996004,-0.02467384,-0.01813202,1077.70321028,1326.24844485,1201.97582757,538.85160514,663.12422243,0.44830486,-0.02095029,-0.03692392,-0.02982779
2022-07-06,0.00000000,0.00000000,0.00000000,1077.70321028,1326.24844485,1201.97582757,538.85160514,663.12422243,0.44830486,-0.02095029,-0.03692392,-0.02982779
2022-07-07,-0.00827927,0.00000000,-0.00371164,1068.78061843,1326.24844485,1197.51453164,534.39030922,663.12422243,0.44624954,-0.02905610,-0.03692392,-0.03342872
2022-07-08,-0.01200621,0.00000000,-0.00535776,1055.94861878,1326.24844485,1191.09853181,527.97430939,663.12422243,0.44326669,-0.04071345,-0.03692392,-0.03860738
2022-07-09,0.00000000,0.00000000,0.00000000,1055.94861878,1326.24844485,1191.09853181,527.97430939,663.12422243,0.44326669,-0.04071345,-0.03692392,-0.03860738
2022-07-10,0.01735527,0.01644610,0.01684911,1074.27489455,1348.06005819,1211.16747637,537.13744727,674.03002910,0.44348734,-0.02406477,-0.02108507,-0.02240877
2022-07-11,0.04195636,0.05957027,0.05175872,1119.34755810,1428.36435466,1273.85595638,559.67377905,714.18217733,0.43935405,0.00000000,0.00000000,0.00000000
2022-07-12,0.02792521,0.04517381,0.03759557,1150.60556988,1492.88901310,1321.74729149,575.30278494,746.44450655,0.43525929,0.00000000,0.00000000,0.00000000
2022-07-13,-0.03938218,-0.04653668,-0.04342262,1105.29221908,1423.41491273,1264.35356591,552.64610954,711.70745636,0.43709776,-0.03938218,-0.04653668,-0.04342262
2022-07-14,-0.01551667,0.00000000,-0.00678230,1088.14176154,1423.41491273,1255.77833713,544.07088077,711.70745636,0.43325391,-0.05428777,-0.04653668,-0.04991041
2022-07-15,-0.01179808,0.01749897,0.00480591,1075.30378276,1448.32321091,1261.81349683,537.65189138,724.16160545,0.42609458,-0.06544535,-0.02985205,-0.04534437
2022-07-16,-0.03462947,0.10124273,0.04334832,1038.06657951,1594.95540011,1316.51098981,519.03328975,797.47770005,0.39424911,-0.09780849,0.00000000,-0.00396165
2022-07-17,0.00486821,-0.01269086,-0.00576822,1043.12010075,1574.71403852,1308.91706963,521.56005037,787.35701926,0.39846684,-0.09341643,-0.01269086,-0.00970702
2022-07-18,-0.03111080,0.18114413,0.09656758,1010.66780221,1859.96424992,1435.31602607,505.33390111,929.98212496,0.35207152,-0.12162097,0.00000000,0.00000000
2022-07-19,0.04325423,-0.02449864,-0.00064478,1054.38346239,1814.39764987,1434.39055613,527.19173119,907.19882494,0.36753709,-0.08362736,-0.02449864,-0.00064478
2022-07-20,-0.01395337,-0.02097568,-0.01839472,1039.67126038,1776.33942168,1408.00534103,519.83563019,888.16971084,0.36920004,-0.09641385,-0.04496045,-0.01902765
2022-07-21,0.00000000,0.00000000,0.00000000,1039.67126038,1776.33942168,1408.00534103,519.83563019,888.16971084,0.36920004,-0.09641385,-0.04496045,-0.01902765
2022-07-22,-0.00193972,0.00000000,-0.00071615,1037.65458709,1776.33942168,1406.99700439,518.82729355,888.16971084,0.36874797,-0.09816655,-0.04496045,-0.01973016
2022-07-23,0.00944808,0.00000000,0.00348396,1047.45843260,1776.33942168,1411.89892714,523.72921630,888.16971084,0.37093960,-0.08964596,-0.04496045,-0.01631494
2022-07-24,-0.00240965,-0.02773167,-0.01833873,1044.93442893,1727.07856751,1386.00649822,522.46721446,863.53928376,0.37695870,-0.09183959,-0.07144529,-0.03435447
2022-07-25,0.01827120,0.00000000,0.00688749,1064.02663498,1727.07856751,1395.55260125,532.01331749,863.53928376,0.38122054,-0.07524641,-0.07144529,-0.02770360
2022-07-26,0.00000000,0.00000000,0.00000000,1064.02663498,1727.07856751,1395.55260125,532.01331749,863.53928376,0.38122054,-0.07524641,-0.07144529,-0.02770360
2022-07-27,0.00000000,0.00000000,0.00000000,1064.02663498,1727.07856751,1395.55260125,532.01331749,863.53928376,0.38122054,-0.07524641,-0.07144529,-0.02770360
2022-07-28,0.01314189,0.02156705,0.01835521,1078.00995461,1764.32655881,1421.16825671,539.00497731,882.16327941,0.37926894,-0.06309340,-0.05141910,-0.00985690
2022-07-29,-0.00420011,0.00000000,-0.00159297,1073.48218884,1764.32655881,1418.90437383,536.74109442,882.16327941,0.37827855,-0.06702851,-0.05141910,-0.01143417
2022-07-30,0.00000000,0.00000000,0.00000000,1073.48218884,1764.32655881,1418.90437383,536.74109442,882.16327941,0.37827855,-0.06702851,-0.05141910,-0.01143417
2022-07-31,0.00000000,0.00000000,0.00000000,1073.48218884,1764.32655881,1418.90437383,536.74109442,882.16327941,0.37827855,-0.06702851,-0.05141910,-0.01143417
2022-08-01,0.00000000,0.00000000,0.00000000,1073.48218884,1764.32655881,1418.90437383,536.74109442,882.16327941,0.37827855,-0.06702851,-0.05141910,-0.01143417
2022-08-02,0.00000000,0.00000000,0.00000000,1073.48218884,1764.32655881,1418.90437383,536.74109442,882.16327941,0.37827855,-0.06702851,-0.05141910,-0.01143417
2022-08-03,-0.00356355,0.00000000,-0.00134802,1069.65677978,1764.32655881,1416.99166929,534.82838989,882.16327941,0.37743933,-0.07035321,-0.05141910,-0.01276678
2022-08-04,-0.00137025,0.00000000,-0.00051719,1068.19108433,1764.32655881,1416.25882157,534.09554216,882.16327941,0.37711719,-0.07162705,-0.05141910,-0.01327736
2022-08-05,-0.02419593,0.02191418,0.00452526,1042.34520769,1802.99032475,1422.66776622,521.17260384,901.49516238,0.36633472,-0.09408990,-0.03063173,-0.00881218
2022-08-06,0.00256485,0.00000000,0.00093959,1045.01866559,1802.99032475,1424.00449517,522.50933280,901.49516238,0.36692955,-0.09176638,-0.03063173,-0.00788086
2022-08-07,-0.01103471,-0.00515154,-0.00731025,1033.48718392,1793.70215465,1413.59466929,516.74359196,896.85107733,0.36555287,-0.10178847,-0.03562547,-0.01513350
2022-08-08,0.00000000,0.02236939,0.01419219,1033.48718392,1833.82617652,1433.65668022,516.74359196,916.91308826,0.36043747,-0.10178847,-0.01405300,-0.00115608
2022-08-09,-0.00490538,0.00000000,-0.00176808,1028.41754137,1833.82617652,1431.12185894,514.20877068,916.91308826,0.35930467,-0.10619454,-0.01405300,-0.00292212
2022-08-10,-0.00866073,-0.00641269,-0.00722042,1019.51069977,1822.06642036,1420.78856006,509.75534988,911.03321018,0.35878340,-0.11393554,-0.02037557,-0.01012144
2022-08-11,0.00000000,0.00000000,0.00000000,1019.51069977,1822.06642036,1420.78856006,509.75534988,911.03321018,0.35878340,-0.11393554,-0.02037557,-0.01012144
2022-08-12,0.00000000,0.00000000,0.00000000,1019.51069977,1822.06642036,1420.78856006,509.75534988,911.03321018,0.35878340,-0.11393554,-0.02037557,-0.01012144
2022-08-13,0.00000000,0.00368965,0.00236586,1019.51069977,1828.78920171,1424.14995074,509.75534988,914.39460086,0.35793657,-0.11393554,-0.01676110,-0.00777952
2022-08-14,0.00000000,-0.00516965,-0.00331924,1019.51069977,1819.33500353,1419.42285165,509.75534988,909.66750176,0.35912861,-0.11393554,-0.02184410,-0.01107294
2022-08-15,-0.01229555,0.00803009,0.00073057,1006.97525646,1833.94443597,1420.45984622,503.48762823,916.97221799,0.35445397,-0.12483019,-0.01398942,-0.01035046
2022-08-16,0.01006080,-0.02362705,-0.01168626,1017.10623753,1790.61374290,1403.85999021,508.55311876,895.30687145,0.36225345,-0.11602528,-0.03728594,-0.02191576
2022-08-17,0.02160178,0.02892410,0.02627156,1039.07754214,1842.40563461,1440.74158837,519.53877107,921.20281730,0.36060510,-0.09692985,-0.00944030,0.00000000
2022-08-18,0.00557715,-0.00624351,-0.00198092,1044.87263008,1830.90255970,1437.88759489,522.43631504,915.45127985,0.36333599,-0.09189330,-0.01562486,-0.00198092
2022-08-19,0.09416595,0.12284972,0.11242787,1143.26405114,2055.82841816,1599.54623465,571.63202557,1027.91420908,0.35737137,-0.00638057,0.00000000,0.00000000
2022-08-20,-0.01112240,0.01519593,0.00579051,1130.54821070,2087.06864713,1608.80842892,565.27410535,1043.53432357,0.35136197,-0.01743200,0.00000000,0.00000000
2022-08-21,-0.02408512,-0.01910898,-0.02085741,1103.31881736,2047.18689896,1575.25285816,551.65940868,1023.59344948,0.35020372,-0.04109727,-0.01910898,-0.02085741
2022-08-22,0.00000000,-0.00302239,-0.00196394,1103.31881736,2040.99949540,1572.15915638,551.65940868,1020.49974770,0.35089285,-0.04109727,-0.02207362,-0.02278038
2022-08-23,0.00000000,-0.01891821,-0.01227994,1103.31881736,2002.38744412,1552.85313074,551.65940868,1001.19372206,0.35525537,-0.04109727,-0.04057423,-0.03478058
2022-08-24,0.00000000,0.00418784,0.00270009,1103.31881736,2010.77312888,1557.04597312,551.65940868,1005.38656444,0.35429873,-0.04109727,-0.03655631,-0.03217441
2022-08-25,0.00000000,-0.01816589,-0.01172974,1103.31881736,1974.24565460,1538.78223598,551.65940868,987.12282730,0.35850388,-0.04109727,-0.05405811,-0.04352674
2022-08-26,0.01724293,0.04875300,0.03745652,1122.34326156,2070.49606244,1596.41966200,561.17163078,1035.24803122,0.35151887,-0.02456299,-0.00794060,-0.00770059
2022-08-27,0.00956843,0.01000236,0.00984983,1133.08232516,2091.20591761,1612.14412139,566.54116258,1045.60295881,0.35142092,-0.01522958,0.00000000,0.00000000
2022-08-28,0.02256165,0.03719525,0.03205270,1158.64653510,2168.98884329,1663.81768920,579.32326755,1084.49442164,0.34818915,0.00000000,0.00000000,0.00000000
2022-08-29,-0.01921490,-0.04097860,-0.03340072,1136.38325924,2080.10671346,1608.24498635,568.19162962,1040.05335673,0.35329918,-0.01921490,-0.04097860,-0.03340072
2022-08-30,-0.02087551,0.00135759,-0.00649735,1112.66068082,2082.93063919,1597.79566001,556.33034041,1041.46531960,0.34818616,-0.03968929,-0.03967665,-0.03968105
2022-08-31,0.00000000,0.00000000,0.00000000,1112.66068082,2082.93063919,1597.79566001,556.33034041,1041.46531960,0.34818616,-0.03968929,-0.03967665,-0.03968105
2022-09-01,-0.01506279,0.00000000,-0.00524465,1095.90091172,2082.93063919,1589.41577546,547.95045586,1041.46531960,0.34474960,-0.05415424,-0.03967665,-0.04471759
2022-09-02,-0.00366689,0.00000000,-0.00126416,1091.88236509,2082.93063919,1587.40650214,545.94118255,1041.46531960,0.34392021,-0.05762255,-0.03967665,-0.04592522
2022-09-03,0.00600342,0.00000000,0.00206470,1098.43738939,2082.93063919,1590.68401429,549.21869470,1041.46531960,0.34527203,-0.05196507,-0.03967665,-0.04395534
2022-09-04,-0.00084908,0.00000000,-0.00029316,1097.50472511,2082.93063919,1590.21768215,548.75236256,1041.46531960,0.34508003,-0.05277003,-0.03967665,-0.04423562
2022-09-05,0.00000000,-0.00380268,-0.00249045,1097.50472511,2075.00991810,1586.25732160,548.75236256,1037.50495905,0.34594158,-0.05277003,-0.04332845,-0.04661591
2022-09-06,0.02019113,0.00106973,0.00768462,1119.66458117,2077.22961732,1598.44709925,559.83229058,1038.61480866,0.35023511,-0.03364439,-0.04230507,-0.03928951
2022-09-07,-0.02236051,0.00000000,-0.00783144,1094.62831025,2077.22961732,1585.92896378,547.31415512,1038.61480866,0.34510635,-0.05525259,-0.04230507,-0.04681326
2022-09-08,0.00000000,0.00000000,0.00000000,1094.62831025,2077.22961732,1585.92896378,547.31415512,1038.61480866,0.34510635,-0.05525259,-0.04230507,-0.04681326
2022-09-09,0.03980506,0.00000000,0.01373698,1138.20005834,2077.22961732,1607.71483783,569.10002917,1038.61480866,0.35398070,-0.01764686,-0.04230507,-0.03371935
2022-09-10,0.01409060,-0.00336126,0.00281636,1154.23798286,2070.24751424,1612.24274855,577.11899143,1035.12375712,0.35796036,-0.00380492,-0.04552413,-0.03099795
2022-09-11,0.00752444,-0.01378039,-0.00615411,1162.92297188,2041.71869479,1602.32083334,581.46148594,1020.85934740,0.36288705,0.00000000,-0.05867718,-0.03696129
2022-09-12,0.02593267,0.00000000,0.00941063,1193.08066384,2041.71869479,1617.39967932,596.54033192,1020.85934740,0.36882679,0.00000000,-0.05867718,-0.02789850
2022-09-13,-0.01147607,0.03573625,0.01832308,1179.38878930,2114.68205886,1647.03542408,589.69439465,1057.34102943,0.35803383,-0.01147607,-0.02503783,-0.01008660
2022-09-14,0.00000000,-0.03847897,-0.02470220,1179.38878930,2033.31127801,1606.35003365,589.69439465,1016.65563900,0.36710205,-0.01147607,-0.06255337,-0.03453963
2022-09-15,0.00000000,0.00000000,0.00000000,1179.38878930,2033.31127801,1606.35003365,589.69439465,1016.65563900,0.36710205,-0.01147607,-0.06255337,-0.03453963
2022-09-16,0.00000000,0.00000000,0.00000000,1179.38878930,2033.31127801,1606.35003365,589.69439465,1016.65563900,0.36710205,-0.01147607,-0.06255337,-0.03453963
2022-09-17,0.00000000,0.00000000,0.00000000,1179.38878930,2033.31127801,1606.35003365,589.69439465,1016.65563900,0.36710205,-0.01147607,-0.06255337,-0.03453963
2022-09-18,0.00000000,0.03136116,0.01984841,1179.38878930,2097.07827006,1638.23352968,589.69439465,1048.53913503,0.35995747,-0.01147607,-0.03315396,-0.01537678
2022-09-19,0.00000000,0.00233844,0.00149670,1179.38878930,2101.98216252,1640.68547591,589.69439465,1050.99108126,0.35941953,-0.01147607,-0.03089305,-0.01390309
2022-09-20,0.00000000,0.00000000,0.00000000,1179.38878930,2101.98216252,1640.68547591,589.69439465,1050.99108126,0.35941953,-0.01147607,-0.03089305,-0.01390309
2022-09-21,0.00000000,-0.05704646,-0.03654285,1179.38878930,1982.07152545,1580.73015738,589.69439465,991.03576273,0.37305190,-0.01147607,-0.08617717,-0.04993788
2022-09-22,0.00000000,0.00000000,0.00000000,1179.38878930,1982.07152545,1580.73015738,589.69439465,991.03576273,0.37305190,-0.01147607,-0.08617717,-0.04993788
2022-09-23,0.00000000,0.00000000,0.00000000,1179.38878930,1982.07152545,1580.73015738,589.69439465,991.03576273,0.37305190,-0.01147607,-0.08617717,-0.04993788
2022-09-24,0.00000000,0.00000000,0.00000000,1179.38878930,1982.07152545,1580.73015738,589.69439465,991.03576273,0.37305190,-0.01147607,-0.08617717,-0.04993788
2022-09-25,0.00000000,0.00000000,0.00000000,1179.38878930,1982.07152545,1580.73015738,589.69439465,991.03576273,0.37305190,-0.01147607,-0.08617717,-0.04993788
2022-09-26,0.00143230,-0.00754461,-0.00419576,1181.07802894,1967.11756146,1574.09779520,590.53901447,983.55878073,0.37516031,-0.01006020,-0.09307161,-0.05392411
2022-09-27,0.02591565,0.00536011,0.01307173,1211.68643513,1977.66152528,1594.67398021,605.84321757,988.83076264,0.37991666,0.00000000,-0.08821037,-0.04155726
2022-09-28,0.00000000,-0.00883878,-0.00548078,1211.68643513,1960.18140295,1585.93391904,605.84321757,980.09070148,0.38201038,0.00000000,-0.09626949,-0.04681028
2022-09-29,0.00000000,0.00000000,0.00000000,1211.68643513,1960.18140295,1585.93391904,605.84321757,980.09070148,0.38201038,0.00000000,-0.09626949,-0.04681028
2022-09-30,0.00000000,-0.00500534,-0.00309325,1211.68643513,1950.37003440,1581.02823477,605.84321757,975.18501720,0.38319570,0.00000000,-0.10079296,-0.04975873
2022-10-01,0.00000000,0.00000000,0.00000000,1211.68643513,1950.37003440,1581.02823477,605.84321757,975.18501720,0.38319570,0.00000000,-0.10079296,-0.04975873
2022-10-02,-0.01045740,-0.00143788,-0.00489412,1199.01534613,1947.56563852,1573.29049232,599.50767306,973.78281926,0.38105339,-0.01045740,-0.10208591,-0.05440932
2022-10-03,-0.00678076,-0.01397955,-0.01123643,1190.88511037,1920.33954816,1555.61232926,595.44255518,960.16977408,0.38277053,-0.01716725,-0.11463835,-0.06503438
2022-10-04,-0.00192254,0.00000000,-0.00073589,1188.59558947,1920.33954816,1554.46756881,594.29779473,960.16977408,0.38231598,-0.01905678,-0.11463835,-0.06572242
2022-10-05,-0.01166211,-0.01188025,-0.01179685,1174.73405506,1897.52543199,1536.12974353,587.36702753,948.76271600,0.38236811,-0.03049665,-0.12515667,-0.07674395
2022-10-06,-0.01422176,0.00000000,-0.00543795,1158.02727039,1897.52543199,1527.77635119,579.01363520,948.76271600,0.37899110,-0.04428470,-0.12515667,-0.08176457
2022-10-07,0.01223766,0.00410433,0.00718679,1172.19881570,1905.31349612,1538.75615591,586.09940785,952.65674806,0.38089167,-0.03258898,-0.12156602,-0.07516541
2022-10-08,0.00559298,0.01163346,0.00933269,1178.75490195,1927.47889314,1553.11689755,589.37745098,963.73944657,0.37948042,-0.02717826,-0.11134679,-0.06653421
2022-10-09,-0.01194660,-0.01365041,-0.01300385,1164.67279222,1901.16800888,1532.92040055,582.33639611,950.58400444,0.37988691,-0.03880017,-0.12347728,-0.07867286
2022-10-10,-0.01009099,-0.01236084,-0.01149856,1152.92009091,1877.66796765,1515.29402928,576.46004545,938.83398383,0.38042785,-0.04849963,-0.13431184,-0.08926679
2022-10-11,0.00377826,0.00768034,0.00619588,1157.27611937,1892.08910147,1524.68261042,578.63805969,946.04455074,0.37951378,-0.04490462,-0.12766305,-0.08362399
2022-10-12,-0.00512327,-0.01986248,-0.01426875,1151.34708063,1854.50751114,1502.92729588,575.67354031,927.25375557,0.38303486,-0.04979783,-0.14498983,-0.09669953
2022-10-13,-0.00208270,-0.00948194,-0.00664777,1148.94917166,1836.92317851,1492.93617508,574.47458583,918.46158925,0.38479514,-0.05177681,-0.15309699,-0.10270447
2022-10-14,0.00000000,-0.01875864,-0.01154041,1148.94917166,1802.46498934,1475.70708050,574.47458583,901.23249467,0.38928768,-0.05177681,-0.16898374,-0.11305963
2022-10-15,0.00000000,0.00000000,0.00000000,1148.94917166,1802.46498934,1475.70708050,574.47458583,901.23249467,0.38928768,-0.05177681,-0.16898374,-0.11305963
2022-10-16,0.00000000,0.00000000,0.00000000,1148.94917166,1802.46498934,1475.70708050,574.47458583,901.23249467,0.38928768,-0.05177681,-0.16898374,-0.11305963
2022-10-17,0.00000000,0.00000000,0.00000000,1148.94917166,1802.46498934,1475.70708050,574.47458583,901.23249467,0.38928768,-0.05177681,-0.16898374,-0.11305963
2022-10-18,-0.00791913,-0.01411626,-0.01170379,1139.85049153,1777.02093285,1458.43571219,569.92524576,888.51046642,0.39077845,-0.05928592,-0.18071458,-0.12344019
2022-10-19,0.00000000,0.00000000,0.00000000,1139.85049153,1777.02093285,1458.43571219,569.92524576,888.51046642,0.39077845,-0.05928592,-0.18071458,-0.12344019
2022-10-20,-0.00906854,0.00000000,-0.00354379,1129.51371241,1777.02093285,1453.26732263,564.75685621,888.51046642,0.38861182,-0.06781682,-0.18071458,-0.12654654
2022-10-21,-0.00904790,0.00000000,-0.00351612,1119.29398552,1777.02093285,1448.15745918,559.64699276,888.51046642,0.38645452,-0.07625112,-0.18071458,-0.12961770
2022-10-22,0.00000000,0.00000000,0.00000000,1119.29398552,1777.02093285,1448.15745918,559.64699276,888.51046642,0.38645452,-0.07625112,-0.18071458,-0.12961770
2022-10-23,0.01680392,0.02627557,0.02261521,1138.10251626,1823.71317396,1480.90784511,569.05125813,911.85658698,0.38425839,-0.06072852,-0.15918739,-0.10993383
2022-10-24,-0.01439717,-0.02582741,-0.02143524,1121.71706620,1776.61138508,1449.16422564,560.85853310,888.30569254,0.38702207,-0.07425136,-0.18090340,-0.12901261
2022-10-25,-0.00134530,0.02153356,0.01267894,1120.20802059,1814.86815532,1467.53808795,560.10401030,907.43407766,0.38166233,-0.07549677,-0.16326533,-0.11796942
2022-10-26,0.03426644,0.07289439,0.05815156,1158.59356357,1947.16185774,1552.87771065,579.29678178,973.58092887,0.37304726,-0.04381734,-0.10227207,-0.06667797
2022-10-27,-0.02268814,-0.02226785,-0.02242464,1132.30723022,1903.80274790,1518.05498906,566.15361511,951.90137395,0.37294671,-0.06551134,-0.12226254,-0.08760737
2022-10-28,0.00000000,0.00000000,0.00000000,1132.30723022,1903.80274790,1518.05498906,566.15361511,951.90137395,0.37294671,-0.06551134,-0.12226254,-0.08760737
2022-10-29,0.00000000,0.00000000,0.00000000,1132.30723022,1903.80274790,1518.05498906,566.15361511,951.90137395,0.37294671,-0.06551134,-0.12226254,-0.08760737
2022-10-30,0.00000000,0.00000000,0.00000000,1132.30723022,1903.80274790,1518.05498906,566.15361511,951.90137395,0.37294671,-0.06551134,-0.12226254,-0.08760737
2022-10-31,-0.00920984,-0.04036202,-0.02874392,1121.87885894,1826.96141903,1474.42013899,560.93942947,913.48070952,0.38044748,-0.07411784,-0.15768980,-0.11383311
2022-11-01,-0.00204071,-0.01294496,-0.00879647,1119.58942684,1803.31148060,1461.45045372,559.79471342,901.65574030,0.38304050,-0.07600729,-0.16859347,-0.12162825
2022-11-02,0.00000000,-0.01432332,-0.00883691,1119.58942684,1777.48207447,1448.53575066,559.79471342,888.74103724,0.38645557,-0.07600729,-0.18050197,-0.12939034
2022-11-03,0.00000000,0.00000000,0.00000000,1119.58942684,1777.48207447,1448.53575066,559.79471342,888.74103724,0.38645557,-0.07600729,-0.18050197,-0.12939034
2022-11-04,0.01848064,0.02132384,0.02022507,1140.28015133,1815.38481401,1477.83248267,570.14007567,907.69240700,0.38579479,-0.05893132,-0.16302713,-0.11178220
2022-11-05,0.00699973,-0.01082688,-0.00394947,1148.26181006,1795.72985266,1471.99583136,574.13090503,897.86492633,0.39003569,-0.05234409,-0.17208894,-0.11529019
2022-11-06,-0.00179943,-0.00560658,-0.00412165,1146.19559727,1785.66195585,1465.92877656,573.09779864,892.83097793,0.39094519,-0.05404933,-0.17673069,-0.11893666
2022-11-07,0.01503970,-0.04412687,-0.02099598,1163.43403253,1706.86628778,1435.15016015,581.71701627,853.43314389,0.40533530,-0.03982252,-0.21305898,-0.13743545
2022-11-08,-0.02610051,-0.02901585,-0.02783416,1133.06780692,1657.34011608,1395.20396150,566.53390346,828.67005804,0.40605812,-0.06488364,-0.23589274,-0.16144421
2022-11-09,0.00000000,0.18895254,0.11222683,1133.06780692,1970.49874092,1551.78327392,566.53390346,985.24937046,0.36508571,-0.06488364,-0.09151274,-0.06733575
2022-11-10,0.00000000,-0.13461653,-0.08546996,1133.06780692,1705.23702867,1419.15241779,566.53390346,852.61851433,0.39920582,-0.06488364,-0.21381014,-0.14705053
2022-11-11,0.00000000,0.00791438,0.00475491,1133.06780692,1718.73291838,1425.90036265,566.53390346,859.36645919,0.39731661,-0.06488364,-0.20758794,-0.14299483
2022-11-12,0.00000000,0.02515070,0.01515791,1133.06780692,1761.96025312,1447.51403002,566.53390346,880.98012656,0.39138405,-0.06488364,-0.18765822,-0.13000442
2022-11-13,0.00000000,0.02739069,0.01667041,1133.06780692,1810.22155472,1471.64468082,566.53390346,905.11077736,0.38496650,-0.06488364,-0.16540762,-0.11550124
2022-11-14,0.00000000,-0.01185896,-0.00729366,1133.06780692,1788.75421249,1460.91100971,566.53390346,894.37710624,0.38779494,-0.06488364,-0.17530502,-0.12195247
2022-11-15,0.00000000,0.00000000,0.00000000,1133.06780692,1788.75421249,1460.91100971,566.53390346,894.37710624,0.38779494,-0.06488364,-0.17530502,-0.12195247
2022-11-16,0.00000000,0.00000000,0.00000000,1133.06780692,1788.75421249,1460.91100971,566.53390346,894.37710624,0.38779494,-0.06488364,-0.17530502,-0.12195247
2022-11-17,0.00000000,0.00000000,0.00000000,1133.06780692,1788.75421249,1460.91100971,566.53390346,894.37710624,0.38779494,-0.06488364,-0.17530502,-0.12195247
2022-11-18,0.00000000,0.00000000,0.00000000,1133.06780692,1788.75421249,1460.91100971,566.53390346,894.37710624,0.38779494,-0.06488364,-0.17530502,-0.12195247
2022-11-19,0.00000000,0.00000000,0.00000000,1133.06780692,1788.75421249,1460.91100971,566.53390346,894.37710624,0.38779494,-0.06488364,-0.17530502,-0.12195247
2022-11-20,0.00000000,0.00000000,0.00000000,1133.06780692,1788.75421249,1460.91100971,566.53390346,894.37710624,0.38779494,-0.06488364,-0.17530502,-0.12195247
2022-11-21,0.00000000,0.00000000,0.00000000,1133.06780692,1788.75421249,1460.91100971,566.53390346,894.37710624,0.38779494,-0.06488364,-0.17530502,-0.12195247
2022-11-22,0.00000000,0.00000000,0.00000000,1133.06780692,1788.75421249,1460.91100971,566.53390346,894.37710624,0.38779494,-0.06488364,-0.17530502,-0.12195247
2022-11-23,0.00000000,0.00000000,0.00000000,1133.06780692,1788.75421249,1460.91100971,566.53390346,894.37710624,0.38779494,-0.06488364,-0.17530502,-0.12195247
2022-11-24,0.00000000,0.00000000,0.00000000,1133.06780692,1788.75421249,1460.91100971,566.53390346,894.37710624,0.38779494,-0.06488364,-0.17530502,-0.12195247
2022-11-25,0.00000000,0.00000000,0.00000000,1133.06780692,1788.75421249,1460.91100971,566.53390346,894.37710624,0.38779494,-0.06488364,-0.17530502,-0.12195247
2022-11-26,-0.00298380,0.00484612,0.00180971,1129.68696196,1797.42272114,1463.55484155,564.84348098,898.71136057,0.38593940,-0.06767384,-0.17130845,-0.12036346
2022-11-27,0.00000000,0.00000000,0.00000000,1129.68696196,1797.42272114,1463.55484155,564.84348098,898.71136057,0.38593940,-0.06767384,-0.17130845,-0.12036346
2022-11-28,0.00000000,0.00000000,0.00000000,1129.68696196,1797.42272114,1463.55484155,564.84348098,898.71136057,0.38593940,-0.06767384,-0.17130845,-0.12036346
2022-11-29,0.00000000,0.00000000,0.00000000,1129.68696196,1797.42272114,1463.55484155,564.84348098,898.71136057,0.38593940,-0.06767384,-0.17130845,-0.12036346
2022-11-30,0.00000000,0.01593675,0.00978613,1129.68696196,1826.06779637,1477.87737917,564.84348098,913.03389819,0.38219915,-0.06767384,-0.15810180,-0.11175522
2022-12-01,0.00000000,-0.02127727,-0.01314511,1129.68696196,1787.21406672,1458.45051434,564.84348098,893.60703336,0.38729012,-0.06767384,-0.17601509,-0.12343130
2022-12-02,-0.00759646,0.00000000,-0.00294203,1121.10534061,1787.21406672,1454.15970367,560.55267030,893.60703336,0.38548219,-0.07475622,-0.17601509,-0.12601019
2022-12-03,0.00000000,0.02692138,0.01654366,1121.10534061,1835.32832808,1478.21683434,560.55267030,917.66416404,0.37920869,-0.07475622,-0.15383229,-0.11155120
2022-12-04,0.00000000,-0.02214995,-0.01375049,1121.10534061,1794.67590265,1457.89062163,560.55267030,897.33795132,0.38449570,-0.07475622,-0.17257486,-0.12376781
2022-12-05,-0.00259213,0.00504602,0.00210919,1118.19929452,1803.73188045,1460.96558749,559.09964726,901.86594022,0.38269187,-0.07715457,-0.16839965,-0.12191967
2022-12-06,-0.00694431,-0.00422617,-0.00526638,1110.43416883,1796.10900529,1453.27158706,555.21708441,898.05450264,0.38204634,-0.08356309,-0.17191413,-0.12654397
2022-12-07,0.01474967,-0.00174311,0.00455790,1126.81271126,1792.97818260,1459.89544693,563.40635563,896.48909130,0.38592240,-0.07004595,-0.17335758,-0.12256285
2022-12-08,-0.00461009,-0.01741261,-0.01247183,1121.61799878,1761.75775810,1441.68787844,560.80899939,880.87887905,0.38899474,-0.07433312,-0.18775158,-0.13350610
2022-12-09,0.00000000,-0.00765745,-0.00467874,1121.61799878,1748.26718051,1434.94258964,560.80899939,874.13359025,0.39082330,-0.07433312,-0.19397134,-0.13756020
2022-12-10,0.00000000,0.00000000,0.00000000,1121.61799878,1748.26718051,1434.94258964,560.80899939,874.13359025,0.39082330,-0.07433312,-0.19397134,-0.13756020
2022-12-11,0.00077721,0.00185660,0.00143475,1122.48973035,1751.51302145,1437.00137590,561.24486518,875.75651073,0.39056669,-0.07361369,-0.19247486,-0.13632282
2022-12-12,-0.00494469,-0.00334311,-0.00396863,1116.93937060,1745.65751338,1431.29844199,558.46968530,872.82875669,0.39018395,-0.07819438,-0.19517451,-0.13975044
2022-12-13,0.01922984,0.00000000,0.00750318,1138.41794038,1745.65751338,1442.03772688,569.20897019,872.82875669,0.39472544,-0.06046820,-0.19517451,-0.13329583
2022-12-14,0.00827131,0.00000000,0.00326490,1147.83414814,1745.65751338,1446.74583076,573.91707407,872.82875669,0.39669516,-0.05269704,-0.19517451,-0.13046613
2022-12-15,0.00000000,0.00000000,0.00000000,1147.83414814,1745.65751338,1446.74583076,573.91707407,872.82875669,0.39669516,-0.05269704,-0.19517451,-0.13046613
2022-12-16,0.03419887,0.06205100,0.05100220,1187.08877695,1853.97731529,1520.53304612,593.54438847,926.98865764,0.39035284,-0.02030035,-0.14523428,-0.08611799
2022-12-17,-0.00830563,-0.01537996,-0.01261847,1177.22926134,1825.46321681,1501.34623907,588.61463067,912.73160840,0.39205788,-0.02843737,-0.15838054,-0.09764979
2022-12-18,-0.00014426,0.00315016,0.00185856,1177.05943784,1831.21372363,1504.13658074,588.52971892,915.60686182,0.39127412,-0.02857752,-0.15572930,-0.09597272
2022-12-19,-0.00561558,0.01167262,0.00490819,1170.44956398,1852.58877827,1511.51917113,585.22478199,926.29438914,0.38717655,-0.03403263,-0.14587445,-0.09153558
2022-12-20,0.00000000,-0.03718789,-0.02278961,1170.44956398,1783.69490138,1477.07223268,585.22478199,891.84745069,0.39620593,-0.03403263,-0.17763759,-0.11223913
2022-12-21,0.00000000,0.00248478,0.00150030,1170.44956398,1788.12699932,1479.28828165,585.22478199,894.06349966,0.39561240,-0.03403263,-0.17559419,-0.11090723
2022-12-22,-0.00478162,-0.00308259,-0.00375475,1164.85292376,1782.61492815,1473.73392595,582.42646188,891.30746407,0.39520462,-0.03865151,-0.17813550,-0.11424555
2022-12-23,0.00000000,-0.00179391,-0.00108495,1164.85292376,1779.41708533,1472.13500454,582.42646188,889.70854266,0.39563387,-0.03865151,-0.17960985,-0.11520654
2022-12-24,0.00000000,-0.00033105,-0.00020008,1164.85292376,1778.82800902,1471.84046639,582.42646188,889.41400451,0.39571304,-0.03865151,-0.17988144,-0.11538357
2022-12-25,-0.00314109,0.00149810,-0.00033768,1161.19401852,1781.49287803,1471.34344828,580.59700926,890.74643902,0.39460332,-0.04167119,-0.17865282,-0.11568229
2022-12-26,0.00000000,-0.00755804,-0.00457561,1161.19401852,1768.02827669,1464.61114760,580.59700926,884.01413834,0.39641717,-0.04167119,-0.18486059,-0.11972859
2022-12-27,-0.01086571,0.01313692,0.00362186,1148.57682638,1791.25471401,1469.91577019,574.28841319,895.62735701,0.39069478,-0.05208411,-0.17415218,-0.11654036
2022-12-28,-0.00708827,0.01675632,0.00744036,1140.43540140,1821.26955451,1480.85247796,570.21770070,910.63477726,0.38506044,-0.05880320,-0.16031401,-0.10996710
2022-12-29,0.00000000,-0.00796285,-0.00489667,1140.43540140,1806.76705681,1473.60122911,570.21770070,903.38352841,0.38695523,-0.05880320,-0.16700030,-0.11432530
2022-12-30,-0.00096046,0.00038814,-0.00013371,1139.34006172,1807.46833813,1473.40419993,569.67003086,903.73416907,0.38663527,-0.05970717,-0.16667698,-0.11444372
2022-12-31,0.00000000,0.00299529,0.00183721,1139.34006172,1812.88222992,1476.11114582,569.67003086,906.44111496,0.38592624,-0.05970717,-0.16418093,-0.11281677
2023-01-01,0.00000000,-0.00325713,-0.00200012,1139.34006172,1806.97744121,1473.15875146,569.67003086,903.48872060,0.38669969,-0.05970717,-0.16690330,-0.11459124
2023-01-02,0.00000000,-0.00199191,-0.00122164,1139.34006172,1803.37810598,1471.35908385,569.67003086,901.68905299,0.38717267,-0.05970717,-0.16856276,-0.11567289
2023-01-03,0.00000000,-0.00347326,-0.00212851,1139.34006172,1797.11450637,1468.22728404,569.67003086,898.55725319,0.38799853,-0.05970717,-0.17145055,-0.11755519
2023-01-04,-0.00453917,0.03021831,0.01673246,1134.16840361,1851.42026367,1492.79433364,567.08420180,925.71013183,0.37988100,-0.06397532,-0.14641319,-0.10278972
2023-01-05,0.00000000,-0.00450511,-0.00279370,1134.16840361,1843.07941241,1488.62390801,567.08420180,921.53970621,0.38094525,-0.06397532,-0.15025869,-0.10529626
2023-01-06,0.00727889,0.01431209,0.01163282,1142.42389539,1869.45772292,1505.94080916,571.21194770,934.72886146,0.37930571,-0.05716210,-0.13809712,-0.09488833
2023-01-07,-0.00029512,-0.00399656,-0.00259258,1142.08674664,1861.98632436,1502.03653550,571.04337332,930.99316218,0.38017942,-0.05744035,-0.14154177,-0.09723490
2023-01-08,-0.00446589,0.02064864,0.01110062,1136.98631568,1900.43381716,1518.71006642,568.49315784,950.21690858,0.37432632,-0.06164971,-0.12381577,-0.08721366
2023-01-09,0.00346688,0.02344117,0.01596427,1140.92811219,1944.98221530,1542.95516374,570.46405609,972.49110765,0.36972173,-0.05839656,-0.10327698,-0.07264169
2023-01-10,0.00000000,0.01153927,0.00727295,1140.92811219,1967.42588396,1554.17699807,570.46405609,983.71294198,0.36705218,-0.05839656,-0.09292946,-0.06589706
2023-01-11,0.02341935,0.02535474,0.02464435,1167.64790325,2017.30945815,1592.47868070,583.82395162,1008.65472908,0.36661335,-0.03634483,-0.06993092,-0.04287670
2023-01-12,0.05150060,-0.00720846,0.01431507,1227.78247654,2002.76777351,1615.27512503,613.89123827,1001.38388676,0.38005367,0.00000000,-0.07663528,-0.02917541
2023-01-13,0.05720314,0.00000000,0.02174026,1298.01548847,2002.76777351,1650.39163099,649.00774424,1001.38388676,0.39324469,0.00000000,-0.07663528,-0.00806943
2023-01-14,0.05164854,0.03079028,0.03899268,1365.05609077,2064.43354469,1714.74481773,682.52804539,1032.21677234,0.39803476,0.00000000,-0.04820463,0.00000000
2023-01-15,-0.00357959,0.00000000,-0.00142480,1360.16974950,2064.43354469,1712.30164709,680.08487475,1032.21677234,0.39717586,-0.00357959,-0.04820463,-0.00142480
2023-01-16,0.00889544,-0.03142417,-0.01541020,1372.26905779,1999.56042734,1685.91474257,686.13452890,999.78021367,0.40698056,0.00000000,-0.07811401,-0.01681304
2023-01-17,-0.00259684,-0.01314915,-0.00885456,1368.70549557,1973.26791176,1670.98670367,684.35274779,986.63395588,0.40955009,-0.00259684,-0.09023603,-0.02551873
2023-01-18,0.01111313,0.02427657,0.01888548,1383.91609128,2021.17208599,1702.54408863,691.95804564,1010.58604299,0.40642592,0.00000000,-0.06815008,-0.00711519
2023-01-19,-0.01945877,-0.02498468,-0.02273881,1356.98678853,1970.67374407,1663.83026630,678.49339426,985.33687204,0.40779003,-0.01945877,-0.09143205,-0.02969220
2023-01-20,-0.01144776,-0.01721819,-0.01486507,1341.45232894,1936.74230195,1639.09731545,670.72616447,968.37115098,0.40920460,-0.03068377,-0.10707595,-0.04411589
2023-01-21,-0.02136289,-0.02659170,-0.02445204,1312.79502964,1885.24104128,1599.01803546,656.39751482,942.62052064,0.41050038,-0.05139117,-0.13082031,-0.06748922
2023-01-22,0.00000000,0.00000000,0.00000000,1312.79502964,1885.24104128,1599.01803546,656.39751482,942.62052064,0.41050038,-0.05139117,-0.13082031,-0.06748922
2023-01-23,-0.01379363,-0.01637138,-0.01531321,1294.68682692,1854.37704448,1574.53193570,647.34341346,927.18852224,0.41113387,-0.06447592,-0.14504998,-0.08176895
2023-01-24,0.00254494,0.02646665,0.01663163,1297.98172079,1903.45620136,1600.71896108,648.99086039,951.72810068,0.40543710,-0.06209507,-0.12242232,-0.06649727
2023-01-25,-0.00755880,-0.01579909,-0.01245817,1288.17054028,1873.38331617,1580.77692822,644.08527014,936.69165808,0.40744855,-0.06918451,-0.13628725,-0.07812701
2023-01-26,-0.00190942,0.00000000,-0.00077799,1285.71088588,1873.38331617,1579.54710102,642.85544294,936.69165808,0.40698719,-0.07096182,-0.13628725,-0.07884422
2023-01-27,-0.01472314,-0.01690643,-0.01601786,1266.78118622,1841.71109078,1554.24613850,633.39059311,920.85554539,0.40752271,-0.08464018,-0.15088955,-0.09359916
2023-01-28,0.00000000,0.00000000,0.00000000,1266.78118622,1841.71109078,1554.24613850,633.39059311,920.85554539,0.40752271,-0.08464018,-0.15088955,-0.09359916
2023-01-29,0.00000000,-0.00182221,-0.00107962,1266.78118622,1838.35510912,1552.56814767,633.39059311,919.17755456,0.40796315,-0.08464018,-0.15243681,-0.09457773
2023-01-30,-0.00167791,0.00667581,0.00326780,1264.65564317,1850.62761509,1557.64162913,632.32782158,925.31380754,0.40595206,-0.08617607,-0.14677864,-0.09161899
2023-01-31,-0.01156999,-0.01175725,-0.01168123,1250.02358994,1828.86932607,1539.44645800,625.01179497,914.43466303,0.40599775,-0.09674900,-0.15681017,-0.10223000
2023-02-01,0.00000000,-0.01377718,-0.00818368,1250.02358994,1803.67265641,1526.84812317,625.01179497,901.83632820,0.40934772,-0.09674900,-0.16842696,-0.10957706
2023-02-02,0.00000000,0.00000000,0.00000000,1250.02358994,1803.67265641,1526.84812317,625.01179497,901.83632820,0.40934772,-0.09674900,-0.16842696,-0.10957706
2023-02-03,0.00000000,0.00000000,0.00000000,1250.02358994,1803.67265641,1526.84812317,625.01179497,901.83632820,0.40934772,-0.09674900,-0.16842696,-0.10957706
2023-02-04,-0.00178053,-0.00978169,-0.00650643,1247.79788643,1786.02969059,1516.91378851,623.89894321,893.01484530,0.41129493,-0.09835727,-0.17656114,-0.11537054
2023-02-05,-0.00388348,-0.00401078,-0.00395842,1242.95209260,1778.86631901,1510.90920581,621.47604630,889.43315951,0.41132587,-0.10185878,-0.17986378,-0.11887227
2023-02-06,-0.01023118,-0.00940717,-0.00974611,1230.23522221,1762.13222622,1496.18372422,615.11761111,881.06611311,0.41112438,-0.11104782,-0.18757893,-0.12745984
2023-02-07,-0.01975735,-0.01390956,-0.01631373,1205.92903580,1737.62174875,1471.77539227,602.96451790,868.81087437,0.40968515,-0.12861116,-0.19887935,-0.14169422
2023-02-08,0.00000000,0.00000000,0.00000000,1205.92903580,1737.62174875,1471.77539227,602.96451790,868.81087437,0.40968515,-0.12861116,-0.19887935,-0.14169422
2023-02-09,0.01645941,0.02564720,0.02188310,1225.77791701,1782.18688885,1503.98240293,612.88895851,891.09344442,0.40751072,-0.11426861,-0.17833285,-0.12291182
2023-02-10,0.00723094,0.01984078,0.01470214,1234.64144377,1817.54687162,1526.09415769,617.32072188,908.77343581,0.40451025,-0.10786394,-0.16203033,-0.11001675
2023-02-11,-0.00884489,-0.01533367,-0.01270889,1223.72117098,1789.67720418,1506.69918758,611.86058549,894.83860209,0.40609339,-0.11575479,-0.17487948,-0.12132746
2023-02-12,0.00000000,0.01448942,0.00860536,1223.72117098,1815.60858827,1519.66487962,611.86058549,907.80429413,0.40262863,-0.11575479,-0.16292396,-0.11376616
2023-02-13,-0.00909499,0.00578416,-0.00020661,1212.59143904,1826.11036079,1519.35089992,606.29571952,913.05518040,0.39904917,-0.12379699,-0.15808218,-0.11394927
2023-02-14,-0.01168275,-0.02995936,-0.02266609,1198.42503379,1771.40126630,1484.91315005,599.21251689,885.70063315,0.40353371,-0.13403346,-0.18330550,-0.13403258
2023-02-15,0.08246424,0.07666187,0.07900332,1297.25224027,1907.20019772,1602.22621900,648.62612014,953.60009886,0.40482805,-0.06262219,-0.12069617,-0.06561828
2023-02-16,0.00530335,0.00342450,0.00418511,1304.13202882,1913.73140238,1608.93171560,652.06601441,956.86570119,0.40527886,-0.05765094,-0.11768499,-0.06170778
2023-02-17,-0.03443001,-0.00309960,-0.01579715,1259.23075635,1907.79960183,1583.51517909,629.61537818,953.89980091,0.39760615,-0.09009602,-0.12041982,-0.07653013
2023-02-18,0.00000000,-0.00132892,-0.00080053,1259.23075635,1905.26429112,1582.24752373,629.61537818,952.63214556,0.39792470,-0.09009602,-0.12158871,-0.07726939
2023-02-19,0.00000000,-0.01469509,-0.00884755,1259.23075635,1877.26625702,1568.24850668,629.61537818,938.63312851,0.40147679,-0.09009602,-0.13449704,-0.08543330
2023-02-20,-0.01272724,-0.01441493,-0.01373736,1243.20422696,1850.20558636,1546.70490666,621.60211348,925.10279318,0.40188798,-0.10167659,-0.14697321,-0.09799704
2023-02-21,-0.00202006,0.01642546,0.00901243,1240.69288149,1880.59606932,1560.64447540,620.34644074,940.29803466,0.39749376,-0.10349125,-0.13296185,-0.08986780
2023-02-22,0.00000000,0.00968543,0.00583553,1240.69288149,1898.81044328,1569.75166238,620.34644074,949.40522164,0.39518763,-0.10349125,-0.12456422,-0.08455670
2023-02-23,-0.01179113,-0.02773780,-0.02143587,1226.06371236,1846.14162382,1536.10266809,613.03185618,923.07081191,0.39908261,-0.11406210,-0.14884688,-0.10418002
2023-02-24,-0.00417246,-0.00314087,-0.00355256,1220.94801021,1840.34312827,1530.64556924,610.47400511,920.17156414,0.39883433,-0.11775864,-0.15152024,-0.10736248
2023-02-25,0.00121704,0.00000000,0.00048540,1222.43395507,1840.34312827,1531.38854167,611.21697753,920.17156414,0.39912600,-0.11668492,-0.15152024,-0.10692919
2023-02-26,-0.01134109,0.00000000,-0.00452652,1208.57021808,1840.34312827,1524.45667317,604.28510904,920.17156414,0.39639376,-0.12670268,-0.15152024,-0.11097170
2023-02-27,-0.00347147,0.00000000,-0.00137607,1204.37470156,1840.34312827,1522.35891491,602.18735078,920.17156414,0.39556201,-0.12973430,-0.15152024,-0.11219506
2023-02-28,0.00000000,0.00559954,0.00338457,1204.37470156,1850.64819514,1527.51144835,602.18735078,925.32409757,0.39422772,-0.12973430,-0.14676915,-0.10919022
2023-03-01,-0.00468121,-0.04452856,-0.02881963,1198.73676953,1768.24149546,1483.48913250,599.36838476,884.12074773,0.40402614,-0.13380820,-0.18476229,-0.13486303
2023-03-02,0.00000000,0.00000000,0.00000000,1198.73676953,1768.24149546,1483.48913250,599.36838476,884.12074773,0.40402614,-0.13380820,-0.18476229,-0.13486303
2023-03-03,0.02155157,0.01879086,0.01990626,1224.57143452,1801.46828069,1513.01985761,612.28571726,900.73414035,0.40467791,-0.11514040,-0.16944327,-0.11764139
2023-03-04,0.00051381,0.00166839,0.00120116,1225.20063762,1804.47384040,1514.83723901,612.60031881,902.23692020,0.40440009,-0.11468575,-0.16805757,-0.11658153
2023-03-05,-0.00898640,0.00131657,-0.00284995,1214.19048925,1806.84955855,1510.52002390,607.09524463,903.42477928,0.40191142,-0.12264154,-0.16696226,-0.11909923
2023-03-06,0.00000000,-0.00077056,-0.00046086,1214.19048925,1805.45727722,1509.82388324,607.09524463,902.72863861,0.40209673,-0.12264154,-0.16760417,-0.11950521
2023-03-07,0.00000000,0.00237466,0.00141982,1214.19048925,1809.74461974,1511.96755450,607.09524463,904.87230987,0.40152664,-0.12264154,-0.16562751,-0.11825507
2023-03-08,0.00000000,-0.00006265,-0.00003750,1214.19048925,1809.63123500,1511.91086213,607.09524463,904.81561750,0.40154169,-0.12264154,-0.16567979,-0.11828813
2023-03-09,0.03277732,0.04707690,0.04133503,1253.98840232,1894.82307187,1574.40573710,626.99420116,947.41153594,0.39824182,-0.09388408,-0.12640257,-0.08184255
2023-03-10,0.00679790,0.01100660,0.00933052,1262.51289329,1915.67863235,1589.09576282,631.25644665,957.83931618,0.39724255,-0.08772439,-0.11678724,-0.07327566
2023-03-11,0.00000000,-0.02318760,-0.01397650,1262.51289329,1871.25864684,1566.88577007,631.25644665,935.62932342,0.40287330,-0.08772439,-0.13726682,-0.08622802
2023-03-12,0.00640367,0.00000000,0.00257987,1270.59760594,1871.25864684,1570.92812639,635.29880297,935.62932342,0.40440985,-0.08188248,-0.13726682,-0.08387061
2023-03-13,0.09137204,-0.02675147,0.02101884,1386.69469753,1821.19971997,1603.94720875,693.34734876,910.59985998,0.43227567,0.00000000,-0.16034620,-0.06461463
2023-03-14,0.02235622,-0.02189711,-0.00276747,1417.69594459,1781.32070714,1599.50832587,708.84797230,890.66035357,0.44316617,0.00000000,-0.17873219,-0.06720329
2023-03-15,-0.01544053,0.00000000,-0.00684272,1395.80596977,1781.32070714,1588.56333846,697.90298489,890.66035357,0.43932966,-0.01544053,-0.17873219,-0.07358616
2023-03-16,0.02799892,0.00000000,0.01230075,1434.88702429,1781.32070714,1608.10386572,717.44351215,890.66035357,0.44614252,0.00000000,-0.17873219,-0.06219057
2023-03-17,0.09648529,0.00000000,0.04304619,1573.33251949,1781.32070714,1677.32661332,786.66625975,890.66035357,0.46900005,0.00000000,-0.17873219,-0.02182144
2023-03-18,-0.01770099,-0.00940324,-0.01329489,1545.48297037,1764.57052364,1655.02674701,772.74148519,882.28526182,0.46690574,-0.01770099,-0.18645477,-0.03482621
2023-03-19,0.03982190,0.00000000,0.01859307,1607.02703571,1764.57052364,1685.79877967,803.51351785,882.28526182,0.47663667,0.00000000,-0.18645477,-0.01688067
2023-03-20,-0.02383137,0.00000000,-0.01135891,1568.72937296,1764.57052364,1666.64994830,784.36468648,882.28526182,0.47062353,-0.02383137,-0.18645477,-0.02804783
2023-03-21,0.00000000,0.00000000,0.00000000,1568.72937296,1764.57052364,1666.64994830,784.36468648,882.28526182,0.47062353,-0.02383137,-0.18645477,-0.02804783
2023-03-22,0.00000000,0.00000000,0.00000000,1568.72937296,1764.57052364,1666.64994830,784.36468648,882.28526182,0.47062353,-0.02383137,-0.18645477,-0.02804783
2023-03-23,0.00000000,0.00000000,0.00000000,1568.72937296,1764.57052364,1666.64994830,784.36468648,882.28526182,0.47062353,-0.02383137,-0.18645477,-0.02804783
2023-03-24,0.00000000,0.00000000,0.00000000,1568.72937296,1764.57052364,1666.64994830,784.36468648,882.28526182,0.47062353,-0.02383137,-0.18645477,-0.02804783
2023-03-25,0.00000000,0.00000000,0.00000000,1568.72937296,1764.57052364,1666.64994830,784.36468648,882.28526182,0.47062353,-0.02383137,-0.18645477,-0.02804783
2023-03-26,0.00000000,0.00000000,0.00000000,1568.72937296,1764.57052364,1666.64994830,784.36468648,882.28526182,0.47062353,-0.02383137,-0.18645477,-0.02804783
2023-03-27,0.00000000,0.00000000,0.00000000,1568.72937296,1764.57052364,1666.64994830,784.36468648,882.28526182,0.47062353,-0.02383137,-0.18645477,-0.02804783
2023-03-28,0.00000000,-0.00585262,-0.00309824,1568.72937296,1754.24316353,1661.48626824,784.36468648,877.12158177,0.47208617,-0.02383137,-0.19121614,-0.03105917
2023-03-29,0.00000000,0.00000000,0.00000000,1568.72937296,1754.24316353,1661.48626824,784.36468648,877.12158177,0.47208617,-0.02383137,-0.19121614,-0.03105917
2023-03-30,-0.00587852,-0.01339384,-0.00984596,1559.50756188,1730.74710662,1645.12733425,779.75378094,865.37355331,0.47397777,-0.02956980,-0.20204887,-0.04059933
2023-03-31,0.00000000,0.00713934,0.00375545,1559.50756188,1743.10349019,1651.30552604,779.75378094,871.55174510,0.47220443,-0.02956980,-0.19635203,-0.03699635
2023-04-01,0.00000000,-0.00040094,-0.00021162,1559.50756188,1742.40460459,1650.95608324,779.75378094,871.20230230,0.47230437,-0.02956980,-0.19667424,-0.03720013
2023-04-02,0.00000000,-0.01306503,-0.00689436,1559.50756188,1719.64004050,1639.57380119,779.75378094,859.82002025,0.47558322,-0.02956980,-0.20716972,-0.04383802
2023-04-03,0.00000000,-0.02209617,-0.01158760,1559.50756188,1681.64257423,1620.57506805,779.75378094,840.82128711,0.48115869,-0.02956980,-0.22468823,-0.05491765
2023-04-04,0.00000000,0.00000000,0.00000000,1559.50756188,1681.64257423,1620.57506805,779.75378094,840.82128711,0.48115869,-0.02956980,-0.22468823,-0.05491765
2023-04-05,0.00000000,0.00000000,0.00000000,1559.50756188,1681.64257423,1620.57506805,779.75378094,840.82128711,0.48115869,-0.02956980,-0.22468823,-0.05491765
2023-04-06,0.00000000,0.00000000,0.00000000,1559.50756188,1681.64257423,1620.57506805,779.75378094,840.82128711,0.48115869,-0.02956980,-0.22468823,-0.05491765
2023-04-07,0.00000000,0.00000000,0.00000000,1559.50756188,1681.64257423,1620.57506805,779.75378094,840.82128711,0.48115869,-0.02956980,-0.22468823,-0.05491765
2023-04-08,0.00000000,0.00000000,0.00000000,1559.50756188,1681.64257423,1620.57506805,779.75378094,840.82128711,0.48115869,-0.02956980,-0.22468823,-0.05491765
2023-04-09,-0.00052057,0.00000000,-0.00025048,1558.69573425,1681.64257423,1620.16915424,779.34786713,840.82128711,0.48102870,-0.03007498,-0.22468823,-0.05515437
2023-04-10,0.04631583,0.01403814,0.02956463,1630.88802559,1705.24970046,1668.06886303,815.44401280,852.62485023,0.48885513,0.00000000,-0.21380430,-0.02722035
2023-04-11,0.02004100,-0.00185842,0.00884722,1663.57264530,1702.08063006,1682.82663768,831.78632265,851.04031503,0.49427927,0.00000000,-0.21526538,-0.01861395
2023-04-12,-0.01433593,-0.02447503,-0.01946348,1639.72378429,1660.42215901,1650.07297165,819.86189215,830.21107951,0.49686402,-0.01433593,-0.23447178,-0.03771514
2023-04-13,0.00000000,0.03262678,0.01641571,1639.72378429,1714.59638242,1677.16008336,819.86189215,857.29819121,0.48883938,-0.01433593,-0.20949507,-0.02191856
2023-04-14,-0.00818196,0.04374647,0.01836181,1626.30763191,1789.60392587,1707.95577889,813.15381595,894.80196294,0.47609770,-0.02240059,-0.17491326,-0.00395921
2023-04-15,-0.00313250,-0.00447332,-0.00383496,1621.21322213,1781.59846062,1701.40584137,810.60661106,890.79923031,0.47643342,-0.02546292,-0.17860414,-0.00777899
2023-04-16,-0.00481463,0.01343240,0.00473890,1613.40767550,1805.52960116,1709.46863833,806.70383775,902.76480058,0.47190327,-0.03015496,-0.16757082,-0.00307695
2023-04-17,0.02039788,-0.00256866,0.00826933,1646.31777214,1800.89181399,1723.60479307,823.15888607,900.44590699,0.47757983,-0.01037218,-0.16970905,0.00000000
2023-04-18,-0.02709761,-0.03099703,-0.02913474,1601.70649549,1745.06951895,1673.38800722,800.85324775,872.53475948,0.47858192,-0.03718873,-0.19544560,-0.02913474
2023-04-19,0.02239668,0.04612355,0.03476830,1637.57940839,1825.55831296,1731.56886067,818.78970420,912.77915648,0.47286003,-0.01562495,-0.15833670,0.00000000
2023-04-20,0.01952806,-0.00435963,0.00693590,1669.55815914,1817.59954526,1743.57885220,834.77907957,908.79977263,0.47877335,0.00000000,-0.16200604,0.00000000
2023-04-21,0.03199925,0.04459198,0.03856292,1722.98276141,1898.64991465,1810.81633803,861.49138071,949.32495732,0.47574752,0.00000000,-0.12463823,0.00000000
2023-04-22,-0.01381629,-0.01150140,-0.01260270,1699.17754046,1876.81277691,1787.99515869,849.58877023,938.40638845,0.47516279,-0.01381629,-0.13470612,-0.01260270
2023-04-23,-0.00922202,0.00557464,-0.00145618,1683.50768933,1887.27532990,1785.39150962,841.75384467,943.63766495,0.47146737,-0.02291089,-0.12988242,-0.01404053
2023-04-24,-0.00707252,-0.02372318,-0.01587293,1671.60105333,1842.50315943,1757.05210638,835.80052666,921.25157971,0.47568340,-0.02982137,-0.15052437,-0.02969060
2023-04-25,-0.00178337,0.00000000,-0.00084832,1668.61996781,1842.50315943,1755.56156362,834.30998391,921.25157971,0.47523824,-0.03155156,-0.15052437,-0.03051374
2023-04-26,-0.03371170,-0.03277062,-0.03321786,1612.36794899,1782.12318231,1697.24556565,806.18397449,891.06159116,0.47499548,-0.06419960,-0.17836222,-0.06271800
2023-04-27,-0.02746185,0.00000000,-0.01304425,1568.08934995,1782.12318231,1675.10626613,784.04467498,891.06159116,0.46805668,-0.08989841,-0.17836222,-0.07494414
2023-04-28,0.00000000,-0.00359587,-0.00191280,1568.08934995,1775.71489563,1671.90212279,784.04467498,887.85744782,0.46895369,-0.08989841,-0.18131672,-0.07671359
2023-04-29,0.00000000,-0.00961463,-0.00510581,1568.08934995,1758.64205431,1663.36570213,784.04467498,879.32102716,0.47136037,-0.08989841,-0.18918806,-0.08142771
2023-04-30,-0.00748398,-0.00041317,-0.00374607,1556.35380653,1757.91543129,1657.13461891,778.17690326,878.95771564,0.46959185,-0.09670959,-0.18952306,-0.08486875
2023-05-01,0.03958382,0.02074831,0.02959331,1617.96024215,1794.38920110,1706.17472163,808.98012108,897.19460055,0.47414846,-0.06095390,-0.17270704,-0.05778698
2023-05-02,-0.01389400,-0.01177645,-0.01278048,1595.48030960,1773.25766015,1684.36898487,797.74015480,886.62883007,0.47361366,-0.07400100,-0.18244962,-0.06982892
2023-05-03,-0.00977634,-0.00912999,-0.00943611,1579.88235195,1757.06782667,1668.47508931,789.94117598,878.53391333,0.47345099,-0.08305388,-0.18991385,-0.07860612
2023-05-04,0.00000000,0.00000000,0.00000000,1579.88235195,1757.06782667,1668.47508931,789.94117598,878.53391333,0.47345099,-0.08305388,-0.18991385,-0.07860612
2023-05-05,-0.01207343,0.04806478,0.01959229,1560.80774903,1841.52091184,1701.16433044,780.40387452,920.76045592,0.45874691,-0.09412457,-0.15097723,-0.06055391
2023-05-06,-0.00400519,-0.05524616,-0.03173953,1554.55641593,1739.78394702,1647.17018148,777.27820797,869.89197351,0.47188701,-0.09775277,-0.19788248,-0.09037148
2023-05-07,-0.00884378,-0.00045000,-0.00441092,1540.80826089,1739.00104424,1639.90465257,770.40413044,869.50052212,0.46978593,-0.10573205,-0.19824344,-0.09438378
2023-05-08,0.02747795,0.01221679,0.01938627,1583.14650599,1760.24605352,1671.69627976,791.57325299,880.12302676,0.47351499,-0.08115940,-0.18844854,-0.07682726
2023-05-09,0.00136793,0.00054957,0.00093708,1585.31214513,1761.21342697,1673.26278605,792.65607256,880.60671349,0.47371882,-0.07990249,-0.18800254,-0.07596218
2023-05-10,-0.02765396,-0.02940506,-0.02857553,1541.47197865,1709.42484602,1625.44841234,770.73598933,854.71242301,0.47416823,-0.10534684,-0.21187937,-0.10236705
2023-05-11,0.00000000,-0.00769150,-0.00404443,1541.47197865,1696.27681259,1618.87439562,770.73598933,848.13840630,0.47609375,-0.10534684,-0.21794120,-0.10599747
2023-05-12,-0.00801725,0.00197120,-0.00278424,1529.11360560,1699.62052157,1614.36706359,764.55680280,849.81026079,0.47359539,-0.11251950,-0.21639960,-0.10848658
2023-05-13,0.00000000,0.00000000,0.00000000,1529.11360560,1699.62052157,1614.36706359,764.55680280,849.81026079,0.47359539,-0.11251950,-0.21639960,-0.10848658
2023-05-14,0.00000000,0.00000000,0.00000000,1529.11360560,1699.62052157,1614.36706359,764.55680280,849.81026079,0.47359539,-0.11251950,-0.21639960,-0.10848658
2023-05-15,-0.00942039,-0.00227466,-0.00565884,1514.70876193,1695.75446777,1605.23161485,757.35438096,847.87723388,0.47180380,-0.12087991,-0.21818202,-0.11353152
2023-05-16,-0.01029693,-0.01853358,-0.01464749,1499.11191861,1664.32606732,1581.71899296,749.55595930,832.16303366,0.47388693,-0.12993214,-0.23267191,-0.12651606
2023-05-17,-0.00806551,-0.00831175,-0.00819506,1487.02081622,1650.49259821,1568.75670721,743.51040811,825.24629910,0.47394883,-0.13694968,-0.23904975,-0.13367431
2023-05-18,-0.01129268,-0.00955039,-0.01037615,1470.22836788,1634.72975009,1552.47905898,735.11418394,817.36487504,0.47350989,-0.14669583,-0.24631712,-0.14266344
2023-05-19,0.00000000,0.00000000,0.00000000,1470.22836788,1634.72975009,1552.47905898,735.11418394,817.36487504,0.47350989,-0.14669583,-0.24631712,-0.14266344
2023-05-20,0.00000000,0.00000000,0.00000000,1470.22836788,1634.72975009,1552.47905898,735.11418394,817.36487504,0.47350989,-0.14669583,-0.24631712,-0.14266344
2023-05-21,0.00000000,-0.00110975,-0.00058427,1470.22836788,1632.91561262,1551.57199025,735.11418394,816.45780631,0.47378671,-0.14669583,-0.24715352,-0.14316435
2023-05-22,0.00000000,-0.01141776,-0.00600818,1470.22836788,1614.27137032,1542.24986910,735.11418394,807.13568516,0.47665051,-0.14669583,-0.25574934,-0.14831237
2023-05-23,0.00000000,0.01175731,0.00615318,1470.22836788,1633.25085250,1551.73961019,735.11418394,816.62542625,0.47373553,-0.14669583,-0.24699896,-0.14307179
2023-05-24,0.01830585,-0.01044794,0.00317375,1497.14214259,1616.18674095,1556.66444177,748.57107129,808.09337047,0.48088146,-0.13107538,-0.25486627,-0.14035211
2023-05-25,-0.01107178,-0.01202866,-0.01156852,1480.56611077,1596.74617274,1538.65614175,740.28305538,798.37308637,0.48112313,-0.14069592,-0.26382924,-0.15029696
2023-05-26,0.00000000,0.00000000,0.00000000,1480.56611077,1596.74617274,1538.65614175,740.28305538,798.37308637,0.48112313,-0.14069592,-0.26382924,-0.15029696
2023-05-27,0.00000000,0.00000000,0.00000000,1480.56611077,1596.74617274,1538.65614175,740.28305538,798.37308637,0.48112313,-0.14069592,-0.26382924,-0.15029696
2023-05-28,0.03886877,0.03727169,0.03804008,1538.11389562,1656.25960496,1597.18675029,769.05694781,828.12980248,0.48150722,-0.10729583,-0.23639091,-0.11797419
2023-05-29,-0.00447549,-0.00840754,-0.00651423,1531.23008270,1642.33454346,1586.78231308,765.61504135,821.16727173,0.48249532,-0.11129112,-0.24281098,-0.12371990
2023-05-30,0.00000000,0.00422355,0.00218571,1531.23008270,1649.27102983,1590.25055626,765.61504135,824.63551492,0.48144303,-0.11129112,-0.23961295,-0.12180461
2023-05-31,0.00171292,-0.00534728,-0.00194820,1533.85294993,1640.45191446,1587.15243220,766.92647497,820.22595723,0.48320909,-0.10976884,-0.24367895,-0.12351551
2023-06-01,0.00423825,0.00632490,0.00531661,1540.35380415,1650.82761272,1595.59070843,770.17690207,825.41380636,0.48269077,-0.10599581,-0.23889530,-0.11885558
2023-06-02,-0.00875869,-0.01525926,-0.01212149,1526.86231919,1625.63720857,1576.24976388,763.43115959,812.81860428,0.48433388,-0.11382612,-0.25050919,-0.12953637
2023-06-03,0.00000000,0.00000000,0.00000000,1526.86231919,1625.63720857,1576.24976388,763.43115959,812.81860428,0.48433388,-0.11382612,-0.25050919,-0.12953637
2023-06-04,0.00000000,-0.00182224,-0.00093967,1526.86231919,1622.67490158,1574.76861038,763.43115959,811.33745079,0.48478942,-0.11382612,-0.25187494,-0.13035432
2023-06-05,0.02801035,0.04220319,0.03532265,1569.63026412,1691.15696411,1630.39361411,784.81513206,845.57848206,0.48136544,-0.08900408,-0.22030168,-0.09963613
2023-06-06,-0.03577728,-0.03800269,-0.03693145,1513.47316348,1626.88845492,1570.18080920,756.73658174,813.44422746,0.48194232,-0.12159704,-0.24993231,-0.13288787
2023-06-07,0.00000000,-0.00944486,-0.00489298,1513.47316348,1611.52272349,1562.49794349,756.73658174,805.76136175,0.48431205,-0.12159704,-0.25701659,-0.13713064
2023-06-08,0.00000000,0.00000000,0.00000000,1513.47316348,1611.52272349,1562.49794349,756.73658174,805.76136175,0.48431205,-0.12159704,-0.25701659,-0.13713064
2023-06-09,-0.00086552,0.00000000,-0.00041918,1512.16322567,1611.52272349,1561.84297458,756.08161284,805.76136175,0.48409579,-0.12235731,-0.25701659,-0.13749233
2023-06-10,0.01222049,0.02379635,0.01819252,1530.64259693,1649.87107440,1590.25683566,765.32129847,824.93553720,0.48125641,-0.11163209,-0.23933630,-0.12180114
2023-06-11,0.00000000,-0.00585342,-0.00303642,1530.64259693,1640.21368437,1585.42814065,765.32129847,820.10684219,0.48272216,-0.11163209,-0.24378879,-0.12446773
2023-06-12,0.00000000,0.00587952,0.00304134,1530.64259693,1649.85734897,1590.24997295,765.32129847,824.92867449,0.48125849,-0.11163209,-0.23934263,-0.12180493
2023-06-13,0.00000000,-0.01073905,-0.00557079,1530.64259693,1632.13945124,1581.39102409,765.32129847,816.06972562,0.48395450,-0.11163209,-0.24751137,-0.12669717
2023-06-14,0.02748145,0.02074523,0.02400525,1572.70687190,1665.99856493,1619.35271842,786.35343595,832.99928246,0.48559738,-0.08721845,-0.23190081,-0.10573332
2023-06-15,-0.00935315,-0.00929900,-0.00932529,1557.99710580,1650.50644860,1604.25177720,778.99855290,825.25322430,0.48558372,-0.09575584,-0.23904337,-0.11407262
2023-06-16,0.00000000,-0.02467075,-0.01269104,1557.99710580,1609.78721765,1583.89216173,778.99855290,804.89360882,0.49182550,-0.09575584,-0.25781674,-0.12531595
2023-06-17,-0.00347360,0.00000000,-0.00170841,1552.58524394,1609.78721765,1581.18623080,776.29262197,804.89360882,0.49095584,-0.09889682,-0.25781674,-0.12681027
2023-06-18,0.00000000,0.00000000,0.00000000,1552.58524394,1609.78721765,1581.18623080,776.29262197,804.89360882,0.49095584,-0.09889682,-0.25781674,-0.12681027
2023-06-19,-0.01328612,-0.00979232,-0.01150762,1531.95741626,1594.02366711,1562.99054168,765.97870813,797.01183355,0.49007252,-0.11086898,-0.26508443,-0.13685860
2023-06-20,0.04550323,0.00301061,0.02383508,1601.66643318,1598.82265789,1600.24454554,800.83321659,799.41132894,0.50044427,-0.07041065,-0.26287188,-0.11628556
2023-06-21,0.05985270,0.05422105,0.05703937,1697.53048930,1685.51249530,1691.52149230,848.76524465,842.75624765,0.50177621,-0.01477222,-0.22290403,-0.06587904
2023-06-22,-0.00888062,-0.00838495,-0.00863366,1682.45537414,1671.37955786,1676.91746600,841.22768707,835.68977893,0.50165122,-0.02352164,-0.22941994,-0.07394393
2023-06-23,0.00000000,-0.01316588,-0.00656120,1682.45537414,1649.37437215,1665.91487315,841.22768707,824.68718608,0.50496439,-0.02352164,-0.23956530,-0.08001997
2023-06-24,0.00000000,0.00000000,0.00000000,1682.45537414,1649.37437215,1665.91487315,841.22768707,824.68718608,0.50496439,-0.02352164,-0.23956530,-0.08001997
2023-06-25,0.00000000,0.00000000,0.00000000,1682.45537414,1649.37437215,1665.91487315,841.22768707,824.68718608,0.50496439,-0.02352164,-0.23956530,-0.08001997
2023-06-26,0.00000000,-0.00434129,-0.00214910,1682.45537414,1642.21395197,1662.33466305,841.22768707,821.10697598,0.50605194,-0.02352164,-0.24286657,-0.08199709
2023-06-27,0.00000000,-0.02585759,-0.01277231,1682.45537414,1599.75025012,1641.10281213,841.22768707,799.87512506,0.51259902,-0.02352164,-0.26244422,-0.09372211
2023-06-28,-0.00851288,-0.00541338,-0.00700218,1668.13282564,1591.09019836,1629.61151200,834.06641282,795.54509918,0.51181917,-0.03183429,-0.26643689,-0.10006803
2023-06-29,0.00000000,-0.01348408,-0.00658267,1668.13282564,1569.63580620,1618.88431592,834.06641282,784.81790310,0.51521063,-0.03183429,-0.27632832,-0.10599199
2023-06-30,-0.01787791,0.00000000,-0.00921089,1638.31009191,1569.63580620,1603.97294905,819.15504595,784.81790310,0.51070378,-0.04914307,-0.27632832,-0.11422660
2023-07-01,-0.00408972,0.00000000,-0.00208864,1631.60985475,1569.63580620,1600.62283047,815.80492738,784.81790310,0.50967968,-0.05303182,-0.27632832,-0.11607666
2023-07-02,-0.00076022,0.00000000,-0.00038747,1630.36946926,1569.63580620,1600.00263773,815.18473463,784.81790310,0.50948962,-0.05375172,-0.27632832,-0.11641915
2023-07-03,0.00711694,0.00000000,0.00362601,1641.97270818,1569.63580620,1605.80425719,820.98635409,784.81790310,0.51126179,-0.04701733,-0.27632832,-0.11321528
2023-07-04,-0.01333780,0.00000000,-0.00681911,1620.07239928,1569.63580620,1594.85410274,810.03619964,784.81790310,0.50790615,-0.05972803,-0.27632832,-0.11926236
2023-07-05,0.00076161,-0.00002095,0.00037652,1621.30625486,1569.60292908,1595.45459197,810.65312743,784.80146454,0.50810166,-0.05901191,-0.27634348,-0.11893075
2023-07-06,-0.01343035,0.02829552,0.00709454,1599.53153902,1614.01566480,1606.77360191,799.76576951,807.00783240,0.49774640,-0.07164971,-0.25586724,-0.11267997
2023-07-07,0.00000000,-0.01244300,-0.00624954,1599.53153902,1593.93247356,1596.73200629,799.76576951,796.96623678,0.50087664,-0.07164971,-0.26512648,-0.11822531
2023-07-08,0.00000000,0.00288766,0.00144130,1599.53153902,1598.53520979,1599.03337441,799.76576951,799.26760489,0.50015577,-0.07164971,-0.26300441,-0.11695441
2023-07-09,0.00000000,-0.01267406,-0.00633506,1599.53153902,1578.27527462,1588.90340682,799.76576951,789.13763731,0.50334449,-0.07164971,-0.27234514,-0.12254856
2023-07-10,-0.01337337,-0.00861987,-0.01101252,1578.14041893,1564.67074145,1571.40558019,789.07020947,782.33537073,0.50214293,-0.08406488,-0.27861743,-0.13221151
2023-07-11,0.00000000,0.00000000,0.00000000,1578.14041893,1564.67074145,1571.40558019,789.07020947,782.33537073,0.50214293,-0.08406488,-0.27861743,-0.13221151
2023-07-12,0.00000000,0.00000000,0.00000000,1578.14041893,1564.67074145,1571.40558019,789.07020947,782.33537073,0.50214293,-0.08406488,-0.27861743,-0.13221151
2023-07-13,0.01369818,0.05439484,0.03395930,1599.75806510,1649.78075271,1624.76940890,799.87903255,824.89037635,0.49230311,-0.07151824,-0.23937794,-0.10274202
2023-07-14,-0.02601667,-0.03730658,-0.03174853,1558.13768506,1588.23306716,1573.18537611,779.06884253,794.11653358,0.49521745,-0.09567425,-0.26775416,-0.13122864
2023-07-15,0.00098544,0.00000000,0.00048801,1559.67313278,1588.23306716,1573.95309997,779.83656639,794.11653358,0.49546366,-0.09478309,-0.26775416,-0.13080467
2023-07-16,-0.00432144,0.00034017,-0.00196949,1552.93310330,1588.77334076,1570.85322203,776.46655165,794.38667038,0.49429606,-0.09869493,-0.26750507,-0.13251654
2023-07-17,-0.00649543,-0.01820561,-0.01241732,1542.84613123,1559.84875170,1551.34744147,771.42306561,779.92437585,0.49726002,-0.10454929,-0.28084058,-0.14328836
2023-07-18,0.00000000,0.00000000,0.00000000,1542.84613123,1559.84875170,1551.34744147,771.42306561,779.92437585,0.49726002,-0.10454929,-0.28084058,-0.14328836
2023-07-19,0.00000000,-0.00074660,-0.00037535,1542.84613123,1558.68416991,1550.76515057,771.42306561,779.34208496,0.49744674,-0.10454929,-0.28137751,-0.14360992
2023-07-20,-0.00045000,-0.00909424,-0.00479419,1542.15185047,1544.50912046,1543.33048546,771.07592524,772.25456023,0.49961815,-0.10495225,-0.28791283,-0.14771562
2023-07-21,-0.00762268,-0.00007403,-0.00384547,1530.39651548,1544.39478247,1537.39564897,765.19825774,772.19739123,0.49772370,-0.11177491,-0.28796555,-0.15099305
2023-07-22,-0.00379328,0.01333144,0.00480806,1524.59129180,1564.98378705,1544.78753942,762.29564590,782.49189352,0.49346310,-0.11514420,-0.27847310,-0.14691098
2023-07-23,-0.00393372,-0.01494730,-0.00951250,1518.59398132,1541.59150946,1530.09274539,759.29699066,770.79575473,0.49624246,-0.11862497,-0.28925798,-0.15502599
2023-07-24,-0.00048427,-0.00456415,-0.00253954,1517.85856461,1534.55544808,1526.20700634,758.92928230,767.27772404,0.49726497,-0.11905180,-0.29250192,-0.15717184
2023-07-25,-0.00525318,-0.00402947,-0.00463798,1509.88497548,1528.37200631,1519.12849090,754.94248774,764.18600316,0.49695763,-0.12367958,-0.29535276,-0.16108086
2023-07-26,0.00000000,0.00000000,0.00000000,1509.88497548,1528.37200631,1519.12849090,754.94248774,764.18600316,0.49695763,-0.12367958,-0.29535276,-0.16108086
2023-07-27,0.00000000,0.00000000,0.00000000,1509.88497548,1528.37200631,1519.12849090,754.94248774,764.18600316,0.49695763,-0.12367958,-0.29535276,-0.16108086
2023-07-28,-0.01151822,0.00000000,-0.00572407,1492.49379299,1528.37200631,1510.43289965,746.24689650,764.18600316,0.49406160,-0.13377323,-0.29535276,-0.16588289
2023-07-29,0.00000000,0.00000000,0.00000000,1492.49379299,1528.37200631,1510.43289965,746.24689650,764.18600316,0.49406160,-0.13377323,-0.29535276,-0.16588289
2023-07-30,-0.00325851,-0.00006342,-0.00164199,1487.63049044,1528.27506948,1507.95277996,743.81524522,764.13753474,0.49326163,-0.13659584,-0.29539745,-0.16725250
2023-07-31,-0.00087684,-0.00504886,-0.00299097,1486.32607431,1520.55901761,1503.44254596,743.16303715,760.27950880,0.49430757,-0.13735290,-0.29895489,-0.16974322
2023-08-01,-0.00045000,-0.00819387,-0.00436602,1485.65722757,1508.09975111,1496.87848934,742.82861379,754.04987555,0.49625178,-0.13774110,-0.30469917,-0.17336813
2023-08-02,-0.01428227,-0.00860869,-0.01142422,1464.43866589,1495.11698210,1479.77782400,732.21933294,747.55849105,0.49481707,-0.15005611,-0.31068480,-0.18281176
2023-08-03,-0.00339464,0.00000000,-0.00167973,1459.46742553,1495.11698210,1477.29220381,729.73371276,747.55849105,0.49396708,-0.15294137,-0.31068480,-0.18418441
2023-08-04,0.00000000,0.00000000,0.00000000,1459.46742553,1495.11698210,1477.29220381,729.73371276,747.55849105,0.49396708,-0.15294137,-0.31068480,-0.18418441
2023-08-05,0.00000000,0.00000000,0.00000000,1459.46742553,1495.11698210,1477.29220381,729.73371276,747.55849105,0.49396708,-0.15294137,-0.31068480,-0.18418441
2023-08-06,0.00000000,-0.00328918,-0.00166444,1459.46742553,1490.19926748,1474.83334650,729.73371276,745.09963374,0.49479062,-0.15294137,-0.31295208,-0.18554228
2023-08-07,-0.00440451,-0.00653441,-0.00548055,1453.03918961,1480.46169521,1466.75044241,726.51959481,740.23084760,0.49532598,-0.15667224,-0.31744154,-0.19000596
2023-08-08,0.00000000,-0.00729877,-0.00368350,1453.03918961,1469.65615164,1461.34767063,726.51959481,734.82807582,0.49715725,-0.15667224,-0.32242337,-0.19298957
2023-08-09,0.00000000,0.00000000,0.00000000,1453.03918961,1469.65615164,1461.34767063,726.51959481,734.82807582,0.49715725,-0.15667224,-0.32242337,-0.19298957
2023-08-10,-0.00123231,0.00000000,-0.00061265,1451.24859064,1469.65615164,1460.45237114,725.62429532,734.82807582,0.49684900,-0.15771149,-0.32242337,-0.19348399
2023-08-11,0.00085139,0.00000000,0.00042301,1452.48416818,1469.65615164,1461.07015991,726.24208409,734.82807582,0.49706175,-0.15699437,-0.32242337,-0.19314282
2023-08-12,-0.00057845,0.00000000,-0.00028753,1451.64397545,1469.65615164,1460.65006355,725.82198773,734.82807582,0.49691710,-0.15748201,-0.32242337,-0.19337482
2023-08-13,0.00240495,0.00191844,0.00216019,1455.13510536,1472.47559190,1463.80534863,727.56755268,736.23779595,0.49703846,-0.15545580,-0.32112348,-0.19163235
2023-08-14,-0.01164292,-0.00392787,-0.00776255,1438.19308939,1466.69189477,1452.44249208,719.09654470,733.34594738,0.49509468,-0.16528875,-0.32379002,-0.19790734
2023-08-15,0.00809083,-0.00524361,0.00135820,1449.82926806,1459.00113028,1454.41519917,724.91463403,729.50056514,0.49842345,-0.15853524,-0.32733581,-0.19681794
2023-08-16,-0.00109288,-0.00095362,-0.00102303,1448.24477799,1457.60979033,1452.92728416,724.12238900,728.80489517,0.49838860,-0.15945486,-0.32797728,-0.19763962
2023-08-17,0.03930607,0.05549878,0.04742852,1505.16958940,1538.50535715,1521.83747328,752.58479470,769.25267858,0.49452376,-0.12641634,-0.29068083,-0.15958486
2023-08-18,0.02011614,0.00000000,0.00994791,1535.44779315,1538.50535715,1536.97657515,767.72389657,769.25267858,0.49950267,-0.10884321,-0.29068083,-0.15122448
2023-08-19,-0.00153485,0.00000000,-0.00076666,1533.09111400,1538.50535715,1535.79823558,766.54555700,769.25267858,0.49911866,-0.11021100,-0.29068083,-0.15187520
2023-08-20,-0.00317467,0.00000000,-0.00158454,1528.22405926,1538.50535715,1533.36470821,764.11202963,769.25267858,0.49832374,-0.11303578,-0.29068083,-0.15321909
2023-08-21,-0.00583619,-0.00976955,-0.00780946,1519.30505885,1523.47485980,1521.38995932,759.65252942,761.73742990,0.49931480,-0.11821227,-0.29761056,-0.15983199
2023-08-22,-0.00783878,-0.02065825,-0.01425730,1507.39555857,1492.00253600,1499.69904729,753.69777929,746.00126800,0.50256602,-0.12512441,-0.31212070,-0.17181052
2023-08-23,0.00000000,0.00000000,0.00000000,1507.39555857,1492.00253600,1499.69904729,753.69777929,746.00126800,0.50256602,-0.12512441,-0.31212070,-0.17181052
2023-08-24,0.00000000,0.00000000,0.00000000,1507.39555857,1492.00253600,1499.69904729,753.69777929,746.00126800,0.50256602,-0.12512441,-0.31212070,-0.17181052
2023-08-25,-0.00593136,-0.00378677,-0.00486457,1498.45465938,1486.35266374,1492.40366156,749.22732969,743.17633187,0.50202727,-0.13031361,-0.31472554,-0.17583930
2023-08-26,-0.00178093,0.00411678,0.00115597,1495.78601564,1492.47165733,1494.12883649,747.89300782,746.23582867,0.50055456,-0.13186246,-0.31190441,-0.17488659
2023-08-27,0.00000000,-0.00684733,-0.00341987,1495.78601564,1482.25221389,1489.01911476,747.89300782,741.12610694,0.50227227,-0.13186246,-0.31661603,-0.17770837
2023-08-28,-0.00623351,0.00476792,-0.00075780,1486.46201378,1489.31946955,1487.89074166,743.23100689,744.65973477,0.49951988,-0.13727401,-0.31335771,-0.17833150
2023-08-29,0.00000000,0.00000000,0.00000000,1486.46201378,1489.31946955,1487.89074166,743.23100689,744.65973477,0.49951988,-0.13727401,-0.31335771,-0.17833150
2023-08-30,0.00000000,0.00000000,0.00000000,1486.46201378,1489.31946955,1487.89074166,743.23100689,744.65973477,0.49951988,-0.13727401,-0.31335771,-0.17833150
2023-08-31,0.00000000,0.02326080,0.01164157,1486.46201378,1523.96222578,1505.21211978,743.23100689,761.98111289,0.49377161,-0.13727401,-0.29738586,-0.16876599
2023-09-01,0.00000000,0.00964670,0.00488344,1486.46201378,1538.66343889,1512.56272634,743.23100689,769.33171945,0.49137202,-0.13727401,-0.29060795,-0.16470672
2023-09-02,0.00000000,-0.00454185,-0.00231011,1486.46201378,1531.67506175,1509.06853776,743.23100689,765.83753087,0.49250978,-0.13727401,-0.29382990,-0.16663634
2023-09-03,0.00000000,0.00068640,0.00034834,1486.46201378,1532.72641052,1509.59421215,743.23100689,766.36320526,0.49233827,-0.13727401,-0.29334518,-0.16634604
2023-09-04,0.00000000,0.00307229,0.00155968,1486.46201378,1537.43539285,1511.94870331,743.23100689,768.71769642,0.49157158,-0.13727401,-0.29117414,-0.16504580
2023-09-05,0.00000000,-0.00685486,-0.00348520,1486.46201378,1526.89649162,1506.67925270,743.23100689,763.44824581,0.49329080,-0.13727401,-0.29603304,-0.16795579
2023-09-06,0.00000000,0.00000000,0.00000000,1486.46201378,1526.89649162,1506.67925270,743.23100689,763.44824581,0.49329080,-0.13727401,-0.29603304,-0.16795579
2023-09-07,0.00000000,0.00000000,0.00000000,1486.46201378,1526.89649162,1506.67925270,743.23100689,763.44824581,0.49329080,-0.13727401,-0.29603304,-0.16795579
2023-09-08,-0.00736799,-0.00863493,-0.00800996,1475.50976975,1513.71184367,1494.61080671,737.75488488,756.85592184,0.49361003,-0.14363057,-0.30211174,-0.17462043
2023-09-09,0.00035238,0.00000000,0.00017394,1476.02971371,1513.71184367,1494.87077869,738.01485686,756.85592184,0.49369810,-0.14332880,-0.30211174,-0.17447687
2023-09-10,-0.00226627,0.00842917,0.00314885,1472.68462775,1526.47117228,1499.57790002,736.34231388,763.23558614,0.49103305,-0.14527025,-0.29622913,-0.17187742
2023-09-11,0.00821995,0.03984406,0.02431558,1484.79002285,1587.29198077,1536.04100181,742.39501142,793.64599039,0.48331718,-0.13824441,-0.26818804,-0.15174114
2023-09-12,-0.00967128,-0.00923024,-0.00944340,1470.43020440,1572.64088803,1521.53554622,735.21510220,786.32044401,0.48320600,-0.14657869,-0.27494284,-0.15975159
2023-09-13,0.00000000,0.00000000,0.00000000,1470.43020440,1572.64088803,1521.53554622,735.21510220,786.32044401,0.48320600,-0.14657869,-0.27494284,-0.15975159
2023-09-14,0.00000000,0.00000000,0.00000000,1470.43020440,1572.64088803,1521.53554622,735.21510220,786.32044401,0.48320600,-0.14657869,-0.27494284,-0.15975159
2023-09-15,-0.00218006,-0.00412864,-0.00318707,1467.22457741,1566.14802721,1516.68630231,733.61228870,783.07401361,0.48369415,-0.14843920,-0.27793634,-0.16242952
2023-09-16,0.00000000,-0.00396992,-0.00204969,1467.22457741,1559.93055064,1513.57756402,733.61228870,779.96527532,0.48468761,-0.14843920,-0.28080287,-0.16414628
2023-09-17,0.00000000,0.00000000,0.00000000,1467.22457741,1559.93055064,1513.57756402,733.61228870,779.96527532,0.48468761,-0.14843920,-0.28080287,-0.16414628
2023-09-18,-0.00310461,0.00000000,-0.00150477,1462.66941004,1559.93055064,1511.29998034,731.33470502,779.96527532,0.48391101,-0.15108297,-0.28080287,-0.16540405
2023-09-19,0.00000000,0.00000000,0.00000000,1462.66941004,1559.93055064,1511.29998034,731.33470502,779.96527532,0.48391101,-0.15108297,-0.28080287,-0.16540405
2023-09-20,-0.01006235,0.00000000,-0.00486928,1447.95151242,1559.93055064,1503.94103153,723.97575621,779.96527532,0.48138573,-0.15962507,-0.28080287,-0.16946794
2023-09-21,0.00000000,0.00451906,0.00234365,1447.95151242,1566.97997219,1507.46574231,723.97575621,783.48998610,0.48026017,-0.15962507,-0.27755277,-0.16752146
2023-09-22,0.00000000,-0.00571592,-0.00297079,1447.95151242,1558.02324560,1502.98737901,723.97575621,779.01162280,0.48169117,-0.15962507,-0.28168222,-0.16999458
2023-09-23,0.00000000,-0.00049060,-0.00025428,1447.95151242,1557.25888600,1502.60519921,723.97575621,778.62944300,0.48181369,-0.15962507,-0.28203463,-0.17020563
2023-09-24,-0.00086926,0.00827500,0.00386917,1446.69287297,1570.14520490,1508.41903893,723.34643648,785.07260245,0.47953945,-0.16035557,-0.27609346,-0.16699501
2023-09-25,-0.00472500,-0.00937278,-0.00714398,1439.85725265,1555.42858333,1497.64291799,719.92862633,777.71429166,0.48070780,-0.16432289,-0.28287848,-0.17294599
2023-09-26,0.00000000,0.00000000,0.00000000,1439.85725265,1555.42858333,1497.64291799,719.92862633,777.71429166,0.48070780,-0.16432289,-0.28287848,-0.17294599
2023-09-27,0.00000000,-0.01356691,-0.00704519,1439.85725265,1534.32622147,1487.09173706,719.92862633,767.16311074,0.48411850,-0.16432289,-0.29260760,-0.17877274
2023-09-28,0.00000000,-0.00715013,-0.00368862,1439.85725265,1523.35559487,1481.60642376,719.92862633,761.67779744,0.48591084,-0.16432289,-0.29766555,-0.18180194
2023-09-29,0.00000000,0.00875170,0.00449916,1439.85725265,1536.68754897,1488.27240081,719.92862633,768.34377448,0.48373445,-0.16432289,-0.29151892,-0.17812074
2023-09-30,0.00000000,0.00206395,0.00106554,1439.85725265,1539.85918950,1489.85822108,719.92862633,769.92959475,0.48321955,-0.16432289,-0.29005666,-0.17724499
2023-10-01,0.00009636,0.00605527,0.00317581,1439.99599089,1549.18345124,1494.58972107,719.99799544,774.59172562,0.48173622,-0.16424237,-0.28575776,-0.17463208
2023-10-02,0.00226456,-0.00608188,-0.00206109,1443.25695330,1539.76150762,1491.50923046,721.62847665,769.88075381,0.48382435,-0.16234974,-0.29010169,-0.17633324
2023-10-03,0.00000000,0.00335963,0.00173416,1443.25695330,1544.93454276,1494.09574803,721.62847665,772.46727138,0.48298677,-0.16234974,-0.28771669,-0.17490487
2023-10-04,0.00000000,0.00241213,0.00124710,1443.25695330,1548.66112230,1495.95903780,721.62847665,774.33056115,0.48238518,-0.16234974,-0.28599858,-0.17387589
2023-10-05,0.00000000,0.00960429,0.00497133,1443.25695330,1563.53491967,1503.39593648,721.62847665,781.76745983,0.47999895,-0.16234974,-0.27914110,-0.16976896
2023-10-06,-0.00723138,-0.01822068,-0.01294583,1432.82021227,1535.04624531,1483.93322879,716.41010614,767.52312265,0.48277786,-0.16840711,-0.29227564,-0.18051699
2023-10-07,0.00000000,0.00000000,0.00000000,1432.82021227,1535.04624531,1483.93322879,716.41010614,767.52312265,0.48277786,-0.16840711,-0.29227564,-0.18051699
2023-10-08,0.00000000,0.00000000,0.00000000,1432.82021227,1535.04624531,1483.93322879,716.41010614,767.52312265,0.48277786,-0.16840711,-0.29227564,-0.18051699
2023-10-09,-0.00637279,0.00736127,0.00073077,1423.68915330,1546.34614071,1485.01764700,711.84457665,773.17307036,0.47935092,-0.17370668,-0.28706589,-0.17991813
2023-10-10,0.00000000,0.00779159,0.00405669,1423.68915330,1558.39463972,1491.04189651,711.84457665,779.19731986,0.47741420,-0.17370668,-0.28151099,-0.17659132
2023-10-11,0.00982511,0.00047007,0.00493630,1437.67705259,1559.12718846,1498.40212053,718.83852630,779.56359423,0.47973673,-0.16558825,-0.28117326,-0.17252673
2023-10-12,0.00430346,0.01685261,0.01083232,1443.86404188,1585.40255510,1514.63329849,721.93202094,792.70127755,0.47663816,-0.16199740,-0.26905915,-0.16356327
2023-10-13,-0.00403083,-0.01246447,-0.00844468,1438.04407738,1565.64134487,1501.84271113,719.02203869,782.82067244,0.47875988,-0.16537524,-0.27816994,-0.17062671
2023-10-14,0.00043753,0.00000000,0.00020947,1438.67326273,1565.64134487,1502.15730380,719.33663137,782.82067244,0.47886904,-0.16501007,-0.27816994,-0.17045298
2023-10-15,0.00089672,0.00000000,0.00042941,1439.96334449,1565.64134487,1502.80234468,719.98167224,782.82067244,0.47909273,-0.16426132,-0.27816994,-0.17009676
2023-10-16,0.06177888,-0.00745411,0.02571491,1528.92266351,1553.97087958,1541.44677154,764.46133175,776.98543979,0.49593755,-0.11263032,-0.28355054,-0.14875587
2023-10-17,0.00000000,-0.00776830,-0.00391571,1528.92266351,1541.89917120,1535.41091736,764.46133175,770.94958560,0.49788713,-0.11263032,-0.28911614,-0.15208910
2023-10-18,0.00000000,-0.00262286,-0.00131697,1528.92266351,1537.85498228,1533.38882289,764.46133175,768.92749114,0.49854370,-0.11263032,-0.29098069,-0.15320577
2023-10-19,-0.00823016,-0.00901760,-0.00862503,1516.33938036,1523.98721350,1520.16329693,758.16969018,761.99360675,0.49874227,-0.11993352,-0.29737434,-0.16050940
2023-10-20,0.00171041,0.00000000,0.00085305,1518.93294312,1523.98721350,1521.46007831,759.46647156,761.99360675,0.49916950,-0.11842824,-0.29737434,-0.15979327
2023-10-21,0.00805401,-0.00506962,0.00148130,1531.16644001,1516.26118502,1523.71381252,765.58322001,758.13059251,0.50244555,-0.11132806,-0.30093638,-0.15854867
2023-10-22,-0.00552920,0.00027690,-0.00264035,1522.70030991,1516.68103070,1519.69067031,761.35015496,758.34051535,0.50099021,-0.11624170,-0.30074282,-0.16077040
2023-10-23,-0.02090364,0.06119228,0.02006303,1490.87033608,1609.49019759,1550.18026684,745.43516804,804.74509880,0.48086999,-0.13471547,-0.25795368,-0.14393291
2023-10-24,0.00000000,0.01279245,0.00664094,1490.87033608,1630.07951545,1560.47492577,745.43516804,815.03975772,0.47769763,-0.13471547,-0.24846109,-0.13824782
2023-10-25,0.00000000,0.00000000,0.00000000,1490.87033608,1630.07951545,1560.47492577,745.43516804,815.03975772,0.47769763,-0.13471547,-0.24846109,-0.13824782
2023-10-26,0.00000000,-0.01284544,-0.00670920,1490.87033608,1609.14042434,1550.00538021,745.43516804,804.57021217,0.48092425,-0.13471547,-0.25811494,-0.14402949
2023-10-27,0.00000000,0.01363725,0.00707877,1490.87033608,1631.08468234,1560.97750921,745.43516804,815.54234117,0.47754382,-0.13471547,-0.24799766,-0.13797028
2023-10-28,0.00000000,0.00179533,0.00093798,1490.87033608,1634.01302369,1562.44167989,745.43516804,817.00651185,0.47709632,-0.13471547,-0.24664757,-0.13716171
2023-10-29,0.00113396,-0.01303731,-0.00627625,1492.56092917,1612.70988805,1552.63540861,746.28046458,806.35494403,0.48065403,-0.13373426,-0.25646926,-0.14257709
2023-10-30,-0.00391363,-0.01986294,-0.01219684,1486.71959487,1580.67672408,1533.69815948,743.35979743,790.33836204,0.48468455,-0.13712451,-0.27123796,-0.15303494
2023-10-31,0.00000000,0.00000000,0.00000000,1486.71959487,1580.67672408,1533.69815948,743.35979743,790.33836204,0.48468455,-0.13712451,-0.27123796,-0.15303494
2023-11-01,-0.00562143,-0.01199304,-0.00890482,1478.36210872,1561.71960465,1520.04085668,739.18105436,780.85980232,0.48629025,-0.14197510,-0.27997804,-0.16057701
2023-11-02,0.00000000,-0.01649562,-0.00847396,1478.36210872,1535.95807588,1507.16009230,739.18105436,767.97903794,0.49044628,-0.14197510,-0.29185524,-0.16769025
2023-11-03,0.00000000,0.00000000,0.00000000,1478.36210872,1535.95807588,1507.16009230,739.18105436,767.97903794,0.49044628,-0.14197510,-0.29185524,-0.16769025
2023-11-04,0.00000000,0.00000000,0.00000000,1478.36210872,1535.95807588,1507.16009230,739.18105436,767.97903794,0.49044628,-0.14197510,-0.29185524,-0.16769025
2023-11-05,0.00000000,-0.01048935,-0.00534489,1478.36210872,1519.84687888,1499.10449380,739.18105436,759.92343944,0.49308174,-0.14197510,-0.29928322,-0.17213885
2023-11-06,0.00000000,0.00000000,0.00000000,1478.36210872,1519.84687888,1499.10449380,739.18105436,759.92343944,0.49308174,-0.14197510,-0.29928322,-0.17213885
2023-11-07,-0.00338582,-0.00295265,-0.00316623,1473.35664717,1515.35930983,1494.35797850,736.67832359,757.67965491,0.49297313,-0.14488022,-0.30135219,-0.17476005
2023-11-08,0.00000000,0.00151240,0.00076683,1473.35664717,1517.65114242,1495.50389480,736.67832359,758.82557121,0.49259539,-0.14488022,-0.30029555,-0.17412724
2023-11-09,0.00948478,0.12356476,0.06736949,1487.33110588,1705.17933933,1596.25522261,743.66555294,852.58966967,0.46588136,-0.13676960,-0.21383674,-0.11848861
2023-11-10,0.00000000,-0.02056148,-0.01098227,1487.33110588,1670.11832139,1578.72471363,743.66555294,835.05916069,0.47105461,-0.13676960,-0.23000142,-0.12816961
2023-11-11,0.00000000,-0.01182068,-0.00625249,1487.33110588,1650.37639500,1568.85375044,743.66555294,825.18819750,0.47401841,-0.13676960,-0.23910333,-0.13362072
2023-11-12,0.00000000,-0.00413678,-0.00217587,1487.33110588,1643.54914632,1565.44012610,743.66555294,821.77457316,0.47505206,-0.13676960,-0.24225099,-0.13550585
2023-11-13,0.00173788,0.00828438,0.00517445,1489.91591569,1657.16492939,1573.54042254,744.95795784,828.58246470,0.47342791,-0.13526940,-0.23597351,-0.13103257
2023-11-14,0.02514432,0.00000000,0.01190402,1527.37884331,1657.16492939,1592.27188635,763.68942166,828.58246470,0.47962250,-0.11352633,-0.23597351,-0.12068836
2023-11-15,-0.03563501,0.00000000,-0.01709135,1472.95068166,1657.16492939,1565.05780553,736.47534083,828.58246470,0.47057389,-0.14511583,-0.23597351,-0.13571698
2023-11-16,0.00000000,-0.00590831,-0.00312801,1472.95068166,1647.37388520,1560.16228343,736.47534083,823.68694260,0.47205047,-0.14511583,-0.24048762,-0.13842047
2023-11-17,0.00000000,0.00000000,0.00000000,1472.95068166,1647.37388520,1560.16228343,736.47534083,823.68694260,0.47205047,-0.14511583,-0.24048762,-0.13842047
2023-11-18,0.00000000,0.00000000,0.00000000,1472.95068166,1647.37388520,1560.16228343,736.47534083,823.68694260,0.47205047,-0.14511583,-0.24048762,-0.13842047
2023-11-19,0.00233708,0.00456990,0.00351590,1476.39308877,1654.90221866,1565.64765372,738.19654439,827.45110933,0.47149596,-0.14311790,-0.23701672,-0.13539125
2023-11-20,-0.00729877,-0.01205371,-0.00981177,1465.61724001,1634.95450601,1550.28587301,732.80862000,817.47725300,0.47269257,-0.14937208,-0.24621350,-0.14387459
2023-11-21,0.00000000,0.00000000,0.00000000,1465.61724001,1634.95450601,1550.28587301,732.80862000,817.47725300,0.47269257,-0.14937208,-0.24621350,-0.14387459
2023-11-22,0.00000000,0.00000000,0.00000000,1465.61724001,1634.95450601,1550.28587301,732.80862000,817.47725300,0.47269257,-0.14937208,-0.24621350,-0.14387459
2023-11-23,0.00000000,0.00000000,0.00000000,1465.61724001,1634.95450601,1550.28587301,732.80862000,817.47725300,0.47269257,-0.14937208,-0.24621350,-0.14387459
2023-11-24,-0.00479632,0.00000000,-0.00226718,1458.58767489,1634.95450601,1546.77109045,729.29383745,817.47725300,0.47149435,-0.15345196,-0.24621350,-0.14581559
2023-11-25,0.00000000,0.00000000,0.00000000,1458.58767489,1634.95450601,1546.77109045,729.29383745,817.47725300,0.47149435,-0.15345196,-0.24621350,-0.14581559
2023-11-26,0.00000000,-0.00200084,-0.00105746,1458.58767489,1631.68321723,1545.13544606,729.29383745,815.84160861,0.47199347,-0.15345196,-0.24772171,-0.14671885
2023-11-27,0.00000000,0.00000000,0.00000000,1458.58767489,1631.68321723,1545.13544606,729.29383745,815.84160861,0.47199347,-0.15345196,-0.24772171,-0.14671885
2023-11-28,0.00000000,0.00000000,0.00000000,1458.58767489,1631.68321723,1545.13544606,729.29383745,815.84160861,0.47199347,-0.15345196,-0.24772171,-0.14671885
2023-11-29,0.00000000,0.00000000,0.00000000,1458.58767489,1631.68321723,1545.13544606,729.29383745,815.84160861,0.47199347,-0.15345196,-0.24772171,-0.14671885
2023-11-30,0.00000000,0.00000000,0.00000000,1458.58767489,1631.68321723,1545.13544606,729.29383745,815.84160861,0.47199347,-0.15345196,-0.24772171,-0.14671885
2023-12-01,0.00000000,0.00298662,0.00157696,1458.58767489,1636.55644022,1547.57205756,729.29383745,818.27822011,0.47125033,-0.15345196,-0.24547494,-0.14537326
2023-12-02,0.00000000,0.00000000,0.00000000,1458.58767489,1636.55644022,1547.57205756,729.29383745,818.27822011,0.47125033,-0.15345196,-0.24547494,-0.14537326
2023-12-03,0.00000000,0.00000000,0.00000000,1458.58767489,1636.55644022,1547.57205756,729.29383745,818.27822011,0.47125033,-0.15345196,-0.24547494,-0.14537326
2023-12-04,-0.01102306,-0.00560692,-0.00815928,1442.50957573,1627.38039624,1534.94498598,721.25478786,813.69019812,0.46988967,-0.16278351,-0.24970550,-0.15234640
2023-12-05,0.01489451,0.00998940,0.01229426,1463.99504802,1643.63694783,1553.81599792,731.99752401,821.81847392,0.47109666,-0.15031358,-0.24221051,-0.14192513
2023-12-06,0.00000000,0.00000000,0.00000000,1463.99504802,1643.63694783,1553.81599792,731.99752401,821.81847392,0.47109666,-0.15031358,-0.24221051,-0.14192513
2023-12-07,0.00000000,0.00000000,0.00000000,1463.99504802,1643.63694783,1553.81599792,731.99752401,821.81847392,0.47109666,-0.15031358,-0.24221051,-0.14192513
2023-12-08,0.00000000,0.00000000,0.00000000,1463.99504802,1643.63694783,1553.81599792,731.99752401,821.81847392,0.47109666,-0.15031358,-0.24221051,-0.14192513
2023-12-09,0.00000000,-0.01637078,-0.00865856,1463.99504802,1616.72932421,1540.36218612,731.99752401,808.36466211,0.47521130,-0.15031358,-0.25461612,-0.14935482
2023-12-10,0.00000000,0.00000000,0.00000000,1463.99504802,1616.72932421,1540.36218612,731.99752401,808.36466211,0.47521130,-0.15031358,-0.25461612,-0.14935482
2023-12-11,0.00000000,0.00000000,0.00000000,1463.99504802,1616.72932421,1540.36218612,731.99752401,808.36466211,0.47521130,-0.15031358,-0.25461612,-0.14935482
2023-12-12,0.00000000,0.00000000,0.00000000,1463.99504802,1616.72932421,1540.36218612,731.99752401,808.36466211,0.47521130,-0.15031358,-0.25461612,-0.14935482
2023-12-13,0.00000000,0.00000000,0.00000000,1463.99504802,1616.72932421,1540.36218612,731.99752401,808.36466211,0.47521130,-0.15031358,-0.25461612,-0.14935482
2023-12-14,0.00000000,-0.00468979,-0.00246115,1463.99504802,1609.14720588,1536.57112695,731.99752401,804.57360294,0.47638376,-0.15031358,-0.25811181,-0.15144839
2023-12-15,0.00000000,0.00000000,0.00000000,1463.99504802,1609.14720588,1536.57112695,731.99752401,804.57360294,0.47638376,-0.15031358,-0.25811181,-0.15144839
2023-12-16,0.00000000,0.00000000,0.00000000,1463.99504802,1609.14720588,1536.57112695,731.99752401,804.57360294,0.47638376,-0.15031358,-0.25811181,-0.15144839
2023-12-17,0.00000000,0.00000000,0.00000000,1463.99504802,1609.14720588,1536.57112695,731.99752401,804.57360294,0.47638376,-0.15031358,-0.25811181,-0.15144839
2023-12-18,0.00000000,0.00000000,0.00000000,1463.99504802,1609.14720588,1536.57112695,731.99752401,804.57360294,0.47638376,-0.15031358,-0.25811181,-0.15144839
2023-12-19,-0.00532287,0.00000000,-0.00253573,1456.20239590,1609.14720588,1532.67480089,728.10119795,804.57360294,0.47505263,-0.15483635,-0.25811181,-0.15360008
2023-12-20,0.00000000,0.00000000,0.00000000,1456.20239590,1609.14720588,1532.67480089,728.10119795,804.57360294,0.47505263,-0.15483635,-0.25811181,-0.15360008
2023-12-21,0.00000000,0.00000000,0.00000000,1456.20239590,1609.14720588,1532.67480089,728.10119795,804.57360294,0.47505263,-0.15483635,-0.25811181,-0.15360008
2023-12-22,0.00000000,-0.01241118,-0.00651522,1456.20239590,1589.17578599,1522.68909094,728.10119795,794.58789299,0.47816800,-0.15483635,-0.26731952,-0.15911456
2023-12-23,0.00000000,0.00000000,0.00000000,1456.20239590,1589.17578599,1522.68909094,728.10119795,794.58789299,0.47816800,-0.15483635,-0.26731952,-0.15911456
2023-12-24,0.00000000,0.00000000,0.00000000,1456.20239590,1589.17578599,1522.68909094,728.10119795,794.58789299,0.47816800,-0.15483635,-0.26731952,-0.15911456
2023-12-25,0.00000000,0.00000000,0.00000000,1456.20239590,1589.17578599,1522.68909094,728.10119795,794.58789299,0.47816800,-0.15483635,-0.26731952,-0.15911456
2023-12-26,0.00000000,0.00000000,0.00000000,1456.20239590,1589.17578599,1522.68909094,728.10119795,794.58789299,0.47816800,-0.15483635,-0.26731952,-0.15911456
2023-12-27,-0.00446047,-0.01828644,-0.01167530,1449.70704713,1560.11541596,1504.91123155,724.85352357,780.05770798,0.48165866,-0.15860618,-0.28071764,-0.16893216
2023-12-28,0.00000000,-0.00456154,-0.00236443,1449.70704713,1552.99888681,1501.35296697,724.85352357,776.49944340,0.48280021,-0.15860618,-0.28399867,-0.17089716
2023-12-29,0.00000000,0.00000000,0.00000000,1449.70704713,1552.99888681,1501.35296697,724.85352357,776.49944340,0.48280021,-0.15860618,-0.28399867,-0.17089716
2023-12-30,0.00000000,0.00000000,0.00000000,1449.70704713,1552.99888681,1501.35296697,724.85352357,776.49944340,0.48280021,-0.15860618,-0.28399867,-0.17089716
2023-12-31,0.00000000,0.00000000,0.00000000,1449.70704713,1552.99888681,1501.35296697,724.85352357,776.49944340,0.48280021,-0.15860618,-0.28399867,-0.17089716
2024-01-01,0.02453260,-0.00388059,0.00983731,1485.27213407,1546.97233809,1516.12223608,742.63606704,773.48616905,0.48982598,-0.13796460,-0.28677718,-0.16274102
2024-01-02,0.01772793,-0.00661162,0.00531052,1511.60293013,1536.74433844,1524.17363428,755.80146506,768.37216922,0.49587622,-0.12268250,-0.29149274,-0.15829474
2024-01-03,0.01499241,0.00000000,0.00743438,1534.26549530,1536.74433844,1535.50491687,767.13274765,768.37216922,0.49959641,-0.10952940,-0.29149274,-0.15203719
2024-01-04,-0.03391432,0.00000000,-0.01694347,1482.23192647,1536.74433844,1509.48813245,741.11596323,768.37216922,0.49097171,-0.13972910,-0.29149274,-0.16640462
2024-01-05,0.00000000,0.00000000,0.00000000,1482.23192647,1536.74433844,1509.48813245,741.11596323,768.37216922,0.49097171,-0.13972910,-0.29149274,-0.16640462
2024-01-06,0.00000000,0.00000000,0.00000000,1482.23192647,1536.74433844,1509.48813245,741.11596323,768.37216922,0.49097171,-0.13972910,-0.29149274,-0.16640462
2024-01-07,-0.00220484,0.00000000,-0.00108251,1478.96384929,1536.74433844,1507.85409386,739.48192464,768.37216922,0.49042008,-0.14162586,-0.29149274,-0.16730700
2024-01-08,0.05202245,0.03296785,0.04231261,1555.90317758,1587.40749491,1571.65533624,777.95158879,793.70374745,0.49498867,-0.09697113,-0.26813478,-0.13207358
2024-01-09,-0.02455860,0.00000000,-0.01215623,1517.69237516,1587.40749491,1552.54993503,758.84618758,793.70374745,0.48877409,-0.11914825,-0.26813478,-0.14262429
2024-01-10,0.00000000,0.02796221,0.01429501,1517.69237516,1631.79492256,1574.74364886,758.84618758,815.89746128,0.48188554,-0.11914825,-0.24767021,-0.13036810
2024-01-11,0.00000000,0.00811552,0.00420477,1517.69237516,1645.03778411,1581.36507964,758.84618758,822.51889206,0.47986780,-0.11914825,-0.24156466,-0.12671150
2024-01-12,0.00000000,0.00000000,0.00000000,1517.69237516,1645.03778411,1581.36507964,758.84618758,822.51889206,0.47986780,-0.11914825,-0.24156466,-0.12671150
2024-01-13,0.00000000,0.00000000,0.00000000,1517.69237516,1645.03778411,1581.36507964,758.84618758,822.51889206,0.47986780,-0.11914825,-0.24156466,-0.12671150
2024-01-14,0.00000000,0.00000000,0.00000000,1517.69237516,1645.03778411,1581.36507964,758.84618758,822.51889206,0.47986780,-0.11914825,-0.24156466,-0.12671150
2024-01-15,0.00000000,0.00000000,0.00000000,1517.69237516,1645.03778411,1581.36507964,758.84618758,822.51889206,0.47986780,-0.11914825,-0.24156466,-0.12671150
2024-01-16,0.00000000,0.00000000,0.00000000,1517.69237516,1645.03778411,1581.36507964,758.84618758,822.51889206,0.47986780,-0.11914825,-0.24156466,-0.12671150
2024-01-17,0.00000000,0.00000000,0.00000000,1517.69237516,1645.03778411,1581.36507964,758.84618758,822.51889206,0.47986780,-0.11914825,-0.24156466,-0.12671150
2024-01-18,0.00000000,0.00000000,0.00000000,1517.69237516,1645.03778411,1581.36507964,758.84618758,822.51889206,0.47986780,-0.11914825,-0.24156466,-0.12671150
2024-01-19,0.00000000,0.00000000,0.00000000,1517.69237516,1645.03778411,1581.36507964,758.84618758,822.51889206,0.47986780,-0.11914825,-0.24156466,-0.12671150
2024-01-20,0.00000000,0.00000000,0.00000000,1517.69237516,1645.03778411,1581.36507964,758.84618758,822.51889206,0.47986780,-0.11914825,-0.24156466,-0.12671150
2024-01-21,0.00000000,0.00000000,0.00000000,1517.69237516,1645.03778411,1581.36507964,758.84618758,822.51889206,0.47986780,-0.11914825,-0.24156466,-0.12671150
2024-01-22,0.00000000,0.00000000,0.00000000,1517.69237516,1645.03778411,1581.36507964,758.84618758,822.51889206,0.47986780,-0.11914825,-0.24156466,-0.12671150
2024-01-23,0.00000000,0.00000000,0.00000000,1517.69237516,1645.03778411,1581.36507964,758.84618758,822.51889206,0.47986780,-0.11914825,-0.24156466,-0.12671150
2024-01-24,0.00000000,0.00000000,0.00000000,1517.69237516,1645.03778411,1581.36507964,758.84618758,822.51889206,0.47986780,-0.11914825,-0.24156466,-0.12671150
2024-01-25,0.00000000,0.00000000,0.00000000,1517.69237516,1645.03778411,1581.36507964,758.84618758,822.51889206,0.47986780,-0.11914825,-0.24156466,-0.12671150
2024-01-26,0.00911070,0.00000000,0.00437193,1531.51960967,1645.03778411,1588.27869689,765.75980483,822.51889206,0.48213189,-0.11112308,-0.24156466,-0.12289355
2024-01-27,-0.00275872,0.00000000,-0.00133006,1527.29458303,1645.03778411,1586.16618357,763.64729151,822.51889206,0.48144217,-0.11357524,-0.24156466,-0.12406015
2024-01-28,-0.00227258,-0.00902628,-0.00577476,1523.82367929,1630.18921993,1577.00644961,761.91183964,815.09460996,0.48313806,-0.11558971,-0.24841051,-0.12911850
2024-01-29,0.00719426,0.00000000,0.00347582,1534.78646081,1630.18921993,1582.48784037,767.39323040,815.09460996,0.48492836,-0.10922704,-0.24841051,-0.12609147
2024-01-30,-0.00074131,0.00000000,-0.00035948,1533.64871272,1630.18921993,1581.91896632,766.82435636,815.09460996,0.48474313,-0.10988737,-0.24841051,-0.12640563
2024-01-31,-0.00340700,-0.00531844,-0.00439188,1528.42357517,1621.51915091,1574.97136304,764.21178759,810.75957545,0.48522266,-0.11291998,-0.25240780,-0.13024235
2024-02-01,0.00000000,0.00000000,0.00000000,1528.42357517,1621.51915091,1574.97136304,764.21178759,810.75957545,0.48522266,-0.11291998,-0.25240780,-0.13024235
2024-02-02,-0.00819016,-0.00868156,-0.00844312,1515.90553485,1607.44183834,1561.67368660,757.95276743,803.72091917,0.48534644,-0.12018532,-0.25889806,-0.13758582
2024-02-03,0.00000000,0.00000000,0.00000000,1515.90553485,1607.44183834,1561.67368660,757.95276743,803.72091917,0.48534644,-0.12018532,-0.25889806,-0.13758582
2024-02-04,-0.00592396,-0.01385866,-0.01000758,1506.92537062,1585.16485256,1546.04511159,753.46268531,792.58242628,0.48734845,-0.12539730,-0.26916874,-0.14621650
2024-02-05,0.00268135,0.00000000,0.00130675,1510.96596988,1585.16485256,1548.06541122,755.48298494,792.58242628,0.48801748,-0.12305218,-0.26916874,-0.14510082
2024-02-06,-0.01186194,0.00511045,-0.00317237,1493.04297949,1593.26576299,1543.15437124,746.52148975,796.63288150,0.48376333,-0.13345449,-0.26543386,-0.14781287
2024-02-07,0.01239719,0.02212029,0.01741661,1511.55251198,1628.50926513,1570.03088856,755.77625599,814.25463257,0.48137668,-0.12271176,-0.24918504,-0.13297066
2024-02-08,0.02152215,-0.00228957,0.00917284,1544.08437331,1624.78068265,1584.43252798,772.04218665,812.39034133,0.48726732,-0.10383063,-0.25090408,-0.12501754
2024-02-09,0.04109944,0.02770739,0.03423290,1607.54537323,1669.79911724,1638.67224523,803.77268661,834.89955862,0.49050241,-0.06699857,-0.23014859,-0.09506436
2024-02-10,0.01291857,0.00550393,0.00914083,1628.31256772,1678.98956918,1653.65106845,814.15628386,839.49478459,0.49233862,-0.05494553,-0.22591139,-0.08679250
2024-02-11,0.01137163,0.00278892,0.00701452,1646.82913030,1683.67213133,1665.25063081,823.41456515,841.83606566,0.49446885,-0.04419872,-0.22375252,-0.08038679
2024-02-12,0.03362777,0.06096208,0.04744611,1702.20831561,1786.31228109,1744.26029835,851.10415781,893.15614055,0.48794561,-0.01205726,-0.17643086,-0.03675472
2024-02-13,-0.01672975,-0.00752183,-0.01201479,1673.73080400,1772.87594783,1723.30337592,836.86540200,886.43797392,0.48561699,-0.02858529,-0.18262560,-0.04832791
2024-02-14,0.02004092,0.05108892,0.03601148,1707.27390227,1863.45027033,1785.36208630,853.63695113,931.72513517,0.47813100,-0.00911725,-0.14086683,-0.01405678
2024-02-15,0.00189112,0.01722579,0.00989381,1710.50256236,1895.54967049,1803.02611642,855.25128118,947.77483524,0.47434215,-0.00724337,-0.12606758,-0.00430205
2024-02-16,0.00421810,-0.00930309,-0.00288942,1717.71762931,1877.91520865,1797.81641898,858.85881466,938.95760432,0.47772331,-0.00305582,-0.13419785,-0.00717904
2024-02-17,-0.03549226,0.00000000,-0.01695548,1656.75194588,1877.91520865,1767.33357726,828.37597294,938.95760432,0.46871512,-0.03843963,-0.13419785,-0.02401279
2024-02-18,-0.00267027,0.00046365,-0.00100526,1652.32797804,1878.78590046,1765.55693925,826.16398902,939.39295023,0.46793393,-0.04100725,-0.13379642,-0.02499392
2024-02-19,-0.00605858,0.02208406,0.00891517,1642.31721530,1920.27712953,1781.29717242,821.15860765,960.13856476,0.46098912,-0.04681738,-0.11466712,-0.01630158
2024-02-20,-0.03239511,-0.02498270,-0.02839974,1589.11416730,1872.30342605,1730.70879667,794.55708365,936.15171303,0.45909346,-0.07769584,-0.13678513,-0.04423836
2024-02-21,0.00000000,0.00000000,0.00000000,1589.11416730,1872.30342605,1730.70879667,794.55708365,936.15171303,0.45909346,-0.07769584,-0.13678513,-0.04423836
2024-02-22,0.00000000,0.00000000,0.00000000,1589.11416730,1872.30342605,1730.70879667,794.55708365,936.15171303,0.45909346,-0.07769584,-0.13678513,-0.04423836
2024-02-23,0.00000000,0.00730868,0.00395331,1589.11416730,1885.98748574,1737.55082652,794.55708365,942.99374287,0.45728566,-0.07769584,-0.13047617,-0.04045994
2024-02-24,-0.00015900,-0.02668055,-0.01455263,1588.86149269,1835.66829621,1712.26489445,794.43074634,917.83414810,0.46396486,-0.07784249,-0.15367555,-0.05442377
2024-02-25,-0.00068293,0.04010670,0.02118175,1587.77640828,1909.29090045,1748.53365437,793.88820414,954.64545023,0.45403084,-0.07847226,-0.11973226,-0.03439481
2024-02-26,0.04202694,-0.00930546,0.01400103,1654.50578975,1891.52406283,1773.01492629,827.25289487,945.76203141,0.46657977,-0.03974327,-0.12792356,-0.02087534
2024-02-27,0.04667838,0.02092282,0.03293984,1731.73543300,1931.10007777,1831.41775538,865.86771650,965.55003888,0.47278548,0.00000000,-0.10967727,0.00000000
2024-02-28,0.09543408,0.04342561,0.06801446,1897.00201235,2014.95928197,1955.98064716,948.50100617,1007.47964098,0.48492351,0.00000000,-0.07101446,0.00000000
2024-02-29,-0.02161994,-0.01271851,-0.01703502,1855.98894315,1989.33199496,1922.66046906,927.99447158,994.66599748,0.48266165,-0.02161994,-0.08282977,-0.01703502
2024-03-01,0.02098545,0.02795720,0.02459220,1894.93769798,2044.94815327,1969.94292563,947.46884899,1022.47407664,0.48096259,-0.00108820,-0.05718826,0.00000000
2024-03-02,-0.00644018,-0.00350523,-0.00491683,1882.73395719,2037.78013972,1960.25704846,941.36697859,1018.89006986,0.48022629,-0.00752137,-0.06049303,-0.00491683
2024-03-03,0.01773661,-0.00749304,0.00462290,1916.12727777,2022.51097688,1969.31912733,958.06363889,1011.25548844,0.48649486,0.00000000,-0.06753279,-0.00031666
2024-03-04,0.08265391,0.01062119,0.04566474,2074.50269006,2043.99245522,2059.24757264,1037.25134503,1021.99622761,0.50370405,0.00000000,-0.05762888,0.00000000
2024-03-05,-0.04430212,0.01962533,-0.01257518,1982.59782233,2084.10648669,2033.35215451,991.29891117,1042.05324335,0.48751954,-0.04430212,-0.03913453,-0.01257518
2024-03-06,0.00000000,0.00000000,0.00000000,1982.59782233,2084.10648669,2033.35215451,991.29891117,1042.05324335,0.48751954,-0.04430212,-0.03913453,-0.01257518
2024-03-07,0.00000000,0.00000000,0.00000000,1982.59782233,2084.10648669,2033.35215451,991.29891117,1042.05324335,0.48751954,-0.04430212,-0.03913453,-0.01257518
2024-03-08,0.00000000,0.00000000,0.00000000,1982.59782233,2084.10648669,2033.35215451,991.29891117,1042.05324335,0.48751954,-0.04430212,-0.03913453,-0.01257518
2024-03-09,0.00000000,0.00000000,0.00000000,1982.59782233,2084.10648669,2033.35215451,991.29891117,1042.05324335,0.48751954,-0.04430212,-0.03913453,-0.01257518
2024-03-10,-0.00396108,0.00000000,-0.00193110,1974.74459399,2084.10648669,2029.42554034,987.37229700,1042.05324335,0.48652797,-0.04808772,-0.03913453,-0.01448200
2024-03-11,0.00902038,0.00000000,0.00438867,1992.55753491,2084.10648669,2038.33201080,996.27876745,1042.05324335,0.48877158,-0.03950111,-0.03913453,-0.01015690
2024-03-12,0.00000000,0.00000000,0.00000000,1992.55753491,2084.10648669,2038.33201080,996.27876745,1042.05324335,0.48877158,-0.03950111,-0.03913453,-0.01015690
2024-03-13,0.00000000,0.00000000,0.00000000,1992.55753491,2084.10648669,2038.33201080,996.27876745,1042.05324335,0.48877158,-0.03950111,-0.03913453,-0.01015690
2024-03-14,0.00000000,0.00000000,0.00000000,1992.55753491,2084.10648669,2038.33201080,996.27876745,1042.05324335,0.48877158,-0.03950111,-0.03913453,-0.01015690
2024-03-15,0.00000000,0.00000000,0.00000000,1992.55753491,2084.10648669,2038.33201080,996.27876745,1042.05324335,0.48877158,-0.03950111,-0.03913453,-0.01015690
2024-03-16,0.00000000,0.00000000,0.00000000,1992.55753491,2084.10648669,2038.33201080,996.27876745,1042.05324335,0.48877158,-0.03950111,-0.03913453,-0.01015690
2024-03-17,0.00000000,0.00000000,0.00000000,1992.55753491,2084.10648669,2038.33201080,996.27876745,1042.05324335,0.48877158,-0.03950111,-0.03913453,-0.01015690
2024-03-18,0.00000000,0.00000000,0.00000000,1992.55753491,2084.10648669,2038.33201080,996.27876745,1042.05324335,0.48877158,-0.03950111,-0.03913453,-0.01015690
2024-03-19,0.00000000,0.00000000,0.00000000,1992.55753491,2084.10648669,2038.33201080,996.27876745,1042.05324335,0.48877158,-0.03950111,-0.03913453,-0.01015690
2024-03-20,0.00000000,0.00000000,0.00000000,1992.55753491,2084.10648669,2038.33201080,996.27876745,1042.05324335,0.48877158,-0.03950111,-0.03913453,-0.01015690
2024-03-21,0.00000000,0.00000000,0.00000000,1992.55753491,2084.10648669,2038.33201080,996.27876745,1042.05324335,0.48877158,-0.03950111,-0.03913453,-0.01015690
2024-03-22,0.00000000,0.00000000,0.00000000,1992.55753491,2084.10648669,2038.33201080,996.27876745,1042.05324335,0.48877158,-0.03950111,-0.03913453,-0.01015690
2024-03-23,0.00000000,0.00000000,0.00000000,1992.55753491,2084.10648669,2038.33201080,996.27876745,1042.05324335,0.48877158,-0.03950111,-0.03913453,-0.01015690
2024-03-24,0.01218777,0.00000000,0.00595703,2016.84236514,2084.10648669,2050.47442592,1008.42118257,1042.05324335,0.49179896,-0.02779477,-0.03913453,-0.00426037
2024-03-25,0.02192379,0.01935879,0.02062025,2061.05918785,2124.45225665,2092.75572225,1030.52959392,1062.22612832,0.49242708,-0.00648035,-0.02053334,0.00000000
2024-03-26,-0.00508005,0.00000000,-0.00250156,2050.58889734,2124.45225665,2087.52057700,1025.29444867,1062.22612832,0.49115418,-0.01152748,-0.02053334,-0.00250156
2024-03-27,0.00000000,0.00000000,0.00000000,2050.58889734,2124.45225665,2087.52057700,1025.29444867,1062.22612832,0.49115418,-0.01152748,-0.02053334,-0.00250156
2024-03-28,0.00000000,0.00000000,0.00000000,2050.58889734,2124.45225665,2087.52057700,1025.29444867,1062.22612832,0.49115418,-0.01152748,-0.02053334,-0.00250156
2024-03-29,0.00000000,0.00000000,0.00000000,2050.58889734,2124.45225665,2087.52057700,1025.29444867,1062.22612832,0.49115418,-0.01152748,-0.02053334,-0.00250156
2024-03-30,0.00000000,0.00000000,0.00000000,2050.58889734,2124.45225665,2087.52057700,1025.29444867,1062.22612832,0.49115418,-0.01152748,-0.02053334,-0.00250156
2024-03-31,0.00000000,0.00000000,0.00000000,2050.58889734,2124.45225665,2087.52057700,1025.29444867,1062.22612832,0.49115418,-0.01152748,-0.02053334,-0.00250156
2024-04-01,0.00000000,0.00000000,0.00000000,2050.58889734,2124.45225665,2087.52057700,1025.29444867,1062.22612832,0.49115418,-0.01152748,-0.02053334,-0.00250156
2024-04-02,0.00000000,0.00000000,0.00000000,2050.58889734,2124.45225665,2087.52057700,1025.29444867,1062.22612832,0.49115418,-0.01152748,-0.02053334,-0.00250156
2024-04-03,0.00000000,0.00000000,0.00000000,2050.58889734,2124.45225665,2087.52057700,1025.29444867,1062.22612832,0.49115418,-0.01152748,-0.02053334,-0.00250156
2024-04-04,0.00000000,0.00000000,0.00000000,2050.58889734,2124.45225665,2087.52057700,1025.29444867,1062.22612832,0.49115418,-0.01152748,-0.02053334,-0.00250156
2024-04-05,-0.00697860,0.00000000,-0.00342757,2036.27866502,2124.45225665,2080.36546083,1018.13933251,1062.22612832,0.48940407,-0.01842563,-0.02053334,-0.00592055
2024-04-06,0.00000000,0.00000000,0.00000000,2036.27866502,2124.45225665,2080.36546083,1018.13933251,1062.22612832,0.48940407,-0.01842563,-0.02053334,-0.00592055
2024-04-07,0.00000000,0.00402891,0.00205715,2036.27866502,2133.01148735,2084.64507618,1018.13933251,1066.50574367,0.48839937,-0.01842563,-0.01658716,-0.00387558
2024-04-08,0.00608009,0.02452538,0.01551671,2048.65942848,2185.32440994,2116.99191921,1024.32971424,1092.66220497,0.48386095,-0.01245757,0.00000000,0.00000000
2024-04-09,0.00000000,0.00000000,0.00000000,2048.65942848,2185.32440994,2116.99191921,1024.32971424,1092.66220497,0.48386095,-0.01245757,0.00000000,0.00000000
2024-04-10,0.00193019,0.00000000,0.00093394,2052.61373634,2185.32440994,2118.96907314,1026.30686817,1092.66220497,0.48434254,-0.01055142,0.00000000,0.00000000
2024-04-11,-0.00560469,0.00000000,-0.00271459,2041.10946838,2185.32440994,2113.21693916,1020.55473419,1092.66220497,0.48293893,-0.01609698,0.00000000,-0.00271459
2024-04-12,0.00000000,0.00000000,0.00000000,2041.10946838,2185.32440994,2113.21693916,1020.55473419,1092.66220497,0.48293893,-0.01609698,0.00000000,-0.00271459
2024-04-13,0.00000000,0.00000000,0.00000000,2041.10946838,2185.32440994,2113.21693916,1020.55473419,1092.66220497,0.48293893,-0.01609698,0.00000000,-0.00271459
2024-04-14,0.00000000,0.00000000,0.00000000,2041.10946838,2185.32440994,2113.21693916,1020.55473419,1092.66220497,0.48293893,-0.01609698,0.00000000,-0.00271459
2024-04-15,0.00000000,0.00000000,0.00000000,2041.10946838,2185.32440994,2113.21693916,1020.55473419,1092.66220497,0.48293893,-0.01609698,0.00000000,-0.00271459
2024-04-16,0.00000000,0.00000000,0.00000000,2041.10946838,2185.32440994,2113.21693916,1020.55473419,1092.66220497,0.48293893,-0.01609698,0.00000000,-0.00271459
2024-04-17,0.00000000,0.00000000,0.00000000,2041.10946838,2185.32440994,2113.21693916,1020.55473419,1092.66220497,0.48293893,-0.01609698,0.00000000,-0.00271459
2024-04-18,0.00000000,0.00000000,0.00000000,2041.10946838,2185.32440994,2113.21693916,1020.55473419,1092.66220497,0.48293893,-0.01609698,0.00000000,-0.00271459
2024-04-19,0.00000000,0.00000000,0.00000000,2041.10946838,2185.32440994,2113.21693916,1020.55473419,1092.66220497,0.48293893,-0.01609698,0.00000000,-0.00271459
2024-04-20,0.00000000,0.00000000,0.00000000,2041.10946838,2185.32440994,2113.21693916,1020.55473419,1092.66220497,0.48293893,-0.01609698,0.00000000,-0.00271459
2024-04-21,0.00000000,0.00000000,0.00000000,2041.10946838,2185.32440994,2113.21693916,1020.55473419,1092.66220497,0.48293893,-0.01609698,0.00000000,-0.00271459
2024-04-22,-0.00381700,0.00000000,-0.00184338,2033.31855722,2185.32440994,2109.32148358,1016.65927861,1092.66220497,0.48198403,-0.01985253,0.00000000,-0.00455296
2024-04-23,0.00000000,0.00000000,0.00000000,2033.31855722,2185.32440994,2109.32148358,1016.65927861,1092.66220497,0.48198403,-0.01985253,0.00000000,-0.00455296
2024-04-24,0.00000000,-0.00472552,-0.00244789,2033.31855722,2174.99762640,2104.15809181,1016.65927861,1087.49881320,0.48316677,-0.01985253,-0.00472552,-0.00698971
2024-04-25,0.00000000,0.00000000,0.00000000,2033.31855722,2174.99762640,2104.15809181,1016.65927861,1087.49881320,0.48316677,-0.01985253,-0.00472552,-0.00698971
2024-04-26,0.00000000,0.00000000,0.00000000,2033.31855722,2174.99762640,2104.15809181,1016.65927861,1087.49881320,0.48316677,-0.01985253,-0.00472552,-0.00698971
2024-04-27,0.00000000,-0.00570151,-0.00294673,2033.31855722,2162.59686638,2097.95771180,1016.65927861,1081.29843319,0.48459474,-0.01985253,-0.01040008,-0.00991584
2024-04-28,0.00000000,0.00000000,0.00000000,2033.31855722,2162.59686638,2097.95771180,1016.65927861,1081.29843319,0.48459474,-0.01985253,-0.01040008,-0.00991584
2024-04-29,0.00000000,0.00000000,0.00000000,2033.31855722,2162.59686638,2097.95771180,1016.65927861,1081.29843319,0.48459474,-0.01985253,-0.01040008,-0.00991584
2024-04-30,0.00000000,-0.00616830,-0.00317917,2033.31855722,2149.25732644,2091.28794183,1016.65927861,1074.62866322,0.48614027,-0.01985253,-0.01650422,-0.01306349
2024-05-01,0.00000000,0.00000000,0.00000000,2033.31855722,2149.25732644,2091.28794183,1016.65927861,1074.62866322,0.48614027,-0.01985253,-0.01650422,-0.01306349
2024-05-02,0.00000000,0.00000000,0.00000000,2033.31855722,2149.25732644,2091.28794183,1016.65927861,1074.62866322,0.48614027,-0.01985253,-0.01650422,-0.01306349
2024-05-03,0.00000000,0.00000000,0.00000000,2033.31855722,2149.25732644,2091.28794183,1016.65927861,1074.62866322,0.48614027,-0.01985253,-0.01650422,-0.01306349
2024-05-04,0.00000000,-0.00605668,-0.00311228,2033.31855722,2136.23995849,2084.77925785,1016.65927861,1068.11997924,0.48765800,-0.01985253,-0.02246095,-0.01613512
2024-05-05,0.00000000,0.00000000,0.00000000,2033.31855722,2136.23995849,2084.77925785,1016.65927861,1068.11997924,0.48765800,-0.01985253,-0.02246095,-0.01613512
2024-05-06,-0.00406724,-0.00492282,-0.00450559,2025.04855967,2125.72362494,2075.38609230,1012.52427983,1062.86181247,0.48787273,-0.02383903,-0.02727320,-0.02056801
2024-05-07,0.00000000,0.00000000,0.00000000,2025.04855967,2125.72362494,2075.38609230,1012.52427983,1062.86181247,0.48787273,-0.02383903,-0.02727320,-0.02056801
2024-05-08,0.00000000,0.00000000,0.00000000,2025.04855967,2125.72362494,2075.38609230,1012.52427983,1062.86181247,0.48787273,-0.02383903,-0.02727320,-0.02056801
2024-05-09,0.00000000,0.00000000,0.00000000,2025.04855967,2125.72362494,2075.38609230,1012.52427983,1062.86181247,0.48787273,-0.02383903,-0.02727320,-0.02056801
2024-05-10,0.00000000,0.00000000,0.00000000,2025.04855967,2125.72362494,2075.38609230,1012.52427983,1062.86181247,0.48787273,-0.02383903,-0.02727320,-0.02056801
2024-05-11,0.00000000,0.00000000,0.00000000,2025.04855967,2125.72362494,2075.38609230,1012.52427983,1062.86181247,0.48787273,-0.02383903,-0.02727320,-0.02056801
2024-05-12,0.00000000,0.00000000,0.00000000,2025.04855967,2125.72362494,2075.38609230,1012.52427983,1062.86181247,0.48787273,-0.02383903,-0.02727320,-0.02056801
2024-05-13,0.00000000,0.00000000,0.00000000,2025.04855967,2125.72362494,2075.38609230,1012.52427983,1062.86181247,0.48787273,-0.02383903,-0.02727320,-0.02056801
2024-05-14,0.00000000,0.00000000,0.00000000,2025.04855967,2125.72362494,2075.38609230,1012.52427983,1062.86181247,0.48787273,-0.02383903,-0.02727320,-0.02056801
2024-05-15,0.00000000,0.00000000,0.00000000,2025.04855967,2125.72362494,2075.38609230,1012.52427983,1062.86181247,0.48787273,-0.02383903,-0.02727320,-0.02056801
2024-05-16,0.00000000,0.00000000,0.00000000,2025.04855967,2125.72362494,2075.38609230,1012.52427983,1062.86181247,0.48787273,-0.02383903,-0.02727320,-0.02056801
2024-05-17,-0.00317874,-0.01600866,-0.00974929,2018.61145881,2091.69364172,2055.15255026,1009.30572940,1045.84682086,0.49110988,-0.02694199,-0.04284525,-0.03011678
2024-05-18,0.00000000,0.00000000,0.00000000,2018.61145881,2091.69364172,2055.15255026,1009.30572940,1045.84682086,0.49110988,-0.02694199,-0.04284525,-0.03011678
2024-05-19,0.00000000,0.00000000,0.00000000,2018.61145881,2091.69364172,2055.15255026,1009.30572940,1045.84682086,0.49110988,-0.02694199,-0.04284525,-0.03011678
2024-05-20,0.01295106,0.03719026,0.02528615,2044.75462168,2169.48426751,2107.11944460,1022.37731084,1084.74213375,0.48520140,-0.01433986,-0.00724842,-0.00559217
2024-05-21,-0.00374534,0.01225570,0.00449197,2037.09631762,2196.07282245,2116.58457004,1018.54815881,1098.03641123,0.48122252,-0.01803149,0.00000000,-0.00112531
2024-05-22,0.00000000,0.00000000,0.00000000,2037.09631762,2196.07282245,2116.58457004,1018.54815881,1098.03641123,0.48122252,-0.01803149,0.00000000,-0.00112531
2024-05-23,0.00000000,-0.00474050,-0.00245927,2037.09631762,2185.66233190,2111.37932476,1018.54815881,1092.83116595,0.48240889,-0.01803149,-0.00474050,-0.00358181
2024-05-24,0.00000000,0.00000000,0.00000000,2037.09631762,2185.66233190,2111.37932476,1018.54815881,1092.83116595,0.48240889,-0.01803149,-0.00474050,-0.00358181
2024-05-25,0.00000000,0.00000000,0.00000000,2037.09631762,2185.66233190,2111.37932476,1018.54815881,1092.83116595,0.48240889,-0.01803149,-0.00474050,-0.00358181
2024-05-26,0.00000000,-0.00463422,-0.00239863,2037.09631762,2175.53348403,2106.31490083,1018.54815881,1087.76674201,0.48356880,-0.01803149,-0.00935276,-0.00597185
2024-05-27,0.00000000,-0.01770562,-0.00914373,2037.09631762,2137.01432193,2087.05531978,1018.54815881,1068.50716096,0.48803122,-0.01803149,-0.02689278,-0.01506098
2024-05-28,0.00000000,0.00000000,0.00000000,2037.09631762,2137.01432193,2087.05531978,1018.54815881,1068.50716096,0.48803122,-0.01803149,-0.02689278,-0.01506098
2024-05-29,0.00000000,0.00000000,0.00000000,2037.09631762,2137.01432193,2087.05531978,1018.54815881,1068.50716096,0.48803122,-0.01803149,-0.02689278,-0.01506098
2024-05-30,0.00000000,0.00000000,0.00000000,2037.09631762,2137.01432193,2087.05531978,1018.54815881,1068.50716096,0.48803122,-0.01803149,-0.02689278,-0.01506098
2024-05-31,0.00000000,0.00000000,0.00000000,2037.09631762,2137.01432193,2087.05531978,1018.54815881,1068.50716096,0.48803122,-0.01803149,-0.02689278,-0.01506098
2024-06-01,0.00000000,0.00000000,0.00000000,2037.09631762,2137.01432193,2087.05531978,1018.54815881,1068.50716096,0.48803122,-0.01803149,-0.02689278,-0.01506098
2024-06-02,0.00000000,0.00000000,0.00000000,2037.09631762,2137.01432193,2087.05531978,1018.54815881,1068.50716096,0.48803122,-0.01803149,-0.02689278,-0.01506098
2024-06-03,-0.01129711,-0.00384919,-0.00748401,2014.08301589,2128.78855303,2071.43578446,1007.04150794,1064.39427651,0.48615628,-0.02912490,-0.03063845,-0.02243227
2024-06-04,-0.00318255,0.00000000,-0.00154722,2007.67308926,2128.78855303,2068.23082114,1003.83654463,1064.39427651,0.48536002,-0.03221476,-0.03063845,-0.02394478
2024-06-05,0.00000000,-0.00841610,-0.00433126,2007.67308926,2110.87245059,2059.27276992,1003.83654463,1055.43622529,0.48747138,-0.03221476,-0.03879670,-0.02817233
2024-06-06,0.00000000,0.00000000,0.00000000,2007.67308926,2110.87245059,2059.27276992,1003.83654463,1055.43622529,0.48747138,-0.03221476,-0.03879670,-0.02817233
2024-06-07,-0.01350579,0.00000000,-0.00658368,1980.55788539,2110.87245059,2045.71516799,990.27894270,1055.43622529,0.48407469,-0.04528546,-0.03879670,-0.03457054
2024-06-08,0.00000000,0.00000000,0.00000000,1980.55788539,2110.87245059,2045.71516799,990.27894270,1055.43622529,0.48407469,-0.04528546,-0.03879670,-0.03457054
2024-06-09,0.00000000,0.00000000,0.00000000,1980.55788539,2110.87245059,2045.71516799,990.27894270,1055.43622529,0.48407469,-0.04528546,-0.03879670,-0.03457054
2024-06-10,0.00000000,-0.01109937,-0.00572645,1980.55788539,2087.44309886,2034.00049212,990.27894270,1043.72154943,0.48686269,-0.04528546,-0.04946545,-0.04009902
2024-06-11,0.01944166,0.04690690,0.03353510,2019.06321623,2185.35857391,2102.21089507,1009.53160812,1092.67928696,0.48022375,-0.02672422,-0.00487882,-0.00790865
2024-06-12,-0.02708891,-0.03649833,-0.03197970,1964.36899904,2105.59664056,2034.98281980,982.18449952,1052.79832028,0.48265002,-0.05308920,-0.04119908,-0.03963543
2024-06-13,0.00000000,0.00000000,0.00000000,1964.36899904,2105.59664056,2034.98281980,982.18449952,1052.79832028,0.48265002,-0.05308920,-0.04119908,-0.03963543
2024-06-14,-0.01134184,-0.01389708,-0.01266380,1942.08943186,2076.33498920,2009.21221053,971.04471593,1038.16749460,0.48329624,-0.06382892,-0.05452362,-0.05179729
2024-06-15,0.00000000,0.00000000,0.00000000,1942.08943186,2076.33498920,2009.21221053,971.04471593,1038.16749460,0.48329624,-0.06382892,-0.05452362,-0.05179729
2024-06-16,0.00000000,-0.00623794,-0.00322317,1942.08943186,2063.38293222,2002.73618204,971.04471593,1031.69146611,0.48485903,-0.06382892,-0.06042144,-0.05485351
2024-06-17,-0.00810870,-0.00391762,-0.00594970,1926.34160185,2055.29938726,1990.82049455,963.17080092,1027.64969363,0.48380595,-0.07142005,-0.06410235,-0.06047685
2024-06-18,0.00000000,-0.02143313,-0.01106365,1926.34160185,2011.24789310,1968.79474747,963.17080092,1005.62394655,0.48921849,-0.07142005,-0.08416157,-0.07087141
2024-06-19,0.00000000,0.00000000,0.00000000,1926.34160185,2011.24789310,1968.79474747,963.17080092,1005.62394655,0.48921849,-0.07142005,-0.08416157,-0.07087141
2024-06-20,0.00701943,0.00000000,0.00343403,1939.86341391,2011.24789310,1975.55565351,969.93170696,1005.62394655,0.49096653,-0.06490195,-0.08416157,-0.06768075
2024-06-21,0.01129323,-0.01286070,-0.00100193,1961.77074727,1985.38183516,1973.57629122,980.88537363,992.69091758,0.49700910,-0.05434167,-0.09593989,-0.06861487
2024-06-22,-0.00196890,0.00000000,-0.00097856,1957.90821608,1985.38183516,1971.64502562,978.95410804,992.69091758,0.49651641,-0.05620358,-0.09593989,-0.06952628
2024-06-23,0.01624912,0.01179548,0.01400678,1989.72249965,2008.80035784,1999.26142875,994.86124983,1004.40017892,0.49761439,-0.04086772,-0.08527607,-0.05649334
2024-06-24,0.04300368,0.01945681,0.03117407,2075.28788512,2047.88520519,2061.58654515,1037.64394256,1023.94260259,0.50332301,0.00000000,-0.06747846,-0.02708040
2024-06-25,-0.02602736,-0.01180735,-0.01896461,2021.27362396,2023.70511042,2022.48936719,1010.63681198,1011.85255521,0.49969944,-0.02602736,-0.07848907,-0.04553144
2024-06-26,0.00000000,-0.00416513,-0.00208382,2021.27362396,2015.27610824,2018.27486610,1010.63681198,1007.63805412,0.50074290,-0.02602736,-0.08232729,-0.04752038
2024-06-27,0.00000000,0.00000000,0.00000000,2021.27362396,2015.27610824,2018.27486610,1010.63681198,1007.63805412,0.50074290,-0.02602736,-0.08232729,-0.04752038
2024-06-28,0.00000000,0.00000000,0.00000000,2021.27362396,2015.27610824,2018.27486610,1010.63681198,1007.63805412,0.50074290,-0.02602736,-0.08232729,-0.04752038
2024-06-29,0.00000000,0.00000000,0.00000000,2021.27362396,2015.27610824,2018.27486610,1010.63681198,1007.63805412,0.50074290,-0.02602736,-0.08232729,-0.04752038
2024-06-30,-0.00859815,0.00000000,-0.00430546,2003.89441561,2015.27610824,2009.58526193,1001.94720781,1007.63805412,0.49858407,-0.03440172,-0.08232729,-0.05162124
2024-07-01,0.00244223,0.00000000,0.00121766,2008.78838151,2015.27610824,2012.03224487,1004.39419075,1007.63805412,0.49919388,-0.03204351,-0.08232729,-0.05046644
2024-07-02,-0.01237297,-0.00020162,-0.00627749,1983.93369584,2014.86978472,1999.40174028,991.96684792,1007.43489236,0.49613183,-0.04402001,-0.08251231,-0.05642713
2024-07-03,0.03073438,0.03678785,0.03378453,2044.90866404,2088.99251388,2066.95058896,1022.45433202,1044.49625694,0.49466801,-0.01463856,-0.04875991,-0.02454896
2024-07-04,0.04883457,0.06646595,0.05774427,2144.77089384,2227.83939624,2186.30514504,1072.38544692,1113.91969812,0.49050127,0.00000000,0.00000000,0.00000000
2024-07-05,0.02670277,0.02059654,0.02359165,2202.04222764,2273.72517567,2237.88370166,1101.02111382,1136.86258783,0.49199211,0.00000000,0.00000000,0.00000000
2024-07-06,0.00000000,-0.02202752,-0.01119015,2202.04222764,2223.64065898,2212.84144331,1101.02111382,1111.82032949,0.49755988,0.00000000,-0.02202752,-0.01119015
2024-07-07,0.00671674,0.03597164,0.02141558,2216.83276791,2303.62866488,2260.23071639,1108.41638396,1151.81433244,0.49039966,0.00000000,0.00000000,0.00000000
2024-07-08,-0.02542448,-0.00697383,-0.01602202,2160.47094514,2287.56356149,2224.01725332,1080.23547257,1143.78178074,0.48571362,-0.02542448,-0.00697383,-0.01602202
2024-07-09,0.00000000,0.00000000,0.00000000,2160.47094514,2287.56356149,2224.01725332,1080.23547257,1143.78178074,0.48571362,-0.02542448,-0.00697383,-0.01602202
2024-07-10,0.00000000,0.00000000,0.00000000,2160.47094514,2287.56356149,2224.01725332,1080.23547257,1143.78178074,0.48571362,-0.02542448,-0.00697383,-0.01602202
2024-07-11,0.00000000,0.00000000,0.00000000,2160.47094514,2287.56356149,2224.01725332,1080.23547257,1143.78178074,0.48571362,-0.02542448,-0.00697383,-0.01602202
2024-07-12,0.00000000,-0.00393979,-0.00202618,2160.47094514,2278.55104425,2219.51099470,1080.23547257,1139.27552213,0.48669976,-0.02542448,-0.01088614,-0.01801574
2024-07-13,-0.00244953,-0.00661950,-0.00458998,2155.17881608,2263.46817197,2209.32349402,1077.58940804,1131.73408598,0.48774632,-0.02781173,-0.01743358,-0.02252302
2024-07-14,-0.01274964,-0.00688150,-0.00974366,2127.70106646,2247.89210563,2187.79658604,1063.85053323,1123.94605281,0.48626574,-0.04020678,-0.02419511,-0.03204723
2024-07-15,0.00291150,0.00829305,0.00567618,2133.89586263,2266.53398373,2200.21492318,1066.94793132,1133.26699186,0.48492896,-0.03741234,-0.01610272,-0.02655295
2024-07-16,0.00000000,-0.01157978,-0.00596441,2133.89586263,2240.28802605,2187.09194434,1066.94793132,1120.14401302,0.48783863,-0.03741234,-0.02749603,-0.03235899
2024-07-17,0.00000000,0.00000000,0.00000000,2133.89586263,2240.28802605,2187.09194434,1066.94793132,1120.14401302,0.48783863,-0.03741234,-0.02749603,-0.03235899
2024-07-18,0.00000000,0.00000000,0.00000000,2133.89586263,2240.28802605,2187.09194434,1066.94793132,1120.14401302,0.48783863,-0.03741234,-0.02749603,-0.03235899
2024-07-19,0.00000000,-0.00397217,-0.00203439,2133.89586263,2231.38922806,2182.64254535,1066.94793132,1115.69461403,0.48883310,-0.03741234,-0.03135898,-0.03432754
2024-07-20,0.00000000,-0.00401388,-0.00205176,2133.89586263,2222.43269654,2178.16427959,1066.94793132,1111.21634827,0.48983814,-0.03741234,-0.03524699,-0.03630888
2024-07-21,-0.00958569,0.00000000,-0.00469544,2113.44100015,2222.43269654,2167.93684834,1056.72050007,1111.21634827,0.48743140,-0.04663941,-0.03524699,-0.04083383
2024-07-22,0.00000000,0.00000000,0.00000000,2113.44100015,2222.43269654,2167.93684834,1056.72050007,1111.21634827,0.48743140,-0.04663941,-0.03524699,-0.04083383
2024-07-23,0.00000000,0.00000000,0.00000000,2113.44100015,2222.43269654,2167.93684834,1056.72050007,1111.21634827,0.48743140,-0.04663941,-0.03524699,-0.04083383
2024-07-24,0.00000000,0.00000000,0.00000000,2113.44100015,2222.43269654,2167.93684834,1056.72050007,1111.21634827,0.48743140,-0.04663941,-0.03524699,-0.04083383
2024-07-25,-0.01403692,0.00000000,-0.00684203,2083.77480159,2222.43269654,2153.10374906,1041.88740079,1111.21634827,0.48390023,-0.06002165,-0.03524699,-0.04739647
2024-07-26,0.00000000,0.00000000,0.00000000,2083.77480159,2222.43269654,2153.10374906,1041.88740079,1111.21634827,0.48390023,-0.06002165,-0.03524699,-0.04739647
2024-07-27,-0.00742372,0.00000000,-0.00359234,2068.30543217,2222.43269654,2145.36906436,1034.15271609,1111.21634827,0.48203954,-0.06699979,-0.03524699,-0.05081855
2024-07-28,0.00000000,0.00000000,0.00000000,2068.30543217,2222.43269654,2145.36906436,1034.15271609,1111.21634827,0.48203954,-0.06699979,-0.03524699,-0.05081855
2024-07-29,0.02039983,-0.00481671,0.00733866,2110.49850818,2211.72788492,2161.11319655,1055.24925409,1105.86394246,0.48828967,-0.04796675,-0.03989392,-0.04385283
2024-07-30,0.00875084,-0.00484459,0.00179392,2128.96714558,2201.01296008,2164.99005283,1064.48357279,1100.50648004,0.49168058,-0.03963566,-0.04454525,-0.04213758
2024-07-31,0.02220725,0.00000000,0.01091887,2176.24564428,2201.01296008,2188.62930218,1088.12282214,1100.50648004,0.49717091,-0.01830861,-0.04454525,-0.03167881
2024-08-01,0.00606362,0.00000000,0.00301466,2189.44157366,2201.01296008,2195.22726687,1094.72078683,1100.50648004,0.49868221,-0.01235600,-0.04454525,-0.02875965
2024-08-02,0.03709485,0.00000000,0.01849854,2270.65859097,2201.01296008,2235.83577552,1135.32929548,1100.50648004,0.50778743,0.00000000,-0.04454525,-0.01079312
2024-08-03,0.01131689,0.00000000,0.00574657,2296.35537613,2201.01296008,2248.68416810,1148.17768806,1100.50648004,0.51059980,0.00000000,-0.04454525,-0.00510857
2024-08-04,0.03779883,0.00000000,0.01930008,2383.15493081,2201.01296008,2292.08394545,1191.57746541,1100.50648004,0.51986642,0.00000000,-0.04454525,0.00000000
2024-08-05,0.05708961,0.00000000,0.02967897,2519.20831300,2201.01296008,2360.11063654,1259.60415650,1100.50648004,0.53370555,0.00000000,-0.04454525,0.00000000
2024-08-06,0.00000000,0.00000000,0.00000000,2519.20831300,2201.01296008,2360.11063654,1259.60415650,1100.50648004,0.53370555,0.00000000,-0.04454525,0.00000000
2024-08-07,0.00000000,0.00000000,0.00000000,2519.20831300,2201.01296008,2360.11063654,1259.60415650,1100.50648004,0.53370555,0.00000000,-0.04454525,0.00000000
2024-08-08,0.03774087,0.03619323,0.03701922,2614.28542823,2280.67473749,2447.48008286,1307.14271411,1140.33736874,0.53407696,0.00000000,-0.00996425,0.00000000
2024-08-09,-0.00240083,-0.01005411,-0.00596667,2608.00897518,2257.74458264,2432.87677891,1304.00448759,1128.87229132,0.53599282,-0.00240083,-0.01991818,-0.00596667
2024-08-10,0.00000000,0.00000000,0.00000000,2608.00897518,2257.74458264,2432.87677891,1304.00448759,1128.87229132,0.53599282,-0.00240083,-0.01991818,-0.00596667
2024-08-11,0.00000000,0.00000000,0.00000000,2608.00897518,2257.74458264,2432.87677891,1304.00448759,1128.87229132,0.53599282,-0.00240083,-0.01991818,-0.00596667
2024-08-12,0.00000000,-0.00585384,-0.00271623,2608.00897518,2244.52809837,2426.26853677,1304.00448759,1122.26404919,0.53745266,-0.00240083,-0.02565542,-0.00866669
2024-08-13,0.00000000,0.00000000,0.00000000,2608.00897518,2244.52809837,2426.26853677,1304.00448759,1122.26404919,0.53745266,-0.00240083,-0.02565542,-0.00866669
2024-08-14,0.00000000,0.00000000,0.00000000,2608.00897518,2244.52809837,2426.26853677,1304.00448759,1122.26404919,0.53745266,-0.00240083,-0.02565542,-0.00866669
2024-08-15,0.00000000,0.00000000,0.00000000,2608.00897518,2244.52809837,2426.26853677,1304.00448759,1122.26404919,0.53745266,-0.00240083,-0.02565542,-0.00866669
2024-08-16,0.00000000,0.00000000,0.00000000,2608.00897518,2244.52809837,2426.26853677,1304.00448759,1122.26404919,0.53745266,-0.00240083,-0.02565542,-0.00866669
2024-08-17,0.00000000,0.00000000,0.00000000,2608.00897518,2244.52809837,2426.26853677,1304.00448759,1122.26404919,0.53745266,-0.00240083,-0.02565542,-0.00866669
2024-08-18,0.00000000,-0.00330403,-0.00152827,2608.00897518,2237.11210368,2422.56053943,1304.00448759,1118.55605184,0.53827529,-0.00240083,-0.02887469,-0.01018171
2024-08-19,0.00000000,0.00000000,0.00000000,2608.00897518,2237.11210368,2422.56053943,1304.00448759,1118.55605184,0.53827529,-0.00240083,-0.02887469,-0.01018171
2024-08-20,0.00493184,0.00044414,0.00285976,2620.87127074,2238.10570538,2429.48848806,1310.43563537,1119.05285269,0.53938746,0.00000000,-0.02844337,-0.00735107
2024-08-21,0.00766020,0.00000000,0.00413181,2640.94765845,2238.10570538,2439.52668191,1320.47382922,1119.05285269,0.54128280,0.00000000,-0.02844337,-0.00324963
2024-08-22,0.00000000,0.00000000,0.00000000,2640.94765845,2238.10570538,2439.52668191,1320.47382922,1119.05285269,0.54128280,0.00000000,-0.02844337,-0.00324963
2024-08-23,0.01278540,0.00836003,0.01075541,2674.71323246,2256.81633096,2465.76478171,1337.35661623,1128.40816548,0.54236991,0.00000000,-0.02032113,0.00000000
2024-08-24,0.00000000,-0.00464955,-0.00212778,2674.71323246,2246.32314388,2460.51818817,1337.35661623,1123.16157194,0.54352641,0.00000000,-0.02487620,-0.00212778
2024-08-25,0.00000000,0.00000000,0.00000000,2674.71323246,2246.32314388,2460.51818817,1337.35661623,1123.16157194,0.54352641,0.00000000,-0.02487620,-0.00212778
2024-08-26,0.00000000,0.00000000,0.00000000,2674.71323246,2246.32314388,2460.51818817,1337.35661623,1123.16157194,0.54352641,0.00000000,-0.02487620,-0.00212778
2024-08-27,0.00000000,0.00000000,0.00000000,2674.71323246,2246.32314388,2460.51818817,1337.35661623,1123.16157194,0.54352641,0.00000000,-0.02487620,-0.00212778
2024-08-28,0.00000000,0.00000000,0.00000000,2674.71323246,2246.32314388,2460.51818817,1337.35661623,1123.16157194,0.54352641,0.00000000,-0.02487620,-0.00212778
2024-08-29,0.00000000,0.00000000,0.00000000,2674.71323246,2246.32314388,2460.51818817,1337.35661623,1123.16157194,0.54352641,0.00000000,-0.02487620,-0.00212778
2024-08-30,0.00000000,0.00000000,0.00000000,2674.71323246,2246.32314388,2460.51818817,1337.35661623,1123.16157194,0.54352641,0.00000000,-0.02487620,-0.00212778
2024-08-31,0.00000000,0.00000000,0.00000000,2674.71323246,2246.32314388,2460.51818817,1337.35661623,1123.16157194,0.54352641,0.00000000,-0.02487620,-0.00212778
2024-09-01,-0.02256300,0.00000000,-0.01226359,2614.36367958,2246.32314388,2430.34341173,1307.18183979,1123.16157194,0.53785890,-0.02256300,-0.02487620,-0.01436527
2024-09-02,-0.01619244,-0.00438933,-0.01073774,2572.03074270,2236.46328397,2404.24701334,1286.01537135,1118.23164199,0.53489320,-0.03839009,-0.02915634,-0.02494876
2024-09-03,-0.00393093,0.00000000,-0.00210263,2561.92026812,2236.46328397,2399.19177604,1280.96013406,1118.23164199,0.53391319,-0.04217011,-0.02915634,-0.02699893
2024-09-04,0.00000000,0.00000000,0.00000000,2561.92026812,2236.46328397,2399.19177604,1280.96013406,1118.23164199,0.53391319,-0.04217011,-0.02915634,-0.02699893
2024-09-05,0.00000000,0.00000000,0.00000000,2561.92026812,2236.46328397,2399.19177604,1280.96013406,1118.23164199,0.53391319,-0.04217011,-0.02915634,-0.02699893
2024-09-06,0.00000000,0.00000000,0.00000000,2561.92026812,2236.46328397,2399.19177604,1280.96013406,1118.23164199,0.53391319,-0.04217011,-0.02915634,-0.02699893
2024-09-07,0.00000000,0.00000000,0.00000000,2561.92026812,2236.46328397,2399.19177604,1280.96013406,1118.23164199,0.53391319,-0.04217011,-0.02915634,-0.02699893
2024-09-08,0.00000000,0.00000000,0.00000000,2561.92026812,2236.46328397,2399.19177604,1280.96013406,1118.23164199,0.53391319,-0.04217011,-0.02915634,-0.02699893
2024-09-09,0.01959502,0.00000000,0.01046204,2612.12114581,2236.46328397,2424.29221489,1306.06057291,1118.23164199,0.53873892,-0.02340142,-0.02915634,-0.01681935
2024-09-10,0.00000000,-0.00903554,-0.00416774,2612.12114581,2216.25562785,2414.18838683,1306.06057291,1108.12781392,0.54099364,-0.02340142,-0.03792844,-0.02091700
2024-09-11,0.00000000,0.00000000,0.00000000,2612.12114581,2216.25562785,2414.18838683,1306.06057291,1108.12781392,0.54099364,-0.02340142,-0.03792844,-0.02091700
2024-09-12,-0.00507101,0.00000000,-0.00274338,2598.87505149,2216.25562785,2407.56533967,1299.43752575,1108.12781392,0.53973095,-0.02835376,-0.03792844,-0.02360300
2024-09-13,0.02518017,0.00000000,0.01359052,2664.31515849,2216.25562785,2440.28539317,1332.15757925,1108.12781392,0.54590237,-0.00388755,-0.03792844,-0.01033326
2024-09-14,-0.00880723,0.00000000,-0.00480789,2640.84991248,2216.25562785,2428.55277017,1320.42495624,1108.12781392,0.54370857,-0.01266054,-0.03792844,-0.01509147
2024-09-15,-0.01272468,0.00000000,-0.00691852,2607.24594464,2216.25562785,2411.75078625,1303.62297232,1108.12781392,0.54052972,-0.02522412,-0.03792844,-0.02190558
2024-09-16,0.01566673,0.00000000,0.00846833,2648.09296430,2216.25562785,2432.17429607,1324.04648215,1108.12781392,0.54438799,-0.00995257,-0.03792844,-0.01362275
2024-09-17,-0.02002399,0.00000000,-0.01090082,2595.06756616,2216.25562785,2405.66159700,1297.53378308,1108.12781392,0.53936671,-0.02977727,-0.03792844,-0.02437507
2024-09-18,0.00000000,0.00000000,0.00000000,2595.06756616,2216.25562785,2405.66159700,1297.53378308,1108.12781392,0.53936671,-0.02977727,-0.03792844,-0.02437507
2024-09-19,0.00000000,0.00000000,0.00000000,2595.06756616,2216.25562785,2405.66159700,1297.53378308,1108.12781392,0.53936671,-0.02977727,-0.03792844,-0.02437507
2024-09-20,0.00000000,-0.00402952,-0.00185613,2595.06756616,2207.32518560,2401.19637588,1297.53378308,1103.66259280,0.54036971,-0.02977727,-0.04180512,-0.02618596
2024-09-21,0.00000000,0.00000000,0.00000000,2595.06756616,2207.32518560,2401.19637588,1297.53378308,1103.66259280,0.54036971,-0.02977727,-0.04180512,-0.02618596
2024-09-22,-0.00718075,0.00000000,-0.00388026,2576.43304717,2207.32518560,2391.87911638,1288.21652358,1103.66259280,0.53857928,-0.03674420,-0.04180512,-0.02996460
2024-09-23,0.00000000,-0.00505608,-0.00233298,2576.43304717,2196.16476967,2386.29890842,1288.21652358,1098.08238483,0.53983871,-0.03674420,-0.04664983,-0.03222768
2024-09-24,-0.01175423,0.00000000,-0.00634539,2546.14906733,2196.16476967,2371.15691850,1273.07453366,1098.08238483,0.53690016,-0.04806652,-0.04664983,-0.03836857
2024-09-25,-0.00843726,0.00000000,-0.00452997,2524.66653868,2196.16476967,2360.41565417,1262.33326934,1098.08238483,0.53479279,-0.05609824,-0.04664983,-0.04272473
2024-09-26,0.00000000,0.00000000,0.00000000,2524.66653868,2196.16476967,2360.41565417,1262.33326934,1098.08238483,0.53479279,-0.05609824,-0.04664983,-0.04272473
2024-09-27,-0.00515556,0.00000000,-0.00275716,2511.65046395,2196.16476967,2353.90761681,1255.82523198,1098.08238483,0.53350659,-0.06096458,-0.04664983,-0.04536409
2024-09-28,-0.00470716,0.00000000,-0.00251130,2499.82771797,2196.16476967,2347.99624382,1249.91385899,1098.08238483,0.53233214,-0.06538477,-0.04664983,-0.04776146
2024-09-29,0.00000000,0.00000000,0.00000000,2499.82771797,2196.16476967,2347.99624382,1249.91385899,1098.08238483,0.53233214,-0.06538477,-0.04664983,-0.04776146
2024-09-30,0.03028083,0.00449805,0.01822306,2575.52458469,2206.04323540,2390.78391004,1287.76229234,1103.02161770,0.53863600,-0.03708384,-0.04236161,-0.03040877
2024-10-01,0.03708019,0.03449442,0.03588721,2671.02551344,2282.13941238,2476.58246291,1335.51275672,1141.06970619,0.53925632,-0.00137873,-0.00932844,0.00000000
2024-10-02,0.00247916,0.03079796,0.01552687,2677.64742153,2352.42465593,2515.03603873,1338.82371077,1176.21232796,0.53232784,0.00000000,0.00000000,0.00000000
2024-10-03,-0.00158674,0.00510518,0.00154288,2673.39868282,2364.43420286,2518.91644284,1336.69934141,1182.21710143,0.53066442,-0.00158674,0.00000000,0.00000000
2024-10-04,-0.01690712,-0.00834613,-0.01288914,2628.19921858,2344.70033076,2486.44977467,1314.09960929,1172.35016538,0.52850439,-0.01846703,-0.00834613,-0.01288914
2024-10-05,0.00000000,0.00000000,0.00000000,2628.19921858,2344.70033076,2486.44977467,1314.09960929,1172.35016538,0.52850439,-0.01846703,-0.00834613,-0.01288914
2024-10-06,-0.00508048,0.00000000,-0.00268506,2614.84670196,2344.70033076,2479.77351636,1307.42335098,1172.35016538,0.52723498,-0.02345369,-0.00834613,-0.01553959
2024-10-07,-0.01526169,-0.00974701,-0.01265454,2574.93971181,2321.84651393,2448.39311287,1287.46985590,1160.92325696,0.52584279,-0.03835744,-0.01801179,-0.02799749
2024-10-08,-0.01574015,-0.01707458,-0.01637288,2534.40977056,2282.20196904,2408.30586980,1267.20488528,1141.10098452,0.52618104,-0.05349384,-0.03477882,-0.04391197
2024-10-09,-0.00362933,-0.00651917,-0.00499859,2525.21155018,2267.32390282,2396.26772650,1262.60577509,1133.66195141,0.52690514,-0.05692903,-0.04107126,-0.04869106
2024-10-10,-0.02103039,-0.00915454,-0.01541199,2472.10536884,2246.56759325,2359.33648104,1236.05268442,1123.28379662,0.52389843,-0.07676218,-0.04984982,-0.06335262
2024-10-11,0.00000000,0.00000000,0.00000000,2472.10536884,2246.56759325,2359.33648104,1236.05268442,1123.28379662,0.52389843,-0.07676218,-0.04984982,-0.06335262
2024-10-12,0.00000000,0.00000000,0.00000000,2472.10536884,2246.56759325,2359.33648104,1236.05268442,1123.28379662,0.52389843,-0.07676218,-0.04984982,-0.06335262
2024-10-13,0.00000000,-0.00799663,-0.00380721,2472.10536884,2228.60263324,2350.35400104,1236.05268442,1114.30131662,0.52590064,-0.07676218,-0.05744781,-0.06691863
2024-10-14,0.04316149,0.05847183,0.05042011,2578.80512701,2358.91310043,2468.85911372,1289.40256350,1179.45655021,0.52226656,-0.03691386,-0.00233506,-0.01987256
2024-10-15,0.01500571,-0.02251224,-0.00291787,2617.50193821,2305.80869013,2461.65531417,1308.75096911,1152.90434506,0.53165484,-0.02246206,-0.02479473,-0.02273244
2024-10-16,0.00836907,0.00000000,0.00444946,2639.40800389,2305.80869013,2472.60834701,1319.70400194,1152.90434506,0.53372949,-0.01428098,-0.02479473,-0.01838413
2024-10-17,-0.00340269,-0.00773657,-0.00542345,2630.42690744,2287.96963289,2459.19827017,1315.21345372,1143.98481645,0.53481391,-0.01763508,-0.03233948,-0.02370788
2024-10-18,0.01526049,-0.00654770,0.00511562,2670.56850373,2272.98869540,2471.77859956,1335.28425186,1136.49434770,0.54021192,-0.00264371,-0.03867543,-0.01871354
2024-10-19,-0.00089192,0.00000000,-0.00048183,2668.18656076,2272.98869540,2470.58762808,1334.09328038,1136.49434770,0.53999027,-0.00353327,-0.03867543,-0.01918635
2024-10-20,0.00954186,0.03183873,0.01979864,2693.64601676,2345.35777932,2519.50189804,1346.82300838,1172.67888966,0.53455924,0.00000000,-0.00806807,0.00000000
2024-10-21,-0.00279575,-0.02122962,-0.01137562,2686.11526229,2295.56673401,2490.84099815,1343.05763114,1147.78336701,0.53919846,-0.00279575,-0.02912641,-0.01137562
2024-10-22,-0.00062072,0.00906284,0.00384148,2684.44794320,2316.37108775,2500.40951547,1342.22397160,1158.18554388,0.53680166,-0.00341473,-0.02032753,-0.00757784
2024-10-23,0.01154956,0.03675152,0.02322307,2715.45213869,2401.50124383,2558.47669126,1357.72606934,1200.75062191,0.53067752,0.00000000,0.00000000,0.00000000
2024-10-24,-0.01156846,-0.00939184,-0.01054692,2684.03854093,2378.94672331,2531.49263212,1342.01927047,1189.47336165,0.53012964,-0.01156846,-0.00939184,-0.01054692
2024-10-25,-0.00704853,0.00627630,-0.00078759,2665.12000802,2393.87770655,2529.49885728,1332.56000401,1196.93885328,0.52680791,-0.01853545,-0.00317449,-0.01132621
2024-10-26,-0.00635201,-0.01654723,-0.01117631,2648.19114003,2354.26565340,2501.22839671,1324.09557001,1177.13282670,0.52937811,-0.02476972,-0.01966919,-0.02237593
2024-10-27,-0.00474226,-0.01862215,-0.01127444,2635.63272420,2310.42417321,2473.02844871,1317.81636210,1155.21208661,0.53287554,-0.02939452,-0.03792506,-0.03339809
2024-10-28,0.02277518,-0.00555722,0.00954042,2695.65974260,2297.58463633,2496.62218946,1347.82987130,1148.79231816,0.53986137,-0.00728880,-0.04327152,-0.02417630
2024-10-29,0.04022193,0.02779078,0.03450188,2804.08437546,2361.43630684,2582.76034115,1402.04218773,1180.71815342,0.54284641,0.00000000,-0.01668329,0.00000000
2024-10-30,-0.00547468,0.00773040,0.00056207,2788.73289774,2379.69115207,2584.21202490,1394.36644887,1189.84557604,0.53957123,-0.00547468,-0.00908186,0.00000000
2024-10-31,-0.00172886,-0.00848527,-0.00483970,2783.91157623,2359.49883691,2571.70520657,1391.95578812,1179.74941845,0.54125791,-0.00719408,-0.01749006,-0.00483970
2024-11-01,-0.02921524,-0.02143348,-0.02564542,2702.57893463,2308.92656556,2505.75275010,1351.28946731,1154.46328278,0.53927486,-0.03619914,-0.03854867,-0.03036101
2024-11-02,0.00000000,0.00000000,0.00000000,2702.57893463,2308.92656556,2505.75275010,1351.28946731,1154.46328278,0.53927486,-0.03619914,-0.03854867,-0.03036101
2024-11-03,-0.00769370,-0.00123182,-0.00471655,2681.78611467,2306.08238493,2493.93424980,1340.89305733,1153.04119247,0.53766175,-0.04361433,-0.03973300,-0.03493435
2024-11-04,-0.01324725,-0.02574752,-0.01902660,2646.25983406,2246.70647453,2446.48315429,1323.12991703,1123.35323727,0.54082936,-0.05628381,-0.06445750,-0.05329627
2024-11-05,0.00000000,-0.00632527,-0.00290438,2646.25983406,2232.49544972,2439.37764189,1323.12991703,1116.24772486,0.54240471,-0.05628381,-0.07037506,-0.05604586
2024-11-06,0.04423109,0.05968084,0.05130082,2763.30678078,2365.73264705,2564.51971391,1381.65339039,1182.86632353,0.53875717,-0.01454221,-0.01489427,-0.00762024
2024-11-07,0.00375639,0.06380648,0.03145406,2773.68685029,2516.68171440,2645.18428234,1386.84342514,1258.34085720,0.52428991,-0.01084045,0.00000000,0.00000000
2024-11-08,0.00843343,0.02289997,0.01531531,2797.07855623,2574.31365094,2685.69610359,1398.53927812,1287.15682547,0.52073624,-0.00249843,0.00000000,0.00000000
2024-11-09,0.00210379,0.05554942,0.02771835,2802.96303226,2717.31528467,2760.13915846,1401.48151613,1358.65764233,0.50775756,-0.00039990,0.00000000,0.00000000
2024-11-10,0.04828567,0.01823961,0.03349572,2938.30598087,2766.87805448,2852.59201768,1469.15299044,1383.43902724,0.51502387,0.00000000,0.00000000,0.00000000
2024-11-11,0.10380332,0.05920052,0.08217202,3243.31189667,2930.67866108,3086.99527887,1621.65594833,1465.33933054,0.52531857,0.00000000,0.00000000,0.00000000
2024-11-12,-0.02797970,-0.02781106,-0.02789965,3152.56499055,2849.17338305,3000.86918680,1576.28249528,1424.58669153,0.52527531,-0.02797970,-0.02781106,-0.02789965
2024-11-13,0.00000000,0.00000000,0.00000000,3152.56499055,2849.17338305,3000.86918680,1576.28249528,1424.58669153,0.52527531,-0.02797970,-0.02781106,-0.02789965
2024-11-14,0.00000000,0.00000000,0.00000000,3152.56499055,2849.17338305,3000.86918680,1576.28249528,1424.58669153,0.52527531,-0.02797970,-0.02781106,-0.02789965
2024-11-15,0.00000000,0.00000000,0.00000000,3152.56499055,2849.17338305,3000.86918680,1576.28249528,1424.58669153,0.52527531,-0.02797970,-0.02781106,-0.02789965
2024-11-16,0.00000000,0.00000000,0.00000000,3152.56499055,2849.17338305,3000.86918680,1576.28249528,1424.58669153,0.52527531,-0.02797970,-0.02781106,-0.02789965
2024-11-17,0.00000000,0.00000000,0.00000000,3152.56499055,2849.17338305,3000.86918680,1576.28249528,1424.58669153,0.52527531,-0.02797970,-0.02781106,-0.02789965
2024-11-18,0.00092944,0.00000000,0.00048821,3155.49510858,2849.17338305,3002.33424582,1577.74755429,1424.58669153,0.52550696,-0.02707627,-0.02781106,-0.02742506
2024-11-19,0.00000000,0.00000000,0.00000000,3155.49510858,2849.17338305,3002.33424582,1577.74755429,1424.58669153,0.52550696,-0.02707627,-0.02781106,-0.02742506
2024-11-20,0.00000000,0.00000000,0.00000000,3155.49510858,2849.17338305,3002.33424582,1577.74755429,1424.58669153,0.52550696,-0.02707627,-0.02781106,-0.02742506
2024-11-21,-0.00617344,-0.00907123,-0.00754842,3136.01484948,2823.32786341,2979.67135645,1568.00742474,1411.66393171,0.52623502,-0.03308256,-0.03663001,-0.03476647
2024-11-22,0.00000000,-0.00801997,-0.00379958,3136.01484948,2800.68484781,2968.34984864,1568.00742474,1400.34242390,0.52824212,-0.03308256,-0.04435622,-0.03843395
2024-11-23,0.00000000,0.00000000,0.00000000,3136.01484948,2800.68484781,2968.34984864,1568.00742474,1400.34242390,0.52824212,-0.03308256,-0.04435622,-0.03843395
2024-11-24,0.00000000,0.00000000,0.00000000,3136.01484948,2800.68484781,2968.34984864,1568.00742474,1400.34242390,0.52824212,-0.03308256,-0.04435622,-0.03843395
2024-11-25,0.00000000,0.01557947,0.00734974,3136.01484948,2844.31802166,2990.16643557,1568.00742474,1422.15901083,0.52438801,-0.03308256,-0.02946780,-0.03136670
2024-11-26,0.00000000,0.00000000,0.00000000,3136.01484948,2844.31802166,2990.16643557,1568.00742474,1422.15901083,0.52438801,-0.03308256,-0.02946780,-0.03136670
2024-11-27,0.00000000,0.00000000,0.00000000,3136.01484948,2844.31802166,2990.16643557,1568.00742474,1422.15901083,0.52438801,-0.03308256,-0.02946780,-0.03136670
2024-11-28,0.00000000,0.00000000,0.00000000,3136.01484948,2844.31802166,2990.16643557,1568.00742474,1422.15901083,0.52438801,-0.03308256,-0.02946780,-0.03136670
2024-11-29,-0.00479194,0.00000000,-0.00251284,3120.98724859,2844.31802166,2982.65263513,1560.49362430,1422.15901083,0.52318986,-0.03771597,-0.02946780,-0.03380071
2024-11-30,0.00000000,-0.00983997,-0.00469180,3120.98724859,2816.33000900,2968.65862879,1560.49362430,1408.16500450,0.52565614,-0.03771597,-0.03901781,-0.03833393
2024-12-01,-0.00637762,0.00000000,-0.00335243,3101.08279203,2816.33000900,2958.70640051,1550.54139601,1408.16500450,0.52406058,-0.04385305,-0.03901781,-0.04155785
2024-12-02,-0.02281118,0.00000000,-0.01195444,3030.34343877,2816.33000900,2923.33672388,1515.17171939,1408.16500450,0.51830215,-0.06566388,-0.03901781,-0.05301549
2024-12-03,-0.00070541,0.00000000,-0.00036562,3028.20580032,2816.33000900,2922.26790466,1514.10290016,1408.16500450,0.51812597,-0.06632298,-0.03901781,-0.05336172
2024-12-04,-0.00797032,-0.00829375,-0.00812617,3004.07002606,2792.97207177,2898.52104891,1502.03501303,1396.48603589,0.51820738,-0.07376468,-0.04698795,-0.06105427
2024-12-05,-0.02008945,0.00000000,-0.01041050,2943.71991823,2792.97207177,2868.34599500,1471.85995911,1396.48603589,0.51313892,-0.09237224,-0.04698795,-0.07082916
2024-12-06,0.00000000,0.00000000,0.00000000,2943.71991823,2792.97207177,2868.34599500,1471.85995911,1396.48603589,0.51313892,-0.09237224,-0.04698795,-0.07082916
2024-12-07,0.00000000,0.00000000,0.00000000,2943.71991823,2792.97207177,2868.34599500,1471.85995911,1396.48603589,0.51313892,-0.09237224,-0.04698795,-0.07082916
2024-12-08,-0.00045000,-0.00414265,-0.00224781,2942.39524426,2781.40175453,2861.89849940,1471.19762213,1390.70087726,0.51406352,-0.09278067,-0.05093595,-0.07291776
2024-12-09,-0.00413517,0.00000000,-0.00212574,2930.22793562,2781.40175453,2855.81484507,1465.11396781,1390.70087726,0.51302835,-0.09653218,-0.05093595,-0.07488850
2024-12-10,0.00000000,0.00000000,0.00000000,2930.22793562,2781.40175453,2855.81484507,1465.11396781,1390.70087726,0.51302835,-0.09653218,-0.05093595,-0.07488850
2024-12-11,0.00000000,0.00000000,0.00000000,2930.22793562,2781.40175453,2855.81484507,1465.11396781,1390.70087726,0.51302835,-0.09653218,-0.05093595,-0.07488850
2024-12-12,0.00000000,0.00000000,0.00000000,2930.22793562,2781.40175453,2855.81484507,1465.11396781,1390.70087726,0.51302835,-0.09653218,-0.05093595,-0.07488850
2024-12-13,0.00000000,0.00000000,0.00000000,2930.22793562,2781.40175453,2855.81484507,1465.11396781,1390.70087726,0.51302835,-0.09653218,-0.05093595,-0.07488850
2024-12-14,0.00000000,0.00000000,0.00000000,2930.22793562,2781.40175453,2855.81484507,1465.11396781,1390.70087726,0.51302835,-0.09653218,-0.05093595,-0.07488850
2024-12-15,0.00000000,0.00000000,0.00000000,2930.22793562,2781.40175453,2855.81484507,1465.11396781,1390.70087726,0.51302835,-0.09653218,-0.05093595,-0.07488850
2024-12-16,-0.01088351,0.00132152,-0.00494001,2898.33677373,2785.07742472,2841.70709923,1449.16838687,1392.53871236,0.50996402,-0.10636508,-0.04968175,-0.07945855
2024-12-17,0.00000000,0.00000000,0.00000000,2898.33677373,2785.07742472,2841.70709923,1449.16838687,1392.53871236,0.50996402,-0.10636508,-0.04968175,-0.07945855
2024-12-18,0.00075669,0.00000000,0.00038589,2900.52992679,2785.07742472,2842.80367576,1450.26496339,1392.53871236,0.51015305,-0.10568887,-0.04968175,-0.07910333
2024-12-19,-0.01976799,0.00000000,-0.01008470,2843.19228478,2785.07742472,2814.13485475,1421.59614239,1392.53871236,0.50516276,-0.12336760,-0.04968175,-0.08839030
2024-12-20,0.00000000,0.00000000,0.00000000,2843.19228478,2785.07742472,2814.13485475,1421.59614239,1392.53871236,0.50516276,-0.12336760,-0.04968175,-0.08839030
2024-12-21,0.00000000,0.00000000,0.00000000,2843.19228478,2785.07742472,2814.13485475,1421.59614239,1392.53871236,0.50516276,-0.12336760,-0.04968175,-0.08839030
2024-12-22,0.00687777,0.00000000,0.00347439,2862.74709651,2785.07742472,2823.91226062,1431.37354826,1392.53871236,0.50687607,-0.11733833,-0.04968175,-0.08522301
2024-12-23,0.00360775,0.00000000,0.00182868,2873.07518540,2785.07742472,2829.07630506,1436.53759270,1392.53871236,0.50777619,-0.11415390,-0.04968175,-0.08355017
2024-12-24,-0.01306919,0.00000000,-0.00663622,2835.52642700,2785.07742472,2810.30192586,1417.76321350,1392.53871236,0.50448786,-0.12573119,-0.04968175,-0.08963193
2024-12-25,0.00000000,0.00000000,0.00000000,2835.52642700,2785.07742472,2810.30192586,1417.76321350,1392.53871236,0.50448786,-0.12573119,-0.04968175,-0.08963193
2024-12-26,0.00982100,0.00000000,0.00495457,2863.37412383,2785.07742472,2824.22577428,1431.68706191,1392.53871236,0.50693081,-0.11714500,-0.04968175,-0.08512145
2024-12-27,-0.01429555,0.00000000,-0.00724686,2822.44060892,2785.07742472,2803.75901682,1411.22030446,1392.53871236,0.50333153,-0.12976590,-0.04968175,-0.09175144
2024-12-28,0.00000000,0.00000000,0.00000000,2822.44060892,2785.07742472,2803.75901682,1411.22030446,1392.53871236,0.50333153,-0.12976590,-0.04968175,-0.09175144
2024-12-29,0.00000000,0.00000000,0.00000000,2822.44060892,2785.07742472,2803.75901682,1411.22030446,1392.53871236,0.50333153,-0.12976590,-0.04968175,-0.09175144
2024-12-30,-0.01192486,0.00000000,-0.00600216,2788.78341079,2785.07742472,2786.93041776,1394.39170539,1392.53871236,0.50033244,-0.14014332,-0.04968175,-0.09720289
2024-12-31,-0.01500562,0.00000000,-0.00750780,2746.93599841,2785.07742472,2766.00671157,1373.46799920,1392.53871236,0.49655266,-0.15304600,-0.04968175,-0.10398091
2025-01-01,0.00000000,0.00000000,0.00000000,2746.93599841,2785.07742472,2766.00671157,1373.46799920,1392.53871236,0.49655266,-0.15304600,-0.04968175,-0.10398091
2025-01-02,-0.00459140,-0.01159769,-0.00811870,2734.32370613,2752.77696134,2743.55033374,1367.16185307,1376.38848067,0.49831849,-0.15693470,-0.06070324,-0.11125542
2025-01-03,-0.00727249,0.00000000,-0.00362402,2714.43836711,2752.77696134,2733.60766423,1357.21918355,1376.38848067,0.49649377,-0.16306589,-0.06070324,-0.11447624
2025-01-04,0.00000000,0.00000000,0.00000000,2714.43836711,2752.77696134,2733.60766423,1357.21918355,1376.38848067,0.49649377,-0.16306589,-0.06070324,-0.11447624
2025-01-05,0.00000000,0.00000000,0.00000000,2714.43836711,2752.77696134,2733.60766423,1357.21918355,1376.38848067,0.49649377,-0.16306589,-0.06070324,-0.11447624
2025-01-06,0.00000000,-0.01413238,-0.00711574,2714.43836711,2713.87366086,2714.15601398,1357.21918355,1356.93683043,0.50005201,-0.16306589,-0.07397775,-0.12077740
2025-01-07,0.01503679,0.05207259,0.03355277,2755.25481512,2855.19209659,2805.22345586,1377.62740756,1427.59604830,0.49109364,-0.15048108,-0.02575737,-0.09127705
2025-01-08,0.01881909,0.01438775,0.01656395,2807.10620861,2896.27187387,2851.68904124,1403.55310431,1448.13593693,0.49218308,-0.13449391,-0.01174021,-0.07622501
2025-01-09,0.02477593,0.02838048,0.02660638,2876.65488792,2978.46945117,2927.56216955,1438.32744396,1489.23472559,0.49130552,-0.11305018,0.00000000,-0.05164670
2025-01-10,-0.03102928,-0.01221438,-0.02145824,2787.39436384,2942.08928559,2864.74182471,1393.69718192,1471.04464279,0.48650010,-0.14057160,-0.01221438,-0.07199669
2025-01-11,0.00000000,-0.00408131,-0.00209575,2787.39436384,2930.08170167,2858.73803276,1393.69718192,1465.04085083,0.48752182,-0.14057160,-0.01624584,-0.07394156
2025-01-12,-0.01286041,-0.01008481,-0.01143797,2751.54733165,2900.53239637,2826.03986401,1375.77366583,1450.26619818,0.48682033,-0.15162420,-0.02616681,-0.08453379
2025-01-13,-0.01380169,0.00353867,-0.00490297,2713.57131721,2910.79642209,2812.18386965,1356.78565861,1455.39821104,0.48246691,-0.16333322,-0.02272074,-0.08902230
2025-01-14,0.00000000,0.00000000,0.00000000,2713.57131721,2910.79642209,2812.18386965,1356.78565861,1455.39821104,0.48246691,-0.16333322,-0.02272074,-0.08902230
2025-01-15,0.00000000,0.00000000,0.00000000,2713.57131721,2910.79642209,2812.18386965,1356.78565861,1455.39821104,0.48246691,-0.16333322,-0.02272074,-0.08902230
2025-01-16,0.00000000,0.00000000,0.00000000,2713.57131721,2910.79642209,2812.18386965,1356.78565861,1455.39821104,0.48246691,-0.16333322,-0.02272074,-0.08902230
2025-01-17,0.02450472,-0.00862725,0.00735783,2780.06661515,2885.68426046,2832.87543781,1390.03330758,1442.84213023,0.49067929,-0.14283094,-0.03115197,-0.08231948
2025-01-18,-0.00863305,0.00000000,-0.00423606,2756.06615417,2885.68426046,2820.87520732,1378.03307709,1442.84213023,0.48851260,-0.15023092,-0.03115197,-0.08620683
2025-01-19,0.00000000,0.00000000,0.00000000,2756.06615417,2885.68426046,2820.87520732,1378.03307709,1442.84213023,0.48851260,-0.15023092,-0.03115197,-0.08620683
2025-01-20,-0.03804848,0.00000000,-0.01858716,2651.20203619,2885.68426046,2768.44314833,1325.60101810,1442.84213023,0.47882544,-0.18256334,-0.03115197,-0.10319165
2025-01-21,-0.02403010,0.00000000,-0.01150622,2587.49338609,2885.68426046,2736.58882328,1293.74669305,1442.84213023,0.47275889,-0.20220643,-0.03115197,-0.11351053
2025-01-22,0.00000000,0.00000000,0.00000000,2587.49338609,2885.68426046,2736.58882328,1293.74669305,1442.84213023,0.47275889,-0.20220643,-0.03115197,-0.11351053
2025-01-23,-0.00827327,0.00000000,-0.00391126,2566.08634954,2885.68426046,2725.88530500,1283.04317477,1442.84213023,0.47068861,-0.20880679,-0.03115197,-0.11697782
2025-01-24,0.00000000,-0.00565286,-0.00299212,2566.08634954,2869.37188253,2717.72911603,1283.04317477,1434.68594126,0.47210120,-0.20880679,-0.03662874,-0.11961993
2025-01-25,0.00000000,0.00000000,0.00000000,2566.08634954,2869.37188253,2717.72911603,1283.04317477,1434.68594126,0.47210120,-0.20880679,-0.03662874,-0.11961993
2025-01-26,0.00000000,0.00000000,0.00000000,2566.08634954,2869.37188253,2717.72911603,1283.04317477,1434.68594126,0.47210120,-0.20880679,-0.03662874,-0.11961993
2025-01-27,0.00975073,0.00000000,0.00460333,2591.10756359,2869.37188253,2730.23972306,1295.55378180,1434.68594126,0.47452016,-0.20109208,-0.03662874,-0.11556725
2025-01-28,0.00000000,0.00000000,0.00000000,2591.10756359,2869.37188253,2730.23972306,1295.55378180,1434.68594126,0.47452016,-0.20109208,-0.03662874,-0.11556725
2025-01-29,0.00000000,0.00000000,0.00000000,2591.10756359,2869.37188253,2730.23972306,1295.55378180,1434.68594126,0.47452016,-0.20109208,-0.03662874,-0.11556725
2025-01-30,0.00000000,0.00000000,0.00000000,2591.10756359,2869.37188253,2730.23972306,1295.55378180,1434.68594126,0.47452016,-0.20109208,-0.03662874,-0.11556725
2025-01-31,0.00566401,-0.00667337,-0.00081903,2605.78362731,2850.22351358,2728.00357044,1302.89181365,1425.11175679,0.47759901,-0.19656706,-0.04305766,-0.11629163
2025-02-01,0.01711932,0.00000000,0.00817617,2650.39286255,2850.22351358,2750.30818806,1325.19643128,1425.11175679,0.48183561,-0.18281283,-0.04305766,-0.10906628
2025-02-02,0.02811205,0.00000000,0.01354539,2724.90084678,2850.22351358,2787.56218018,1362.45042339,1425.11175679,0.48876055,-0.15984002,-0.04305766,-0.09699824
2025-02-03,0.01285215,0.00000000,0.00628162,2759.92167267,2850.22351358,2805.07259312,1379.96083633,1425.11175679,0.49195192,-0.14904216,-0.04305766,-0.09132592
2025-02-04,0.00000000,0.00000000,0.00000000,2759.92167267,2850.22351358,2805.07259312,1379.96083633,1425.11175679,0.49195192,-0.14904216,-0.04305766,-0.09132592
2025-02-05,0.00000000,0.00000000,0.00000000,2759.92167267,2850.22351358,2805.07259312,1379.96083633,1425.11175679,0.49195192,-0.14904216,-0.04305766,-0.09132592
2025-02-06,0.00000000,0.00000000,0.00000000,2759.92167267,2850.22351358,2805.07259312,1379.96083633,1425.11175679,0.49195192,-0.14904216,-0.04305766,-0.09132592
2025-02-07,0.00000000,0.00000000,0.00000000,2759.92167267,2850.22351358,2805.07259312,1379.96083633,1425.11175679,0.49195192,-0.14904216,-0.04305766,-0.09132592
2025-02-08,0.00000000,0.00000000,0.00000000,2759.92167267,2850.22351358,2805.07259312,1379.96083633,1425.11175679,0.49195192,-0.14904216,-0.04305766,-0.09132592
2025-02-09,-0.00852110,0.00000000,-0.00419197,2736.40410564,2850.22351358,2793.31380961,1368.20205282,1425.11175679,0.48981323,-0.15629326,-0.04305766,-0.09513506
2025-02-10,0.00000000,0.00000000,0.00000000,2736.40410564,2850.22351358,2793.31380961,1368.20205282,1425.11175679,0.48981323,-0.15629326,-0.04305766,-0.09513506
2025-02-11,0.00523760,-0.01655111,-0.00587871,2750.73630476,2803.04915110,2776.89272793,1375.36815238,1401.52457555,0.49529034,-0.15187426,-0.05889612,-0.10045449
2025-02-12,-0.01116800,-0.03248255,-0.02192566,2720.01609226,2711.99895795,2716.00752511,1360.00804613,1355.99947898,0.50073795,-0.16134612,-0.08946558,-0.12017762
2025-02-13,0.00000000,-0.01261462,-0.00629800,2720.01609226,2677.78810960,2698.90210093,1360.00804613,1338.89405480,0.50391159,-0.16134612,-0.10095163,-0.12571875
2025-02-14,-0.01026436,0.00000000,-0.00517233,2692.09686700,2677.78810960,2684.94248830,1346.04843350,1338.89405480,0.50133232,-0.16995437,-0.10095163,-0.13024082
2025-02-15,0.00000000,0.00000000,0.00000000,2692.09686700,2677.78810960,2684.94248830,1346.04843350,1338.89405480,0.50133232,-0.16995437,-0.10095163,-0.13024082
2025-02-16,0.00183329,0.00000000,0.00091909,2697.03227362,2677.78810960,2687.41019161,1348.51613681,1338.89405480,0.50179021,-0.16843265,-0.10095163,-0.12944143
2025-02-17,-0.01598911,-0.00458443,-0.01030718,2653.90913747,2665.51198456,2659.71056102,1326.95456874,1332.75599228,0.49890939,-0.18172867,-0.10507325,-0.13841444
2025-02-18,-0.00583765,0.00000000,-0.00291246,2638.41654951,2665.51198456,2651.96426704,1319.20827476,1332.75599228,0.49744572,-0.18650545,-0.10507325,-0.14092377
2025-02-19,0.00000000,0.00000000,0.00000000,2638.41654951,2665.51198456,2651.96426704,1319.20827476,1332.75599228,0.49744572,-0.18650545,-0.10507325,-0.14092377
2025-02-20,0.00000000,0.00000000,0.00000000,2638.41654951,2665.51198456,2651.96426704,1319.20827476,1332.75599228,0.49744572,-0.18650545,-0.10507325,-0.14092377
2025-02-21,0.00000000,-0.00577396,-0.00290173,2638.41654951,2650.12141775,2644.26898363,1319.20827476,1325.06070888,0.49889337,-0.18650545,-0.11024052,-0.14341658
2025-02-22,0.00000000,0.00000000,0.00000000,2638.41654951,2650.12141775,2644.26898363,1319.20827476,1325.06070888,0.49889337,-0.18650545,-0.11024052,-0.14341658
2025-02-23,-0.00453482,0.00000000,-0.00226239,2626.45179791,2650.12141775,2638.28660783,1313.22589895,1325.06070888,0.49775710,-0.19019450,-0.11024052,-0.14535451
2025-02-24,0.03223954,0.08171787,0.05708968,2711.12740731,2866.68369650,2788.90555190,1355.56370365,1433.34184825,0.48605579,-0.16408674,-0.03753127,-0.09656307
2025-02-25,0.03048125,0.00601554,0.01790724,2793.76595703,2883.92834645,2838.84715174,1396.88297851,1441.96417322,0.49205995,-0.13860706,-0.03174151,-0.08038500
2025-02-26,0.04474688,0.05346379,0.04917455,2918.77826949,3038.11409706,2978.44618327,1459.38913474,1519.05704853,0.48998338,-0.10006242,0.00000000,-0.03516335
2025-02-27,-0.00540014,0.00912572,0.00200829,2903.01645074,3065.83908140,2984.42776607,1451.50822537,1532.91954070,0.48636065,-0.10492221,0.00000000,-0.03322568
2025-02-28,0.04055692,0.02213610,0.03109526,3020.75385135,3133.70481096,3077.22933116,1510.37692567,1566.85240548,0.49082365,-0.06862061,0.00000000,-0.00316358
2025-03-01,0.00000000,0.00623792,0.00317620,3020.75385135,3153.25261842,3087.00323488,1510.37692567,1576.62630921,0.48926963,-0.06862061,0.00000000,0.00000000
2025-03-02,0.02870875,-0.01099093,0.00843292,3107.47592450,3118.59543431,3113.03567940,1553.73796225,1559.29771716,0.49910702,-0.04188187,-0.01099093,0.00000000
2025-03-03,-0.03253745,0.00000000,-0.01623967,3006.36658860,3118.59543431,3062.48101146,1503.18329430,1559.29771716,0.49083840,-0.07305659,-0.01099093,-0.01623967
2025-03-04,0.00000000,0.00000000,0.00000000,3006.36658860,3118.59543431,3062.48101146,1503.18329430,1559.29771716,0.49083840,-0.07305659,-0.01099093,-0.01623967
2025-03-05,0.00000000,0.00000000,0.00000000,3006.36658860,3118.59543431,3062.48101146,1503.18329430,1559.29771716,0.49083840,-0.07305659,-0.01099093,-0.01623967
2025-03-06,0.00000000,0.00000000,0.00000000,3006.36658860,3118.59543431,3062.48101146,1503.18329430,1559.29771716,0.49083840,-0.07305659,-0.01099093,-0.01623967
2025-03-07,0.00000000,0.00000000,0.00000000,3006.36658860,3118.59543431,3062.48101146,1503.18329430,1559.29771716,0.49083840,-0.07305659,-0.01099093,-0.01623967
2025-03-08,0.00000000,0.00000000,0.00000000,3006.36658860,3118.59543431,3062.48101146,1503.18329430,1559.29771716,0.49083840,-0.07305659,-0.01099093,-0.01623967
2025-03-09,0.00000000,0.00000000,0.00000000,3006.36658860,3118.59543431,3062.48101146,1503.18329430,1559.29771716,0.49083840,-0.07305659,-0.01099093,-0.01623967
2025-03-10,0.00000000,0.00000000,0.00000000,3006.36658860,3118.59543431,3062.48101146,1503.18329430,1559.29771716,0.49083840,-0.07305659,-0.01099093,-0.01623967
2025-03-11,0.00000000,0.00000000,0.00000000,3006.36658860,3118.59543431,3062.48101146,1503.18329430,1559.29771716,0.49083840,-0.07305659,-0.01099093,-0.01623967
2025-03-12,0.00000000,0.00000000,0.00000000,3006.36658860,3118.59543431,3062.48101146,1503.18329430,1559.29771716,0.49083840,-0.07305659,-0.01099093,-0.01623967
2025-03-13,0.00000000,0.00000000,0.00000000,3006.36658860,3118.59543431,3062.48101146,1503.18329430,1559.29771716,0.49083840,-0.07305659,-0.01099093,-0.01623967
2025-03-14,-0.00291859,0.00000000,-0.00143256,2997.59222902,3118.59543431,3058.09383167,1498.79611451,1559.29771716,0.49010796,-0.07576196,-0.01099093,-0.01764896
2025-03-15,0.00000000,0.00000000,0.00000000,2997.59222902,3118.59543431,3058.09383167,1498.79611451,1559.29771716,0.49010796,-0.07576196,-0.01099093,-0.01764896
2025-03-16,0.00000000,0.00000000,0.00000000,2997.59222902,3118.59543431,3058.09383167,1498.79611451,1559.29771716,0.49010796,-0.07576196,-0.01099093,-0.01764896
2025-03-17,0.00000000,0.00000000,0.00000000,2997.59222902,3118.59543431,3058.09383167,1498.79611451,1559.29771716,0.49010796,-0.07576196,-0.01099093,-0.01764896
2025-03-18,0.00000000,0.00000000,0.00000000,2997.59222902,3118.59543431,3058.09383167,1498.79611451,1559.29771716,0.49010796,-0.07576196,-0.01099093,-0.01764896
2025-03-19,-0.00587384,-0.00416041,-0.00500017,2979.98486438,3105.62080897,3042.80283668,1489.99243219,1552.81040448,0.48967761,-0.08119078,-0.01510561,-0.02256089
2025-03-20,0.00000000,0.00000000,0.00000000,2979.98486438,3105.62080897,3042.80283668,1489.99243219,1552.81040448,0.48967761,-0.08119078,-0.01510561,-0.02256089
2025-03-21,0.00000000,0.00000000,0.00000000,2979.98486438,3105.62080897,3042.80283668,1489.99243219,1552.81040448,0.48967761,-0.08119078,-0.01510561,-0.02256089
2025-03-22,0.00000000,0.00000000,0.00000000,2979.98486438,3105.62080897,3042.80283668,1489.99243219,1552.81040448,0.48967761,-0.08119078,-0.01510561,-0.02256089
2025-03-23,0.00400386,0.00000000,0.00196060,2991.91630772,3105.62080897,3048.76855835,1495.95815386,1552.81040448,0.49067619,-0.07751200,-0.01510561,-0.02064452
2025-03-24,-0.00695824,0.01928567,0.00640841,2971.09782347,3165.51479767,3068.30631057,1485.54891173,1582.75739883,0.48415926,-0.08393090,0.00000000,-0.01436841
2025-03-25,0.00000000,0.00000000,0.00000000,2971.09782347,3165.51479767,3068.30631057,1485.54891173,1582.75739883,0.48415926,-0.08393090,0.00000000,-0.01436841
2025-03-26,0.00000000,0.00000000,0.00000000,2971.09782347,3165.51479767,3068.30631057,1485.54891173,1582.75739883,0.48415926,-0.08393090,0.00000000,-0.01436841
2025-03-27,0.00000000,0.00000000,0.00000000,2971.09782347,3165.51479767,3068.30631057,1485.54891173,1582.75739883,0.48415926,-0.08393090,0.00000000,-0.01436841
2025-03-28,0.00000000,0.00000000,0.00000000,2971.09782347,3165.51479767,3068.30631057,1485.54891173,1582.75739883,0.48415926,-0.08393090,0.00000000,-0.01436841
2025-03-29,0.00000000,0.00000000,0.00000000,2971.09782347,3165.51479767,3068.30631057,1485.54891173,1582.75739883,0.48415926,-0.08393090,0.00000000,-0.01436841
2025-03-30,0.00000000,0.00000000,0.00000000,2971.09782347,3165.51479767,3068.30631057,1485.54891173,1582.75739883,0.48415926,-0.08393090,0.00000000,-0.01436841
2025-03-31,0.00000000,0.00000000,0.00000000,2971.09782347,3165.51479767,3068.30631057,1485.54891173,1582.75739883,0.48415926,-0.08393090,0.00000000,-0.01436841
2025-04-01,0.00000000,0.00006996,0.00003609,2971.09782347,3165.73625935,3068.41704141,1485.54891173,1582.86812967,0.48414179,-0.08393090,0.00000000,-0.01433284
2025-04-02,0.02001819,-0.01908952,-0.00015584,3030.57381346,3105.30388528,3067.93884937,1515.28690673,1552.65194264,0.49391040,-0.06559285,-0.01908952,-0.01448645
2025-04-03,-0.00743132,0.00000000,-0.00367040,3008.05265733,3105.30388528,3056.67827130,1504.02632866,1552.65194264,0.49204600,-0.07253673,-0.01908952,-0.01810368
2025-04-04,-0.00440375,-0.02062521,-0.01264350,2994.80595459,3041.25634872,3018.03115166,1497.40297730,1520.62817436,0.49615226,-0.07662104,-0.03932100,-0.03051829
2025-04-05,0.00000000,0.00000000,0.00000000,2994.80595459,3041.25634872,3018.03115166,1497.40297730,1520.62817436,0.49615226,-0.07662104,-0.03932100,-0.03051829
2025-04-06,0.03335487,0.06947781,0.05155533,3094.69730775,3252.55617026,3173.62673900,1547.34865388,1626.27808513,0.48756479,-0.04582186,0.00000000,0.00000000
2025-04-07,-0.00009836,-0.01607209,-0.00828386,3094.39289817,3200.28079109,3147.33684463,1547.19644909,1600.14039555,0.49158909,-0.04591572,-0.01607209,-0.00828386
2025-04-08,0.00000000,0.00000000,0.00000000,3094.39289817,3200.28079109,3147.33684463,1547.19644909,1600.14039555,0.49158909,-0.04591572,-0.01607209,-0.00828386
2025-04-09,-0.02090634,0.00000000,-0.01027733,3029.70046505,3200.28079109,3114.99062807,1514.85023253,1600.14039555,0.48630972,-0.06586213,-0.01607209,-0.01847606
2025-04-10,0.00000000,0.00000000,0.00000000,3029.70046505,3200.28079109,3114.99062807,1514.85023253,1600.14039555,0.48630972,-0.06586213,-0.01607209,-0.01847606
2025-04-11,-0.00672468,0.00000000,-0.00327028,3009.32668596,3200.28079109,3104.80373853,1504.66334298,1600.14039555,0.48462430,-0.07214391,-0.01607209,-0.02168592
2025-04-12,0.00000000,0.00000000,0.00000000,3009.32668596,3200.28079109,3104.80373853,1504.66334298,1600.14039555,0.48462430,-0.07214391,-0.01607209,-0.02168592
2025-04-13,0.00000000,0.00000000,0.00000000,3009.32668596,3200.28079109,3104.80373853,1504.66334298,1600.14039555,0.48462430,-0.07214391,-0.01607209,-0.02168592
2025-04-14,0.00000000,-0.00543249,-0.00279977,3009.32668596,3182.89528848,3096.11098722,1504.66334298,1591.44764424,0.48598495,-0.07214391,-0.02141727,-0.02442497
2025-04-15,0.00000000,0.00000000,0.00000000,3009.32668596,3182.89528848,3096.11098722,1504.66334298,1591.44764424,0.48598495,-0.07214391,-0.02141727,-0.02442497
2025-04-16,0.00000000,0.00000000,0.00000000,3009.32668596,3182.89528848,3096.11098722,1504.66334298,1591.44764424,0.48598495,-0.07214391,-0.02141727,-0.02442497
2025-04-17,0.00000000,0.00000000,0.00000000,3009.32668596,3182.89528848,3096.11098722,1504.66334298,1591.44764424,0.48598495,-0.07214391,-0.02141727,-0.02442497
2025-04-18,0.00000000,0.00000000,0.00000000,3009.32668596,3182.89528848,3096.11098722,1504.66334298,1591.44764424,0.48598495,-0.07214391,-0.02141727,-0.02442497
2025-04-19,0.00000000,0.00000000,0.00000000,3009.32668596,3182.89528848,3096.11098722,1504.66334298,1591.44764424,0.48598495,-0.07214391,-0.02141727,-0.02442497
2025-04-20,0.00000000,0.00000000,0.00000000,3009.32668596,3182.89528848,3096.11098722,1504.66334298,1591.44764424,0.48598495,-0.07214391,-0.02141727,-0.02442497
2025-04-21,0.00465027,0.00894213,0.00685635,3023.32086697,3211.35715137,3117.33900917,1511.66043348,1605.67857569,0.48492013,-0.06782913,-0.01266666,-0.01773609
2025-04-22,0.00356258,0.02550776,0.01486610,3034.09169552,3293.27169140,3163.68169346,1517.04584776,1646.63584570,0.47951912,-0.06450820,0.00000000,-0.00313365
2025-04-23,0.00000000,-0.00977825,-0.00508939,3034.09169552,3261.06925705,3147.58047629,1517.04584776,1630.53462853,0.48197206,-0.06450820,-0.00977825,-0.00820710
2025-04-24,0.00000000,0.00000000,0.00000000,3034.09169552,3261.06925705,3147.58047629,1517.04584776,1630.53462853,0.48197206,-0.06450820,-0.00977825,-0.00820710
2025-04-25,-0.00661171,-0.00550964,-0.00604081,3014.03114811,3243.10195198,3128.56655004,1507.01557405,1621.55097599,0.48169523,-0.07069340,-0.01523401,-0.01419833
2025-04-26,0.00000000,0.00000000,0.00000000,3014.03114811,3243.10195198,3128.56655004,1507.01557405,1621.55097599,0.48169523,-0.07069340,-0.01523401,-0.01419833
2025-04-27,0.00000000,0.00000000,0.00000000,3014.03114811,3243.10195198,3128.56655004,1507.01557405,1621.55097599,0.48169523,-0.07069340,-0.01523401,-0.01419833
2025-04-28,0.00000000,0.00000000,0.00000000,3014.03114811,3243.10195198,3128.56655004,1507.01557405,1621.55097599,0.48169523,-0.07069340,-0.01523401,-0.01419833
2025-04-29,0.00000000,0.00000000,0.00000000,3014.03114811,3243.10195198,3128.56655004,1507.01557405,1621.55097599,0.48169523,-0.07069340,-0.01523401,-0.01419833
2025-04-30,-0.00861390,0.00000000,-0.00414928,2988.06857770,3243.10195198,3115.58526484,1494.03428885,1621.55097599,0.47953568,-0.07869836,-0.01523401,-0.01828869
2025-05-01,0.00158448,-0.00239387,-0.00048611,2992.80311977,3235.33839797,3114.07075887,1496.40155989,1617.66919899,0.48052908,-0.07723857,-0.01759141,-0.01876591
2025-05-02,0.00404180,-0.01044591,-0.00348414,3004.89943326,3201.54235464,3103.22089395,1502.44971663,1600.77117732,0.48415816,-0.07350895,-0.02785356,-0.02218466
2025-05-03,-0.01041477,0.00000000,-0.00504240,2973.60409913,3201.54235464,3087.57322689,1486.80204957,1600.77117732,0.48154390,-0.08315814,-0.02785356,-0.02711520
2025-05-04,0.00650541,0.00730645,0.00692071,2992.94862383,3224.93424911,3108.94143647,1496.47431191,1612.46712456,0.48134529,-0.07719371,-0.02075062,-0.02038214
2025-05-05,-0.00425558,-0.00616995,-0.00524848,2980.21189632,3205.03656679,3092.62423155,1490.10594816,1602.51828339,0.48182574,-0.08112078,-0.02679254,-0.02552364
2025-05-06,-0.01003174,0.01603540,0.00347558,2950.31518760,3256.43062238,3103.37290499,1475.15759380,1628.21531119,0.47534010,-0.09033874,-0.01118677,-0.02213677
2025-05-07,-0.00681226,0.00000000,-0.00323814,2930.21686224,3256.43062238,3093.32374231,1465.10843112,1628.21531119,0.47363566,-0.09653559,-0.01118677,-0.02530323
2025-05-08,0.02496161,0.16860078,0.10056815,3003.35979422,3805.46737863,3404.41358643,1501.67989711,1902.73368932,0.44109796,-0.07398367,0.00000000,0.00000000
2025-05-09,-0.00261588,0.06238273,0.03371197,2995.50336086,4042.86280768,3519.18308427,1497.75168043,2021.43140384,0.42559641,-0.07640601,0.00000000,0.00000000
2025-05-10,0.01765980,0.10160864,0.06588032,3048.40334552,4453.65261694,3751.02798123,1524.20167276,2226.82630847,0.40634239,-0.06009553,0.00000000,0.00000000
2025-05-11,-0.00649080,-0.02658787,-0.01842158,3028.61677260,4335.23946650,3681.92811955,1514.30838630,2167.61973325,0.41128136,-0.06619626,-0.02658787,-0.01842158
2025-05-12,-0.01073896,-0.00209637,-0.00565091,2996.09256871,4326.15119080,3661.12187975,1498.04628435,2163.07559540,0.40917684,-0.07622435,-0.02862851,-0.02396839
2025-05-13,-0.01343406,-0.00631073,-0.00922543,2955.84287871,4298.85001841,3627.34644856,1477.92143936,2149.42500921,0.40743873,-0.08863440,-0.03475857,-0.03297270
2025-05-14,0.00000000,0.00000000,0.00000000,2955.84287871,4298.85001841,3627.34644856,1477.92143936,2149.42500921,0.40743873,-0.08863440,-0.03475857,-0.03297270
2025-05-15,0.00000000,-0.00949298,-0.00562517,2955.84287871,4258.04111725,3606.94199798,1477.92143936,2129.02055862,0.40974361,-0.08863440,-0.04392159,-0.03841240
2025-05-16,0.00000000,0.00000000,0.00000000,2955.84287871,4258.04111725,3606.94199798,1477.92143936,2129.02055862,0.40974361,-0.08863440,-0.04392159,-0.03841240
2025-05-17,0.00000000,0.00000000,0.00000000,2955.84287871,4258.04111725,3606.94199798,1477.92143936,2129.02055862,0.40974361,-0.08863440,-0.04392159,-0.03841240
2025-05-18,0.00002169,0.00000000,0.00000889,2955.90700041,4258.04111725,3606.97405883,1477.95350021,2129.02055862,0.40974886,-0.08861463,-0.04392159,-0.03840385
2025-05-19,-0.01556035,0.00000000,-0.00637583,2909.91206740,4258.04111725,3583.97659232,1454.95603370,2129.02055862,0.40596137,-0.10279610,-0.04392159,-0.04453483
2025-05-20,0.00000000,0.00000000,0.00000000,2909.91206740,4258.04111725,3583.97659232,1454.95603370,2129.02055862,0.40596137,-0.10279610,-0.04392159,-0.04453483
2025-05-21,-0.01166319,0.00000000,-0.00473480,2875.97321360,4258.04111725,3567.00716542,1437.98660680,2129.02055862,0.40313533,-0.11326036,-0.04392159,-0.04905877
2025-05-22,0.00000000,0.00000000,0.00000000,2875.97321360,4258.04111725,3567.00716542,1437.98660680,2129.02055862,0.40313533,-0.11326036,-0.04392159,-0.04905877
2025-05-23,0.01568362,0.00000000,0.00632262,2921.07887216,4258.04111725,3589.55999470,1460.53943608,2129.02055862,0.40688537,-0.09935308,-0.04392159,-0.04304633
2025-05-24,-0.00424188,0.00000000,-0.00172596,2908.68800406,4258.04111725,3583.36456065,1454.34400203,2129.02055862,0.40585991,-0.10317352,-0.04392159,-0.04469799
2025-05-25,-0.01333409,0.00000000,-0.00541177,2869.90328322,4258.04111725,3563.97220023,1434.95164161,2129.02055862,0.40262706,-0.11513189,-0.04392159,-0.04986787
2025-05-26,0.00000000,0.00000000,0.00000000,2869.90328322,4258.04111725,3563.97220023,1434.95164161,2129.02055862,0.40262706,-0.11513189,-0.04392159,-0.04986787
2025-05-27,-0.00862947,-0.00736866,-0.00787629,2845.13755196,4226.66507172,3535.90131184,1422.56877598,2113.33253586,0.40232140,-0.12276782,-0.05096660,-0.05735139
2025-05-28,0.00000000,0.00000000,0.00000000,2845.13755196,4226.66507172,3535.90131184,1422.56877598,2113.33253586,0.40232140,-0.12276782,-0.05096660,-0.05735139
2025-05-29,0.00000000,0.01216006,0.00726781,2845.13755196,4278.06156137,3561.59955667,1422.56877598,2139.03078069,0.39941851,-0.12276782,-0.03942630,-0.05050040
2025-05-30,-0.01123470,0.00000000,-0.00448735,2813.17327173,4278.06156137,3545.61741655,1406.58663587,2139.03078069,0.39671134,-0.13262327,-0.03942630,-0.05476114
2025-05-31,0.00000000,0.00000000,0.00000000,2813.17327173,4278.06156137,3545.61741655,1406.58663587,2139.03078069,0.39671134,-0.13262327,-0.03942630,-0.05476114
2025-06-01,0.00000000,0.00000000,0.00000000,2813.17327173,4278.06156137,3545.61741655,1406.58663587,2139.03078069,0.39671134,-0.13262327,-0.03942630,-0.05476114
2025-06-02,-0.00836192,0.00000000,-0.00331727,2789.64974483,4278.06156137,3533.85565310,1394.82487242,2139.03078069,0.39470341,-0.13987620,-0.03942630,-0.05789675
2025-06-03,-0.00426643,0.00000000,-0.00168398,2777.74789017,4278.06156137,3527.90472577,1388.87394508,2139.03078069,0.39368238,-0.14354586,-0.03942630,-0.05948323
2025-06-04,-0.00269006,0.00000000,-0.00105903,2770.27559374,4278.06156137,3524.16857756,1385.13779687,2139.03078069,0.39303960,-0.14584977,-0.03942630,-0.06047926
2025-06-05,0.02824193,0.00165409,0.01210416,2848.51353615,4285.13785294,3566.82569455,1424.25676808,2142.56892647,0.39930652,-0.12172692,-0.03783743,-0.04910715
2025-06-06,-0.03475911,-0.02836422,-0.03091774,2749.50175368,4163.59324232,3456.54749800,1374.75087684,2081.79662116,0.39772370,-0.15225490,-0.06512842,-0.07850661
2025-06-07,0.00000000,0.00000000,0.00000000,2749.50175368,4163.59324232,3456.54749800,1374.75087684,2081.79662116,0.39772370,-0.15225490,-0.06512842,-0.07850661
2025-06-08,0.00000000,-0.00823785,-0.00496146,2749.50175368,4129.29418197,3439.39796783,1374.75087684,2064.64709099,0.39970684,-0.15225490,-0.07282976,-0.08307856
2025-06-09,0.03382034,0.06597554,0.05312288,2842.49083005,4401.72659073,3622.10871039,1421.24541502,2200.86329536,0.39238066,-0.12358388,-0.01165920,-0.03436905
2025-06-10,-0.01209933,0.05086601,0.02615963,2808.09860079,4625.62487067,3716.86173573,1404.04930040,2312.81243534,0.37775129,-0.13418793,0.00000000,-0.00910850
2025-06-11,0.00000000,-0.01590967,-0.00989977,2808.09860079,4552.03270836,3680.06565457,1404.04930040,2276.01635418,0.38152833,-0.13418793,-0.01590967,-0.01891810
2025-06-12,0.01004115,-0.04062620,-0.02129517,2836.29513060,4367.10091552,3601.69802306,1418.14756530,2183.55045776,0.39374416,-0.12549418,-0.05588952,-0.03981041
2025-06-13,-0.00358583,0.02385484,0.01305024,2826.12466904,4471.27741730,3648.70104317,1413.06233452,2235.63870865,0.38727819,-0.12863001,-0.03336791,-0.02727971
2025-06-14,0.00608158,0.01778085,0.01324998,2843.31196067,4550.78053709,3697.04624888,1421.65598033,2275.39026854,0.38453833,-0.12333070,-0.01618037,-0.01439118
2025-06-15,-0.00141415,-0.00607832,-0.00428477,2839.29108052,4523.11942686,3681.20525369,1419.64554026,2261.55971343,0.38564694,-0.12457045,-0.02216035,-0.01861429
2025-06-16,-0.02103448,-0.02775750,-0.02516479,2779.56807951,4397.56894242,3588.56851096,1389.78403975,2198.78447121,0.38728090,-0.14298465,-0.04930273,-0.04331065
2025-06-17,0.00000000,-0.02398477,-0.01469593,2779.56807951,4292.09424275,3535.83116113,1389.78403975,2146.04712138,0.39305724,-0.14298465,-0.07210499,-0.05737009
2025-06-18,0.00000000,0.00000000,0.00000000,2779.56807951,4292.09424275,3535.83116113,1389.78403975,2146.04712138,0.39305724,-0.14298465,-0.07210499,-0.05737009
2025-06-19,0.00000000,0.00000000,0.00000000,2779.56807951,4292.09424275,3535.83116113,1389.78403975,2146.04712138,0.39305724,-0.14298465,-0.07210499,-0.05737009
2025-06-20,0.00538130,0.03309203,0.02220013,2794.52575962,4434.12837122,3614.32706542,1397.26287981,2217.06418561,0.38659005,-0.13837280,-0.04139906,-0.03644359
2025-06-21,0.01126518,0.04305691,0.03076654,2826.00659746,4625.04823031,3725.52741389,1413.00329873,2312.52411516,0.37927604,-0.12866641,-0.00012466,-0.00679829
2025-06-22,0.01621103,0.02535434,0.02188650,2871.81906800,4742.31329002,3807.06617901,1435.90953400,2371.15664501,0.37716958,-0.11454120,0.00000000,0.00000000
2025-06-23,0.00037561,-0.02268468,-0.01398704,2872.89774365,4634.73542053,3753.81658209,1436.44887182,2317.36771027,0.38266357,-0.11420861,-0.02268468,-0.01398704
2025-06-24,0.00632728,0.00000000,0.00242122,2891.07536607,4634.73542053,3762.90539330,1445.53768304,2317.36771027,0.38415467,-0.10860396,-0.02268468,-0.01159969
2025-06-25,0.01213194,0.00000000,0.00466054,2926.14972898,4634.73542053,3780.44257476,1463.07486449,2317.36771027,0.38701153,-0.09778960,-0.02268468,-0.00699321
2025-06-26,-0.00385580,-0.00448060,-0.00423880,2914.86706679,4613.96902185,3764.41804432,1457.43353339,2306.98451093,0.38716038,-0.10126835,-0.02706364,-0.01120236
2025-06-27,0.00089756,0.00000000,0.00034750,2917.48333628,4613.96902185,3765.72617907,1458.74166814,2306.98451093,0.38737327,-0.10046168,-0.02706364,-0.01085876
2025-06-28,0.00231662,0.00000000,0.00089740,2924.24203248,4613.96902185,3769.10552717,1462.12101624,2306.98451093,0.38792255,-0.09837779,-0.02706364,-0.00997110
2025-06-29,0.00965512,0.00000000,0.00374544,2952.47594077,4613.96902185,3783.22248131,1476.23797039,2306.98451093,0.39020649,-0.08967252,-0.02706364,-0.00626301
2025-06-30,-0.01207889,-0.01411659,-0.01332147,2916.81332326,4548.83550162,3732.82441244,1458.40666163,2274.41775081,0.39069790,-0.10066826,-0.04079819,-0.01950104
2025-07-01,0.00279366,0.00000000,0.00109148,2924.96191143,4548.83550162,3736.89870652,1462.48095572,2274.41775081,0.39136222,-0.09815583,-0.04079819,-0.01843085
2025-07-02,-0.01027254,0.01353044,0.00421485,2894.91511566,4610.38325464,3752.64918515,1447.45755783,2305.19162732,0.38571619,-0.10742007,-0.02781976,-0.01429368
2025-07-03,0.00000000,0.00298503,0.00183365,2894.91511566,4624.14538010,3759.53024788,1447.45755783,2312.07269005,0.38501022,-0.10742007,-0.02491778,-0.01248624
2025-07-04,0.00000000,0.00000000,0.00000000,2894.91511566,4624.14538010,3759.53024788,1447.45755783,2312.07269005,0.38501022,-0.10742007,-0.02491778,-0.01248624
2025-07-05,0.00000000,0.00000000,0.00000000,2894.91511566,4624.14538010,3759.53024788,1447.45755783,2312.07269005,0.38501022,-0.10742007,-0.02491778,-0.01248624
2025-07-06,0.00000000,0.00000000,0.00000000,2894.91511566,4624.14538010,3759.53024788,1447.45755783,2312.07269005,0.38501022,-0.10742007,-0.02491778,-0.01248624
2025-07-07,-0.00786600,0.00000000,-0.00302849,2872.14371167,4624.14538010,3748.14454588,1436.07185583,2312.07269005,0.38314207,-0.11444110,-0.02491778,-0.01547691
2025-07-08,0.00000000,0.00009709,0.00005989,2872.14371167,4624.59434760,3748.36902963,1436.07185583,2312.29717380,0.38311912,-0.11444110,-0.02482311,-0.01541795
2025-07-09,0.00000000,0.05871678,0.03622126,2872.14371167,4896.13564516,3884.13967841,1436.07185583,2448.06782258,0.36972714,-0.11444110,0.00000000,0.00000000
2025-07-10,0.03149621,0.06596054,0.05321814,2962.60535555,5219.08739361,4090.84637458,1481.30267778,2609.54369681,0.36210176,-0.08654935,0.00000000,0.00000000
2025-07-11,0.01334708,0.00234906,0.00633146,3002.14749365,5231.34735317,4116.74742341,1501.07374683,2615.67367658,0.36462615,-0.07435745,0.00000000,0.00000000
2025-07-12,-0.00097849,-0.00505234,-0.00356691,2999.20993171,5204.91679101,4102.06336136,1499.60496586,2602.45839551,0.36557333,-0.07526318,-0.00505234,-0.00356691
2025-07-13,0.01423177,0.00977192,0.01140232,3041.89398389,5255.77881658,4148.83640023,1520.94699194,2627.88940829,0.36659604,-0.06210254,0.00000000,0.00000000
2025-07-14,0.00624767,0.01399934,0.01115761,3060.89873243,5329.35626505,4195.12749874,1530.44936622,2664.67813253,0.36481594,-0.05624287,0.00000000,0.00000000
2025-07-15,-0.01017244,-0.04068524,-0.02955369,3029.76192127,5112.53010948,4071.14601538,1514.88096064,2556.26505474,0.37210185,-0.06584318,-0.04068524,-0.02955369
2025-07-16,0.00000000,0.04170160,0.02618436,3029.76192127,5325.73078800,4177.74635464,1514.88096064,2662.86539400,0.36260721,-0.06584318,-0.00068028,-0.00414317
2025-07-17,0.00000000,-0.00010848,-0.00006915,3029.76192127,5325.15303273,4177.45747700,1514.88096064,2662.57651637,0.36263229,-0.06584318,-0.00078869,-0.00421203
2025-07-18,-0.00054321,0.02015652,0.01265013,3028.11611930,5432.48959784,4230.30285857,1514.05805965,2716.24479892,0.35790772,-0.06635063,0.00000000,0.00000000
2025-07-19,0.00089871,0.01271806,0.00848782,3030.83751615,5501.58032904,4266.20892260,1515.41875808,2750.79016452,0.35521438,-0.06551155,0.00000000,0.00000000
2025-07-20,0.00488764,0.04586622,0.03131004,3045.65115750,5753.91702485,4399.78409117,1522.82557875,2876.95851243,0.34611371,-0.06094410,0.00000000,0.00000000
2025-07-21,-0.00580029,0.00150195,-0.00102546,3027.98548455,5762.55911232,4395.27229844,1513.99274228,2881.27955616,0.34445937,-0.06639091,0.00000000,-0.00102546
2025-07-22,0.00000000,-0.05085595,-0.03333814,3027.98548455,5469.49871244,4248.74209849,1513.99274228,2734.74935622,0.35633905,-0.06639091,-0.05085595,-0.03432941
2025-07-23,0.00000000,-0.00426797,-0.00274712,3027.98548455,5446.15507778,4237.07028117,1513.99274228,2723.07753889,0.35732066,-0.06639091,-0.05490686,-0.03698223
2025-07-24,0.00000000,-0.01416272,-0.00910209,3027.98548455,5369.02271610,4198.50410032,1513.99274228,2684.51135805,0.36060290,-0.06639091,-0.06829195,-0.04574770
2025-07-25,-0.00901200,0.00000000,-0.00324975,3000.69728765,5369.02271610,4184.86000187,1500.34864383,2684.51135805,0.35851824,-0.07480459,-0.06829195,-0.04884878
2025-07-26,0.00000000,0.00000000,0.00000000,3000.69728765,5369.02271610,4184.86000187,1500.34864383,2684.51135805,0.35851824,-0.07480459,-0.06829195,-0.04884878
2025-07-27,-0.00267991,0.01306139,0.00741785,2992.65570161,5439.14962236,4215.90266199,1496.32785080,2719.57481118,0.35492467,-0.07728402,-0.05612255,-0.04179328
2025-07-28,-0.00331880,-0.02421750,-0.01680004,2982.72367206,5307.42699632,4145.07533419,1491.36183603,2653.71349816,0.35979125,-0.08034634,-0.07898090,-0.05789119
2025-07-29,-0.00895550,-0.03646041,-0.02656438,2956.01189205,5113.91605246,4034.96397226,1478.00594602,2556.95802623,0.36629966,-0.08858229,-0.11256163,-0.08291773
2025-07-30,-0.00938803,-0.01967748,-0.01590846,2928.26075086,5013.28707744,3970.77391415,1464.13037543,2506.64353872,0.36872670,-0.09713871,-0.13002418,-0.09750710
2025-07-31,0.00000000,0.00000000,0.00000000,2928.26075086,5013.28707744,3970.77391415,1464.13037543,2506.64353872,0.36872670,-0.09713871,-0.13002418,-0.09750710
2025-08-01,0.00000000,0.01531473,0.00966778,2928.26075086,5090.06422431,4009.16248759,1464.13037543,2545.03211216,0.36519607,-0.09713871,-0.11670074,-0.08878199
2025-08-02,0.00000000,0.02521674,0.01600768,2928.26075086,5218.41902828,4073.33988957,1464.13037543,2609.20951414,0.35944223,-0.09713871,-0.09442681,-0.07419550
2025-08-03,0.00000000,-0.02682495,-0.01718293,2928.26075086,5078.43521916,4003.34798501,1464.13037543,2539.21760958,0.36572648,-0.09713871,-0.11871876,-0.09010354
2025-08-04,0.00000000,-0.02986843,-0.01894475,2928.26075086,4926.75033024,3927.50554055,1464.13037543,2463.37516512,0.37278888,-0.09713871,-0.14504125,-0.10734130
2025-08-05,-0.00270684,0.00000000,-0.00100908,2920.33441526,4926.75033024,3923.54237275,1460.16720763,2463.37516512,0.37215533,-0.09958262,-0.14504125,-0.10824207
2025-08-06,-0.00065229,0.00000000,-0.00024275,2918.42949865,4926.75033024,3922.58991445,1459.21474932,2463.37516512,0.37200288,-0.10016995,-0.14504125,-0.10845854
2025-08-07,-0.01278599,0.02964700,0.01386180,2881.11448356,5072.81367416,3976.96407886,1440.55724178,2536.40683708,0.36222536,-0.11167517,-0.11969429,-0.09610017
2025-08-08,0.00000000,0.02537736,0.01618504,2881.11448356,5201.54830039,4041.33139198,1440.55724178,2600.77415019,0.35645610,-0.11167517,-0.09735446,-0.08147052
2025-08-09,0.00000000,0.06265795,0.04032314,2881.11448356,5527.46663227,4204.29055792,1440.55724178,2763.73331614,0.34263979,-0.11167517,-0.04079654,-0.04443253
2025-08-10,-0.00321409,-0.00235976,-0.00265248,2871.85433069,5514.42315013,4193.13874041,1435.92716534,2757.21157507,0.34244685,-0.11453033,-0.04306003,-0.04696716
2025-08-11,-0.00729134,-0.01366895,-0.01148496,2850.91466617,5439.04678637,4144.98072627,1425.45733309,2719.52339318,0.34389963,-0.12098659,-0.05614039,-0.05791270
2025-08-12,0.00775959,0.04102505,0.02958507,2873.03658920,5662.18396182,4267.61027551,1436.51829460,2831.09198091,0.33660953,-0.11416580,-0.01741850,-0.03004098
2025-08-13,0.02709628,0.03460363,0.03207658,2950.88518533,5858.11605552,4404.50062043,1475.44259267,2929.05802776,0.33498522,-0.09016299,0.00000000,0.00000000
2025-08-14,-0.04168387,-0.04264725,-0.04232453,2827.88087169,5608.28350929,4218.08219049,1413.94043585,2804.14175464,0.33520931,-0.12808852,-0.04264725,-0.04232453
2025-08-15,0.00000000,-0.02362451,-0.01570535,2827.88087169,5475.79056999,4151.83572084,1413.94043585,2737.89528500,0.34055790,-0.12808852,-0.06526424,-0.05736516
2025-08-16,0.00000000,-0.00975534,-0.00643308,2827.88087169,5422.37239324,4125.12663247,1413.94043585,2711.18619662,0.34276292,-0.12808852,-0.07438290,-0.06342921
2025-08-17,0.00000000,0.00000000,0.00000000,2827.88087169,5422.37239324,4125.12663247,1413.94043585,2711.18619662,0.34276292,-0.12808852,-0.07438290,-0.06342921
2025-08-18,0.00773092,0.00000000,0.00264987,2849.74298847,5422.37239324,4136.05769086,1424.87149424,2711.18619662,0.34449991,-0.12134784,-0.07438290,-0.06094742
2025-08-19,0.02873946,0.00000000,0.00990074,2931.64307343,5422.37239324,4177.00773334,1465.82153672,2711.18619662,0.35092622,-0.09609585,-0.07438290,-0.05165010
2025-08-20,-0.01146264,0.00000000,-0.00402254,2898.03870868,5422.37239324,4160.20555096,1449.01935434,2711.18619662,0.34830475,-0.10645698,-0.07438290,-0.05546487
2025-08-21,0.01490857,0.00000000,0.00519273,2941.24432051,5422.37239324,4181.80835687,1470.62216025,2711.18619662,0.35167134,-0.09313553,-0.07438290,-0.05056016
2025-08-22,-0.02258657,0.01232928,0.00005038,2874.81169260,5489.22636699,4182.01902980,1437.40584630,2744.61318350,0.34371098,-0.11361849,-0.06297070,-0.05051233
2025-08-23,0.00000000,-0.01966711,-0.01290731,2874.81169260,5381.26917021,4128.04043141,1437.40584630,2690.63458511,0.34820537,-0.11361849,-0.08139936,-0.06276766
2025-08-24,0.00000000,0.00000000,0.00000000,2874.81169260,5381.26917021,4128.04043141,1437.40584630,2690.63458511,0.34820537,-0.11361849,-0.08139936,-0.06276766
2025-08-25,-0.01096081,0.00000000,-0.00381661,2843.30143494,5381.26917021,4112.28530257,1421.65071747,2690.63458511,0.34570819,-0.12333395,-0.08139936,-0.06634471
2025-08-26,0.00000000,0.00000000,0.00000000,2843.30143494,5381.26917021,4112.28530257,1421.65071747,2690.63458511,0.34570819,-0.12333395,-0.08139936,-0.06634471
2025-08-27,0.00000000,0.00000000,0.00000000,2843.30143494,5381.26917021,4112.28530257,1421.65071747,2690.63458511,0.34570819,-0.12333395,-0.08139936,-0.06634471
2025-08-28,0.00000000,0.00000000,0.00000000,2843.30143494,5381.26917021,4112.28530257,1421.65071747,2690.63458511,0.34570819,-0.12333395,-0.08139936,-0.06634471
2025-08-29,0.00390687,0.00000000,0.00135064,2854.40985170,5381.26917021,4117.83951096,1427.20492585,2690.63458511,0.34659071,-0.11990893,-0.08139936,-0.06508368
2025-08-30,-0.00418728,0.00000000,-0.00145127,2842.45763956,5381.26917021,4111.86340489,1421.22881978,2690.63458511,0.34564106,-0.12359411,-0.08139936,-0.06644050
2025-08-31,0.00504586,0.00000000,0.00174406,2856.80029413,5381.26917021,4119.03473217,1428.40014707,2690.63458511,0.34678031,-0.11917189,-0.08139936,-0.06481232
2025-09-01,-0.00197760,0.00000000,-0.00068579,2851.15067623,5381.26917021,4116.20992322,1425.57533811,2690.63458511,0.34633203,-0.12091382,-0.08139936,-0.06545366
2025-09-02,0.00000000,0.00000000,0.00000000,2851.15067623,5381.26917021,4116.20992322,1425.57533811,2690.63458511,0.34633203,-0.12091382,-0.08139936,-0.06545366
2025-09-03,0.00000000,0.00000000,0.00000000,2851.15067623,5381.26917021,4116.20992322,1425.57533811,2690.63458511,0.34633203,-0.12091382,-0.08139936,-0.06545366
2025-09-04,-0.01683732,0.00000000,-0.00583130,2803.14492755,5381.26917021,4092.20704888,1401.57246378,2690.63458511,0.34249793,-0.13571528,-0.08139936,-0.07090329
2025-09-05,0.00267568,-0.00490962,-0.00231167,2810.64523398,5354.84917932,4082.74720665,1405.32261699,2677.42458966,0.34421005,-0.13340273,-0.08590934,-0.07305105
2025-09-06,0.00400672,0.00000000,0.00137915,2821.90669753,5354.84917932,4088.37793843,1410.95334876,2677.42458966,0.34511324,-0.12993052,-0.08590934,-0.07177265
2025-09-07,-0.00953889,0.00000000,-0.00329200,2794.98883151,5354.84917932,4074.91900542,1397.49441575,2677.42458966,0.34295023,-0.13823002,-0.08590934,-0.07482837
2025-09-08,-0.00561560,-0.01020826,-0.00863321,2779.29329099,5300.18548865,4039.73938982,1389.64664549,2650.09274432,0.34399413,-0.14306937,-0.09524061,-0.08281557
2025-09-09,-0.01567633,-0.00288054,-0.00728221,2735.72416591,5284.91811391,4010.32113991,1367.86208295,2642.45905696,0.34108542,-0.15650290,-0.09784681,-0.08949470
2025-09-10,0.00000000,0.00000000,0.00000000,2735.72416591,5284.91811391,4010.32113991,1367.86208295,2642.45905696,0.34108542,-0.15650290,-0.09784681,-0.08949470
2025-09-11,0.00725170,0.00000000,0.00247345,2755.56281911,5284.91811391,4020.24046651,1377.78140955,2642.45905696,0.34271119,-0.15038612,-0.09784681,-0.08724262
2025-09-12,0.00497916,0.04480128,0.03115379,2769.28319761,5521.68919787,4145.48619774,1384.64159881,2760.84459893,0.33401187,-0.14615576,-0.05742919,-0.05880676
2025-09-13,-0.00109430,-0.00968763,-0.00681735,2766.25278358,5468.19712715,4117.22495536,1383.12639179,2734.09856357,0.33593656,-0.14709011,-0.06656046,-0.06522321
2025-09-14,-0.00777350,-0.01330046,-0.01144375,2744.74930750,5395.46760561,4070.10845656,1372.37465375,2697.73380281,0.33718380,-0.15372021,-0.07897564,-0.07592056
2025-09-15,-0.00113512,-0.02412534,-0.01637341,2741.63368331,5265.30013564,4003.46690947,1370.81684165,2632.65006782,0.34240744,-0.15468084,-0.10119566,-0.09105089
2025-09-16,-0.00579967,0.00499392,0.00129811,2725.73310517,5291.59460145,4008.66385331,1362.86655258,2645.79730072,0.33998025,-0.15958342,-0.09670711,-0.08987098
2025-09-17,-0.01542758,-0.01519656,-0.01527510,2683.68164800,5211.18055736,3947.43110268,1341.84082400,2605.59027868,0.33992761,-0.17254901,-0.11043405,-0.10377329
2025-09-18,0.00000000,0.00000000,0.00000000,2683.68164800,5211.18055736,3947.43110268,1341.84082400,2605.59027868,0.33992761,-0.17254901,-0.11043405,-0.10377329
2025-09-19,-0.00586059,0.00559126,0.00169846,2667.95368017,5240.31762897,3954.13565457,1333.97684008,2620.15881448,0.33736244,-0.17739836,-0.10546026,-0.10225108
2025-09-20,0.00000000,-0.00261674,-0.00173395,2667.95368017,5226.60506355,3947.27937186,1333.97684008,2613.30253177,0.33794842,-0.17739836,-0.10780104,-0.10380774
2025-09-21,0.00000000,-0.00282787,-0.00187219,2667.95368017,5211.82491463,3939.88929740,1333.97684008,2605.91245732,0.33858232,-0.17739836,-0.11032406,-0.10548558
2025-09-22,0.01367346,0.05116690,0.03847228,2704.43384793,5478.49781675,4091.46583234,1352.21692397,2739.24890838,0.33049694,-0.16615055,-0.06480210,-0.07107157
2025-09-23,0.00000000,0.00748147,0.00500886,2704.43384793,5519.48501609,4111.95943201,1352.21692397,2759.74250805,0.32884977,-0.16615055,-0.05780545,-0.06641870
2025-09-24,0.00000000,0.00244189,0.00163888,2704.43384793,5532.96300094,4118.69842443,1352.21692397,2766.48150047,0.32831171,-0.16615055,-0.05550471,-0.06488867
2025-09-25,0.00109613,0.05923917,0.04015013,2707.39826085,5860.73111281,4284.06468683,1353.69913042,2930.36555640,0.31598475,-0.16523654,0.00000000,-0.02734383
2025-09-26,-0.00605754,-0.03170989,-0.02360414,2690.99808963,5674.88794706,4182.94301835,1345.49904482,2837.44397353,0.32166325,-0.17029315,-0.03170989,-0.05030255
2025-09-27,0.00015349,0.00287492,0.00199953,2691.41113098,5691.20278287,4191.30695693,1345.70556549,2845.60139143,0.32107063,-0.17016580,-0.02892614,-0.04840359
2025-09-28,-0.00162755,-0.02560153,-0.01790419,2687.03071874,5545.49929252,4116.26500563,1343.51535937,2772.74964626,0.32639185,-0.17151640,-0.05378712,-0.06544116
2025-09-29,0.01940206,0.01416815,0.01587646,2739.16463940,5624.06877826,4181.61670883,1369.58231970,2812.03438913,0.32752460,-0.15544211,-0.04038103,-0.05060367
2025-09-30,-0.00274646,-0.02731401,-0.01926753,2731.64163799,5470.45291188,4101.04727493,1365.82081899,2735.22645594,0.33304196,-0.15776166,-0.06659207,-0.06889620
2025-10-01,0.04037186,0.01742830,0.02506946,2841.92308872,5565.79358206,4203.85833539,1420.96154436,2782.89679103,0.33801366,-0.12375893,-0.05032436,-0.04555392
2025-10-02,0.01638874,0.03136600,0.02630348,2888.49861343,5740.37024334,4314.43442839,1444.24930671,2870.18512167,0.33474823,-0.10939845,-0.02053684,-0.02044867
2025-10-03,0.01406744,0.00636262,0.00894180,2929.13240453,5776.89405775,4353.01323114,1464.56620227,2888.44702887,0.33644883,-0.09686996,-0.01430488,-0.01168972
2025-10-04,0.00108786,-0.00570168,-0.00341735,2932.31889876,5743.95603157,4338.13746517,1466.15944938,2871.97801579,0.33796980,-0.09588748,-0.01992500,-0.01506712
2025-10-05,0.00417226,0.00605766,0.00542045,2944.55328404,5778.75098380,4361.65213392,1472.27664202,2889.37549190,0.33755022,-0.09211529,-0.01398804,-0.00972834
2025-10-06,-0.00963216,0.03760528,0.02166028,2916.19088144,5996.06255696,4456.12671920,1458.09544072,2998.03127848,0.32721140,-0.10086018,0.00000000,0.00000000
2025-10-07,0.01185198,-0.00663481,-0.00058572,2950.75353035,5956.27981429,4453.51667232,1475.37676518,2978.13990714,0.33128354,-0.09020359,-0.00663481,-0.00058572
2025-10-08,-0.01230497,0.00000000,-0.00407643,2914.44459662,5956.27981429,4435.36220545,1457.22229831,2978.13990714,0.32854640,-0.10139860,-0.00663481,-0.00465977
2025-10-09,-0.00000646,-0.01517400,-0.01019076,2914.42575611,5865.89921735,4390.16248673,1457.21287805,2932.94960867,0.33192687,-0.10140441,-0.02170814,-0.01480304
2025-10-10,0.07145074,-0.01520823,0.01355621,3122.66363523,5776.68924905,4449.67644214,1561.33181762,2888.34462452,0.35088660,-0.03719909,-0.03658623,-0.00144751
2025-10-11,0.01711037,0.00000000,0.00600380,3176.09356353,5776.68924905,4476.39140629,1588.04678176,2888.34462452,0.35476048,-0.02072521,-0.03658623,0.00000000
2025-10-12,-0.01941510,0.00000000,-0.00688771,3114.42939267,5776.68924905,4445.55932086,1557.21469633,2888.34462452,0.35028544,-0.03973793,-0.03658623,-0.00688771
2025-10-13,0.00000000,0.00000000,0.00000000,3114.42939267,5776.68924905,4445.55932086,1557.21469633,2888.34462452,0.35028544,-0.03973793,-0.03658623,-0.00688771
2025-10-14,0.00000000,0.00000000,0.00000000,3114.42939267,5776.68924905,4445.55932086,1557.21469633,2888.34462452,0.35028544,-0.03973793,-0.03658623,-0.00688771
2025-10-15,0.00000000,0.00000000,0.00000000,3114.42939267,5776.68924905,4445.55932086,1557.21469633,2888.34462452,0.35028544,-0.03973793,-0.03658623,-0.00688771
2025-10-16,0.00000000,0.00000000,0.00000000,3114.42939267,5776.68924905,4445.55932086,1557.21469633,2888.34462452,0.35028544,-0.03973793,-0.03658623,-0.00688771
2025-10-17,0.00000000,0.00000000,0.00000000,3114.42939267,5776.68924905,4445.55932086,1557.21469633,2888.34462452,0.35028544,-0.03973793,-0.03658623,-0.00688771
2025-10-18,0.00000000,0.00000000,0.00000000,3114.42939267,5776.68924905,4445.55932086,1557.21469633,2888.34462452,0.35028544,-0.03973793,-0.03658623,-0.00688771
2025-10-19,-0.00277792,0.00000000,-0.00097307,3105.77775393,5776.68924905,4441.23350149,1552.88887696,2888.34462452,0.34965261,-0.04240546,-0.03658623,-0.00785407
2025-10-20,0.00264930,0.00000000,0.00092634,3114.00590640,5776.68924905,4445.34757772,1557.00295320,2888.34462452,0.35025449,-0.03986850,-0.03658623,-0.00693501
2025-10-21,0.00046588,0.00207686,0.00151261,3115.45667103,5788.68664362,4452.07165733,1557.72833552,2894.34332181,0.34988842,-0.03942119,-0.03458535,-0.00543289
2025-10-22,0.00000000,0.00000000,0.00000000,3115.45667103,5788.68664362,4452.07165733,1557.72833552,2894.34332181,0.34988842,-0.03942119,-0.03458535,-0.00543289
2025-10-23,0.00000000,0.00000000,0.00000000,3115.45667103,5788.68664362,4452.07165733,1557.72833552,2894.34332181,0.34988842,-0.03942119,-0.03458535,-0.00543289
2025-10-24,0.00000000,-0.00369050,-0.00239924,3115.45667103,5767.32346788,4441.39006946,1557.72833552,2883.66173394,0.35072991,-0.03942119,-0.03814822,-0.00781910
2025-10-25,0.00000000,0.00000000,0.00000000,3115.45667103,5767.32346788,4441.39006946,1557.72833552,2883.66173394,0.35072991,-0.03942119,-0.03814822,-0.00781910
2025-10-26,0.00018299,0.00333438,0.00222909,3116.02676263,5786.55392517,4451.29034390,1558.01338132,2893.27696258,0.35001387,-0.03924542,-0.03494104,-0.00560743
2025-10-27,0.00000000,0.00000000,0.00000000,3116.02676263,5786.55392517,4451.29034390,1558.01338132,2893.27696258,0.35001387,-0.03924542,-0.03494104,-0.00560743
2025-10-28,-0.00209546,0.00000000,-0.00073344,3109.49724309,5786.55392517,4448.02558413,1554.74862154,2893.27696258,0.34953680,-0.04125864,-0.03494104,-0.00633676
2025-10-29,0.00000000,0.00000000,0.00000000,3109.49724309,5786.55392517,4448.02558413,1554.74862154,2893.27696258,0.34953680,-0.04125864,-0.03494104,-0.00633676
2025-10-30,0.00000000,0.00000000,0.00000000,3109.49724309,5786.55392517,4448.02558413,1554.74862154,2893.27696258,0.34953680,-0.04125864,-0.03494104,-0.00633676
2025-10-31,-0.00775974,0.00000000,-0.00271231,3085.36835331,5786.55392517,4435.96113924,1542.68417666,2893.27696258,0.34776774,-0.04869823,-0.03494104,-0.00903189
2025-11-01,-0.00668217,0.00000000,-0.00232384,3064.75140452,5786.55392517,4425.65266484,1532.37570226,2893.27696258,0.34624852,-0.05505499,-0.03494104,-0.01133474
2025-11-02,0.00030149,-0.00889527,-0.00571091,3065.67540152,5735.08094056,4400.37817104,1532.83770076,2867.54047028,0.34834227,-0.05477009,-0.04352550,-0.01698092
2025-11-03,0.00819111,0.02818477,0.02122013,3090.78669712,5896.72285655,4493.75477684,1545.39334856,2948.36142827,0.34389802,-0.04702761,-0.01656749,0.00000000
2025-11-04,0.04625749,0.06937301,0.06142363,3233.75872231,6305.79625389,4769.77748810,1616.87936116,3152.89812695,0.33898423,-0.00294550,0.00000000,0.00000000
2025-11-05,-0.02087080,-0.03577455,-0.03072241,3166.26759905,6080.20924112,4623.23842008,1583.13379952,3040.10462056,0.34242963,-0.02375482,-0.03577455,-0.03072241
2025-11-06,0.02293278,0.02950792,0.02725640,3238.87893258,6259.62356962,4749.25125110,1619.43946629,3129.81178481,0.34098837,-0.00136680,-0.00732226,-0.00430340
2025-11-07,-0.00185580,-0.00301361,-0.00261881,3232.86821647,6240.75949838,4736.81385743,1616.43410823,3120.37974919,0.34124924,-0.00322007,-0.01031381,-0.00691094
2025-11-08,0.00000000,0.00000000,0.00000000,3232.86821647,6240.75949838,4736.81385743,1616.43410823,3120.37974919,0.34124924,-0.00322007,-0.01031381,-0.00691094
2025-11-09,-0.00404170,-0.01527867,-0.01144406,3219.80194548,6145.40897836,4682.60546192,1609.90097274,3072.70448918,0.34380453,-0.00724875,-0.02543490,-0.01827591
2025-11-10,-0.00342577,-0.00463672,-0.00422039,3208.77165193,6116.91445188,4662.84305190,1604.38582596,3058.45722594,0.34407888,-0.01064968,-0.02995368,-0.02241917
2025-11-11,0.00000000,0.00000000,0.00000000,3208.77165193,6116.91445188,4662.84305190,1604.38582596,3058.45722594,0.34407888,-0.01064968,-0.02995368,-0.02241917
2025-11-12,0.00000000,0.00000000,0.00000000,3208.77165193,6116.91445188,4662.84305190,1604.38582596,3058.45722594,0.34407888,-0.01064968,-0.02995368,-0.02241917
2025-11-13,0.00000000,0.00000000,0.00000000,3208.77165193,6116.91445188,4662.84305190,1604.38582596,3058.45722594,0.34407888,-0.01064968,-0.02995368,-0.02241917
2025-11-14,0.00000000,0.00000000,0.00000000,3208.77165193,6116.91445188,4662.84305190,1604.38582596,3058.45722594,0.34407888,-0.01064968,-0.02995368,-0.02241917
2025-11-15,0.00000000,0.00000000,0.00000000,3208.77165193,6116.91445188,4662.84305190,1604.38582596,3058.45722594,0.34407888,-0.01064968,-0.02995368,-0.02241917
2025-11-16,0.00000000,0.00000000,0.00000000,3208.77165193,6116.91445188,4662.84305190,1604.38582596,3058.45722594,0.34407888,-0.01064968,-0.02995368,-0.02241917
2025-11-17,0.00000000,0.00000000,0.00000000,3208.77165193,6116.91445188,4662.84305190,1604.38582596,3058.45722594,0.34407888,-0.01064968,-0.02995368,-0.02241917
2025-11-18,0.00000000,0.00000000,0.00000000,3208.77165193,6116.91445188,4662.84305190,1604.38582596,3058.45722594,0.34407888,-0.01064968,-0.02995368,-0.02241917
2025-11-19,0.00000000,0.00000000,0.00000000,3208.77165193,6116.91445188,4662.84305190,1604.38582596,3058.45722594,0.34407888,-0.01064968,-0.02995368,-0.02241917
2025-11-20,0.00000000,0.00000000,0.00000000,3208.77165193,6116.91445188,4662.84305190,1604.38582596,3058.45722594,0.34407888,-0.01064968,-0.02995368,-0.02241917
2025-11-21,0.00000000,0.00000000,0.00000000,3208.77165193,6116.91445188,4662.84305190,1604.38582596,3058.45722594,0.34407888,-0.01064968,-0.02995368,-0.02241917
2025-11-22,0.00000000,0.00000000,0.00000000,3208.77165193,6116.91445188,4662.84305190,1604.38582596,3058.45722594,0.34407888,-0.01064968,-0.02995368,-0.02241917
2025-11-23,0.00000000,0.00000000,0.00000000,3208.77165193,6116.91445188,4662.84305190,1604.38582596,3058.45722594,0.34407888,-0.01064968,-0.02995368,-0.02241917
2025-11-24,0.00000000,-0.00578043,-0.00379151,3208.77165193,6081.55603839,4645.16384516,1604.38582596,3040.77801919,0.34538843,-0.01064968,-0.03556097,-0.02612567
2025-11-25,0.00000000,-0.00887025,-0.00580657,3208.77165193,6027.61109258,4618.19137225,1604.38582596,3013.80554629,0.34740566,-0.01064968,-0.04411579,-0.03178054
2025-11-26,0.00000000,0.00000000,0.00000000,3208.77165193,6027.61109258,4618.19137225,1604.38582596,3013.80554629,0.34740566,-0.01064968,-0.04411579,-0.03178054
2025-11-27,0.00000000,0.00000000,0.00000000,3208.77165193,6027.61109258,4618.19137225,1604.38582596,3013.80554629,0.34740566,-0.01064968,-0.04411579,-0.03178054
2025-11-28,-0.01090991,0.00000000,-0.00379016,3173.76425038,6027.61109258,4600.68767148,1586.88212519,3013.80554629,0.34492281,-0.02144340,-0.04411579,-0.03545025
2025-11-29,0.00000000,0.00000000,0.00000000,3173.76425038,6027.61109258,4600.68767148,1586.88212519,3013.80554629,0.34492281,-0.02144340,-0.04411579,-0.03545025
2025-11-30,0.00000000,-0.00904554,-0.00592553,3173.76425038,5973.08807650,4573.42616344,1586.88212519,2986.54403825,0.34697884,-0.02144340,-0.05276228,-0.04116572
2025-12-01,0.00000000,0.03997852,0.02610682,3173.76425038,6211.88331229,4692.82378134,1586.88212519,3105.94165614,0.33815080,-0.02144340,-0.01489311,-0.01613361
2025-12-02,0.00000000,-0.05261018,-0.03482001,3173.76425038,5885.07498489,4529.41961764,1586.88212519,2942.53749244,0.35034999,-0.02144340,-0.06671977,-0.05039184
2025-12-03,0.00000000,-0.02464497,-0.01601060,3173.76425038,5740.03750736,4456.90087887,1586.88212519,2870.01875368,0.35605058,-0.02144340,-0.08972043,-0.06559564
2025-12-04,0.00000000,0.00000000,0.00000000,3173.76425038,5740.03750736,4456.90087887,1586.88212519,2870.01875368,0.35605058,-0.02144340,-0.08972043,-0.06559564
2025-12-05,0.00000000,0.00000000,0.00000000,3173.76425038,5740.03750736,4456.90087887,1586.88212519,2870.01875368,0.35605058,-0.02144340,-0.08972043,-0.06559564
2025-12-06,0.00000000,0.00000000,0.00000000,3173.76425038,5740.03750736,4456.90087887,1586.88212519,2870.01875368,0.35605058,-0.02144340,-0.08972043,-0.06559564
2025-12-07,0.00000000,0.00000000,0.00000000,3173.76425038,5740.03750736,4456.90087887,1586.88212519,2870.01875368,0.35605058,-0.02144340,-0.08972043,-0.06559564
2025-12-08,0.00000000,0.00000000,0.00000000,3173.76425038,5740.03750736,4456.90087887,1586.88212519,2870.01875368,0.35605058,-0.02144340,-0.08972043,-0.06559564
2025-12-09,0.01367276,0.03269663,0.02592317,3217.15836656,5927.71741125,4572.43788890,1608.57918328,2963.85870562,0.35179902,-0.00806383,-0.05995735,-0.04137292
2025-12-10,-0.00801367,-0.00457271,-0.00578324,3191.37712444,5900.61166058,4545.99439251,1595.68856222,2950.30583029,0.35100980,-0.01601288,-0.06425590,-0.04691688
2025-12-11,0.00175850,0.00000000,0.00061725,3196.98915925,5900.61166058,4548.80040992,1598.49457962,2950.30583029,0.35141014,-0.01428254,-0.06425590,-0.04632859
2025-12-12,-0.00518227,-0.00138779,-0.00272121,3180.42149695,5892.42282990,4536.42216342,1590.21074847,2946.21141495,0.35054294,-0.01939080,-0.06555452,-0.04892373
2025-12-13,0.00000000,-0.00925034,-0.00600770,3180.42149695,5837.91591713,4509.16870704,1590.21074847,2918.95795857,0.35266162,-0.01939080,-0.07419845,-0.05463751
2025-12-14,0.00000000,0.01603355,0.01037913,3180.42149695,5931.51845302,4555.96997498,1590.21074847,2965.75922651,0.34903890,-0.01939080,-0.05935457,-0.04482547
2025-12-15,0.00000000,0.03044094,0.01981587,3180.42149695,6112.07946524,4646.25048109,1590.21074847,3056.03973262,0.34225678,-0.01939080,-0.03072043,-0.02589786
2025-12-16,0.00000000,0.00076362,0.00050227,3180.42149695,6116.74677980,4648.58413837,1590.21074847,3058.37338990,0.34208497,-0.01939080,-0.02998027,-0.02540860
2025-12-17,0.00000000,-0.01045457,-0.00687822,3180.42149695,6052.79880393,4616.61015044,1590.21074847,3026.39940196,0.34445420,-0.01939080,-0.04012141,-0.03211205
2025-12-18,0.00000000,0.00000000,0.00000000,3180.42149695,6052.79880393,4616.61015044,1590.21074847,3026.39940196,0.34445420,-0.01939080,-0.04012141,-0.03211205
2025-12-19,0.00000000,-0.00672050,-0.00440559,3180.42149695,6012.12098521,4596.27124108,1590.21074847,3006.06049261,0.34597844,-0.01939080,-0.04657227,-0.03637617
2025-12-20,0.00000000,0.00000000,0.00000000,3180.42149695,6012.12098521,4596.27124108,1590.21074847,3006.06049261,0.34597844,-0.01939080,-0.04657227,-0.03637617
2025-12-21,0.00000000,0.00000000,0.00000000,3180.42149695,6012.12098521,4596.27124108,1590.21074847,3006.06049261,0.34597844,-0.01939080,-0.04657227,-0.03637617
2025-12-22,-0.00943715,-0.01146249,-0.01076177,3150.40739021,5943.20708259,4546.80723640,1575.20369511,2971.60354129,0.34644171,-0.02864495,-0.05750093,-0.04674647
2025-12-23,-0.00989987,0.00000000,-0.00342973,3119.21877669,5943.20708259,4531.21292964,1559.60938835,2971.60354129,0.34419247,-0.03826124,-0.05750093,-0.05001587
2025-12-24,0.00000000,0.00000000,0.00000000,3119.21877669,5943.20708259,4531.21292964,1559.60938835,2971.60354129,0.34419247,-0.03826124,-0.05750093,-0.05001587
2025-12-25,-0.00234640,-0.00230263,-0.00231770,3111.89984444,5929.52206801,4520.71095622,1555.94992222,2964.76103400,0.34418257,-0.04051786,-0.05967116,-0.05221764
2025-12-26,-0.00485587,-0.01233940,-0.00976370,3096.78887487,5856.35529416,4476.57208452,1548.39443744,2928.17764708,0.34588842,-0.04517698,-0.07127426,-0.06147151
2025-12-27,-0.00588770,-0.00741016,-0.00688356,3078.55592421,5812.95873827,4445.75733124,1539.27796210,2906.47936914,0.34623526,-0.05079868,-0.07815627,-0.06793192
2025-12-28,-0.00069135,0.00000000,-0.00023937,3076.42756421,5812.95873827,4444.69315124,1538.21378211,2906.47936914,0.34607873,-0.05145491,-0.07815627,-0.06815503
2025-12-29,-0.01239088,-0.01721203,-0.01554353,3038.30792079,5712.90593134,4375.60692606,1519.15396039,2856.45296567,0.34718703,-0.06320822,-0.09402307,-0.08263919
2025-12-30,-0.00846305,0.00000000,-0.00293826,3012.59456217,5712.90593134,4362.75024675,1506.29728108,2856.45296567,0.34526324,-0.07113634,-0.09402307,-0.08533464
2025-12-31,0.00000000,-0.00211515,-0.00138487,3012.59456217,5700.82227933,4356.70842075,1506.29728108,2850.41113967,0.34574205,-0.07113634,-0.09593935,-0.08660133
2026-01-01,0.00000000,-0.00974389,-0.00637502,3012.59456217,5645.27410705,4328.93433461,1506.29728108,2822.63705352,0.34796030,-0.07113634,-0.10474841,-0.09242426
2026-01-02,-0.00583558,0.03586728,0.02135634,2995.01432409,5847.75471335,4421.38451872,1497.50716204,2923.87735668,0.33869643,-0.07655680,-0.07263818,-0.07304177
2026-01-03,0.00000000,0.00053135,0.00035139,2995.01432409,5850.86194266,4422.93813337,1497.50716204,2925.43097133,0.33857746,-0.07655680,-0.07214542,-0.07271605
2026-01-04,-0.00587822,0.00562744,0.00173189,2977.40897180,5883.78734239,4430.59815709,1488.70448590,2941.89367119,0.33600531,-0.08198500,-0.06692397,-0.07111010
2026-01-05,-0.00164033,0.02554287,0.01640917,2972.52504099,6034.07616240,4503.30060169,1486.26252049,3017.03808120,0.33003849,-0.08349085,-0.04309053,-0.05586778
2026-01-06,-0.01636965,-0.00930577,-0.01163712,2923.86583664,5977.92442294,4450.89512979,1461.93291832,2988.96221147,0.32845818,-0.09849378,-0.05199531,-0.06685477
2026-01-07,0.00000000,0.00000000,0.00000000,2923.86583664,5977.92442294,4450.89512979,1461.93291832,2988.96221147,0.32845818,-0.09849378,-0.05199531,-0.06685477
2026-01-08,0.00000000,0.00000000,0.00000000,2923.86583664,5977.92442294,4450.89512979,1461.93291832,2988.96221147,0.32845818,-0.09849378,-0.05199531,-0.06685477
2026-01-09,-0.00880635,-0.01091099,-0.01021970,2898.11726434,5912.69935590,4405.40831012,1449.05863217,2956.34967795,0.32892720,-0.10643276,-0.06233898,-0.07639123
2026-01-10,0.00000000,0.00000000,0.00000000,2898.11726434,5912.69935590,4405.40831012,1449.05863217,2956.34967795,0.32892720,-0.10643276,-0.06233898,-0.07639123
2026-01-11,0.00000000,-0.00555914,-0.00373059,2898.11726434,5879.82983747,4388.97355090,1449.05863217,2939.91491873,0.33015889,-0.10643276,-0.06755157,-0.07983683
2026-01-12,-0.00908228,-0.01161487,-0.01077871,2871.79575594,5811.53636833,4341.66606214,1435.89787797,2905.76818417,0.33072509,-0.11454839,-0.07838184,-0.08975501
2026-01-13,0.00000000,0.00000000,0.00000000,2871.79575594,5811.53636833,4341.66606214,1435.89787797,2905.76818417,0.33072509,-0.11454839,-0.07838184,-0.08975501
2026-01-14,0.00000000,0.00000000,0.00000000,2871.79575594,5811.53636833,4341.66606214,1435.89787797,2905.76818417,0.33072509,-0.11454839,-0.07838184,-0.08975501
2026-01-15,0.00000000,0.00000000,0.00000000,2871.79575594,5811.53636833,4341.66606214,1435.89787797,2905.76818417,0.33072509,-0.11454839,-0.07838184,-0.08975501
2026-01-16,-0.00824873,0.00000000,-0.00272806,2848.10707868,5811.53636833,4329.82172351,1424.05353934,2905.76818417,0.32889427,-0.12185224,-0.07838184,-0.09223822
2026-01-17,0.00000000,0.00000000,0.00000000,2848.10707868,5811.53636833,4329.82172351,1424.05353934,2905.76818417,0.32889427,-0.12185224,-0.07838184,-0.09223822
2026-01-18,0.01433309,-0.00802349,-0.00067054,2888.92926406,5764.90756285,4326.91841345,1444.46463203,2882.45378142,0.33383219,-0.10926567,-0.08577643,-0.09284690
2026-01-19,0.01116145,0.02878248,0.02290002,2921.17390813,5930.83591237,4426.00491025,1460.58695406,2965.41795619,0.33000121,-0.09932378,-0.05946281,-0.07207308
2026-01-20,0.04353748,0.07393178,0.06390162,3048.35445591,6369.31316710,4708.83381150,1524.17722795,3184.65658355,0.32368465,-0.06011061,0.00000000,-0.01277705
2026-01-21,-0.01202552,-0.03164605,-0.02529518,3011.69641459,6167.74958782,4589.72300120,1505.84820729,3083.87479391,0.32809130,-0.07141326,-0.03164605,-0.03774903
2026-01-22,0.00000000,0.00000000,0.00000000,3011.69641459,6167.74958782,4589.72300120,1505.84820729,3083.87479391,0.32809130,-0.07141326,-0.03164605,-0.03774903
2026-01-23,0.00000000,-0.01376369,-0.00924795,3011.69641459,6082.85856855,4547.27749157,1505.84820729,3041.42928428,0.33115380,-0.07141326,-0.04497417,-0.04664788
2026-01-24,0.00000000,0.00000000,0.00000000,3011.69641459,6082.85856855,4547.27749157,1505.84820729,3041.42928428,0.33115380,-0.07141326,-0.04497417,-0.04664788
2026-01-25,0.00000000,0.02926924,0.01957662,3011.69641459,6260.89920333,4636.29780896,1505.84820729,3130.44960166,0.32479540,-0.07141326,-0.01702130,-0.02798447
2026-01-26,0.00000000,-0.01759644,-0.01188120,3011.69641459,6150.72968313,4581.21304886,1505.84820729,3075.36484156,0.32870076,-0.07141326,-0.03431822,-0.03953317
2026-01-27,0.00000000,0.00000000,0.00000000,3011.69641459,6150.72968313,4581.21304886,1505.84820729,3075.36484156,0.32870076,-0.07141326,-0.03431822,-0.03953317
2026-01-28,0.00000000,0.00000000,0.00000000,3011.69641459,6150.72968313,4581.21304886,1505.84820729,3075.36484156,0.32870076,-0.07141326,-0.03431822,-0.03953317
2026-01-29,0.02644199,0.01821647,0.02092021,3091.33167482,6262.77427800,4677.05297641,1545.66583741,3131.38713900,0.33047858,-0.04685958,-0.01672690,-0.01944001
2026-01-30,0.00448617,0.03933860,0.02782062,3105.19991517,6509.14304836,4807.17148176,1552.59995758,3254.57152418,0.32297578,-0.04258363,0.00000000,0.00000000
2026-01-31,0.06135352,0.08391577,0.07662871,3295.71486691,7055.36277764,5175.53882228,1647.85743345,3527.68138882,0.31839341,0.00000000,0.00000000,0.00000000
2026-02-01,0.01837827,0.05510234,0.04340964,3356.28440662,7444.12974623,5400.20707642,1678.14220331,3722.06487311,0.31075516,0.00000000,0.00000000,0.00000000
2026-02-02,-0.01836684,-0.02208200,-0.02092749,3294.64007828,7279.74846529,5287.19427178,1647.32003914,3639.87423264,0.31156790,-0.01836684,-0.02208200,-0.02092749
2026-02-03,0.03161210,0.03328197,0.03276169,3398.79056328,7522.03283020,5460.41169674,1699.39528164,3761.01641510,0.31122109,0.00000000,0.00000000,0.00000000
2026-02-04,0.02715470,0.02429535,0.02518524,3491.08370277,7704.78324348,5597.93347313,1745.54185139,3852.39162174,0.31181897,0.00000000,0.00000000,0.00000000
2026-02-05,0.10134775,0.08921163,0.09299590,3844.89718458,8392.13949602,6118.51834030,1922.44859229,4196.06974801,0.31420166,0.00000000,0.00000000,0.00000000
2026-02-06,-0.06920978,-0.06027618,-0.06308313,3578.79267785,7886.29336610,5732.54302198,1789.39633892,3943.14668305,0.31214704,-0.06920978,-0.06027618,-0.06308313
2026-02-07,0.00000000,-0.00642645,-0.00442045,3578.79267785,7835.61252367,5707.20260076,1789.39633892,3917.80626183,0.31353300,-0.06920978,-0.06631527,-0.06722473
2026-02-08,0.00000000,-0.00072595,-0.00049834,3578.79267785,7829.92429409,5704.35848597,1789.39633892,3914.96214705,0.31368932,-0.06920978,-0.06699307,-0.06768957
2026-02-09,0.00000000,-0.02216858,-0.01521453,3578.79267785,7656.34597220,5617.56932502,1789.39633892,3828.17298610,0.31853569,-0.06920978,-0.08767651,-0.08187424
2026-02-10,0.00000000,0.00000000,0.00000000,3578.79267785,7656.34597220,5617.56932502,1789.39633892,3828.17298610,0.31853569,-0.06920978,-0.08767651,-0.08187424
2026-02-11,0.00000000,0.00000000,0.00000000,3578.79267785,7656.34597220,5617.56932502,1789.39633892,3828.17298610,0.31853569,-0.06920978,-0.08767651,-0.08187424
2026-02-12,0.00000000,0.00000000,0.00000000,3578.79267785,7656.34597220,5617.56932502,1789.39633892,3828.17298610,0.31853569,-0.06920978,-0.08767651,-0.08187424
2026-02-13,0.00000000,0.00000000,0.00000000,3578.79267785,7656.34597220,5617.56932502,1789.39633892,3828.17298610,0.31853569,-0.06920978,-0.08767651,-0.08187424
2026-02-14,0.00000000,-0.00319237,-0.00217549,3578.79267785,7631.90407606,5605.34837695,1789.39633892,3815.95203803,0.31923017,-0.06920978,-0.09058899,-0.08387161
2026-02-15,-0.00448834,0.00000000,-0.00143281,3562.72982645,7631.90407606,5597.31695125,1781.36491323,3815.95203803,0.31825336,-0.07338749,-0.09058899,-0.08518425
2026-02-16,0.00000000,0.00000000,0.00000000,3562.72982645,7631.90407606,5597.31695125,1781.36491323,3815.95203803,0.31825336,-0.07338749,-0.09058899,-0.08518425
2026-02-17,0.00000000,0.00000000,0.00000000,3562.72982645,7631.90407606,5597.31695125,1781.36491323,3815.95203803,0.31825336,-0.07338749,-0.09058899,-0.08518425
2026-02-18,0.00000000,0.00000000,0.00000000,3562.72982645,7631.90407606,5597.31695125,1781.36491323,3815.95203803,0.31825336,-0.07338749,-0.09058899,-0.08518425
2026-02-19,0.00000000,0.00000000,0.00000000,3562.72982645,7631.90407606,5597.31695125,1781.36491323,3815.95203803,0.31825336,-0.07338749,-0.09058899,-0.08518425
2026-02-20,0.00000000,0.00000000,0.00000000,3562.72982645,7631.90407606,5597.31695125,1781.36491323,3815.95203803,0.31825336,-0.07338749,-0.09058899,-0.08518425
2026-02-21,0.00000000,0.00000000,0.00000000,3562.72982645,7631.90407606,5597.31695125,1781.36491323,3815.95203803,0.31825336,-0.07338749,-0.09058899,-0.08518425
2026-02-22,0.00000000,0.00000000,0.00000000,3562.72982645,7631.90407606,5597.31695125,1781.36491323,3815.95203803,0.31825336,-0.07338749,-0.09058899,-0.08518425
2026-02-23,0.00000000,0.00000000,0.00000000,3562.72982645,7631.90407606,5597.31695125,1781.36491323,3815.95203803,0.31825336,-0.07338749,-0.09058899,-0.08518425
2026-02-24,0.00000000,0.00000000,0.00000000,3562.72982645,7631.90407606,5597.31695125,1781.36491323,3815.95203803,0.31825336,-0.07338749,-0.09058899,-0.08518425
2026-02-25,0.00000000,0.00000000,0.00000000,3562.72982645,7631.90407606,5597.31695125,1781.36491323,3815.95203803,0.31825336,-0.07338749,-0.09058899,-0.08518425
2026-02-26,0.00000000,0.00000000,0.00000000,3562.72982645,7631.90407606,5597.31695125,1781.36491323,3815.95203803,0.31825336,-0.07338749,-0.09058899,-0.08518425
2026-02-27,0.00000000,0.00000000,0.00000000,3562.72982645,7631.90407606,5597.31695125,1781.36491323,3815.95203803,0.31825336,-0.07338749,-0.09058899,-0.08518425
2026-02-28,0.00000000,0.00000000,0.00000000,3562.72982645,7631.90407606,5597.31695125,1781.36491323,3815.95203803,0.31825336,-0.07338749,-0.09058899,-0.08518425
2026-03-01,0.00000000,0.00000000,0.00000000,3562.72982645,7631.90407606,5597.31695125,1781.36491323,3815.95203803,0.31825336,-0.07338749,-0.09058899,-0.08518425
2026-03-02,0.02543543,-0.00989898,0.00134632,3653.34937577,7556.35604343,5604.85270960,1826.67468789,3778.17802172,0.32590949,-0.04981871,-0.09959122,-0.08395262
2026-03-03,0.00000000,0.00000000,0.00000000,3653.34937577,7556.35604343,5604.85270960,1826.67468789,3778.17802172,0.32590949,-0.04981871,-0.09959122,-0.08395262
2026-03-04,-0.00449130,-0.00232588,-0.00303161,3636.94109460,7538.78082872,5587.86096166,1818.47054730,3769.39041436,0.32543232,-0.05408626,-0.10168547,-0.08672972
2026-03-05,0.00000000,0.00000000,0.00000000,3636.94109460,7538.78082872,5587.86096166,1818.47054730,3769.39041436,0.32543232,-0.05408626,-0.10168547,-0.08672972
2026-03-06,0.00000000,0.00000000,0.00000000,3636.94109460,7538.78082872,5587.86096166,1818.47054730,3769.39041436,0.32543232,-0.05408626,-0.10168547,-0.08672972
2026-03-07,0.00000000,0.00000000,0.00000000,3636.94109460,7538.78082872,5587.86096166,1818.47054730,3769.39041436,0.32543232,-0.05408626,-0.10168547,-0.08672972
2026-03-08,0.00000000,0.00000000,0.00000000,3636.94109460,7538.78082872,5587.86096166,1818.47054730,3769.39041436,0.32543232,-0.05408626,-0.10168547,-0.08672972
2026-03-09,0.00000000,-0.00986656,-0.00665566,3636.94109460,7464.39896776,5550.67003118,1818.47054730,3732.19948388,0.32761280,-0.05408626,-0.11054875,-0.09280814
2026-03-10,-0.01246637,-0.00776418,-0.00930468,3591.60165291,7406.44399986,5499.02282638,1795.80082646,3703.22199993,0.32656726,-0.06587836,-0.11745461,-0.10124927
2026-03-11,0.00000000,0.00000000,0.00000000,3591.60165291,7406.44399986,5499.02282638,1795.80082646,3703.22199993,0.32656726,-0.06587836,-0.11745461,-0.10124927
2026-03-12,0.00000000,0.00000000,0.00000000,3591.60165291,7406.44399986,5499.02282638,1795.80082646,3703.22199993,0.32656726,-0.06587836,-0.11745461,-0.10124927
2026-03-13,0.00489870,-0.00709436,-0.00317782,3609.19582080,7353.90002194,5481.54792137,1804.59791040,3676.95001097,0.32921320,-0.06130238,-0.12371571,-0.10410534
2026-03-14,0.00000000,0.00000000,0.00000000,3609.19582080,7353.90002194,5481.54792137,1804.59791040,3676.95001097,0.32921320,-0.06130238,-0.12371571,-0.10410534
2026-03-15,-0.00074569,0.00282937,0.00165241,3606.50449469,7374.70690499,5490.60569984,1803.25224734,3687.35345249,0.32842501,-0.06200236,-0.12123638,-0.10262495
2026-03-16,-0.00556118,0.02044664,0.01190502,3586.44806220,7525.49491534,5555.97148877,1793.22403110,3762.74745767,0.32275616,-0.06721873,-0.10326861,-0.09194168
2026-03-17,-0.01191240,0.00000000,-0.00384480,3543.72484103,7525.49491534,5534.60987819,1771.86242051,3762.74745767,0.32014224,-0.07833040,-0.10326861,-0.09543298
2026-03-18,0.00000000,0.01669232,0.01134840,3543.72484103,7651.11289865,5597.41886984,1771.86242051,3825.55644933,0.31654991,-0.07833040,-0.08830008,-0.08516759
2026-03-19,0.00000000,-0.01140413,-0.00779416,3543.72484103,7563.85858475,5553.79171289,1771.86242051,3781.92929237,0.31903653,-0.07833040,-0.09869723,-0.09229794
2026-03-20,0.00000000,0.00000000,0.00000000,3543.72484103,7563.85858475,5553.79171289,1771.86242051,3781.92929237,0.31903653,-0.07833040,-0.09869723,-0.09229794
2026-03-21,0.00000000,-0.00045000,-0.00030643,3543.72484103,7560.45484839,5552.08984471,1771.86242051,3780.22742419,0.31913432,-0.07833040,-0.09910281,-0.09257609
2026-03-22,0.00000000,-0.01030050,-0.00701326,3543.72484103,7482.57836334,5513.15160218,1771.86242051,3741.28918167,0.32138830,-0.07833040,-0.10838251,-0.09894009
2026-03-23,0.00000000,-0.01744312,-0.01183710,3543.72484103,7352.05886327,5447.89185215,1771.86242051,3676.02943164,0.32523818,-0.07833040,-0.12393510,-0.10960603
2026-03-24,0.00000000,0.00000000,0.00000000,3543.72484103,7352.05886327,5447.89185215,1771.86242051,3676.02943164,0.32523818,-0.07833040,-0.12393510,-0.10960603
2026-03-25,0.00000000,0.00000000,0.00000000,3543.72484103,7352.05886327,5447.89185215,1771.86242051,3676.02943164,0.32523818,-0.07833040,-0.12393510,-0.10960603
2026-03-26,0.00000000,0.00489890,0.00330559,3543.72484103,7388.07588736,5465.90036420,1771.86242051,3694.03794368,0.32416662,-0.07833040,-0.11964334,-0.10666275
2026-03-27,0.00000000,0.00882215,0.00596230,3543.72484103,7453.25459183,5498.48971643,1771.86242051,3726.62729592,0.32224529,-0.07833040,-0.11187670,-0.10133640
2026-03-28,0.00000000,-0.02452153,-0.01661958,3543.72484103,7270.48940301,5407.10712202,1771.86242051,3635.24470151,0.32769138,-0.07833040,-0.13365484,-0.11627181
2026-03-29,0.00000000,-0.03105978,-0.02088176,3543.72484103,7044.66959389,5294.19721746,1771.86242051,3522.33479695,0.33468009,-0.07833040,-0.16056333,-0.13472561
2026-03-30,0.00000000,0.00000000,0.00000000,3543.72484103,7044.66959389,5294.19721746,1771.86242051,3522.33479695,0.33468009,-0.07833040,-0.16056333,-0.13472561
2026-03-31,-0.00701628,-0.01658014,-0.01337931,3518.86106301,6927.86795263,5223.36450782,1759.43053151,3463.93397632,0.33683855,-0.08479710,-0.17448132,-0.14630239
2026-04-01,0.00000000,0.00000000,0.00000000,3518.86106301,6927.86795263,5223.36450782,1759.43053151,3463.93397632,0.33683855,-0.08479710,-0.17448132,-0.14630239
2026-04-02,0.00000000,0.00000000,0.00000000,3518.86106301,6927.86795263,5223.36450782,1759.43053151,3463.93397632,0.33683855,-0.08479710,-0.17448132,-0.14630239
2026-04-03,0.00000000,0.00000000,0.00000000,3518.86106301,6927.86795263,5223.36450782,1759.43053151,3463.93397632,0.33683855,-0.08479710,-0.17448132,-0.14630239
2026-04-04,0.00000000,0.00000000,0.00000000,3518.86106301,6927.86795263,5223.36450782,1759.43053151,3463.93397632,0.33683855,-0.08479710,-0.17448132,-0.14630239
2026-04-05,0.01303598,-0.00315315,0.00229998,3564.73287285,6906.02337577,5235.37812431,1782.36643643,3453.01168789,0.34044655,-0.07286653,-0.17708430,-0.14433890
2026-04-06,-0.00224751,0.00493322,0.00248857,3556.72111157,6940.09233788,5248.40672472,1778.36055578,3470.04616894,0.33883817,-0.07495027,-0.17302467,-0.14220953
2026-04-07,0.02879559,0.00866806,0.01548804,3659.13898593,7000.24948703,5329.69423648,1829.56949297,3500.12474351,0.34327851,-0.04831292,-0.16585640,-0.12892404
2026-04-08,0.00000000,-0.00253054,-0.00166186,3659.13898593,6982.53507462,5320.83703028,1829.56949297,3491.26753731,0.34384994,-0.04831292,-0.16796723,-0.13037165
2026-04-09,0.00000000,0.00000000,0.00000000,3659.13898593,6982.53507462,5320.83703028,1829.56949297,3491.26753731,0.34384994,-0.04831292,-0.16796723,-0.13037165
2026-04-10,0.00000000,0.00000000,0.00000000,3659.13898593,6982.53507462,5320.83703028,1829.56949297,3491.26753731,0.34384994,-0.04831292,-0.16796723,-0.13037165
2026-04-11,0.00000000,0.00000000,0.00000000,3659.13898593,6982.53507462,5320.83703028,1829.56949297,3491.26753731,0.34384994,-0.04831292,-0.16796723,-0.13037165
2026-04-12,0.00000000,0.00000000,0.00000000,3659.13898593,6982.53507462,5320.83703028,1829.56949297,3491.26753731,0.34384994,-0.04831292,-0.16796723,-0.13037165
2026-04-13,0.00000000,0.03180553,0.02086920,3659.13898593,7204.61833787,5431.87866190,1829.56949297,3602.30916894,0.33682076,-0.04831292,-0.14150398,-0.11222320
2026-04-14,0.00285897,-0.01985284,-0.01220303,3669.60035781,7061.58621338,5365.59328559,1834.80017890,3530.79310669,0.34195663,-0.04559207,-0.15854757,-0.12305676
2026-04-15,0.00000000,0.01615830,0.01063286,3669.60035781,7175.68946709,5422.64491245,1834.80017890,3587.84473355,0.33835890,-0.04559207,-0.14495112,-0.11373234
2026-04-16,0.00000000,-0.03558526,-0.02354467,3669.60035781,6920.34065806,5294.97050793,1834.80017890,3460.17032903,0.34651754,-0.04559207,-0.17537826,-0.13459923
2026-04-17,0.00169444,0.00000000,0.00058715,3675.81829228,6920.34065806,5298.07947517,1837.90914614,3460.17032903,0.34690101,-0.04397488,-0.17537826,-0.13409110
2026-04-18,-0.01354960,0.00000000,-0.00470037,3626.01241220,6920.34065806,5273.17653513,1813.00620610,3460.17032903,0.34381671,-0.05692864,-0.17537826,-0.13816119
2026-04-19,0.00000000,0.02755539,0.01808139,3626.01241220,7111.03337204,5368.52289212,1813.00620610,3555.51668602,0.33771044,-0.05692864,-0.15265548,-0.12257795
2026-04-20,0.00000000,-0.02113981,-0.01400068,3626.01241220,6960.70748112,5293.35994666,1813.00620610,3480.35374056,0.34250575,-0.05692864,-0.17056819,-0.13486245
2026-04-21,0.00000000,-0.00567449,-0.00373094,3626.01241220,6921.20904121,5273.61072671,1813.00620610,3460.60452061,0.34378840,-0.05692864,-0.17527479,-0.13809023
2026-04-22,0.02045459,-0.01069801,0.00001189,3700.18099844,6847.16586877,5273.67343361,1850.09049922,3423.58293439,0.35081628,-0.03763851,-0.18409771,-0.13807998
2026-04-23,0.00000000,-0.00391220,-0.00253974,3700.18099844,6820.37835722,5260.27967783,1850.09049922,3410.18917861,0.35170953,-0.03763851,-0.18728968,-0.14026903
2026-04-24,0.00000000,0.00660143,0.00427964,3700.18099844,6865.40261109,5282.79180476,1850.09049922,3432.70130555,0.35021075,-0.03763851,-0.18192463,-0.13658969
2026-04-25,0.00000000,-0.00193695,-0.00125861,3700.18099844,6852.10468149,5276.14283997,1850.09049922,3426.05234075,0.35065209,-0.03763851,-0.18350920,-0.13767639
2026-04-26,0.00000000,0.00353417,0.00229491,3700.18099844,6876.32119898,5288.25109871,1850.09049922,3438.16059949,0.34984922,-0.03763851,-0.18062358,-0.13569743
2026-04-27,-0.00433929,-0.00757891,-0.00644553,3684.12485507,6824.20617725,5254.16551616,1842.06242753,3412.10308862,0.35059086,-0.04181447,-0.18683356,-0.14126832
2026-04-28,0.00000000,0.00623802,0.00405103,3684.12485507,6866.77573498,5275.45029502,1842.06242753,3433.38786749,0.34917634,-0.04181447,-0.18176101,-0.13778958
2026-04-29,0.00000000,-0.00261099,-0.00169929,3684.12485507,6848.84667308,5266.48576407,1842.06242753,3424.42333654,0.34977070,-0.04181447,-0.18389742,-0.13925472
2026-04-30,0.00000000,-0.00201007,-0.00130700,3684.12485507,6835.08003810,5259.60244658,1842.06242753,3417.54001905,0.35022845,-0.04181447,-0.18553784,-0.14037972
2026-05-01,0.00000000,-0.02830589,-0.01839236,3684.12485507,6641.60704237,5162.86594872,1842.06242753,3320.80352118,0.35679068,-0.04181447,-0.20859192,-0.15619017
2026-05-02,0.00000000,0.00000000,0.00000000,3684.12485507,6641.60704237,5162.86594872,1842.06242753,3320.80352118,0.35679068,-0.04181447,-0.20859192,-0.15619017
2026-05-03,0.00000000,-0.01438021,-0.00924949,3684.12485507,6546.09933076,5115.11209291,1842.06242753,3273.04966538,0.36012161,-0.04181447,-0.21997253,-0.16399497
2026-05-04,-0.00939939,-0.01379988,-0.01221517,3649.49634283,6455.76395035,5052.63014659,1824.74817142,3227.88197518,0.36114818,-0.05082082,-0.23073682,-0.17420691
2026-05-05,0.00000000,0.00000000,0.00000000,3649.49634283,6455.76395035,5052.63014659,1824.74817142,3227.88197518,0.36114818,-0.05082082,-0.23073682,-0.17420691
2026-05-06,0.00000000,0.00000000,0.00000000,3649.49634283,6455.76395035,5052.63014659,1824.74817142,3227.88197518,0.36114818,-0.05082082,-0.23073682,-0.17420691
2026-05-07,0.00000000,0.00000000,0.00000000,3649.49634283,6455.76395035,5052.63014659,1824.74817142,3227.88197518,0.36114818,-0.05082082,-0.23073682,-0.17420691
2026-05-08,0.00000000,0.00000000,0.00000000,3649.49634283,6455.76395035,5052.63014659,1824.74817142,3227.88197518,0.36114818,-0.05082082,-0.23073682,-0.17420691
2026-05-09,0.00000000,0.00000000,0.00000000,3649.49634283,6455.76395035,5052.63014659,1824.74817142,3227.88197518,0.36114818,-0.05082082,-0.23073682,-0.17420691
2026-05-10,-0.00744250,-0.00364033,-0.00501348,3622.33496298,6432.26284460,5027.29890379,1811.16748149,3216.13142230,0.36026652,-0.05788509,-0.23353719,-0.17834701
2026-05-11,-0.00638124,0.00000000,-0.00229895,3599.21996841,6432.26284460,5015.74140651,1799.60998420,3216.13142230,0.35879242,-0.06389695,-0.23353719,-0.18023594
2026-05-12,-0.00903151,-0.01195590,-0.01090665,3566.71356452,6355.35937619,4961.03647035,1783.35678226,3177.67968810,0.35947262,-0.07235138,-0.24270094,-0.18917682
2026-05-13,-0.00874468,-0.01258995,-0.01120768,3535.52381107,6275.34569209,4905.43475158,1767.76190553,3137.67284605,0.36036804,-0.08046337,-0.25223530,-0.19826427
2026-05-14,0.00000000,0.00000000,0.00000000,3535.52381107,6275.34569209,4905.43475158,1767.76190553,3137.67284605,0.36036804,-0.08046337,-0.25223530,-0.19826427
2026-05-15,0.00001777,0.00945249,0.00605252,3535.58663110,6334.66332387,4935.12497748,1767.79331555,3167.33166193,0.35820639,-0.08044703,-0.24516706,-0.19341175
2026-05-16,0.01193420,0.01935058,0.01669399,3577.78102645,6457.24274290,5017.51188468,1788.89051322,3228.62137145,0.35652940,-0.06947290,-0.23056060,-0.17994658
2026-05-17,0.00882010,0.02152645,0.01699627,3609.33742805,6596.24428506,5102.79085656,1804.66871403,3298.12214253,0.35366308,-0.06126555,-0.21399730,-0.16600873
2026-05-18,0.00099339,-0.00285440,-0.00149358,3612.92289456,6577.41595503,5095.16942480,1806.46144728,3288.70797752,0.35454394,-0.06033303,-0.21624087,-0.16725437
2026-05-19,0.00000000,0.00000000,0.00000000,3612.92289456,6577.41595503,5095.16942480,1806.46144728,3288.70797752,0.35454394,-0.06033303,-0.21624087,-0.16725437
2026-05-20,0.00000000,0.00000000,0.00000000,3612.92289456,6577.41595503,5095.16942480,1806.46144728,3288.70797752,0.35454394,-0.06033303,-0.21624087,-0.16725437
2026-05-21,-0.01736033,-0.00966761,-0.01239502,3550.20134465,6513.82807509,5032.01470987,1775.10067233,3256.91403755,0.35276142,-0.07664596,-0.22381795,-0.17757626
2026-05-22,0.00304347,-0.00057587,0.00070089,3561.00628074,6510.07694372,5035.54161223,1780.50314037,3255.03847186,0.35358722,-0.07383576,-0.22426493,-0.17699983
2026-05-23,-0.01227240,-0.01200297,-0.01209824,3517.30416982,6431.93665372,4974.62041177,1758.65208491,3215.96832686,0.35352488,-0.08520202,-0.23357606,-0.18695669
2026-05-24,-0.00710595,-0.01060708,-0.00936934,3492.31039564,6363.71259809,4928.01149686,1746.15519782,3181.85629904,0.35433261,-0.09170253,-0.24170557,-0.19457437
2026-05-25,0.00000000,0.00000000,0.00000000,3492.31039564,6363.71259809,4928.01149686,1746.15519782,3181.85629904,0.35433261,-0.09170253,-0.24170557,-0.19457437
2026-05-26,-0.02281318,-0.01459534,-0.01750719,3412.63967988,6270.83205980,4841.73586984,1706.31983994,3135.41602990,0.35241903,-0.11242368,-0.25277314,-0.20867511
2026-05-27,0.00000000,-0.00671115,-0.00434601,3412.63967988,6228.74755987,4820.69361988,1706.31983994,3114.37377993,0.35395733,-0.11242368,-0.25778789,-0.21211422
2026-05-28,0.00098593,0.00732322,0.00508009,3416.00429566,6274.36207106,4845.18318336,1708.00214783,3137.18103553,0.35251549,-0.11154860,-0.25235251,-0.20811168
2026-05-29,0.00197931,-0.00532303,-0.00274885,3422.76562078,6240.96342976,4831.86452527,1711.38281039,3120.48171488,0.35418684,-0.10979008,-0.25633226,-0.21028846
2026-05-30,-0.00526601,0.00000000,-0.00186515,3404.74129169,6240.96342976,4822.85236072,1702.37064585,3120.48171488,0.35298005,-0.11447794,-0.25633226,-0.21176140
2026-05-31,0.00264327,-0.00804571,-0.00427272,3413.74094127,6190.75043259,4802.24568693,1706.87047063,3095.37521630,0.35543173,-0.11213726,-0.26231559,-0.21512931
2026-06-01,0.03060654,0.00000000,0.01087854,3518.22373950,6190.75043259,4854.48708605,1759.11186975,3095.37521630,0.36236823,-0.08496286,-0.26231559,-0.20659107
2026-06-02,0.06120014,0.03927077,0.04721728,3733.53952133,6433.86598266,5083.70275200,1866.76976066,3216.93299133,0.36720671,-0.02896246,-0.23334616,-0.16912846
2026-06-03,-0.00504780,0.02324590,0.01285626,3714.69336428,6583.42695931,5149.06016179,1857.34668214,3291.71347966,0.36071567,-0.03386406,-0.21552460,-0.15844656
2026-06-04,0.00000000,0.02052807,0.01312328,3714.69336428,6718.57203502,5216.63269965,1857.34668214,3359.28601751,0.35604322,-0.03386406,-0.19942083,-0.14740262
2026-06-05,0.00000000,0.08914322,0.05740438,3714.69336428,7317.48719199,5516.09027813,1857.34668214,3658.74359599,0.33671434,-0.03386406,-0.12805463,-0.09845980
2026-06-06,0.00000000,0.00598881,0.00397229,3714.69336428,7361.31025225,5538.00180827,1857.34668214,3680.65512613,0.33538210,-0.03386406,-0.12283271,-0.09487861
2026-06-07,0.00000000,-0.05732812,-0.03810130,3714.69336428,6939.30016721,5326.99676574,1857.34668214,3469.65008361,0.34866676,-0.03386406,-0.17311906,-0.12936491
2026-06-08,0.00000000,0.00000000,0.00000000,3714.69336428,6939.30016721,5326.99676574,1857.34668214,3469.65008361,0.34866676,-0.03386406,-0.17311906,-0.12936491
2026-06-09,0.00000000,0.00000000,0.00000000,3714.69336428,6939.30016721,5326.99676574,1857.34668214,3469.65008361,0.34866676,-0.03386406,-0.17311906,-0.12936491
2026-06-10,0.00000000,-0.00977631,-0.00636763,3714.69336428,6871.45944678,5293.07640553,1857.34668214,3435.72972339,0.35090117,-0.03386406,-0.18120290,-0.13490879
2026-06-11,0.00000000,0.00000000,0.00000000,3714.69336428,6871.45944678,5293.07640553,1857.34668214,3435.72972339,0.35090117,-0.03386406,-0.18120290,-0.13490879
2026-06-12,-0.00272502,0.00000000,-0.00095621,3704.57074073,6871.45944678,5288.01509376,1852.28537037,3435.72972339,0.35027989,-0.03649680,-0.18120290,-0.13573601
2026-06-13,0.00000000,0.00000000,0.00000000,3704.57074073,6871.45944678,5288.01509376,1852.28537037,3435.72972339,0.35027989,-0.03649680,-0.18120290,-0.13573601
2026-06-14,0.00597455,0.00000000,0.00209276,3726.70387360,6871.45944678,5299.08166019,1863.35193680,3435.72972339,0.35163677,-0.03074030,-0.18120290,-0.13392731
2026-06-15,-0.00414107,0.01594380,0.00888122,3711.27132756,6981.01659206,5346.14395981,1855.63566378,3490.50829603,0.34709796,-0.03475408,-0.16814817,-0.12623553
2026-06-16,0.00000000,0.00000000,0.00000000,3711.27132756,6981.01659206,5346.14395981,1855.63566378,3490.50829603,0.34709796,-0.03475408,-0.16814817,-0.12623553
2026-06-17,0.00000000,0.00000000,0.00000000,3711.27132756,6981.01659206,5346.14395981,1855.63566378,3490.50829603,0.34709796,-0.03475408,-0.16814817,-0.12623553
2026-06-18,0.00000000,0.00000000,0.00000000,3711.27132756,6981.01659206,5346.14395981,1855.63566378,3490.50829603,0.34709796,-0.03475408,-0.16814817,-0.12623553
2026-06-19,0.00000000,0.00000000,0.00000000,3711.27132756,6981.01659206,5346.14395981,1855.63566378,3490.50829603,0.34709796,-0.03475408,-0.16814817,-0.12623553
2026-06-20,0.00000000,0.00000000,0.00000000,3711.27132756,6981.01659206,5346.14395981,1855.63566378,3490.50829603,0.34709796,-0.03475408,-0.16814817,-0.12623553
2026-06-21,0.00000000,0.00000000,0.00000000,3711.27132756,6981.01659206,5346.14395981,1855.63566378,3490.50829603,0.34709796,-0.03475408,-0.16814817,-0.12623553
2026-06-22,-0.00781747,-0.00911405,-0.00866401,3682.25855785,6917.39124606,5299.82490195,1841.12927892,3458.69562303,0.34739436,-0.04229986,-0.17572971,-0.13380583
2026-06-23,0.00000000,0.00000000,0.00000000,3682.25855785,6917.39124606,5299.82490195,1841.12927892,3458.69562303,0.34739436,-0.04229986,-0.17572971,-0.13380583
2026-06-24,0.00000000,0.00000000,0.00000000,3682.25855785,6917.39124606,5299.82490195,1841.12927892,3458.69562303,0.34739436,-0.04229986,-0.17572971,-0.13380583
2026-06-25,0.00000000,0.00000000,0.00000000,3682.25855785,6917.39124606,5299.82490195,1841.12927892,3458.69562303,0.34739436,-0.04229986,-0.17572971,-0.13380583
2026-06-26,0.00000000,0.00000000,0.00000000,3682.25855785,6917.39124606,5299.82490195,1841.12927892,3458.69562303,0.34739436,-0.04229986,-0.17572971,-0.13380583
2026-06-27,0.00000000,0.00000000,0.00000000,3682.25855785,6917.39124606,5299.82490195,1841.12927892,3458.69562303,0.34739436,-0.04229986,-0.17572971,-0.13380583
2026-06-28,0.00000000,0.00000000,0.00000000,3682.25855785,6917.39124606,5299.82490195,1841.12927892,3458.69562303,0.34739436,-0.04229986,-0.17572971,-0.13380583
2026-06-29,-0.03027278,-0.01869930,-0.02271986,3570.78636952,6788.04083941,5179.41360446,1785.39318476,3394.02041971,0.34470952,-0.07129211,-0.19114299,-0.15348565
2026-06-30,0.00000000,-0.01863313,-0.01221012,3570.78636952,6661.55835824,5116.17236388,1785.39318476,3330.77917912,0.34897049,-0.07129211,-0.20621453,-0.16382168
2026-07-01,0.00000000,0.00000000,0.00000000,3570.78636952,6661.55835824,5116.17236388,1785.39318476,3330.77917912,0.34897049,-0.07129211,-0.20621453,-0.16382168
2026-07-02,0.00000000,-0.00624951,-0.00406861,3570.78636952,6619.92689769,5095.35663361,1785.39318476,3309.96344885,0.35039612,-0.07129211,-0.21117530,-0.16722377
2026-07-03,0.00000000,0.03390987,0.02202798,3570.78636952,6844.40773287,5207.59705120,1785.39318476,3422.20386644,0.34284396,-0.07129211,-0.18442636,-0.14887939
2026-07-04,0.00000000,0.01276288,0.00838720,3570.78636952,6931.76208980,5251.27422966,1785.39318476,3465.88104490,0.33999237,-0.07129211,-0.17401729,-0.14174087
2026-07-05,-0.00139678,0.00281481,0.00138290,3565.79876707,6951.27369605,5258.53623156,1782.89938354,3475.63684802,0.33904861,-0.07258931,-0.17169231,-0.14055398
2026-07-06,-0.00785750,0.00779324,0.00248688,3537.78050147,7005.44663875,5271.61357011,1768.89025073,3502.72331938,0.33555006,-0.07987644,-0.16523711,-0.13841664
2026-07-07,-0.02158536,-0.01562717,-0.01762644,3461.41623605,6895.97133901,5178.69378753,1730.70811802,3447.98566951,0.33419781,-0.09973763,-0.17828209,-0.15360329
2026-07-08,-0.00391145,-0.03063018,-0.02170084,3447.87708133,6684.74650371,5066.31179252,1723.93854066,3342.37325185,0.34027486,-0.10325896,-0.20345146,-0.17197081
2026-07-09,-0.00781245,-0.00705855,-0.00731508,3420.94070882,6637.56189759,5029.25130321,1710.47035441,3318.78094880,0.34010437,-0.11026471,-0.20907393,-0.17802791
2026-07-10,0.00000000,0.00000000,0.00000000,3420.94070882,6637.56189759,5029.25130321,1710.47035441,3318.78094880,0.34010437,-0.11026471,-0.20907393,-0.17802791
2026-07-11,0.00000000,0.00000000,0.00000000,3420.94070882,6637.56189759,5029.25130321,1710.47035441,3318.78094880,0.34010437,-0.11026471,-0.20907393,-0.17802791
2026-07-12,0.00000000,0.00000000,0.00000000,3420.94070882,6637.56189759,5029.25130321,1710.47035441,3318.78094880,0.34010437,-0.11026471,-0.20907393,-0.17802791
2026-07-13,0.00410705,-0.00468087,-0.00169206,3434.99069311,6606.49234331,5020.74151821,1717.49534655,3303.24617166,0.34208002,-0.10661052,-0.21277615,-0.17941874
2026-07-14,-0.02051480,-0.00666739,-0.01140431,3364.52256030,6562.44426394,4963.48341212,1682.26128015,3281.22213197,0.33892755,-0.12493822,-0.21802488,-0.18877690
2026-07-15,0.00000000,0.01374381,0.00908566,3364.52256030,6652.63727941,5008.57991986,1682.26128015,3326.31863970,0.33587590,-0.12493822,-0.20727756,-0.18140641
2026-07-16,0.00000000,-0.01717695,-0.01140763,3364.52256030,6538.36525865,4951.44390948,1682.26128015,3269.18262933,0.33975166,-0.12493822,-0.22089412,-0.19074462
2026-07-17,0.00000000,0.00000000,0.00000000,3364.52256030,6538.36525865,4951.44390948,1682.26128015,3269.18262933,0.33975166,-0.12493822,-0.22089412,-0.19074462
2026-07-18,0.00000000,0.00000000,0.00000000,3364.52256030,6538.36525865,4951.44390948,1682.26128015,3269.18262933,0.33975166,-0.12493822,-0.22089412,-0.19074462
2026-07-19,0.00063479,0.00000000,0.00021567,3366.65833088,6538.36525865,4952.51179476,1683.32916544,3269.18262933,0.33989402,-0.12438274,-0.22089412,-0.19057008
2026-07-20,-0.02585769,-0.01089156,-0.01597846,3279.60432647,6467.15226914,4873.37829780,1639.80216323,3233.57613457,0.33648161,-0.14702418,-0.22937979,-0.20350352
2026-07-21,-0.00841684,0.00000000,-0.00283211,3252.00041248,6467.15226914,4859.57634081,1626.00020624,3233.57613457,0.33459711,-0.15420354,-0.22937979,-0.20575929
2026-07-22,0.00000000,-0.00194704,-0.00129557,3252.00041248,6454.56043506,4853.28042377,1626.00020624,3227.28021753,0.33503117,-0.15420354,-0.23088023,-0.20678829
2026-07-23,0.00525147,0.00481341,0.00496017,3269.07819183,6485.62888487,4877.35353835,1634.53909592,3242.81444244,0.33512828,-0.14976187,-0.22717814,-0.20285382
2026-07-24,-0.00760374,-0.01617024,-0.01329936,3244.22098304,6380.75472695,4812.48785499,1622.11049152,3190.37736347,0.33706277,-0.15622686,-0.23967485,-0.21345535
2026-07-25,-0.00343028,0.00000000,-0.00115622,3233.09241196,6380.75472695,4806.92356945,1616.54620598,3190.37736347,0.33629538,-0.15912123,-0.23967485,-0.21436477
2026-07-26,-0.00581681,0.01769697,0.00978939,3214.28613956,6493.67473610,4853.98043783,1607.14306978,3246.83736805,0.33109797,-0.16401246,-0.22621940,-0.20667388
2026-07-27,-0.01124189,-0.00896651,-0.00971988,3178.15148459,6435.44916676,4806.80032568,1589.07574230,3217.72458338,0.33058909,-0.17341054,-0.23315751,-0.21438491
2026-07-28,-0.00236642,-0.01503915,-0.01084968,3170.63063362,6338.66548851,4754.64806106,1585.31531681,3169.33274425,0.33342432,-0.17536660,-0.24469017,-0.22290859
2026-07-29,-0.01295482,0.00000000,-0.00431945,3129.55569241,6338.66548851,4734.11059046,1564.77784621,3169.33274425,0.33053259,-0.18604958,-0.24469017,-0.22626520
2026-07-30,0.00000000,0.00000000,0.00000000,3129.55569241,6338.66548851,4734.11059046,1564.77784621,3169.33274425,0.33053259,-0.18604958,-0.24469017,-0.22626520
2026-07-31,0.00867683,0.00000000,0.00286798,3156.71032910,6338.66548851,4747.68790881,1578.35516455,3169.33274425,0.33244712,-0.17898706,-0.24469017,-0.22404614
2026-08-01,0.00090920,0.00427031,0.00315292,3159.58039554,6365.73358439,4762.65698997,1579.79019777,3182.86679219,0.33170354,-0.17824060,-0.24146476,-0.22159962
2026-08-02,-0.00345957,-0.00640587,-0.00542857,3148.64961798,6324.95549352,4736.80255575,1574.32480899,3162.47774676,0.33236023,-0.18108353,-0.24632384,-0.22582523
2026-08-03,0.00000000,-0.01022024,-0.00682344,3148.64961798,6260.31293321,4704.48127559,1574.32480899,3130.15646660,0.33464366,-0.18108353,-0.25402659,-0.23110776
2026-08-04,0.00000000,0.00000000,0.00000000,3148.64961798,6260.31293321,4704.48127559,1574.32480899,3130.15646660,0.33464366,-0.18108353,-0.25402659,-0.23110776
2026-08-05,-0.00706039,0.00627946,0.00181537,3126.41893335,6299.62432353,4713.02162844,1563.20946667,3149.81216176,0.33167882,-0.18686540,-0.24934228,-0.22971194
2026-08-06,-0.00729604,-0.00251566,-0.00410121,3103.60844991,6283.77660021,4693.69252506,1551.80422495,3141.88830011,0.33061480,-0.19279806,-0.25123068,-0.23287105
2026-08-07,0.00000000,0.00529621,0.00354521,3103.60844991,6317.05681917,4710.33263454,1551.80422495,3158.52840958,0.32944684,-0.19279806,-0.24726504,-0.23015142
2026-08-08,0.00000000,0.00133798,0.00089719,3103.60844991,6325.50893827,4714.55869409,1551.80422495,3162.75446913,0.32915153,-0.19279806,-0.24625789,-0.22946072
2026-08-09,-0.00837835,-0.00589918,-0.00671520,3077.60532570,6288.19364453,4682.89948511,1538.80266285,3144.09682226,0.32860040,-0.19956109,-0.25070435,-0.23463505
2026-08-10,0.01005677,0.00869113,0.00913988,3108.55609137,6342.84513788,4725.70061463,1554.27804569,3171.42256894,0.32889897,-0.19151126,-0.24419212,-0.22763971
2026-08-11,0.00564598,-0.00494682,-0.00146286,3126.10693255,6311.46820702,4718.78756978,1563.05346627,3155.73410351,0.33124048,-0.18694655,-0.24793097,-0.22876956
2026-08-12,0.00208040,0.00000000,0.00068911,3132.61047360,6311.46820702,4722.03934031,1566.30523680,3155.73410351,0.33170101,-0.18525507,-0.24793097,-0.22823810
2026-08-13,-0.00017811,0.00000000,-0.00005908,3132.05250990,6311.46820702,4721.76035846,1566.02625495,3155.73410351,0.33166153,-0.18540019,-0.24793097,-0.22828370
2026-08-14,0.00672529,0.00000000,0.00223052,3153.11647351,6311.46820702,4732.29234027,1576.55823676,3155.73410351,0.33314895,-0.17992177,-0.24793097,-0.22656237
2026-08-15,-0.00075512,0.00000000,-0.00025157,3150.73547896,6311.46820702,4731.10184299,1575.36773948,3155.73410351,0.33298115,-0.18054103,-0.24793097,-0.22675694
2026-08-16,-0.00388592,0.00000000,-0.00129394,3138.49198788,6311.46820702,4724.98009745,1569.24599394,3155.73410351,0.33211695,-0.18372538,-0.24793097,-0.22775747
2026-08-17,0.00994021,0.00000000,0.00330131,3169.68924541,6311.46820702,4740.57872622,1584.84462271,3155.73410351,0.33431459,-0.17561144,-0.24793097,-0.22520805
2026-08-18,0.00312352,-0.00064810,0.00061281,3179.58984640,6307.37774896,4743.48379768,1589.79492320,3153.68887448,0.33515344,-0.17303644,-0.24841839,-0.22473326
2026-08-19,0.07132505,0.17472734,0.14007170,3406.37424297,7409.44907302,5407.91165799,1703.18712149,3704.72453651,0.31494359,-0.11405323,-0.11709653,-0.11614032
2026-08-20,0.05355811,0.03286948,0.03938523,3588.81321188,7652.99383912,5620.90352550,1794.40660594,3826.49691956,0.31923811,-0.06660359,-0.08807595,-0.08132930
2026-08-21,0.07286221,0.08146325,0.07871747,3850.30208433,8276.43158948,6063.36683690,1925.15104216,4138.21579474,0.31750529,0.00000000,-0.01378765,-0.00901387
2026-08-22,-0.01608593,-0.03724999,-0.03053029,3788.36640696,7968.13458078,5878.25049387,1894.18320348,3984.06729039,0.32223588,-0.01608593,-0.05052405,-0.03926896
2026-08-23,-0.02185550,0.01685154,0.00437875,3705.56977716,8102.40993750,5903.98985733,1852.78488858,4051.20496875,0.31381912,-0.03758986,-0.03452392,-0.03506216
2026-08-24,-0.00459481,0.00767498,0.00382449,3688.54340638,8164.59578024,5926.56959331,1844.27170319,4082.29789012,0.31118705,-0.04201194,-0.02711391,-0.03137177
2026-08-25,-0.00557498,-0.01598664,-0.01274667,3667.97983458,8034.07131562,5851.02557510,1833.98991729,4017.03565781,0.31344760,-0.04735271,-0.04266709,-0.04371855
2026-08-26,0.00000000,0.02626776,0.01803419,3667.97983458,8245.10835017,5956.54409238,1833.98991729,4122.55417509,0.30789496,-0.04735271,-0.01752010,-0.02647279
2026-08-27,-0.00510357,0.00166007,-0.00042242,3649.26004828,8258.79581609,5954.02793218,1824.63002414,4129.39790804,0.30645305,-0.05221461,-0.01588912,-0.02688403
2026-08-28,-0.00437591,-0.01360319,-0.01077546,3633.29121591,8146.44982136,5889.87051863,1816.64560795,4073.22491068,0.30843558,-0.05636204,-0.02927617,-0.03736980
2026-08-29,0.00000000,0.00000000,0.00000000,3633.29121591,8146.44982136,5889.87051863,1816.64560795,4073.22491068,0.30843558,-0.05636204,-0.02927617,-0.03736980
2026-08-30,0.00000000,0.00000000,0.00000000,3633.29121591,8146.44982136,5889.87051863,1816.64560795,4073.22491068,0.30843558,-0.05636204,-0.02927617,-0.03736980
2026-08-31,0.00000000,-0.00545386,-0.00377170,3633.29121591,8102.02022930,5867.65572260,1816.64560795,4051.01011465,0.30960331,-0.05636204,-0.03457036,-0.04100055
2026-09-01,0.00000000,0.00000000,0.00000000,3633.29121591,8102.02022930,5867.65572260,1816.64560795,4051.01011465,0.30960331,-0.05636204,-0.03457036,-0.04100055
2026-09-02,0.00000000,0.00000000,0.00000000,3633.29121591,8102.02022930,5867.65572260,1816.64560795,4051.01011465,0.30960331,-0.05636204,-0.03457036,-0.04100055
2026-09-03,0.00837856,-0.00708021,-0.00229413,3663.73296232,8044.65620818,5854.19458525,1831.86648116,4022.32810409,0.31291520,-0.04845571,-0.04140580,-0.04320061
2026-09-04,0.00000000,0.00000000,0.00000000,3663.73296232,8044.65620818,5854.19458525,1831.86648116,4022.32810409,0.31291520,-0.04845571,-0.04140580,-0.04320061
2026-09-05,0.00000000,0.00000000,0.00000000,3663.73296232,8044.65620818,5854.19458525,1831.86648116,4022.32810409,0.31291520,-0.04845571,-0.04140580,-0.04320061
2026-09-06,0.00000000,0.00000000,0.00000000,3663.73296232,8044.65620818,5854.19458525,1831.86648116,4022.32810409,0.31291520,-0.04845571,-0.04140580,-0.04320061
2026-09-07,0.00000000,0.00000000,0.00000000,3663.73296232,8044.65620818,5854.19458525,1831.86648116,4022.32810409,0.31291520,-0.04845571,-0.04140580,-0.04320061
2026-09-08,0.00000000,0.00000000,0.00000000,3663.73296232,8044.65620818,5854.19458525,1831.86648116,4022.32810409,0.31291520,-0.04845571,-0.04140580,-0.04320061
2026-09-09,0.00000000,0.00000000,0.00000000,3663.73296232,8044.65620818,5854.19458525,1831.86648116,4022.32810409,0.31291520,-0.04845571,-0.04140580,-0.04320061
2026-09-10,0.00000000,-0.01083244,-0.00744280,3663.73296232,7957.51298848,5810.62297540,1831.86648116,3978.75649424,0.31526163,-0.04845571,-0.05178971,-0.05032188
2026-09-11,0.00000000,-0.00354005,-0.00242401,3663.73296232,7929.34298489,5796.53797360,1831.86648116,3964.67149244,0.31602769,-0.04845571,-0.05514643,-0.05262391
2026-09-12,0.00000000,0.00377689,0.00258329,3663.73296232,7959.29127541,5811.51211886,1831.86648116,3979.64563771,0.31521340,-0.04845571,-0.05157782,-0.05017656
2026-09-13,0.00146212,-0.00775619,-0.00485046,3669.08977460,7897.55749511,5783.32363485,1834.54488730,3948.77874755,0.31721290,-0.04706444,-0.05893396,-0.05478364
2026-09-14,-0.00567929,-0.02600290,-0.01955599,3648.25196711,7692.19807570,5670.22502140,1824.12598356,3846.09903785,0.32170257,-0.05247643,-0.08340441,-0.07326828
2026-09-15,-0.00859050,0.02074827,0.01130991,3616.91164807,7851.79787464,5734.35476136,1808.45582404,3925.89893732,0.31537216,-0.06061614,-0.06438663,-0.06278703
2026-09-16,0.00000000,-0.00799668,-0.00547475,3616.91164807,7789.00954654,5702.96059731,1808.45582404,3894.50477327,0.31710824,-0.06061614,-0.07186844,-0.06791804
2026-09-17,0.00000000,-0.02470758,-0.01687261,3616.91164807,7596.56193751,5606.73679279,1808.45582404,3798.28096876,0.32255051,-0.06061614,-0.09480033,-0.08364469
2026-09-18,0.02029757,0.02889176,0.02611970,3690.32614766,7816.03998927,5753.18306847,1845.16307383,3908.01999463,0.32072038,-0.04154893,-0.06864751,-0.05970976
2026-09-19,0.00440817,0.00787055,0.00676010,3706.59372394,7877.55655078,5792.07513736,1853.29686197,3938.77827539,0.31997114,-0.03732392,-0.06131725,-0.05335331
2026-09-20,-0.00888402,-0.02910617,-0.02263566,3673.66428661,7648.27104537,5660.96766599,1836.83214330,3824.13552268,0.32447317,-0.04587635,-0.08863871,-0.07478129
2026-09-21,0.01040501,0.03589809,0.02762627,3711.88880820,7922.82939495,5817.35910158,1855.94440410,3961.41469748,0.31903556,-0.03594868,-0.05592258,-0.04922094
2026-09-22,0.00000000,-0.00812978,-0.00553609,3711.88880820,7858.41857423,5785.15369121,1855.94440410,3929.20928711,0.32081160,-0.03594868,-0.06359772,-0.05448454
2026-09-23,0.00000000,-0.03222595,-0.02188749,3711.88880820,7605.17353238,5658.53117029,1855.94440410,3802.58676619,0.32799049,-0.03594868,-0.09377418,-0.07517950
2026-09-24,0.00000000,-0.00395042,-0.00265472,3711.88880820,7575.12991173,5643.50935996,1855.94440410,3787.56495586,0.32886353,-0.03594868,-0.09735415,-0.07763464
2026-09-25,0.00000000,0.00000000,0.00000000,3711.88880820,7575.12991173,5643.50935996,1855.94440410,3787.56495586,0.32886353,-0.03594868,-0.09735415,-0.07763464
2026-09-26,0.00000000,-0.00550470,-0.00369440,3711.88880820,7533.43113075,5622.65996947,1855.94440410,3766.71556537,0.33008299,-0.03594868,-0.10232294,-0.08104223
2026-09-27,0.00000000,0.00021160,0.00014176,3711.88880820,7535.02523701,5623.45702260,1855.94440410,3767.51261850,0.33003620,-0.03594868,-0.10213299,-0.08091196
2026-09-28,0.00000000,-0.00812210,-0.00544151,3711.88880820,7473.82503145,5592.85691983,1855.94440410,3736.91251573,0.33184192,-0.03594868,-0.10942555,-0.08591319
2026-09-29,0.00000000,0.00000000,0.00000000,3711.88880820,7473.82503145,5592.85691983,1855.94440410,3736.91251573,0.33184192,-0.03594868,-0.10942555,-0.08591319
2026-09-30,0.00000000,-0.00287424,-0.00192045,3711.88880820,7452.34347617,5582.11614219,1855.94440410,3726.17173809,0.33248044,-0.03594868,-0.11198527,-0.08766864
